date,horizon,fold_id,fold_number,split,split_priority,number_of_eligible_predictions,has_multiple_eligible_predictions,deduplication_rule,model_name,model_family,target_col,run_id,proba_class_0,proba_class_1,proba_class_2,proba_class_3,proba_class_4,in_aligned_evaluation_window,source_probability_file,target_col_from_input_index
2023-12-14,20-day,WF1,1,validation,1,1,False,"latest eligible fold after sorting by date, split priority, and fold number",E1_validation_weighted_probability_ensemble,probability_ensemble,TAIEX_regime_fixed_20d,20260624_031817,0.03749509046619696,0.21171295184263722,0.4789084024976334,0.264303453918962,0.007580101274570343,False,/content/drive/MyDrive/AURORA_TWETF/outputs/AURORA_TWETF/purged_walk_forward_models/run_20260624_031817/probabilities/selected_probabilities_TAIEX_regime_fixed_20d_E1_validation_weighted_probability_ensemble.parquet,TAIEX_regime_fixed_20d
2023-12-15,20-day,WF1,1,validation,1,1,False,"latest eligible fold after sorting by date, split priority, and fold number",E1_validation_weighted_probability_ensemble,probability_ensemble,TAIEX_regime_fixed_20d,20260624_031817,0.04615226192671379,0.23046222876989642,0.45793503877359887,0.2607632038596572,0.004687266670133793,False,/content/drive/MyDrive/AURORA_TWETF/outputs/AURORA_TWETF/purged_walk_forward_models/run_20260624_031817/probabilities/selected_probabilities_TAIEX_regime_fixed_20d_E1_validation_weighted_probability_ensemble.parquet,TAIEX_regime_fixed_20d
2023-12-18,20-day,WF1,1,validation,1,1,False,"latest eligible fold after sorting by date, split priority, and fold number",E1_validation_weighted_probability_ensemble,probability_ensemble,TAIEX_regime_fixed_20d,20260624_031817,0.029283397061956196,0.2555761054610926,0.4748900187036993,0.2349687716452848,0.005281707127967161,False,/content/drive/MyDrive/AURORA_TWETF/outputs/AURORA_TWETF/purged_walk_forward_models/run_20260624_031817/probabilities/selected_probabilities_TAIEX_regime_fixed_20d_E1_validation_weighted_probability_ensemble.parquet,TAIEX_regime_fixed_20d
2023-12-19,20-day,WF1,1,validation,1,1,False,"latest eligible fold after sorting by date, split priority, and fold number",E1_validation_weighted_probability_ensemble,probability_ensemble,TAIEX_regime_fixed_20d,20260624_031817,0.017046518252428047,0.25644523557176746,0.506754937307892,0.21620111207119008,0.0035521967967224385,False,/content/drive/MyDrive/AURORA_TWETF/outputs/AURORA_TWETF/purged_walk_forward_models/run_20260624_031817/probabilities/selected_probabilities_TAIEX_regime_fixed_20d_E1_validation_weighted_probability_ensemble.parquet,TAIEX_regime_fixed_20d
2023-12-20,20-day,WF1,1,validation,1,1,False,"latest eligible fold after sorting by date, split priority, and fold number",E1_validation_weighted_probability_ensemble,probability_ensemble,TAIEX_regime_fixed_20d,20260624_031817,0.025995053913330728,0.23107211261169483,0.5101317491978105,0.22694253221877617,0.00585855205838786,False,/content/drive/MyDrive/AURORA_TWETF/outputs/AURORA_TWETF/purged_walk_forward_models/run_20260624_031817/probabilities/selected_probabilities_TAIEX_regime_fixed_20d_E1_validation_weighted_probability_ensemble.parquet,TAIEX_regime_fixed_20d
2023-12-21,20-day,WF1,1,validation,1,1,False,"latest eligible fold after sorting by date, split priority, and fold number",E1_validation_weighted_probability_ensemble,probability_ensemble,TAIEX_regime_fixed_20d,20260624_031817,0.02141745897368571,0.2665010923235787,0.46837582511005726,0.23688557758867101,0.006820046004007383,False,/content/drive/MyDrive/AURORA_TWETF/outputs/AURORA_TWETF/purged_walk_forward_models/run_20260624_031817/probabilities/selected_probabilities_TAIEX_regime_fixed_20d_E1_validation_weighted_probability_ensemble.parquet,TAIEX_regime_fixed_20d
2023-12-22,20-day,WF1,1,validation,1,1,False,"latest eligible fold after sorting by date, split priority, and fold number",E1_validation_weighted_probability_ensemble,probability_ensemble,TAIEX_regime_fixed_20d,20260624_031817,0.026988980064897743,0.24821994220717294,0.4846463623964598,0.2326563403909741,0.00748837494049547,False,/content/drive/MyDrive/AURORA_TWETF/outputs/AURORA_TWETF/purged_walk_forward_models/run_20260624_031817/probabilities/selected_probabilities_TAIEX_regime_fixed_20d_E1_validation_weighted_probability_ensemble.parquet,TAIEX_regime_fixed_20d
2023-12-25,20-day,WF1,1,validation,1,1,False,"latest eligible fold after sorting by date, split priority, and fold number",E1_validation_weighted_probability_ensemble,probability_ensemble,TAIEX_regime_fixed_20d,20260624_031817,0.02722592152182771,0.23990367281432745,0.49590795243598706,0.23345373995405014,0.0035087132738077236,False,/content/drive/MyDrive/AURORA_TWETF/outputs/AURORA_TWETF/purged_walk_forward_models/run_20260624_031817/probabilities/selected_probabilities_TAIEX_regime_fixed_20d_E1_validation_weighted_probability_ensemble.parquet,TAIEX_regime_fixed_20d
2023-12-26,20-day,WF1,1,validation,1,1,False,"latest eligible fold after sorting by date, split priority, and fold number",E1_validation_weighted_probability_ensemble,probability_ensemble,TAIEX_regime_fixed_20d,20260624_031817,0.0319988839778799,0.2480947183181258,0.4962057898156262,0.2198256661867978,0.0038749417015703823,False,/content/drive/MyDrive/AURORA_TWETF/outputs/AURORA_TWETF/purged_walk_forward_models/run_20260624_031817/probabilities/selected_probabilities_TAIEX_regime_fixed_20d_E1_validation_weighted_probability_ensemble.parquet,TAIEX_regime_fixed_20d
2023-12-27,20-day,WF1,1,validation,1,1,False,"latest eligible fold after sorting by date, split priority, and fold number",E1_validation_weighted_probability_ensemble,probability_ensemble,TAIEX_regime_fixed_20d,20260624_031817,0.03380783788551308,0.24249782440142642,0.49434416472225307,0.22306178702563367,0.006288385965173717,False,/content/drive/MyDrive/AURORA_TWETF/outputs/AURORA_TWETF/purged_walk_forward_models/run_20260624_031817/probabilities/selected_probabilities_TAIEX_regime_fixed_20d_E1_validation_weighted_probability_ensemble.parquet,TAIEX_regime_fixed_20d
2023-12-28,20-day,WF1,1,validation,1,1,False,"latest eligible fold after sorting by date, split priority, and fold number",E1_validation_weighted_probability_ensemble,probability_ensemble,TAIEX_regime_fixed_20d,20260624_031817,0.03925496637619388,0.24466380785984146,0.4942052766683901,0.21596752956667245,0.005908419528902193,False,/content/drive/MyDrive/AURORA_TWETF/outputs/AURORA_TWETF/purged_walk_forward_models/run_20260624_031817/probabilities/selected_probabilities_TAIEX_regime_fixed_20d_E1_validation_weighted_probability_ensemble.parquet,TAIEX_regime_fixed_20d
2023-12-29,20-day,WF1,1,validation,1,1,False,"latest eligible fold after sorting by date, split priority, and fold number",E1_validation_weighted_probability_ensemble,probability_ensemble,TAIEX_regime_fixed_20d,20260624_031817,0.021768296368812834,0.2682540404468394,0.4885156598194259,0.21578414494300455,0.005677858421917349,False,/content/drive/MyDrive/AURORA_TWETF/outputs/AURORA_TWETF/purged_walk_forward_models/run_20260624_031817/probabilities/selected_probabilities_TAIEX_regime_fixed_20d_E1_validation_weighted_probability_ensemble.parquet,TAIEX_regime_fixed_20d
2024-01-02,20-day,WF1,1,validation,1,1,False,"latest eligible fold after sorting by date, split priority, and fold number",E1_validation_weighted_probability_ensemble,probability_ensemble,TAIEX_regime_fixed_20d,20260624_031817,0.021304370598832396,0.2547277637742556,0.5023411524092716,0.21667141956706246,0.004955293650577997,False,/content/drive/MyDrive/AURORA_TWETF/outputs/AURORA_TWETF/purged_walk_forward_models/run_20260624_031817/probabilities/selected_probabilities_TAIEX_regime_fixed_20d_E1_validation_weighted_probability_ensemble.parquet,TAIEX_regime_fixed_20d
2024-01-03,20-day,WF1,1,validation,1,1,False,"latest eligible fold after sorting by date, split priority, and fold number",E1_validation_weighted_probability_ensemble,probability_ensemble,TAIEX_regime_fixed_20d,20260624_031817,0.015567323166476282,0.25497872093465007,0.47723385161432674,0.24800175495909163,0.004218349325455325,False,/content/drive/MyDrive/AURORA_TWETF/outputs/AURORA_TWETF/purged_walk_forward_models/run_20260624_031817/probabilities/selected_probabilities_TAIEX_regime_fixed_20d_E1_validation_weighted_probability_ensemble.parquet,TAIEX_regime_fixed_20d
2024-01-04,20-day,WF1,1,validation,1,1,False,"latest eligible fold after sorting by date, split priority, and fold number",E1_validation_weighted_probability_ensemble,probability_ensemble,TAIEX_regime_fixed_20d,20260624_031817,0.017169985116444797,0.21736792426444787,0.4518176957769896,0.30232244916575435,0.011321945676363373,False,/content/drive/MyDrive/AURORA_TWETF/outputs/AURORA_TWETF/purged_walk_forward_models/run_20260624_031817/probabilities/selected_probabilities_TAIEX_regime_fixed_20d_E1_validation_weighted_probability_ensemble.parquet,TAIEX_regime_fixed_20d
2024-01-05,20-day,WF1,1,validation,1,1,False,"latest eligible fold after sorting by date, split priority, and fold number",E1_validation_weighted_probability_ensemble,probability_ensemble,TAIEX_regime_fixed_20d,20260624_031817,0.020009553721851515,0.19954193774966078,0.3799324671193553,0.3890196082394449,0.011496433169687336,False,/content/drive/MyDrive/AURORA_TWETF/outputs/AURORA_TWETF/purged_walk_forward_models/run_20260624_031817/probabilities/selected_probabilities_TAIEX_regime_fixed_20d_E1_validation_weighted_probability_ensemble.parquet,TAIEX_regime_fixed_20d
2024-01-08,20-day,WF1,1,validation,1,1,False,"latest eligible fold after sorting by date, split priority, and fold number",E1_validation_weighted_probability_ensemble,probability_ensemble,TAIEX_regime_fixed_20d,20260624_031817,0.015889769071068545,0.20057366491513667,0.3971089104896313,0.3757341459496271,0.010693509574536367,False,/content/drive/MyDrive/AURORA_TWETF/outputs/AURORA_TWETF/purged_walk_forward_models/run_20260624_031817/probabilities/selected_probabilities_TAIEX_regime_fixed_20d_E1_validation_weighted_probability_ensemble.parquet,TAIEX_regime_fixed_20d
2024-01-09,20-day,WF1,1,validation,1,1,False,"latest eligible fold after sorting by date, split priority, and fold number",E1_validation_weighted_probability_ensemble,probability_ensemble,TAIEX_regime_fixed_20d,20260624_031817,0.029673438939348117,0.1922856074555469,0.43955048552782305,0.32169670352216795,0.016793764555113905,False,/content/drive/MyDrive/AURORA_TWETF/outputs/AURORA_TWETF/purged_walk_forward_models/run_20260624_031817/probabilities/selected_probabilities_TAIEX_regime_fixed_20d_E1_validation_weighted_probability_ensemble.parquet,TAIEX_regime_fixed_20d
2024-01-10,20-day,WF1,1,validation,1,1,False,"latest eligible fold after sorting by date, split priority, and fold number",E1_validation_weighted_probability_ensemble,probability_ensemble,TAIEX_regime_fixed_20d,20260624_031817,0.015148761280844952,0.19838342849102575,0.43807927810676084,0.34035366333574585,0.008034868785622602,False,/content/drive/MyDrive/AURORA_TWETF/outputs/AURORA_TWETF/purged_walk_forward_models/run_20260624_031817/probabilities/selected_probabilities_TAIEX_regime_fixed_20d_E1_validation_weighted_probability_ensemble.parquet,TAIEX_regime_fixed_20d
2024-01-11,20-day,WF1,1,validation,1,1,False,"latest eligible fold after sorting by date, split priority, and fold number",E1_validation_weighted_probability_ensemble,probability_ensemble,TAIEX_regime_fixed_20d,20260624_031817,0.021724207871383842,0.18821298890315377,0.4429669296912544,0.33927820661075503,0.007817666923452954,False,/content/drive/MyDrive/AURORA_TWETF/outputs/AURORA_TWETF/purged_walk_forward_models/run_20260624_031817/probabilities/selected_probabilities_TAIEX_regime_fixed_20d_E1_validation_weighted_probability_ensemble.parquet,TAIEX_regime_fixed_20d
2024-01-12,20-day,WF1,1,validation,1,1,False,"latest eligible fold after sorting by date, split priority, and fold number",E1_validation_weighted_probability_ensemble,probability_ensemble,TAIEX_regime_fixed_20d,20260624_031817,0.02629564354633907,0.19745566398489892,0.45814891537445324,0.3117711973847542,0.006328579709554716,False,/content/drive/MyDrive/AURORA_TWETF/outputs/AURORA_TWETF/purged_walk_forward_models/run_20260624_031817/probabilities/selected_probabilities_TAIEX_regime_fixed_20d_E1_validation_weighted_probability_ensemble.parquet,TAIEX_regime_fixed_20d
2024-01-15,20-day,WF1,1,validation,1,1,False,"latest eligible fold after sorting by date, split priority, and fold number",E1_validation_weighted_probability_ensemble,probability_ensemble,TAIEX_regime_fixed_20d,20260624_031817,0.02192724038508642,0.18757975321603942,0.4520336125483306,0.3318288561138705,0.00663053773667312,False,/content/drive/MyDrive/AURORA_TWETF/outputs/AURORA_TWETF/purged_walk_forward_models/run_20260624_031817/probabilities/selected_probabilities_TAIEX_regime_fixed_20d_E1_validation_weighted_probability_ensemble.parquet,TAIEX_regime_fixed_20d
2024-01-16,20-day,WF1,1,validation,1,1,False,"latest eligible fold after sorting by date, split priority, and fold number",E1_validation_weighted_probability_ensemble,probability_ensemble,TAIEX_regime_fixed_20d,20260624_031817,0.02250560537158041,0.18876229034283862,0.44802892843294617,0.3338603698824238,0.006842805970210997,False,/content/drive/MyDrive/AURORA_TWETF/outputs/AURORA_TWETF/purged_walk_forward_models/run_20260624_031817/probabilities/selected_probabilities_TAIEX_regime_fixed_20d_E1_validation_weighted_probability_ensemble.parquet,TAIEX_regime_fixed_20d
2024-01-17,20-day,WF1,1,validation,1,1,False,"latest eligible fold after sorting by date, split priority, and fold number",E1_validation_weighted_probability_ensemble,probability_ensemble,TAIEX_regime_fixed_20d,20260624_031817,0.02269663888957291,0.17452443135400464,0.43644952270715076,0.35663594230197665,0.009693464747295044,False,/content/drive/MyDrive/AURORA_TWETF/outputs/AURORA_TWETF/purged_walk_forward_models/run_20260624_031817/probabilities/selected_probabilities_TAIEX_regime_fixed_20d_E1_validation_weighted_probability_ensemble.parquet,TAIEX_regime_fixed_20d
2024-01-18,20-day,WF1,1,validation,1,1,False,"latest eligible fold after sorting by date, split priority, and fold number",E1_validation_weighted_probability_ensemble,probability_ensemble,TAIEX_regime_fixed_20d,20260624_031817,0.027662644813448375,0.1642483541836008,0.43214887053246437,0.35525672744191217,0.020683403028574413,False,/content/drive/MyDrive/AURORA_TWETF/outputs/AURORA_TWETF/purged_walk_forward_models/run_20260624_031817/probabilities/selected_probabilities_TAIEX_regime_fixed_20d_E1_validation_weighted_probability_ensemble.parquet,TAIEX_regime_fixed_20d
2024-01-19,20-day,WF1,1,validation,1,1,False,"latest eligible fold after sorting by date, split priority, and fold number",E1_validation_weighted_probability_ensemble,probability_ensemble,TAIEX_regime_fixed_20d,20260624_031817,0.03463128377933549,0.17323211692842938,0.46862605607549757,0.30648532924752697,0.017025213969210657,False,/content/drive/MyDrive/AURORA_TWETF/outputs/AURORA_TWETF/purged_walk_forward_models/run_20260624_031817/probabilities/selected_probabilities_TAIEX_regime_fixed_20d_E1_validation_weighted_probability_ensemble.parquet,TAIEX_regime_fixed_20d
2024-01-22,20-day,WF1,1,validation,1,1,False,"latest eligible fold after sorting by date, split priority, and fold number",E1_validation_weighted_probability_ensemble,probability_ensemble,TAIEX_regime_fixed_20d,20260624_031817,0.05767998020540154,0.19814865981496457,0.48860680122748523,0.24377262739909286,0.011791931353055837,False,/content/drive/MyDrive/AURORA_TWETF/outputs/AURORA_TWETF/purged_walk_forward_models/run_20260624_031817/probabilities/selected_probabilities_TAIEX_regime_fixed_20d_E1_validation_weighted_probability_ensemble.parquet,TAIEX_regime_fixed_20d
2024-01-23,20-day,WF1,1,validation,1,1,False,"latest eligible fold after sorting by date, split priority, and fold number",E1_validation_weighted_probability_ensemble,probability_ensemble,TAIEX_regime_fixed_20d,20260624_031817,0.03952211976524181,0.21162147272484863,0.5111917459937529,0.22748854712401279,0.010176114392143847,False,/content/drive/MyDrive/AURORA_TWETF/outputs/AURORA_TWETF/purged_walk_forward_models/run_20260624_031817/probabilities/selected_probabilities_TAIEX_regime_fixed_20d_E1_validation_weighted_probability_ensemble.parquet,TAIEX_regime_fixed_20d
2024-01-24,20-day,WF1,1,validation,1,1,False,"latest eligible fold after sorting by date, split priority, and fold number",E1_validation_weighted_probability_ensemble,probability_ensemble,TAIEX_regime_fixed_20d,20260624_031817,0.034011855672872765,0.21331506760512275,0.5122234589676735,0.23340591845543585,0.007043699298895247,False,/content/drive/MyDrive/AURORA_TWETF/outputs/AURORA_TWETF/purged_walk_forward_models/run_20260624_031817/probabilities/selected_probabilities_TAIEX_regime_fixed_20d_E1_validation_weighted_probability_ensemble.parquet,TAIEX_regime_fixed_20d
2024-01-25,20-day,WF1,1,validation,1,1,False,"latest eligible fold after sorting by date, split priority, and fold number",E1_validation_weighted_probability_ensemble,probability_ensemble,TAIEX_regime_fixed_20d,20260624_031817,0.034886582114883685,0.2345970405043074,0.49829943831285506,0.22401094834066415,0.008205990727289766,False,/content/drive/MyDrive/AURORA_TWETF/outputs/AURORA_TWETF/purged_walk_forward_models/run_20260624_031817/probabilities/selected_probabilities_TAIEX_regime_fixed_20d_E1_validation_weighted_probability_ensemble.parquet,TAIEX_regime_fixed_20d
2024-01-26,20-day,WF1,1,validation,1,1,False,"latest eligible fold after sorting by date, split priority, and fold number",E1_validation_weighted_probability_ensemble,probability_ensemble,TAIEX_regime_fixed_20d,20260624_031817,0.03568654687647784,0.24323380867699243,0.47968692842562805,0.22952811819873972,0.011864597822162051,False,/content/drive/MyDrive/AURORA_TWETF/outputs/AURORA_TWETF/purged_walk_forward_models/run_20260624_031817/probabilities/selected_probabilities_TAIEX_regime_fixed_20d_E1_validation_weighted_probability_ensemble.parquet,TAIEX_regime_fixed_20d
2024-01-29,20-day,WF1,1,validation,1,1,False,"latest eligible fold after sorting by date, split priority, and fold number",E1_validation_weighted_probability_ensemble,probability_ensemble,TAIEX_regime_fixed_20d,20260624_031817,0.028319746416720963,0.2553425830765982,0.4801970153105323,0.2290255807155705,0.00711507448057804,False,/content/drive/MyDrive/AURORA_TWETF/outputs/AURORA_TWETF/purged_walk_forward_models/run_20260624_031817/probabilities/selected_probabilities_TAIEX_regime_fixed_20d_E1_validation_weighted_probability_ensemble.parquet,TAIEX_regime_fixed_20d
2024-01-30,20-day,WF1,1,validation,1,1,False,"latest eligible fold after sorting by date, split priority, and fold number",E1_validation_weighted_probability_ensemble,probability_ensemble,TAIEX_regime_fixed_20d,20260624_031817,0.040661246832827666,0.24980496497600113,0.473896894814292,0.22392853353536368,0.011708359841515567,False,/content/drive/MyDrive/AURORA_TWETF/outputs/AURORA_TWETF/purged_walk_forward_models/run_20260624_031817/probabilities/selected_probabilities_TAIEX_regime_fixed_20d_E1_validation_weighted_probability_ensemble.parquet,TAIEX_regime_fixed_20d
2024-01-31,20-day,WF1,1,validation,1,1,False,"latest eligible fold after sorting by date, split priority, and fold number",E1_validation_weighted_probability_ensemble,probability_ensemble,TAIEX_regime_fixed_20d,20260624_031817,0.021536250768887863,0.2734457150663305,0.4707368691990298,0.226395152832864,0.007886012132887877,False,/content/drive/MyDrive/AURORA_TWETF/outputs/AURORA_TWETF/purged_walk_forward_models/run_20260624_031817/probabilities/selected_probabilities_TAIEX_regime_fixed_20d_E1_validation_weighted_probability_ensemble.parquet,TAIEX_regime_fixed_20d
2024-02-01,20-day,WF1,1,validation,1,1,False,"latest eligible fold after sorting by date, split priority, and fold number",E1_validation_weighted_probability_ensemble,probability_ensemble,TAIEX_regime_fixed_20d,20260624_031817,0.028733946904960308,0.2376978612988839,0.46019109227423766,0.2672900329086242,0.006087066613293968,False,/content/drive/MyDrive/AURORA_TWETF/outputs/AURORA_TWETF/purged_walk_forward_models/run_20260624_031817/probabilities/selected_probabilities_TAIEX_regime_fixed_20d_E1_validation_weighted_probability_ensemble.parquet,TAIEX_regime_fixed_20d
2024-02-02,20-day,WF1,1,validation,1,1,False,"latest eligible fold after sorting by date, split priority, and fold number",E1_validation_weighted_probability_ensemble,probability_ensemble,TAIEX_regime_fixed_20d,20260624_031817,0.03191763247460565,0.22827232988250365,0.47053031067693435,0.2576402169873676,0.01163950997858884,False,/content/drive/MyDrive/AURORA_TWETF/outputs/AURORA_TWETF/purged_walk_forward_models/run_20260624_031817/probabilities/selected_probabilities_TAIEX_regime_fixed_20d_E1_validation_weighted_probability_ensemble.parquet,TAIEX_regime_fixed_20d
2024-02-05,20-day,WF1,1,validation,1,1,False,"latest eligible fold after sorting by date, split priority, and fold number",E1_validation_weighted_probability_ensemble,probability_ensemble,TAIEX_regime_fixed_20d,20260624_031817,0.025398259778463887,0.24231641003469048,0.48099108228353116,0.24320243874392197,0.008091809159392439,False,/content/drive/MyDrive/AURORA_TWETF/outputs/AURORA_TWETF/purged_walk_forward_models/run_20260624_031817/probabilities/selected_probabilities_TAIEX_regime_fixed_20d_E1_validation_weighted_probability_ensemble.parquet,TAIEX_regime_fixed_20d
2024-02-15,20-day,WF1,1,validation,1,1,False,"latest eligible fold after sorting by date, split priority, and fold number",E1_validation_weighted_probability_ensemble,probability_ensemble,TAIEX_regime_fixed_20d,20260624_031817,0.03160300648674302,0.2276309095998029,0.5072883337988461,0.22842486031804166,0.005052889796566352,False,/content/drive/MyDrive/AURORA_TWETF/outputs/AURORA_TWETF/purged_walk_forward_models/run_20260624_031817/probabilities/selected_probabilities_TAIEX_regime_fixed_20d_E1_validation_weighted_probability_ensemble.parquet,TAIEX_regime_fixed_20d
2024-02-16,20-day,WF1,1,validation,1,1,False,"latest eligible fold after sorting by date, split priority, and fold number",E1_validation_weighted_probability_ensemble,probability_ensemble,TAIEX_regime_fixed_20d,20260624_031817,0.06059319662213594,0.1822998603336459,0.5349265163338541,0.20984850049570827,0.012331926214655781,False,/content/drive/MyDrive/AURORA_TWETF/outputs/AURORA_TWETF/purged_walk_forward_models/run_20260624_031817/probabilities/selected_probabilities_TAIEX_regime_fixed_20d_E1_validation_weighted_probability_ensemble.parquet,TAIEX_regime_fixed_20d
2024-02-19,20-day,WF1,1,validation,1,1,False,"latest eligible fold after sorting by date, split priority, and fold number",E1_validation_weighted_probability_ensemble,probability_ensemble,TAIEX_regime_fixed_20d,20260624_031817,0.043515951787550695,0.20550691785751307,0.5362192085659332,0.20340920574133753,0.011348716047665526,False,/content/drive/MyDrive/AURORA_TWETF/outputs/AURORA_TWETF/purged_walk_forward_models/run_20260624_031817/probabilities/selected_probabilities_TAIEX_regime_fixed_20d_E1_validation_weighted_probability_ensemble.parquet,TAIEX_regime_fixed_20d
2024-02-20,20-day,WF1,1,validation,1,1,False,"latest eligible fold after sorting by date, split priority, and fold number",E1_validation_weighted_probability_ensemble,probability_ensemble,TAIEX_regime_fixed_20d,20260624_031817,0.05366417800094895,0.20026735385765376,0.5313750154745993,0.20680830353877677,0.007885149128021286,False,/content/drive/MyDrive/AURORA_TWETF/outputs/AURORA_TWETF/purged_walk_forward_models/run_20260624_031817/probabilities/selected_probabilities_TAIEX_regime_fixed_20d_E1_validation_weighted_probability_ensemble.parquet,TAIEX_regime_fixed_20d
2024-02-21,20-day,WF1,1,validation,1,1,False,"latest eligible fold after sorting by date, split priority, and fold number",E1_validation_weighted_probability_ensemble,probability_ensemble,TAIEX_regime_fixed_20d,20260624_031817,0.04766344538940881,0.196378540758698,0.5260692546278609,0.22114241322072611,0.008746346003306257,False,/content/drive/MyDrive/AURORA_TWETF/outputs/AURORA_TWETF/purged_walk_forward_models/run_20260624_031817/probabilities/selected_probabilities_TAIEX_regime_fixed_20d_E1_validation_weighted_probability_ensemble.parquet,TAIEX_regime_fixed_20d
2024-02-22,20-day,WF1,1,validation,1,1,False,"latest eligible fold after sorting by date, split priority, and fold number",E1_validation_weighted_probability_ensemble,probability_ensemble,TAIEX_regime_fixed_20d,20260624_031817,0.04453135102731136,0.20111034379858622,0.5229863731587818,0.21961117101695438,0.011760760998366317,False,/content/drive/MyDrive/AURORA_TWETF/outputs/AURORA_TWETF/purged_walk_forward_models/run_20260624_031817/probabilities/selected_probabilities_TAIEX_regime_fixed_20d_E1_validation_weighted_probability_ensemble.parquet,TAIEX_regime_fixed_20d
2024-02-23,20-day,WF1,1,validation,1,1,False,"latest eligible fold after sorting by date, split priority, and fold number",E1_validation_weighted_probability_ensemble,probability_ensemble,TAIEX_regime_fixed_20d,20260624_031817,0.06631979882080434,0.25029610077320197,0.4733023704796883,0.19628087122348795,0.013800858702817468,False,/content/drive/MyDrive/AURORA_TWETF/outputs/AURORA_TWETF/purged_walk_forward_models/run_20260624_031817/probabilities/selected_probabilities_TAIEX_regime_fixed_20d_E1_validation_weighted_probability_ensemble.parquet,TAIEX_regime_fixed_20d
2024-02-26,20-day,WF1,1,validation,1,1,False,"latest eligible fold after sorting by date, split priority, and fold number",E1_validation_weighted_probability_ensemble,probability_ensemble,TAIEX_regime_fixed_20d,20260624_031817,0.04074851514049418,0.31277661043888166,0.44477576688275433,0.19483516235561255,0.00686394518225732,False,/content/drive/MyDrive/AURORA_TWETF/outputs/AURORA_TWETF/purged_walk_forward_models/run_20260624_031817/probabilities/selected_probabilities_TAIEX_regime_fixed_20d_E1_validation_weighted_probability_ensemble.parquet,TAIEX_regime_fixed_20d
2024-02-27,20-day,WF1,1,validation,1,1,False,"latest eligible fold after sorting by date, split priority, and fold number",E1_validation_weighted_probability_ensemble,probability_ensemble,TAIEX_regime_fixed_20d,20260624_031817,0.045262493009601605,0.3095523998598505,0.44389993700261443,0.19328792733762945,0.007997242790304074,False,/content/drive/MyDrive/AURORA_TWETF/outputs/AURORA_TWETF/purged_walk_forward_models/run_20260624_031817/probabilities/selected_probabilities_TAIEX_regime_fixed_20d_E1_validation_weighted_probability_ensemble.parquet,TAIEX_regime_fixed_20d
2024-02-29,20-day,WF1,1,validation,1,1,False,"latest eligible fold after sorting by date, split priority, and fold number",E1_validation_weighted_probability_ensemble,probability_ensemble,TAIEX_regime_fixed_20d,20260624_031817,0.0415027638720112,0.3004014174027292,0.4545335073901588,0.1990813762925674,0.004480935042533521,False,/content/drive/MyDrive/AURORA_TWETF/outputs/AURORA_TWETF/purged_walk_forward_models/run_20260624_031817/probabilities/selected_probabilities_TAIEX_regime_fixed_20d_E1_validation_weighted_probability_ensemble.parquet,TAIEX_regime_fixed_20d
2024-03-01,20-day,WF1,1,validation,1,1,False,"latest eligible fold after sorting by date, split priority, and fold number",E1_validation_weighted_probability_ensemble,probability_ensemble,TAIEX_regime_fixed_20d,20260624_031817,0.0423554099764713,0.3004076707845432,0.4443640729533446,0.2068839709055711,0.005988875380069753,False,/content/drive/MyDrive/AURORA_TWETF/outputs/AURORA_TWETF/purged_walk_forward_models/run_20260624_031817/probabilities/selected_probabilities_TAIEX_regime_fixed_20d_E1_validation_weighted_probability_ensemble.parquet,TAIEX_regime_fixed_20d
2024-03-04,20-day,WF1,1,validation,1,1,False,"latest eligible fold after sorting by date, split priority, and fold number",E1_validation_weighted_probability_ensemble,probability_ensemble,TAIEX_regime_fixed_20d,20260624_031817,0.03845678181308234,0.27311469436968605,0.48695103197388917,0.19317003282655143,0.008307459016790914,False,/content/drive/MyDrive/AURORA_TWETF/outputs/AURORA_TWETF/purged_walk_forward_models/run_20260624_031817/probabilities/selected_probabilities_TAIEX_regime_fixed_20d_E1_validation_weighted_probability_ensemble.parquet,TAIEX_regime_fixed_20d
2024-03-05,20-day,WF1,1,validation,1,1,False,"latest eligible fold after sorting by date, split priority, and fold number",E1_validation_weighted_probability_ensemble,probability_ensemble,TAIEX_regime_fixed_20d,20260624_031817,0.050327871612764814,0.25197347527894876,0.48589822213962125,0.2047837087239253,0.007016722244740003,False,/content/drive/MyDrive/AURORA_TWETF/outputs/AURORA_TWETF/purged_walk_forward_models/run_20260624_031817/probabilities/selected_probabilities_TAIEX_regime_fixed_20d_E1_validation_weighted_probability_ensemble.parquet,TAIEX_regime_fixed_20d
2024-03-06,20-day,WF1,1,validation,1,1,False,"latest eligible fold after sorting by date, split priority, and fold number",E1_validation_weighted_probability_ensemble,probability_ensemble,TAIEX_regime_fixed_20d,20260624_031817,0.039441672534277994,0.24600848956274257,0.4968760797491543,0.21339242819602527,0.004281329957799839,False,/content/drive/MyDrive/AURORA_TWETF/outputs/AURORA_TWETF/purged_walk_forward_models/run_20260624_031817/probabilities/selected_probabilities_TAIEX_regime_fixed_20d_E1_validation_weighted_probability_ensemble.parquet,TAIEX_regime_fixed_20d
2024-03-07,20-day,WF1,1,validation,1,1,False,"latest eligible fold after sorting by date, split priority, and fold number",E1_validation_weighted_probability_ensemble,probability_ensemble,TAIEX_regime_fixed_20d,20260624_031817,0.03649827793133874,0.2792361934841095,0.4823973027811838,0.19868816221549865,0.003180063587869405,False,/content/drive/MyDrive/AURORA_TWETF/outputs/AURORA_TWETF/purged_walk_forward_models/run_20260624_031817/probabilities/selected_probabilities_TAIEX_regime_fixed_20d_E1_validation_weighted_probability_ensemble.parquet,TAIEX_regime_fixed_20d
2024-03-08,20-day,WF1,1,validation,1,1,False,"latest eligible fold after sorting by date, split priority, and fold number",E1_validation_weighted_probability_ensemble,probability_ensemble,TAIEX_regime_fixed_20d,20260624_031817,0.042484625497161164,0.24330745508561946,0.5146929080970011,0.1922329047079971,0.00728210661222124,False,/content/drive/MyDrive/AURORA_TWETF/outputs/AURORA_TWETF/purged_walk_forward_models/run_20260624_031817/probabilities/selected_probabilities_TAIEX_regime_fixed_20d_E1_validation_weighted_probability_ensemble.parquet,TAIEX_regime_fixed_20d
2024-03-11,20-day,WF1,1,validation,1,1,False,"latest eligible fold after sorting by date, split priority, and fold number",E1_validation_weighted_probability_ensemble,probability_ensemble,TAIEX_regime_fixed_20d,20260624_031817,0.023199559363761973,0.2878989163793572,0.48404138572340905,0.1987584652528741,0.006101673280597685,False,/content/drive/MyDrive/AURORA_TWETF/outputs/AURORA_TWETF/purged_walk_forward_models/run_20260624_031817/probabilities/selected_probabilities_TAIEX_regime_fixed_20d_E1_validation_weighted_probability_ensemble.parquet,TAIEX_regime_fixed_20d
2024-03-12,20-day,WF1,1,validation,1,1,False,"latest eligible fold after sorting by date, split priority, and fold number",E1_validation_weighted_probability_ensemble,probability_ensemble,TAIEX_regime_fixed_20d,20260624_031817,0.03151070508428619,0.28095653014135546,0.4840918575508175,0.19903693490447164,0.004403972319069233,False,/content/drive/MyDrive/AURORA_TWETF/outputs/AURORA_TWETF/purged_walk_forward_models/run_20260624_031817/probabilities/selected_probabilities_TAIEX_regime_fixed_20d_E1_validation_weighted_probability_ensemble.parquet,TAIEX_regime_fixed_20d
2024-03-13,20-day,WF1,1,validation,1,1,False,"latest eligible fold after sorting by date, split priority, and fold number",E1_validation_weighted_probability_ensemble,probability_ensemble,TAIEX_regime_fixed_20d,20260624_031817,0.03765318130492683,0.32615682992681616,0.4390013975164455,0.18914563038735369,0.008042960864457719,False,/content/drive/MyDrive/AURORA_TWETF/outputs/AURORA_TWETF/purged_walk_forward_models/run_20260624_031817/probabilities/selected_probabilities_TAIEX_regime_fixed_20d_E1_validation_weighted_probability_ensemble.parquet,TAIEX_regime_fixed_20d
2024-03-14,20-day,WF1,1,validation,1,1,False,"latest eligible fold after sorting by date, split priority, and fold number",E1_validation_weighted_probability_ensemble,probability_ensemble,TAIEX_regime_fixed_20d,20260624_031817,0.027074304706584746,0.3365139254225458,0.43140728820478175,0.1982285375520406,0.006775944114047148,False,/content/drive/MyDrive/AURORA_TWETF/outputs/AURORA_TWETF/purged_walk_forward_models/run_20260624_031817/probabilities/selected_probabilities_TAIEX_regime_fixed_20d_E1_validation_weighted_probability_ensemble.parquet,TAIEX_regime_fixed_20d
2024-03-15,20-day,WF1,1,validation,1,1,False,"latest eligible fold after sorting by date, split priority, and fold number",E1_validation_weighted_probability_ensemble,probability_ensemble,TAIEX_regime_fixed_20d,20260624_031817,0.038363698951388754,0.2768505140601874,0.46630354882205455,0.20842519033964563,0.010057047826723692,False,/content/drive/MyDrive/AURORA_TWETF/outputs/AURORA_TWETF/purged_walk_forward_models/run_20260624_031817/probabilities/selected_probabilities_TAIEX_regime_fixed_20d_E1_validation_weighted_probability_ensemble.parquet,TAIEX_regime_fixed_20d
2024-03-18,20-day,WF1,1,validation,1,1,False,"latest eligible fold after sorting by date, split priority, and fold number",E1_validation_weighted_probability_ensemble,probability_ensemble,TAIEX_regime_fixed_20d,20260624_031817,0.03301967564810281,0.27302073806625243,0.4627086700097033,0.2246222882339746,0.0066286280419669795,False,/content/drive/MyDrive/AURORA_TWETF/outputs/AURORA_TWETF/purged_walk_forward_models/run_20260624_031817/probabilities/selected_probabilities_TAIEX_regime_fixed_20d_E1_validation_weighted_probability_ensemble.parquet,TAIEX_regime_fixed_20d
2024-03-19,20-day,WF1,1,validation,1,1,False,"latest eligible fold after sorting by date, split priority, and fold number",E1_validation_weighted_probability_ensemble,probability_ensemble,TAIEX_regime_fixed_20d,20260624_031817,0.053623356624099554,0.24898576431922118,0.4913236231573929,0.1987276084867869,0.0073396474124995835,False,/content/drive/MyDrive/AURORA_TWETF/outputs/AURORA_TWETF/purged_walk_forward_models/run_20260624_031817/probabilities/selected_probabilities_TAIEX_regime_fixed_20d_E1_validation_weighted_probability_ensemble.parquet,TAIEX_regime_fixed_20d
2024-03-20,20-day,WF1,1,validation,1,1,False,"latest eligible fold after sorting by date, split priority, and fold number",E1_validation_weighted_probability_ensemble,probability_ensemble,TAIEX_regime_fixed_20d,20260624_031817,0.03699765094158618,0.25525551307020633,0.4953817439467021,0.206682119873279,0.005682972168226537,False,/content/drive/MyDrive/AURORA_TWETF/outputs/AURORA_TWETF/purged_walk_forward_models/run_20260624_031817/probabilities/selected_probabilities_TAIEX_regime_fixed_20d_E1_validation_weighted_probability_ensemble.parquet,TAIEX_regime_fixed_20d
2024-03-21,20-day,WF1,1,validation,1,1,False,"latest eligible fold after sorting by date, split priority, and fold number",E1_validation_weighted_probability_ensemble,probability_ensemble,TAIEX_regime_fixed_20d,20260624_031817,0.04640239239097765,0.2729851984543994,0.4687988458574781,0.20531999957551883,0.006493563721626004,False,/content/drive/MyDrive/AURORA_TWETF/outputs/AURORA_TWETF/purged_walk_forward_models/run_20260624_031817/probabilities/selected_probabilities_TAIEX_regime_fixed_20d_E1_validation_weighted_probability_ensemble.parquet,TAIEX_regime_fixed_20d
2024-03-22,20-day,WF1,1,validation,1,1,False,"latest eligible fold after sorting by date, split priority, and fold number",E1_validation_weighted_probability_ensemble,probability_ensemble,TAIEX_regime_fixed_20d,20260624_031817,0.06997021660050753,0.25702130758554054,0.4622070130019296,0.20265870006348996,0.008142762748532255,False,/content/drive/MyDrive/AURORA_TWETF/outputs/AURORA_TWETF/purged_walk_forward_models/run_20260624_031817/probabilities/selected_probabilities_TAIEX_regime_fixed_20d_E1_validation_weighted_probability_ensemble.parquet,TAIEX_regime_fixed_20d
2024-03-25,20-day,WF1,1,validation,1,1,False,"latest eligible fold after sorting by date, split priority, and fold number",E1_validation_weighted_probability_ensemble,probability_ensemble,TAIEX_regime_fixed_20d,20260624_031817,0.03808851158531666,0.29686857062737654,0.4524405443703816,0.20692385036562438,0.005678523051300848,False,/content/drive/MyDrive/AURORA_TWETF/outputs/AURORA_TWETF/purged_walk_forward_models/run_20260624_031817/probabilities/selected_probabilities_TAIEX_regime_fixed_20d_E1_validation_weighted_probability_ensemble.parquet,TAIEX_regime_fixed_20d
2024-03-26,20-day,WF1,1,validation,1,1,False,"latest eligible fold after sorting by date, split priority, and fold number",E1_validation_weighted_probability_ensemble,probability_ensemble,TAIEX_regime_fixed_20d,20260624_031817,0.0375389822828942,0.2743062208048011,0.4747557074165525,0.20944973685605217,0.003949352639700042,False,/content/drive/MyDrive/AURORA_TWETF/outputs/AURORA_TWETF/purged_walk_forward_models/run_20260624_031817/probabilities/selected_probabilities_TAIEX_regime_fixed_20d_E1_validation_weighted_probability_ensemble.parquet,TAIEX_regime_fixed_20d
2024-03-27,20-day,WF1,1,validation,1,1,False,"latest eligible fold after sorting by date, split priority, and fold number",E1_validation_weighted_probability_ensemble,probability_ensemble,TAIEX_regime_fixed_20d,20260624_031817,0.03569108495865391,0.2823098933717725,0.46670940726430726,0.20837237591965205,0.006917238485614316,False,/content/drive/MyDrive/AURORA_TWETF/outputs/AURORA_TWETF/purged_walk_forward_models/run_20260624_031817/probabilities/selected_probabilities_TAIEX_regime_fixed_20d_E1_validation_weighted_probability_ensemble.parquet,TAIEX_regime_fixed_20d
2024-03-28,20-day,WF1,1,validation,1,1,False,"latest eligible fold after sorting by date, split priority, and fold number",E1_validation_weighted_probability_ensemble,probability_ensemble,TAIEX_regime_fixed_20d,20260624_031817,0.0425821004584996,0.2734008550978325,0.47154695333659846,0.20323530513639226,0.009234785970677216,False,/content/drive/MyDrive/AURORA_TWETF/outputs/AURORA_TWETF/purged_walk_forward_models/run_20260624_031817/probabilities/selected_probabilities_TAIEX_regime_fixed_20d_E1_validation_weighted_probability_ensemble.parquet,TAIEX_regime_fixed_20d
2024-03-29,20-day,WF1,1,validation,1,1,False,"latest eligible fold after sorting by date, split priority, and fold number",E1_validation_weighted_probability_ensemble,probability_ensemble,TAIEX_regime_fixed_20d,20260624_031817,0.03182416078602679,0.3005489479748305,0.44910891980215173,0.21220481091696392,0.006313160520027131,False,/content/drive/MyDrive/AURORA_TWETF/outputs/AURORA_TWETF/purged_walk_forward_models/run_20260624_031817/probabilities/selected_probabilities_TAIEX_regime_fixed_20d_E1_validation_weighted_probability_ensemble.parquet,TAIEX_regime_fixed_20d
2024-04-01,20-day,WF1,1,validation,1,1,False,"latest eligible fold after sorting by date, split priority, and fold number",E1_validation_weighted_probability_ensemble,probability_ensemble,TAIEX_regime_fixed_20d,20260624_031817,0.04312288174563349,0.2889011783578484,0.46202272712460035,0.1998051041686647,0.006148108603253089,False,/content/drive/MyDrive/AURORA_TWETF/outputs/AURORA_TWETF/purged_walk_forward_models/run_20260624_031817/probabilities/selected_probabilities_TAIEX_regime_fixed_20d_E1_validation_weighted_probability_ensemble.parquet,TAIEX_regime_fixed_20d
2024-04-02,20-day,WF1,1,validation,1,1,False,"latest eligible fold after sorting by date, split priority, and fold number",E1_validation_weighted_probability_ensemble,probability_ensemble,TAIEX_regime_fixed_20d,20260624_031817,0.028567891222903232,0.2881630423747358,0.46037213543971767,0.21445031585606567,0.0084466151065777,False,/content/drive/MyDrive/AURORA_TWETF/outputs/AURORA_TWETF/purged_walk_forward_models/run_20260624_031817/probabilities/selected_probabilities_TAIEX_regime_fixed_20d_E1_validation_weighted_probability_ensemble.parquet,TAIEX_regime_fixed_20d
2024-04-03,20-day,WF1,1,validation,1,1,False,"latest eligible fold after sorting by date, split priority, and fold number",E1_validation_weighted_probability_ensemble,probability_ensemble,TAIEX_regime_fixed_20d,20260624_031817,0.05574021500016869,0.274214377476636,0.4459130658962381,0.215229006477598,0.008903335149359218,False,/content/drive/MyDrive/AURORA_TWETF/outputs/AURORA_TWETF/purged_walk_forward_models/run_20260624_031817/probabilities/selected_probabilities_TAIEX_regime_fixed_20d_E1_validation_weighted_probability_ensemble.parquet,TAIEX_regime_fixed_20d
2024-04-08,20-day,WF1,1,validation,1,1,False,"latest eligible fold after sorting by date, split priority, and fold number",E1_validation_weighted_probability_ensemble,probability_ensemble,TAIEX_regime_fixed_20d,20260624_031817,0.04009027187847786,0.30827182003150977,0.4384370715574833,0.20549963459032064,0.007701201942208547,False,/content/drive/MyDrive/AURORA_TWETF/outputs/AURORA_TWETF/purged_walk_forward_models/run_20260624_031817/probabilities/selected_probabilities_TAIEX_regime_fixed_20d_E1_validation_weighted_probability_ensemble.parquet,TAIEX_regime_fixed_20d
2024-04-09,20-day,WF1,1,validation,1,1,False,"latest eligible fold after sorting by date, split priority, and fold number",E1_validation_weighted_probability_ensemble,probability_ensemble,TAIEX_regime_fixed_20d,20260624_031817,0.03258052091517591,0.31498467760067295,0.43073190859641974,0.21677750310964983,0.004925389778081602,False,/content/drive/MyDrive/AURORA_TWETF/outputs/AURORA_TWETF/purged_walk_forward_models/run_20260624_031817/probabilities/selected_probabilities_TAIEX_regime_fixed_20d_E1_validation_weighted_probability_ensemble.parquet,TAIEX_regime_fixed_20d
2024-04-10,20-day,WF1,1,validation,1,1,False,"latest eligible fold after sorting by date, split priority, and fold number",E1_validation_weighted_probability_ensemble,probability_ensemble,TAIEX_regime_fixed_20d,20260624_031817,0.056814897131031085,0.3214383536550603,0.4090057068912535,0.20663513838799202,0.006105903934663196,False,/content/drive/MyDrive/AURORA_TWETF/outputs/AURORA_TWETF/purged_walk_forward_models/run_20260624_031817/probabilities/selected_probabilities_TAIEX_regime_fixed_20d_E1_validation_weighted_probability_ensemble.parquet,TAIEX_regime_fixed_20d
2024-04-11,20-day,WF1,1,validation,1,1,False,"latest eligible fold after sorting by date, split priority, and fold number",E1_validation_weighted_probability_ensemble,probability_ensemble,TAIEX_regime_fixed_20d,20260624_031817,0.036356910436784705,0.34581425787962927,0.38839461665620184,0.21983698108011163,0.00959723394727264,False,/content/drive/MyDrive/AURORA_TWETF/outputs/AURORA_TWETF/purged_walk_forward_models/run_20260624_031817/probabilities/selected_probabilities_TAIEX_regime_fixed_20d_E1_validation_weighted_probability_ensemble.parquet,TAIEX_regime_fixed_20d
2024-04-12,20-day,WF1,1,validation,1,1,False,"latest eligible fold after sorting by date, split priority, and fold number",E1_validation_weighted_probability_ensemble,probability_ensemble,TAIEX_regime_fixed_20d,20260624_031817,0.0401104043427237,0.3398264664205153,0.40530871322804923,0.20551874291999317,0.009235673088718734,False,/content/drive/MyDrive/AURORA_TWETF/outputs/AURORA_TWETF/purged_walk_forward_models/run_20260624_031817/probabilities/selected_probabilities_TAIEX_regime_fixed_20d_E1_validation_weighted_probability_ensemble.parquet,TAIEX_regime_fixed_20d
2024-04-15,20-day,WF1,1,validation,1,1,False,"latest eligible fold after sorting by date, split priority, and fold number",E1_validation_weighted_probability_ensemble,probability_ensemble,TAIEX_regime_fixed_20d,20260624_031817,0.033609075545412856,0.3434865154103723,0.3861684756501435,0.23207383860937467,0.004662094784696689,False,/content/drive/MyDrive/AURORA_TWETF/outputs/AURORA_TWETF/purged_walk_forward_models/run_20260624_031817/probabilities/selected_probabilities_TAIEX_regime_fixed_20d_E1_validation_weighted_probability_ensemble.parquet,TAIEX_regime_fixed_20d
2024-04-16,20-day,WF1,1,validation,1,1,False,"latest eligible fold after sorting by date, split priority, and fold number",E1_validation_weighted_probability_ensemble,probability_ensemble,TAIEX_regime_fixed_20d,20260624_031817,0.043140469714867194,0.27730756683403324,0.4170459147183869,0.2537948380042544,0.008711210728458407,False,/content/drive/MyDrive/AURORA_TWETF/outputs/AURORA_TWETF/purged_walk_forward_models/run_20260624_031817/probabilities/selected_probabilities_TAIEX_regime_fixed_20d_E1_validation_weighted_probability_ensemble.parquet,TAIEX_regime_fixed_20d
2024-04-17,20-day,WF1,1,validation,1,1,False,"latest eligible fold after sorting by date, split priority, and fold number",E1_validation_weighted_probability_ensemble,probability_ensemble,TAIEX_regime_fixed_20d,20260624_031817,0.08943831294079396,0.19183726132175377,0.40540573929197626,0.2846602221471649,0.028658464298311048,False,/content/drive/MyDrive/AURORA_TWETF/outputs/AURORA_TWETF/purged_walk_forward_models/run_20260624_031817/probabilities/selected_probabilities_TAIEX_regime_fixed_20d_E1_validation_weighted_probability_ensemble.parquet,TAIEX_regime_fixed_20d
2024-04-18,20-day,WF1,1,validation,1,1,False,"latest eligible fold after sorting by date, split priority, and fold number",E1_validation_weighted_probability_ensemble,probability_ensemble,TAIEX_regime_fixed_20d,20260624_031817,0.12107743708196288,0.18997962588654851,0.37722421441467724,0.28390842604334643,0.02781029657346495,False,/content/drive/MyDrive/AURORA_TWETF/outputs/AURORA_TWETF/purged_walk_forward_models/run_20260624_031817/probabilities/selected_probabilities_TAIEX_regime_fixed_20d_E1_validation_weighted_probability_ensemble.parquet,TAIEX_regime_fixed_20d
2024-04-19,20-day,WF1,1,validation,1,1,False,"latest eligible fold after sorting by date, split priority, and fold number",E1_validation_weighted_probability_ensemble,probability_ensemble,TAIEX_regime_fixed_20d,20260624_031817,0.0974822268557863,0.20953300404257044,0.376557647167327,0.2854439521284556,0.030983169805860737,False,/content/drive/MyDrive/AURORA_TWETF/outputs/AURORA_TWETF/purged_walk_forward_models/run_20260624_031817/probabilities/selected_probabilities_TAIEX_regime_fixed_20d_E1_validation_weighted_probability_ensemble.parquet,TAIEX_regime_fixed_20d
2024-04-22,20-day,WF1,1,validation,1,1,False,"latest eligible fold after sorting by date, split priority, and fold number",E1_validation_weighted_probability_ensemble,probability_ensemble,TAIEX_regime_fixed_20d,20260624_031817,0.08666532769436402,0.17831955101274843,0.22596642069658437,0.3941594661941842,0.11488923440211907,False,/content/drive/MyDrive/AURORA_TWETF/outputs/AURORA_TWETF/purged_walk_forward_models/run_20260624_031817/probabilities/selected_probabilities_TAIEX_regime_fixed_20d_E1_validation_weighted_probability_ensemble.parquet,TAIEX_regime_fixed_20d
2024-04-23,20-day,WF1,1,validation,1,1,False,"latest eligible fold after sorting by date, split priority, and fold number",E1_validation_weighted_probability_ensemble,probability_ensemble,TAIEX_regime_fixed_20d,20260624_031817,0.12070067417316167,0.1544714991122892,0.2354364367830288,0.36790734241828105,0.12148404751323932,False,/content/drive/MyDrive/AURORA_TWETF/outputs/AURORA_TWETF/purged_walk_forward_models/run_20260624_031817/probabilities/selected_probabilities_TAIEX_regime_fixed_20d_E1_validation_weighted_probability_ensemble.parquet,TAIEX_regime_fixed_20d
2024-04-24,20-day,WF1,1,validation,1,1,False,"latest eligible fold after sorting by date, split priority, and fold number",E1_validation_weighted_probability_ensemble,probability_ensemble,TAIEX_regime_fixed_20d,20260624_031817,0.12198109534874327,0.15412189448013483,0.24921789541647177,0.3548790986722554,0.11980001608239474,False,/content/drive/MyDrive/AURORA_TWETF/outputs/AURORA_TWETF/purged_walk_forward_models/run_20260624_031817/probabilities/selected_probabilities_TAIEX_regime_fixed_20d_E1_validation_weighted_probability_ensemble.parquet,TAIEX_regime_fixed_20d
2024-04-25,20-day,WF1,1,validation,1,1,False,"latest eligible fold after sorting by date, split priority, and fold number",E1_validation_weighted_probability_ensemble,probability_ensemble,TAIEX_regime_fixed_20d,20260624_031817,0.13119273299508782,0.13126935888561744,0.27890906890107137,0.38444843453845245,0.07418040467977086,False,/content/drive/MyDrive/AURORA_TWETF/outputs/AURORA_TWETF/purged_walk_forward_models/run_20260624_031817/probabilities/selected_probabilities_TAIEX_regime_fixed_20d_E1_validation_weighted_probability_ensemble.parquet,TAIEX_regime_fixed_20d
2024-04-26,20-day,WF1,1,validation,1,1,False,"latest eligible fold after sorting by date, split priority, and fold number",E1_validation_weighted_probability_ensemble,probability_ensemble,TAIEX_regime_fixed_20d,20260624_031817,0.11531076504447049,0.11539194169896613,0.25545717984666716,0.42430379620138564,0.08953631720851057,False,/content/drive/MyDrive/AURORA_TWETF/outputs/AURORA_TWETF/purged_walk_forward_models/run_20260624_031817/probabilities/selected_probabilities_TAIEX_regime_fixed_20d_E1_validation_weighted_probability_ensemble.parquet,TAIEX_regime_fixed_20d
2024-04-29,20-day,WF1,1,validation,1,1,False,"latest eligible fold after sorting by date, split priority, and fold number",E1_validation_weighted_probability_ensemble,probability_ensemble,TAIEX_regime_fixed_20d,20260624_031817,0.08263668597323579,0.1437947576601324,0.2953573840000605,0.41479219472040574,0.06341897764616566,False,/content/drive/MyDrive/AURORA_TWETF/outputs/AURORA_TWETF/purged_walk_forward_models/run_20260624_031817/probabilities/selected_probabilities_TAIEX_regime_fixed_20d_E1_validation_weighted_probability_ensemble.parquet,TAIEX_regime_fixed_20d
2024-04-30,20-day,WF1,1,validation,1,1,False,"latest eligible fold after sorting by date, split priority, and fold number",E1_validation_weighted_probability_ensemble,probability_ensemble,TAIEX_regime_fixed_20d,20260624_031817,0.06804314029843131,0.15507390953552186,0.29720632662457586,0.4379478554641023,0.04172876807736879,False,/content/drive/MyDrive/AURORA_TWETF/outputs/AURORA_TWETF/purged_walk_forward_models/run_20260624_031817/probabilities/selected_probabilities_TAIEX_regime_fixed_20d_E1_validation_weighted_probability_ensemble.parquet,TAIEX_regime_fixed_20d
2024-05-02,20-day,WF1,1,validation,1,1,False,"latest eligible fold after sorting by date, split priority, and fold number",E1_validation_weighted_probability_ensemble,probability_ensemble,TAIEX_regime_fixed_20d,20260624_031817,0.08415056726757357,0.14004788510466007,0.2702371404846099,0.46423420896831963,0.04133019817483685,False,/content/drive/MyDrive/AURORA_TWETF/outputs/AURORA_TWETF/purged_walk_forward_models/run_20260624_031817/probabilities/selected_probabilities_TAIEX_regime_fixed_20d_E1_validation_weighted_probability_ensemble.parquet,TAIEX_regime_fixed_20d
2024-05-03,20-day,WF1,1,validation,1,1,False,"latest eligible fold after sorting by date, split priority, and fold number",E1_validation_weighted_probability_ensemble,probability_ensemble,TAIEX_regime_fixed_20d,20260624_031817,0.08724169748118646,0.1410335800643271,0.23400266012945803,0.49300085602569893,0.04472120629932951,False,/content/drive/MyDrive/AURORA_TWETF/outputs/AURORA_TWETF/purged_walk_forward_models/run_20260624_031817/probabilities/selected_probabilities_TAIEX_regime_fixed_20d_E1_validation_weighted_probability_ensemble.parquet,TAIEX_regime_fixed_20d
2024-05-06,20-day,WF1,1,validation,1,1,False,"latest eligible fold after sorting by date, split priority, and fold number",E1_validation_weighted_probability_ensemble,probability_ensemble,TAIEX_regime_fixed_20d,20260624_031817,0.0797892245649301,0.1422731691162679,0.2562184610372944,0.4717867545972197,0.04993239068428798,False,/content/drive/MyDrive/AURORA_TWETF/outputs/AURORA_TWETF/purged_walk_forward_models/run_20260624_031817/probabilities/selected_probabilities_TAIEX_regime_fixed_20d_E1_validation_weighted_probability_ensemble.parquet,TAIEX_regime_fixed_20d
2024-05-07,20-day,WF1,1,validation,1,1,False,"latest eligible fold after sorting by date, split priority, and fold number",E1_validation_weighted_probability_ensemble,probability_ensemble,TAIEX_regime_fixed_20d,20260624_031817,0.06301186236207663,0.18631455630422522,0.31471039812564616,0.407063890943325,0.028899292264726994,False,/content/drive/MyDrive/AURORA_TWETF/outputs/AURORA_TWETF/purged_walk_forward_models/run_20260624_031817/probabilities/selected_probabilities_TAIEX_regime_fixed_20d_E1_validation_weighted_probability_ensemble.parquet,TAIEX_regime_fixed_20d
2024-05-08,20-day,WF1,1,validation,1,1,False,"latest eligible fold after sorting by date, split priority, and fold number",E1_validation_weighted_probability_ensemble,probability_ensemble,TAIEX_regime_fixed_20d,20260624_031817,0.06860676972827517,0.18561378206735316,0.30590852035110405,0.4235838407314565,0.01628708712181121,False,/content/drive/MyDrive/AURORA_TWETF/outputs/AURORA_TWETF/purged_walk_forward_models/run_20260624_031817/probabilities/selected_probabilities_TAIEX_regime_fixed_20d_E1_validation_weighted_probability_ensemble.parquet,TAIEX_regime_fixed_20d
2024-05-09,20-day,WF1,1,validation,1,1,False,"latest eligible fold after sorting by date, split priority, and fold number",E1_validation_weighted_probability_ensemble,probability_ensemble,TAIEX_regime_fixed_20d,20260624_031817,0.06223437190828797,0.19357104202827435,0.31547436131935097,0.40274243962728423,0.025977785116802554,False,/content/drive/MyDrive/AURORA_TWETF/outputs/AURORA_TWETF/purged_walk_forward_models/run_20260624_031817/probabilities/selected_probabilities_TAIEX_regime_fixed_20d_E1_validation_weighted_probability_ensemble.parquet,TAIEX_regime_fixed_20d
2024-05-10,20-day,WF1,1,validation,1,1,False,"latest eligible fold after sorting by date, split priority, and fold number",E1_validation_weighted_probability_ensemble,probability_ensemble,TAIEX_regime_fixed_20d,20260624_031817,0.045944387708105376,0.2092468044276833,0.36462065841883234,0.3483246350260593,0.03186351441931966,False,/content/drive/MyDrive/AURORA_TWETF/outputs/AURORA_TWETF/purged_walk_forward_models/run_20260624_031817/probabilities/selected_probabilities_TAIEX_regime_fixed_20d_E1_validation_weighted_probability_ensemble.parquet,TAIEX_regime_fixed_20d
2024-05-13,20-day,WF1,1,validation,1,1,False,"latest eligible fold after sorting by date, split priority, and fold number",E1_validation_weighted_probability_ensemble,probability_ensemble,TAIEX_regime_fixed_20d,20260624_031817,0.04347428157907893,0.2225236698824315,0.3568382531816763,0.3376420351719534,0.039521760184859964,False,/content/drive/MyDrive/AURORA_TWETF/outputs/AURORA_TWETF/purged_walk_forward_models/run_20260624_031817/probabilities/selected_probabilities_TAIEX_regime_fixed_20d_E1_validation_weighted_probability_ensemble.parquet,TAIEX_regime_fixed_20d
2024-05-14,20-day,WF1,1,validation,1,1,False,"latest eligible fold after sorting by date, split priority, and fold number",E1_validation_weighted_probability_ensemble,probability_ensemble,TAIEX_regime_fixed_20d,20260624_031817,0.046313970673396786,0.23185023195270388,0.3804263989353494,0.3179636447161574,0.023445753722392625,False,/content/drive/MyDrive/AURORA_TWETF/outputs/AURORA_TWETF/purged_walk_forward_models/run_20260624_031817/probabilities/selected_probabilities_TAIEX_regime_fixed_20d_E1_validation_weighted_probability_ensemble.parquet,TAIEX_regime_fixed_20d
2024-05-15,20-day,WF1,1,validation,1,1,False,"latest eligible fold after sorting by date, split priority, and fold number",E1_validation_weighted_probability_ensemble,probability_ensemble,TAIEX_regime_fixed_20d,20260624_031817,0.05697433775137188,0.21737383312956116,0.42599433655596747,0.27923337225767636,0.020424120305423118,False,/content/drive/MyDrive/AURORA_TWETF/outputs/AURORA_TWETF/purged_walk_forward_models/run_20260624_031817/probabilities/selected_probabilities_TAIEX_regime_fixed_20d_E1_validation_weighted_probability_ensemble.parquet,TAIEX_regime_fixed_20d
2024-05-16,20-day,WF1,1,validation,1,1,False,"latest eligible fold after sorting by date, split priority, and fold number",E1_validation_weighted_probability_ensemble,probability_ensemble,TAIEX_regime_fixed_20d,20260624_031817,0.05891861896043673,0.22427810506710344,0.449266316630646,0.24630959998205612,0.02122735935975776,False,/content/drive/MyDrive/AURORA_TWETF/outputs/AURORA_TWETF/purged_walk_forward_models/run_20260624_031817/probabilities/selected_probabilities_TAIEX_regime_fixed_20d_E1_validation_weighted_probability_ensemble.parquet,TAIEX_regime_fixed_20d
2024-05-17,20-day,WF1,1,validation,1,1,False,"latest eligible fold after sorting by date, split priority, and fold number",E1_validation_weighted_probability_ensemble,probability_ensemble,TAIEX_regime_fixed_20d,20260624_031817,0.03384835437537858,0.24996892063618578,0.4556140010984048,0.2484924640879575,0.01207625980207345,False,/content/drive/MyDrive/AURORA_TWETF/outputs/AURORA_TWETF/purged_walk_forward_models/run_20260624_031817/probabilities/selected_probabilities_TAIEX_regime_fixed_20d_E1_validation_weighted_probability_ensemble.parquet,TAIEX_regime_fixed_20d
2024-05-20,20-day,WF1,1,validation,1,1,False,"latest eligible fold after sorting by date, split priority, and fold number",E1_validation_weighted_probability_ensemble,probability_ensemble,TAIEX_regime_fixed_20d,20260624_031817,0.028043918970115437,0.2625101076018005,0.4488423627678623,0.24762629164233732,0.012977319017884476,False,/content/drive/MyDrive/AURORA_TWETF/outputs/AURORA_TWETF/purged_walk_forward_models/run_20260624_031817/probabilities/selected_probabilities_TAIEX_regime_fixed_20d_E1_validation_weighted_probability_ensemble.parquet,TAIEX_regime_fixed_20d
2024-05-21,20-day,WF1,1,validation,1,1,False,"latest eligible fold after sorting by date, split priority, and fold number",E1_validation_weighted_probability_ensemble,probability_ensemble,TAIEX_regime_fixed_20d,20260624_031817,0.03370742171714764,0.25023171773860803,0.4825960483155042,0.22495073817077277,0.008514074057967455,False,/content/drive/MyDrive/AURORA_TWETF/outputs/AURORA_TWETF/purged_walk_forward_models/run_20260624_031817/probabilities/selected_probabilities_TAIEX_regime_fixed_20d_E1_validation_weighted_probability_ensemble.parquet,TAIEX_regime_fixed_20d
2024-05-22,20-day,WF1,1,validation,1,1,False,"latest eligible fold after sorting by date, split priority, and fold number",E1_validation_weighted_probability_ensemble,probability_ensemble,TAIEX_regime_fixed_20d,20260624_031817,0.03150680248027521,0.2569143037544227,0.4821680959143778,0.22437055308219292,0.0050402447687314155,False,/content/drive/MyDrive/AURORA_TWETF/outputs/AURORA_TWETF/purged_walk_forward_models/run_20260624_031817/probabilities/selected_probabilities_TAIEX_regime_fixed_20d_E1_validation_weighted_probability_ensemble.parquet,TAIEX_regime_fixed_20d
2024-05-23,20-day,WF1,1,validation,1,1,False,"latest eligible fold after sorting by date, split priority, and fold number",E1_validation_weighted_probability_ensemble,probability_ensemble,TAIEX_regime_fixed_20d,20260624_031817,0.04757819097515229,0.2603858939248716,0.4633419496780094,0.22178899853011208,0.0069049668918546615,False,/content/drive/MyDrive/AURORA_TWETF/outputs/AURORA_TWETF/purged_walk_forward_models/run_20260624_031817/probabilities/selected_probabilities_TAIEX_regime_fixed_20d_E1_validation_weighted_probability_ensemble.parquet,TAIEX_regime_fixed_20d
2024-05-24,20-day,WF1,1,validation,1,1,False,"latest eligible fold after sorting by date, split priority, and fold number",E1_validation_weighted_probability_ensemble,probability_ensemble,TAIEX_regime_fixed_20d,20260624_031817,0.03225120093716417,0.2738540052085553,0.4585292767109149,0.23160975915845006,0.0037557579849155907,False,/content/drive/MyDrive/AURORA_TWETF/outputs/AURORA_TWETF/purged_walk_forward_models/run_20260624_031817/probabilities/selected_probabilities_TAIEX_regime_fixed_20d_E1_validation_weighted_probability_ensemble.parquet,TAIEX_regime_fixed_20d
2024-05-27,20-day,WF1,1,validation,1,1,False,"latest eligible fold after sorting by date, split priority, and fold number",E1_validation_weighted_probability_ensemble,probability_ensemble,TAIEX_regime_fixed_20d,20260624_031817,0.03115018006354704,0.2534011230259594,0.49500611582595744,0.21022935329899847,0.010213227785537736,False,/content/drive/MyDrive/AURORA_TWETF/outputs/AURORA_TWETF/purged_walk_forward_models/run_20260624_031817/probabilities/selected_probabilities_TAIEX_regime_fixed_20d_E1_validation_weighted_probability_ensemble.parquet,TAIEX_regime_fixed_20d
2024-05-28,20-day,WF1,1,validation,1,1,False,"latest eligible fold after sorting by date, split priority, and fold number",E1_validation_weighted_probability_ensemble,probability_ensemble,TAIEX_regime_fixed_20d,20260624_031817,0.03902573412147476,0.2867157083338147,0.449196107412493,0.21944988436937915,0.00561256576283844,False,/content/drive/MyDrive/AURORA_TWETF/outputs/AURORA_TWETF/purged_walk_forward_models/run_20260624_031817/probabilities/selected_probabilities_TAIEX_regime_fixed_20d_E1_validation_weighted_probability_ensemble.parquet,TAIEX_regime_fixed_20d
2024-05-29,20-day,WF1,1,validation,1,1,False,"latest eligible fold after sorting by date, split priority, and fold number",E1_validation_weighted_probability_ensemble,probability_ensemble,TAIEX_regime_fixed_20d,20260624_031817,0.027054207094011268,0.2928231147512754,0.4584927070254325,0.21780316836276475,0.003826802766516,False,/content/drive/MyDrive/AURORA_TWETF/outputs/AURORA_TWETF/purged_walk_forward_models/run_20260624_031817/probabilities/selected_probabilities_TAIEX_regime_fixed_20d_E1_validation_weighted_probability_ensemble.parquet,TAIEX_regime_fixed_20d
2024-05-30,20-day,WF1,1,validation,1,1,False,"latest eligible fold after sorting by date, split priority, and fold number",E1_validation_weighted_probability_ensemble,probability_ensemble,TAIEX_regime_fixed_20d,20260624_031817,0.023804113271466653,0.28958999663172935,0.4531709364857812,0.22352477506302643,0.009910178547996288,False,/content/drive/MyDrive/AURORA_TWETF/outputs/AURORA_TWETF/purged_walk_forward_models/run_20260624_031817/probabilities/selected_probabilities_TAIEX_regime_fixed_20d_E1_validation_weighted_probability_ensemble.parquet,TAIEX_regime_fixed_20d
2024-05-31,20-day,WF1,1,validation,1,1,False,"latest eligible fold after sorting by date, split priority, and fold number",E1_validation_weighted_probability_ensemble,probability_ensemble,TAIEX_regime_fixed_20d,20260624_031817,0.0292889990150918,0.23575204548848866,0.4629117529189961,0.25881530549567927,0.013231897081744291,False,/content/drive/MyDrive/AURORA_TWETF/outputs/AURORA_TWETF/purged_walk_forward_models/run_20260624_031817/probabilities/selected_probabilities_TAIEX_regime_fixed_20d_E1_validation_weighted_probability_ensemble.parquet,TAIEX_regime_fixed_20d
2024-06-03,20-day,WF1,1,validation,1,1,False,"latest eligible fold after sorting by date, split priority, and fold number",E1_validation_weighted_probability_ensemble,probability_ensemble,TAIEX_regime_fixed_20d,20260624_031817,0.030768290573222036,0.22990371394422468,0.4418828129061641,0.2850590280700215,0.012386154506367786,False,/content/drive/MyDrive/AURORA_TWETF/outputs/AURORA_TWETF/purged_walk_forward_models/run_20260624_031817/probabilities/selected_probabilities_TAIEX_regime_fixed_20d_E1_validation_weighted_probability_ensemble.parquet,TAIEX_regime_fixed_20d
2024-06-04,20-day,WF1,1,validation,1,1,False,"latest eligible fold after sorting by date, split priority, and fold number",E1_validation_weighted_probability_ensemble,probability_ensemble,TAIEX_regime_fixed_20d,20260624_031817,0.04578305351492313,0.2659561081161365,0.4168949860587588,0.2617263871922044,0.00963946511797719,False,/content/drive/MyDrive/AURORA_TWETF/outputs/AURORA_TWETF/purged_walk_forward_models/run_20260624_031817/probabilities/selected_probabilities_TAIEX_regime_fixed_20d_E1_validation_weighted_probability_ensemble.parquet,TAIEX_regime_fixed_20d
2024-06-05,20-day,WF1,1,validation,1,1,False,"latest eligible fold after sorting by date, split priority, and fold number",E1_validation_weighted_probability_ensemble,probability_ensemble,TAIEX_regime_fixed_20d,20260624_031817,0.039971191014596216,0.23539624400639905,0.42790337435789055,0.2817030338618293,0.015026156759284877,False,/content/drive/MyDrive/AURORA_TWETF/outputs/AURORA_TWETF/purged_walk_forward_models/run_20260624_031817/probabilities/selected_probabilities_TAIEX_regime_fixed_20d_E1_validation_weighted_probability_ensemble.parquet,TAIEX_regime_fixed_20d
2024-06-06,20-day,WF1,1,validation,1,1,False,"latest eligible fold after sorting by date, split priority, and fold number",E1_validation_weighted_probability_ensemble,probability_ensemble,TAIEX_regime_fixed_20d,20260624_031817,0.04827827228796183,0.2234870160796734,0.45130982360198335,0.25649149413988953,0.020433393890491855,False,/content/drive/MyDrive/AURORA_TWETF/outputs/AURORA_TWETF/purged_walk_forward_models/run_20260624_031817/probabilities/selected_probabilities_TAIEX_regime_fixed_20d_E1_validation_weighted_probability_ensemble.parquet,TAIEX_regime_fixed_20d
2024-06-07,20-day,WF1,1,validation,1,1,False,"latest eligible fold after sorting by date, split priority, and fold number",E1_validation_weighted_probability_ensemble,probability_ensemble,TAIEX_regime_fixed_20d,20260624_031817,0.04444936948566706,0.28369488551378746,0.42145743139677083,0.24086090245126532,0.00953741115250937,False,/content/drive/MyDrive/AURORA_TWETF/outputs/AURORA_TWETF/purged_walk_forward_models/run_20260624_031817/probabilities/selected_probabilities_TAIEX_regime_fixed_20d_E1_validation_weighted_probability_ensemble.parquet,TAIEX_regime_fixed_20d
2024-06-11,20-day,WF1,1,validation,1,1,False,"latest eligible fold after sorting by date, split priority, and fold number",E1_validation_weighted_probability_ensemble,probability_ensemble,TAIEX_regime_fixed_20d,20260624_031817,0.034080585561595995,0.331895967574084,0.3820393401080461,0.24457243249842664,0.007411674257847291,False,/content/drive/MyDrive/AURORA_TWETF/outputs/AURORA_TWETF/purged_walk_forward_models/run_20260624_031817/probabilities/selected_probabilities_TAIEX_regime_fixed_20d_E1_validation_weighted_probability_ensemble.parquet,TAIEX_regime_fixed_20d
2024-06-12,20-day,WF1,1,validation,1,1,False,"latest eligible fold after sorting by date, split priority, and fold number",E1_validation_weighted_probability_ensemble,probability_ensemble,TAIEX_regime_fixed_20d,20260624_031817,0.05077388973530962,0.2824171856441004,0.4237910072120826,0.23340273818919968,0.009615179219307787,False,/content/drive/MyDrive/AURORA_TWETF/outputs/AURORA_TWETF/purged_walk_forward_models/run_20260624_031817/probabilities/selected_probabilities_TAIEX_regime_fixed_20d_E1_validation_weighted_probability_ensemble.parquet,TAIEX_regime_fixed_20d
2024-06-13,20-day,WF1,1,validation,1,1,False,"latest eligible fold after sorting by date, split priority, and fold number",E1_validation_weighted_probability_ensemble,probability_ensemble,TAIEX_regime_fixed_20d,20260624_031817,0.057489947173671986,0.2886701255300478,0.411974111689182,0.2318890606265716,0.009976754980526529,False,/content/drive/MyDrive/AURORA_TWETF/outputs/AURORA_TWETF/purged_walk_forward_models/run_20260624_031817/probabilities/selected_probabilities_TAIEX_regime_fixed_20d_E1_validation_weighted_probability_ensemble.parquet,TAIEX_regime_fixed_20d
2024-06-14,20-day,WF1,1,validation,1,1,False,"latest eligible fold after sorting by date, split priority, and fold number",E1_validation_weighted_probability_ensemble,probability_ensemble,TAIEX_regime_fixed_20d,20260624_031817,0.04852488052579226,0.32329315399160935,0.386217764906934,0.23558854922070183,0.00637565135496262,False,/content/drive/MyDrive/AURORA_TWETF/outputs/AURORA_TWETF/purged_walk_forward_models/run_20260624_031817/probabilities/selected_probabilities_TAIEX_regime_fixed_20d_E1_validation_weighted_probability_ensemble.parquet,TAIEX_regime_fixed_20d
2024-06-17,20-day,WF1,1,validation,1,1,False,"latest eligible fold after sorting by date, split priority, and fold number",E1_validation_weighted_probability_ensemble,probability_ensemble,TAIEX_regime_fixed_20d,20260624_031817,0.03649550068287972,0.31065518911376583,0.4106421686469591,0.23667883649954577,0.0055283050568496125,False,/content/drive/MyDrive/AURORA_TWETF/outputs/AURORA_TWETF/purged_walk_forward_models/run_20260624_031817/probabilities/selected_probabilities_TAIEX_regime_fixed_20d_E1_validation_weighted_probability_ensemble.parquet,TAIEX_regime_fixed_20d
2024-06-18,20-day,WF1,1,validation,1,1,False,"latest eligible fold after sorting by date, split priority, and fold number",E1_validation_weighted_probability_ensemble,probability_ensemble,TAIEX_regime_fixed_20d,20260624_031817,0.04201007775616935,0.32364130080659764,0.4089189627028807,0.2143622605522713,0.011067398182081033,False,/content/drive/MyDrive/AURORA_TWETF/outputs/AURORA_TWETF/purged_walk_forward_models/run_20260624_031817/probabilities/selected_probabilities_TAIEX_regime_fixed_20d_E1_validation_weighted_probability_ensemble.parquet,TAIEX_regime_fixed_20d
2024-06-19,20-day,WF1,1,validation,1,1,False,"latest eligible fold after sorting by date, split priority, and fold number",E1_validation_weighted_probability_ensemble,probability_ensemble,TAIEX_regime_fixed_20d,20260624_031817,0.04580166422913533,0.32685257227070375,0.4065135355933098,0.21230429266492806,0.008527935241923107,False,/content/drive/MyDrive/AURORA_TWETF/outputs/AURORA_TWETF/purged_walk_forward_models/run_20260624_031817/probabilities/selected_probabilities_TAIEX_regime_fixed_20d_E1_validation_weighted_probability_ensemble.parquet,TAIEX_regime_fixed_20d
2024-06-20,20-day,WF1,1,validation,1,1,False,"latest eligible fold after sorting by date, split priority, and fold number",E1_validation_weighted_probability_ensemble,probability_ensemble,TAIEX_regime_fixed_20d,20260624_031817,0.04508097495493552,0.3094764342558325,0.4152021189819359,0.21895654189087413,0.011283929916422034,False,/content/drive/MyDrive/AURORA_TWETF/outputs/AURORA_TWETF/purged_walk_forward_models/run_20260624_031817/probabilities/selected_probabilities_TAIEX_regime_fixed_20d_E1_validation_weighted_probability_ensemble.parquet,TAIEX_regime_fixed_20d
2024-06-21,20-day,WF1,1,validation,1,1,False,"latest eligible fold after sorting by date, split priority, and fold number",E1_validation_weighted_probability_ensemble,probability_ensemble,TAIEX_regime_fixed_20d,20260624_031817,0.03784785674982365,0.34208196201321495,0.3900963522634716,0.22031032356569286,0.00966350540779701,False,/content/drive/MyDrive/AURORA_TWETF/outputs/AURORA_TWETF/purged_walk_forward_models/run_20260624_031817/probabilities/selected_probabilities_TAIEX_regime_fixed_20d_E1_validation_weighted_probability_ensemble.parquet,TAIEX_regime_fixed_20d
2024-06-24,20-day,WF1,1,validation,1,1,False,"latest eligible fold after sorting by date, split priority, and fold number",E1_validation_weighted_probability_ensemble,probability_ensemble,TAIEX_regime_fixed_20d,20260624_031817,0.0330328986867377,0.3182911187263082,0.4224809655436574,0.21773242689583555,0.008462590147461185,False,/content/drive/MyDrive/AURORA_TWETF/outputs/AURORA_TWETF/purged_walk_forward_models/run_20260624_031817/probabilities/selected_probabilities_TAIEX_regime_fixed_20d_E1_validation_weighted_probability_ensemble.parquet,TAIEX_regime_fixed_20d
2024-06-25,20-day,WF1,1,validation,1,1,False,"latest eligible fold after sorting by date, split priority, and fold number",E1_validation_weighted_probability_ensemble,probability_ensemble,TAIEX_regime_fixed_20d,20260624_031817,0.027627444822314776,0.3099674384610434,0.41550125486551903,0.23287638208475445,0.014027479766368442,False,/content/drive/MyDrive/AURORA_TWETF/outputs/AURORA_TWETF/purged_walk_forward_models/run_20260624_031817/probabilities/selected_probabilities_TAIEX_regime_fixed_20d_E1_validation_weighted_probability_ensemble.parquet,TAIEX_regime_fixed_20d
2024-06-26,20-day,WF2,2,validation,1,2,True,"latest eligible fold after sorting by date, split priority, and fold number",E1_validation_weighted_probability_ensemble,probability_ensemble,TAIEX_regime_fixed_20d,20260624_031817,0.006283094051630822,0.13305174169269093,0.5395652948998985,0.3075420241361761,0.013557845219603659,False,/content/drive/MyDrive/AURORA_TWETF/outputs/AURORA_TWETF/purged_walk_forward_models/run_20260624_031817/probabilities/selected_probabilities_TAIEX_regime_fixed_20d_E1_validation_weighted_probability_ensemble.parquet,TAIEX_regime_fixed_20d
2024-06-27,20-day,WF2,2,validation,1,2,True,"latest eligible fold after sorting by date, split priority, and fold number",E1_validation_weighted_probability_ensemble,probability_ensemble,TAIEX_regime_fixed_20d,20260624_031817,0.007667990512987858,0.15134799419674624,0.5385225706722491,0.29039210605578736,0.01206933856222947,False,/content/drive/MyDrive/AURORA_TWETF/outputs/AURORA_TWETF/purged_walk_forward_models/run_20260624_031817/probabilities/selected_probabilities_TAIEX_regime_fixed_20d_E1_validation_weighted_probability_ensemble.parquet,TAIEX_regime_fixed_20d
2024-06-28,20-day,WF2,2,validation,1,2,True,"latest eligible fold after sorting by date, split priority, and fold number",E1_validation_weighted_probability_ensemble,probability_ensemble,TAIEX_regime_fixed_20d,20260624_031817,0.011970866053490322,0.13851091479181374,0.5495436573700813,0.28693424006555335,0.013040321719061315,False,/content/drive/MyDrive/AURORA_TWETF/outputs/AURORA_TWETF/purged_walk_forward_models/run_20260624_031817/probabilities/selected_probabilities_TAIEX_regime_fixed_20d_E1_validation_weighted_probability_ensemble.parquet,TAIEX_regime_fixed_20d
2024-07-01,20-day,WF2,2,validation,1,2,True,"latest eligible fold after sorting by date, split priority, and fold number",E1_validation_weighted_probability_ensemble,probability_ensemble,TAIEX_regime_fixed_20d,20260624_031817,0.00757296275082181,0.12185190713623247,0.5346270028763626,0.32083336622116676,0.015114761015416393,False,/content/drive/MyDrive/AURORA_TWETF/outputs/AURORA_TWETF/purged_walk_forward_models/run_20260624_031817/probabilities/selected_probabilities_TAIEX_regime_fixed_20d_E1_validation_weighted_probability_ensemble.parquet,TAIEX_regime_fixed_20d
2024-07-02,20-day,WF2,2,validation,1,2,True,"latest eligible fold after sorting by date, split priority, and fold number",E1_validation_weighted_probability_ensemble,probability_ensemble,TAIEX_regime_fixed_20d,20260624_031817,0.009599691826349094,0.14664416570172714,0.5194438531305374,0.31006455611523703,0.01424773322614927,False,/content/drive/MyDrive/AURORA_TWETF/outputs/AURORA_TWETF/purged_walk_forward_models/run_20260624_031817/probabilities/selected_probabilities_TAIEX_regime_fixed_20d_E1_validation_weighted_probability_ensemble.parquet,TAIEX_regime_fixed_20d
2024-07-03,20-day,WF2,2,validation,1,2,True,"latest eligible fold after sorting by date, split priority, and fold number",E1_validation_weighted_probability_ensemble,probability_ensemble,TAIEX_regime_fixed_20d,20260624_031817,0.012801274662329042,0.14651549754421894,0.5226888936849727,0.30220845427188386,0.015785879836595382,False,/content/drive/MyDrive/AURORA_TWETF/outputs/AURORA_TWETF/purged_walk_forward_models/run_20260624_031817/probabilities/selected_probabilities_TAIEX_regime_fixed_20d_E1_validation_weighted_probability_ensemble.parquet,TAIEX_regime_fixed_20d
2024-07-04,20-day,WF2,2,validation,1,2,True,"latest eligible fold after sorting by date, split priority, and fold number",E1_validation_weighted_probability_ensemble,probability_ensemble,TAIEX_regime_fixed_20d,20260624_031817,0.02092551059613604,0.151795696918277,0.5133846477466067,0.30191125942402414,0.011982885314956206,False,/content/drive/MyDrive/AURORA_TWETF/outputs/AURORA_TWETF/purged_walk_forward_models/run_20260624_031817/probabilities/selected_probabilities_TAIEX_regime_fixed_20d_E1_validation_weighted_probability_ensemble.parquet,TAIEX_regime_fixed_20d
2024-07-05,20-day,WF2,2,validation,1,2,True,"latest eligible fold after sorting by date, split priority, and fold number",E1_validation_weighted_probability_ensemble,probability_ensemble,TAIEX_regime_fixed_20d,20260624_031817,0.015462995975657149,0.15939740534090416,0.5110825550068104,0.3029370849707003,0.011119958705927932,False,/content/drive/MyDrive/AURORA_TWETF/outputs/AURORA_TWETF/purged_walk_forward_models/run_20260624_031817/probabilities/selected_probabilities_TAIEX_regime_fixed_20d_E1_validation_weighted_probability_ensemble.parquet,TAIEX_regime_fixed_20d
2024-07-08,20-day,WF2,2,validation,1,2,True,"latest eligible fold after sorting by date, split priority, and fold number",E1_validation_weighted_probability_ensemble,probability_ensemble,TAIEX_regime_fixed_20d,20260624_031817,0.02012204524354595,0.12972476118023657,0.4988232574199267,0.33498537740377843,0.01634455875251229,False,/content/drive/MyDrive/AURORA_TWETF/outputs/AURORA_TWETF/purged_walk_forward_models/run_20260624_031817/probabilities/selected_probabilities_TAIEX_regime_fixed_20d_E1_validation_weighted_probability_ensemble.parquet,TAIEX_regime_fixed_20d
2024-07-09,20-day,WF2,2,validation,1,2,True,"latest eligible fold after sorting by date, split priority, and fold number",E1_validation_weighted_probability_ensemble,probability_ensemble,TAIEX_regime_fixed_20d,20260624_031817,0.009379000258017748,0.1575925196977797,0.49526711227298376,0.323788684876048,0.013972682895170865,False,/content/drive/MyDrive/AURORA_TWETF/outputs/AURORA_TWETF/purged_walk_forward_models/run_20260624_031817/probabilities/selected_probabilities_TAIEX_regime_fixed_20d_E1_validation_weighted_probability_ensemble.parquet,TAIEX_regime_fixed_20d
2024-07-10,20-day,WF2,2,validation,1,2,True,"latest eligible fold after sorting by date, split priority, and fold number",E1_validation_weighted_probability_ensemble,probability_ensemble,TAIEX_regime_fixed_20d,20260624_031817,0.006006511491814194,0.14529188817495636,0.5045250497341283,0.3272978957668277,0.01687865483227348,False,/content/drive/MyDrive/AURORA_TWETF/outputs/AURORA_TWETF/purged_walk_forward_models/run_20260624_031817/probabilities/selected_probabilities_TAIEX_regime_fixed_20d_E1_validation_weighted_probability_ensemble.parquet,TAIEX_regime_fixed_20d
2024-07-11,20-day,WF2,2,validation,1,2,True,"latest eligible fold after sorting by date, split priority, and fold number",E1_validation_weighted_probability_ensemble,probability_ensemble,TAIEX_regime_fixed_20d,20260624_031817,0.017214966025127357,0.11657713696310201,0.5145803758424382,0.33256432710621453,0.01906319406311803,False,/content/drive/MyDrive/AURORA_TWETF/outputs/AURORA_TWETF/purged_walk_forward_models/run_20260624_031817/probabilities/selected_probabilities_TAIEX_regime_fixed_20d_E1_validation_weighted_probability_ensemble.parquet,TAIEX_regime_fixed_20d
2024-07-12,20-day,WF2,2,validation,1,2,True,"latest eligible fold after sorting by date, split priority, and fold number",E1_validation_weighted_probability_ensemble,probability_ensemble,TAIEX_regime_fixed_20d,20260624_031817,0.023038526162891978,0.1171655823960276,0.4911043470834133,0.35255020098032014,0.016141343377347087,False,/content/drive/MyDrive/AURORA_TWETF/outputs/AURORA_TWETF/purged_walk_forward_models/run_20260624_031817/probabilities/selected_probabilities_TAIEX_regime_fixed_20d_E1_validation_weighted_probability_ensemble.parquet,TAIEX_regime_fixed_20d
2024-07-15,20-day,WF2,2,validation,1,2,True,"latest eligible fold after sorting by date, split priority, and fold number",E1_validation_weighted_probability_ensemble,probability_ensemble,TAIEX_regime_fixed_20d,20260624_031817,0.0038960497358476727,0.09746022223275197,0.5234573191825499,0.34909303090593113,0.026093377942919386,False,/content/drive/MyDrive/AURORA_TWETF/outputs/AURORA_TWETF/purged_walk_forward_models/run_20260624_031817/probabilities/selected_probabilities_TAIEX_regime_fixed_20d_E1_validation_weighted_probability_ensemble.parquet,TAIEX_regime_fixed_20d
2024-07-16,20-day,WF2,2,validation,1,2,True,"latest eligible fold after sorting by date, split priority, and fold number",E1_validation_weighted_probability_ensemble,probability_ensemble,TAIEX_regime_fixed_20d,20260624_031817,0.025751629740030795,0.08769119423185465,0.5065844475820201,0.35983847783850714,0.02013425060758725,False,/content/drive/MyDrive/AURORA_TWETF/outputs/AURORA_TWETF/purged_walk_forward_models/run_20260624_031817/probabilities/selected_probabilities_TAIEX_regime_fixed_20d_E1_validation_weighted_probability_ensemble.parquet,TAIEX_regime_fixed_20d
2024-07-17,20-day,WF2,2,validation,1,2,True,"latest eligible fold after sorting by date, split priority, and fold number",E1_validation_weighted_probability_ensemble,probability_ensemble,TAIEX_regime_fixed_20d,20260624_031817,0.011600901130870561,0.09571347027602804,0.5013827599836324,0.37110907148184163,0.02019379712762738,False,/content/drive/MyDrive/AURORA_TWETF/outputs/AURORA_TWETF/purged_walk_forward_models/run_20260624_031817/probabilities/selected_probabilities_TAIEX_regime_fixed_20d_E1_validation_weighted_probability_ensemble.parquet,TAIEX_regime_fixed_20d
2024-07-18,20-day,WF2,2,validation,1,2,True,"latest eligible fold after sorting by date, split priority, and fold number",E1_validation_weighted_probability_ensemble,probability_ensemble,TAIEX_regime_fixed_20d,20260624_031817,0.0055053957148413785,0.08266074222587316,0.48598210804144426,0.3909793122543164,0.03487244176352496,False,/content/drive/MyDrive/AURORA_TWETF/outputs/AURORA_TWETF/purged_walk_forward_models/run_20260624_031817/probabilities/selected_probabilities_TAIEX_regime_fixed_20d_E1_validation_weighted_probability_ensemble.parquet,TAIEX_regime_fixed_20d
2024-07-19,20-day,WF2,2,validation,1,2,True,"latest eligible fold after sorting by date, split priority, and fold number",E1_validation_weighted_probability_ensemble,probability_ensemble,TAIEX_regime_fixed_20d,20260624_031817,0.0049859426374787175,0.07043512876219028,0.39729050834885304,0.4563956484715148,0.07089277177996324,False,/content/drive/MyDrive/AURORA_TWETF/outputs/AURORA_TWETF/purged_walk_forward_models/run_20260624_031817/probabilities/selected_probabilities_TAIEX_regime_fixed_20d_E1_validation_weighted_probability_ensemble.parquet,TAIEX_regime_fixed_20d
2024-07-22,20-day,WF2,2,validation,1,2,True,"latest eligible fold after sorting by date, split priority, and fold number",E1_validation_weighted_probability_ensemble,probability_ensemble,TAIEX_regime_fixed_20d,20260624_031817,0.007121110008715347,0.06433487098120723,0.35495973174376516,0.4589072765085916,0.11467701075772077,False,/content/drive/MyDrive/AURORA_TWETF/outputs/AURORA_TWETF/purged_walk_forward_models/run_20260624_031817/probabilities/selected_probabilities_TAIEX_regime_fixed_20d_E1_validation_weighted_probability_ensemble.parquet,TAIEX_regime_fixed_20d
2024-07-23,20-day,WF2,2,validation,1,2,True,"latest eligible fold after sorting by date, split priority, and fold number",E1_validation_weighted_probability_ensemble,probability_ensemble,TAIEX_regime_fixed_20d,20260624_031817,0.0038949665503737654,0.06931049529241419,0.37571380951240063,0.46811925079094696,0.08296147785386458,False,/content/drive/MyDrive/AURORA_TWETF/outputs/AURORA_TWETF/purged_walk_forward_models/run_20260624_031817/probabilities/selected_probabilities_TAIEX_regime_fixed_20d_E1_validation_weighted_probability_ensemble.parquet,TAIEX_regime_fixed_20d
2024-07-26,20-day,WF2,2,validation,1,2,True,"latest eligible fold after sorting by date, split priority, and fold number",E1_validation_weighted_probability_ensemble,probability_ensemble,TAIEX_regime_fixed_20d,20260624_031817,0.014386583439440687,0.07801832860761643,0.4325799895256113,0.43709747114907765,0.037917627278253985,False,/content/drive/MyDrive/AURORA_TWETF/outputs/AURORA_TWETF/purged_walk_forward_models/run_20260624_031817/probabilities/selected_probabilities_TAIEX_regime_fixed_20d_E1_validation_weighted_probability_ensemble.parquet,TAIEX_regime_fixed_20d
2024-07-29,20-day,WF2,2,validation,1,2,True,"latest eligible fold after sorting by date, split priority, and fold number",E1_validation_weighted_probability_ensemble,probability_ensemble,TAIEX_regime_fixed_20d,20260624_031817,0.005263267510876808,0.03834095066577553,0.34192178243989196,0.49463192188247823,0.11984207750097753,False,/content/drive/MyDrive/AURORA_TWETF/outputs/AURORA_TWETF/purged_walk_forward_models/run_20260624_031817/probabilities/selected_probabilities_TAIEX_regime_fixed_20d_E1_validation_weighted_probability_ensemble.parquet,TAIEX_regime_fixed_20d
2024-07-30,20-day,WF2,2,validation,1,2,True,"latest eligible fold after sorting by date, split priority, and fold number",E1_validation_weighted_probability_ensemble,probability_ensemble,TAIEX_regime_fixed_20d,20260624_031817,0.01988555415644141,0.041216595361399995,0.3492832538695249,0.5045003706298,0.08511422598283377,False,/content/drive/MyDrive/AURORA_TWETF/outputs/AURORA_TWETF/purged_walk_forward_models/run_20260624_031817/probabilities/selected_probabilities_TAIEX_regime_fixed_20d_E1_validation_weighted_probability_ensemble.parquet,TAIEX_regime_fixed_20d
2024-07-31,20-day,WF2,2,validation,1,2,True,"latest eligible fold after sorting by date, split priority, and fold number",E1_validation_weighted_probability_ensemble,probability_ensemble,TAIEX_regime_fixed_20d,20260624_031817,0.01481028794072523,0.046273916111628864,0.32928103876746334,0.4910880001397254,0.11854675704045718,False,/content/drive/MyDrive/AURORA_TWETF/outputs/AURORA_TWETF/purged_walk_forward_models/run_20260624_031817/probabilities/selected_probabilities_TAIEX_regime_fixed_20d_E1_validation_weighted_probability_ensemble.parquet,TAIEX_regime_fixed_20d
2024-08-01,20-day,WF2,2,validation,1,2,True,"latest eligible fold after sorting by date, split priority, and fold number",E1_validation_weighted_probability_ensemble,probability_ensemble,TAIEX_regime_fixed_20d,20260624_031817,0.010062758622088407,0.05550832463998905,0.31997741459643064,0.5071137661484117,0.10733773599308014,False,/content/drive/MyDrive/AURORA_TWETF/outputs/AURORA_TWETF/purged_walk_forward_models/run_20260624_031817/probabilities/selected_probabilities_TAIEX_regime_fixed_20d_E1_validation_weighted_probability_ensemble.parquet,TAIEX_regime_fixed_20d
2024-08-02,20-day,WF2,2,validation,1,2,True,"latest eligible fold after sorting by date, split priority, and fold number",E1_validation_weighted_probability_ensemble,probability_ensemble,TAIEX_regime_fixed_20d,20260624_031817,0.01356041985772412,0.05399960025148191,0.3200914542334237,0.4928809240602182,0.11946760159715217,False,/content/drive/MyDrive/AURORA_TWETF/outputs/AURORA_TWETF/purged_walk_forward_models/run_20260624_031817/probabilities/selected_probabilities_TAIEX_regime_fixed_20d_E1_validation_weighted_probability_ensemble.parquet,TAIEX_regime_fixed_20d
2024-08-05,20-day,WF2,2,validation,1,2,True,"latest eligible fold after sorting by date, split priority, and fold number",E1_validation_weighted_probability_ensemble,probability_ensemble,TAIEX_regime_fixed_20d,20260624_031817,0.004785553911018953,0.057284913168958354,0.3031862948127243,0.5019483360184178,0.13279490208888073,False,/content/drive/MyDrive/AURORA_TWETF/outputs/AURORA_TWETF/purged_walk_forward_models/run_20260624_031817/probabilities/selected_probabilities_TAIEX_regime_fixed_20d_E1_validation_weighted_probability_ensemble.parquet,TAIEX_regime_fixed_20d
2024-08-06,20-day,WF2,2,validation,1,2,True,"latest eligible fold after sorting by date, split priority, and fold number",E1_validation_weighted_probability_ensemble,probability_ensemble,TAIEX_regime_fixed_20d,20260624_031817,0.0016013683165371675,0.020683954635332263,0.24633457372476378,0.4510362155829961,0.2803438877403708,False,/content/drive/MyDrive/AURORA_TWETF/outputs/AURORA_TWETF/purged_walk_forward_models/run_20260624_031817/probabilities/selected_probabilities_TAIEX_regime_fixed_20d_E1_validation_weighted_probability_ensemble.parquet,TAIEX_regime_fixed_20d
2024-08-07,20-day,WF2,2,validation,1,2,True,"latest eligible fold after sorting by date, split priority, and fold number",E1_validation_weighted_probability_ensemble,probability_ensemble,TAIEX_regime_fixed_20d,20260624_031817,0.01579705950540419,0.049455367095961884,0.23734639431410642,0.4706930479760815,0.22670813110844606,False,/content/drive/MyDrive/AURORA_TWETF/outputs/AURORA_TWETF/purged_walk_forward_models/run_20260624_031817/probabilities/selected_probabilities_TAIEX_regime_fixed_20d_E1_validation_weighted_probability_ensemble.parquet,TAIEX_regime_fixed_20d
2024-08-08,20-day,WF2,2,validation,1,2,True,"latest eligible fold after sorting by date, split priority, and fold number",E1_validation_weighted_probability_ensemble,probability_ensemble,TAIEX_regime_fixed_20d,20260624_031817,0.018862164145663142,0.047137092000962534,0.25096862536280423,0.49236592618225483,0.19066619230831536,False,/content/drive/MyDrive/AURORA_TWETF/outputs/AURORA_TWETF/purged_walk_forward_models/run_20260624_031817/probabilities/selected_probabilities_TAIEX_regime_fixed_20d_E1_validation_weighted_probability_ensemble.parquet,TAIEX_regime_fixed_20d
2024-08-09,20-day,WF2,2,validation,1,2,True,"latest eligible fold after sorting by date, split priority, and fold number",E1_validation_weighted_probability_ensemble,probability_ensemble,TAIEX_regime_fixed_20d,20260624_031817,0.027574100701182058,0.03194199052986527,0.23207584662335154,0.48825342343575917,0.22015463870984198,False,/content/drive/MyDrive/AURORA_TWETF/outputs/AURORA_TWETF/purged_walk_forward_models/run_20260624_031817/probabilities/selected_probabilities_TAIEX_regime_fixed_20d_E1_validation_weighted_probability_ensemble.parquet,TAIEX_regime_fixed_20d
2024-08-12,20-day,WF2,2,validation,1,2,True,"latest eligible fold after sorting by date, split priority, and fold number",E1_validation_weighted_probability_ensemble,probability_ensemble,TAIEX_regime_fixed_20d,20260624_031817,0.017715605307935787,0.041242130576006585,0.25935969467044284,0.517085971464151,0.16459659798146387,False,/content/drive/MyDrive/AURORA_TWETF/outputs/AURORA_TWETF/purged_walk_forward_models/run_20260624_031817/probabilities/selected_probabilities_TAIEX_regime_fixed_20d_E1_validation_weighted_probability_ensemble.parquet,TAIEX_regime_fixed_20d
2024-08-13,20-day,WF2,2,validation,1,2,True,"latest eligible fold after sorting by date, split priority, and fold number",E1_validation_weighted_probability_ensemble,probability_ensemble,TAIEX_regime_fixed_20d,20260624_031817,0.03133989389324928,0.06579795311013462,0.23466376910453318,0.5125278244907475,0.15567055940133548,False,/content/drive/MyDrive/AURORA_TWETF/outputs/AURORA_TWETF/purged_walk_forward_models/run_20260624_031817/probabilities/selected_probabilities_TAIEX_regime_fixed_20d_E1_validation_weighted_probability_ensemble.parquet,TAIEX_regime_fixed_20d
2024-08-14,20-day,WF2,2,validation,1,2,True,"latest eligible fold after sorting by date, split priority, and fold number",E1_validation_weighted_probability_ensemble,probability_ensemble,TAIEX_regime_fixed_20d,20260624_031817,0.02052396342385032,0.06263284246151045,0.25095669852814934,0.5208005383558307,0.14508595723065923,False,/content/drive/MyDrive/AURORA_TWETF/outputs/AURORA_TWETF/purged_walk_forward_models/run_20260624_031817/probabilities/selected_probabilities_TAIEX_regime_fixed_20d_E1_validation_weighted_probability_ensemble.parquet,TAIEX_regime_fixed_20d
2024-08-15,20-day,WF2,2,validation,1,2,True,"latest eligible fold after sorting by date, split priority, and fold number",E1_validation_weighted_probability_ensemble,probability_ensemble,TAIEX_regime_fixed_20d,20260624_031817,0.016190897859407076,0.07082869373904249,0.24752722408277422,0.5137048673883521,0.1517483169304243,False,/content/drive/MyDrive/AURORA_TWETF/outputs/AURORA_TWETF/purged_walk_forward_models/run_20260624_031817/probabilities/selected_probabilities_TAIEX_regime_fixed_20d_E1_validation_weighted_probability_ensemble.parquet,TAIEX_regime_fixed_20d
2024-08-16,20-day,WF2,2,validation,1,2,True,"latest eligible fold after sorting by date, split priority, and fold number",E1_validation_weighted_probability_ensemble,probability_ensemble,TAIEX_regime_fixed_20d,20260624_031817,0.014737175812656144,0.07798893750167366,0.26722484475852715,0.5148790656714654,0.12516997625567788,False,/content/drive/MyDrive/AURORA_TWETF/outputs/AURORA_TWETF/purged_walk_forward_models/run_20260624_031817/probabilities/selected_probabilities_TAIEX_regime_fixed_20d_E1_validation_weighted_probability_ensemble.parquet,TAIEX_regime_fixed_20d
2024-08-19,20-day,WF2,2,validation,1,2,True,"latest eligible fold after sorting by date, split priority, and fold number",E1_validation_weighted_probability_ensemble,probability_ensemble,TAIEX_regime_fixed_20d,20260624_031817,0.036947647327050435,0.06189801383657186,0.2751044811601046,0.5370129025897206,0.08903695508655253,False,/content/drive/MyDrive/AURORA_TWETF/outputs/AURORA_TWETF/purged_walk_forward_models/run_20260624_031817/probabilities/selected_probabilities_TAIEX_regime_fixed_20d_E1_validation_weighted_probability_ensemble.parquet,TAIEX_regime_fixed_20d
2024-08-20,20-day,WF2,2,validation,1,2,True,"latest eligible fold after sorting by date, split priority, and fold number",E1_validation_weighted_probability_ensemble,probability_ensemble,TAIEX_regime_fixed_20d,20260624_031817,0.023866141065793493,0.07960137609877346,0.3088662942958324,0.5172434638045202,0.07042272473508034,False,/content/drive/MyDrive/AURORA_TWETF/outputs/AURORA_TWETF/purged_walk_forward_models/run_20260624_031817/probabilities/selected_probabilities_TAIEX_regime_fixed_20d_E1_validation_weighted_probability_ensemble.parquet,TAIEX_regime_fixed_20d
2024-08-21,20-day,WF2,2,validation,1,2,True,"latest eligible fold after sorting by date, split priority, and fold number",E1_validation_weighted_probability_ensemble,probability_ensemble,TAIEX_regime_fixed_20d,20260624_031817,0.027024220339204683,0.08746816148533118,0.2969303664122312,0.523065844544992,0.065511407218241,False,/content/drive/MyDrive/AURORA_TWETF/outputs/AURORA_TWETF/purged_walk_forward_models/run_20260624_031817/probabilities/selected_probabilities_TAIEX_regime_fixed_20d_E1_validation_weighted_probability_ensemble.parquet,TAIEX_regime_fixed_20d
2024-08-22,20-day,WF2,2,validation,1,2,True,"latest eligible fold after sorting by date, split priority, and fold number",E1_validation_weighted_probability_ensemble,probability_ensemble,TAIEX_regime_fixed_20d,20260624_031817,0.011381482224771082,0.09017811165848567,0.3774677529536861,0.48607284240703486,0.03489981075602231,False,/content/drive/MyDrive/AURORA_TWETF/outputs/AURORA_TWETF/purged_walk_forward_models/run_20260624_031817/probabilities/selected_probabilities_TAIEX_regime_fixed_20d_E1_validation_weighted_probability_ensemble.parquet,TAIEX_regime_fixed_20d
2024-08-23,20-day,WF2,2,validation,1,2,True,"latest eligible fold after sorting by date, split priority, and fold number",E1_validation_weighted_probability_ensemble,probability_ensemble,TAIEX_regime_fixed_20d,20260624_031817,0.020565437344325047,0.07350121749533312,0.33303364583673434,0.4922599220915455,0.08063977723206191,False,/content/drive/MyDrive/AURORA_TWETF/outputs/AURORA_TWETF/purged_walk_forward_models/run_20260624_031817/probabilities/selected_probabilities_TAIEX_regime_fixed_20d_E1_validation_weighted_probability_ensemble.parquet,TAIEX_regime_fixed_20d
2024-08-26,20-day,WF2,2,validation,1,2,True,"latest eligible fold after sorting by date, split priority, and fold number",E1_validation_weighted_probability_ensemble,probability_ensemble,TAIEX_regime_fixed_20d,20260624_031817,0.03457684037449871,0.09304104106835825,0.37049530610186426,0.4668074818422885,0.035079330612990345,False,/content/drive/MyDrive/AURORA_TWETF/outputs/AURORA_TWETF/purged_walk_forward_models/run_20260624_031817/probabilities/selected_probabilities_TAIEX_regime_fixed_20d_E1_validation_weighted_probability_ensemble.parquet,TAIEX_regime_fixed_20d
2024-08-27,20-day,WF2,2,validation,1,2,True,"latest eligible fold after sorting by date, split priority, and fold number",E1_validation_weighted_probability_ensemble,probability_ensemble,TAIEX_regime_fixed_20d,20260624_031817,0.021029606144833624,0.08816007767221674,0.381206627663002,0.46910719395004785,0.040496494569899844,False,/content/drive/MyDrive/AURORA_TWETF/outputs/AURORA_TWETF/purged_walk_forward_models/run_20260624_031817/probabilities/selected_probabilities_TAIEX_regime_fixed_20d_E1_validation_weighted_probability_ensemble.parquet,TAIEX_regime_fixed_20d
2024-08-28,20-day,WF2,2,validation,1,1,False,"latest eligible fold after sorting by date, split priority, and fold number",E1_validation_weighted_probability_ensemble,probability_ensemble,TAIEX_regime_fixed_20d,20260624_031817,0.04129222065280931,0.07263561425158739,0.31496676788979905,0.5074549937712418,0.0636504034345624,False,/content/drive/MyDrive/AURORA_TWETF/outputs/AURORA_TWETF/purged_walk_forward_models/run_20260624_031817/probabilities/selected_probabilities_TAIEX_regime_fixed_20d_E1_validation_weighted_probability_ensemble.parquet,TAIEX_regime_fixed_20d
2024-08-29,20-day,WF2,2,validation,1,1,False,"latest eligible fold after sorting by date, split priority, and fold number",E1_validation_weighted_probability_ensemble,probability_ensemble,TAIEX_regime_fixed_20d,20260624_031817,0.06185272711755827,0.07348691393778506,0.3601868436153674,0.46927217365982776,0.03520134166946165,False,/content/drive/MyDrive/AURORA_TWETF/outputs/AURORA_TWETF/purged_walk_forward_models/run_20260624_031817/probabilities/selected_probabilities_TAIEX_regime_fixed_20d_E1_validation_weighted_probability_ensemble.parquet,TAIEX_regime_fixed_20d
2024-08-30,20-day,WF2,2,validation,1,1,False,"latest eligible fold after sorting by date, split priority, and fold number",E1_validation_weighted_probability_ensemble,probability_ensemble,TAIEX_regime_fixed_20d,20260624_031817,0.020293058493137096,0.0649332617977646,0.30179210278466617,0.4882859423239335,0.12469563460049869,False,/content/drive/MyDrive/AURORA_TWETF/outputs/AURORA_TWETF/purged_walk_forward_models/run_20260624_031817/probabilities/selected_probabilities_TAIEX_regime_fixed_20d_E1_validation_weighted_probability_ensemble.parquet,TAIEX_regime_fixed_20d
2024-09-02,20-day,WF2,2,validation,1,1,False,"latest eligible fold after sorting by date, split priority, and fold number",E1_validation_weighted_probability_ensemble,probability_ensemble,TAIEX_regime_fixed_20d,20260624_031817,0.0319877870171395,0.06935961889322585,0.40422669733969374,0.432494687504102,0.061931209245838954,False,/content/drive/MyDrive/AURORA_TWETF/outputs/AURORA_TWETF/purged_walk_forward_models/run_20260624_031817/probabilities/selected_probabilities_TAIEX_regime_fixed_20d_E1_validation_weighted_probability_ensemble.parquet,TAIEX_regime_fixed_20d
2024-09-03,20-day,WF2,2,validation,1,1,False,"latest eligible fold after sorting by date, split priority, and fold number",E1_validation_weighted_probability_ensemble,probability_ensemble,TAIEX_regime_fixed_20d,20260624_031817,0.049368748347663506,0.1419353085832841,0.41272796324527095,0.37088719122611763,0.025080788597663866,False,/content/drive/MyDrive/AURORA_TWETF/outputs/AURORA_TWETF/purged_walk_forward_models/run_20260624_031817/probabilities/selected_probabilities_TAIEX_regime_fixed_20d_E1_validation_weighted_probability_ensemble.parquet,TAIEX_regime_fixed_20d
2024-09-04,20-day,WF2,2,validation,1,1,False,"latest eligible fold after sorting by date, split priority, and fold number",E1_validation_weighted_probability_ensemble,probability_ensemble,TAIEX_regime_fixed_20d,20260624_031817,0.03267535236746713,0.13617916754186965,0.4096281228893412,0.39935140168243227,0.022165955518889884,False,/content/drive/MyDrive/AURORA_TWETF/outputs/AURORA_TWETF/purged_walk_forward_models/run_20260624_031817/probabilities/selected_probabilities_TAIEX_regime_fixed_20d_E1_validation_weighted_probability_ensemble.parquet,TAIEX_regime_fixed_20d
2024-09-05,20-day,WF2,2,validation,1,1,False,"latest eligible fold after sorting by date, split priority, and fold number",E1_validation_weighted_probability_ensemble,probability_ensemble,TAIEX_regime_fixed_20d,20260624_031817,0.009174508990535912,0.08918909285419654,0.30762492716902573,0.5075739712145186,0.08643749977172317,False,/content/drive/MyDrive/AURORA_TWETF/outputs/AURORA_TWETF/purged_walk_forward_models/run_20260624_031817/probabilities/selected_probabilities_TAIEX_regime_fixed_20d_E1_validation_weighted_probability_ensemble.parquet,TAIEX_regime_fixed_20d
2024-09-06,20-day,WF2,2,validation,1,1,False,"latest eligible fold after sorting by date, split priority, and fold number",E1_validation_weighted_probability_ensemble,probability_ensemble,TAIEX_regime_fixed_20d,20260624_031817,0.01564099769916734,0.11175361492456684,0.38694217449128154,0.451060774791168,0.03460243809381639,False,/content/drive/MyDrive/AURORA_TWETF/outputs/AURORA_TWETF/purged_walk_forward_models/run_20260624_031817/probabilities/selected_probabilities_TAIEX_regime_fixed_20d_E1_validation_weighted_probability_ensemble.parquet,TAIEX_regime_fixed_20d
2024-09-09,20-day,WF2,2,validation,1,1,False,"latest eligible fold after sorting by date, split priority, and fold number",E1_validation_weighted_probability_ensemble,probability_ensemble,TAIEX_regime_fixed_20d,20260624_031817,0.01672637828557533,0.11831499519802519,0.35033724351389806,0.4764394078616141,0.03818197514088746,False,/content/drive/MyDrive/AURORA_TWETF/outputs/AURORA_TWETF/purged_walk_forward_models/run_20260624_031817/probabilities/selected_probabilities_TAIEX_regime_fixed_20d_E1_validation_weighted_probability_ensemble.parquet,TAIEX_regime_fixed_20d
2024-09-10,20-day,WF2,2,validation,1,1,False,"latest eligible fold after sorting by date, split priority, and fold number",E1_validation_weighted_probability_ensemble,probability_ensemble,TAIEX_regime_fixed_20d,20260624_031817,0.007113575063998219,0.10601684566494746,0.2842520328038655,0.496880731199926,0.10573681526726283,False,/content/drive/MyDrive/AURORA_TWETF/outputs/AURORA_TWETF/purged_walk_forward_models/run_20260624_031817/probabilities/selected_probabilities_TAIEX_regime_fixed_20d_E1_validation_weighted_probability_ensemble.parquet,TAIEX_regime_fixed_20d
2024-09-11,20-day,WF2,2,validation,1,1,False,"latest eligible fold after sorting by date, split priority, and fold number",E1_validation_weighted_probability_ensemble,probability_ensemble,TAIEX_regime_fixed_20d,20260624_031817,0.007455197057317075,0.10042929975003088,0.29547127365193276,0.5130128133691969,0.08363141617152232,False,/content/drive/MyDrive/AURORA_TWETF/outputs/AURORA_TWETF/purged_walk_forward_models/run_20260624_031817/probabilities/selected_probabilities_TAIEX_regime_fixed_20d_E1_validation_weighted_probability_ensemble.parquet,TAIEX_regime_fixed_20d
2024-09-12,20-day,WF2,2,validation,1,1,False,"latest eligible fold after sorting by date, split priority, and fold number",E1_validation_weighted_probability_ensemble,probability_ensemble,TAIEX_regime_fixed_20d,20260624_031817,0.009801815931116753,0.13122235973466162,0.26222855430990216,0.49321692962364516,0.10353034040067435,False,/content/drive/MyDrive/AURORA_TWETF/outputs/AURORA_TWETF/purged_walk_forward_models/run_20260624_031817/probabilities/selected_probabilities_TAIEX_regime_fixed_20d_E1_validation_weighted_probability_ensemble.parquet,TAIEX_regime_fixed_20d
2024-09-13,20-day,WF2,2,validation,1,1,False,"latest eligible fold after sorting by date, split priority, and fold number",E1_validation_weighted_probability_ensemble,probability_ensemble,TAIEX_regime_fixed_20d,20260624_031817,0.014348061346083615,0.12581559391731448,0.30036369467617685,0.4920185034299342,0.06745414663049094,False,/content/drive/MyDrive/AURORA_TWETF/outputs/AURORA_TWETF/purged_walk_forward_models/run_20260624_031817/probabilities/selected_probabilities_TAIEX_regime_fixed_20d_E1_validation_weighted_probability_ensemble.parquet,TAIEX_regime_fixed_20d
2024-09-16,20-day,WF2,2,validation,1,1,False,"latest eligible fold after sorting by date, split priority, and fold number",E1_validation_weighted_probability_ensemble,probability_ensemble,TAIEX_regime_fixed_20d,20260624_031817,0.011082629622003409,0.12043951333514835,0.3282220692786073,0.4797847087479475,0.060471079016293436,False,/content/drive/MyDrive/AURORA_TWETF/outputs/AURORA_TWETF/purged_walk_forward_models/run_20260624_031817/probabilities/selected_probabilities_TAIEX_regime_fixed_20d_E1_validation_weighted_probability_ensemble.parquet,TAIEX_regime_fixed_20d
2024-09-18,20-day,WF2,2,validation,1,1,False,"latest eligible fold after sorting by date, split priority, and fold number",E1_validation_weighted_probability_ensemble,probability_ensemble,TAIEX_regime_fixed_20d,20260624_031817,0.015122552256877319,0.1482105724583959,0.28414191797236477,0.4834271571422686,0.06909780017009355,False,/content/drive/MyDrive/AURORA_TWETF/outputs/AURORA_TWETF/purged_walk_forward_models/run_20260624_031817/probabilities/selected_probabilities_TAIEX_regime_fixed_20d_E1_validation_weighted_probability_ensemble.parquet,TAIEX_regime_fixed_20d
2024-09-19,20-day,WF2,2,validation,1,1,False,"latest eligible fold after sorting by date, split priority, and fold number",E1_validation_weighted_probability_ensemble,probability_ensemble,TAIEX_regime_fixed_20d,20260624_031817,0.013457401928713602,0.11977450290560145,0.31058695500139555,0.4878522737541575,0.06832886641013194,False,/content/drive/MyDrive/AURORA_TWETF/outputs/AURORA_TWETF/purged_walk_forward_models/run_20260624_031817/probabilities/selected_probabilities_TAIEX_regime_fixed_20d_E1_validation_weighted_probability_ensemble.parquet,TAIEX_regime_fixed_20d
2024-09-20,20-day,WF2,2,validation,1,1,False,"latest eligible fold after sorting by date, split priority, and fold number",E1_validation_weighted_probability_ensemble,probability_ensemble,TAIEX_regime_fixed_20d,20260624_031817,0.010711915746462644,0.16077008580283392,0.334392856278987,0.43862554119409497,0.05549960097762153,False,/content/drive/MyDrive/AURORA_TWETF/outputs/AURORA_TWETF/purged_walk_forward_models/run_20260624_031817/probabilities/selected_probabilities_TAIEX_regime_fixed_20d_E1_validation_weighted_probability_ensemble.parquet,TAIEX_regime_fixed_20d
2024-09-23,20-day,WF2,2,validation,1,1,False,"latest eligible fold after sorting by date, split priority, and fold number",E1_validation_weighted_probability_ensemble,probability_ensemble,TAIEX_regime_fixed_20d,20260624_031817,0.005013399844862529,0.17737258785105123,0.32727425806334437,0.43912654870328355,0.05121320553745829,False,/content/drive/MyDrive/AURORA_TWETF/outputs/AURORA_TWETF/purged_walk_forward_models/run_20260624_031817/probabilities/selected_probabilities_TAIEX_regime_fixed_20d_E1_validation_weighted_probability_ensemble.parquet,TAIEX_regime_fixed_20d
2024-09-24,20-day,WF2,2,validation,1,1,False,"latest eligible fold after sorting by date, split priority, and fold number",E1_validation_weighted_probability_ensemble,probability_ensemble,TAIEX_regime_fixed_20d,20260624_031817,0.017367590010576844,0.15635263376953362,0.339113675035807,0.43591472485470883,0.05125137632937374,False,/content/drive/MyDrive/AURORA_TWETF/outputs/AURORA_TWETF/purged_walk_forward_models/run_20260624_031817/probabilities/selected_probabilities_TAIEX_regime_fixed_20d_E1_validation_weighted_probability_ensemble.parquet,TAIEX_regime_fixed_20d
2024-09-25,20-day,WF2,2,validation,1,1,False,"latest eligible fold after sorting by date, split priority, and fold number",E1_validation_weighted_probability_ensemble,probability_ensemble,TAIEX_regime_fixed_20d,20260624_031817,0.016800212907384357,0.12572980686941593,0.3707720941031896,0.43640536859876317,0.05029251752124698,False,/content/drive/MyDrive/AURORA_TWETF/outputs/AURORA_TWETF/purged_walk_forward_models/run_20260624_031817/probabilities/selected_probabilities_TAIEX_regime_fixed_20d_E1_validation_weighted_probability_ensemble.parquet,TAIEX_regime_fixed_20d
2024-09-26,20-day,WF1,1,test,2,3,True,"latest eligible fold after sorting by date, split priority, and fold number",E1_validation_weighted_probability_ensemble,probability_ensemble,TAIEX_regime_fixed_20d,20260624_031817,0.10938778698618856,0.19761936466391208,0.3205595862617426,0.2946264831137936,0.07780677897436326,False,/content/drive/MyDrive/AURORA_TWETF/outputs/AURORA_TWETF/purged_walk_forward_models/run_20260624_031817/probabilities/selected_probabilities_TAIEX_regime_fixed_20d_E1_validation_weighted_probability_ensemble.parquet,TAIEX_regime_fixed_20d
2024-09-27,20-day,WF1,1,test,2,3,True,"latest eligible fold after sorting by date, split priority, and fold number",E1_validation_weighted_probability_ensemble,probability_ensemble,TAIEX_regime_fixed_20d,20260624_031817,0.09048209674053106,0.2278436712473246,0.31975976061515426,0.3020424071030107,0.05987206429397937,False,/content/drive/MyDrive/AURORA_TWETF/outputs/AURORA_TWETF/purged_walk_forward_models/run_20260624_031817/probabilities/selected_probabilities_TAIEX_regime_fixed_20d_E1_validation_weighted_probability_ensemble.parquet,TAIEX_regime_fixed_20d
2024-09-30,20-day,WF1,1,test,2,3,True,"latest eligible fold after sorting by date, split priority, and fold number",E1_validation_weighted_probability_ensemble,probability_ensemble,TAIEX_regime_fixed_20d,20260624_031817,0.09434438704970036,0.23033338894147232,0.3308902140578707,0.2694515028473171,0.07498050710363953,False,/content/drive/MyDrive/AURORA_TWETF/outputs/AURORA_TWETF/purged_walk_forward_models/run_20260624_031817/probabilities/selected_probabilities_TAIEX_regime_fixed_20d_E1_validation_weighted_probability_ensemble.parquet,TAIEX_regime_fixed_20d
2024-10-01,20-day,WF1,1,test,2,3,True,"latest eligible fold after sorting by date, split priority, and fold number",E1_validation_weighted_probability_ensemble,probability_ensemble,TAIEX_regime_fixed_20d,20260624_031817,0.09354984780213217,0.19681033090143898,0.29290813801726306,0.3347478981514766,0.08198378512768917,False,/content/drive/MyDrive/AURORA_TWETF/outputs/AURORA_TWETF/purged_walk_forward_models/run_20260624_031817/probabilities/selected_probabilities_TAIEX_regime_fixed_20d_E1_validation_weighted_probability_ensemble.parquet,TAIEX_regime_fixed_20d
2024-10-04,20-day,WF1,1,test,2,3,True,"latest eligible fold after sorting by date, split priority, and fold number",E1_validation_weighted_probability_ensemble,probability_ensemble,TAIEX_regime_fixed_20d,20260624_031817,0.12200443150556718,0.18045877235542637,0.2623144215878639,0.36077421490307837,0.07444815964806424,False,/content/drive/MyDrive/AURORA_TWETF/outputs/AURORA_TWETF/purged_walk_forward_models/run_20260624_031817/probabilities/selected_probabilities_TAIEX_regime_fixed_20d_E1_validation_weighted_probability_ensemble.parquet,TAIEX_regime_fixed_20d
2024-10-07,20-day,WF1,1,test,2,3,True,"latest eligible fold after sorting by date, split priority, and fold number",E1_validation_weighted_probability_ensemble,probability_ensemble,TAIEX_regime_fixed_20d,20260624_031817,0.1227723015552543,0.2015282208131423,0.2597862324033453,0.32897388206684275,0.08693936316141541,False,/content/drive/MyDrive/AURORA_TWETF/outputs/AURORA_TWETF/purged_walk_forward_models/run_20260624_031817/probabilities/selected_probabilities_TAIEX_regime_fixed_20d_E1_validation_weighted_probability_ensemble.parquet,TAIEX_regime_fixed_20d
2024-10-08,20-day,WF1,1,test,2,3,True,"latest eligible fold after sorting by date, split priority, and fold number",E1_validation_weighted_probability_ensemble,probability_ensemble,TAIEX_regime_fixed_20d,20260624_031817,0.1874724893159846,0.20426766964003704,0.2929112431417217,0.24527096025689923,0.07007763764535753,False,/content/drive/MyDrive/AURORA_TWETF/outputs/AURORA_TWETF/purged_walk_forward_models/run_20260624_031817/probabilities/selected_probabilities_TAIEX_regime_fixed_20d_E1_validation_weighted_probability_ensemble.parquet,TAIEX_regime_fixed_20d
2024-10-09,20-day,WF1,1,test,2,3,True,"latest eligible fold after sorting by date, split priority, and fold number",E1_validation_weighted_probability_ensemble,probability_ensemble,TAIEX_regime_fixed_20d,20260624_031817,0.148238888503923,0.19888295285906954,0.3424816119886236,0.24275403944585036,0.06764250720253355,False,/content/drive/MyDrive/AURORA_TWETF/outputs/AURORA_TWETF/purged_walk_forward_models/run_20260624_031817/probabilities/selected_probabilities_TAIEX_regime_fixed_20d_E1_validation_weighted_probability_ensemble.parquet,TAIEX_regime_fixed_20d
2024-10-11,20-day,WF1,1,test,2,3,True,"latest eligible fold after sorting by date, split priority, and fold number",E1_validation_weighted_probability_ensemble,probability_ensemble,TAIEX_regime_fixed_20d,20260624_031817,0.13815506177088108,0.2068096544790884,0.3497629279312254,0.2324226470321712,0.07284970878663392,False,/content/drive/MyDrive/AURORA_TWETF/outputs/AURORA_TWETF/purged_walk_forward_models/run_20260624_031817/probabilities/selected_probabilities_TAIEX_regime_fixed_20d_E1_validation_weighted_probability_ensemble.parquet,TAIEX_regime_fixed_20d
2024-10-14,20-day,WF1,1,test,2,3,True,"latest eligible fold after sorting by date, split priority, and fold number",E1_validation_weighted_probability_ensemble,probability_ensemble,TAIEX_regime_fixed_20d,20260624_031817,0.12905897196235264,0.2032438339543872,0.37807230908024275,0.22594894272728316,0.0636759422757343,False,/content/drive/MyDrive/AURORA_TWETF/outputs/AURORA_TWETF/purged_walk_forward_models/run_20260624_031817/probabilities/selected_probabilities_TAIEX_regime_fixed_20d_E1_validation_weighted_probability_ensemble.parquet,TAIEX_regime_fixed_20d
2024-10-15,20-day,WF1,1,test,2,3,True,"latest eligible fold after sorting by date, split priority, and fold number",E1_validation_weighted_probability_ensemble,probability_ensemble,TAIEX_regime_fixed_20d,20260624_031817,0.09759395366898081,0.2553480862752178,0.38534897721226596,0.20051475959101972,0.06119422325251579,False,/content/drive/MyDrive/AURORA_TWETF/outputs/AURORA_TWETF/purged_walk_forward_models/run_20260624_031817/probabilities/selected_probabilities_TAIEX_regime_fixed_20d_E1_validation_weighted_probability_ensemble.parquet,TAIEX_regime_fixed_20d
2024-10-16,20-day,WF1,1,test,2,3,True,"latest eligible fold after sorting by date, split priority, and fold number",E1_validation_weighted_probability_ensemble,probability_ensemble,TAIEX_regime_fixed_20d,20260624_031817,0.10959625051412827,0.21973087112979173,0.41373690381965106,0.19723216823344908,0.059703806302979966,False,/content/drive/MyDrive/AURORA_TWETF/outputs/AURORA_TWETF/purged_walk_forward_models/run_20260624_031817/probabilities/selected_probabilities_TAIEX_regime_fixed_20d_E1_validation_weighted_probability_ensemble.parquet,TAIEX_regime_fixed_20d
2024-10-17,20-day,WF1,1,test,2,3,True,"latest eligible fold after sorting by date, split priority, and fold number",E1_validation_weighted_probability_ensemble,probability_ensemble,TAIEX_regime_fixed_20d,20260624_031817,0.08637756878825334,0.23420179421700338,0.40803479820374206,0.2324949163249919,0.03889092246600937,False,/content/drive/MyDrive/AURORA_TWETF/outputs/AURORA_TWETF/purged_walk_forward_models/run_20260624_031817/probabilities/selected_probabilities_TAIEX_regime_fixed_20d_E1_validation_weighted_probability_ensemble.parquet,TAIEX_regime_fixed_20d
2024-10-18,20-day,WF1,1,test,2,3,True,"latest eligible fold after sorting by date, split priority, and fold number",E1_validation_weighted_probability_ensemble,probability_ensemble,TAIEX_regime_fixed_20d,20260624_031817,0.08952273332692534,0.24679943484728983,0.3973092381870982,0.22260170011537272,0.04376689352331399,False,/content/drive/MyDrive/AURORA_TWETF/outputs/AURORA_TWETF/purged_walk_forward_models/run_20260624_031817/probabilities/selected_probabilities_TAIEX_regime_fixed_20d_E1_validation_weighted_probability_ensemble.parquet,TAIEX_regime_fixed_20d
2024-10-21,20-day,WF1,1,test,2,3,True,"latest eligible fold after sorting by date, split priority, and fold number",E1_validation_weighted_probability_ensemble,probability_ensemble,TAIEX_regime_fixed_20d,20260624_031817,0.09081871839799888,0.2563483681889547,0.40123805013093927,0.18888100642780015,0.06271385685430715,False,/content/drive/MyDrive/AURORA_TWETF/outputs/AURORA_TWETF/purged_walk_forward_models/run_20260624_031817/probabilities/selected_probabilities_TAIEX_regime_fixed_20d_E1_validation_weighted_probability_ensemble.parquet,TAIEX_regime_fixed_20d
2024-10-22,20-day,WF1,1,test,2,3,True,"latest eligible fold after sorting by date, split priority, and fold number",E1_validation_weighted_probability_ensemble,probability_ensemble,TAIEX_regime_fixed_20d,20260624_031817,0.08326351454059276,0.25092363489260733,0.4257135900734617,0.19659516793850812,0.043504092554830134,False,/content/drive/MyDrive/AURORA_TWETF/outputs/AURORA_TWETF/purged_walk_forward_models/run_20260624_031817/probabilities/selected_probabilities_TAIEX_regime_fixed_20d_E1_validation_weighted_probability_ensemble.parquet,TAIEX_regime_fixed_20d
2024-10-23,20-day,WF1,1,test,2,3,True,"latest eligible fold after sorting by date, split priority, and fold number",E1_validation_weighted_probability_ensemble,probability_ensemble,TAIEX_regime_fixed_20d,20260624_031817,0.07570344438162421,0.2511184966533966,0.4266958260401113,0.19987780307785136,0.04660442984701664,False,/content/drive/MyDrive/AURORA_TWETF/outputs/AURORA_TWETF/purged_walk_forward_models/run_20260624_031817/probabilities/selected_probabilities_TAIEX_regime_fixed_20d_E1_validation_weighted_probability_ensemble.parquet,TAIEX_regime_fixed_20d
2024-10-24,20-day,WF1,1,test,2,3,True,"latest eligible fold after sorting by date, split priority, and fold number",E1_validation_weighted_probability_ensemble,probability_ensemble,TAIEX_regime_fixed_20d,20260624_031817,0.09096416707085352,0.2566488400407112,0.38722817369741147,0.23356129657019592,0.0315975226208279,False,/content/drive/MyDrive/AURORA_TWETF/outputs/AURORA_TWETF/purged_walk_forward_models/run_20260624_031817/probabilities/selected_probabilities_TAIEX_regime_fixed_20d_E1_validation_weighted_probability_ensemble.parquet,TAIEX_regime_fixed_20d
2024-10-25,20-day,WF1,1,test,2,3,True,"latest eligible fold after sorting by date, split priority, and fold number",E1_validation_weighted_probability_ensemble,probability_ensemble,TAIEX_regime_fixed_20d,20260624_031817,0.09251260247174925,0.25057543122431125,0.3976989649855098,0.23349593841869104,0.025717062899738723,False,/content/drive/MyDrive/AURORA_TWETF/outputs/AURORA_TWETF/purged_walk_forward_models/run_20260624_031817/probabilities/selected_probabilities_TAIEX_regime_fixed_20d_E1_validation_weighted_probability_ensemble.parquet,TAIEX_regime_fixed_20d
2024-10-28,20-day,WF1,1,test,2,3,True,"latest eligible fold after sorting by date, split priority, and fold number",E1_validation_weighted_probability_ensemble,probability_ensemble,TAIEX_regime_fixed_20d,20260624_031817,0.08535110322565062,0.25059810052451303,0.3981180013003786,0.2377947617245141,0.02813803322494372,False,/content/drive/MyDrive/AURORA_TWETF/outputs/AURORA_TWETF/purged_walk_forward_models/run_20260624_031817/probabilities/selected_probabilities_TAIEX_regime_fixed_20d_E1_validation_weighted_probability_ensemble.parquet,TAIEX_regime_fixed_20d
2024-10-29,20-day,WF1,1,test,2,3,True,"latest eligible fold after sorting by date, split priority, and fold number",E1_validation_weighted_probability_ensemble,probability_ensemble,TAIEX_regime_fixed_20d,20260624_031817,0.07222875628138085,0.2657232857819445,0.4001144040731553,0.2161452790430489,0.04578827482047046,False,/content/drive/MyDrive/AURORA_TWETF/outputs/AURORA_TWETF/purged_walk_forward_models/run_20260624_031817/probabilities/selected_probabilities_TAIEX_regime_fixed_20d_E1_validation_weighted_probability_ensemble.parquet,TAIEX_regime_fixed_20d
2024-10-30,20-day,WF1,1,test,2,3,True,"latest eligible fold after sorting by date, split priority, and fold number",E1_validation_weighted_probability_ensemble,probability_ensemble,TAIEX_regime_fixed_20d,20260624_031817,0.09193083039702893,0.2185119409031347,0.37034976841063066,0.26717351540356565,0.052033944885640136,False,/content/drive/MyDrive/AURORA_TWETF/outputs/AURORA_TWETF/purged_walk_forward_models/run_20260624_031817/probabilities/selected_probabilities_TAIEX_regime_fixed_20d_E1_validation_weighted_probability_ensemble.parquet,TAIEX_regime_fixed_20d
2024-11-01,20-day,WF1,1,test,2,3,True,"latest eligible fold after sorting by date, split priority, and fold number",E1_validation_weighted_probability_ensemble,probability_ensemble,TAIEX_regime_fixed_20d,20260624_031817,0.08444979639318723,0.2161854181608728,0.35329131821088366,0.3018321059961013,0.04424136123895505,False,/content/drive/MyDrive/AURORA_TWETF/outputs/AURORA_TWETF/purged_walk_forward_models/run_20260624_031817/probabilities/selected_probabilities_TAIEX_regime_fixed_20d_E1_validation_weighted_probability_ensemble.parquet,TAIEX_regime_fixed_20d
2024-11-04,20-day,WF1,1,test,2,3,True,"latest eligible fold after sorting by date, split priority, and fold number",E1_validation_weighted_probability_ensemble,probability_ensemble,TAIEX_regime_fixed_20d,20260624_031817,0.0920619845842051,0.22568589215452123,0.3430765836249453,0.27799690664536786,0.06117863299096057,False,/content/drive/MyDrive/AURORA_TWETF/outputs/AURORA_TWETF/purged_walk_forward_models/run_20260624_031817/probabilities/selected_probabilities_TAIEX_regime_fixed_20d_E1_validation_weighted_probability_ensemble.parquet,TAIEX_regime_fixed_20d
2024-11-05,20-day,WF1,1,test,2,3,True,"latest eligible fold after sorting by date, split priority, and fold number",E1_validation_weighted_probability_ensemble,probability_ensemble,TAIEX_regime_fixed_20d,20260624_031817,0.1022143867253804,0.20222180655777625,0.3962607738033847,0.2622942864219224,0.037008746491536286,False,/content/drive/MyDrive/AURORA_TWETF/outputs/AURORA_TWETF/purged_walk_forward_models/run_20260624_031817/probabilities/selected_probabilities_TAIEX_regime_fixed_20d_E1_validation_weighted_probability_ensemble.parquet,TAIEX_regime_fixed_20d
2024-11-06,20-day,WF1,1,test,2,3,True,"latest eligible fold after sorting by date, split priority, and fold number",E1_validation_weighted_probability_ensemble,probability_ensemble,TAIEX_regime_fixed_20d,20260624_031817,0.08016807841813346,0.19267422559805322,0.4518644908410248,0.2394158974621262,0.03587730768066238,False,/content/drive/MyDrive/AURORA_TWETF/outputs/AURORA_TWETF/purged_walk_forward_models/run_20260624_031817/probabilities/selected_probabilities_TAIEX_regime_fixed_20d_E1_validation_weighted_probability_ensemble.parquet,TAIEX_regime_fixed_20d
2024-11-07,20-day,WF1,1,test,2,3,True,"latest eligible fold after sorting by date, split priority, and fold number",E1_validation_weighted_probability_ensemble,probability_ensemble,TAIEX_regime_fixed_20d,20260624_031817,0.09210071624720698,0.21163257374686448,0.4364149463092622,0.23618776125996518,0.023664002436701227,False,/content/drive/MyDrive/AURORA_TWETF/outputs/AURORA_TWETF/purged_walk_forward_models/run_20260624_031817/probabilities/selected_probabilities_TAIEX_regime_fixed_20d_E1_validation_weighted_probability_ensemble.parquet,TAIEX_regime_fixed_20d
2024-11-08,20-day,WF1,1,test,2,3,True,"latest eligible fold after sorting by date, split priority, and fold number",E1_validation_weighted_probability_ensemble,probability_ensemble,TAIEX_regime_fixed_20d,20260624_031817,0.07637738365273196,0.24482549716495958,0.4422869592461429,0.22126215804944718,0.015248001886718451,False,/content/drive/MyDrive/AURORA_TWETF/outputs/AURORA_TWETF/purged_walk_forward_models/run_20260624_031817/probabilities/selected_probabilities_TAIEX_regime_fixed_20d_E1_validation_weighted_probability_ensemble.parquet,TAIEX_regime_fixed_20d
2024-11-11,20-day,WF1,1,test,2,3,True,"latest eligible fold after sorting by date, split priority, and fold number",E1_validation_weighted_probability_ensemble,probability_ensemble,TAIEX_regime_fixed_20d,20260624_031817,0.06568481698505746,0.2342264048423295,0.4560271872817444,0.23180329654363357,0.012258294347235143,False,/content/drive/MyDrive/AURORA_TWETF/outputs/AURORA_TWETF/purged_walk_forward_models/run_20260624_031817/probabilities/selected_probabilities_TAIEX_regime_fixed_20d_E1_validation_weighted_probability_ensemble.parquet,TAIEX_regime_fixed_20d
2024-11-12,20-day,WF1,1,test,2,3,True,"latest eligible fold after sorting by date, split priority, and fold number",E1_validation_weighted_probability_ensemble,probability_ensemble,TAIEX_regime_fixed_20d,20260624_031817,0.06828073168837719,0.2349058800306017,0.4457980502354804,0.23549350615438597,0.01552183189115478,False,/content/drive/MyDrive/AURORA_TWETF/outputs/AURORA_TWETF/purged_walk_forward_models/run_20260624_031817/probabilities/selected_probabilities_TAIEX_regime_fixed_20d_E1_validation_weighted_probability_ensemble.parquet,TAIEX_regime_fixed_20d
2024-11-13,20-day,WF1,1,test,2,3,True,"latest eligible fold after sorting by date, split priority, and fold number",E1_validation_weighted_probability_ensemble,probability_ensemble,TAIEX_regime_fixed_20d,20260624_031817,0.08245986567053394,0.19639418679248663,0.41804277036738063,0.2748435503190897,0.0282596268505092,False,/content/drive/MyDrive/AURORA_TWETF/outputs/AURORA_TWETF/purged_walk_forward_models/run_20260624_031817/probabilities/selected_probabilities_TAIEX_regime_fixed_20d_E1_validation_weighted_probability_ensemble.parquet,TAIEX_regime_fixed_20d
2024-11-14,20-day,WF1,1,test,2,3,True,"latest eligible fold after sorting by date, split priority, and fold number",E1_validation_weighted_probability_ensemble,probability_ensemble,TAIEX_regime_fixed_20d,20260624_031817,0.08503132482316095,0.19398421811002442,0.3916724955013641,0.29226302045686187,0.037048941108588716,False,/content/drive/MyDrive/AURORA_TWETF/outputs/AURORA_TWETF/purged_walk_forward_models/run_20260624_031817/probabilities/selected_probabilities_TAIEX_regime_fixed_20d_E1_validation_weighted_probability_ensemble.parquet,TAIEX_regime_fixed_20d
2024-11-15,20-day,WF1,1,test,2,3,True,"latest eligible fold after sorting by date, split priority, and fold number",E1_validation_weighted_probability_ensemble,probability_ensemble,TAIEX_regime_fixed_20d,20260624_031817,0.0727826311086072,0.19090035459867624,0.36169009150961484,0.3388923776429269,0.035734545140174906,False,/content/drive/MyDrive/AURORA_TWETF/outputs/AURORA_TWETF/purged_walk_forward_models/run_20260624_031817/probabilities/selected_probabilities_TAIEX_regime_fixed_20d_E1_validation_weighted_probability_ensemble.parquet,TAIEX_regime_fixed_20d
2024-11-18,20-day,WF1,1,test,2,3,True,"latest eligible fold after sorting by date, split priority, and fold number",E1_validation_weighted_probability_ensemble,probability_ensemble,TAIEX_regime_fixed_20d,20260624_031817,0.10018818741796262,0.1842953029109072,0.3292538250163384,0.35591654529844075,0.030346139356351054,False,/content/drive/MyDrive/AURORA_TWETF/outputs/AURORA_TWETF/purged_walk_forward_models/run_20260624_031817/probabilities/selected_probabilities_TAIEX_regime_fixed_20d_E1_validation_weighted_probability_ensemble.parquet,TAIEX_regime_fixed_20d
2024-11-19,20-day,WF1,1,test,2,3,True,"latest eligible fold after sorting by date, split priority, and fold number",E1_validation_weighted_probability_ensemble,probability_ensemble,TAIEX_regime_fixed_20d,20260624_031817,0.08273503914462318,0.17878178516241552,0.3100640433315601,0.37086278420545093,0.05755634815595025,False,/content/drive/MyDrive/AURORA_TWETF/outputs/AURORA_TWETF/purged_walk_forward_models/run_20260624_031817/probabilities/selected_probabilities_TAIEX_regime_fixed_20d_E1_validation_weighted_probability_ensemble.parquet,TAIEX_regime_fixed_20d
2024-11-20,20-day,WF1,1,test,2,3,True,"latest eligible fold after sorting by date, split priority, and fold number",E1_validation_weighted_probability_ensemble,probability_ensemble,TAIEX_regime_fixed_20d,20260624_031817,0.10897163764873985,0.1875285325487326,0.30784789244527616,0.36490462486193187,0.030747312495319548,False,/content/drive/MyDrive/AURORA_TWETF/outputs/AURORA_TWETF/purged_walk_forward_models/run_20260624_031817/probabilities/selected_probabilities_TAIEX_regime_fixed_20d_E1_validation_weighted_probability_ensemble.parquet,TAIEX_regime_fixed_20d
2024-11-21,20-day,WF1,1,test,2,3,True,"latest eligible fold after sorting by date, split priority, and fold number",E1_validation_weighted_probability_ensemble,probability_ensemble,TAIEX_regime_fixed_20d,20260624_031817,0.07868512894616464,0.20070972144268118,0.29764581751024055,0.3878241777765545,0.035135154324359257,False,/content/drive/MyDrive/AURORA_TWETF/outputs/AURORA_TWETF/purged_walk_forward_models/run_20260624_031817/probabilities/selected_probabilities_TAIEX_regime_fixed_20d_E1_validation_weighted_probability_ensemble.parquet,TAIEX_regime_fixed_20d
2024-11-22,20-day,WF1,1,test,2,3,True,"latest eligible fold after sorting by date, split priority, and fold number",E1_validation_weighted_probability_ensemble,probability_ensemble,TAIEX_regime_fixed_20d,20260624_031817,0.07287150335144857,0.19709912604304214,0.33273980895262545,0.34310682789415886,0.054182733758725024,False,/content/drive/MyDrive/AURORA_TWETF/outputs/AURORA_TWETF/purged_walk_forward_models/run_20260624_031817/probabilities/selected_probabilities_TAIEX_regime_fixed_20d_E1_validation_weighted_probability_ensemble.parquet,TAIEX_regime_fixed_20d
2024-11-25,20-day,WF1,1,test,2,3,True,"latest eligible fold after sorting by date, split priority, and fold number",E1_validation_weighted_probability_ensemble,probability_ensemble,TAIEX_regime_fixed_20d,20260624_031817,0.07903011295611818,0.1921583464179016,0.36572811421644624,0.3345066348265344,0.028576791582999597,False,/content/drive/MyDrive/AURORA_TWETF/outputs/AURORA_TWETF/purged_walk_forward_models/run_20260624_031817/probabilities/selected_probabilities_TAIEX_regime_fixed_20d_E1_validation_weighted_probability_ensemble.parquet,TAIEX_regime_fixed_20d
2024-11-26,20-day,WF1,1,test,2,3,True,"latest eligible fold after sorting by date, split priority, and fold number",E1_validation_weighted_probability_ensemble,probability_ensemble,TAIEX_regime_fixed_20d,20260624_031817,0.07597005193652168,0.20595357620528262,0.3408513897945239,0.348115105993696,0.029109876069975824,False,/content/drive/MyDrive/AURORA_TWETF/outputs/AURORA_TWETF/purged_walk_forward_models/run_20260624_031817/probabilities/selected_probabilities_TAIEX_regime_fixed_20d_E1_validation_weighted_probability_ensemble.parquet,TAIEX_regime_fixed_20d
2024-11-27,20-day,WF1,1,test,2,3,True,"latest eligible fold after sorting by date, split priority, and fold number",E1_validation_weighted_probability_ensemble,probability_ensemble,TAIEX_regime_fixed_20d,20260624_031817,0.0684396384696339,0.18942259876900952,0.3224331484805356,0.3764648717229541,0.04323974255786686,True,/content/drive/MyDrive/AURORA_TWETF/outputs/AURORA_TWETF/purged_walk_forward_models/run_20260624_031817/probabilities/selected_probabilities_TAIEX_regime_fixed_20d_E1_validation_weighted_probability_ensemble.parquet,TAIEX_regime_fixed_20d
2024-11-28,20-day,WF1,1,test,2,3,True,"latest eligible fold after sorting by date, split priority, and fold number",E1_validation_weighted_probability_ensemble,probability_ensemble,TAIEX_regime_fixed_20d,20260624_031817,0.07918786809669744,0.1912092900250312,0.24134027486900034,0.3976451794221299,0.09061738758714112,True,/content/drive/MyDrive/AURORA_TWETF/outputs/AURORA_TWETF/purged_walk_forward_models/run_20260624_031817/probabilities/selected_probabilities_TAIEX_regime_fixed_20d_E1_validation_weighted_probability_ensemble.parquet,TAIEX_regime_fixed_20d
2024-11-29,20-day,WF1,1,test,2,3,True,"latest eligible fold after sorting by date, split priority, and fold number",E1_validation_weighted_probability_ensemble,probability_ensemble,TAIEX_regime_fixed_20d,20260624_031817,0.08451686435187734,0.2058851187897301,0.24802028822976863,0.3995803731426593,0.06199735548596471,True,/content/drive/MyDrive/AURORA_TWETF/outputs/AURORA_TWETF/purged_walk_forward_models/run_20260624_031817/probabilities/selected_probabilities_TAIEX_regime_fixed_20d_E1_validation_weighted_probability_ensemble.parquet,TAIEX_regime_fixed_20d
2024-12-02,20-day,WF1,1,test,2,3,True,"latest eligible fold after sorting by date, split priority, and fold number",E1_validation_weighted_probability_ensemble,probability_ensemble,TAIEX_regime_fixed_20d,20260624_031817,0.09613422883234572,0.20366353963733635,0.25632659583241807,0.37617724563859944,0.06769839005930045,True,/content/drive/MyDrive/AURORA_TWETF/outputs/AURORA_TWETF/purged_walk_forward_models/run_20260624_031817/probabilities/selected_probabilities_TAIEX_regime_fixed_20d_E1_validation_weighted_probability_ensemble.parquet,TAIEX_regime_fixed_20d
2024-12-03,20-day,WF1,1,test,2,3,True,"latest eligible fold after sorting by date, split priority, and fold number",E1_validation_weighted_probability_ensemble,probability_ensemble,TAIEX_regime_fixed_20d,20260624_031817,0.08837540123183335,0.2097730519049052,0.33027518307199993,0.34781860934625664,0.023757754445004962,True,/content/drive/MyDrive/AURORA_TWETF/outputs/AURORA_TWETF/purged_walk_forward_models/run_20260624_031817/probabilities/selected_probabilities_TAIEX_regime_fixed_20d_E1_validation_weighted_probability_ensemble.parquet,TAIEX_regime_fixed_20d
2024-12-04,20-day,WF1,1,test,2,3,True,"latest eligible fold after sorting by date, split priority, and fold number",E1_validation_weighted_probability_ensemble,probability_ensemble,TAIEX_regime_fixed_20d,20260624_031817,0.08791024295498645,0.21436790744818618,0.3657400304110662,0.31878995030463503,0.013191868881126242,True,/content/drive/MyDrive/AURORA_TWETF/outputs/AURORA_TWETF/purged_walk_forward_models/run_20260624_031817/probabilities/selected_probabilities_TAIEX_regime_fixed_20d_E1_validation_weighted_probability_ensemble.parquet,TAIEX_regime_fixed_20d
2024-12-05,20-day,WF1,1,test,2,3,True,"latest eligible fold after sorting by date, split priority, and fold number",E1_validation_weighted_probability_ensemble,probability_ensemble,TAIEX_regime_fixed_20d,20260624_031817,0.09004769098156806,0.21093841079502176,0.3771541023912844,0.3044582372650002,0.017401558567125622,True,/content/drive/MyDrive/AURORA_TWETF/outputs/AURORA_TWETF/purged_walk_forward_models/run_20260624_031817/probabilities/selected_probabilities_TAIEX_regime_fixed_20d_E1_validation_weighted_probability_ensemble.parquet,TAIEX_regime_fixed_20d
2024-12-06,20-day,WF1,1,test,2,3,True,"latest eligible fold after sorting by date, split priority, and fold number",E1_validation_weighted_probability_ensemble,probability_ensemble,TAIEX_regime_fixed_20d,20260624_031817,0.06946023804476593,0.242547992248756,0.35628663541925976,0.31680805055939354,0.014897083727824868,True,/content/drive/MyDrive/AURORA_TWETF/outputs/AURORA_TWETF/purged_walk_forward_models/run_20260624_031817/probabilities/selected_probabilities_TAIEX_regime_fixed_20d_E1_validation_weighted_probability_ensemble.parquet,TAIEX_regime_fixed_20d
2024-12-09,20-day,WF1,1,test,2,3,True,"latest eligible fold after sorting by date, split priority, and fold number",E1_validation_weighted_probability_ensemble,probability_ensemble,TAIEX_regime_fixed_20d,20260624_031817,0.05282735710735283,0.2748973000250902,0.3543225178348079,0.30025420810608544,0.017698616926663593,True,/content/drive/MyDrive/AURORA_TWETF/outputs/AURORA_TWETF/purged_walk_forward_models/run_20260624_031817/probabilities/selected_probabilities_TAIEX_regime_fixed_20d_E1_validation_weighted_probability_ensemble.parquet,TAIEX_regime_fixed_20d
2024-12-10,20-day,WF1,1,test,2,3,True,"latest eligible fold after sorting by date, split priority, and fold number",E1_validation_weighted_probability_ensemble,probability_ensemble,TAIEX_regime_fixed_20d,20260624_031817,0.04494474703687225,0.2619102728405484,0.3632016519956959,0.3063661760639973,0.023577152062886204,True,/content/drive/MyDrive/AURORA_TWETF/outputs/AURORA_TWETF/purged_walk_forward_models/run_20260624_031817/probabilities/selected_probabilities_TAIEX_regime_fixed_20d_E1_validation_weighted_probability_ensemble.parquet,TAIEX_regime_fixed_20d
2024-12-11,20-day,WF1,1,test,2,3,True,"latest eligible fold after sorting by date, split priority, and fold number",E1_validation_weighted_probability_ensemble,probability_ensemble,TAIEX_regime_fixed_20d,20260624_031817,0.04387243554052183,0.24896465298041226,0.39455992014274177,0.29671879838499565,0.01588419295132856,True,/content/drive/MyDrive/AURORA_TWETF/outputs/AURORA_TWETF/purged_walk_forward_models/run_20260624_031817/probabilities/selected_probabilities_TAIEX_regime_fixed_20d_E1_validation_weighted_probability_ensemble.parquet,TAIEX_regime_fixed_20d
2024-12-12,20-day,WF1,1,test,2,3,True,"latest eligible fold after sorting by date, split priority, and fold number",E1_validation_weighted_probability_ensemble,probability_ensemble,TAIEX_regime_fixed_20d,20260624_031817,0.05319557193305367,0.22652930478833264,0.39546740326855123,0.3029523029572416,0.02185541705282088,True,/content/drive/MyDrive/AURORA_TWETF/outputs/AURORA_TWETF/purged_walk_forward_models/run_20260624_031817/probabilities/selected_probabilities_TAIEX_regime_fixed_20d_E1_validation_weighted_probability_ensemble.parquet,TAIEX_regime_fixed_20d
2024-12-13,20-day,WF1,1,test,2,3,True,"latest eligible fold after sorting by date, split priority, and fold number",E1_validation_weighted_probability_ensemble,probability_ensemble,TAIEX_regime_fixed_20d,20260624_031817,0.05931349421230218,0.2185786706780908,0.40731938327022876,0.30220012992945594,0.012588321909922328,True,/content/drive/MyDrive/AURORA_TWETF/outputs/AURORA_TWETF/purged_walk_forward_models/run_20260624_031817/probabilities/selected_probabilities_TAIEX_regime_fixed_20d_E1_validation_weighted_probability_ensemble.parquet,TAIEX_regime_fixed_20d
2024-12-16,20-day,WF1,1,test,2,3,True,"latest eligible fold after sorting by date, split priority, and fold number",E1_validation_weighted_probability_ensemble,probability_ensemble,TAIEX_regime_fixed_20d,20260624_031817,0.04223223186595728,0.24785246190403462,0.40324532423467385,0.29164039806059955,0.0150295839347347,True,/content/drive/MyDrive/AURORA_TWETF/outputs/AURORA_TWETF/purged_walk_forward_models/run_20260624_031817/probabilities/selected_probabilities_TAIEX_regime_fixed_20d_E1_validation_weighted_probability_ensemble.parquet,TAIEX_regime_fixed_20d
2024-12-17,20-day,WF1,1,test,2,3,True,"latest eligible fold after sorting by date, split priority, and fold number",E1_validation_weighted_probability_ensemble,probability_ensemble,TAIEX_regime_fixed_20d,20260624_031817,0.04650502143381014,0.23858928840684404,0.4122373431967811,0.2873984205412454,0.015269926421319186,True,/content/drive/MyDrive/AURORA_TWETF/outputs/AURORA_TWETF/purged_walk_forward_models/run_20260624_031817/probabilities/selected_probabilities_TAIEX_regime_fixed_20d_E1_validation_weighted_probability_ensemble.parquet,TAIEX_regime_fixed_20d
2024-12-18,20-day,WF1,1,test,2,3,True,"latest eligible fold after sorting by date, split priority, and fold number",E1_validation_weighted_probability_ensemble,probability_ensemble,TAIEX_regime_fixed_20d,20260624_031817,0.04423081641382595,0.22158945675221994,0.42544313677648055,0.30116720629045596,0.007569383767017737,True,/content/drive/MyDrive/AURORA_TWETF/outputs/AURORA_TWETF/purged_walk_forward_models/run_20260624_031817/probabilities/selected_probabilities_TAIEX_regime_fixed_20d_E1_validation_weighted_probability_ensemble.parquet,TAIEX_regime_fixed_20d
2024-12-19,20-day,WF1,1,test,2,3,True,"latest eligible fold after sorting by date, split priority, and fold number",E1_validation_weighted_probability_ensemble,probability_ensemble,TAIEX_regime_fixed_20d,20260624_031817,0.05627999043917695,0.2219355186378702,0.33880913636543786,0.3690378778330354,0.013937476724479586,True,/content/drive/MyDrive/AURORA_TWETF/outputs/AURORA_TWETF/purged_walk_forward_models/run_20260624_031817/probabilities/selected_probabilities_TAIEX_regime_fixed_20d_E1_validation_weighted_probability_ensemble.parquet,TAIEX_regime_fixed_20d
2024-12-20,20-day,WF1,1,test,2,3,True,"latest eligible fold after sorting by date, split priority, and fold number",E1_validation_weighted_probability_ensemble,probability_ensemble,TAIEX_regime_fixed_20d,20260624_031817,0.0838104819805636,0.19142558405055082,0.3354978620119402,0.37036504015395705,0.018901031802988362,True,/content/drive/MyDrive/AURORA_TWETF/outputs/AURORA_TWETF/purged_walk_forward_models/run_20260624_031817/probabilities/selected_probabilities_TAIEX_regime_fixed_20d_E1_validation_weighted_probability_ensemble.parquet,TAIEX_regime_fixed_20d
2024-12-23,20-day,WF1,1,test,2,3,True,"latest eligible fold after sorting by date, split priority, and fold number",E1_validation_weighted_probability_ensemble,probability_ensemble,TAIEX_regime_fixed_20d,20260624_031817,0.06722332901336904,0.1775349538023838,0.3285270267347741,0.40665176337331527,0.020062927076157904,True,/content/drive/MyDrive/AURORA_TWETF/outputs/AURORA_TWETF/purged_walk_forward_models/run_20260624_031817/probabilities/selected_probabilities_TAIEX_regime_fixed_20d_E1_validation_weighted_probability_ensemble.parquet,TAIEX_regime_fixed_20d
2024-12-24,20-day,WF1,1,test,2,3,True,"latest eligible fold after sorting by date, split priority, and fold number",E1_validation_weighted_probability_ensemble,probability_ensemble,TAIEX_regime_fixed_20d,20260624_031817,0.07365900140131394,0.21022410652783166,0.31428467425988293,0.3819431069272593,0.01988911088371211,True,/content/drive/MyDrive/AURORA_TWETF/outputs/AURORA_TWETF/purged_walk_forward_models/run_20260624_031817/probabilities/selected_probabilities_TAIEX_regime_fixed_20d_E1_validation_weighted_probability_ensemble.parquet,TAIEX_regime_fixed_20d
2024-12-25,20-day,WF1,1,test,2,3,True,"latest eligible fold after sorting by date, split priority, and fold number",E1_validation_weighted_probability_ensemble,probability_ensemble,TAIEX_regime_fixed_20d,20260624_031817,0.0656431683334376,0.21393339321700877,0.3587344241687989,0.33987845801358524,0.02181055626716957,True,/content/drive/MyDrive/AURORA_TWETF/outputs/AURORA_TWETF/purged_walk_forward_models/run_20260624_031817/probabilities/selected_probabilities_TAIEX_regime_fixed_20d_E1_validation_weighted_probability_ensemble.parquet,TAIEX_regime_fixed_20d
2024-12-26,20-day,WF1,1,test,2,3,True,"latest eligible fold after sorting by date, split priority, and fold number",E1_validation_weighted_probability_ensemble,probability_ensemble,TAIEX_regime_fixed_20d,20260624_031817,0.058917798835735315,0.2212836451210305,0.37849310304757483,0.3327962347123655,0.008509218283293886,True,/content/drive/MyDrive/AURORA_TWETF/outputs/AURORA_TWETF/purged_walk_forward_models/run_20260624_031817/probabilities/selected_probabilities_TAIEX_regime_fixed_20d_E1_validation_weighted_probability_ensemble.parquet,TAIEX_regime_fixed_20d
2024-12-27,20-day,WF1,1,test,2,3,True,"latest eligible fold after sorting by date, split priority, and fold number",E1_validation_weighted_probability_ensemble,probability_ensemble,TAIEX_regime_fixed_20d,20260624_031817,0.04886760116511079,0.23432908610804426,0.38417665755218744,0.3247915485365171,0.007835106638140485,True,/content/drive/MyDrive/AURORA_TWETF/outputs/AURORA_TWETF/purged_walk_forward_models/run_20260624_031817/probabilities/selected_probabilities_TAIEX_regime_fixed_20d_E1_validation_weighted_probability_ensemble.parquet,TAIEX_regime_fixed_20d
2024-12-30,20-day,WF1,1,test,2,3,True,"latest eligible fold after sorting by date, split priority, and fold number",E1_validation_weighted_probability_ensemble,probability_ensemble,TAIEX_regime_fixed_20d,20260624_031817,0.05648245018031688,0.24758652613026505,0.34793269037940333,0.33835432157007944,0.009644011739935373,True,/content/drive/MyDrive/AURORA_TWETF/outputs/AURORA_TWETF/purged_walk_forward_models/run_20260624_031817/probabilities/selected_probabilities_TAIEX_regime_fixed_20d_E1_validation_weighted_probability_ensemble.parquet,TAIEX_regime_fixed_20d
2024-12-31,20-day,WF1,1,test,2,3,True,"latest eligible fold after sorting by date, split priority, and fold number",E1_validation_weighted_probability_ensemble,probability_ensemble,TAIEX_regime_fixed_20d,20260624_031817,0.053550680209033814,0.24408688758259958,0.3440469124651439,0.34508859514984086,0.013226924593381914,True,/content/drive/MyDrive/AURORA_TWETF/outputs/AURORA_TWETF/purged_walk_forward_models/run_20260624_031817/probabilities/selected_probabilities_TAIEX_regime_fixed_20d_E1_validation_weighted_probability_ensemble.parquet,TAIEX_regime_fixed_20d
2025-01-02,20-day,WF1,1,test,2,3,True,"latest eligible fold after sorting by date, split priority, and fold number",E1_validation_weighted_probability_ensemble,probability_ensemble,TAIEX_regime_fixed_20d,20260624_031817,0.0555574711189741,0.22981181939229506,0.3206195212318453,0.3822100857952519,0.011801102461633725,True,/content/drive/MyDrive/AURORA_TWETF/outputs/AURORA_TWETF/purged_walk_forward_models/run_20260624_031817/probabilities/selected_probabilities_TAIEX_regime_fixed_20d_E1_validation_weighted_probability_ensemble.parquet,TAIEX_regime_fixed_20d
2025-01-03,20-day,WF1,1,test,2,3,True,"latest eligible fold after sorting by date, split priority, and fold number",E1_validation_weighted_probability_ensemble,probability_ensemble,TAIEX_regime_fixed_20d,20260624_031817,0.047578564936714446,0.186741336395819,0.3093932852338281,0.44075927855398445,0.015527534879654102,True,/content/drive/MyDrive/AURORA_TWETF/outputs/AURORA_TWETF/purged_walk_forward_models/run_20260624_031817/probabilities/selected_probabilities_TAIEX_regime_fixed_20d_E1_validation_weighted_probability_ensemble.parquet,TAIEX_regime_fixed_20d
2025-01-06,20-day,WF1,1,test,2,3,True,"latest eligible fold after sorting by date, split priority, and fold number",E1_validation_weighted_probability_ensemble,probability_ensemble,TAIEX_regime_fixed_20d,20260624_031817,0.04563917925114687,0.19877354248388696,0.32665969032046605,0.41644047134085604,0.012487116603644119,True,/content/drive/MyDrive/AURORA_TWETF/outputs/AURORA_TWETF/purged_walk_forward_models/run_20260624_031817/probabilities/selected_probabilities_TAIEX_regime_fixed_20d_E1_validation_weighted_probability_ensemble.parquet,TAIEX_regime_fixed_20d
2025-01-07,20-day,WF1,1,test,2,3,True,"latest eligible fold after sorting by date, split priority, and fold number",E1_validation_weighted_probability_ensemble,probability_ensemble,TAIEX_regime_fixed_20d,20260624_031817,0.07102743192677442,0.20283213020730748,0.3775304713662407,0.33627349490651065,0.01233647159316683,True,/content/drive/MyDrive/AURORA_TWETF/outputs/AURORA_TWETF/purged_walk_forward_models/run_20260624_031817/probabilities/selected_probabilities_TAIEX_regime_fixed_20d_E1_validation_weighted_probability_ensemble.parquet,TAIEX_regime_fixed_20d
2025-01-08,20-day,WF1,1,test,2,3,True,"latest eligible fold after sorting by date, split priority, and fold number",E1_validation_weighted_probability_ensemble,probability_ensemble,TAIEX_regime_fixed_20d,20260624_031817,0.04837938174578804,0.20751348722027527,0.3915248547284555,0.3439937596120027,0.008588516693478578,True,/content/drive/MyDrive/AURORA_TWETF/outputs/AURORA_TWETF/purged_walk_forward_models/run_20260624_031817/probabilities/selected_probabilities_TAIEX_regime_fixed_20d_E1_validation_weighted_probability_ensemble.parquet,TAIEX_regime_fixed_20d
2025-01-09,20-day,WF1,1,test,2,3,True,"latest eligible fold after sorting by date, split priority, and fold number",E1_validation_weighted_probability_ensemble,probability_ensemble,TAIEX_regime_fixed_20d,20260624_031817,0.05865335207623757,0.18301475709107726,0.39802556094173064,0.35289598219953733,0.007410347691417214,True,/content/drive/MyDrive/AURORA_TWETF/outputs/AURORA_TWETF/purged_walk_forward_models/run_20260624_031817/probabilities/selected_probabilities_TAIEX_regime_fixed_20d_E1_validation_weighted_probability_ensemble.parquet,TAIEX_regime_fixed_20d
2025-01-10,20-day,WF1,1,test,2,3,True,"latest eligible fold after sorting by date, split priority, and fold number",E1_validation_weighted_probability_ensemble,probability_ensemble,TAIEX_regime_fixed_20d,20260624_031817,0.0619708778554064,0.17387099659476404,0.3903498621216893,0.362747787342279,0.011060476085861306,True,/content/drive/MyDrive/AURORA_TWETF/outputs/AURORA_TWETF/purged_walk_forward_models/run_20260624_031817/probabilities/selected_probabilities_TAIEX_regime_fixed_20d_E1_validation_weighted_probability_ensemble.parquet,TAIEX_regime_fixed_20d
2025-01-13,20-day,WF1,1,test,2,3,True,"latest eligible fold after sorting by date, split priority, and fold number",E1_validation_weighted_probability_ensemble,probability_ensemble,TAIEX_regime_fixed_20d,20260624_031817,0.06797897657999513,0.16935423647734693,0.3485928161835151,0.3974520516701618,0.016621919088981155,True,/content/drive/MyDrive/AURORA_TWETF/outputs/AURORA_TWETF/purged_walk_forward_models/run_20260624_031817/probabilities/selected_probabilities_TAIEX_regime_fixed_20d_E1_validation_weighted_probability_ensemble.parquet,TAIEX_regime_fixed_20d
2025-01-14,20-day,WF1,1,test,2,3,True,"latest eligible fold after sorting by date, split priority, and fold number",E1_validation_weighted_probability_ensemble,probability_ensemble,TAIEX_regime_fixed_20d,20260624_031817,0.10775776353288506,0.11965669106825073,0.3349173339849736,0.40672649678439887,0.030941714629491777,True,/content/drive/MyDrive/AURORA_TWETF/outputs/AURORA_TWETF/purged_walk_forward_models/run_20260624_031817/probabilities/selected_probabilities_TAIEX_regime_fixed_20d_E1_validation_weighted_probability_ensemble.parquet,TAIEX_regime_fixed_20d
2025-01-15,20-day,WF1,1,test,2,3,True,"latest eligible fold after sorting by date, split priority, and fold number",E1_validation_weighted_probability_ensemble,probability_ensemble,TAIEX_regime_fixed_20d,20260624_031817,0.10769477722884946,0.12611810559905112,0.3102102785141245,0.40784613308879175,0.04813070556918321,True,/content/drive/MyDrive/AURORA_TWETF/outputs/AURORA_TWETF/purged_walk_forward_models/run_20260624_031817/probabilities/selected_probabilities_TAIEX_regime_fixed_20d_E1_validation_weighted_probability_ensemble.parquet,TAIEX_regime_fixed_20d
2025-01-16,20-day,WF1,1,test,2,3,True,"latest eligible fold after sorting by date, split priority, and fold number",E1_validation_weighted_probability_ensemble,probability_ensemble,TAIEX_regime_fixed_20d,20260624_031817,0.08405287392562534,0.16390517913828123,0.2754133668908958,0.4199418084524488,0.056686771592748875,True,/content/drive/MyDrive/AURORA_TWETF/outputs/AURORA_TWETF/purged_walk_forward_models/run_20260624_031817/probabilities/selected_probabilities_TAIEX_regime_fixed_20d_E1_validation_weighted_probability_ensemble.parquet,TAIEX_regime_fixed_20d
2025-01-17,20-day,WF1,1,test,2,3,True,"latest eligible fold after sorting by date, split priority, and fold number",E1_validation_weighted_probability_ensemble,probability_ensemble,TAIEX_regime_fixed_20d,20260624_031817,0.0642114822249372,0.17797667375649778,0.26195478909839465,0.4736170714548776,0.022239983465292917,True,/content/drive/MyDrive/AURORA_TWETF/outputs/AURORA_TWETF/purged_walk_forward_models/run_20260624_031817/probabilities/selected_probabilities_TAIEX_regime_fixed_20d_E1_validation_weighted_probability_ensemble.parquet,TAIEX_regime_fixed_20d
2025-01-20,20-day,WF1,1,test,2,3,True,"latest eligible fold after sorting by date, split priority, and fold number",E1_validation_weighted_probability_ensemble,probability_ensemble,TAIEX_regime_fixed_20d,20260624_031817,0.06868379876593836,0.18830958012520685,0.33690020600183024,0.39132479808780607,0.014781617019218632,True,/content/drive/MyDrive/AURORA_TWETF/outputs/AURORA_TWETF/purged_walk_forward_models/run_20260624_031817/probabilities/selected_probabilities_TAIEX_regime_fixed_20d_E1_validation_weighted_probability_ensemble.parquet,TAIEX_regime_fixed_20d
2025-01-21,20-day,WF1,1,test,2,3,True,"latest eligible fold after sorting by date, split priority, and fold number",E1_validation_weighted_probability_ensemble,probability_ensemble,TAIEX_regime_fixed_20d,20260624_031817,0.05910263480297705,0.24844887113206032,0.33316971065755957,0.3479828586388615,0.011295924768541663,True,/content/drive/MyDrive/AURORA_TWETF/outputs/AURORA_TWETF/purged_walk_forward_models/run_20260624_031817/probabilities/selected_probabilities_TAIEX_regime_fixed_20d_E1_validation_weighted_probability_ensemble.parquet,TAIEX_regime_fixed_20d
2025-01-22,20-day,WF1,1,test,2,3,True,"latest eligible fold after sorting by date, split priority, and fold number",E1_validation_weighted_probability_ensemble,probability_ensemble,TAIEX_regime_fixed_20d,20260624_031817,0.056456696350520176,0.21479775238419355,0.3640244472610674,0.3431981485702983,0.021522955433920583,True,/content/drive/MyDrive/AURORA_TWETF/outputs/AURORA_TWETF/purged_walk_forward_models/run_20260624_031817/probabilities/selected_probabilities_TAIEX_regime_fixed_20d_E1_validation_weighted_probability_ensemble.parquet,TAIEX_regime_fixed_20d
2025-02-03,20-day,WF1,1,test,2,3,True,"latest eligible fold after sorting by date, split priority, and fold number",E1_validation_weighted_probability_ensemble,probability_ensemble,TAIEX_regime_fixed_20d,20260624_031817,0.07668666077958912,0.2136927628012107,0.3988008731905635,0.3023293720495126,0.008490331179124119,True,/content/drive/MyDrive/AURORA_TWETF/outputs/AURORA_TWETF/purged_walk_forward_models/run_20260624_031817/probabilities/selected_probabilities_TAIEX_regime_fixed_20d_E1_validation_weighted_probability_ensemble.parquet,TAIEX_regime_fixed_20d
2025-02-04,20-day,WF1,1,test,2,3,True,"latest eligible fold after sorting by date, split priority, and fold number",E1_validation_weighted_probability_ensemble,probability_ensemble,TAIEX_regime_fixed_20d,20260624_031817,0.09176139193089825,0.12199034186255645,0.2905413299585295,0.4512048031878133,0.04450213306020257,True,/content/drive/MyDrive/AURORA_TWETF/outputs/AURORA_TWETF/purged_walk_forward_models/run_20260624_031817/probabilities/selected_probabilities_TAIEX_regime_fixed_20d_E1_validation_weighted_probability_ensemble.parquet,TAIEX_regime_fixed_20d
2025-02-05,20-day,WF1,1,test,2,3,True,"latest eligible fold after sorting by date, split priority, and fold number",E1_validation_weighted_probability_ensemble,probability_ensemble,TAIEX_regime_fixed_20d,20260624_031817,0.10245115374060791,0.1383326576933415,0.3215587712262899,0.3912036520196691,0.046453765320091676,True,/content/drive/MyDrive/AURORA_TWETF/outputs/AURORA_TWETF/purged_walk_forward_models/run_20260624_031817/probabilities/selected_probabilities_TAIEX_regime_fixed_20d_E1_validation_weighted_probability_ensemble.parquet,TAIEX_regime_fixed_20d
2025-02-06,20-day,WF1,1,test,2,3,True,"latest eligible fold after sorting by date, split priority, and fold number",E1_validation_weighted_probability_ensemble,probability_ensemble,TAIEX_regime_fixed_20d,20260624_031817,0.11260300725095017,0.1394756455898157,0.31540221024995063,0.4034508599432238,0.02906827696605973,True,/content/drive/MyDrive/AURORA_TWETF/outputs/AURORA_TWETF/purged_walk_forward_models/run_20260624_031817/probabilities/selected_probabilities_TAIEX_regime_fixed_20d_E1_validation_weighted_probability_ensemble.parquet,TAIEX_regime_fixed_20d
2025-02-07,20-day,WF1,1,test,2,3,True,"latest eligible fold after sorting by date, split priority, and fold number",E1_validation_weighted_probability_ensemble,probability_ensemble,TAIEX_regime_fixed_20d,20260624_031817,0.07239768524615642,0.16166096145637499,0.324537627234137,0.41655754241736237,0.024846183645969248,True,/content/drive/MyDrive/AURORA_TWETF/outputs/AURORA_TWETF/purged_walk_forward_models/run_20260624_031817/probabilities/selected_probabilities_TAIEX_regime_fixed_20d_E1_validation_weighted_probability_ensemble.parquet,TAIEX_regime_fixed_20d
2025-02-10,20-day,WF1,1,test,2,3,True,"latest eligible fold after sorting by date, split priority, and fold number",E1_validation_weighted_probability_ensemble,probability_ensemble,TAIEX_regime_fixed_20d,20260624_031817,0.07976855579837425,0.1551834417718028,0.3291599392167801,0.4147019409110734,0.021186122301969534,True,/content/drive/MyDrive/AURORA_TWETF/outputs/AURORA_TWETF/purged_walk_forward_models/run_20260624_031817/probabilities/selected_probabilities_TAIEX_regime_fixed_20d_E1_validation_weighted_probability_ensemble.parquet,TAIEX_regime_fixed_20d
2025-02-11,20-day,WF1,1,test,2,3,True,"latest eligible fold after sorting by date, split priority, and fold number",E1_validation_weighted_probability_ensemble,probability_ensemble,TAIEX_regime_fixed_20d,20260624_031817,0.06893120497194505,0.18384928234843023,0.3613884452614336,0.36357737629745485,0.022253691120736406,True,/content/drive/MyDrive/AURORA_TWETF/outputs/AURORA_TWETF/purged_walk_forward_models/run_20260624_031817/probabilities/selected_probabilities_TAIEX_regime_fixed_20d_E1_validation_weighted_probability_ensemble.parquet,TAIEX_regime_fixed_20d
2025-02-12,20-day,WF1,1,test,2,3,True,"latest eligible fold after sorting by date, split priority, and fold number",E1_validation_weighted_probability_ensemble,probability_ensemble,TAIEX_regime_fixed_20d,20260624_031817,0.06733325137541525,0.19262115198629964,0.3352562545211647,0.3837175632849599,0.021071778832160642,True,/content/drive/MyDrive/AURORA_TWETF/outputs/AURORA_TWETF/purged_walk_forward_models/run_20260624_031817/probabilities/selected_probabilities_TAIEX_regime_fixed_20d_E1_validation_weighted_probability_ensemble.parquet,TAIEX_regime_fixed_20d
2025-02-13,20-day,WF1,1,test,2,3,True,"latest eligible fold after sorting by date, split priority, and fold number",E1_validation_weighted_probability_ensemble,probability_ensemble,TAIEX_regime_fixed_20d,20260624_031817,0.07710385700635888,0.17949937731334353,0.28232118165153425,0.4305431433286222,0.030532440700141175,True,/content/drive/MyDrive/AURORA_TWETF/outputs/AURORA_TWETF/purged_walk_forward_models/run_20260624_031817/probabilities/selected_probabilities_TAIEX_regime_fixed_20d_E1_validation_weighted_probability_ensemble.parquet,TAIEX_regime_fixed_20d
2025-02-14,20-day,WF1,1,test,2,3,True,"latest eligible fold after sorting by date, split priority, and fold number",E1_validation_weighted_probability_ensemble,probability_ensemble,TAIEX_regime_fixed_20d,20260624_031817,0.06721508735852871,0.20501506753631557,0.2734534473718361,0.4280860023831673,0.026230395350152327,True,/content/drive/MyDrive/AURORA_TWETF/outputs/AURORA_TWETF/purged_walk_forward_models/run_20260624_031817/probabilities/selected_probabilities_TAIEX_regime_fixed_20d_E1_validation_weighted_probability_ensemble.parquet,TAIEX_regime_fixed_20d
2025-02-17,20-day,WF1,1,test,2,3,True,"latest eligible fold after sorting by date, split priority, and fold number",E1_validation_weighted_probability_ensemble,probability_ensemble,TAIEX_regime_fixed_20d,20260624_031817,0.053845152104693116,0.1886103422053735,0.3046481734790364,0.39877123967748734,0.054125092533409726,True,/content/drive/MyDrive/AURORA_TWETF/outputs/AURORA_TWETF/purged_walk_forward_models/run_20260624_031817/probabilities/selected_probabilities_TAIEX_regime_fixed_20d_E1_validation_weighted_probability_ensemble.parquet,TAIEX_regime_fixed_20d
2025-02-18,20-day,WF1,1,test,2,3,True,"latest eligible fold after sorting by date, split priority, and fold number",E1_validation_weighted_probability_ensemble,probability_ensemble,TAIEX_regime_fixed_20d,20260624_031817,0.0496298167955186,0.25235937346820975,0.31154545746821016,0.35418513070639374,0.03228022156166783,True,/content/drive/MyDrive/AURORA_TWETF/outputs/AURORA_TWETF/purged_walk_forward_models/run_20260624_031817/probabilities/selected_probabilities_TAIEX_regime_fixed_20d_E1_validation_weighted_probability_ensemble.parquet,TAIEX_regime_fixed_20d
2025-02-19,20-day,WF1,1,test,2,3,True,"latest eligible fold after sorting by date, split priority, and fold number",E1_validation_weighted_probability_ensemble,probability_ensemble,TAIEX_regime_fixed_20d,20260624_031817,0.05021515240759794,0.24267744004319797,0.3376196822062569,0.35105150427366305,0.018436221069284185,True,/content/drive/MyDrive/AURORA_TWETF/outputs/AURORA_TWETF/purged_walk_forward_models/run_20260624_031817/probabilities/selected_probabilities_TAIEX_regime_fixed_20d_E1_validation_weighted_probability_ensemble.parquet,TAIEX_regime_fixed_20d
2025-02-20,20-day,WF1,1,test,2,3,True,"latest eligible fold after sorting by date, split priority, and fold number",E1_validation_weighted_probability_ensemble,probability_ensemble,TAIEX_regime_fixed_20d,20260624_031817,0.04435187258591962,0.2311509654456961,0.379885610142658,0.326160093597445,0.018451458228281235,True,/content/drive/MyDrive/AURORA_TWETF/outputs/AURORA_TWETF/purged_walk_forward_models/run_20260624_031817/probabilities/selected_probabilities_TAIEX_regime_fixed_20d_E1_validation_weighted_probability_ensemble.parquet,TAIEX_regime_fixed_20d
2025-02-21,20-day,WF1,1,test,2,3,True,"latest eligible fold after sorting by date, split priority, and fold number",E1_validation_weighted_probability_ensemble,probability_ensemble,TAIEX_regime_fixed_20d,20260624_031817,0.040771181623138544,0.23112995143310722,0.3806973545660516,0.32943218485517134,0.01796932752253144,True,/content/drive/MyDrive/AURORA_TWETF/outputs/AURORA_TWETF/purged_walk_forward_models/run_20260624_031817/probabilities/selected_probabilities_TAIEX_regime_fixed_20d_E1_validation_weighted_probability_ensemble.parquet,TAIEX_regime_fixed_20d
2025-02-24,20-day,WF1,1,test,2,3,True,"latest eligible fold after sorting by date, split priority, and fold number",E1_validation_weighted_probability_ensemble,probability_ensemble,TAIEX_regime_fixed_20d,20260624_031817,0.053578961815909716,0.2207736618022696,0.3665729707437105,0.334756180318415,0.024318225319695262,True,/content/drive/MyDrive/AURORA_TWETF/outputs/AURORA_TWETF/purged_walk_forward_models/run_20260624_031817/probabilities/selected_probabilities_TAIEX_regime_fixed_20d_E1_validation_weighted_probability_ensemble.parquet,TAIEX_regime_fixed_20d
2025-02-25,20-day,WF1,1,test,2,3,True,"latest eligible fold after sorting by date, split priority, and fold number",E1_validation_weighted_probability_ensemble,probability_ensemble,TAIEX_regime_fixed_20d,20260624_031817,0.034921882646296615,0.23953549875997965,0.33911085870354174,0.2995835205625532,0.08684823932762879,True,/content/drive/MyDrive/AURORA_TWETF/outputs/AURORA_TWETF/purged_walk_forward_models/run_20260624_031817/probabilities/selected_probabilities_TAIEX_regime_fixed_20d_E1_validation_weighted_probability_ensemble.parquet,TAIEX_regime_fixed_20d
2025-02-26,20-day,WF1,1,test,2,3,True,"latest eligible fold after sorting by date, split priority, and fold number",E1_validation_weighted_probability_ensemble,probability_ensemble,TAIEX_regime_fixed_20d,20260624_031817,0.05913460596661074,0.1912799348067072,0.31727126701314173,0.39571229088904164,0.03660190132449881,True,/content/drive/MyDrive/AURORA_TWETF/outputs/AURORA_TWETF/purged_walk_forward_models/run_20260624_031817/probabilities/selected_probabilities_TAIEX_regime_fixed_20d_E1_validation_weighted_probability_ensemble.parquet,TAIEX_regime_fixed_20d
2025-02-27,20-day,WF1,1,test,2,3,True,"latest eligible fold after sorting by date, split priority, and fold number",E1_validation_weighted_probability_ensemble,probability_ensemble,TAIEX_regime_fixed_20d,20260624_031817,0.058401298203993195,0.1975582794417297,0.26314015503242566,0.44726688039901136,0.0336333869228401,True,/content/drive/MyDrive/AURORA_TWETF/outputs/AURORA_TWETF/purged_walk_forward_models/run_20260624_031817/probabilities/selected_probabilities_TAIEX_regime_fixed_20d_E1_validation_weighted_probability_ensemble.parquet,TAIEX_regime_fixed_20d
2025-03-03,20-day,WF1,1,test,2,3,True,"latest eligible fold after sorting by date, split priority, and fold number",E1_validation_weighted_probability_ensemble,probability_ensemble,TAIEX_regime_fixed_20d,20260624_031817,0.09382689952219725,0.19333304158341683,0.2737206547356403,0.3843827719549291,0.05473663220381645,True,/content/drive/MyDrive/AURORA_TWETF/outputs/AURORA_TWETF/purged_walk_forward_models/run_20260624_031817/probabilities/selected_probabilities_TAIEX_regime_fixed_20d_E1_validation_weighted_probability_ensemble.parquet,TAIEX_regime_fixed_20d
2025-03-04,20-day,WF1,1,test,2,3,True,"latest eligible fold after sorting by date, split priority, and fold number",E1_validation_weighted_probability_ensemble,probability_ensemble,TAIEX_regime_fixed_20d,20260624_031817,0.10466557516054789,0.18747973601183016,0.2668605766792277,0.3618122423479556,0.07918186980043863,True,/content/drive/MyDrive/AURORA_TWETF/outputs/AURORA_TWETF/purged_walk_forward_models/run_20260624_031817/probabilities/selected_probabilities_TAIEX_regime_fixed_20d_E1_validation_weighted_probability_ensemble.parquet,TAIEX_regime_fixed_20d
2025-03-05,20-day,WF1,1,test,2,3,True,"latest eligible fold after sorting by date, split priority, and fold number",E1_validation_weighted_probability_ensemble,probability_ensemble,TAIEX_regime_fixed_20d,20260624_031817,0.08951769792957684,0.194971557209352,0.24326050206003003,0.4062817698573341,0.06596847294370706,True,/content/drive/MyDrive/AURORA_TWETF/outputs/AURORA_TWETF/purged_walk_forward_models/run_20260624_031817/probabilities/selected_probabilities_TAIEX_regime_fixed_20d_E1_validation_weighted_probability_ensemble.parquet,TAIEX_regime_fixed_20d
2025-03-06,20-day,WF1,1,test,2,3,True,"latest eligible fold after sorting by date, split priority, and fold number",E1_validation_weighted_probability_ensemble,probability_ensemble,TAIEX_regime_fixed_20d,20260624_031817,0.07531996495466121,0.20837776593799195,0.24568592926823546,0.400494929236626,0.07012141060248542,True,/content/drive/MyDrive/AURORA_TWETF/outputs/AURORA_TWETF/purged_walk_forward_models/run_20260624_031817/probabilities/selected_probabilities_TAIEX_regime_fixed_20d_E1_validation_weighted_probability_ensemble.parquet,TAIEX_regime_fixed_20d
2025-03-07,20-day,WF1,1,test,2,3,True,"latest eligible fold after sorting by date, split priority, and fold number",E1_validation_weighted_probability_ensemble,probability_ensemble,TAIEX_regime_fixed_20d,20260624_031817,0.09394147169975105,0.20309112786435596,0.25137858118559575,0.3778931681212022,0.0736956511290951,True,/content/drive/MyDrive/AURORA_TWETF/outputs/AURORA_TWETF/purged_walk_forward_models/run_20260624_031817/probabilities/selected_probabilities_TAIEX_regime_fixed_20d_E1_validation_weighted_probability_ensemble.parquet,TAIEX_regime_fixed_20d
2025-03-10,20-day,WF1,1,test,2,3,True,"latest eligible fold after sorting by date, split priority, and fold number",E1_validation_weighted_probability_ensemble,probability_ensemble,TAIEX_regime_fixed_20d,20260624_031817,0.10174605903368306,0.19631989261198918,0.23237994701544618,0.3797614571391591,0.08979264419972253,True,/content/drive/MyDrive/AURORA_TWETF/outputs/AURORA_TWETF/purged_walk_forward_models/run_20260624_031817/probabilities/selected_probabilities_TAIEX_regime_fixed_20d_E1_validation_weighted_probability_ensemble.parquet,TAIEX_regime_fixed_20d
2025-03-11,20-day,WF1,1,test,2,3,True,"latest eligible fold after sorting by date, split priority, and fold number",E1_validation_weighted_probability_ensemble,probability_ensemble,TAIEX_regime_fixed_20d,20260624_031817,0.12397608883226124,0.20317558472031785,0.22331258860231668,0.36129801168293235,0.08823772616217188,True,/content/drive/MyDrive/AURORA_TWETF/outputs/AURORA_TWETF/purged_walk_forward_models/run_20260624_031817/probabilities/selected_probabilities_TAIEX_regime_fixed_20d_E1_validation_weighted_probability_ensemble.parquet,TAIEX_regime_fixed_20d
2025-03-12,20-day,WF1,1,test,2,2,True,"latest eligible fold after sorting by date, split priority, and fold number",E1_validation_weighted_probability_ensemble,probability_ensemble,TAIEX_regime_fixed_20d,20260624_031817,0.10941804962066434,0.22724402558842602,0.19061965141500595,0.37057288699827823,0.1021453863776255,True,/content/drive/MyDrive/AURORA_TWETF/outputs/AURORA_TWETF/purged_walk_forward_models/run_20260624_031817/probabilities/selected_probabilities_TAIEX_regime_fixed_20d_E1_validation_weighted_probability_ensemble.parquet,TAIEX_regime_fixed_20d
2025-03-13,20-day,WF1,1,test,2,2,True,"latest eligible fold after sorting by date, split priority, and fold number",E1_validation_weighted_probability_ensemble,probability_ensemble,TAIEX_regime_fixed_20d,20260624_031817,0.12602914948048902,0.21756528804687564,0.1752275493411265,0.3710464896777726,0.11013152345373628,True,/content/drive/MyDrive/AURORA_TWETF/outputs/AURORA_TWETF/purged_walk_forward_models/run_20260624_031817/probabilities/selected_probabilities_TAIEX_regime_fixed_20d_E1_validation_weighted_probability_ensemble.parquet,TAIEX_regime_fixed_20d
2025-03-14,20-day,WF1,1,test,2,2,True,"latest eligible fold after sorting by date, split priority, and fold number",E1_validation_weighted_probability_ensemble,probability_ensemble,TAIEX_regime_fixed_20d,20260624_031817,0.11819759650147693,0.24149775889282118,0.1951471044174325,0.35073577699392766,0.09442176319434176,True,/content/drive/MyDrive/AURORA_TWETF/outputs/AURORA_TWETF/purged_walk_forward_models/run_20260624_031817/probabilities/selected_probabilities_TAIEX_regime_fixed_20d_E1_validation_weighted_probability_ensemble.parquet,TAIEX_regime_fixed_20d
2025-03-17,20-day,WF1,1,test,2,2,True,"latest eligible fold after sorting by date, split priority, and fold number",E1_validation_weighted_probability_ensemble,probability_ensemble,TAIEX_regime_fixed_20d,20260624_031817,0.12313792246381046,0.22732939992680073,0.18721748891443318,0.34369640634691667,0.11861878234803896,True,/content/drive/MyDrive/AURORA_TWETF/outputs/AURORA_TWETF/purged_walk_forward_models/run_20260624_031817/probabilities/selected_probabilities_TAIEX_regime_fixed_20d_E1_validation_weighted_probability_ensemble.parquet,TAIEX_regime_fixed_20d
2025-03-18,20-day,WF1,1,test,2,2,True,"latest eligible fold after sorting by date, split priority, and fold number",E1_validation_weighted_probability_ensemble,probability_ensemble,TAIEX_regime_fixed_20d,20260624_031817,0.13507390993977003,0.19838045113757322,0.19566317366977204,0.3793326172597177,0.09154984799316711,True,/content/drive/MyDrive/AURORA_TWETF/outputs/AURORA_TWETF/purged_walk_forward_models/run_20260624_031817/probabilities/selected_probabilities_TAIEX_regime_fixed_20d_E1_validation_weighted_probability_ensemble.parquet,TAIEX_regime_fixed_20d
2025-03-19,20-day,WF1,1,test,2,2,True,"latest eligible fold after sorting by date, split priority, and fold number",E1_validation_weighted_probability_ensemble,probability_ensemble,TAIEX_regime_fixed_20d,20260624_031817,0.1470550532244577,0.17732768694103287,0.2263262473242923,0.3801827337715725,0.06910827873864465,True,/content/drive/MyDrive/AURORA_TWETF/outputs/AURORA_TWETF/purged_walk_forward_models/run_20260624_031817/probabilities/selected_probabilities_TAIEX_regime_fixed_20d_E1_validation_weighted_probability_ensemble.parquet,TAIEX_regime_fixed_20d
2025-03-20,20-day,WF1,1,test,2,2,True,"latest eligible fold after sorting by date, split priority, and fold number",E1_validation_weighted_probability_ensemble,probability_ensemble,TAIEX_regime_fixed_20d,20260624_031817,0.13088834962362958,0.20614551768852857,0.21212799054065604,0.3486940220907789,0.10214412005640709,True,/content/drive/MyDrive/AURORA_TWETF/outputs/AURORA_TWETF/purged_walk_forward_models/run_20260624_031817/probabilities/selected_probabilities_TAIEX_regime_fixed_20d_E1_validation_weighted_probability_ensemble.parquet,TAIEX_regime_fixed_20d
2025-03-21,20-day,WF1,1,test,2,2,True,"latest eligible fold after sorting by date, split priority, and fold number",E1_validation_weighted_probability_ensemble,probability_ensemble,TAIEX_regime_fixed_20d,20260624_031817,0.18442338211097573,0.167057671241068,0.22606730012178414,0.3420957084527543,0.08035593807341791,True,/content/drive/MyDrive/AURORA_TWETF/outputs/AURORA_TWETF/purged_walk_forward_models/run_20260624_031817/probabilities/selected_probabilities_TAIEX_regime_fixed_20d_E1_validation_weighted_probability_ensemble.parquet,TAIEX_regime_fixed_20d
2025-03-24,20-day,WF1,1,test,2,2,True,"latest eligible fold after sorting by date, split priority, and fold number",E1_validation_weighted_probability_ensemble,probability_ensemble,TAIEX_regime_fixed_20d,20260624_031817,0.16418452209557327,0.1578085296140477,0.23244485780570093,0.36363933542672533,0.08192275505795284,True,/content/drive/MyDrive/AURORA_TWETF/outputs/AURORA_TWETF/purged_walk_forward_models/run_20260624_031817/probabilities/selected_probabilities_TAIEX_regime_fixed_20d_E1_validation_weighted_probability_ensemble.parquet,TAIEX_regime_fixed_20d
2025-03-25,20-day,WF1,1,test,2,2,True,"latest eligible fold after sorting by date, split priority, and fold number",E1_validation_weighted_probability_ensemble,probability_ensemble,TAIEX_regime_fixed_20d,20260624_031817,0.15108264779532843,0.18382949185201236,0.16498849809755547,0.38129580270173674,0.11880355955336694,True,/content/drive/MyDrive/AURORA_TWETF/outputs/AURORA_TWETF/purged_walk_forward_models/run_20260624_031817/probabilities/selected_probabilities_TAIEX_regime_fixed_20d_E1_validation_weighted_probability_ensemble.parquet,TAIEX_regime_fixed_20d
2025-03-26,20-day,WF1,1,test,2,2,True,"latest eligible fold after sorting by date, split priority, and fold number",E1_validation_weighted_probability_ensemble,probability_ensemble,TAIEX_regime_fixed_20d,20260624_031817,0.14453850205816535,0.17002046424402634,0.23550191176482066,0.37326844879332005,0.07667067313966762,True,/content/drive/MyDrive/AURORA_TWETF/outputs/AURORA_TWETF/purged_walk_forward_models/run_20260624_031817/probabilities/selected_probabilities_TAIEX_regime_fixed_20d_E1_validation_weighted_probability_ensemble.parquet,TAIEX_regime_fixed_20d
2025-03-27,20-day,WF1,1,test,2,2,True,"latest eligible fold after sorting by date, split priority, and fold number",E1_validation_weighted_probability_ensemble,probability_ensemble,TAIEX_regime_fixed_20d,20260624_031817,0.16975527223216924,0.15988670544706093,0.24232432893588185,0.3674277935808152,0.060605899804072876,True,/content/drive/MyDrive/AURORA_TWETF/outputs/AURORA_TWETF/purged_walk_forward_models/run_20260624_031817/probabilities/selected_probabilities_TAIEX_regime_fixed_20d_E1_validation_weighted_probability_ensemble.parquet,TAIEX_regime_fixed_20d
2025-03-28,20-day,WF1,1,test,2,2,True,"latest eligible fold after sorting by date, split priority, and fold number",E1_validation_weighted_probability_ensemble,probability_ensemble,TAIEX_regime_fixed_20d,20260624_031817,0.18026808754867882,0.13944469626850556,0.22490154814594188,0.3522582357818217,0.10312743225505214,True,/content/drive/MyDrive/AURORA_TWETF/outputs/AURORA_TWETF/purged_walk_forward_models/run_20260624_031817/probabilities/selected_probabilities_TAIEX_regime_fixed_20d_E1_validation_weighted_probability_ensemble.parquet,TAIEX_regime_fixed_20d
2025-03-31,20-day,WF1,1,test,2,2,True,"latest eligible fold after sorting by date, split priority, and fold number",E1_validation_weighted_probability_ensemble,probability_ensemble,TAIEX_regime_fixed_20d,20260624_031817,0.14928951482613934,0.17869254446392507,0.2239020007506123,0.33661599947588794,0.1114999404834354,True,/content/drive/MyDrive/AURORA_TWETF/outputs/AURORA_TWETF/purged_walk_forward_models/run_20260624_031817/probabilities/selected_probabilities_TAIEX_regime_fixed_20d_E1_validation_weighted_probability_ensemble.parquet,TAIEX_regime_fixed_20d
2025-04-01,20-day,WF1,1,test,2,2,True,"latest eligible fold after sorting by date, split priority, and fold number",E1_validation_weighted_probability_ensemble,probability_ensemble,TAIEX_regime_fixed_20d,20260624_031817,0.09803735026306587,0.18679447677795588,0.2449597573002257,0.2984102316531183,0.1717981840056343,True,/content/drive/MyDrive/AURORA_TWETF/outputs/AURORA_TWETF/purged_walk_forward_models/run_20260624_031817/probabilities/selected_probabilities_TAIEX_regime_fixed_20d_E1_validation_weighted_probability_ensemble.parquet,TAIEX_regime_fixed_20d
2025-04-02,20-day,WF1,1,test,2,2,True,"latest eligible fold after sorting by date, split priority, and fold number",E1_validation_weighted_probability_ensemble,probability_ensemble,TAIEX_regime_fixed_20d,20260624_031817,0.12859492309717332,0.1560079653080703,0.24488289323463194,0.31057549539338686,0.15993872296673767,True,/content/drive/MyDrive/AURORA_TWETF/outputs/AURORA_TWETF/purged_walk_forward_models/run_20260624_031817/probabilities/selected_probabilities_TAIEX_regime_fixed_20d_E1_validation_weighted_probability_ensemble.parquet,TAIEX_regime_fixed_20d
2025-04-07,20-day,WF1,1,test,2,2,True,"latest eligible fold after sorting by date, split priority, and fold number",E1_validation_weighted_probability_ensemble,probability_ensemble,TAIEX_regime_fixed_20d,20260624_031817,0.11744956733534014,0.15907986286160422,0.24044419553860913,0.33599547707251576,0.14703089719193077,True,/content/drive/MyDrive/AURORA_TWETF/outputs/AURORA_TWETF/purged_walk_forward_models/run_20260624_031817/probabilities/selected_probabilities_TAIEX_regime_fixed_20d_E1_validation_weighted_probability_ensemble.parquet,TAIEX_regime_fixed_20d
2025-04-08,20-day,WF1,1,test,2,2,True,"latest eligible fold after sorting by date, split priority, and fold number",E1_validation_weighted_probability_ensemble,probability_ensemble,TAIEX_regime_fixed_20d,20260624_031817,0.048421283608822994,0.11367259348556442,0.17125194230580199,0.1931193329360679,0.4735348476637428,True,/content/drive/MyDrive/AURORA_TWETF/outputs/AURORA_TWETF/purged_walk_forward_models/run_20260624_031817/probabilities/selected_probabilities_TAIEX_regime_fixed_20d_E1_validation_weighted_probability_ensemble.parquet,TAIEX_regime_fixed_20d
2025-04-09,20-day,WF1,1,test,2,2,True,"latest eligible fold after sorting by date, split priority, and fold number",E1_validation_weighted_probability_ensemble,probability_ensemble,TAIEX_regime_fixed_20d,20260624_031817,0.04499915057597474,0.12917446560798418,0.1690936073674627,0.20129786715347708,0.45543490929510133,True,/content/drive/MyDrive/AURORA_TWETF/outputs/AURORA_TWETF/purged_walk_forward_models/run_20260624_031817/probabilities/selected_probabilities_TAIEX_regime_fixed_20d_E1_validation_weighted_probability_ensemble.parquet,TAIEX_regime_fixed_20d
2025-04-10,20-day,WF1,1,test,2,2,True,"latest eligible fold after sorting by date, split priority, and fold number",E1_validation_weighted_probability_ensemble,probability_ensemble,TAIEX_regime_fixed_20d,20260624_031817,0.03830150219983146,0.12165823607018894,0.17075649810597993,0.1887429546462432,0.48054080897775653,True,/content/drive/MyDrive/AURORA_TWETF/outputs/AURORA_TWETF/purged_walk_forward_models/run_20260624_031817/probabilities/selected_probabilities_TAIEX_regime_fixed_20d_E1_validation_weighted_probability_ensemble.parquet,TAIEX_regime_fixed_20d
2025-04-11,20-day,WF2,2,test,2,3,True,"latest eligible fold after sorting by date, split priority, and fold number",E1_validation_weighted_probability_ensemble,probability_ensemble,TAIEX_regime_fixed_20d,20260624_031817,0.051986105442920615,0.015869193337299938,0.16852030204442142,0.352340622019205,0.41128377715615316,True,/content/drive/MyDrive/AURORA_TWETF/outputs/AURORA_TWETF/purged_walk_forward_models/run_20260624_031817/probabilities/selected_probabilities_TAIEX_regime_fixed_20d_E1_validation_weighted_probability_ensemble.parquet,TAIEX_regime_fixed_20d
2025-04-14,20-day,WF2,2,test,2,3,True,"latest eligible fold after sorting by date, split priority, and fold number",E1_validation_weighted_probability_ensemble,probability_ensemble,TAIEX_regime_fixed_20d,20260624_031817,0.0305622101641836,0.018110187508019286,0.22626940826736977,0.355071682255231,0.3699865118051965,True,/content/drive/MyDrive/AURORA_TWETF/outputs/AURORA_TWETF/purged_walk_forward_models/run_20260624_031817/probabilities/selected_probabilities_TAIEX_regime_fixed_20d_E1_validation_weighted_probability_ensemble.parquet,TAIEX_regime_fixed_20d
2025-04-15,20-day,WF2,2,test,2,3,True,"latest eligible fold after sorting by date, split priority, and fold number",E1_validation_weighted_probability_ensemble,probability_ensemble,TAIEX_regime_fixed_20d,20260624_031817,0.025178739949018702,0.015914721332268573,0.19671717393788335,0.4035937740133188,0.35859559076751063,True,/content/drive/MyDrive/AURORA_TWETF/outputs/AURORA_TWETF/purged_walk_forward_models/run_20260624_031817/probabilities/selected_probabilities_TAIEX_regime_fixed_20d_E1_validation_weighted_probability_ensemble.parquet,TAIEX_regime_fixed_20d
2025-04-16,20-day,WF2,2,test,2,3,True,"latest eligible fold after sorting by date, split priority, and fold number",E1_validation_weighted_probability_ensemble,probability_ensemble,TAIEX_regime_fixed_20d,20260624_031817,0.0400643594121081,0.01884594092956839,0.21254179932244616,0.4358313841616913,0.29271651617418615,True,/content/drive/MyDrive/AURORA_TWETF/outputs/AURORA_TWETF/purged_walk_forward_models/run_20260624_031817/probabilities/selected_probabilities_TAIEX_regime_fixed_20d_E1_validation_weighted_probability_ensemble.parquet,TAIEX_regime_fixed_20d
2025-04-17,20-day,WF2,2,test,2,3,True,"latest eligible fold after sorting by date, split priority, and fold number",E1_validation_weighted_probability_ensemble,probability_ensemble,TAIEX_regime_fixed_20d,20260624_031817,0.029237406390869875,0.03179662184011768,0.18477843724179496,0.3943038100024886,0.35988372452472894,True,/content/drive/MyDrive/AURORA_TWETF/outputs/AURORA_TWETF/purged_walk_forward_models/run_20260624_031817/probabilities/selected_probabilities_TAIEX_regime_fixed_20d_E1_validation_weighted_probability_ensemble.parquet,TAIEX_regime_fixed_20d
2025-04-18,20-day,WF2,2,test,2,3,True,"latest eligible fold after sorting by date, split priority, and fold number",E1_validation_weighted_probability_ensemble,probability_ensemble,TAIEX_regime_fixed_20d,20260624_031817,0.029267431441631877,0.033244385382944476,0.19207360247242436,0.40670099636485807,0.3387135843381413,True,/content/drive/MyDrive/AURORA_TWETF/outputs/AURORA_TWETF/purged_walk_forward_models/run_20260624_031817/probabilities/selected_probabilities_TAIEX_regime_fixed_20d_E1_validation_weighted_probability_ensemble.parquet,TAIEX_regime_fixed_20d
2025-04-21,20-day,WF2,2,test,2,3,True,"latest eligible fold after sorting by date, split priority, and fold number",E1_validation_weighted_probability_ensemble,probability_ensemble,TAIEX_regime_fixed_20d,20260624_031817,0.04128633315581929,0.026692592811623013,0.17013918216188875,0.4051353891603127,0.35674650271035613,True,/content/drive/MyDrive/AURORA_TWETF/outputs/AURORA_TWETF/purged_walk_forward_models/run_20260624_031817/probabilities/selected_probabilities_TAIEX_regime_fixed_20d_E1_validation_weighted_probability_ensemble.parquet,TAIEX_regime_fixed_20d
2025-04-22,20-day,WF2,2,test,2,3,True,"latest eligible fold after sorting by date, split priority, and fold number",E1_validation_weighted_probability_ensemble,probability_ensemble,TAIEX_regime_fixed_20d,20260624_031817,0.0719275916825894,0.030571355779541228,0.17582984802128526,0.41250038393129757,0.3091708205852866,True,/content/drive/MyDrive/AURORA_TWETF/outputs/AURORA_TWETF/purged_walk_forward_models/run_20260624_031817/probabilities/selected_probabilities_TAIEX_regime_fixed_20d_E1_validation_weighted_probability_ensemble.parquet,TAIEX_regime_fixed_20d
2025-04-23,20-day,WF2,2,test,2,3,True,"latest eligible fold after sorting by date, split priority, and fold number",E1_validation_weighted_probability_ensemble,probability_ensemble,TAIEX_regime_fixed_20d,20260624_031817,0.033809356089846296,0.029139627351402776,0.18841959808684813,0.3981815801049227,0.3504498383669801,True,/content/drive/MyDrive/AURORA_TWETF/outputs/AURORA_TWETF/purged_walk_forward_models/run_20260624_031817/probabilities/selected_probabilities_TAIEX_regime_fixed_20d_E1_validation_weighted_probability_ensemble.parquet,TAIEX_regime_fixed_20d
2025-04-24,20-day,WF2,2,test,2,3,True,"latest eligible fold after sorting by date, split priority, and fold number",E1_validation_weighted_probability_ensemble,probability_ensemble,TAIEX_regime_fixed_20d,20260624_031817,0.07753564420908711,0.05424061575697387,0.18205948396314653,0.43036663919855184,0.25579761687224073,True,/content/drive/MyDrive/AURORA_TWETF/outputs/AURORA_TWETF/purged_walk_forward_models/run_20260624_031817/probabilities/selected_probabilities_TAIEX_regime_fixed_20d_E1_validation_weighted_probability_ensemble.parquet,TAIEX_regime_fixed_20d
2025-04-25,20-day,WF2,2,test,2,3,True,"latest eligible fold after sorting by date, split priority, and fold number",E1_validation_weighted_probability_ensemble,probability_ensemble,TAIEX_regime_fixed_20d,20260624_031817,0.03354435090691611,0.04208409896519578,0.20893645991006973,0.4571986259352224,0.25823646428259595,True,/content/drive/MyDrive/AURORA_TWETF/outputs/AURORA_TWETF/purged_walk_forward_models/run_20260624_031817/probabilities/selected_probabilities_TAIEX_regime_fixed_20d_E1_validation_weighted_probability_ensemble.parquet,TAIEX_regime_fixed_20d
2025-04-28,20-day,WF2,2,test,2,3,True,"latest eligible fold after sorting by date, split priority, and fold number",E1_validation_weighted_probability_ensemble,probability_ensemble,TAIEX_regime_fixed_20d,20260624_031817,0.0632448601605381,0.039873923852199795,0.21046849419465838,0.45769239276078316,0.2287203290318206,True,/content/drive/MyDrive/AURORA_TWETF/outputs/AURORA_TWETF/purged_walk_forward_models/run_20260624_031817/probabilities/selected_probabilities_TAIEX_regime_fixed_20d_E1_validation_weighted_probability_ensemble.parquet,TAIEX_regime_fixed_20d
2025-04-29,20-day,WF2,2,test,2,3,True,"latest eligible fold after sorting by date, split priority, and fold number",E1_validation_weighted_probability_ensemble,probability_ensemble,TAIEX_regime_fixed_20d,20260624_031817,0.04227098795834139,0.050401055270549104,0.2358839791331139,0.4880983672817476,0.18334561035624808,True,/content/drive/MyDrive/AURORA_TWETF/outputs/AURORA_TWETF/purged_walk_forward_models/run_20260624_031817/probabilities/selected_probabilities_TAIEX_regime_fixed_20d_E1_validation_weighted_probability_ensemble.parquet,TAIEX_regime_fixed_20d
2025-04-30,20-day,WF2,2,test,2,3,True,"latest eligible fold after sorting by date, split priority, and fold number",E1_validation_weighted_probability_ensemble,probability_ensemble,TAIEX_regime_fixed_20d,20260624_031817,0.04673929500166092,0.07052614008694721,0.22057119223881239,0.48443483434163437,0.17772853833094515,True,/content/drive/MyDrive/AURORA_TWETF/outputs/AURORA_TWETF/purged_walk_forward_models/run_20260624_031817/probabilities/selected_probabilities_TAIEX_regime_fixed_20d_E1_validation_weighted_probability_ensemble.parquet,TAIEX_regime_fixed_20d
2025-05-02,20-day,WF2,2,test,2,3,True,"latest eligible fold after sorting by date, split priority, and fold number",E1_validation_weighted_probability_ensemble,probability_ensemble,TAIEX_regime_fixed_20d,20260624_031817,0.039345199478331865,0.07409830894536595,0.24892059274570347,0.502241970984939,0.1353939278456599,True,/content/drive/MyDrive/AURORA_TWETF/outputs/AURORA_TWETF/purged_walk_forward_models/run_20260624_031817/probabilities/selected_probabilities_TAIEX_regime_fixed_20d_E1_validation_weighted_probability_ensemble.parquet,TAIEX_regime_fixed_20d
2025-05-05,20-day,WF2,2,test,2,3,True,"latest eligible fold after sorting by date, split priority, and fold number",E1_validation_weighted_probability_ensemble,probability_ensemble,TAIEX_regime_fixed_20d,20260624_031817,0.06743868183771688,0.11769689485989113,0.3017749224219601,0.45097875506674545,0.062110745813686585,True,/content/drive/MyDrive/AURORA_TWETF/outputs/AURORA_TWETF/purged_walk_forward_models/run_20260624_031817/probabilities/selected_probabilities_TAIEX_regime_fixed_20d_E1_validation_weighted_probability_ensemble.parquet,TAIEX_regime_fixed_20d
2025-05-06,20-day,WF2,2,test,2,3,True,"latest eligible fold after sorting by date, split priority, and fold number",E1_validation_weighted_probability_ensemble,probability_ensemble,TAIEX_regime_fixed_20d,20260624_031817,0.041638002339756876,0.08319479038886775,0.3192792811176362,0.404352002423348,0.1515359237303912,True,/content/drive/MyDrive/AURORA_TWETF/outputs/AURORA_TWETF/purged_walk_forward_models/run_20260624_031817/probabilities/selected_probabilities_TAIEX_regime_fixed_20d_E1_validation_weighted_probability_ensemble.parquet,TAIEX_regime_fixed_20d
2025-05-07,20-day,WF2,2,test,2,3,True,"latest eligible fold after sorting by date, split priority, and fold number",E1_validation_weighted_probability_ensemble,probability_ensemble,TAIEX_regime_fixed_20d,20260624_031817,0.04289303871561048,0.12481436212802839,0.3850942091204313,0.3120949273709258,0.1351034626650041,True,/content/drive/MyDrive/AURORA_TWETF/outputs/AURORA_TWETF/purged_walk_forward_models/run_20260624_031817/probabilities/selected_probabilities_TAIEX_regime_fixed_20d_E1_validation_weighted_probability_ensemble.parquet,TAIEX_regime_fixed_20d
2025-05-08,20-day,WF2,2,test,2,3,True,"latest eligible fold after sorting by date, split priority, and fold number",E1_validation_weighted_probability_ensemble,probability_ensemble,TAIEX_regime_fixed_20d,20260624_031817,0.07398836052551756,0.07552374445519926,0.3832135909897864,0.3328469309615877,0.13442737306790917,True,/content/drive/MyDrive/AURORA_TWETF/outputs/AURORA_TWETF/purged_walk_forward_models/run_20260624_031817/probabilities/selected_probabilities_TAIEX_regime_fixed_20d_E1_validation_weighted_probability_ensemble.parquet,TAIEX_regime_fixed_20d
2025-05-09,20-day,WF2,2,test,2,3,True,"latest eligible fold after sorting by date, split priority, and fold number",E1_validation_weighted_probability_ensemble,probability_ensemble,TAIEX_regime_fixed_20d,20260624_031817,0.10050262688946583,0.06991846267329263,0.4154512870740243,0.34853336379961114,0.06559425956360622,True,/content/drive/MyDrive/AURORA_TWETF/outputs/AURORA_TWETF/purged_walk_forward_models/run_20260624_031817/probabilities/selected_probabilities_TAIEX_regime_fixed_20d_E1_validation_weighted_probability_ensemble.parquet,TAIEX_regime_fixed_20d
2025-05-12,20-day,WF2,2,test,2,3,True,"latest eligible fold after sorting by date, split priority, and fold number",E1_validation_weighted_probability_ensemble,probability_ensemble,TAIEX_regime_fixed_20d,20260624_031817,0.1136305105332927,0.08381811230146306,0.4661531106009839,0.31860331301969586,0.01779495354456459,True,/content/drive/MyDrive/AURORA_TWETF/outputs/AURORA_TWETF/purged_walk_forward_models/run_20260624_031817/probabilities/selected_probabilities_TAIEX_regime_fixed_20d_E1_validation_weighted_probability_ensemble.parquet,TAIEX_regime_fixed_20d
2025-05-13,20-day,WF2,2,test,2,3,True,"latest eligible fold after sorting by date, split priority, and fold number",E1_validation_weighted_probability_ensemble,probability_ensemble,TAIEX_regime_fixed_20d,20260624_031817,0.10001720193245142,0.10618945718888231,0.4482892600923997,0.29120775508469426,0.05429632570157223,True,/content/drive/MyDrive/AURORA_TWETF/outputs/AURORA_TWETF/purged_walk_forward_models/run_20260624_031817/probabilities/selected_probabilities_TAIEX_regime_fixed_20d_E1_validation_weighted_probability_ensemble.parquet,TAIEX_regime_fixed_20d
2025-05-14,20-day,WF2,2,test,2,3,True,"latest eligible fold after sorting by date, split priority, and fold number",E1_validation_weighted_probability_ensemble,probability_ensemble,TAIEX_regime_fixed_20d,20260624_031817,0.11472150462136918,0.09096136297800231,0.4299823059832343,0.2803254442192103,0.08400938219818405,True,/content/drive/MyDrive/AURORA_TWETF/outputs/AURORA_TWETF/purged_walk_forward_models/run_20260624_031817/probabilities/selected_probabilities_TAIEX_regime_fixed_20d_E1_validation_weighted_probability_ensemble.parquet,TAIEX_regime_fixed_20d
2025-05-15,20-day,WF2,2,test,2,3,True,"latest eligible fold after sorting by date, split priority, and fold number",E1_validation_weighted_probability_ensemble,probability_ensemble,TAIEX_regime_fixed_20d,20260624_031817,0.1071092393861303,0.13291650456169796,0.47780979266407975,0.25402224460048556,0.02814221878760642,True,/content/drive/MyDrive/AURORA_TWETF/outputs/AURORA_TWETF/purged_walk_forward_models/run_20260624_031817/probabilities/selected_probabilities_TAIEX_regime_fixed_20d_E1_validation_weighted_probability_ensemble.parquet,TAIEX_regime_fixed_20d
2025-05-16,20-day,WF2,2,test,2,3,True,"latest eligible fold after sorting by date, split priority, and fold number",E1_validation_weighted_probability_ensemble,probability_ensemble,TAIEX_regime_fixed_20d,20260624_031817,0.0798589334494596,0.1653917424884015,0.4805121534006602,0.24684159841160117,0.02739557224987751,True,/content/drive/MyDrive/AURORA_TWETF/outputs/AURORA_TWETF/purged_walk_forward_models/run_20260624_031817/probabilities/selected_probabilities_TAIEX_regime_fixed_20d_E1_validation_weighted_probability_ensemble.parquet,TAIEX_regime_fixed_20d
2025-05-19,20-day,WF2,2,test,2,3,True,"latest eligible fold after sorting by date, split priority, and fold number",E1_validation_weighted_probability_ensemble,probability_ensemble,TAIEX_regime_fixed_20d,20260624_031817,0.08803907886001548,0.14237975637823408,0.4986528808032917,0.2586994841455245,0.012228799812934309,True,/content/drive/MyDrive/AURORA_TWETF/outputs/AURORA_TWETF/purged_walk_forward_models/run_20260624_031817/probabilities/selected_probabilities_TAIEX_regime_fixed_20d_E1_validation_weighted_probability_ensemble.parquet,TAIEX_regime_fixed_20d
2025-05-20,20-day,WF2,2,test,2,3,True,"latest eligible fold after sorting by date, split priority, and fold number",E1_validation_weighted_probability_ensemble,probability_ensemble,TAIEX_regime_fixed_20d,20260624_031817,0.05215591425959687,0.1470846186742422,0.5010769622223094,0.27955397797628706,0.020128526867564715,True,/content/drive/MyDrive/AURORA_TWETF/outputs/AURORA_TWETF/purged_walk_forward_models/run_20260624_031817/probabilities/selected_probabilities_TAIEX_regime_fixed_20d_E1_validation_weighted_probability_ensemble.parquet,TAIEX_regime_fixed_20d
2025-05-21,20-day,WF2,2,test,2,3,True,"latest eligible fold after sorting by date, split priority, and fold number",E1_validation_weighted_probability_ensemble,probability_ensemble,TAIEX_regime_fixed_20d,20260624_031817,0.036119963177323154,0.15101073064655351,0.46222201151571835,0.2606817350730124,0.08996555958739264,True,/content/drive/MyDrive/AURORA_TWETF/outputs/AURORA_TWETF/purged_walk_forward_models/run_20260624_031817/probabilities/selected_probabilities_TAIEX_regime_fixed_20d_E1_validation_weighted_probability_ensemble.parquet,TAIEX_regime_fixed_20d
2025-05-22,20-day,WF2,2,test,2,3,True,"latest eligible fold after sorting by date, split priority, and fold number",E1_validation_weighted_probability_ensemble,probability_ensemble,TAIEX_regime_fixed_20d,20260624_031817,0.04105400028504077,0.187654507548402,0.4931401393828219,0.24385394502000363,0.034297407763731726,True,/content/drive/MyDrive/AURORA_TWETF/outputs/AURORA_TWETF/purged_walk_forward_models/run_20260624_031817/probabilities/selected_probabilities_TAIEX_regime_fixed_20d_E1_validation_weighted_probability_ensemble.parquet,TAIEX_regime_fixed_20d
2025-05-23,20-day,WF2,2,test,2,3,True,"latest eligible fold after sorting by date, split priority, and fold number",E1_validation_weighted_probability_ensemble,probability_ensemble,TAIEX_regime_fixed_20d,20260624_031817,0.05336828212356733,0.17244189591520176,0.4873349011447971,0.246886238041593,0.03996868277484088,True,/content/drive/MyDrive/AURORA_TWETF/outputs/AURORA_TWETF/purged_walk_forward_models/run_20260624_031817/probabilities/selected_probabilities_TAIEX_regime_fixed_20d_E1_validation_weighted_probability_ensemble.parquet,TAIEX_regime_fixed_20d
2025-05-26,20-day,WF2,2,test,2,3,True,"latest eligible fold after sorting by date, split priority, and fold number",E1_validation_weighted_probability_ensemble,probability_ensemble,TAIEX_regime_fixed_20d,20260624_031817,0.04249883849481554,0.16895625472097028,0.5030737420860014,0.2578280213849127,0.027643143313300193,True,/content/drive/MyDrive/AURORA_TWETF/outputs/AURORA_TWETF/purged_walk_forward_models/run_20260624_031817/probabilities/selected_probabilities_TAIEX_regime_fixed_20d_E1_validation_weighted_probability_ensemble.parquet,TAIEX_regime_fixed_20d
2025-05-27,20-day,WF2,2,test,2,3,True,"latest eligible fold after sorting by date, split priority, and fold number",E1_validation_weighted_probability_ensemble,probability_ensemble,TAIEX_regime_fixed_20d,20260624_031817,0.03551136824840509,0.17225302059340647,0.44120738265432,0.2451185581639637,0.10590967033990471,True,/content/drive/MyDrive/AURORA_TWETF/outputs/AURORA_TWETF/purged_walk_forward_models/run_20260624_031817/probabilities/selected_probabilities_TAIEX_regime_fixed_20d_E1_validation_weighted_probability_ensemble.parquet,TAIEX_regime_fixed_20d
2025-05-28,20-day,WF2,2,test,2,3,True,"latest eligible fold after sorting by date, split priority, and fold number",E1_validation_weighted_probability_ensemble,probability_ensemble,TAIEX_regime_fixed_20d,20260624_031817,0.03007745342425539,0.18379725613185105,0.45735813012172855,0.2392378804291147,0.08952927989305043,True,/content/drive/MyDrive/AURORA_TWETF/outputs/AURORA_TWETF/purged_walk_forward_models/run_20260624_031817/probabilities/selected_probabilities_TAIEX_regime_fixed_20d_E1_validation_weighted_probability_ensemble.parquet,TAIEX_regime_fixed_20d
2025-05-29,20-day,WF2,2,test,2,3,True,"latest eligible fold after sorting by date, split priority, and fold number",E1_validation_weighted_probability_ensemble,probability_ensemble,TAIEX_regime_fixed_20d,20260624_031817,0.03246713430453962,0.17620656445631672,0.4718356038256621,0.25881584645407096,0.06067485095941071,True,/content/drive/MyDrive/AURORA_TWETF/outputs/AURORA_TWETF/purged_walk_forward_models/run_20260624_031817/probabilities/selected_probabilities_TAIEX_regime_fixed_20d_E1_validation_weighted_probability_ensemble.parquet,TAIEX_regime_fixed_20d
2025-06-02,20-day,WF2,2,test,2,3,True,"latest eligible fold after sorting by date, split priority, and fold number",E1_validation_weighted_probability_ensemble,probability_ensemble,TAIEX_regime_fixed_20d,20260624_031817,0.03275663009233522,0.1788318785898673,0.49688017887637587,0.24698432486471467,0.04454698757670711,True,/content/drive/MyDrive/AURORA_TWETF/outputs/AURORA_TWETF/purged_walk_forward_models/run_20260624_031817/probabilities/selected_probabilities_TAIEX_regime_fixed_20d_E1_validation_weighted_probability_ensemble.parquet,TAIEX_regime_fixed_20d
2025-06-03,20-day,WF2,2,test,2,3,True,"latest eligible fold after sorting by date, split priority, and fold number",E1_validation_weighted_probability_ensemble,probability_ensemble,TAIEX_regime_fixed_20d,20260624_031817,0.024125242101181676,0.1383845740923292,0.4453245969248361,0.24919445210329833,0.14297113477835466,True,/content/drive/MyDrive/AURORA_TWETF/outputs/AURORA_TWETF/purged_walk_forward_models/run_20260624_031817/probabilities/selected_probabilities_TAIEX_regime_fixed_20d_E1_validation_weighted_probability_ensemble.parquet,TAIEX_regime_fixed_20d
2025-06-04,20-day,WF2,2,test,2,3,True,"latest eligible fold after sorting by date, split priority, and fold number",E1_validation_weighted_probability_ensemble,probability_ensemble,TAIEX_regime_fixed_20d,20260624_031817,0.06067502604662596,0.17539928057856768,0.47739180235015743,0.22982677915297717,0.05670711187167177,True,/content/drive/MyDrive/AURORA_TWETF/outputs/AURORA_TWETF/purged_walk_forward_models/run_20260624_031817/probabilities/selected_probabilities_TAIEX_regime_fixed_20d_E1_validation_weighted_probability_ensemble.parquet,TAIEX_regime_fixed_20d
2025-06-05,20-day,WF2,2,test,2,3,True,"latest eligible fold after sorting by date, split priority, and fold number",E1_validation_weighted_probability_ensemble,probability_ensemble,TAIEX_regime_fixed_20d,20260624_031817,0.028373796349777096,0.2093850579771191,0.4992476458334088,0.2478382064277993,0.015155293411895714,True,/content/drive/MyDrive/AURORA_TWETF/outputs/AURORA_TWETF/purged_walk_forward_models/run_20260624_031817/probabilities/selected_probabilities_TAIEX_regime_fixed_20d_E1_validation_weighted_probability_ensemble.parquet,TAIEX_regime_fixed_20d
2025-06-06,20-day,WF2,2,test,2,3,True,"latest eligible fold after sorting by date, split priority, and fold number",E1_validation_weighted_probability_ensemble,probability_ensemble,TAIEX_regime_fixed_20d,20260624_031817,0.018824480595756924,0.17578762068819748,0.5165444266806348,0.2708017578068778,0.01804171422853291,True,/content/drive/MyDrive/AURORA_TWETF/outputs/AURORA_TWETF/purged_walk_forward_models/run_20260624_031817/probabilities/selected_probabilities_TAIEX_regime_fixed_20d_E1_validation_weighted_probability_ensemble.parquet,TAIEX_regime_fixed_20d
2025-06-09,20-day,WF2,2,test,2,3,True,"latest eligible fold after sorting by date, split priority, and fold number",E1_validation_weighted_probability_ensemble,probability_ensemble,TAIEX_regime_fixed_20d,20260624_031817,0.04650666306770018,0.1847593350475469,0.5257397581311657,0.22773120397488406,0.015263039778703236,True,/content/drive/MyDrive/AURORA_TWETF/outputs/AURORA_TWETF/purged_walk_forward_models/run_20260624_031817/probabilities/selected_probabilities_TAIEX_regime_fixed_20d_E1_validation_weighted_probability_ensemble.parquet,TAIEX_regime_fixed_20d
2025-06-10,20-day,WF2,2,test,2,3,True,"latest eligible fold after sorting by date, split priority, and fold number",E1_validation_weighted_probability_ensemble,probability_ensemble,TAIEX_regime_fixed_20d,20260624_031817,0.052925141850475206,0.2179455272700107,0.4895945445913914,0.22325209146963854,0.01628269481848424,True,/content/drive/MyDrive/AURORA_TWETF/outputs/AURORA_TWETF/purged_walk_forward_models/run_20260624_031817/probabilities/selected_probabilities_TAIEX_regime_fixed_20d_E1_validation_weighted_probability_ensemble.parquet,TAIEX_regime_fixed_20d
2025-06-11,20-day,WF2,2,test,2,3,True,"latest eligible fold after sorting by date, split priority, and fold number",E1_validation_weighted_probability_ensemble,probability_ensemble,TAIEX_regime_fixed_20d,20260624_031817,0.028806937598503203,0.22451941460272673,0.5054279454225292,0.22626585124137813,0.014979851134862866,True,/content/drive/MyDrive/AURORA_TWETF/outputs/AURORA_TWETF/purged_walk_forward_models/run_20260624_031817/probabilities/selected_probabilities_TAIEX_regime_fixed_20d_E1_validation_weighted_probability_ensemble.parquet,TAIEX_regime_fixed_20d
2025-06-12,20-day,WF2,2,test,2,3,True,"latest eligible fold after sorting by date, split priority, and fold number",E1_validation_weighted_probability_ensemble,probability_ensemble,TAIEX_regime_fixed_20d,20260624_031817,0.041555116513345654,0.19749440587458883,0.511552835441841,0.2294868839200745,0.019910758250149957,True,/content/drive/MyDrive/AURORA_TWETF/outputs/AURORA_TWETF/purged_walk_forward_models/run_20260624_031817/probabilities/selected_probabilities_TAIEX_regime_fixed_20d_E1_validation_weighted_probability_ensemble.parquet,TAIEX_regime_fixed_20d
2025-06-13,20-day,WF2,2,test,2,1,False,"latest eligible fold after sorting by date, split priority, and fold number",E1_validation_weighted_probability_ensemble,probability_ensemble,TAIEX_regime_fixed_20d,20260624_031817,0.022920822223028728,0.17347966081004107,0.5357584650283471,0.24747203040823126,0.02036902153035186,True,/content/drive/MyDrive/AURORA_TWETF/outputs/AURORA_TWETF/purged_walk_forward_models/run_20260624_031817/probabilities/selected_probabilities_TAIEX_regime_fixed_20d_E1_validation_weighted_probability_ensemble.parquet,TAIEX_regime_fixed_20d
2025-06-16,20-day,WF2,2,test,2,1,False,"latest eligible fold after sorting by date, split priority, and fold number",E1_validation_weighted_probability_ensemble,probability_ensemble,TAIEX_regime_fixed_20d,20260624_031817,0.016537516846284777,0.1441013967764285,0.5156667663073733,0.28417455243611073,0.039519767633802785,True,/content/drive/MyDrive/AURORA_TWETF/outputs/AURORA_TWETF/purged_walk_forward_models/run_20260624_031817/probabilities/selected_probabilities_TAIEX_regime_fixed_20d_E1_validation_weighted_probability_ensemble.parquet,TAIEX_regime_fixed_20d
2025-06-17,20-day,WF2,2,test,2,1,False,"latest eligible fold after sorting by date, split priority, and fold number",E1_validation_weighted_probability_ensemble,probability_ensemble,TAIEX_regime_fixed_20d,20260624_031817,0.022151272460805886,0.17848595094160158,0.5210248810689101,0.2541895690682409,0.024148326460441426,True,/content/drive/MyDrive/AURORA_TWETF/outputs/AURORA_TWETF/purged_walk_forward_models/run_20260624_031817/probabilities/selected_probabilities_TAIEX_regime_fixed_20d_E1_validation_weighted_probability_ensemble.parquet,TAIEX_regime_fixed_20d
2025-06-18,20-day,WF2,2,test,2,1,False,"latest eligible fold after sorting by date, split priority, and fold number",E1_validation_weighted_probability_ensemble,probability_ensemble,TAIEX_regime_fixed_20d,20260624_031817,0.02109305132949455,0.1758759460727622,0.5196031614363046,0.25248784627309695,0.030939994888341867,True,/content/drive/MyDrive/AURORA_TWETF/outputs/AURORA_TWETF/purged_walk_forward_models/run_20260624_031817/probabilities/selected_probabilities_TAIEX_regime_fixed_20d_E1_validation_weighted_probability_ensemble.parquet,TAIEX_regime_fixed_20d
2025-06-19,20-day,WF2,2,test,2,1,False,"latest eligible fold after sorting by date, split priority, and fold number",E1_validation_weighted_probability_ensemble,probability_ensemble,TAIEX_regime_fixed_20d,20260624_031817,0.04676272856335922,0.17587080196200444,0.5158675581525286,0.2509210903395031,0.010577820982604576,True,/content/drive/MyDrive/AURORA_TWETF/outputs/AURORA_TWETF/purged_walk_forward_models/run_20260624_031817/probabilities/selected_probabilities_TAIEX_regime_fixed_20d_E1_validation_weighted_probability_ensemble.parquet,TAIEX_regime_fixed_20d
2025-06-20,20-day,WF2,2,test,2,1,False,"latest eligible fold after sorting by date, split priority, and fold number",E1_validation_weighted_probability_ensemble,probability_ensemble,TAIEX_regime_fixed_20d,20260624_031817,0.054069265973140684,0.14193528260521812,0.5275368060839413,0.23134487042338464,0.04511377491431531,True,/content/drive/MyDrive/AURORA_TWETF/outputs/AURORA_TWETF/purged_walk_forward_models/run_20260624_031817/probabilities/selected_probabilities_TAIEX_regime_fixed_20d_E1_validation_weighted_probability_ensemble.parquet,TAIEX_regime_fixed_20d
2025-06-23,20-day,WF2,2,test,2,1,False,"latest eligible fold after sorting by date, split priority, and fold number",E1_validation_weighted_probability_ensemble,probability_ensemble,TAIEX_regime_fixed_20d,20260624_031817,0.03532415826718773,0.147183798693144,0.537336922200932,0.2600642444374552,0.02009087640128106,True,/content/drive/MyDrive/AURORA_TWETF/outputs/AURORA_TWETF/purged_walk_forward_models/run_20260624_031817/probabilities/selected_probabilities_TAIEX_regime_fixed_20d_E1_validation_weighted_probability_ensemble.parquet,TAIEX_regime_fixed_20d
2025-06-24,20-day,WF2,2,test,2,1,False,"latest eligible fold after sorting by date, split priority, and fold number",E1_validation_weighted_probability_ensemble,probability_ensemble,TAIEX_regime_fixed_20d,20260624_031817,0.024752570165087605,0.15274722317360173,0.5404547846811091,0.24711246530165532,0.03493295667854639,True,/content/drive/MyDrive/AURORA_TWETF/outputs/AURORA_TWETF/purged_walk_forward_models/run_20260624_031817/probabilities/selected_probabilities_TAIEX_regime_fixed_20d_E1_validation_weighted_probability_ensemble.parquet,TAIEX_regime_fixed_20d
2025-06-25,20-day,WF2,2,test,2,1,False,"latest eligible fold after sorting by date, split priority, and fold number",E1_validation_weighted_probability_ensemble,probability_ensemble,TAIEX_regime_fixed_20d,20260624_031817,0.07510955922589396,0.16495781386166536,0.5169945930181636,0.2140249773957728,0.028913056498504338,True,/content/drive/MyDrive/AURORA_TWETF/outputs/AURORA_TWETF/purged_walk_forward_models/run_20260624_031817/probabilities/selected_probabilities_TAIEX_regime_fixed_20d_E1_validation_weighted_probability_ensemble.parquet,TAIEX_regime_fixed_20d
2025-06-26,20-day,WF2,2,test,2,1,False,"latest eligible fold after sorting by date, split priority, and fold number",E1_validation_weighted_probability_ensemble,probability_ensemble,TAIEX_regime_fixed_20d,20260624_031817,0.033131576562712435,0.19054126657856577,0.5424421213259764,0.21800224502414198,0.015882790508603563,True,/content/drive/MyDrive/AURORA_TWETF/outputs/AURORA_TWETF/purged_walk_forward_models/run_20260624_031817/probabilities/selected_probabilities_TAIEX_regime_fixed_20d_E1_validation_weighted_probability_ensemble.parquet,TAIEX_regime_fixed_20d
2025-06-27,20-day,WF2,2,test,2,1,False,"latest eligible fold after sorting by date, split priority, and fold number",E1_validation_weighted_probability_ensemble,probability_ensemble,TAIEX_regime_fixed_20d,20260624_031817,0.04990736913920922,0.21071588092771668,0.5199113630676115,0.20369148021132477,0.015773906654137845,True,/content/drive/MyDrive/AURORA_TWETF/outputs/AURORA_TWETF/purged_walk_forward_models/run_20260624_031817/probabilities/selected_probabilities_TAIEX_regime_fixed_20d_E1_validation_weighted_probability_ensemble.parquet,TAIEX_regime_fixed_20d
2025-06-30,20-day,WF2,2,test,2,1,False,"latest eligible fold after sorting by date, split priority, and fold number",E1_validation_weighted_probability_ensemble,probability_ensemble,TAIEX_regime_fixed_20d,20260624_031817,0.05489295300898628,0.1867122921820498,0.5015952542271177,0.1972326456152898,0.05956685496655654,True,/content/drive/MyDrive/AURORA_TWETF/outputs/AURORA_TWETF/purged_walk_forward_models/run_20260624_031817/probabilities/selected_probabilities_TAIEX_regime_fixed_20d_E1_validation_weighted_probability_ensemble.parquet,TAIEX_regime_fixed_20d
2025-07-01,20-day,WF2,2,test,2,1,False,"latest eligible fold after sorting by date, split priority, and fold number",E1_validation_weighted_probability_ensemble,probability_ensemble,TAIEX_regime_fixed_20d,20260624_031817,0.053974091722273666,0.18087966997221117,0.5079887730432102,0.23176261302171874,0.025394852240586296,True,/content/drive/MyDrive/AURORA_TWETF/outputs/AURORA_TWETF/purged_walk_forward_models/run_20260624_031817/probabilities/selected_probabilities_TAIEX_regime_fixed_20d_E1_validation_weighted_probability_ensemble.parquet,TAIEX_regime_fixed_20d
2025-07-02,20-day,WF2,2,test,2,1,False,"latest eligible fold after sorting by date, split priority, and fold number",E1_validation_weighted_probability_ensemble,probability_ensemble,TAIEX_regime_fixed_20d,20260624_031817,0.03953161489683067,0.2110635584867038,0.4871153217028637,0.20184752869420763,0.06044197621939425,True,/content/drive/MyDrive/AURORA_TWETF/outputs/AURORA_TWETF/purged_walk_forward_models/run_20260624_031817/probabilities/selected_probabilities_TAIEX_regime_fixed_20d_E1_validation_weighted_probability_ensemble.parquet,TAIEX_regime_fixed_20d
2025-07-03,20-day,WF2,2,test,2,1,False,"latest eligible fold after sorting by date, split priority, and fold number",E1_validation_weighted_probability_ensemble,probability_ensemble,TAIEX_regime_fixed_20d,20260624_031817,0.06425054459302834,0.15162730563756527,0.5060279898050448,0.24087681788614093,0.03721734207822074,True,/content/drive/MyDrive/AURORA_TWETF/outputs/AURORA_TWETF/purged_walk_forward_models/run_20260624_031817/probabilities/selected_probabilities_TAIEX_regime_fixed_20d_E1_validation_weighted_probability_ensemble.parquet,TAIEX_regime_fixed_20d
2025-07-04,20-day,WF2,2,test,2,1,False,"latest eligible fold after sorting by date, split priority, and fold number",E1_validation_weighted_probability_ensemble,probability_ensemble,TAIEX_regime_fixed_20d,20260624_031817,0.06903712522858614,0.13748171209583182,0.525120448469658,0.2361429571245494,0.03221775708137474,True,/content/drive/MyDrive/AURORA_TWETF/outputs/AURORA_TWETF/purged_walk_forward_models/run_20260624_031817/probabilities/selected_probabilities_TAIEX_regime_fixed_20d_E1_validation_weighted_probability_ensemble.parquet,TAIEX_regime_fixed_20d
2025-07-07,20-day,WF2,2,test,2,1,False,"latest eligible fold after sorting by date, split priority, and fold number",E1_validation_weighted_probability_ensemble,probability_ensemble,TAIEX_regime_fixed_20d,20260624_031817,0.03093151911564642,0.1272695155716182,0.5154239539866825,0.26399839914146783,0.06237661218458515,True,/content/drive/MyDrive/AURORA_TWETF/outputs/AURORA_TWETF/purged_walk_forward_models/run_20260624_031817/probabilities/selected_probabilities_TAIEX_regime_fixed_20d_E1_validation_weighted_probability_ensemble.parquet,TAIEX_regime_fixed_20d
2025-07-08,20-day,WF2,2,test,2,1,False,"latest eligible fold after sorting by date, split priority, and fold number",E1_validation_weighted_probability_ensemble,probability_ensemble,TAIEX_regime_fixed_20d,20260624_031817,0.014668646150459147,0.0921049929624295,0.5131729968692353,0.29372123578781617,0.08633212823005985,True,/content/drive/MyDrive/AURORA_TWETF/outputs/AURORA_TWETF/purged_walk_forward_models/run_20260624_031817/probabilities/selected_probabilities_TAIEX_regime_fixed_20d_E1_validation_weighted_probability_ensemble.parquet,TAIEX_regime_fixed_20d
2025-07-09,20-day,WF2,2,test,2,1,False,"latest eligible fold after sorting by date, split priority, and fold number",E1_validation_weighted_probability_ensemble,probability_ensemble,TAIEX_regime_fixed_20d,20260624_031817,0.018726292076189432,0.0780744837706837,0.50599269913818,0.3122352968959686,0.08497122811897836,True,/content/drive/MyDrive/AURORA_TWETF/outputs/AURORA_TWETF/purged_walk_forward_models/run_20260624_031817/probabilities/selected_probabilities_TAIEX_regime_fixed_20d_E1_validation_weighted_probability_ensemble.parquet,TAIEX_regime_fixed_20d
2025-07-10,20-day,WF2,2,test,2,1,False,"latest eligible fold after sorting by date, split priority, and fold number",E1_validation_weighted_probability_ensemble,probability_ensemble,TAIEX_regime_fixed_20d,20260624_031817,0.02751639535622835,0.07867030278137468,0.5170243552291295,0.3078620456108934,0.06892690102237412,True,/content/drive/MyDrive/AURORA_TWETF/outputs/AURORA_TWETF/purged_walk_forward_models/run_20260624_031817/probabilities/selected_probabilities_TAIEX_regime_fixed_20d_E1_validation_weighted_probability_ensemble.parquet,TAIEX_regime_fixed_20d
2025-07-11,20-day,WF3,3,test,2,2,True,"latest eligible fold after sorting by date, split priority, and fold number",E1_validation_weighted_probability_ensemble,probability_ensemble,TAIEX_regime_fixed_20d,20260624_031817,0.04220917463153438,0.13660191458667437,0.5381511259731208,0.25972193966688883,0.023315845141781533,True,/content/drive/MyDrive/AURORA_TWETF/outputs/AURORA_TWETF/purged_walk_forward_models/run_20260624_031817/probabilities/selected_probabilities_TAIEX_regime_fixed_20d_E1_validation_weighted_probability_ensemble.parquet,TAIEX_regime_fixed_20d
2025-07-14,20-day,WF3,3,test,2,2,True,"latest eligible fold after sorting by date, split priority, and fold number",E1_validation_weighted_probability_ensemble,probability_ensemble,TAIEX_regime_fixed_20d,20260624_031817,0.044878110180175096,0.13429958529580502,0.5329887227727568,0.2666559668122077,0.021177614939055355,True,/content/drive/MyDrive/AURORA_TWETF/outputs/AURORA_TWETF/purged_walk_forward_models/run_20260624_031817/probabilities/selected_probabilities_TAIEX_regime_fixed_20d_E1_validation_weighted_probability_ensemble.parquet,TAIEX_regime_fixed_20d
2025-07-15,20-day,WF3,3,test,2,2,True,"latest eligible fold after sorting by date, split priority, and fold number",E1_validation_weighted_probability_ensemble,probability_ensemble,TAIEX_regime_fixed_20d,20260624_031817,0.05481506878332848,0.13460204355923996,0.5227759826661266,0.259821196862949,0.02798570812835581,True,/content/drive/MyDrive/AURORA_TWETF/outputs/AURORA_TWETF/purged_walk_forward_models/run_20260624_031817/probabilities/selected_probabilities_TAIEX_regime_fixed_20d_E1_validation_weighted_probability_ensemble.parquet,TAIEX_regime_fixed_20d
2025-07-16,20-day,WF3,3,test,2,2,True,"latest eligible fold after sorting by date, split priority, and fold number",E1_validation_weighted_probability_ensemble,probability_ensemble,TAIEX_regime_fixed_20d,20260624_031817,0.05021252087934011,0.13070457213852005,0.5207736560718809,0.27212057681124824,0.026188674099010732,True,/content/drive/MyDrive/AURORA_TWETF/outputs/AURORA_TWETF/purged_walk_forward_models/run_20260624_031817/probabilities/selected_probabilities_TAIEX_regime_fixed_20d_E1_validation_weighted_probability_ensemble.parquet,TAIEX_regime_fixed_20d
2025-07-17,20-day,WF3,3,test,2,2,True,"latest eligible fold after sorting by date, split priority, and fold number",E1_validation_weighted_probability_ensemble,probability_ensemble,TAIEX_regime_fixed_20d,20260624_031817,0.05129308934964828,0.12071058631449567,0.5076505278503719,0.29268088071072923,0.02766491577475494,True,/content/drive/MyDrive/AURORA_TWETF/outputs/AURORA_TWETF/purged_walk_forward_models/run_20260624_031817/probabilities/selected_probabilities_TAIEX_regime_fixed_20d_E1_validation_weighted_probability_ensemble.parquet,TAIEX_regime_fixed_20d
2025-07-18,20-day,WF3,3,test,2,2,True,"latest eligible fold after sorting by date, split priority, and fold number",E1_validation_weighted_probability_ensemble,probability_ensemble,TAIEX_regime_fixed_20d,20260624_031817,0.045610847079997054,0.1268369599959268,0.5257022118199746,0.2774222372555285,0.024427743848573047,True,/content/drive/MyDrive/AURORA_TWETF/outputs/AURORA_TWETF/purged_walk_forward_models/run_20260624_031817/probabilities/selected_probabilities_TAIEX_regime_fixed_20d_E1_validation_weighted_probability_ensemble.parquet,TAIEX_regime_fixed_20d
2025-07-21,20-day,WF3,3,test,2,2,True,"latest eligible fold after sorting by date, split priority, and fold number",E1_validation_weighted_probability_ensemble,probability_ensemble,TAIEX_regime_fixed_20d,20260624_031817,0.032363555516390606,0.11499381343763979,0.5215443757208148,0.3075895512574874,0.02350870406766737,True,/content/drive/MyDrive/AURORA_TWETF/outputs/AURORA_TWETF/purged_walk_forward_models/run_20260624_031817/probabilities/selected_probabilities_TAIEX_regime_fixed_20d_E1_validation_weighted_probability_ensemble.parquet,TAIEX_regime_fixed_20d
2025-07-22,20-day,WF3,3,test,2,2,True,"latest eligible fold after sorting by date, split priority, and fold number",E1_validation_weighted_probability_ensemble,probability_ensemble,TAIEX_regime_fixed_20d,20260624_031817,0.03453345535530036,0.11323671036926804,0.5189045963584751,0.30601822189899935,0.027307016017957212,True,/content/drive/MyDrive/AURORA_TWETF/outputs/AURORA_TWETF/purged_walk_forward_models/run_20260624_031817/probabilities/selected_probabilities_TAIEX_regime_fixed_20d_E1_validation_weighted_probability_ensemble.parquet,TAIEX_regime_fixed_20d
2025-07-23,20-day,WF3,3,test,2,2,True,"latest eligible fold after sorting by date, split priority, and fold number",E1_validation_weighted_probability_ensemble,probability_ensemble,TAIEX_regime_fixed_20d,20260624_031817,0.030751674654709384,0.11521022414529573,0.5197591951467491,0.3030533003936312,0.031225605659614512,True,/content/drive/MyDrive/AURORA_TWETF/outputs/AURORA_TWETF/purged_walk_forward_models/run_20260624_031817/probabilities/selected_probabilities_TAIEX_regime_fixed_20d_E1_validation_weighted_probability_ensemble.parquet,TAIEX_regime_fixed_20d
2025-07-24,20-day,WF3,3,test,2,2,True,"latest eligible fold after sorting by date, split priority, and fold number",E1_validation_weighted_probability_ensemble,probability_ensemble,TAIEX_regime_fixed_20d,20260624_031817,0.02531881422113015,0.1210982591127311,0.5285635403049682,0.2960353728345884,0.028984013526582152,True,/content/drive/MyDrive/AURORA_TWETF/outputs/AURORA_TWETF/purged_walk_forward_models/run_20260624_031817/probabilities/selected_probabilities_TAIEX_regime_fixed_20d_E1_validation_weighted_probability_ensemble.parquet,TAIEX_regime_fixed_20d
2025-07-25,20-day,WF3,3,test,2,2,True,"latest eligible fold after sorting by date, split priority, and fold number",E1_validation_weighted_probability_ensemble,probability_ensemble,TAIEX_regime_fixed_20d,20260624_031817,0.03155682699129189,0.13307016775222077,0.5211667820768627,0.28915686728355644,0.025049355896068055,True,/content/drive/MyDrive/AURORA_TWETF/outputs/AURORA_TWETF/purged_walk_forward_models/run_20260624_031817/probabilities/selected_probabilities_TAIEX_regime_fixed_20d_E1_validation_weighted_probability_ensemble.parquet,TAIEX_regime_fixed_20d
2025-07-28,20-day,WF3,3,test,2,2,True,"latest eligible fold after sorting by date, split priority, and fold number",E1_validation_weighted_probability_ensemble,probability_ensemble,TAIEX_regime_fixed_20d,20260624_031817,0.0302249271716848,0.14671427053731204,0.5329072569178817,0.2660612116834062,0.024092333689715372,True,/content/drive/MyDrive/AURORA_TWETF/outputs/AURORA_TWETF/purged_walk_forward_models/run_20260624_031817/probabilities/selected_probabilities_TAIEX_regime_fixed_20d_E1_validation_weighted_probability_ensemble.parquet,TAIEX_regime_fixed_20d
2025-07-29,20-day,WF3,3,test,2,2,True,"latest eligible fold after sorting by date, split priority, and fold number",E1_validation_weighted_probability_ensemble,probability_ensemble,TAIEX_regime_fixed_20d,20260624_031817,0.024815534306894566,0.1284167366921676,0.5321244558374431,0.2897112108340986,0.024932062329396144,True,/content/drive/MyDrive/AURORA_TWETF/outputs/AURORA_TWETF/purged_walk_forward_models/run_20260624_031817/probabilities/selected_probabilities_TAIEX_regime_fixed_20d_E1_validation_weighted_probability_ensemble.parquet,TAIEX_regime_fixed_20d
2025-07-30,20-day,WF3,3,test,2,2,True,"latest eligible fold after sorting by date, split priority, and fold number",E1_validation_weighted_probability_ensemble,probability_ensemble,TAIEX_regime_fixed_20d,20260624_031817,0.023952122859201345,0.11747233475117891,0.5387818848568987,0.2909437390200235,0.028849918512697623,True,/content/drive/MyDrive/AURORA_TWETF/outputs/AURORA_TWETF/purged_walk_forward_models/run_20260624_031817/probabilities/selected_probabilities_TAIEX_regime_fixed_20d_E1_validation_weighted_probability_ensemble.parquet,TAIEX_regime_fixed_20d
2025-07-31,20-day,WF3,3,test,2,2,True,"latest eligible fold after sorting by date, split priority, and fold number",E1_validation_weighted_probability_ensemble,probability_ensemble,TAIEX_regime_fixed_20d,20260624_031817,0.02619762698655491,0.14564462260562683,0.5005177579022907,0.30495765891277304,0.02268233359275474,True,/content/drive/MyDrive/AURORA_TWETF/outputs/AURORA_TWETF/purged_walk_forward_models/run_20260624_031817/probabilities/selected_probabilities_TAIEX_regime_fixed_20d_E1_validation_weighted_probability_ensemble.parquet,TAIEX_regime_fixed_20d
2025-08-01,20-day,WF3,3,test,2,2,True,"latest eligible fold after sorting by date, split priority, and fold number",E1_validation_weighted_probability_ensemble,probability_ensemble,TAIEX_regime_fixed_20d,20260624_031817,0.02313237000569174,0.15572246482587865,0.5183169619927062,0.27777171462594435,0.02505648854977901,True,/content/drive/MyDrive/AURORA_TWETF/outputs/AURORA_TWETF/purged_walk_forward_models/run_20260624_031817/probabilities/selected_probabilities_TAIEX_regime_fixed_20d_E1_validation_weighted_probability_ensemble.parquet,TAIEX_regime_fixed_20d
2025-08-04,20-day,WF3,3,test,2,2,True,"latest eligible fold after sorting by date, split priority, and fold number",E1_validation_weighted_probability_ensemble,probability_ensemble,TAIEX_regime_fixed_20d,20260624_031817,0.025386233516048747,0.113798428029547,0.5050981500624986,0.32805332433926354,0.0276638640526422,True,/content/drive/MyDrive/AURORA_TWETF/outputs/AURORA_TWETF/purged_walk_forward_models/run_20260624_031817/probabilities/selected_probabilities_TAIEX_regime_fixed_20d_E1_validation_weighted_probability_ensemble.parquet,TAIEX_regime_fixed_20d
2025-08-05,20-day,WF3,3,test,2,2,True,"latest eligible fold after sorting by date, split priority, and fold number",E1_validation_weighted_probability_ensemble,probability_ensemble,TAIEX_regime_fixed_20d,20260624_031817,0.017389791515926296,0.12155696931139351,0.45626978762840736,0.37575490373233084,0.029028547811942106,True,/content/drive/MyDrive/AURORA_TWETF/outputs/AURORA_TWETF/purged_walk_forward_models/run_20260624_031817/probabilities/selected_probabilities_TAIEX_regime_fixed_20d_E1_validation_weighted_probability_ensemble.parquet,TAIEX_regime_fixed_20d
2025-08-06,20-day,WF3,3,test,2,2,True,"latest eligible fold after sorting by date, split priority, and fold number",E1_validation_weighted_probability_ensemble,probability_ensemble,TAIEX_regime_fixed_20d,20260624_031817,0.0222217664388043,0.12388975485188478,0.47897756210344156,0.3516991530819299,0.02321176352393955,True,/content/drive/MyDrive/AURORA_TWETF/outputs/AURORA_TWETF/purged_walk_forward_models/run_20260624_031817/probabilities/selected_probabilities_TAIEX_regime_fixed_20d_E1_validation_weighted_probability_ensemble.parquet,TAIEX_regime_fixed_20d
2025-08-07,20-day,WF3,3,test,2,2,True,"latest eligible fold after sorting by date, split priority, and fold number",E1_validation_weighted_probability_ensemble,probability_ensemble,TAIEX_regime_fixed_20d,20260624_031817,0.018521942470398078,0.12722998653830384,0.4639765532862452,0.36584970618540347,0.02442181151964943,True,/content/drive/MyDrive/AURORA_TWETF/outputs/AURORA_TWETF/purged_walk_forward_models/run_20260624_031817/probabilities/selected_probabilities_TAIEX_regime_fixed_20d_E1_validation_weighted_probability_ensemble.parquet,TAIEX_regime_fixed_20d
2025-08-08,20-day,WF3,3,test,2,2,True,"latest eligible fold after sorting by date, split priority, and fold number",E1_validation_weighted_probability_ensemble,probability_ensemble,TAIEX_regime_fixed_20d,20260624_031817,0.05346868467920418,0.11558961093081828,0.4215553804106668,0.3872757158214794,0.02211060815783127,True,/content/drive/MyDrive/AURORA_TWETF/outputs/AURORA_TWETF/purged_walk_forward_models/run_20260624_031817/probabilities/selected_probabilities_TAIEX_regime_fixed_20d_E1_validation_weighted_probability_ensemble.parquet,TAIEX_regime_fixed_20d
2025-08-11,20-day,WF3,3,test,2,2,True,"latest eligible fold after sorting by date, split priority, and fold number",E1_validation_weighted_probability_ensemble,probability_ensemble,TAIEX_regime_fixed_20d,20260624_031817,0.04345105795770391,0.11843977930402054,0.43222350095659945,0.38434214319148485,0.021543518590191244,True,/content/drive/MyDrive/AURORA_TWETF/outputs/AURORA_TWETF/purged_walk_forward_models/run_20260624_031817/probabilities/selected_probabilities_TAIEX_regime_fixed_20d_E1_validation_weighted_probability_ensemble.parquet,TAIEX_regime_fixed_20d
2025-08-12,20-day,WF3,3,test,2,2,True,"latest eligible fold after sorting by date, split priority, and fold number",E1_validation_weighted_probability_ensemble,probability_ensemble,TAIEX_regime_fixed_20d,20260624_031817,0.04595562814704073,0.1197183543039416,0.42366239661250266,0.3899403934824082,0.02072322745410663,True,/content/drive/MyDrive/AURORA_TWETF/outputs/AURORA_TWETF/purged_walk_forward_models/run_20260624_031817/probabilities/selected_probabilities_TAIEX_regime_fixed_20d_E1_validation_weighted_probability_ensemble.parquet,TAIEX_regime_fixed_20d
2025-08-13,20-day,WF3,3,test,2,2,True,"latest eligible fold after sorting by date, split priority, and fold number",E1_validation_weighted_probability_ensemble,probability_ensemble,TAIEX_regime_fixed_20d,20260624_031817,0.03755076182346276,0.12623746925386342,0.4624955218949368,0.35123750326104675,0.022478743766690183,True,/content/drive/MyDrive/AURORA_TWETF/outputs/AURORA_TWETF/purged_walk_forward_models/run_20260624_031817/probabilities/selected_probabilities_TAIEX_regime_fixed_20d_E1_validation_weighted_probability_ensemble.parquet,TAIEX_regime_fixed_20d
2025-08-14,20-day,WF3,3,test,2,2,True,"latest eligible fold after sorting by date, split priority, and fold number",E1_validation_weighted_probability_ensemble,probability_ensemble,TAIEX_regime_fixed_20d,20260624_031817,0.041936330226557954,0.12556382844280006,0.4770487179572293,0.3389961250714214,0.016454998301991226,True,/content/drive/MyDrive/AURORA_TWETF/outputs/AURORA_TWETF/purged_walk_forward_models/run_20260624_031817/probabilities/selected_probabilities_TAIEX_regime_fixed_20d_E1_validation_weighted_probability_ensemble.parquet,TAIEX_regime_fixed_20d
2025-08-15,20-day,WF3,3,test,2,2,True,"latest eligible fold after sorting by date, split priority, and fold number",E1_validation_weighted_probability_ensemble,probability_ensemble,TAIEX_regime_fixed_20d,20260624_031817,0.03460876605062994,0.14304530688115427,0.46373789101488366,0.33681212614740635,0.02179590990592581,True,/content/drive/MyDrive/AURORA_TWETF/outputs/AURORA_TWETF/purged_walk_forward_models/run_20260624_031817/probabilities/selected_probabilities_TAIEX_regime_fixed_20d_E1_validation_weighted_probability_ensemble.parquet,TAIEX_regime_fixed_20d
2025-08-18,20-day,WF3,3,test,2,2,True,"latest eligible fold after sorting by date, split priority, and fold number",E1_validation_weighted_probability_ensemble,probability_ensemble,TAIEX_regime_fixed_20d,20260624_031817,0.028724390094357174,0.13311055116610176,0.4802054216426891,0.3337562396630394,0.024203397433812564,True,/content/drive/MyDrive/AURORA_TWETF/outputs/AURORA_TWETF/purged_walk_forward_models/run_20260624_031817/probabilities/selected_probabilities_TAIEX_regime_fixed_20d_E1_validation_weighted_probability_ensemble.parquet,TAIEX_regime_fixed_20d
2025-08-19,20-day,WF3,3,test,2,2,True,"latest eligible fold after sorting by date, split priority, and fold number",E1_validation_weighted_probability_ensemble,probability_ensemble,TAIEX_regime_fixed_20d,20260624_031817,0.029379180742587496,0.14357028615943707,0.44926620078618135,0.353412393224027,0.024371939087767087,True,/content/drive/MyDrive/AURORA_TWETF/outputs/AURORA_TWETF/purged_walk_forward_models/run_20260624_031817/probabilities/selected_probabilities_TAIEX_regime_fixed_20d_E1_validation_weighted_probability_ensemble.parquet,TAIEX_regime_fixed_20d
2025-08-20,20-day,WF3,3,test,2,2,True,"latest eligible fold after sorting by date, split priority, and fold number",E1_validation_weighted_probability_ensemble,probability_ensemble,TAIEX_regime_fixed_20d,20260624_031817,0.029099351064123397,0.12642587731204852,0.4790436301574711,0.33992772976198915,0.025503411704367856,True,/content/drive/MyDrive/AURORA_TWETF/outputs/AURORA_TWETF/purged_walk_forward_models/run_20260624_031817/probabilities/selected_probabilities_TAIEX_regime_fixed_20d_E1_validation_weighted_probability_ensemble.parquet,TAIEX_regime_fixed_20d
2025-08-21,20-day,WF3,3,test,2,2,True,"latest eligible fold after sorting by date, split priority, and fold number",E1_validation_weighted_probability_ensemble,probability_ensemble,TAIEX_regime_fixed_20d,20260624_031817,0.033262497126416435,0.09988088303138484,0.42623571805476457,0.4084578164303553,0.03216308535707892,True,/content/drive/MyDrive/AURORA_TWETF/outputs/AURORA_TWETF/purged_walk_forward_models/run_20260624_031817/probabilities/selected_probabilities_TAIEX_regime_fixed_20d_E1_validation_weighted_probability_ensemble.parquet,TAIEX_regime_fixed_20d
2025-08-22,20-day,WF3,3,test,2,2,True,"latest eligible fold after sorting by date, split priority, and fold number",E1_validation_weighted_probability_ensemble,probability_ensemble,TAIEX_regime_fixed_20d,20260624_031817,0.05540037972904252,0.11078672915972503,0.426322563070508,0.38390906227235716,0.023581265768367124,True,/content/drive/MyDrive/AURORA_TWETF/outputs/AURORA_TWETF/purged_walk_forward_models/run_20260624_031817/probabilities/selected_probabilities_TAIEX_regime_fixed_20d_E1_validation_weighted_probability_ensemble.parquet,TAIEX_regime_fixed_20d
2025-08-25,20-day,WF3,3,test,2,2,True,"latest eligible fold after sorting by date, split priority, and fold number",E1_validation_weighted_probability_ensemble,probability_ensemble,TAIEX_regime_fixed_20d,20260624_031817,0.06302810597323147,0.13882075204540487,0.46674864595650317,0.30851663197095036,0.02288586405391012,True,/content/drive/MyDrive/AURORA_TWETF/outputs/AURORA_TWETF/purged_walk_forward_models/run_20260624_031817/probabilities/selected_probabilities_TAIEX_regime_fixed_20d_E1_validation_weighted_probability_ensemble.parquet,TAIEX_regime_fixed_20d
2025-08-26,20-day,WF3,3,test,2,2,True,"latest eligible fold after sorting by date, split priority, and fold number",E1_validation_weighted_probability_ensemble,probability_ensemble,TAIEX_regime_fixed_20d,20260624_031817,0.042997843981934014,0.11432716836546003,0.4436913931338625,0.37637940360083627,0.02260419091790708,True,/content/drive/MyDrive/AURORA_TWETF/outputs/AURORA_TWETF/purged_walk_forward_models/run_20260624_031817/probabilities/selected_probabilities_TAIEX_regime_fixed_20d_E1_validation_weighted_probability_ensemble.parquet,TAIEX_regime_fixed_20d
2025-08-27,20-day,WF3,3,test,2,2,True,"latest eligible fold after sorting by date, split priority, and fold number",E1_validation_weighted_probability_ensemble,probability_ensemble,TAIEX_regime_fixed_20d,20260624_031817,0.03411998418514761,0.12089634916387508,0.4475239133769048,0.37405851556258934,0.023401237711483145,True,/content/drive/MyDrive/AURORA_TWETF/outputs/AURORA_TWETF/purged_walk_forward_models/run_20260624_031817/probabilities/selected_probabilities_TAIEX_regime_fixed_20d_E1_validation_weighted_probability_ensemble.parquet,TAIEX_regime_fixed_20d
2025-08-28,20-day,WF3,3,test,2,2,True,"latest eligible fold after sorting by date, split priority, and fold number",E1_validation_weighted_probability_ensemble,probability_ensemble,TAIEX_regime_fixed_20d,20260624_031817,0.062360468283342955,0.1357000921812802,0.41794824735406744,0.36438772427110905,0.01960346791020035,True,/content/drive/MyDrive/AURORA_TWETF/outputs/AURORA_TWETF/purged_walk_forward_models/run_20260624_031817/probabilities/selected_probabilities_TAIEX_regime_fixed_20d_E1_validation_weighted_probability_ensemble.parquet,TAIEX_regime_fixed_20d
2025-08-29,20-day,WF3,3,test,2,2,True,"latest eligible fold after sorting by date, split priority, and fold number",E1_validation_weighted_probability_ensemble,probability_ensemble,TAIEX_regime_fixed_20d,20260624_031817,0.05328938906814655,0.14018327175862322,0.440227173946153,0.34372813764257076,0.022572027584506455,True,/content/drive/MyDrive/AURORA_TWETF/outputs/AURORA_TWETF/purged_walk_forward_models/run_20260624_031817/probabilities/selected_probabilities_TAIEX_regime_fixed_20d_E1_validation_weighted_probability_ensemble.parquet,TAIEX_regime_fixed_20d
2025-09-01,20-day,WF3,3,test,2,2,True,"latest eligible fold after sorting by date, split priority, and fold number",E1_validation_weighted_probability_ensemble,probability_ensemble,TAIEX_regime_fixed_20d,20260624_031817,0.031711370046382935,0.16262180647442206,0.4550312580976468,0.32710121393714425,0.02353435144440401,True,/content/drive/MyDrive/AURORA_TWETF/outputs/AURORA_TWETF/purged_walk_forward_models/run_20260624_031817/probabilities/selected_probabilities_TAIEX_regime_fixed_20d_E1_validation_weighted_probability_ensemble.parquet,TAIEX_regime_fixed_20d
2025-09-02,20-day,WF3,3,test,2,2,True,"latest eligible fold after sorting by date, split priority, and fold number",E1_validation_weighted_probability_ensemble,probability_ensemble,TAIEX_regime_fixed_20d,20260624_031817,0.023827592154845315,0.14278817125181026,0.4716198412375219,0.3359617016885896,0.025802693667232958,True,/content/drive/MyDrive/AURORA_TWETF/outputs/AURORA_TWETF/purged_walk_forward_models/run_20260624_031817/probabilities/selected_probabilities_TAIEX_regime_fixed_20d_E1_validation_weighted_probability_ensemble.parquet,TAIEX_regime_fixed_20d
2025-09-03,20-day,WF3,3,test,2,2,True,"latest eligible fold after sorting by date, split priority, and fold number",E1_validation_weighted_probability_ensemble,probability_ensemble,TAIEX_regime_fixed_20d,20260624_031817,0.0242743554387485,0.1306302889355179,0.4849713026430663,0.3317572854039864,0.02836676757868095,True,/content/drive/MyDrive/AURORA_TWETF/outputs/AURORA_TWETF/purged_walk_forward_models/run_20260624_031817/probabilities/selected_probabilities_TAIEX_regime_fixed_20d_E1_validation_weighted_probability_ensemble.parquet,TAIEX_regime_fixed_20d
2025-09-04,20-day,WF3,3,test,2,2,True,"latest eligible fold after sorting by date, split priority, and fold number",E1_validation_weighted_probability_ensemble,probability_ensemble,TAIEX_regime_fixed_20d,20260624_031817,0.024446096626327424,0.12985468792905322,0.4917874749149819,0.32934024840254705,0.02457149212709023,True,/content/drive/MyDrive/AURORA_TWETF/outputs/AURORA_TWETF/purged_walk_forward_models/run_20260624_031817/probabilities/selected_probabilities_TAIEX_regime_fixed_20d_E1_validation_weighted_probability_ensemble.parquet,TAIEX_regime_fixed_20d
2025-09-05,20-day,WF3,3,test,2,2,True,"latest eligible fold after sorting by date, split priority, and fold number",E1_validation_weighted_probability_ensemble,probability_ensemble,TAIEX_regime_fixed_20d,20260624_031817,0.015623978540339221,0.13954810431513429,0.5039005564171868,0.31329764794207543,0.027629712785264347,True,/content/drive/MyDrive/AURORA_TWETF/outputs/AURORA_TWETF/purged_walk_forward_models/run_20260624_031817/probabilities/selected_probabilities_TAIEX_regime_fixed_20d_E1_validation_weighted_probability_ensemble.parquet,TAIEX_regime_fixed_20d
2025-09-08,20-day,WF3,3,test,2,2,True,"latest eligible fold after sorting by date, split priority, and fold number",E1_validation_weighted_probability_ensemble,probability_ensemble,TAIEX_regime_fixed_20d,20260624_031817,0.02062365506645665,0.15941121065834896,0.508044119902953,0.2880569735598726,0.023864040812368974,True,/content/drive/MyDrive/AURORA_TWETF/outputs/AURORA_TWETF/purged_walk_forward_models/run_20260624_031817/probabilities/selected_probabilities_TAIEX_regime_fixed_20d_E1_validation_weighted_probability_ensemble.parquet,TAIEX_regime_fixed_20d
2025-09-09,20-day,WF3,3,test,2,2,True,"latest eligible fold after sorting by date, split priority, and fold number",E1_validation_weighted_probability_ensemble,probability_ensemble,TAIEX_regime_fixed_20d,20260624_031817,0.01909958029985707,0.14943581621477997,0.5079992229807627,0.2998582890288252,0.023607091475775017,True,/content/drive/MyDrive/AURORA_TWETF/outputs/AURORA_TWETF/purged_walk_forward_models/run_20260624_031817/probabilities/selected_probabilities_TAIEX_regime_fixed_20d_E1_validation_weighted_probability_ensemble.parquet,TAIEX_regime_fixed_20d
2025-09-10,20-day,WF3,3,test,2,2,True,"latest eligible fold after sorting by date, split priority, and fold number",E1_validation_weighted_probability_ensemble,probability_ensemble,TAIEX_regime_fixed_20d,20260624_031817,0.023654047623576018,0.19931914494757688,0.46006502306174174,0.2940436737080405,0.022918110659064867,True,/content/drive/MyDrive/AURORA_TWETF/outputs/AURORA_TWETF/purged_walk_forward_models/run_20260624_031817/probabilities/selected_probabilities_TAIEX_regime_fixed_20d_E1_validation_weighted_probability_ensemble.parquet,TAIEX_regime_fixed_20d
2025-09-11,20-day,WF3,3,test,2,2,True,"latest eligible fold after sorting by date, split priority, and fold number",E1_validation_weighted_probability_ensemble,probability_ensemble,TAIEX_regime_fixed_20d,20260624_031817,0.037456888529128186,0.19124009158784958,0.43762246984170444,0.3126277947814842,0.02105275525983367,True,/content/drive/MyDrive/AURORA_TWETF/outputs/AURORA_TWETF/purged_walk_forward_models/run_20260624_031817/probabilities/selected_probabilities_TAIEX_regime_fixed_20d_E1_validation_weighted_probability_ensemble.parquet,TAIEX_regime_fixed_20d
2025-09-12,20-day,WF3,3,test,2,2,True,"latest eligible fold after sorting by date, split priority, and fold number",E1_validation_weighted_probability_ensemble,probability_ensemble,TAIEX_regime_fixed_20d,20260624_031817,0.03635593833157126,0.17682867548355685,0.4677138999134998,0.2987590468551102,0.020342439416262,True,/content/drive/MyDrive/AURORA_TWETF/outputs/AURORA_TWETF/purged_walk_forward_models/run_20260624_031817/probabilities/selected_probabilities_TAIEX_regime_fixed_20d_E1_validation_weighted_probability_ensemble.parquet,TAIEX_regime_fixed_20d
2025-09-15,20-day,WF3,3,test,2,2,True,"latest eligible fold after sorting by date, split priority, and fold number",E1_validation_weighted_probability_ensemble,probability_ensemble,TAIEX_regime_fixed_20d,20260624_031817,0.04521114885579974,0.17735916440500726,0.4381150757152121,0.3236438846032793,0.01567072642070153,True,/content/drive/MyDrive/AURORA_TWETF/outputs/AURORA_TWETF/purged_walk_forward_models/run_20260624_031817/probabilities/selected_probabilities_TAIEX_regime_fixed_20d_E1_validation_weighted_probability_ensemble.parquet,TAIEX_regime_fixed_20d
2025-09-16,20-day,WF3,3,test,2,2,True,"latest eligible fold after sorting by date, split priority, and fold number",E1_validation_weighted_probability_ensemble,probability_ensemble,TAIEX_regime_fixed_20d,20260624_031817,0.04169436414905913,0.2142410616254391,0.4480513493376068,0.280192765518711,0.015820459369183963,True,/content/drive/MyDrive/AURORA_TWETF/outputs/AURORA_TWETF/purged_walk_forward_models/run_20260624_031817/probabilities/selected_probabilities_TAIEX_regime_fixed_20d_E1_validation_weighted_probability_ensemble.parquet,TAIEX_regime_fixed_20d
2025-09-17,20-day,WF3,3,test,2,2,True,"latest eligible fold after sorting by date, split priority, and fold number",E1_validation_weighted_probability_ensemble,probability_ensemble,TAIEX_regime_fixed_20d,20260624_031817,0.05747515732775276,0.2039022132400717,0.45932511859725195,0.26516061598194096,0.014136894852982695,True,/content/drive/MyDrive/AURORA_TWETF/outputs/AURORA_TWETF/purged_walk_forward_models/run_20260624_031817/probabilities/selected_probabilities_TAIEX_regime_fixed_20d_E1_validation_weighted_probability_ensemble.parquet,TAIEX_regime_fixed_20d
2025-09-18,20-day,WF3,3,test,2,2,True,"latest eligible fold after sorting by date, split priority, and fold number",E1_validation_weighted_probability_ensemble,probability_ensemble,TAIEX_regime_fixed_20d,20260624_031817,0.031166950866788744,0.19956656012346574,0.4655041125630867,0.28277377625411126,0.02098860019254738,True,/content/drive/MyDrive/AURORA_TWETF/outputs/AURORA_TWETF/purged_walk_forward_models/run_20260624_031817/probabilities/selected_probabilities_TAIEX_regime_fixed_20d_E1_validation_weighted_probability_ensemble.parquet,TAIEX_regime_fixed_20d
2025-09-19,20-day,WF3,3,test,2,2,True,"latest eligible fold after sorting by date, split priority, and fold number",E1_validation_weighted_probability_ensemble,probability_ensemble,TAIEX_regime_fixed_20d,20260624_031817,0.0507268044467293,0.18250761165879933,0.4753980049957496,0.27367031976880773,0.017697259129913934,True,/content/drive/MyDrive/AURORA_TWETF/outputs/AURORA_TWETF/purged_walk_forward_models/run_20260624_031817/probabilities/selected_probabilities_TAIEX_regime_fixed_20d_E1_validation_weighted_probability_ensemble.parquet,TAIEX_regime_fixed_20d
2025-09-22,20-day,WF3,3,test,2,2,True,"latest eligible fold after sorting by date, split priority, and fold number",E1_validation_weighted_probability_ensemble,probability_ensemble,TAIEX_regime_fixed_20d,20260624_031817,0.04235678957739206,0.17982510549970074,0.4982608308684166,0.26309595126298563,0.016461322791504866,True,/content/drive/MyDrive/AURORA_TWETF/outputs/AURORA_TWETF/purged_walk_forward_models/run_20260624_031817/probabilities/selected_probabilities_TAIEX_regime_fixed_20d_E1_validation_weighted_probability_ensemble.parquet,TAIEX_regime_fixed_20d
2025-09-23,20-day,WF3,3,test,2,2,True,"latest eligible fold after sorting by date, split priority, and fold number",E1_validation_weighted_probability_ensemble,probability_ensemble,TAIEX_regime_fixed_20d,20260624_031817,0.04820099371244368,0.23728807738920052,0.4678133829427145,0.23341448640973692,0.013283059545904448,True,/content/drive/MyDrive/AURORA_TWETF/outputs/AURORA_TWETF/purged_walk_forward_models/run_20260624_031817/probabilities/selected_probabilities_TAIEX_regime_fixed_20d_E1_validation_weighted_probability_ensemble.parquet,TAIEX_regime_fixed_20d
2025-09-24,20-day,WF3,3,test,2,2,True,"latest eligible fold after sorting by date, split priority, and fold number",E1_validation_weighted_probability_ensemble,probability_ensemble,TAIEX_regime_fixed_20d,20260624_031817,0.06171994781898607,0.20475128720341107,0.476283564809291,0.24481486414327952,0.012430336025032409,True,/content/drive/MyDrive/AURORA_TWETF/outputs/AURORA_TWETF/purged_walk_forward_models/run_20260624_031817/probabilities/selected_probabilities_TAIEX_regime_fixed_20d_E1_validation_weighted_probability_ensemble.parquet,TAIEX_regime_fixed_20d
2025-09-25,20-day,WF3,3,test,2,2,True,"latest eligible fold after sorting by date, split priority, and fold number",E1_validation_weighted_probability_ensemble,probability_ensemble,TAIEX_regime_fixed_20d,20260624_031817,0.039866098406736786,0.21298405773748963,0.4864768444057143,0.24770694119617198,0.0129660582538873,True,/content/drive/MyDrive/AURORA_TWETF/outputs/AURORA_TWETF/purged_walk_forward_models/run_20260624_031817/probabilities/selected_probabilities_TAIEX_regime_fixed_20d_E1_validation_weighted_probability_ensemble.parquet,TAIEX_regime_fixed_20d
2025-09-26,20-day,WF3,3,test,2,2,True,"latest eligible fold after sorting by date, split priority, and fold number",E1_validation_weighted_probability_ensemble,probability_ensemble,TAIEX_regime_fixed_20d,20260624_031817,0.034545846934259855,0.20722932652568096,0.4831535641887918,0.2595257074644594,0.015545554886807953,True,/content/drive/MyDrive/AURORA_TWETF/outputs/AURORA_TWETF/purged_walk_forward_models/run_20260624_031817/probabilities/selected_probabilities_TAIEX_regime_fixed_20d_E1_validation_weighted_probability_ensemble.parquet,TAIEX_regime_fixed_20d
2025-09-30,20-day,WF3,3,test,2,2,True,"latest eligible fold after sorting by date, split priority, and fold number",E1_validation_weighted_probability_ensemble,probability_ensemble,TAIEX_regime_fixed_20d,20260624_031817,0.03210953002919968,0.15362062827102588,0.4713431739518685,0.3227241537751289,0.02020251397277701,True,/content/drive/MyDrive/AURORA_TWETF/outputs/AURORA_TWETF/purged_walk_forward_models/run_20260624_031817/probabilities/selected_probabilities_TAIEX_regime_fixed_20d_E1_validation_weighted_probability_ensemble.parquet,TAIEX_regime_fixed_20d
2025-10-01,20-day,WF3,3,test,2,2,True,"latest eligible fold after sorting by date, split priority, and fold number",E1_validation_weighted_probability_ensemble,probability_ensemble,TAIEX_regime_fixed_20d,20260624_031817,0.03408683659465892,0.16686104037503632,0.45556109515212123,0.32538714664206286,0.018103881236120754,True,/content/drive/MyDrive/AURORA_TWETF/outputs/AURORA_TWETF/purged_walk_forward_models/run_20260624_031817/probabilities/selected_probabilities_TAIEX_regime_fixed_20d_E1_validation_weighted_probability_ensemble.parquet,TAIEX_regime_fixed_20d
2025-10-02,20-day,WF3,3,test,2,2,True,"latest eligible fold after sorting by date, split priority, and fold number",E1_validation_weighted_probability_ensemble,probability_ensemble,TAIEX_regime_fixed_20d,20260624_031817,0.035625017144385936,0.14804925889367057,0.48158409372396677,0.31640210896207677,0.018339521275899946,True,/content/drive/MyDrive/AURORA_TWETF/outputs/AURORA_TWETF/purged_walk_forward_models/run_20260624_031817/probabilities/selected_probabilities_TAIEX_regime_fixed_20d_E1_validation_weighted_probability_ensemble.parquet,TAIEX_regime_fixed_20d
2025-10-03,20-day,WF3,3,test,2,2,True,"latest eligible fold after sorting by date, split priority, and fold number",E1_validation_weighted_probability_ensemble,probability_ensemble,TAIEX_regime_fixed_20d,20260624_031817,0.0789550183293749,0.17263087829091217,0.453045643120016,0.2787569539805208,0.016611506279176153,True,/content/drive/MyDrive/AURORA_TWETF/outputs/AURORA_TWETF/purged_walk_forward_models/run_20260624_031817/probabilities/selected_probabilities_TAIEX_regime_fixed_20d_E1_validation_weighted_probability_ensemble.parquet,TAIEX_regime_fixed_20d
2025-10-07,20-day,WF3,3,test,2,2,True,"latest eligible fold after sorting by date, split priority, and fold number",E1_validation_weighted_probability_ensemble,probability_ensemble,TAIEX_regime_fixed_20d,20260624_031817,0.11186066428604154,0.17402240872243932,0.45172932460051984,0.24986913921287587,0.012518463178123577,True,/content/drive/MyDrive/AURORA_TWETF/outputs/AURORA_TWETF/purged_walk_forward_models/run_20260624_031817/probabilities/selected_probabilities_TAIEX_regime_fixed_20d_E1_validation_weighted_probability_ensemble.parquet,TAIEX_regime_fixed_20d
2025-10-08,20-day,WF3,3,test,2,2,True,"latest eligible fold after sorting by date, split priority, and fold number",E1_validation_weighted_probability_ensemble,probability_ensemble,TAIEX_regime_fixed_20d,20260624_031817,0.13473257257746363,0.17004569858546525,0.4492557830804671,0.23448753705615447,0.011478408700449557,True,/content/drive/MyDrive/AURORA_TWETF/outputs/AURORA_TWETF/purged_walk_forward_models/run_20260624_031817/probabilities/selected_probabilities_TAIEX_regime_fixed_20d_E1_validation_weighted_probability_ensemble.parquet,TAIEX_regime_fixed_20d
2025-10-09,20-day,WF3,3,test,2,2,True,"latest eligible fold after sorting by date, split priority, and fold number",E1_validation_weighted_probability_ensemble,probability_ensemble,TAIEX_regime_fixed_20d,20260624_031817,0.1390431852026098,0.1787861904404454,0.4319112418052716,0.23889372758808594,0.011365654963587107,True,/content/drive/MyDrive/AURORA_TWETF/outputs/AURORA_TWETF/purged_walk_forward_models/run_20260624_031817/probabilities/selected_probabilities_TAIEX_regime_fixed_20d_E1_validation_weighted_probability_ensemble.parquet,TAIEX_regime_fixed_20d
2025-10-13,20-day,WF3,3,test,2,2,True,"latest eligible fold after sorting by date, split priority, and fold number",E1_validation_weighted_probability_ensemble,probability_ensemble,TAIEX_regime_fixed_20d,20260624_031817,0.13474117502473357,0.15970389953880681,0.443784507163569,0.2515239875558037,0.010246430717086832,True,/content/drive/MyDrive/AURORA_TWETF/outputs/AURORA_TWETF/purged_walk_forward_models/run_20260624_031817/probabilities/selected_probabilities_TAIEX_regime_fixed_20d_E1_validation_weighted_probability_ensemble.parquet,TAIEX_regime_fixed_20d
2025-10-14,20-day,WF3,3,test,2,2,True,"latest eligible fold after sorting by date, split priority, and fold number",E1_validation_weighted_probability_ensemble,probability_ensemble,TAIEX_regime_fixed_20d,20260624_031817,0.07413428795557922,0.16455088674860363,0.4763723172458412,0.2656272137883826,0.019315294261593226,True,/content/drive/MyDrive/AURORA_TWETF/outputs/AURORA_TWETF/purged_walk_forward_models/run_20260624_031817/probabilities/selected_probabilities_TAIEX_regime_fixed_20d_E1_validation_weighted_probability_ensemble.parquet,TAIEX_regime_fixed_20d
2025-10-15,20-day,WF3,3,test,2,2,True,"latest eligible fold after sorting by date, split priority, and fold number",E1_validation_weighted_probability_ensemble,probability_ensemble,TAIEX_regime_fixed_20d,20260624_031817,0.05068559487110276,0.14485257366082482,0.4966213266140496,0.28691458250189383,0.020925922352128992,True,/content/drive/MyDrive/AURORA_TWETF/outputs/AURORA_TWETF/purged_walk_forward_models/run_20260624_031817/probabilities/selected_probabilities_TAIEX_regime_fixed_20d_E1_validation_weighted_probability_ensemble.parquet,TAIEX_regime_fixed_20d
2025-10-16,20-day,WF3,3,test,2,2,True,"latest eligible fold after sorting by date, split priority, and fold number",E1_validation_weighted_probability_ensemble,probability_ensemble,TAIEX_regime_fixed_20d,20260624_031817,0.0853335225484075,0.15699742374565562,0.45939904367720236,0.2819547866168495,0.016315223411885234,True,/content/drive/MyDrive/AURORA_TWETF/outputs/AURORA_TWETF/purged_walk_forward_models/run_20260624_031817/probabilities/selected_probabilities_TAIEX_regime_fixed_20d_E1_validation_weighted_probability_ensemble.parquet,TAIEX_regime_fixed_20d
2025-10-17,20-day,WF3,3,test,2,2,True,"latest eligible fold after sorting by date, split priority, and fold number",E1_validation_weighted_probability_ensemble,probability_ensemble,TAIEX_regime_fixed_20d,20260624_031817,0.11330148005214176,0.14102181454607915,0.4510733017317416,0.28085505015357753,0.013748353516459958,True,/content/drive/MyDrive/AURORA_TWETF/outputs/AURORA_TWETF/purged_walk_forward_models/run_20260624_031817/probabilities/selected_probabilities_TAIEX_regime_fixed_20d_E1_validation_weighted_probability_ensemble.parquet,TAIEX_regime_fixed_20d
2025-10-20,20-day,WF3,3,test,2,2,True,"latest eligible fold after sorting by date, split priority, and fold number",E1_validation_weighted_probability_ensemble,probability_ensemble,TAIEX_regime_fixed_20d,20260624_031817,0.08725495228574309,0.13787138378528443,0.4644773203756752,0.2900280557334601,0.020368287819837218,True,/content/drive/MyDrive/AURORA_TWETF/outputs/AURORA_TWETF/purged_walk_forward_models/run_20260624_031817/probabilities/selected_probabilities_TAIEX_regime_fixed_20d_E1_validation_weighted_probability_ensemble.parquet,TAIEX_regime_fixed_20d
2025-10-21,20-day,WF3,3,test,2,2,True,"latest eligible fold after sorting by date, split priority, and fold number",E1_validation_weighted_probability_ensemble,probability_ensemble,TAIEX_regime_fixed_20d,20260624_031817,0.1244782884786457,0.18404759948854926,0.411223606497036,0.26793136438730547,0.012319141148463449,True,/content/drive/MyDrive/AURORA_TWETF/outputs/AURORA_TWETF/purged_walk_forward_models/run_20260624_031817/probabilities/selected_probabilities_TAIEX_regime_fixed_20d_E1_validation_weighted_probability_ensemble.parquet,TAIEX_regime_fixed_20d
2025-10-22,20-day,WF3,3,test,2,2,True,"latest eligible fold after sorting by date, split priority, and fold number",E1_validation_weighted_probability_ensemble,probability_ensemble,TAIEX_regime_fixed_20d,20260624_031817,0.10151458427228113,0.17183056799379937,0.41485077500643003,0.29888572782631406,0.012918344901175294,True,/content/drive/MyDrive/AURORA_TWETF/outputs/AURORA_TWETF/purged_walk_forward_models/run_20260624_031817/probabilities/selected_probabilities_TAIEX_regime_fixed_20d_E1_validation_weighted_probability_ensemble.parquet,TAIEX_regime_fixed_20d
2025-10-23,20-day,WF3,3,test,2,2,True,"latest eligible fold after sorting by date, split priority, and fold number",E1_validation_weighted_probability_ensemble,probability_ensemble,TAIEX_regime_fixed_20d,20260624_031817,0.09831971128821297,0.17769551396882946,0.42975507480368735,0.27671177154388904,0.01751792839538115,True,/content/drive/MyDrive/AURORA_TWETF/outputs/AURORA_TWETF/purged_walk_forward_models/run_20260624_031817/probabilities/selected_probabilities_TAIEX_regime_fixed_20d_E1_validation_weighted_probability_ensemble.parquet,TAIEX_regime_fixed_20d
2025-10-27,20-day,WF3,3,test,2,2,True,"latest eligible fold after sorting by date, split priority, and fold number",E1_validation_weighted_probability_ensemble,probability_ensemble,TAIEX_regime_fixed_20d,20260624_031817,0.0731587661712557,0.20067818670349924,0.4427282730159556,0.2670013196623204,0.01643345444696911,True,/content/drive/MyDrive/AURORA_TWETF/outputs/AURORA_TWETF/purged_walk_forward_models/run_20260624_031817/probabilities/selected_probabilities_TAIEX_regime_fixed_20d_E1_validation_weighted_probability_ensemble.parquet,TAIEX_regime_fixed_20d
2025-10-28,20-day,WF3,3,test,2,2,True,"latest eligible fold after sorting by date, split priority, and fold number",E1_validation_weighted_probability_ensemble,probability_ensemble,TAIEX_regime_fixed_20d,20260624_031817,0.10481398015589864,0.16606466123332125,0.4385725376647831,0.2758547879647516,0.014694032981245215,True,/content/drive/MyDrive/AURORA_TWETF/outputs/AURORA_TWETF/purged_walk_forward_models/run_20260624_031817/probabilities/selected_probabilities_TAIEX_regime_fixed_20d_E1_validation_weighted_probability_ensemble.parquet,TAIEX_regime_fixed_20d
2025-10-29,20-day,WF3,3,test,2,2,True,"latest eligible fold after sorting by date, split priority, and fold number",E1_validation_weighted_probability_ensemble,probability_ensemble,TAIEX_regime_fixed_20d,20260624_031817,0.06683267805504466,0.1655851241782196,0.45673966608340794,0.2977005003901548,0.013142031293172951,True,/content/drive/MyDrive/AURORA_TWETF/outputs/AURORA_TWETF/purged_walk_forward_models/run_20260624_031817/probabilities/selected_probabilities_TAIEX_regime_fixed_20d_E1_validation_weighted_probability_ensemble.parquet,TAIEX_regime_fixed_20d
2025-10-30,20-day,WF3,3,test,2,2,True,"latest eligible fold after sorting by date, split priority, and fold number",E1_validation_weighted_probability_ensemble,probability_ensemble,TAIEX_regime_fixed_20d,20260624_031817,0.11150416292319348,0.17796512733907802,0.4086286894152145,0.289912581285397,0.011989439037116967,True,/content/drive/MyDrive/AURORA_TWETF/outputs/AURORA_TWETF/purged_walk_forward_models/run_20260624_031817/probabilities/selected_probabilities_TAIEX_regime_fixed_20d_E1_validation_weighted_probability_ensemble.parquet,TAIEX_regime_fixed_20d
2025-10-31,20-day,WF3,3,test,2,2,True,"latest eligible fold after sorting by date, split priority, and fold number",E1_validation_weighted_probability_ensemble,probability_ensemble,TAIEX_regime_fixed_20d,20260624_031817,0.11931989246154608,0.17119033085639357,0.39039275592764144,0.30416595603854313,0.014931064715875948,True,/content/drive/MyDrive/AURORA_TWETF/outputs/AURORA_TWETF/purged_walk_forward_models/run_20260624_031817/probabilities/selected_probabilities_TAIEX_regime_fixed_20d_E1_validation_weighted_probability_ensemble.parquet,TAIEX_regime_fixed_20d
2025-11-03,20-day,WF3,3,test,2,2,True,"latest eligible fold after sorting by date, split priority, and fold number",E1_validation_weighted_probability_ensemble,probability_ensemble,TAIEX_regime_fixed_20d,20260624_031817,0.12109148034847166,0.1643697411036643,0.4010591427849104,0.298534245380361,0.014945390382592707,True,/content/drive/MyDrive/AURORA_TWETF/outputs/AURORA_TWETF/purged_walk_forward_models/run_20260624_031817/probabilities/selected_probabilities_TAIEX_regime_fixed_20d_E1_validation_weighted_probability_ensemble.parquet,TAIEX_regime_fixed_20d
2025-11-04,20-day,WF3,3,test,2,2,True,"latest eligible fold after sorting by date, split priority, and fold number",E1_validation_weighted_probability_ensemble,probability_ensemble,TAIEX_regime_fixed_20d,20260624_031817,0.10398253785928968,0.19748395057829052,0.3955788473181424,0.2876223917035044,0.015332272540773068,True,/content/drive/MyDrive/AURORA_TWETF/outputs/AURORA_TWETF/purged_walk_forward_models/run_20260624_031817/probabilities/selected_probabilities_TAIEX_regime_fixed_20d_E1_validation_weighted_probability_ensemble.parquet,TAIEX_regime_fixed_20d
2025-11-05,20-day,WF3,3,test,2,2,True,"latest eligible fold after sorting by date, split priority, and fold number",E1_validation_weighted_probability_ensemble,probability_ensemble,TAIEX_regime_fixed_20d,20260624_031817,0.05179830408887243,0.18469347929743743,0.44788850627557053,0.2960912232285449,0.01952848710957473,True,/content/drive/MyDrive/AURORA_TWETF/outputs/AURORA_TWETF/purged_walk_forward_models/run_20260624_031817/probabilities/selected_probabilities_TAIEX_regime_fixed_20d_E1_validation_weighted_probability_ensemble.parquet,TAIEX_regime_fixed_20d
2025-11-06,20-day,WF3,3,test,2,2,True,"latest eligible fold after sorting by date, split priority, and fold number",E1_validation_weighted_probability_ensemble,probability_ensemble,TAIEX_regime_fixed_20d,20260624_031817,0.03351346983966167,0.14942144288618905,0.4362142957941694,0.35747794072487216,0.023372850755107547,True,/content/drive/MyDrive/AURORA_TWETF/outputs/AURORA_TWETF/purged_walk_forward_models/run_20260624_031817/probabilities/selected_probabilities_TAIEX_regime_fixed_20d_E1_validation_weighted_probability_ensemble.parquet,TAIEX_regime_fixed_20d
2025-11-07,20-day,WF3,3,test,2,2,True,"latest eligible fold after sorting by date, split priority, and fold number",E1_validation_weighted_probability_ensemble,probability_ensemble,TAIEX_regime_fixed_20d,20260624_031817,0.03228958279322956,0.13538297659644974,0.4628318734909817,0.3486155363312012,0.02088003078813783,True,/content/drive/MyDrive/AURORA_TWETF/outputs/AURORA_TWETF/purged_walk_forward_models/run_20260624_031817/probabilities/selected_probabilities_TAIEX_regime_fixed_20d_E1_validation_weighted_probability_ensemble.parquet,TAIEX_regime_fixed_20d
2025-11-10,20-day,WF3,3,test,2,2,True,"latest eligible fold after sorting by date, split priority, and fold number",E1_validation_weighted_probability_ensemble,probability_ensemble,TAIEX_regime_fixed_20d,20260624_031817,0.03154516142096585,0.13288068051452803,0.4431261427620505,0.36890133619286536,0.023546679109590265,True,/content/drive/MyDrive/AURORA_TWETF/outputs/AURORA_TWETF/purged_walk_forward_models/run_20260624_031817/probabilities/selected_probabilities_TAIEX_regime_fixed_20d_E1_validation_weighted_probability_ensemble.parquet,TAIEX_regime_fixed_20d
2025-11-11,20-day,WF3,3,test,2,2,True,"latest eligible fold after sorting by date, split priority, and fold number",E1_validation_weighted_probability_ensemble,probability_ensemble,TAIEX_regime_fixed_20d,20260624_031817,0.03397281919180795,0.1363369417118029,0.4689273945358486,0.34071398913563966,0.020048855424900917,True,/content/drive/MyDrive/AURORA_TWETF/outputs/AURORA_TWETF/purged_walk_forward_models/run_20260624_031817/probabilities/selected_probabilities_TAIEX_regime_fixed_20d_E1_validation_weighted_probability_ensemble.parquet,TAIEX_regime_fixed_20d
2025-11-12,20-day,WF3,3,test,2,2,True,"latest eligible fold after sorting by date, split priority, and fold number",E1_validation_weighted_probability_ensemble,probability_ensemble,TAIEX_regime_fixed_20d,20260624_031817,0.03181984903883287,0.16684300319760714,0.4484628786367999,0.33386269005931685,0.019011579067443208,True,/content/drive/MyDrive/AURORA_TWETF/outputs/AURORA_TWETF/purged_walk_forward_models/run_20260624_031817/probabilities/selected_probabilities_TAIEX_regime_fixed_20d_E1_validation_weighted_probability_ensemble.parquet,TAIEX_regime_fixed_20d
2025-11-13,20-day,WF3,3,test,2,2,True,"latest eligible fold after sorting by date, split priority, and fold number",E1_validation_weighted_probability_ensemble,probability_ensemble,TAIEX_regime_fixed_20d,20260624_031817,0.03506482502233524,0.1730113085781573,0.432512874425082,0.34054450468069164,0.01886648729373389,True,/content/drive/MyDrive/AURORA_TWETF/outputs/AURORA_TWETF/purged_walk_forward_models/run_20260624_031817/probabilities/selected_probabilities_TAIEX_regime_fixed_20d_E1_validation_weighted_probability_ensemble.parquet,TAIEX_regime_fixed_20d
2025-11-14,20-day,WF3,3,test,2,2,True,"latest eligible fold after sorting by date, split priority, and fold number",E1_validation_weighted_probability_ensemble,probability_ensemble,TAIEX_regime_fixed_20d,20260624_031817,0.030037821496786764,0.1237917777653572,0.4652515265417044,0.36153007909934376,0.019388795096807833,True,/content/drive/MyDrive/AURORA_TWETF/outputs/AURORA_TWETF/purged_walk_forward_models/run_20260624_031817/probabilities/selected_probabilities_TAIEX_regime_fixed_20d_E1_validation_weighted_probability_ensemble.parquet,TAIEX_regime_fixed_20d
2025-11-17,20-day,WF3,3,test,2,2,True,"latest eligible fold after sorting by date, split priority, and fold number",E1_validation_weighted_probability_ensemble,probability_ensemble,TAIEX_regime_fixed_20d,20260624_031817,0.0299593615129626,0.11798773642878846,0.410666892459601,0.4142347684902305,0.027151241108417462,True,/content/drive/MyDrive/AURORA_TWETF/outputs/AURORA_TWETF/purged_walk_forward_models/run_20260624_031817/probabilities/selected_probabilities_TAIEX_regime_fixed_20d_E1_validation_weighted_probability_ensemble.parquet,TAIEX_regime_fixed_20d
2025-11-18,20-day,WF3,3,test,2,2,True,"latest eligible fold after sorting by date, split priority, and fold number",E1_validation_weighted_probability_ensemble,probability_ensemble,TAIEX_regime_fixed_20d,20260624_031817,0.031684857727284396,0.10310400557369573,0.431402443802846,0.4089885667317564,0.024820126164417596,True,/content/drive/MyDrive/AURORA_TWETF/outputs/AURORA_TWETF/purged_walk_forward_models/run_20260624_031817/probabilities/selected_probabilities_TAIEX_regime_fixed_20d_E1_validation_weighted_probability_ensemble.parquet,TAIEX_regime_fixed_20d
2025-11-19,20-day,WF3,3,test,2,2,True,"latest eligible fold after sorting by date, split priority, and fold number",E1_validation_weighted_probability_ensemble,probability_ensemble,TAIEX_regime_fixed_20d,20260624_031817,0.03749423458856928,0.08321472876775891,0.3743380219753557,0.4595628849663026,0.045390129702013504,True,/content/drive/MyDrive/AURORA_TWETF/outputs/AURORA_TWETF/purged_walk_forward_models/run_20260624_031817/probabilities/selected_probabilities_TAIEX_regime_fixed_20d_E1_validation_weighted_probability_ensemble.parquet,TAIEX_regime_fixed_20d
2025-11-20,20-day,WF3,3,test,2,2,True,"latest eligible fold after sorting by date, split priority, and fold number",E1_validation_weighted_probability_ensemble,probability_ensemble,TAIEX_regime_fixed_20d,20260624_031817,0.03464895182304962,0.08671460044738977,0.3854674918347282,0.4465459689562202,0.046622986938612006,True,/content/drive/MyDrive/AURORA_TWETF/outputs/AURORA_TWETF/purged_walk_forward_models/run_20260624_031817/probabilities/selected_probabilities_TAIEX_regime_fixed_20d_E1_validation_weighted_probability_ensemble.parquet,TAIEX_regime_fixed_20d
2025-11-21,20-day,WF3,3,test,2,2,True,"latest eligible fold after sorting by date, split priority, and fold number",E1_validation_weighted_probability_ensemble,probability_ensemble,TAIEX_regime_fixed_20d,20260624_031817,0.038227824305027386,0.11038846538277249,0.3868356495429782,0.43538507298376294,0.02916298778545882,True,/content/drive/MyDrive/AURORA_TWETF/outputs/AURORA_TWETF/purged_walk_forward_models/run_20260624_031817/probabilities/selected_probabilities_TAIEX_regime_fixed_20d_E1_validation_weighted_probability_ensemble.parquet,TAIEX_regime_fixed_20d
2025-11-24,20-day,WF3,3,test,2,2,True,"latest eligible fold after sorting by date, split priority, and fold number",E1_validation_weighted_probability_ensemble,probability_ensemble,TAIEX_regime_fixed_20d,20260624_031817,0.04276900955880483,0.10585177017728944,0.400671365259471,0.3962181706860346,0.05448968431839995,True,/content/drive/MyDrive/AURORA_TWETF/outputs/AURORA_TWETF/purged_walk_forward_models/run_20260624_031817/probabilities/selected_probabilities_TAIEX_regime_fixed_20d_E1_validation_weighted_probability_ensemble.parquet,TAIEX_regime_fixed_20d
2025-11-25,20-day,WF3,3,test,2,2,True,"latest eligible fold after sorting by date, split priority, and fold number",E1_validation_weighted_probability_ensemble,probability_ensemble,TAIEX_regime_fixed_20d,20260624_031817,0.05004325759478765,0.11028396853399787,0.39915974021226175,0.3897928652142566,0.050720168444696054,True,/content/drive/MyDrive/AURORA_TWETF/outputs/AURORA_TWETF/purged_walk_forward_models/run_20260624_031817/probabilities/selected_probabilities_TAIEX_regime_fixed_20d_E1_validation_weighted_probability_ensemble.parquet,TAIEX_regime_fixed_20d
2025-11-26,20-day,WF3,3,test,2,2,True,"latest eligible fold after sorting by date, split priority, and fold number",E1_validation_weighted_probability_ensemble,probability_ensemble,TAIEX_regime_fixed_20d,20260624_031817,0.04639724538270895,0.11962483415856459,0.38414474322883985,0.4170569275184477,0.03277624971143883,True,/content/drive/MyDrive/AURORA_TWETF/outputs/AURORA_TWETF/purged_walk_forward_models/run_20260624_031817/probabilities/selected_probabilities_TAIEX_regime_fixed_20d_E1_validation_weighted_probability_ensemble.parquet,TAIEX_regime_fixed_20d
2025-11-27,20-day,WF3,3,test,2,2,True,"latest eligible fold after sorting by date, split priority, and fold number",E1_validation_weighted_probability_ensemble,probability_ensemble,TAIEX_regime_fixed_20d,20260624_031817,0.050046941861737075,0.11404556387602952,0.38893584023874794,0.4207304582416274,0.026241195781858084,True,/content/drive/MyDrive/AURORA_TWETF/outputs/AURORA_TWETF/purged_walk_forward_models/run_20260624_031817/probabilities/selected_probabilities_TAIEX_regime_fixed_20d_E1_validation_weighted_probability_ensemble.parquet,TAIEX_regime_fixed_20d
2025-11-28,20-day,WF3,3,test,2,2,True,"latest eligible fold after sorting by date, split priority, and fold number",E1_validation_weighted_probability_ensemble,probability_ensemble,TAIEX_regime_fixed_20d,20260624_031817,0.047775474544860884,0.10327239155916161,0.4161461495459398,0.4066021146659573,0.026203869684080387,True,/content/drive/MyDrive/AURORA_TWETF/outputs/AURORA_TWETF/purged_walk_forward_models/run_20260624_031817/probabilities/selected_probabilities_TAIEX_regime_fixed_20d_E1_validation_weighted_probability_ensemble.parquet,TAIEX_regime_fixed_20d
2025-12-01,20-day,WF3,3,test,2,2,True,"latest eligible fold after sorting by date, split priority, and fold number",E1_validation_weighted_probability_ensemble,probability_ensemble,TAIEX_regime_fixed_20d,20260624_031817,0.047439279530005214,0.1193607144451943,0.3843038139441361,0.42707846633507424,0.021817725745589937,True,/content/drive/MyDrive/AURORA_TWETF/outputs/AURORA_TWETF/purged_walk_forward_models/run_20260624_031817/probabilities/selected_probabilities_TAIEX_regime_fixed_20d_E1_validation_weighted_probability_ensemble.parquet,TAIEX_regime_fixed_20d
2025-12-02,20-day,WF3,3,test,2,2,True,"latest eligible fold after sorting by date, split priority, and fold number",E1_validation_weighted_probability_ensemble,probability_ensemble,TAIEX_regime_fixed_20d,20260624_031817,0.06930231511603227,0.10005161935588817,0.382678882028959,0.41703968741143005,0.03092749608769033,True,/content/drive/MyDrive/AURORA_TWETF/outputs/AURORA_TWETF/purged_walk_forward_models/run_20260624_031817/probabilities/selected_probabilities_TAIEX_regime_fixed_20d_E1_validation_weighted_probability_ensemble.parquet,TAIEX_regime_fixed_20d
2025-12-03,20-day,WF3,3,test,2,2,True,"latest eligible fold after sorting by date, split priority, and fold number",E1_validation_weighted_probability_ensemble,probability_ensemble,TAIEX_regime_fixed_20d,20260624_031817,0.04568250882489875,0.11100322041655362,0.3826184879533746,0.4368251852933623,0.02387059751181079,True,/content/drive/MyDrive/AURORA_TWETF/outputs/AURORA_TWETF/purged_walk_forward_models/run_20260624_031817/probabilities/selected_probabilities_TAIEX_regime_fixed_20d_E1_validation_weighted_probability_ensemble.parquet,TAIEX_regime_fixed_20d
2025-12-04,20-day,WF3,3,test,2,2,True,"latest eligible fold after sorting by date, split priority, and fold number",E1_validation_weighted_probability_ensemble,probability_ensemble,TAIEX_regime_fixed_20d,20260624_031817,0.0694427476551909,0.11089372917557223,0.3750763305618906,0.4228354059655036,0.021751786641842536,True,/content/drive/MyDrive/AURORA_TWETF/outputs/AURORA_TWETF/purged_walk_forward_models/run_20260624_031817/probabilities/selected_probabilities_TAIEX_regime_fixed_20d_E1_validation_weighted_probability_ensemble.parquet,TAIEX_regime_fixed_20d
2025-12-05,20-day,WF3,3,test,2,2,True,"latest eligible fold after sorting by date, split priority, and fold number",E1_validation_weighted_probability_ensemble,probability_ensemble,TAIEX_regime_fixed_20d,20260624_031817,0.05318541239087396,0.11790012789959038,0.406657804249585,0.39535503686920975,0.02690161859074086,True,/content/drive/MyDrive/AURORA_TWETF/outputs/AURORA_TWETF/purged_walk_forward_models/run_20260624_031817/probabilities/selected_probabilities_TAIEX_regime_fixed_20d_E1_validation_weighted_probability_ensemble.parquet,TAIEX_regime_fixed_20d
2025-12-08,20-day,WF3,3,test,2,2,True,"latest eligible fold after sorting by date, split priority, and fold number",E1_validation_weighted_probability_ensemble,probability_ensemble,TAIEX_regime_fixed_20d,20260624_031817,0.05199653081468537,0.13068195477984315,0.4635618263319876,0.3345640865803092,0.019195601493174706,True,/content/drive/MyDrive/AURORA_TWETF/outputs/AURORA_TWETF/purged_walk_forward_models/run_20260624_031817/probabilities/selected_probabilities_TAIEX_regime_fixed_20d_E1_validation_weighted_probability_ensemble.parquet,TAIEX_regime_fixed_20d
2025-12-09,20-day,WF3,3,test,2,2,True,"latest eligible fold after sorting by date, split priority, and fold number",E1_validation_weighted_probability_ensemble,probability_ensemble,TAIEX_regime_fixed_20d,20260624_031817,0.07200152443070844,0.11070755597331572,0.4353942608511009,0.3627265607460639,0.019170097998810996,True,/content/drive/MyDrive/AURORA_TWETF/outputs/AURORA_TWETF/purged_walk_forward_models/run_20260624_031817/probabilities/selected_probabilities_TAIEX_regime_fixed_20d_E1_validation_weighted_probability_ensemble.parquet,TAIEX_regime_fixed_20d
2025-12-10,20-day,WF3,3,test,2,2,True,"latest eligible fold after sorting by date, split priority, and fold number",E1_validation_weighted_probability_ensemble,probability_ensemble,TAIEX_regime_fixed_20d,20260624_031817,0.06885626920467329,0.11189781854409511,0.43771555475302376,0.3606254477941017,0.02090490970410613,True,/content/drive/MyDrive/AURORA_TWETF/outputs/AURORA_TWETF/purged_walk_forward_models/run_20260624_031817/probabilities/selected_probabilities_TAIEX_regime_fixed_20d_E1_validation_weighted_probability_ensemble.parquet,TAIEX_regime_fixed_20d
2025-12-11,20-day,WF3,3,test,2,2,True,"latest eligible fold after sorting by date, split priority, and fold number",E1_validation_weighted_probability_ensemble,probability_ensemble,TAIEX_regime_fixed_20d,20260624_031817,0.05845568997263277,0.10515711246183743,0.44274896610354003,0.3731446239780088,0.02049360748398099,True,/content/drive/MyDrive/AURORA_TWETF/outputs/AURORA_TWETF/purged_walk_forward_models/run_20260624_031817/probabilities/selected_probabilities_TAIEX_regime_fixed_20d_E1_validation_weighted_probability_ensemble.parquet,TAIEX_regime_fixed_20d
2025-12-12,20-day,WF3,3,test,2,1,False,"latest eligible fold after sorting by date, split priority, and fold number",E1_validation_weighted_probability_ensemble,probability_ensemble,TAIEX_regime_fixed_20d,20260624_031817,0.037975752598687344,0.12380241628288272,0.456347210124593,0.359779078117402,0.02209554287643498,True,/content/drive/MyDrive/AURORA_TWETF/outputs/AURORA_TWETF/purged_walk_forward_models/run_20260624_031817/probabilities/selected_probabilities_TAIEX_regime_fixed_20d_E1_validation_weighted_probability_ensemble.parquet,TAIEX_regime_fixed_20d
2025-12-15,20-day,WF3,3,test,2,1,False,"latest eligible fold after sorting by date, split priority, and fold number",E1_validation_weighted_probability_ensemble,probability_ensemble,TAIEX_regime_fixed_20d,20260624_031817,0.04850724153052003,0.13612317750980538,0.43602739927831136,0.35703039236281653,0.022311789318546767,True,/content/drive/MyDrive/AURORA_TWETF/outputs/AURORA_TWETF/purged_walk_forward_models/run_20260624_031817/probabilities/selected_probabilities_TAIEX_regime_fixed_20d_E1_validation_weighted_probability_ensemble.parquet,TAIEX_regime_fixed_20d
2025-12-16,20-day,WF3,3,test,2,1,False,"latest eligible fold after sorting by date, split priority, and fold number",E1_validation_weighted_probability_ensemble,probability_ensemble,TAIEX_regime_fixed_20d,20260624_031817,0.04835054211173107,0.13361409159364057,0.4075754350679899,0.3844482060466391,0.026011725179999466,True,/content/drive/MyDrive/AURORA_TWETF/outputs/AURORA_TWETF/purged_walk_forward_models/run_20260624_031817/probabilities/selected_probabilities_TAIEX_regime_fixed_20d_E1_validation_weighted_probability_ensemble.parquet,TAIEX_regime_fixed_20d
2025-12-17,20-day,WF3,3,test,2,1,False,"latest eligible fold after sorting by date, split priority, and fold number",E1_validation_weighted_probability_ensemble,probability_ensemble,TAIEX_regime_fixed_20d,20260624_031817,0.07471982018489955,0.13533299815633426,0.38734317060829154,0.38038620241575205,0.022217808634722665,True,/content/drive/MyDrive/AURORA_TWETF/outputs/AURORA_TWETF/purged_walk_forward_models/run_20260624_031817/probabilities/selected_probabilities_TAIEX_regime_fixed_20d_E1_validation_weighted_probability_ensemble.parquet,TAIEX_regime_fixed_20d
2025-12-18,20-day,WF3,3,test,2,1,False,"latest eligible fold after sorting by date, split priority, and fold number",E1_validation_weighted_probability_ensemble,probability_ensemble,TAIEX_regime_fixed_20d,20260624_031817,0.08968257724179744,0.14431672361297077,0.3907604551065163,0.35586975690276074,0.0193704871359548,True,/content/drive/MyDrive/AURORA_TWETF/outputs/AURORA_TWETF/purged_walk_forward_models/run_20260624_031817/probabilities/selected_probabilities_TAIEX_regime_fixed_20d_E1_validation_weighted_probability_ensemble.parquet,TAIEX_regime_fixed_20d
2025-12-19,20-day,WF3,3,test,2,1,False,"latest eligible fold after sorting by date, split priority, and fold number",E1_validation_weighted_probability_ensemble,probability_ensemble,TAIEX_regime_fixed_20d,20260624_031817,0.06210160592689201,0.12716980581635093,0.37885976273082134,0.40823861379765103,0.023630211728284542,True,/content/drive/MyDrive/AURORA_TWETF/outputs/AURORA_TWETF/purged_walk_forward_models/run_20260624_031817/probabilities/selected_probabilities_TAIEX_regime_fixed_20d_E1_validation_weighted_probability_ensemble.parquet,TAIEX_regime_fixed_20d
2025-12-22,20-day,WF3,3,test,2,1,False,"latest eligible fold after sorting by date, split priority, and fold number",E1_validation_weighted_probability_ensemble,probability_ensemble,TAIEX_regime_fixed_20d,20260624_031817,0.041300415769278453,0.16644683875226768,0.4260198590099324,0.3474088909102656,0.018823995558255775,True,/content/drive/MyDrive/AURORA_TWETF/outputs/AURORA_TWETF/purged_walk_forward_models/run_20260624_031817/probabilities/selected_probabilities_TAIEX_regime_fixed_20d_E1_validation_weighted_probability_ensemble.parquet,TAIEX_regime_fixed_20d
2025-12-23,20-day,WF3,3,test,2,1,False,"latest eligible fold after sorting by date, split priority, and fold number",E1_validation_weighted_probability_ensemble,probability_ensemble,TAIEX_regime_fixed_20d,20260624_031817,0.07092144867553198,0.19561017428103097,0.43103987123171134,0.28957188253474236,0.012856623276983383,True,/content/drive/MyDrive/AURORA_TWETF/outputs/AURORA_TWETF/purged_walk_forward_models/run_20260624_031817/probabilities/selected_probabilities_TAIEX_regime_fixed_20d_E1_validation_weighted_probability_ensemble.parquet,TAIEX_regime_fixed_20d
2025-12-24,20-day,WF3,3,test,2,1,False,"latest eligible fold after sorting by date, split priority, and fold number",E1_validation_weighted_probability_ensemble,probability_ensemble,TAIEX_regime_fixed_20d,20260624_031817,0.05880255566336528,0.2275169418802522,0.41923056268971687,0.28227190813771075,0.012178031628954733,True,/content/drive/MyDrive/AURORA_TWETF/outputs/AURORA_TWETF/purged_walk_forward_models/run_20260624_031817/probabilities/selected_probabilities_TAIEX_regime_fixed_20d_E1_validation_weighted_probability_ensemble.parquet,TAIEX_regime_fixed_20d
2025-12-26,20-day,WF3,3,test,2,1,False,"latest eligible fold after sorting by date, split priority, and fold number",E1_validation_weighted_probability_ensemble,probability_ensemble,TAIEX_regime_fixed_20d,20260624_031817,0.070227564274316,0.19694166314289813,0.43704940362685485,0.28315572242170733,0.012625646534223703,True,/content/drive/MyDrive/AURORA_TWETF/outputs/AURORA_TWETF/purged_walk_forward_models/run_20260624_031817/probabilities/selected_probabilities_TAIEX_regime_fixed_20d_E1_validation_weighted_probability_ensemble.parquet,TAIEX_regime_fixed_20d
2025-12-29,20-day,WF3,3,test,2,1,False,"latest eligible fold after sorting by date, split priority, and fold number",E1_validation_weighted_probability_ensemble,probability_ensemble,TAIEX_regime_fixed_20d,20260624_031817,0.0578121330494972,0.20673563050383692,0.44217779941812785,0.2800250866196131,0.013249350408925045,True,/content/drive/MyDrive/AURORA_TWETF/outputs/AURORA_TWETF/purged_walk_forward_models/run_20260624_031817/probabilities/selected_probabilities_TAIEX_regime_fixed_20d_E1_validation_weighted_probability_ensemble.parquet,TAIEX_regime_fixed_20d
2025-12-30,20-day,WF3,3,test,2,1,False,"latest eligible fold after sorting by date, split priority, and fold number",E1_validation_weighted_probability_ensemble,probability_ensemble,TAIEX_regime_fixed_20d,20260624_031817,0.062274250878213235,0.16131144949464615,0.4524669900334685,0.3078238459576904,0.016123463635981782,True,/content/drive/MyDrive/AURORA_TWETF/outputs/AURORA_TWETF/purged_walk_forward_models/run_20260624_031817/probabilities/selected_probabilities_TAIEX_regime_fixed_20d_E1_validation_weighted_probability_ensemble.parquet,TAIEX_regime_fixed_20d
2025-12-31,20-day,WF3,3,test,2,1,False,"latest eligible fold after sorting by date, split priority, and fold number",E1_validation_weighted_probability_ensemble,probability_ensemble,TAIEX_regime_fixed_20d,20260624_031817,0.04951203474930236,0.20039346554643875,0.44329986188510184,0.29175873021138615,0.015035907607770913,True,/content/drive/MyDrive/AURORA_TWETF/outputs/AURORA_TWETF/purged_walk_forward_models/run_20260624_031817/probabilities/selected_probabilities_TAIEX_regime_fixed_20d_E1_validation_weighted_probability_ensemble.parquet,TAIEX_regime_fixed_20d
2026-01-02,20-day,WF3,3,test,2,1,False,"latest eligible fold after sorting by date, split priority, and fold number",E1_validation_weighted_probability_ensemble,probability_ensemble,TAIEX_regime_fixed_20d,20260624_031817,0.051654417893986025,0.18289167119535465,0.4365828095887832,0.31150791289755414,0.017363188424321913,True,/content/drive/MyDrive/AURORA_TWETF/outputs/AURORA_TWETF/purged_walk_forward_models/run_20260624_031817/probabilities/selected_probabilities_TAIEX_regime_fixed_20d_E1_validation_weighted_probability_ensemble.parquet,TAIEX_regime_fixed_20d
2026-01-05,20-day,WF3,3,test,2,1,False,"latest eligible fold after sorting by date, split priority, and fold number",E1_validation_weighted_probability_ensemble,probability_ensemble,TAIEX_regime_fixed_20d,20260624_031817,0.05942997326451246,0.16029098890837806,0.4468441072139924,0.31590308130372446,0.017531849309392705,True,/content/drive/MyDrive/AURORA_TWETF/outputs/AURORA_TWETF/purged_walk_forward_models/run_20260624_031817/probabilities/selected_probabilities_TAIEX_regime_fixed_20d_E1_validation_weighted_probability_ensemble.parquet,TAIEX_regime_fixed_20d
2026-01-06,20-day,WF3,3,test,2,1,False,"latest eligible fold after sorting by date, split priority, and fold number",E1_validation_weighted_probability_ensemble,probability_ensemble,TAIEX_regime_fixed_20d,20260624_031817,0.13023281101450496,0.14098337753833357,0.4313234518971756,0.28288447936206096,0.014575880187925157,True,/content/drive/MyDrive/AURORA_TWETF/outputs/AURORA_TWETF/purged_walk_forward_models/run_20260624_031817/probabilities/selected_probabilities_TAIEX_regime_fixed_20d_E1_validation_weighted_probability_ensemble.parquet,TAIEX_regime_fixed_20d
2026-01-07,20-day,WF3,3,test,2,1,False,"latest eligible fold after sorting by date, split priority, and fold number",E1_validation_weighted_probability_ensemble,probability_ensemble,TAIEX_regime_fixed_20d,20260624_031817,0.16790166060169032,0.14234493715290902,0.4166599175098847,0.26175905502317043,0.011334429712345337,True,/content/drive/MyDrive/AURORA_TWETF/outputs/AURORA_TWETF/purged_walk_forward_models/run_20260624_031817/probabilities/selected_probabilities_TAIEX_regime_fixed_20d_E1_validation_weighted_probability_ensemble.parquet,TAIEX_regime_fixed_20d
2026-01-08,20-day,WF3,3,test,2,1,False,"latest eligible fold after sorting by date, split priority, and fold number",E1_validation_weighted_probability_ensemble,probability_ensemble,TAIEX_regime_fixed_20d,20260624_031817,0.16900302814036341,0.14172520264980076,0.4063976119949944,0.26954374171193823,0.01333041550290324,True,/content/drive/MyDrive/AURORA_TWETF/outputs/AURORA_TWETF/purged_walk_forward_models/run_20260624_031817/probabilities/selected_probabilities_TAIEX_regime_fixed_20d_E1_validation_weighted_probability_ensemble.parquet,TAIEX_regime_fixed_20d
2026-01-09,20-day,WF3,3,test,2,1,False,"latest eligible fold after sorting by date, split priority, and fold number",E1_validation_weighted_probability_ensemble,probability_ensemble,TAIEX_regime_fixed_20d,20260624_031817,0.18374729016399385,0.13995926677494094,0.3855581722224735,0.2767086143548751,0.01402665648371657,True,/content/drive/MyDrive/AURORA_TWETF/outputs/AURORA_TWETF/purged_walk_forward_models/run_20260624_031817/probabilities/selected_probabilities_TAIEX_regime_fixed_20d_E1_validation_weighted_probability_ensemble.parquet,TAIEX_regime_fixed_20d
2026-01-12,20-day,WF3,3,test,2,1,False,"latest eligible fold after sorting by date, split priority, and fold number",E1_validation_weighted_probability_ensemble,probability_ensemble,TAIEX_regime_fixed_20d,20260624_031817,0.17399256429020846,0.13811167706949498,0.3995260587050224,0.2736030705208993,0.014766629414374918,True,/content/drive/MyDrive/AURORA_TWETF/outputs/AURORA_TWETF/purged_walk_forward_models/run_20260624_031817/probabilities/selected_probabilities_TAIEX_regime_fixed_20d_E1_validation_weighted_probability_ensemble.parquet,TAIEX_regime_fixed_20d
2026-01-13,20-day,WF3,3,test,2,1,False,"latest eligible fold after sorting by date, split priority, and fold number",E1_validation_weighted_probability_ensemble,probability_ensemble,TAIEX_regime_fixed_20d,20260624_031817,0.1838921870346689,0.12938080138527996,0.39780628842466664,0.2750692868070875,0.0138514363482969,True,/content/drive/MyDrive/AURORA_TWETF/outputs/AURORA_TWETF/purged_walk_forward_models/run_20260624_031817/probabilities/selected_probabilities_TAIEX_regime_fixed_20d_E1_validation_weighted_probability_ensemble.parquet,TAIEX_regime_fixed_20d
2026-01-14,20-day,WF3,3,test,2,1,False,"latest eligible fold after sorting by date, split priority, and fold number",E1_validation_weighted_probability_ensemble,probability_ensemble,TAIEX_regime_fixed_20d,20260624_031817,0.19974363525883249,0.13151677267418355,0.3834060451660793,0.2714298527652607,0.013903694135643803,True,/content/drive/MyDrive/AURORA_TWETF/outputs/AURORA_TWETF/purged_walk_forward_models/run_20260624_031817/probabilities/selected_probabilities_TAIEX_regime_fixed_20d_E1_validation_weighted_probability_ensemble.parquet,TAIEX_regime_fixed_20d
2026-01-15,20-day,WF3,3,test,2,1,False,"latest eligible fold after sorting by date, split priority, and fold number",E1_validation_weighted_probability_ensemble,probability_ensemble,TAIEX_regime_fixed_20d,20260624_031817,0.10642640728546697,0.1327115491868761,0.45878314014498633,0.28723770735089543,0.014841196031775191,True,/content/drive/MyDrive/AURORA_TWETF/outputs/AURORA_TWETF/purged_walk_forward_models/run_20260624_031817/probabilities/selected_probabilities_TAIEX_regime_fixed_20d_E1_validation_weighted_probability_ensemble.parquet,TAIEX_regime_fixed_20d
2026-01-16,20-day,WF3,3,test,2,1,False,"latest eligible fold after sorting by date, split priority, and fold number",E1_validation_weighted_probability_ensemble,probability_ensemble,TAIEX_regime_fixed_20d,20260624_031817,0.06370489947055187,0.15158752670473252,0.4433372655709229,0.3236811371299779,0.017689171123814757,True,/content/drive/MyDrive/AURORA_TWETF/outputs/AURORA_TWETF/purged_walk_forward_models/run_20260624_031817/probabilities/selected_probabilities_TAIEX_regime_fixed_20d_E1_validation_weighted_probability_ensemble.parquet,TAIEX_regime_fixed_20d
2026-01-19,20-day,WF3,3,test,2,1,False,"latest eligible fold after sorting by date, split priority, and fold number",E1_validation_weighted_probability_ensemble,probability_ensemble,TAIEX_regime_fixed_20d,20260624_031817,0.16947078025218934,0.1331181483238269,0.40705431730645014,0.2758796925893838,0.01447706152814983,True,/content/drive/MyDrive/AURORA_TWETF/outputs/AURORA_TWETF/purged_walk_forward_models/run_20260624_031817/probabilities/selected_probabilities_TAIEX_regime_fixed_20d_E1_validation_weighted_probability_ensemble.parquet,TAIEX_regime_fixed_20d
2026-01-20,20-day,WF3,3,test,2,1,False,"latest eligible fold after sorting by date, split priority, and fold number",E1_validation_weighted_probability_ensemble,probability_ensemble,TAIEX_regime_fixed_20d,20260624_031817,0.16866924389091678,0.13441655721213935,0.4139500808488189,0.27068002908091,0.012284088967214963,True,/content/drive/MyDrive/AURORA_TWETF/outputs/AURORA_TWETF/purged_walk_forward_models/run_20260624_031817/probabilities/selected_probabilities_TAIEX_regime_fixed_20d_E1_validation_weighted_probability_ensemble.parquet,TAIEX_regime_fixed_20d
2026-01-21,20-day,WF3,3,test,2,1,False,"latest eligible fold after sorting by date, split priority, and fold number",E1_validation_weighted_probability_ensemble,probability_ensemble,TAIEX_regime_fixed_20d,20260624_031817,0.13145793461093863,0.15772244448228992,0.4024058063431663,0.29595180001076965,0.012462014552835377,True,/content/drive/MyDrive/AURORA_TWETF/outputs/AURORA_TWETF/purged_walk_forward_models/run_20260624_031817/probabilities/selected_probabilities_TAIEX_regime_fixed_20d_E1_validation_weighted_probability_ensemble.parquet,TAIEX_regime_fixed_20d
2026-01-22,20-day,WF3,3,test,2,1,False,"latest eligible fold after sorting by date, split priority, and fold number",E1_validation_weighted_probability_ensemble,probability_ensemble,TAIEX_regime_fixed_20d,20260624_031817,0.09029853305427787,0.16829639888858938,0.4299177802897731,0.2959786304067082,0.015508657360651308,True,/content/drive/MyDrive/AURORA_TWETF/outputs/AURORA_TWETF/purged_walk_forward_models/run_20260624_031817/probabilities/selected_probabilities_TAIEX_regime_fixed_20d_E1_validation_weighted_probability_ensemble.parquet,TAIEX_regime_fixed_20d
2026-01-23,20-day,WF3,3,test,2,1,False,"latest eligible fold after sorting by date, split priority, and fold number",E1_validation_weighted_probability_ensemble,probability_ensemble,TAIEX_regime_fixed_20d,20260624_031817,0.13812252603211397,0.12606014155415424,0.4039486515783705,0.317269285756878,0.014599395078483119,True,/content/drive/MyDrive/AURORA_TWETF/outputs/AURORA_TWETF/purged_walk_forward_models/run_20260624_031817/probabilities/selected_probabilities_TAIEX_regime_fixed_20d_E1_validation_weighted_probability_ensemble.parquet,TAIEX_regime_fixed_20d
2026-01-26,20-day,WF3,3,test,2,1,False,"latest eligible fold after sorting by date, split priority, and fold number",E1_validation_weighted_probability_ensemble,probability_ensemble,TAIEX_regime_fixed_20d,20260624_031817,0.12686912491851174,0.17347119314374806,0.38190798883736105,0.3048836597026984,0.012868033397680856,True,/content/drive/MyDrive/AURORA_TWETF/outputs/AURORA_TWETF/purged_walk_forward_models/run_20260624_031817/probabilities/selected_probabilities_TAIEX_regime_fixed_20d_E1_validation_weighted_probability_ensemble.parquet,TAIEX_regime_fixed_20d
2026-01-27,20-day,WF3,3,test,2,1,False,"latest eligible fold after sorting by date, split priority, and fold number",E1_validation_weighted_probability_ensemble,probability_ensemble,TAIEX_regime_fixed_20d,20260624_031817,0.11601551355518562,0.15171513099082268,0.4064194780448658,0.3128496779657019,0.013000199443423916,True,/content/drive/MyDrive/AURORA_TWETF/outputs/AURORA_TWETF/purged_walk_forward_models/run_20260624_031817/probabilities/selected_probabilities_TAIEX_regime_fixed_20d_E1_validation_weighted_probability_ensemble.parquet,TAIEX_regime_fixed_20d
2026-01-28,20-day,WF3,3,test,2,1,False,"latest eligible fold after sorting by date, split priority, and fold number",E1_validation_weighted_probability_ensemble,probability_ensemble,TAIEX_regime_fixed_20d,20260624_031817,0.12107643746605391,0.1736472825722915,0.3931006911613172,0.29913918785800186,0.013036400942335616,True,/content/drive/MyDrive/AURORA_TWETF/outputs/AURORA_TWETF/purged_walk_forward_models/run_20260624_031817/probabilities/selected_probabilities_TAIEX_regime_fixed_20d_E1_validation_weighted_probability_ensemble.parquet,TAIEX_regime_fixed_20d
2026-01-29,20-day,WF3,3,test,2,1,False,"latest eligible fold after sorting by date, split priority, and fold number",E1_validation_weighted_probability_ensemble,probability_ensemble,TAIEX_regime_fixed_20d,20260624_031817,0.11459038323227559,0.1144660107787559,0.4293274178409974,0.32629940103913857,0.015316787108832587,True,/content/drive/MyDrive/AURORA_TWETF/outputs/AURORA_TWETF/purged_walk_forward_models/run_20260624_031817/probabilities/selected_probabilities_TAIEX_regime_fixed_20d_E1_validation_weighted_probability_ensemble.parquet,TAIEX_regime_fixed_20d
2026-01-30,20-day,WF3,3,test,2,1,False,"latest eligible fold after sorting by date, split priority, and fold number",E1_validation_weighted_probability_ensemble,probability_ensemble,TAIEX_regime_fixed_20d,20260624_031817,0.1299519121071467,0.11381926701675865,0.4225843974208829,0.31693383605058767,0.01671058740462411,True,/content/drive/MyDrive/AURORA_TWETF/outputs/AURORA_TWETF/purged_walk_forward_models/run_20260624_031817/probabilities/selected_probabilities_TAIEX_regime_fixed_20d_E1_validation_weighted_probability_ensemble.parquet,TAIEX_regime_fixed_20d
2026-02-02,20-day,WF3,3,test,2,1,False,"latest eligible fold after sorting by date, split priority, and fold number",E1_validation_weighted_probability_ensemble,probability_ensemble,TAIEX_regime_fixed_20d,20260624_031817,0.14696396798837202,0.129226998186872,0.4021173893602143,0.301220633855929,0.020471010608612717,True,/content/drive/MyDrive/AURORA_TWETF/outputs/AURORA_TWETF/purged_walk_forward_models/run_20260624_031817/probabilities/selected_probabilities_TAIEX_regime_fixed_20d_E1_validation_weighted_probability_ensemble.parquet,TAIEX_regime_fixed_20d
2026-02-03,20-day,WF3,3,test,2,1,False,"latest eligible fold after sorting by date, split priority, and fold number",E1_validation_weighted_probability_ensemble,probability_ensemble,TAIEX_regime_fixed_20d,20260624_031817,0.08062120567158375,0.12819137320712778,0.4287570729708173,0.3395400450294607,0.022890303121010442,True,/content/drive/MyDrive/AURORA_TWETF/outputs/AURORA_TWETF/purged_walk_forward_models/run_20260624_031817/probabilities/selected_probabilities_TAIEX_regime_fixed_20d_E1_validation_weighted_probability_ensemble.parquet,TAIEX_regime_fixed_20d
2026-02-04,20-day,WF3,3,test,2,1,False,"latest eligible fold after sorting by date, split priority, and fold number",E1_validation_weighted_probability_ensemble,probability_ensemble,TAIEX_regime_fixed_20d,20260624_031817,0.09133752772976603,0.13497273034776008,0.429123387058688,0.3228394029585129,0.021726951905272917,True,/content/drive/MyDrive/AURORA_TWETF/outputs/AURORA_TWETF/purged_walk_forward_models/run_20260624_031817/probabilities/selected_probabilities_TAIEX_regime_fixed_20d_E1_validation_weighted_probability_ensemble.parquet,TAIEX_regime_fixed_20d
2026-02-05,20-day,WF3,3,test,2,1,False,"latest eligible fold after sorting by date, split priority, and fold number",E1_validation_weighted_probability_ensemble,probability_ensemble,TAIEX_regime_fixed_20d,20260624_031817,0.072438289699503,0.14865610619341013,0.46112155439533015,0.2956044840127749,0.02217956569898188,True,/content/drive/MyDrive/AURORA_TWETF/outputs/AURORA_TWETF/purged_walk_forward_models/run_20260624_031817/probabilities/selected_probabilities_TAIEX_regime_fixed_20d_E1_validation_weighted_probability_ensemble.parquet,TAIEX_regime_fixed_20d
2026-02-06,20-day,WF3,3,test,2,1,False,"latest eligible fold after sorting by date, split priority, and fold number",E1_validation_weighted_probability_ensemble,probability_ensemble,TAIEX_regime_fixed_20d,20260624_031817,0.08391402508032393,0.12909357788527814,0.4195078340413561,0.34120909727785825,0.02627546571518353,True,/content/drive/MyDrive/AURORA_TWETF/outputs/AURORA_TWETF/purged_walk_forward_models/run_20260624_031817/probabilities/selected_probabilities_TAIEX_regime_fixed_20d_E1_validation_weighted_probability_ensemble.parquet,TAIEX_regime_fixed_20d
2026-02-09,20-day,WF3,3,test,2,1,False,"latest eligible fold after sorting by date, split priority, and fold number",E1_validation_weighted_probability_ensemble,probability_ensemble,TAIEX_regime_fixed_20d,20260624_031817,0.0799546972691524,0.1238064006086507,0.42513102297515115,0.35155613222078924,0.019551746926256584,True,/content/drive/MyDrive/AURORA_TWETF/outputs/AURORA_TWETF/purged_walk_forward_models/run_20260624_031817/probabilities/selected_probabilities_TAIEX_regime_fixed_20d_E1_validation_weighted_probability_ensemble.parquet,TAIEX_regime_fixed_20d
2026-02-10,20-day,WF3,3,test,2,1,False,"latest eligible fold after sorting by date, split priority, and fold number",E1_validation_weighted_probability_ensemble,probability_ensemble,TAIEX_regime_fixed_20d,20260624_031817,0.144311063266385,0.1436767810878575,0.40903280514086593,0.2861983535267801,0.016780996978111463,True,/content/drive/MyDrive/AURORA_TWETF/outputs/AURORA_TWETF/purged_walk_forward_models/run_20260624_031817/probabilities/selected_probabilities_TAIEX_regime_fixed_20d_E1_validation_weighted_probability_ensemble.parquet,TAIEX_regime_fixed_20d
2026-02-11,20-day,WF3,3,test,2,1,False,"latest eligible fold after sorting by date, split priority, and fold number",E1_validation_weighted_probability_ensemble,probability_ensemble,TAIEX_regime_fixed_20d,20260624_031817,0.17268482161726595,0.13247640565140317,0.38922433490959435,0.29132817299378255,0.01428626482795416,True,/content/drive/MyDrive/AURORA_TWETF/outputs/AURORA_TWETF/purged_walk_forward_models/run_20260624_031817/probabilities/selected_probabilities_TAIEX_regime_fixed_20d_E1_validation_weighted_probability_ensemble.parquet,TAIEX_regime_fixed_20d
2026-02-23,20-day,WF3,3,test,2,1,False,"latest eligible fold after sorting by date, split priority, and fold number",E1_validation_weighted_probability_ensemble,probability_ensemble,TAIEX_regime_fixed_20d,20260624_031817,0.20937844109505657,0.12557870343420738,0.3682972187017118,0.2846769889433216,0.012068647825702711,True,/content/drive/MyDrive/AURORA_TWETF/outputs/AURORA_TWETF/purged_walk_forward_models/run_20260624_031817/probabilities/selected_probabilities_TAIEX_regime_fixed_20d_E1_validation_weighted_probability_ensemble.parquet,TAIEX_regime_fixed_20d
2026-02-24,20-day,WF3,3,test,2,1,False,"latest eligible fold after sorting by date, split priority, and fold number",E1_validation_weighted_probability_ensemble,probability_ensemble,TAIEX_regime_fixed_20d,20260624_031817,0.21543727869919302,0.12866870920360665,0.364444214107921,0.27606021405746195,0.015389583931817493,True,/content/drive/MyDrive/AURORA_TWETF/outputs/AURORA_TWETF/purged_walk_forward_models/run_20260624_031817/probabilities/selected_probabilities_TAIEX_regime_fixed_20d_E1_validation_weighted_probability_ensemble.parquet,TAIEX_regime_fixed_20d
2026-02-25,20-day,WF3,3,test,2,1,False,"latest eligible fold after sorting by date, split priority, and fold number",E1_validation_weighted_probability_ensemble,probability_ensemble,TAIEX_regime_fixed_20d,20260624_031817,0.165726548616618,0.1290062956287832,0.4119766102147053,0.2788212409975538,0.014469304542339566,True,/content/drive/MyDrive/AURORA_TWETF/outputs/AURORA_TWETF/purged_walk_forward_models/run_20260624_031817/probabilities/selected_probabilities_TAIEX_regime_fixed_20d_E1_validation_weighted_probability_ensemble.parquet,TAIEX_regime_fixed_20d
2026-02-26,20-day,WF3,3,test,2,1,False,"latest eligible fold after sorting by date, split priority, and fold number",E1_validation_weighted_probability_ensemble,probability_ensemble,TAIEX_regime_fixed_20d,20260624_031817,0.1618772083356946,0.15352357602112643,0.38502754967555575,0.28796083027861086,0.011610835689012285,True,/content/drive/MyDrive/AURORA_TWETF/outputs/AURORA_TWETF/purged_walk_forward_models/run_20260624_031817/probabilities/selected_probabilities_TAIEX_regime_fixed_20d_E1_validation_weighted_probability_ensemble.parquet,TAIEX_regime_fixed_20d
2026-03-02,20-day,WF3,3,test,2,1,False,"latest eligible fold after sorting by date, split priority, and fold number",E1_validation_weighted_probability_ensemble,probability_ensemble,TAIEX_regime_fixed_20d,20260624_031817,0.10723616963256317,0.12193169603285291,0.4535240435652725,0.3009956560488247,0.016312434720486668,True,/content/drive/MyDrive/AURORA_TWETF/outputs/AURORA_TWETF/purged_walk_forward_models/run_20260624_031817/probabilities/selected_probabilities_TAIEX_regime_fixed_20d_E1_validation_weighted_probability_ensemble.parquet,TAIEX_regime_fixed_20d
2026-03-03,20-day,WF3,3,test,2,1,False,"latest eligible fold after sorting by date, split priority, and fold number",E1_validation_weighted_probability_ensemble,probability_ensemble,TAIEX_regime_fixed_20d,20260624_031817,0.10540749052392556,0.11641171893810148,0.44895029778970863,0.30910779549751727,0.020122697250746932,True,/content/drive/MyDrive/AURORA_TWETF/outputs/AURORA_TWETF/purged_walk_forward_models/run_20260624_031817/probabilities/selected_probabilities_TAIEX_regime_fixed_20d_E1_validation_weighted_probability_ensemble.parquet,TAIEX_regime_fixed_20d
2026-03-04,20-day,WF3,3,test,2,1,False,"latest eligible fold after sorting by date, split priority, and fold number",E1_validation_weighted_probability_ensemble,probability_ensemble,TAIEX_regime_fixed_20d,20260624_031817,0.06865214942281422,0.12689615138859617,0.44629288752414537,0.3315611618168212,0.02659764984762305,True,/content/drive/MyDrive/AURORA_TWETF/outputs/AURORA_TWETF/purged_walk_forward_models/run_20260624_031817/probabilities/selected_probabilities_TAIEX_regime_fixed_20d_E1_validation_weighted_probability_ensemble.parquet,TAIEX_regime_fixed_20d
2026-03-05,20-day,WF3,3,test,2,1,False,"latest eligible fold after sorting by date, split priority, and fold number",E1_validation_weighted_probability_ensemble,probability_ensemble,TAIEX_regime_fixed_20d,20260624_031817,0.0738597970668616,0.11625240734381781,0.38111764430924916,0.388650563988267,0.04011958729180433,True,/content/drive/MyDrive/AURORA_TWETF/outputs/AURORA_TWETF/purged_walk_forward_models/run_20260624_031817/probabilities/selected_probabilities_TAIEX_regime_fixed_20d_E1_validation_weighted_probability_ensemble.parquet,TAIEX_regime_fixed_20d
2026-03-06,20-day,WF3,3,test,2,1,False,"latest eligible fold after sorting by date, split priority, and fold number",E1_validation_weighted_probability_ensemble,probability_ensemble,TAIEX_regime_fixed_20d,20260624_031817,0.06587586338095523,0.12314240677353121,0.4127696714080299,0.3715168396801956,0.02669521875728807,True,/content/drive/MyDrive/AURORA_TWETF/outputs/AURORA_TWETF/purged_walk_forward_models/run_20260624_031817/probabilities/selected_probabilities_TAIEX_regime_fixed_20d_E1_validation_weighted_probability_ensemble.parquet,TAIEX_regime_fixed_20d
2026-03-09,20-day,WF3,3,test,2,1,False,"latest eligible fold after sorting by date, split priority, and fold number",E1_validation_weighted_probability_ensemble,probability_ensemble,TAIEX_regime_fixed_20d,20260624_031817,0.07231270277836278,0.13045220459782084,0.43011353089631377,0.33887298632314666,0.028248575404356158,True,/content/drive/MyDrive/AURORA_TWETF/outputs/AURORA_TWETF/purged_walk_forward_models/run_20260624_031817/probabilities/selected_probabilities_TAIEX_regime_fixed_20d_E1_validation_weighted_probability_ensemble.parquet,TAIEX_regime_fixed_20d
2026-03-10,20-day,WF3,3,test,2,1,False,"latest eligible fold after sorting by date, split priority, and fold number",E1_validation_weighted_probability_ensemble,probability_ensemble,TAIEX_regime_fixed_20d,20260624_031817,0.049738224644793716,0.10052477540072591,0.36205296574775414,0.4315149893471704,0.056169044859555844,True,/content/drive/MyDrive/AURORA_TWETF/outputs/AURORA_TWETF/purged_walk_forward_models/run_20260624_031817/probabilities/selected_probabilities_TAIEX_regime_fixed_20d_E1_validation_weighted_probability_ensemble.parquet,TAIEX_regime_fixed_20d
2026-03-11,20-day,WF3,3,test,2,1,False,"latest eligible fold after sorting by date, split priority, and fold number",E1_validation_weighted_probability_ensemble,probability_ensemble,TAIEX_regime_fixed_20d,20260624_031817,0.05273404778726778,0.12424944063600916,0.42514336397752456,0.364497370993215,0.03337577660598358,True,/content/drive/MyDrive/AURORA_TWETF/outputs/AURORA_TWETF/purged_walk_forward_models/run_20260624_031817/probabilities/selected_probabilities_TAIEX_regime_fixed_20d_E1_validation_weighted_probability_ensemble.parquet,TAIEX_regime_fixed_20d
2026-03-12,20-day,WF3,3,test,2,1,False,"latest eligible fold after sorting by date, split priority, and fold number",E1_validation_weighted_probability_ensemble,probability_ensemble,TAIEX_regime_fixed_20d,20260624_031817,0.08106415513624252,0.15970836425601764,0.41093258606708116,0.3286693203472419,0.019625574193416838,True,/content/drive/MyDrive/AURORA_TWETF/outputs/AURORA_TWETF/purged_walk_forward_models/run_20260624_031817/probabilities/selected_probabilities_TAIEX_regime_fixed_20d_E1_validation_weighted_probability_ensemble.parquet,TAIEX_regime_fixed_20d
2026-03-13,20-day,WF3,3,test,2,1,False,"latest eligible fold after sorting by date, split priority, and fold number",E1_validation_weighted_probability_ensemble,probability_ensemble,TAIEX_regime_fixed_20d,20260624_031817,0.06931155649320897,0.14136801115651246,0.41032633346601605,0.35509553217234746,0.023898566711914992,True,/content/drive/MyDrive/AURORA_TWETF/outputs/AURORA_TWETF/purged_walk_forward_models/run_20260624_031817/probabilities/selected_probabilities_TAIEX_regime_fixed_20d_E1_validation_weighted_probability_ensemble.parquet,TAIEX_regime_fixed_20d
2026-03-16,20-day,WF3,3,test,2,1,False,"latest eligible fold after sorting by date, split priority, and fold number",E1_validation_weighted_probability_ensemble,probability_ensemble,TAIEX_regime_fixed_20d,20260624_031817,0.06860217438251266,0.16259500376186534,0.40034500813514445,0.3389912976118109,0.029466516108666574,True,/content/drive/MyDrive/AURORA_TWETF/outputs/AURORA_TWETF/purged_walk_forward_models/run_20260624_031817/probabilities/selected_probabilities_TAIEX_regime_fixed_20d_E1_validation_weighted_probability_ensemble.parquet,TAIEX_regime_fixed_20d
2026-03-17,20-day,WF3,3,test,2,1,False,"latest eligible fold after sorting by date, split priority, and fold number",E1_validation_weighted_probability_ensemble,probability_ensemble,TAIEX_regime_fixed_20d,20260624_031817,0.08346842951603793,0.17252760406043258,0.37320417030931785,0.33692100753101556,0.033878788583196144,True,/content/drive/MyDrive/AURORA_TWETF/outputs/AURORA_TWETF/purged_walk_forward_models/run_20260624_031817/probabilities/selected_probabilities_TAIEX_regime_fixed_20d_E1_validation_weighted_probability_ensemble.parquet,TAIEX_regime_fixed_20d
2026-03-18,20-day,WF3,3,test,2,1,False,"latest eligible fold after sorting by date, split priority, and fold number",E1_validation_weighted_probability_ensemble,probability_ensemble,TAIEX_regime_fixed_20d,20260624_031817,0.045317292945206186,0.176197121343696,0.40178385942940165,0.3531021936468378,0.02359953263485847,True,/content/drive/MyDrive/AURORA_TWETF/outputs/AURORA_TWETF/purged_walk_forward_models/run_20260624_031817/probabilities/selected_probabilities_TAIEX_regime_fixed_20d_E1_validation_weighted_probability_ensemble.parquet,TAIEX_regime_fixed_20d
2026-03-19,20-day,WF3,3,test,2,1,False,"latest eligible fold after sorting by date, split priority, and fold number",E1_validation_weighted_probability_ensemble,probability_ensemble,TAIEX_regime_fixed_20d,20260624_031817,0.12250778755834685,0.14940813886109336,0.38274687397656265,0.3260657262706881,0.01927147333330907,True,/content/drive/MyDrive/AURORA_TWETF/outputs/AURORA_TWETF/purged_walk_forward_models/run_20260624_031817/probabilities/selected_probabilities_TAIEX_regime_fixed_20d_E1_validation_weighted_probability_ensemble.parquet,TAIEX_regime_fixed_20d
2026-03-20,20-day,WF3,3,test,2,1,False,"latest eligible fold after sorting by date, split priority, and fold number",E1_validation_weighted_probability_ensemble,probability_ensemble,TAIEX_regime_fixed_20d,20260624_031817,0.0415598698571893,0.13272089353415398,0.39674643962998163,0.3953228127899772,0.033649984188697885,True,/content/drive/MyDrive/AURORA_TWETF/outputs/AURORA_TWETF/purged_walk_forward_models/run_20260624_031817/probabilities/selected_probabilities_TAIEX_regime_fixed_20d_E1_validation_weighted_probability_ensemble.parquet,TAIEX_regime_fixed_20d
2026-03-23,20-day,WF3,3,test,2,1,False,"latest eligible fold after sorting by date, split priority, and fold number",E1_validation_weighted_probability_ensemble,probability_ensemble,TAIEX_regime_fixed_20d,20260624_031817,0.04948257798300211,0.12394661021658802,0.3853669041888351,0.40402275295839674,0.03718115465317808,True,/content/drive/MyDrive/AURORA_TWETF/outputs/AURORA_TWETF/purged_walk_forward_models/run_20260624_031817/probabilities/selected_probabilities_TAIEX_regime_fixed_20d_E1_validation_weighted_probability_ensemble.parquet,TAIEX_regime_fixed_20d
2026-03-24,20-day,WF3,3,test,2,1,False,"latest eligible fold after sorting by date, split priority, and fold number",E1_validation_weighted_probability_ensemble,probability_ensemble,TAIEX_regime_fixed_20d,20260624_031817,0.028362364467809344,0.10054956451414884,0.38892742617946247,0.4176417027550684,0.06451894208351096,True,/content/drive/MyDrive/AURORA_TWETF/outputs/AURORA_TWETF/purged_walk_forward_models/run_20260624_031817/probabilities/selected_probabilities_TAIEX_regime_fixed_20d_E1_validation_weighted_probability_ensemble.parquet,TAIEX_regime_fixed_20d
2026-03-25,20-day,WF3,3,test,2,1,False,"latest eligible fold after sorting by date, split priority, and fold number",E1_validation_weighted_probability_ensemble,probability_ensemble,TAIEX_regime_fixed_20d,20260624_031817,0.04179768285628557,0.10415423595384907,0.38716319452803594,0.4191928687662549,0.047692017895574326,True,/content/drive/MyDrive/AURORA_TWETF/outputs/AURORA_TWETF/purged_walk_forward_models/run_20260624_031817/probabilities/selected_probabilities_TAIEX_regime_fixed_20d_E1_validation_weighted_probability_ensemble.parquet,TAIEX_regime_fixed_20d
2024-02-20,60-day,WF1,1,validation,1,1,False,"latest eligible fold after sorting by date, split priority, and fold number",E1_validation_weighted_probability_ensemble,probability_ensemble,TAIEX_regime_fixed_60d,20260624_031817,0.01948592158892748,0.1237839013243327,0.4485944359237444,0.3560232387185171,0.0521125024444785,False,/content/drive/MyDrive/AURORA_TWETF/outputs/AURORA_TWETF/purged_walk_forward_models/run_20260624_031817/probabilities/selected_probabilities_TAIEX_regime_fixed_60d_E1_validation_weighted_probability_ensemble.parquet,TAIEX_regime_fixed_60d
2024-02-21,60-day,WF1,1,validation,1,1,False,"latest eligible fold after sorting by date, split priority, and fold number",E1_validation_weighted_probability_ensemble,probability_ensemble,TAIEX_regime_fixed_60d,20260624_031817,0.01955857986183969,0.1143650189613302,0.40776370435878234,0.40728960723778196,0.05102308958026587,False,/content/drive/MyDrive/AURORA_TWETF/outputs/AURORA_TWETF/purged_walk_forward_models/run_20260624_031817/probabilities/selected_probabilities_TAIEX_regime_fixed_60d_E1_validation_weighted_probability_ensemble.parquet,TAIEX_regime_fixed_60d
2024-02-22,60-day,WF1,1,validation,1,1,False,"latest eligible fold after sorting by date, split priority, and fold number",E1_validation_weighted_probability_ensemble,probability_ensemble,TAIEX_regime_fixed_60d,20260624_031817,0.016234333915097907,0.10519007977899544,0.4059746969138793,0.41441868781519153,0.05818220157683586,False,/content/drive/MyDrive/AURORA_TWETF/outputs/AURORA_TWETF/purged_walk_forward_models/run_20260624_031817/probabilities/selected_probabilities_TAIEX_regime_fixed_60d_E1_validation_weighted_probability_ensemble.parquet,TAIEX_regime_fixed_60d
2024-02-23,60-day,WF1,1,validation,1,1,False,"latest eligible fold after sorting by date, split priority, and fold number",E1_validation_weighted_probability_ensemble,probability_ensemble,TAIEX_regime_fixed_60d,20260624_031817,0.022811831628600177,0.13915601150322024,0.47574507986742065,0.32423245703856174,0.03805461996219721,False,/content/drive/MyDrive/AURORA_TWETF/outputs/AURORA_TWETF/purged_walk_forward_models/run_20260624_031817/probabilities/selected_probabilities_TAIEX_regime_fixed_60d_E1_validation_weighted_probability_ensemble.parquet,TAIEX_regime_fixed_60d
2024-02-26,60-day,WF1,1,validation,1,1,False,"latest eligible fold after sorting by date, split priority, and fold number",E1_validation_weighted_probability_ensemble,probability_ensemble,TAIEX_regime_fixed_60d,20260624_031817,0.02754246237087678,0.14279919878482902,0.4840823470336151,0.31708204477536894,0.02849394703531014,False,/content/drive/MyDrive/AURORA_TWETF/outputs/AURORA_TWETF/purged_walk_forward_models/run_20260624_031817/probabilities/selected_probabilities_TAIEX_regime_fixed_60d_E1_validation_weighted_probability_ensemble.parquet,TAIEX_regime_fixed_60d
2024-02-27,60-day,WF1,1,validation,1,1,False,"latest eligible fold after sorting by date, split priority, and fold number",E1_validation_weighted_probability_ensemble,probability_ensemble,TAIEX_regime_fixed_60d,20260624_031817,0.028619167754564082,0.1550746128431474,0.4973848567017032,0.29510561799977464,0.023815744700810666,False,/content/drive/MyDrive/AURORA_TWETF/outputs/AURORA_TWETF/purged_walk_forward_models/run_20260624_031817/probabilities/selected_probabilities_TAIEX_regime_fixed_60d_E1_validation_weighted_probability_ensemble.parquet,TAIEX_regime_fixed_60d
2024-02-29,60-day,WF1,1,validation,1,1,False,"latest eligible fold after sorting by date, split priority, and fold number",E1_validation_weighted_probability_ensemble,probability_ensemble,TAIEX_regime_fixed_60d,20260624_031817,0.02341840835590289,0.1448636266267266,0.4786171871214311,0.32193592130385407,0.031164856592085396,False,/content/drive/MyDrive/AURORA_TWETF/outputs/AURORA_TWETF/purged_walk_forward_models/run_20260624_031817/probabilities/selected_probabilities_TAIEX_regime_fixed_60d_E1_validation_weighted_probability_ensemble.parquet,TAIEX_regime_fixed_60d
2024-03-01,60-day,WF1,1,validation,1,1,False,"latest eligible fold after sorting by date, split priority, and fold number",E1_validation_weighted_probability_ensemble,probability_ensemble,TAIEX_regime_fixed_60d,20260624_031817,0.025480905118085356,0.14518990884058375,0.4905769348098009,0.31058813539336066,0.028164115838169315,False,/content/drive/MyDrive/AURORA_TWETF/outputs/AURORA_TWETF/purged_walk_forward_models/run_20260624_031817/probabilities/selected_probabilities_TAIEX_regime_fixed_60d_E1_validation_weighted_probability_ensemble.parquet,TAIEX_regime_fixed_60d
2024-03-04,60-day,WF1,1,validation,1,1,False,"latest eligible fold after sorting by date, split priority, and fold number",E1_validation_weighted_probability_ensemble,probability_ensemble,TAIEX_regime_fixed_60d,20260624_031817,0.021286853123034383,0.1435541412935355,0.460418532706212,0.3373429786302504,0.037397494246967714,False,/content/drive/MyDrive/AURORA_TWETF/outputs/AURORA_TWETF/purged_walk_forward_models/run_20260624_031817/probabilities/selected_probabilities_TAIEX_regime_fixed_60d_E1_validation_weighted_probability_ensemble.parquet,TAIEX_regime_fixed_60d
2024-03-05,60-day,WF1,1,validation,1,1,False,"latest eligible fold after sorting by date, split priority, and fold number",E1_validation_weighted_probability_ensemble,probability_ensemble,TAIEX_regime_fixed_60d,20260624_031817,0.019484347228228276,0.13069147545069557,0.4691933265828622,0.3484734494099693,0.03215740132824465,False,/content/drive/MyDrive/AURORA_TWETF/outputs/AURORA_TWETF/purged_walk_forward_models/run_20260624_031817/probabilities/selected_probabilities_TAIEX_regime_fixed_60d_E1_validation_weighted_probability_ensemble.parquet,TAIEX_regime_fixed_60d
2024-03-06,60-day,WF1,1,validation,1,1,False,"latest eligible fold after sorting by date, split priority, and fold number",E1_validation_weighted_probability_ensemble,probability_ensemble,TAIEX_regime_fixed_60d,20260624_031817,0.02039614955334664,0.1346975505608777,0.47919416164089296,0.32891591473066445,0.03679622351421829,False,/content/drive/MyDrive/AURORA_TWETF/outputs/AURORA_TWETF/purged_walk_forward_models/run_20260624_031817/probabilities/selected_probabilities_TAIEX_regime_fixed_60d_E1_validation_weighted_probability_ensemble.parquet,TAIEX_regime_fixed_60d
2024-03-07,60-day,WF1,1,validation,1,1,False,"latest eligible fold after sorting by date, split priority, and fold number",E1_validation_weighted_probability_ensemble,probability_ensemble,TAIEX_regime_fixed_60d,20260624_031817,0.021531787212244427,0.1458073721995416,0.48286002589775046,0.3139284664798344,0.03587234821062913,False,/content/drive/MyDrive/AURORA_TWETF/outputs/AURORA_TWETF/purged_walk_forward_models/run_20260624_031817/probabilities/selected_probabilities_TAIEX_regime_fixed_60d_E1_validation_weighted_probability_ensemble.parquet,TAIEX_regime_fixed_60d
2024-03-08,60-day,WF1,1,validation,1,1,False,"latest eligible fold after sorting by date, split priority, and fold number",E1_validation_weighted_probability_ensemble,probability_ensemble,TAIEX_regime_fixed_60d,20260624_031817,0.02499404937277047,0.1363553525036361,0.4818176787989431,0.32469109865556506,0.032141820669085275,False,/content/drive/MyDrive/AURORA_TWETF/outputs/AURORA_TWETF/purged_walk_forward_models/run_20260624_031817/probabilities/selected_probabilities_TAIEX_regime_fixed_60d_E1_validation_weighted_probability_ensemble.parquet,TAIEX_regime_fixed_60d
2024-03-11,60-day,WF1,1,validation,1,1,False,"latest eligible fold after sorting by date, split priority, and fold number",E1_validation_weighted_probability_ensemble,probability_ensemble,TAIEX_regime_fixed_60d,20260624_031817,0.020709580880098045,0.12145148037841541,0.44877287913860014,0.36709265270827707,0.04197340689460925,False,/content/drive/MyDrive/AURORA_TWETF/outputs/AURORA_TWETF/purged_walk_forward_models/run_20260624_031817/probabilities/selected_probabilities_TAIEX_regime_fixed_60d_E1_validation_weighted_probability_ensemble.parquet,TAIEX_regime_fixed_60d
2024-03-12,60-day,WF1,1,validation,1,1,False,"latest eligible fold after sorting by date, split priority, and fold number",E1_validation_weighted_probability_ensemble,probability_ensemble,TAIEX_regime_fixed_60d,20260624_031817,0.023109045226095064,0.12211407278195206,0.4444891577345129,0.3639236060665249,0.04636411819091508,False,/content/drive/MyDrive/AURORA_TWETF/outputs/AURORA_TWETF/purged_walk_forward_models/run_20260624_031817/probabilities/selected_probabilities_TAIEX_regime_fixed_60d_E1_validation_weighted_probability_ensemble.parquet,TAIEX_regime_fixed_60d
2024-03-13,60-day,WF1,1,validation,1,1,False,"latest eligible fold after sorting by date, split priority, and fold number",E1_validation_weighted_probability_ensemble,probability_ensemble,TAIEX_regime_fixed_60d,20260624_031817,0.021268415915673803,0.1243455022277575,0.4501615720403539,0.36281629448151986,0.04140821533469495,False,/content/drive/MyDrive/AURORA_TWETF/outputs/AURORA_TWETF/purged_walk_forward_models/run_20260624_031817/probabilities/selected_probabilities_TAIEX_regime_fixed_60d_E1_validation_weighted_probability_ensemble.parquet,TAIEX_regime_fixed_60d
2024-03-14,60-day,WF1,1,validation,1,1,False,"latest eligible fold after sorting by date, split priority, and fold number",E1_validation_weighted_probability_ensemble,probability_ensemble,TAIEX_regime_fixed_60d,20260624_031817,0.023769666302289674,0.1182819731433974,0.4397482454847302,0.36887904669113347,0.04932106837844946,False,/content/drive/MyDrive/AURORA_TWETF/outputs/AURORA_TWETF/purged_walk_forward_models/run_20260624_031817/probabilities/selected_probabilities_TAIEX_regime_fixed_60d_E1_validation_weighted_probability_ensemble.parquet,TAIEX_regime_fixed_60d
2024-03-15,60-day,WF1,1,validation,1,1,False,"latest eligible fold after sorting by date, split priority, and fold number",E1_validation_weighted_probability_ensemble,probability_ensemble,TAIEX_regime_fixed_60d,20260624_031817,0.023025468551613998,0.11511714374278696,0.42579943306879603,0.37935942276546897,0.05669853187133413,False,/content/drive/MyDrive/AURORA_TWETF/outputs/AURORA_TWETF/purged_walk_forward_models/run_20260624_031817/probabilities/selected_probabilities_TAIEX_regime_fixed_60d_E1_validation_weighted_probability_ensemble.parquet,TAIEX_regime_fixed_60d
2024-03-18,60-day,WF1,1,validation,1,1,False,"latest eligible fold after sorting by date, split priority, and fold number",E1_validation_weighted_probability_ensemble,probability_ensemble,TAIEX_regime_fixed_60d,20260624_031817,0.01940338249738979,0.10094075347408302,0.35370081223067495,0.44152065390436507,0.08443439789348722,False,/content/drive/MyDrive/AURORA_TWETF/outputs/AURORA_TWETF/purged_walk_forward_models/run_20260624_031817/probabilities/selected_probabilities_TAIEX_regime_fixed_60d_E1_validation_weighted_probability_ensemble.parquet,TAIEX_regime_fixed_60d
2024-03-19,60-day,WF1,1,validation,1,1,False,"latest eligible fold after sorting by date, split priority, and fold number",E1_validation_weighted_probability_ensemble,probability_ensemble,TAIEX_regime_fixed_60d,20260624_031817,0.018920918613935817,0.11661325444367512,0.39354531099519263,0.4147122957888637,0.05620822015833267,False,/content/drive/MyDrive/AURORA_TWETF/outputs/AURORA_TWETF/purged_walk_forward_models/run_20260624_031817/probabilities/selected_probabilities_TAIEX_regime_fixed_60d_E1_validation_weighted_probability_ensemble.parquet,TAIEX_regime_fixed_60d
2024-03-20,60-day,WF1,1,validation,1,1,False,"latest eligible fold after sorting by date, split priority, and fold number",E1_validation_weighted_probability_ensemble,probability_ensemble,TAIEX_regime_fixed_60d,20260624_031817,0.02011483117965278,0.11954609316888892,0.41641021443906606,0.3953484438056061,0.04858041740678619,False,/content/drive/MyDrive/AURORA_TWETF/outputs/AURORA_TWETF/purged_walk_forward_models/run_20260624_031817/probabilities/selected_probabilities_TAIEX_regime_fixed_60d_E1_validation_weighted_probability_ensemble.parquet,TAIEX_regime_fixed_60d
2024-03-21,60-day,WF1,1,validation,1,1,False,"latest eligible fold after sorting by date, split priority, and fold number",E1_validation_weighted_probability_ensemble,probability_ensemble,TAIEX_regime_fixed_60d,20260624_031817,0.020762197527795345,0.12785317400702473,0.4116569534975056,0.384592208479567,0.05513546648810739,False,/content/drive/MyDrive/AURORA_TWETF/outputs/AURORA_TWETF/purged_walk_forward_models/run_20260624_031817/probabilities/selected_probabilities_TAIEX_regime_fixed_60d_E1_validation_weighted_probability_ensemble.parquet,TAIEX_regime_fixed_60d
2024-03-22,60-day,WF1,1,validation,1,1,False,"latest eligible fold after sorting by date, split priority, and fold number",E1_validation_weighted_probability_ensemble,probability_ensemble,TAIEX_regime_fixed_60d,20260624_031817,0.021089442926145067,0.1364527306839073,0.4482861479345773,0.3543658948467513,0.039805783608619055,False,/content/drive/MyDrive/AURORA_TWETF/outputs/AURORA_TWETF/purged_walk_forward_models/run_20260624_031817/probabilities/selected_probabilities_TAIEX_regime_fixed_60d_E1_validation_weighted_probability_ensemble.parquet,TAIEX_regime_fixed_60d
2024-03-25,60-day,WF1,1,validation,1,1,False,"latest eligible fold after sorting by date, split priority, and fold number",E1_validation_weighted_probability_ensemble,probability_ensemble,TAIEX_regime_fixed_60d,20260624_031817,0.018780115373389528,0.12547487948090597,0.4331964531526471,0.3787073676679868,0.04384118432507059,False,/content/drive/MyDrive/AURORA_TWETF/outputs/AURORA_TWETF/purged_walk_forward_models/run_20260624_031817/probabilities/selected_probabilities_TAIEX_regime_fixed_60d_E1_validation_weighted_probability_ensemble.parquet,TAIEX_regime_fixed_60d
2024-03-26,60-day,WF1,1,validation,1,1,False,"latest eligible fold after sorting by date, split priority, and fold number",E1_validation_weighted_probability_ensemble,probability_ensemble,TAIEX_regime_fixed_60d,20260624_031817,0.017710703123015526,0.13138935508238536,0.43997354668229705,0.35949768178497643,0.05142871332732571,False,/content/drive/MyDrive/AURORA_TWETF/outputs/AURORA_TWETF/purged_walk_forward_models/run_20260624_031817/probabilities/selected_probabilities_TAIEX_regime_fixed_60d_E1_validation_weighted_probability_ensemble.parquet,TAIEX_regime_fixed_60d
2024-03-27,60-day,WF1,1,validation,1,1,False,"latest eligible fold after sorting by date, split priority, and fold number",E1_validation_weighted_probability_ensemble,probability_ensemble,TAIEX_regime_fixed_60d,20260624_031817,0.014588083124148202,0.11052847358137374,0.3898818449370428,0.417630609334701,0.06737098902273432,False,/content/drive/MyDrive/AURORA_TWETF/outputs/AURORA_TWETF/purged_walk_forward_models/run_20260624_031817/probabilities/selected_probabilities_TAIEX_regime_fixed_60d_E1_validation_weighted_probability_ensemble.parquet,TAIEX_regime_fixed_60d
2024-03-28,60-day,WF1,1,validation,1,1,False,"latest eligible fold after sorting by date, split priority, and fold number",E1_validation_weighted_probability_ensemble,probability_ensemble,TAIEX_regime_fixed_60d,20260624_031817,0.016292124917129582,0.11703188634956072,0.3974964550670362,0.410202079189654,0.05897745447661949,False,/content/drive/MyDrive/AURORA_TWETF/outputs/AURORA_TWETF/purged_walk_forward_models/run_20260624_031817/probabilities/selected_probabilities_TAIEX_regime_fixed_60d_E1_validation_weighted_probability_ensemble.parquet,TAIEX_regime_fixed_60d
2024-03-29,60-day,WF1,1,validation,1,1,False,"latest eligible fold after sorting by date, split priority, and fold number",E1_validation_weighted_probability_ensemble,probability_ensemble,TAIEX_regime_fixed_60d,20260624_031817,0.01897352787666648,0.11719529589981455,0.3812402402603704,0.4179898753221399,0.0646010606410085,False,/content/drive/MyDrive/AURORA_TWETF/outputs/AURORA_TWETF/purged_walk_forward_models/run_20260624_031817/probabilities/selected_probabilities_TAIEX_regime_fixed_60d_E1_validation_weighted_probability_ensemble.parquet,TAIEX_regime_fixed_60d
2024-04-01,60-day,WF1,1,validation,1,1,False,"latest eligible fold after sorting by date, split priority, and fold number",E1_validation_weighted_probability_ensemble,probability_ensemble,TAIEX_regime_fixed_60d,20260624_031817,0.0181458554182131,0.10767022634112339,0.3796483215948994,0.4297650051285159,0.06477059151724815,False,/content/drive/MyDrive/AURORA_TWETF/outputs/AURORA_TWETF/purged_walk_forward_models/run_20260624_031817/probabilities/selected_probabilities_TAIEX_regime_fixed_60d_E1_validation_weighted_probability_ensemble.parquet,TAIEX_regime_fixed_60d
2024-04-02,60-day,WF1,1,validation,1,1,False,"latest eligible fold after sorting by date, split priority, and fold number",E1_validation_weighted_probability_ensemble,probability_ensemble,TAIEX_regime_fixed_60d,20260624_031817,0.01729803801072226,0.10966750746193883,0.34456147200566045,0.44369376973089414,0.08477921279078435,False,/content/drive/MyDrive/AURORA_TWETF/outputs/AURORA_TWETF/purged_walk_forward_models/run_20260624_031817/probabilities/selected_probabilities_TAIEX_regime_fixed_60d_E1_validation_weighted_probability_ensemble.parquet,TAIEX_regime_fixed_60d
2024-04-03,60-day,WF1,1,validation,1,1,False,"latest eligible fold after sorting by date, split priority, and fold number",E1_validation_weighted_probability_ensemble,probability_ensemble,TAIEX_regime_fixed_60d,20260624_031817,0.019594210953332632,0.10047480135428613,0.34952576824435144,0.4532737887026443,0.07713143074538553,False,/content/drive/MyDrive/AURORA_TWETF/outputs/AURORA_TWETF/purged_walk_forward_models/run_20260624_031817/probabilities/selected_probabilities_TAIEX_regime_fixed_60d_E1_validation_weighted_probability_ensemble.parquet,TAIEX_regime_fixed_60d
2024-04-08,60-day,WF1,1,validation,1,1,False,"latest eligible fold after sorting by date, split priority, and fold number",E1_validation_weighted_probability_ensemble,probability_ensemble,TAIEX_regime_fixed_60d,20260624_031817,0.017548542433597002,0.10318954508408062,0.3491992787123201,0.44984905511575407,0.08021357865424822,False,/content/drive/MyDrive/AURORA_TWETF/outputs/AURORA_TWETF/purged_walk_forward_models/run_20260624_031817/probabilities/selected_probabilities_TAIEX_regime_fixed_60d_E1_validation_weighted_probability_ensemble.parquet,TAIEX_regime_fixed_60d
2024-04-09,60-day,WF1,1,validation,1,1,False,"latest eligible fold after sorting by date, split priority, and fold number",E1_validation_weighted_probability_ensemble,probability_ensemble,TAIEX_regime_fixed_60d,20260624_031817,0.018361528196624625,0.1037171190776312,0.36385115777991806,0.4382203080790681,0.07584988686675813,False,/content/drive/MyDrive/AURORA_TWETF/outputs/AURORA_TWETF/purged_walk_forward_models/run_20260624_031817/probabilities/selected_probabilities_TAIEX_regime_fixed_60d_E1_validation_weighted_probability_ensemble.parquet,TAIEX_regime_fixed_60d
2024-04-10,60-day,WF1,1,validation,1,1,False,"latest eligible fold after sorting by date, split priority, and fold number",E1_validation_weighted_probability_ensemble,probability_ensemble,TAIEX_regime_fixed_60d,20260624_031817,0.018612278053458397,0.10277593476765379,0.3772653880206343,0.43829105261679935,0.0630553465414542,False,/content/drive/MyDrive/AURORA_TWETF/outputs/AURORA_TWETF/purged_walk_forward_models/run_20260624_031817/probabilities/selected_probabilities_TAIEX_regime_fixed_60d_E1_validation_weighted_probability_ensemble.parquet,TAIEX_regime_fixed_60d
2024-04-11,60-day,WF1,1,validation,1,1,False,"latest eligible fold after sorting by date, split priority, and fold number",E1_validation_weighted_probability_ensemble,probability_ensemble,TAIEX_regime_fixed_60d,20260624_031817,0.018708245337830068,0.09770723405147264,0.3366869950999909,0.4667293235437356,0.08016820196697085,False,/content/drive/MyDrive/AURORA_TWETF/outputs/AURORA_TWETF/purged_walk_forward_models/run_20260624_031817/probabilities/selected_probabilities_TAIEX_regime_fixed_60d_E1_validation_weighted_probability_ensemble.parquet,TAIEX_regime_fixed_60d
2024-04-12,60-day,WF1,1,validation,1,1,False,"latest eligible fold after sorting by date, split priority, and fold number",E1_validation_weighted_probability_ensemble,probability_ensemble,TAIEX_regime_fixed_60d,20260624_031817,0.02073834797033706,0.10529458666659047,0.36586046693149776,0.4433873651775092,0.06471923325406552,False,/content/drive/MyDrive/AURORA_TWETF/outputs/AURORA_TWETF/purged_walk_forward_models/run_20260624_031817/probabilities/selected_probabilities_TAIEX_regime_fixed_60d_E1_validation_weighted_probability_ensemble.parquet,TAIEX_regime_fixed_60d
2024-04-15,60-day,WF1,1,validation,1,1,False,"latest eligible fold after sorting by date, split priority, and fold number",E1_validation_weighted_probability_ensemble,probability_ensemble,TAIEX_regime_fixed_60d,20260624_031817,0.022601698484770127,0.09347941540758443,0.3271540235483978,0.47845180878852067,0.07831305377072706,False,/content/drive/MyDrive/AURORA_TWETF/outputs/AURORA_TWETF/purged_walk_forward_models/run_20260624_031817/probabilities/selected_probabilities_TAIEX_regime_fixed_60d_E1_validation_weighted_probability_ensemble.parquet,TAIEX_regime_fixed_60d
2024-04-16,60-day,WF1,1,validation,1,1,False,"latest eligible fold after sorting by date, split priority, and fold number",E1_validation_weighted_probability_ensemble,probability_ensemble,TAIEX_regime_fixed_60d,20260624_031817,0.021458526407518445,0.08404473091912339,0.2866256846332857,0.49893292107384274,0.10893813696622966,False,/content/drive/MyDrive/AURORA_TWETF/outputs/AURORA_TWETF/purged_walk_forward_models/run_20260624_031817/probabilities/selected_probabilities_TAIEX_regime_fixed_60d_E1_validation_weighted_probability_ensemble.parquet,TAIEX_regime_fixed_60d
2024-04-17,60-day,WF1,1,validation,1,1,False,"latest eligible fold after sorting by date, split priority, and fold number",E1_validation_weighted_probability_ensemble,probability_ensemble,TAIEX_regime_fixed_60d,20260624_031817,0.020085451329071427,0.07844932611867658,0.2959940971862659,0.4934115348586517,0.11205959050733444,False,/content/drive/MyDrive/AURORA_TWETF/outputs/AURORA_TWETF/purged_walk_forward_models/run_20260624_031817/probabilities/selected_probabilities_TAIEX_regime_fixed_60d_E1_validation_weighted_probability_ensemble.parquet,TAIEX_regime_fixed_60d
2024-04-18,60-day,WF1,1,validation,1,1,False,"latest eligible fold after sorting by date, split priority, and fold number",E1_validation_weighted_probability_ensemble,probability_ensemble,TAIEX_regime_fixed_60d,20260624_031817,0.018307766056724795,0.0815840701028309,0.3460502471747483,0.4578731044617045,0.0961848122039915,False,/content/drive/MyDrive/AURORA_TWETF/outputs/AURORA_TWETF/purged_walk_forward_models/run_20260624_031817/probabilities/selected_probabilities_TAIEX_regime_fixed_60d_E1_validation_weighted_probability_ensemble.parquet,TAIEX_regime_fixed_60d
2024-04-19,60-day,WF1,1,validation,1,1,False,"latest eligible fold after sorting by date, split priority, and fold number",E1_validation_weighted_probability_ensemble,probability_ensemble,TAIEX_regime_fixed_60d,20260624_031817,0.016599438892132633,0.07715123352313455,0.2284582936425603,0.49550256646626173,0.1822884674759108,False,/content/drive/MyDrive/AURORA_TWETF/outputs/AURORA_TWETF/purged_walk_forward_models/run_20260624_031817/probabilities/selected_probabilities_TAIEX_regime_fixed_60d_E1_validation_weighted_probability_ensemble.parquet,TAIEX_regime_fixed_60d
2024-04-22,60-day,WF1,1,validation,1,1,False,"latest eligible fold after sorting by date, split priority, and fold number",E1_validation_weighted_probability_ensemble,probability_ensemble,TAIEX_regime_fixed_60d,20260624_031817,0.017359510823086198,0.06740789149842814,0.20040912003485176,0.46029286491078647,0.25453061273284744,False,/content/drive/MyDrive/AURORA_TWETF/outputs/AURORA_TWETF/purged_walk_forward_models/run_20260624_031817/probabilities/selected_probabilities_TAIEX_regime_fixed_60d_E1_validation_weighted_probability_ensemble.parquet,TAIEX_regime_fixed_60d
2024-04-23,60-day,WF1,1,validation,1,1,False,"latest eligible fold after sorting by date, split priority, and fold number",E1_validation_weighted_probability_ensemble,probability_ensemble,TAIEX_regime_fixed_60d,20260624_031817,0.015091217028047417,0.07693286436344525,0.1846998306387181,0.4426576824858196,0.28061840548396966,False,/content/drive/MyDrive/AURORA_TWETF/outputs/AURORA_TWETF/purged_walk_forward_models/run_20260624_031817/probabilities/selected_probabilities_TAIEX_regime_fixed_60d_E1_validation_weighted_probability_ensemble.parquet,TAIEX_regime_fixed_60d
2024-04-24,60-day,WF1,1,validation,1,1,False,"latest eligible fold after sorting by date, split priority, and fold number",E1_validation_weighted_probability_ensemble,probability_ensemble,TAIEX_regime_fixed_60d,20260624_031817,0.016182837209388505,0.06886722031631784,0.22738843178436163,0.47393376327245185,0.2136277474174802,False,/content/drive/MyDrive/AURORA_TWETF/outputs/AURORA_TWETF/purged_walk_forward_models/run_20260624_031817/probabilities/selected_probabilities_TAIEX_regime_fixed_60d_E1_validation_weighted_probability_ensemble.parquet,TAIEX_regime_fixed_60d
2024-04-25,60-day,WF1,1,validation,1,1,False,"latest eligible fold after sorting by date, split priority, and fold number",E1_validation_weighted_probability_ensemble,probability_ensemble,TAIEX_regime_fixed_60d,20260624_031817,0.017202404814271644,0.07956756737849625,0.29972217806691,0.4672659186811271,0.13624193105919502,False,/content/drive/MyDrive/AURORA_TWETF/outputs/AURORA_TWETF/purged_walk_forward_models/run_20260624_031817/probabilities/selected_probabilities_TAIEX_regime_fixed_60d_E1_validation_weighted_probability_ensemble.parquet,TAIEX_regime_fixed_60d
2024-04-26,60-day,WF1,1,validation,1,1,False,"latest eligible fold after sorting by date, split priority, and fold number",E1_validation_weighted_probability_ensemble,probability_ensemble,TAIEX_regime_fixed_60d,20260624_031817,0.014392551687129928,0.07172105650328116,0.26925586496821285,0.4664491004708687,0.17818142637050743,False,/content/drive/MyDrive/AURORA_TWETF/outputs/AURORA_TWETF/purged_walk_forward_models/run_20260624_031817/probabilities/selected_probabilities_TAIEX_regime_fixed_60d_E1_validation_weighted_probability_ensemble.parquet,TAIEX_regime_fixed_60d
2024-04-29,60-day,WF1,1,validation,1,1,False,"latest eligible fold after sorting by date, split priority, and fold number",E1_validation_weighted_probability_ensemble,probability_ensemble,TAIEX_regime_fixed_60d,20260624_031817,0.01939904389618695,0.09475376605897161,0.37603946722925224,0.41654967971663187,0.09325804309895738,False,/content/drive/MyDrive/AURORA_TWETF/outputs/AURORA_TWETF/purged_walk_forward_models/run_20260624_031817/probabilities/selected_probabilities_TAIEX_regime_fixed_60d_E1_validation_weighted_probability_ensemble.parquet,TAIEX_regime_fixed_60d
2024-04-30,60-day,WF1,1,validation,1,1,False,"latest eligible fold after sorting by date, split priority, and fold number",E1_validation_weighted_probability_ensemble,probability_ensemble,TAIEX_regime_fixed_60d,20260624_031817,0.01916664216640072,0.10674359554913043,0.43921443992255765,0.37698983440482803,0.05788548795708312,False,/content/drive/MyDrive/AURORA_TWETF/outputs/AURORA_TWETF/purged_walk_forward_models/run_20260624_031817/probabilities/selected_probabilities_TAIEX_regime_fixed_60d_E1_validation_weighted_probability_ensemble.parquet,TAIEX_regime_fixed_60d
2024-05-02,60-day,WF1,1,validation,1,1,False,"latest eligible fold after sorting by date, split priority, and fold number",E1_validation_weighted_probability_ensemble,probability_ensemble,TAIEX_regime_fixed_60d,20260624_031817,0.021343078170710707,0.0930063585201445,0.4011665797206732,0.4116996954521976,0.07278428813627405,False,/content/drive/MyDrive/AURORA_TWETF/outputs/AURORA_TWETF/purged_walk_forward_models/run_20260624_031817/probabilities/selected_probabilities_TAIEX_regime_fixed_60d_E1_validation_weighted_probability_ensemble.parquet,TAIEX_regime_fixed_60d
2024-05-03,60-day,WF1,1,validation,1,1,False,"latest eligible fold after sorting by date, split priority, and fold number",E1_validation_weighted_probability_ensemble,probability_ensemble,TAIEX_regime_fixed_60d,20260624_031817,0.017638903074616432,0.08310426198137476,0.34094898978284016,0.44749550735484134,0.11081233780632732,False,/content/drive/MyDrive/AURORA_TWETF/outputs/AURORA_TWETF/purged_walk_forward_models/run_20260624_031817/probabilities/selected_probabilities_TAIEX_regime_fixed_60d_E1_validation_weighted_probability_ensemble.parquet,TAIEX_regime_fixed_60d
2024-05-06,60-day,WF1,1,validation,1,1,False,"latest eligible fold after sorting by date, split priority, and fold number",E1_validation_weighted_probability_ensemble,probability_ensemble,TAIEX_regime_fixed_60d,20260624_031817,0.022259504040876385,0.08191636012655812,0.32367055839526737,0.46888509710677306,0.10326848033052506,False,/content/drive/MyDrive/AURORA_TWETF/outputs/AURORA_TWETF/purged_walk_forward_models/run_20260624_031817/probabilities/selected_probabilities_TAIEX_regime_fixed_60d_E1_validation_weighted_probability_ensemble.parquet,TAIEX_regime_fixed_60d
2024-05-07,60-day,WF1,1,validation,1,1,False,"latest eligible fold after sorting by date, split priority, and fold number",E1_validation_weighted_probability_ensemble,probability_ensemble,TAIEX_regime_fixed_60d,20260624_031817,0.02364666573064932,0.10734693508160484,0.43484287759484,0.38162271229136097,0.05254080930154487,False,/content/drive/MyDrive/AURORA_TWETF/outputs/AURORA_TWETF/purged_walk_forward_models/run_20260624_031817/probabilities/selected_probabilities_TAIEX_regime_fixed_60d_E1_validation_weighted_probability_ensemble.parquet,TAIEX_regime_fixed_60d
2024-05-08,60-day,WF1,1,validation,1,1,False,"latest eligible fold after sorting by date, split priority, and fold number",E1_validation_weighted_probability_ensemble,probability_ensemble,TAIEX_regime_fixed_60d,20260624_031817,0.023457426757646622,0.12036026769280385,0.4488116847653943,0.35844243896487377,0.04892818181928149,False,/content/drive/MyDrive/AURORA_TWETF/outputs/AURORA_TWETF/purged_walk_forward_models/run_20260624_031817/probabilities/selected_probabilities_TAIEX_regime_fixed_60d_E1_validation_weighted_probability_ensemble.parquet,TAIEX_regime_fixed_60d
2024-05-09,60-day,WF1,1,validation,1,1,False,"latest eligible fold after sorting by date, split priority, and fold number",E1_validation_weighted_probability_ensemble,probability_ensemble,TAIEX_regime_fixed_60d,20260624_031817,0.021769773209841258,0.12411179696305862,0.4477828702097721,0.35037861455093927,0.055956945066388875,False,/content/drive/MyDrive/AURORA_TWETF/outputs/AURORA_TWETF/purged_walk_forward_models/run_20260624_031817/probabilities/selected_probabilities_TAIEX_regime_fixed_60d_E1_validation_weighted_probability_ensemble.parquet,TAIEX_regime_fixed_60d
2024-05-10,60-day,WF1,1,validation,1,1,False,"latest eligible fold after sorting by date, split priority, and fold number",E1_validation_weighted_probability_ensemble,probability_ensemble,TAIEX_regime_fixed_60d,20260624_031817,0.02008724095013667,0.11267107799935616,0.43109151257573447,0.3800065021687164,0.05614366630605642,False,/content/drive/MyDrive/AURORA_TWETF/outputs/AURORA_TWETF/purged_walk_forward_models/run_20260624_031817/probabilities/selected_probabilities_TAIEX_regime_fixed_60d_E1_validation_weighted_probability_ensemble.parquet,TAIEX_regime_fixed_60d
2024-05-13,60-day,WF1,1,validation,1,1,False,"latest eligible fold after sorting by date, split priority, and fold number",E1_validation_weighted_probability_ensemble,probability_ensemble,TAIEX_regime_fixed_60d,20260624_031817,0.01884114764341422,0.10576709753350107,0.42713526934742435,0.3908374149438911,0.05741907053176926,False,/content/drive/MyDrive/AURORA_TWETF/outputs/AURORA_TWETF/purged_walk_forward_models/run_20260624_031817/probabilities/selected_probabilities_TAIEX_regime_fixed_60d_E1_validation_weighted_probability_ensemble.parquet,TAIEX_regime_fixed_60d
2024-05-14,60-day,WF1,1,validation,1,1,False,"latest eligible fold after sorting by date, split priority, and fold number",E1_validation_weighted_probability_ensemble,probability_ensemble,TAIEX_regime_fixed_60d,20260624_031817,0.022718483373943214,0.10778229965121958,0.43380255107664295,0.37936454108356454,0.05633212481462983,False,/content/drive/MyDrive/AURORA_TWETF/outputs/AURORA_TWETF/purged_walk_forward_models/run_20260624_031817/probabilities/selected_probabilities_TAIEX_regime_fixed_60d_E1_validation_weighted_probability_ensemble.parquet,TAIEX_regime_fixed_60d
2024-05-15,60-day,WF1,1,validation,1,1,False,"latest eligible fold after sorting by date, split priority, and fold number",E1_validation_weighted_probability_ensemble,probability_ensemble,TAIEX_regime_fixed_60d,20260624_031817,0.02286583016196187,0.11222402944573136,0.44506994003289735,0.3697743979845169,0.05006580237489244,False,/content/drive/MyDrive/AURORA_TWETF/outputs/AURORA_TWETF/purged_walk_forward_models/run_20260624_031817/probabilities/selected_probabilities_TAIEX_regime_fixed_60d_E1_validation_weighted_probability_ensemble.parquet,TAIEX_regime_fixed_60d
2024-05-16,60-day,WF1,1,validation,1,1,False,"latest eligible fold after sorting by date, split priority, and fold number",E1_validation_weighted_probability_ensemble,probability_ensemble,TAIEX_regime_fixed_60d,20260624_031817,0.024386303428498124,0.11898131642782586,0.4724612946367445,0.3469733935754946,0.03719769193143683,False,/content/drive/MyDrive/AURORA_TWETF/outputs/AURORA_TWETF/purged_walk_forward_models/run_20260624_031817/probabilities/selected_probabilities_TAIEX_regime_fixed_60d_E1_validation_weighted_probability_ensemble.parquet,TAIEX_regime_fixed_60d
2024-05-17,60-day,WF1,1,validation,1,1,False,"latest eligible fold after sorting by date, split priority, and fold number",E1_validation_weighted_probability_ensemble,probability_ensemble,TAIEX_regime_fixed_60d,20260624_031817,0.02344370752871574,0.10393932879207991,0.4373084829740351,0.39341523116210425,0.04189324954306507,False,/content/drive/MyDrive/AURORA_TWETF/outputs/AURORA_TWETF/purged_walk_forward_models/run_20260624_031817/probabilities/selected_probabilities_TAIEX_regime_fixed_60d_E1_validation_weighted_probability_ensemble.parquet,TAIEX_regime_fixed_60d
2024-05-20,60-day,WF1,1,validation,1,1,False,"latest eligible fold after sorting by date, split priority, and fold number",E1_validation_weighted_probability_ensemble,probability_ensemble,TAIEX_regime_fixed_60d,20260624_031817,0.022864696466317707,0.10403235004596997,0.42986779920432905,0.39727852258009044,0.04595663170329293,False,/content/drive/MyDrive/AURORA_TWETF/outputs/AURORA_TWETF/purged_walk_forward_models/run_20260624_031817/probabilities/selected_probabilities_TAIEX_regime_fixed_60d_E1_validation_weighted_probability_ensemble.parquet,TAIEX_regime_fixed_60d
2024-05-21,60-day,WF1,1,validation,1,1,False,"latest eligible fold after sorting by date, split priority, and fold number",E1_validation_weighted_probability_ensemble,probability_ensemble,TAIEX_regime_fixed_60d,20260624_031817,0.024648129748677413,0.10275056508298794,0.4144556956257467,0.4063293705276342,0.051816239014953844,False,/content/drive/MyDrive/AURORA_TWETF/outputs/AURORA_TWETF/purged_walk_forward_models/run_20260624_031817/probabilities/selected_probabilities_TAIEX_regime_fixed_60d_E1_validation_weighted_probability_ensemble.parquet,TAIEX_regime_fixed_60d
2024-05-22,60-day,WF1,1,validation,1,1,False,"latest eligible fold after sorting by date, split priority, and fold number",E1_validation_weighted_probability_ensemble,probability_ensemble,TAIEX_regime_fixed_60d,20260624_031817,0.020204195408938502,0.09312036986541564,0.4155221051365432,0.41558805117292447,0.0555652784161783,False,/content/drive/MyDrive/AURORA_TWETF/outputs/AURORA_TWETF/purged_walk_forward_models/run_20260624_031817/probabilities/selected_probabilities_TAIEX_regime_fixed_60d_E1_validation_weighted_probability_ensemble.parquet,TAIEX_regime_fixed_60d
2024-05-23,60-day,WF1,1,validation,1,1,False,"latest eligible fold after sorting by date, split priority, and fold number",E1_validation_weighted_probability_ensemble,probability_ensemble,TAIEX_regime_fixed_60d,20260624_031817,0.019648523971373313,0.08494079145235378,0.36693822852989133,0.4568961256340192,0.07157633041236242,False,/content/drive/MyDrive/AURORA_TWETF/outputs/AURORA_TWETF/purged_walk_forward_models/run_20260624_031817/probabilities/selected_probabilities_TAIEX_regime_fixed_60d_E1_validation_weighted_probability_ensemble.parquet,TAIEX_regime_fixed_60d
2024-05-24,60-day,WF1,1,validation,1,1,False,"latest eligible fold after sorting by date, split priority, and fold number",E1_validation_weighted_probability_ensemble,probability_ensemble,TAIEX_regime_fixed_60d,20260624_031817,0.022300022048852952,0.09048397557820041,0.3624777734092528,0.45323158584854667,0.07150664311514719,False,/content/drive/MyDrive/AURORA_TWETF/outputs/AURORA_TWETF/purged_walk_forward_models/run_20260624_031817/probabilities/selected_probabilities_TAIEX_regime_fixed_60d_E1_validation_weighted_probability_ensemble.parquet,TAIEX_regime_fixed_60d
2024-05-27,60-day,WF1,1,validation,1,1,False,"latest eligible fold after sorting by date, split priority, and fold number",E1_validation_weighted_probability_ensemble,probability_ensemble,TAIEX_regime_fixed_60d,20260624_031817,0.02002025937653798,0.0951012381165959,0.42033424423962296,0.4080627688722273,0.05648148939501584,False,/content/drive/MyDrive/AURORA_TWETF/outputs/AURORA_TWETF/purged_walk_forward_models/run_20260624_031817/probabilities/selected_probabilities_TAIEX_regime_fixed_60d_E1_validation_weighted_probability_ensemble.parquet,TAIEX_regime_fixed_60d
2024-05-28,60-day,WF1,1,validation,1,1,False,"latest eligible fold after sorting by date, split priority, and fold number",E1_validation_weighted_probability_ensemble,probability_ensemble,TAIEX_regime_fixed_60d,20260624_031817,0.020287637405345085,0.09625965976143791,0.3840189326642335,0.4369686155019088,0.06246515466707471,False,/content/drive/MyDrive/AURORA_TWETF/outputs/AURORA_TWETF/purged_walk_forward_models/run_20260624_031817/probabilities/selected_probabilities_TAIEX_regime_fixed_60d_E1_validation_weighted_probability_ensemble.parquet,TAIEX_regime_fixed_60d
2024-05-29,60-day,WF1,1,validation,1,1,False,"latest eligible fold after sorting by date, split priority, and fold number",E1_validation_weighted_probability_ensemble,probability_ensemble,TAIEX_regime_fixed_60d,20260624_031817,0.02179207216710174,0.10685040819699321,0.44265382931738634,0.3766327766412848,0.05207091367723402,False,/content/drive/MyDrive/AURORA_TWETF/outputs/AURORA_TWETF/purged_walk_forward_models/run_20260624_031817/probabilities/selected_probabilities_TAIEX_regime_fixed_60d_E1_validation_weighted_probability_ensemble.parquet,TAIEX_regime_fixed_60d
2024-05-30,60-day,WF1,1,validation,1,1,False,"latest eligible fold after sorting by date, split priority, and fold number",E1_validation_weighted_probability_ensemble,probability_ensemble,TAIEX_regime_fixed_60d,20260624_031817,0.019759305124134516,0.09189982078678924,0.3902108103174665,0.42644631892259877,0.07168374484901094,False,/content/drive/MyDrive/AURORA_TWETF/outputs/AURORA_TWETF/purged_walk_forward_models/run_20260624_031817/probabilities/selected_probabilities_TAIEX_regime_fixed_60d_E1_validation_weighted_probability_ensemble.parquet,TAIEX_regime_fixed_60d
2024-05-31,60-day,WF1,1,validation,1,1,False,"latest eligible fold after sorting by date, split priority, and fold number",E1_validation_weighted_probability_ensemble,probability_ensemble,TAIEX_regime_fixed_60d,20260624_031817,0.018207399047513284,0.07867118724268271,0.3087113237090838,0.4841881035740047,0.11022198642671556,False,/content/drive/MyDrive/AURORA_TWETF/outputs/AURORA_TWETF/purged_walk_forward_models/run_20260624_031817/probabilities/selected_probabilities_TAIEX_regime_fixed_60d_E1_validation_weighted_probability_ensemble.parquet,TAIEX_regime_fixed_60d
2024-06-03,60-day,WF1,1,validation,1,1,False,"latest eligible fold after sorting by date, split priority, and fold number",E1_validation_weighted_probability_ensemble,probability_ensemble,TAIEX_regime_fixed_60d,20260624_031817,0.0171777778938029,0.08073073298476027,0.24227041194911558,0.4996654824996438,0.1601555946726774,False,/content/drive/MyDrive/AURORA_TWETF/outputs/AURORA_TWETF/purged_walk_forward_models/run_20260624_031817/probabilities/selected_probabilities_TAIEX_regime_fixed_60d_E1_validation_weighted_probability_ensemble.parquet,TAIEX_regime_fixed_60d
2024-06-04,60-day,WF1,1,validation,1,1,False,"latest eligible fold after sorting by date, split priority, and fold number",E1_validation_weighted_probability_ensemble,probability_ensemble,TAIEX_regime_fixed_60d,20260624_031817,0.017817776338985517,0.08753446330662185,0.2936562862761184,0.48424202613091427,0.11674944794736009,False,/content/drive/MyDrive/AURORA_TWETF/outputs/AURORA_TWETF/purged_walk_forward_models/run_20260624_031817/probabilities/selected_probabilities_TAIEX_regime_fixed_60d_E1_validation_weighted_probability_ensemble.parquet,TAIEX_regime_fixed_60d
2024-06-05,60-day,WF1,1,validation,1,1,False,"latest eligible fold after sorting by date, split priority, and fold number",E1_validation_weighted_probability_ensemble,probability_ensemble,TAIEX_regime_fixed_60d,20260624_031817,0.018998841995020756,0.08667586029053884,0.25591997635892144,0.4996249883301357,0.1387803330253833,False,/content/drive/MyDrive/AURORA_TWETF/outputs/AURORA_TWETF/purged_walk_forward_models/run_20260624_031817/probabilities/selected_probabilities_TAIEX_regime_fixed_60d_E1_validation_weighted_probability_ensemble.parquet,TAIEX_regime_fixed_60d
2024-06-06,60-day,WF1,1,validation,1,1,False,"latest eligible fold after sorting by date, split priority, and fold number",E1_validation_weighted_probability_ensemble,probability_ensemble,TAIEX_regime_fixed_60d,20260624_031817,0.018428475387937533,0.08881007618194418,0.31645580729361467,0.4740065711048362,0.10229907003166745,False,/content/drive/MyDrive/AURORA_TWETF/outputs/AURORA_TWETF/purged_walk_forward_models/run_20260624_031817/probabilities/selected_probabilities_TAIEX_regime_fixed_60d_E1_validation_weighted_probability_ensemble.parquet,TAIEX_regime_fixed_60d
2024-06-07,60-day,WF1,1,validation,1,1,False,"latest eligible fold after sorting by date, split priority, and fold number",E1_validation_weighted_probability_ensemble,probability_ensemble,TAIEX_regime_fixed_60d,20260624_031817,0.018009358589362562,0.0875925701253564,0.38939366364170397,0.439468170739545,0.06553623690403203,False,/content/drive/MyDrive/AURORA_TWETF/outputs/AURORA_TWETF/purged_walk_forward_models/run_20260624_031817/probabilities/selected_probabilities_TAIEX_regime_fixed_60d_E1_validation_weighted_probability_ensemble.parquet,TAIEX_regime_fixed_60d
2024-06-11,60-day,WF1,1,validation,1,1,False,"latest eligible fold after sorting by date, split priority, and fold number",E1_validation_weighted_probability_ensemble,probability_ensemble,TAIEX_regime_fixed_60d,20260624_031817,0.017400235433192027,0.09220985352347441,0.3597493843435256,0.4463296960151131,0.08431083068469483,False,/content/drive/MyDrive/AURORA_TWETF/outputs/AURORA_TWETF/purged_walk_forward_models/run_20260624_031817/probabilities/selected_probabilities_TAIEX_regime_fixed_60d_E1_validation_weighted_probability_ensemble.parquet,TAIEX_regime_fixed_60d
2024-06-12,60-day,WF1,1,validation,1,1,False,"latest eligible fold after sorting by date, split priority, and fold number",E1_validation_weighted_probability_ensemble,probability_ensemble,TAIEX_regime_fixed_60d,20260624_031817,0.02169465852605502,0.10083335056490911,0.3985225555389231,0.41607234118998326,0.0628770941801296,False,/content/drive/MyDrive/AURORA_TWETF/outputs/AURORA_TWETF/purged_walk_forward_models/run_20260624_031817/probabilities/selected_probabilities_TAIEX_regime_fixed_60d_E1_validation_weighted_probability_ensemble.parquet,TAIEX_regime_fixed_60d
2024-06-13,60-day,WF1,1,validation,1,1,False,"latest eligible fold after sorting by date, split priority, and fold number",E1_validation_weighted_probability_ensemble,probability_ensemble,TAIEX_regime_fixed_60d,20260624_031817,0.020181767847877848,0.11590539919907415,0.47194992170333283,0.351678891356358,0.04028401989335717,False,/content/drive/MyDrive/AURORA_TWETF/outputs/AURORA_TWETF/purged_walk_forward_models/run_20260624_031817/probabilities/selected_probabilities_TAIEX_regime_fixed_60d_E1_validation_weighted_probability_ensemble.parquet,TAIEX_regime_fixed_60d
2024-06-14,60-day,WF1,1,validation,1,1,False,"latest eligible fold after sorting by date, split priority, and fold number",E1_validation_weighted_probability_ensemble,probability_ensemble,TAIEX_regime_fixed_60d,20260624_031817,0.024350728571363812,0.13482546765994102,0.5059746552526584,0.30086561597558287,0.03398353254045384,False,/content/drive/MyDrive/AURORA_TWETF/outputs/AURORA_TWETF/purged_walk_forward_models/run_20260624_031817/probabilities/selected_probabilities_TAIEX_regime_fixed_60d_E1_validation_weighted_probability_ensemble.parquet,TAIEX_regime_fixed_60d
2024-06-17,60-day,WF1,1,validation,1,1,False,"latest eligible fold after sorting by date, split priority, and fold number",E1_validation_weighted_probability_ensemble,probability_ensemble,TAIEX_regime_fixed_60d,20260624_031817,0.02566183616890189,0.13211253561079542,0.4954379714673456,0.30828032663520416,0.03850733011775297,False,/content/drive/MyDrive/AURORA_TWETF/outputs/AURORA_TWETF/purged_walk_forward_models/run_20260624_031817/probabilities/selected_probabilities_TAIEX_regime_fixed_60d_E1_validation_weighted_probability_ensemble.parquet,TAIEX_regime_fixed_60d
2024-06-18,60-day,WF1,1,validation,1,1,False,"latest eligible fold after sorting by date, split priority, and fold number",E1_validation_weighted_probability_ensemble,probability_ensemble,TAIEX_regime_fixed_60d,20260624_031817,0.026317142732241165,0.13480937467174156,0.49824249488656785,0.30473224353192047,0.03589874417752891,False,/content/drive/MyDrive/AURORA_TWETF/outputs/AURORA_TWETF/purged_walk_forward_models/run_20260624_031817/probabilities/selected_probabilities_TAIEX_regime_fixed_60d_E1_validation_weighted_probability_ensemble.parquet,TAIEX_regime_fixed_60d
2024-06-19,60-day,WF1,1,validation,1,1,False,"latest eligible fold after sorting by date, split priority, and fold number",E1_validation_weighted_probability_ensemble,probability_ensemble,TAIEX_regime_fixed_60d,20260624_031817,0.02294749777157256,0.12621988714030455,0.49135785804717397,0.3211367016158765,0.038338055425072536,False,/content/drive/MyDrive/AURORA_TWETF/outputs/AURORA_TWETF/purged_walk_forward_models/run_20260624_031817/probabilities/selected_probabilities_TAIEX_regime_fixed_60d_E1_validation_weighted_probability_ensemble.parquet,TAIEX_regime_fixed_60d
2024-06-20,60-day,WF1,1,validation,1,1,False,"latest eligible fold after sorting by date, split priority, and fold number",E1_validation_weighted_probability_ensemble,probability_ensemble,TAIEX_regime_fixed_60d,20260624_031817,0.026948869975122317,0.124413968966406,0.500776926364234,0.314729675272254,0.03313055942198377,False,/content/drive/MyDrive/AURORA_TWETF/outputs/AURORA_TWETF/purged_walk_forward_models/run_20260624_031817/probabilities/selected_probabilities_TAIEX_regime_fixed_60d_E1_validation_weighted_probability_ensemble.parquet,TAIEX_regime_fixed_60d
2024-06-21,60-day,WF1,1,validation,1,1,False,"latest eligible fold after sorting by date, split priority, and fold number",E1_validation_weighted_probability_ensemble,probability_ensemble,TAIEX_regime_fixed_60d,20260624_031817,0.027040509945728337,0.11254558950902385,0.48166669143645335,0.342248095059813,0.03649911404898138,False,/content/drive/MyDrive/AURORA_TWETF/outputs/AURORA_TWETF/purged_walk_forward_models/run_20260624_031817/probabilities/selected_probabilities_TAIEX_regime_fixed_60d_E1_validation_weighted_probability_ensemble.parquet,TAIEX_regime_fixed_60d
2024-06-24,60-day,WF1,1,validation,1,1,False,"latest eligible fold after sorting by date, split priority, and fold number",E1_validation_weighted_probability_ensemble,probability_ensemble,TAIEX_regime_fixed_60d,20260624_031817,0.021852143687695773,0.11275413183020777,0.4786961728466091,0.33951554339012086,0.04718200824536652,False,/content/drive/MyDrive/AURORA_TWETF/outputs/AURORA_TWETF/purged_walk_forward_models/run_20260624_031817/probabilities/selected_probabilities_TAIEX_regime_fixed_60d_E1_validation_weighted_probability_ensemble.parquet,TAIEX_regime_fixed_60d
2024-06-25,60-day,WF1,1,validation,1,1,False,"latest eligible fold after sorting by date, split priority, and fold number",E1_validation_weighted_probability_ensemble,probability_ensemble,TAIEX_regime_fixed_60d,20260624_031817,0.020780007358243386,0.11328888910218678,0.4649766063024118,0.35489672145184187,0.04605777578531627,False,/content/drive/MyDrive/AURORA_TWETF/outputs/AURORA_TWETF/purged_walk_forward_models/run_20260624_031817/probabilities/selected_probabilities_TAIEX_regime_fixed_60d_E1_validation_weighted_probability_ensemble.parquet,TAIEX_regime_fixed_60d
2024-06-26,60-day,WF1,1,validation,1,1,False,"latest eligible fold after sorting by date, split priority, and fold number",E1_validation_weighted_probability_ensemble,probability_ensemble,TAIEX_regime_fixed_60d,20260624_031817,0.02253308606031104,0.12532972575886406,0.4858612548449504,0.33104628726301016,0.03522964607286442,False,/content/drive/MyDrive/AURORA_TWETF/outputs/AURORA_TWETF/purged_walk_forward_models/run_20260624_031817/probabilities/selected_probabilities_TAIEX_regime_fixed_60d_E1_validation_weighted_probability_ensemble.parquet,TAIEX_regime_fixed_60d
2024-06-27,60-day,WF1,1,validation,1,1,False,"latest eligible fold after sorting by date, split priority, and fold number",E1_validation_weighted_probability_ensemble,probability_ensemble,TAIEX_regime_fixed_60d,20260624_031817,0.023336973628545504,0.13730824091289917,0.49665064919311436,0.30904080767156245,0.03366332859387856,False,/content/drive/MyDrive/AURORA_TWETF/outputs/AURORA_TWETF/purged_walk_forward_models/run_20260624_031817/probabilities/selected_probabilities_TAIEX_regime_fixed_60d_E1_validation_weighted_probability_ensemble.parquet,TAIEX_regime_fixed_60d
2024-06-28,60-day,WF1,1,validation,1,1,False,"latest eligible fold after sorting by date, split priority, and fold number",E1_validation_weighted_probability_ensemble,probability_ensemble,TAIEX_regime_fixed_60d,20260624_031817,0.023274116068531706,0.13166309309509114,0.4845199303334416,0.3190788098721894,0.04146405063074615,False,/content/drive/MyDrive/AURORA_TWETF/outputs/AURORA_TWETF/purged_walk_forward_models/run_20260624_031817/probabilities/selected_probabilities_TAIEX_regime_fixed_60d_E1_validation_weighted_probability_ensemble.parquet,TAIEX_regime_fixed_60d
2024-07-01,60-day,WF1,1,validation,1,1,False,"latest eligible fold after sorting by date, split priority, and fold number",E1_validation_weighted_probability_ensemble,probability_ensemble,TAIEX_regime_fixed_60d,20260624_031817,0.02235263370016667,0.12888497497907203,0.48414988621198124,0.3165186367697742,0.048093868339005884,False,/content/drive/MyDrive/AURORA_TWETF/outputs/AURORA_TWETF/purged_walk_forward_models/run_20260624_031817/probabilities/selected_probabilities_TAIEX_regime_fixed_60d_E1_validation_weighted_probability_ensemble.parquet,TAIEX_regime_fixed_60d
2024-07-02,60-day,WF1,1,validation,1,1,False,"latest eligible fold after sorting by date, split priority, and fold number",E1_validation_weighted_probability_ensemble,probability_ensemble,TAIEX_regime_fixed_60d,20260624_031817,0.0222961114346362,0.15659011569997694,0.519326998164833,0.27396292363219116,0.027823851068362822,False,/content/drive/MyDrive/AURORA_TWETF/outputs/AURORA_TWETF/purged_walk_forward_models/run_20260624_031817/probabilities/selected_probabilities_TAIEX_regime_fixed_60d_E1_validation_weighted_probability_ensemble.parquet,TAIEX_regime_fixed_60d
2024-07-03,60-day,WF1,1,validation,1,1,False,"latest eligible fold after sorting by date, split priority, and fold number",E1_validation_weighted_probability_ensemble,probability_ensemble,TAIEX_regime_fixed_60d,20260624_031817,0.02176444126598217,0.1626865169991738,0.5251321046183096,0.2671550554847362,0.02326188163179823,False,/content/drive/MyDrive/AURORA_TWETF/outputs/AURORA_TWETF/purged_walk_forward_models/run_20260624_031817/probabilities/selected_probabilities_TAIEX_regime_fixed_60d_E1_validation_weighted_probability_ensemble.parquet,TAIEX_regime_fixed_60d
2024-07-04,60-day,WF1,1,validation,1,1,False,"latest eligible fold after sorting by date, split priority, and fold number",E1_validation_weighted_probability_ensemble,probability_ensemble,TAIEX_regime_fixed_60d,20260624_031817,0.02261072391548453,0.17642075651399194,0.5230999870587257,0.25487506139135674,0.022993471120441006,False,/content/drive/MyDrive/AURORA_TWETF/outputs/AURORA_TWETF/purged_walk_forward_models/run_20260624_031817/probabilities/selected_probabilities_TAIEX_regime_fixed_60d_E1_validation_weighted_probability_ensemble.parquet,TAIEX_regime_fixed_60d
2024-07-05,60-day,WF1,1,validation,1,1,False,"latest eligible fold after sorting by date, split priority, and fold number",E1_validation_weighted_probability_ensemble,probability_ensemble,TAIEX_regime_fixed_60d,20260624_031817,0.022132907956987784,0.17769455755628044,0.5253920398241836,0.2508658325818326,0.023914662080715694,False,/content/drive/MyDrive/AURORA_TWETF/outputs/AURORA_TWETF/purged_walk_forward_models/run_20260624_031817/probabilities/selected_probabilities_TAIEX_regime_fixed_60d_E1_validation_weighted_probability_ensemble.parquet,TAIEX_regime_fixed_60d
2024-07-08,60-day,WF1,1,validation,1,1,False,"latest eligible fold after sorting by date, split priority, and fold number",E1_validation_weighted_probability_ensemble,probability_ensemble,TAIEX_regime_fixed_60d,20260624_031817,0.02550745397766794,0.1726031827877404,0.5200997990776141,0.2539567205912223,0.027832843565755334,False,/content/drive/MyDrive/AURORA_TWETF/outputs/AURORA_TWETF/purged_walk_forward_models/run_20260624_031817/probabilities/selected_probabilities_TAIEX_regime_fixed_60d_E1_validation_weighted_probability_ensemble.parquet,TAIEX_regime_fixed_60d
2024-07-09,60-day,WF1,1,validation,1,1,False,"latest eligible fold after sorting by date, split priority, and fold number",E1_validation_weighted_probability_ensemble,probability_ensemble,TAIEX_regime_fixed_60d,20260624_031817,0.025632748501319837,0.15943504925135513,0.5282326173203096,0.26654810643458343,0.020151478492431995,False,/content/drive/MyDrive/AURORA_TWETF/outputs/AURORA_TWETF/purged_walk_forward_models/run_20260624_031817/probabilities/selected_probabilities_TAIEX_regime_fixed_60d_E1_validation_weighted_probability_ensemble.parquet,TAIEX_regime_fixed_60d
2024-07-10,60-day,WF1,1,validation,1,1,False,"latest eligible fold after sorting by date, split priority, and fold number",E1_validation_weighted_probability_ensemble,probability_ensemble,TAIEX_regime_fixed_60d,20260624_031817,0.02584283185785835,0.15248530772123678,0.5247437783474338,0.27635420849792197,0.020573873575549153,False,/content/drive/MyDrive/AURORA_TWETF/outputs/AURORA_TWETF/purged_walk_forward_models/run_20260624_031817/probabilities/selected_probabilities_TAIEX_regime_fixed_60d_E1_validation_weighted_probability_ensemble.parquet,TAIEX_regime_fixed_60d
2024-07-11,60-day,WF1,1,validation,1,1,False,"latest eligible fold after sorting by date, split priority, and fold number",E1_validation_weighted_probability_ensemble,probability_ensemble,TAIEX_regime_fixed_60d,20260624_031817,0.027537374022312894,0.15451022612077844,0.5214514879790315,0.2734261738909669,0.02307473798691025,False,/content/drive/MyDrive/AURORA_TWETF/outputs/AURORA_TWETF/purged_walk_forward_models/run_20260624_031817/probabilities/selected_probabilities_TAIEX_regime_fixed_60d_E1_validation_weighted_probability_ensemble.parquet,TAIEX_regime_fixed_60d
2024-07-12,60-day,WF1,1,validation,1,1,False,"latest eligible fold after sorting by date, split priority, and fold number",E1_validation_weighted_probability_ensemble,probability_ensemble,TAIEX_regime_fixed_60d,20260624_031817,0.0205595066261663,0.16531993413902799,0.5266119897186642,0.25885193432907394,0.02865663518706768,False,/content/drive/MyDrive/AURORA_TWETF/outputs/AURORA_TWETF/purged_walk_forward_models/run_20260624_031817/probabilities/selected_probabilities_TAIEX_regime_fixed_60d_E1_validation_weighted_probability_ensemble.parquet,TAIEX_regime_fixed_60d
2024-07-15,60-day,WF1,1,validation,1,1,False,"latest eligible fold after sorting by date, split priority, and fold number",E1_validation_weighted_probability_ensemble,probability_ensemble,TAIEX_regime_fixed_60d,20260624_031817,0.018934409597614547,0.14099011250165747,0.4974935593852273,0.30761166563543424,0.03497025288006645,False,/content/drive/MyDrive/AURORA_TWETF/outputs/AURORA_TWETF/purged_walk_forward_models/run_20260624_031817/probabilities/selected_probabilities_TAIEX_regime_fixed_60d_E1_validation_weighted_probability_ensemble.parquet,TAIEX_regime_fixed_60d
2024-07-16,60-day,WF1,1,validation,1,1,False,"latest eligible fold after sorting by date, split priority, and fold number",E1_validation_weighted_probability_ensemble,probability_ensemble,TAIEX_regime_fixed_60d,20260624_031817,0.02211307465349724,0.14820087402086043,0.4991259612661874,0.2941423159748352,0.03641777408461979,False,/content/drive/MyDrive/AURORA_TWETF/outputs/AURORA_TWETF/purged_walk_forward_models/run_20260624_031817/probabilities/selected_probabilities_TAIEX_regime_fixed_60d_E1_validation_weighted_probability_ensemble.parquet,TAIEX_regime_fixed_60d
2024-07-17,60-day,WF1,1,validation,1,1,False,"latest eligible fold after sorting by date, split priority, and fold number",E1_validation_weighted_probability_ensemble,probability_ensemble,TAIEX_regime_fixed_60d,20260624_031817,0.017568282974766834,0.1402247433658432,0.49528144651776995,0.30979862156568255,0.037126905575937515,False,/content/drive/MyDrive/AURORA_TWETF/outputs/AURORA_TWETF/purged_walk_forward_models/run_20260624_031817/probabilities/selected_probabilities_TAIEX_regime_fixed_60d_E1_validation_weighted_probability_ensemble.parquet,TAIEX_regime_fixed_60d
2024-07-18,60-day,WF1,1,validation,1,1,False,"latest eligible fold after sorting by date, split priority, and fold number",E1_validation_weighted_probability_ensemble,probability_ensemble,TAIEX_regime_fixed_60d,20260624_031817,0.017057730102886894,0.10481105683048465,0.40268240561786833,0.397232913968823,0.078215893479937,False,/content/drive/MyDrive/AURORA_TWETF/outputs/AURORA_TWETF/purged_walk_forward_models/run_20260624_031817/probabilities/selected_probabilities_TAIEX_regime_fixed_60d_E1_validation_weighted_probability_ensemble.parquet,TAIEX_regime_fixed_60d
2024-07-19,60-day,WF1,1,validation,1,1,False,"latest eligible fold after sorting by date, split priority, and fold number",E1_validation_weighted_probability_ensemble,probability_ensemble,TAIEX_regime_fixed_60d,20260624_031817,0.0198182664747201,0.08700778728371307,0.27836514967489967,0.47081552716232505,0.14399326940434212,False,/content/drive/MyDrive/AURORA_TWETF/outputs/AURORA_TWETF/purged_walk_forward_models/run_20260624_031817/probabilities/selected_probabilities_TAIEX_regime_fixed_60d_E1_validation_weighted_probability_ensemble.parquet,TAIEX_regime_fixed_60d
2024-07-22,60-day,WF1,1,validation,1,1,False,"latest eligible fold after sorting by date, split priority, and fold number",E1_validation_weighted_probability_ensemble,probability_ensemble,TAIEX_regime_fixed_60d,20260624_031817,0.019090739733443173,0.07993563032199383,0.2809123791064219,0.4724914818973429,0.1475697689407982,False,/content/drive/MyDrive/AURORA_TWETF/outputs/AURORA_TWETF/purged_walk_forward_models/run_20260624_031817/probabilities/selected_probabilities_TAIEX_regime_fixed_60d_E1_validation_weighted_probability_ensemble.parquet,TAIEX_regime_fixed_60d
2024-07-23,60-day,WF1,1,validation,1,1,False,"latest eligible fold after sorting by date, split priority, and fold number",E1_validation_weighted_probability_ensemble,probability_ensemble,TAIEX_regime_fixed_60d,20260624_031817,0.017591013361125226,0.10074676968646788,0.36511065367639245,0.39901246081675934,0.11753910245925518,False,/content/drive/MyDrive/AURORA_TWETF/outputs/AURORA_TWETF/purged_walk_forward_models/run_20260624_031817/probabilities/selected_probabilities_TAIEX_regime_fixed_60d_E1_validation_weighted_probability_ensemble.parquet,TAIEX_regime_fixed_60d
2024-07-26,60-day,WF1,1,validation,1,1,False,"latest eligible fold after sorting by date, split priority, and fold number",E1_validation_weighted_probability_ensemble,probability_ensemble,TAIEX_regime_fixed_60d,20260624_031817,0.020354495725215416,0.09276888044726472,0.33599421361621284,0.43454556668633276,0.11633684352497428,False,/content/drive/MyDrive/AURORA_TWETF/outputs/AURORA_TWETF/purged_walk_forward_models/run_20260624_031817/probabilities/selected_probabilities_TAIEX_regime_fixed_60d_E1_validation_weighted_probability_ensemble.parquet,TAIEX_regime_fixed_60d
2024-07-29,60-day,WF1,1,validation,1,1,False,"latest eligible fold after sorting by date, split priority, and fold number",E1_validation_weighted_probability_ensemble,probability_ensemble,TAIEX_regime_fixed_60d,20260624_031817,0.017609677595461302,0.06253419799194171,0.2032580888574706,0.4409378884008273,0.2756601471542991,False,/content/drive/MyDrive/AURORA_TWETF/outputs/AURORA_TWETF/purged_walk_forward_models/run_20260624_031817/probabilities/selected_probabilities_TAIEX_regime_fixed_60d_E1_validation_weighted_probability_ensemble.parquet,TAIEX_regime_fixed_60d
2024-07-30,60-day,WF1,1,validation,1,1,False,"latest eligible fold after sorting by date, split priority, and fold number",E1_validation_weighted_probability_ensemble,probability_ensemble,TAIEX_regime_fixed_60d,20260624_031817,0.01922565706582224,0.07124702078644451,0.2262429225606411,0.4638351878390846,0.21944921174800752,False,/content/drive/MyDrive/AURORA_TWETF/outputs/AURORA_TWETF/purged_walk_forward_models/run_20260624_031817/probabilities/selected_probabilities_TAIEX_regime_fixed_60d_E1_validation_weighted_probability_ensemble.parquet,TAIEX_regime_fixed_60d
2024-07-31,60-day,WF1,1,validation,1,1,False,"latest eligible fold after sorting by date, split priority, and fold number",E1_validation_weighted_probability_ensemble,probability_ensemble,TAIEX_regime_fixed_60d,20260624_031817,0.017986413483040645,0.06783603121280869,0.2528221402819149,0.46807938127789245,0.1932760337443432,False,/content/drive/MyDrive/AURORA_TWETF/outputs/AURORA_TWETF/purged_walk_forward_models/run_20260624_031817/probabilities/selected_probabilities_TAIEX_regime_fixed_60d_E1_validation_weighted_probability_ensemble.parquet,TAIEX_regime_fixed_60d
2024-08-01,60-day,WF1,1,validation,1,1,False,"latest eligible fold after sorting by date, split priority, and fold number",E1_validation_weighted_probability_ensemble,probability_ensemble,TAIEX_regime_fixed_60d,20260624_031817,0.021634302549696848,0.06998704242083614,0.25431145642829844,0.46434840504448255,0.189718793556686,False,/content/drive/MyDrive/AURORA_TWETF/outputs/AURORA_TWETF/purged_walk_forward_models/run_20260624_031817/probabilities/selected_probabilities_TAIEX_regime_fixed_60d_E1_validation_weighted_probability_ensemble.parquet,TAIEX_regime_fixed_60d
2024-08-02,60-day,WF1,1,validation,1,1,False,"latest eligible fold after sorting by date, split priority, and fold number",E1_validation_weighted_probability_ensemble,probability_ensemble,TAIEX_regime_fixed_60d,20260624_031817,0.020056618319550384,0.06202473250643145,0.2447753544199821,0.4727014056388891,0.20044188911514693,False,/content/drive/MyDrive/AURORA_TWETF/outputs/AURORA_TWETF/purged_walk_forward_models/run_20260624_031817/probabilities/selected_probabilities_TAIEX_regime_fixed_60d_E1_validation_weighted_probability_ensemble.parquet,TAIEX_regime_fixed_60d
2024-08-05,60-day,WF1,1,validation,1,1,False,"latest eligible fold after sorting by date, split priority, and fold number",E1_validation_weighted_probability_ensemble,probability_ensemble,TAIEX_regime_fixed_60d,20260624_031817,0.021857908369723136,0.06585325490226043,0.2102256704499354,0.453817716314222,0.24824544996385906,False,/content/drive/MyDrive/AURORA_TWETF/outputs/AURORA_TWETF/purged_walk_forward_models/run_20260624_031817/probabilities/selected_probabilities_TAIEX_regime_fixed_60d_E1_validation_weighted_probability_ensemble.parquet,TAIEX_regime_fixed_60d
2024-08-06,60-day,WF1,1,validation,1,1,False,"latest eligible fold after sorting by date, split priority, and fold number",E1_validation_weighted_probability_ensemble,probability_ensemble,TAIEX_regime_fixed_60d,20260624_031817,0.023089475680612558,0.08780981870047183,0.3322775071793974,0.36843402641454326,0.18838917202497496,False,/content/drive/MyDrive/AURORA_TWETF/outputs/AURORA_TWETF/purged_walk_forward_models/run_20260624_031817/probabilities/selected_probabilities_TAIEX_regime_fixed_60d_E1_validation_weighted_probability_ensemble.parquet,TAIEX_regime_fixed_60d
2024-08-07,60-day,WF1,1,validation,1,1,False,"latest eligible fold after sorting by date, split priority, and fold number",E1_validation_weighted_probability_ensemble,probability_ensemble,TAIEX_regime_fixed_60d,20260624_031817,0.024638802951288154,0.10571831489093178,0.3232815379050171,0.4089700164751505,0.13739132777761248,False,/content/drive/MyDrive/AURORA_TWETF/outputs/AURORA_TWETF/purged_walk_forward_models/run_20260624_031817/probabilities/selected_probabilities_TAIEX_regime_fixed_60d_E1_validation_weighted_probability_ensemble.parquet,TAIEX_regime_fixed_60d
2024-08-08,60-day,WF1,1,validation,1,1,False,"latest eligible fold after sorting by date, split priority, and fold number",E1_validation_weighted_probability_ensemble,probability_ensemble,TAIEX_regime_fixed_60d,20260624_031817,0.0275466465360864,0.11969415057607671,0.4081561169352036,0.31279351590818416,0.13180957004444915,False,/content/drive/MyDrive/AURORA_TWETF/outputs/AURORA_TWETF/purged_walk_forward_models/run_20260624_031817/probabilities/selected_probabilities_TAIEX_regime_fixed_60d_E1_validation_weighted_probability_ensemble.parquet,TAIEX_regime_fixed_60d
2024-08-09,60-day,WF1,1,validation,1,1,False,"latest eligible fold after sorting by date, split priority, and fold number",E1_validation_weighted_probability_ensemble,probability_ensemble,TAIEX_regime_fixed_60d,20260624_031817,0.031359319728464036,0.10958803672500737,0.3561406404567955,0.3619079601613822,0.14100404292835092,False,/content/drive/MyDrive/AURORA_TWETF/outputs/AURORA_TWETF/purged_walk_forward_models/run_20260624_031817/probabilities/selected_probabilities_TAIEX_regime_fixed_60d_E1_validation_weighted_probability_ensemble.parquet,TAIEX_regime_fixed_60d
2024-08-12,60-day,WF1,1,validation,1,1,False,"latest eligible fold after sorting by date, split priority, and fold number",E1_validation_weighted_probability_ensemble,probability_ensemble,TAIEX_regime_fixed_60d,20260624_031817,0.03574324135978286,0.12173433107644031,0.40435915779682463,0.3329662346851454,0.1051970350818068,False,/content/drive/MyDrive/AURORA_TWETF/outputs/AURORA_TWETF/purged_walk_forward_models/run_20260624_031817/probabilities/selected_probabilities_TAIEX_regime_fixed_60d_E1_validation_weighted_probability_ensemble.parquet,TAIEX_regime_fixed_60d
2024-08-13,60-day,WF1,1,validation,1,1,False,"latest eligible fold after sorting by date, split priority, and fold number",E1_validation_weighted_probability_ensemble,probability_ensemble,TAIEX_regime_fixed_60d,20260624_031817,0.03969574611499849,0.10405230601747018,0.40490200647312036,0.36487890343282686,0.08647103796158409,False,/content/drive/MyDrive/AURORA_TWETF/outputs/AURORA_TWETF/purged_walk_forward_models/run_20260624_031817/probabilities/selected_probabilities_TAIEX_regime_fixed_60d_E1_validation_weighted_probability_ensemble.parquet,TAIEX_regime_fixed_60d
2024-08-14,60-day,WF1,1,validation,1,1,False,"latest eligible fold after sorting by date, split priority, and fold number",E1_validation_weighted_probability_ensemble,probability_ensemble,TAIEX_regime_fixed_60d,20260624_031817,0.04413684950121947,0.10565452460358765,0.3977779846336988,0.37325061602124676,0.07918002524024736,False,/content/drive/MyDrive/AURORA_TWETF/outputs/AURORA_TWETF/purged_walk_forward_models/run_20260624_031817/probabilities/selected_probabilities_TAIEX_regime_fixed_60d_E1_validation_weighted_probability_ensemble.parquet,TAIEX_regime_fixed_60d
2024-08-15,60-day,WF1,1,validation,1,1,False,"latest eligible fold after sorting by date, split priority, and fold number",E1_validation_weighted_probability_ensemble,probability_ensemble,TAIEX_regime_fixed_60d,20260624_031817,0.04128779957221028,0.11228482587266182,0.4424688016682284,0.3425819108146013,0.06137666207229826,False,/content/drive/MyDrive/AURORA_TWETF/outputs/AURORA_TWETF/purged_walk_forward_models/run_20260624_031817/probabilities/selected_probabilities_TAIEX_regime_fixed_60d_E1_validation_weighted_probability_ensemble.parquet,TAIEX_regime_fixed_60d
2024-08-16,60-day,WF1,1,validation,1,1,False,"latest eligible fold after sorting by date, split priority, and fold number",E1_validation_weighted_probability_ensemble,probability_ensemble,TAIEX_regime_fixed_60d,20260624_031817,0.04048445386801185,0.10339407777341011,0.42970833036069145,0.3668309784591543,0.05958215953873234,False,/content/drive/MyDrive/AURORA_TWETF/outputs/AURORA_TWETF/purged_walk_forward_models/run_20260624_031817/probabilities/selected_probabilities_TAIEX_regime_fixed_60d_E1_validation_weighted_probability_ensemble.parquet,TAIEX_regime_fixed_60d
2024-08-19,60-day,WF1,1,validation,1,1,False,"latest eligible fold after sorting by date, split priority, and fold number",E1_validation_weighted_probability_ensemble,probability_ensemble,TAIEX_regime_fixed_60d,20260624_031817,0.050872911966790044,0.1040512476875952,0.44678648230886725,0.3503602351467901,0.047929122889957355,False,/content/drive/MyDrive/AURORA_TWETF/outputs/AURORA_TWETF/purged_walk_forward_models/run_20260624_031817/probabilities/selected_probabilities_TAIEX_regime_fixed_60d_E1_validation_weighted_probability_ensemble.parquet,TAIEX_regime_fixed_60d
2024-08-20,60-day,WF1,1,validation,1,1,False,"latest eligible fold after sorting by date, split priority, and fold number",E1_validation_weighted_probability_ensemble,probability_ensemble,TAIEX_regime_fixed_60d,20260624_031817,0.06466072234979524,0.10581788990298076,0.45063267786554045,0.32771043588440485,0.051178273997278645,False,/content/drive/MyDrive/AURORA_TWETF/outputs/AURORA_TWETF/purged_walk_forward_models/run_20260624_031817/probabilities/selected_probabilities_TAIEX_regime_fixed_60d_E1_validation_weighted_probability_ensemble.parquet,TAIEX_regime_fixed_60d
2024-08-21,60-day,WF1,1,validation,1,1,False,"latest eligible fold after sorting by date, split priority, and fold number",E1_validation_weighted_probability_ensemble,probability_ensemble,TAIEX_regime_fixed_60d,20260624_031817,0.0706870015665062,0.10941369521083762,0.45455910847835845,0.3163682151577347,0.04897197958656306,False,/content/drive/MyDrive/AURORA_TWETF/outputs/AURORA_TWETF/purged_walk_forward_models/run_20260624_031817/probabilities/selected_probabilities_TAIEX_regime_fixed_60d_E1_validation_weighted_probability_ensemble.parquet,TAIEX_regime_fixed_60d
2024-08-22,60-day,WF1,1,validation,1,1,False,"latest eligible fold after sorting by date, split priority, and fold number",E1_validation_weighted_probability_ensemble,probability_ensemble,TAIEX_regime_fixed_60d,20260624_031817,0.06325539111363142,0.12876318009121865,0.46592921418383365,0.29177165220189527,0.05028056240942106,False,/content/drive/MyDrive/AURORA_TWETF/outputs/AURORA_TWETF/purged_walk_forward_models/run_20260624_031817/probabilities/selected_probabilities_TAIEX_regime_fixed_60d_E1_validation_weighted_probability_ensemble.parquet,TAIEX_regime_fixed_60d
2024-08-23,60-day,WF2,2,validation,1,2,True,"latest eligible fold after sorting by date, split priority, and fold number",E1_validation_weighted_probability_ensemble,probability_ensemble,TAIEX_regime_fixed_60d,20260624_031817,0.06178656222855195,0.30856461799094304,0.28778066714866796,0.20246144918093725,0.13940670345089984,False,/content/drive/MyDrive/AURORA_TWETF/outputs/AURORA_TWETF/purged_walk_forward_models/run_20260624_031817/probabilities/selected_probabilities_TAIEX_regime_fixed_60d_E1_validation_weighted_probability_ensemble.parquet,TAIEX_regime_fixed_60d
2024-08-26,60-day,WF2,2,validation,1,2,True,"latest eligible fold after sorting by date, split priority, and fold number",E1_validation_weighted_probability_ensemble,probability_ensemble,TAIEX_regime_fixed_60d,20260624_031817,0.065988751227194,0.09183443305903038,0.28937614069340944,0.41983519085864834,0.13296548416171788,False,/content/drive/MyDrive/AURORA_TWETF/outputs/AURORA_TWETF/purged_walk_forward_models/run_20260624_031817/probabilities/selected_probabilities_TAIEX_regime_fixed_60d_E1_validation_weighted_probability_ensemble.parquet,TAIEX_regime_fixed_60d
2024-08-27,60-day,WF2,2,validation,1,2,True,"latest eligible fold after sorting by date, split priority, and fold number",E1_validation_weighted_probability_ensemble,probability_ensemble,TAIEX_regime_fixed_60d,20260624_031817,0.06081580037013891,0.3157646481265793,0.30094952408833786,0.18437100244477456,0.13809902497016932,False,/content/drive/MyDrive/AURORA_TWETF/outputs/AURORA_TWETF/purged_walk_forward_models/run_20260624_031817/probabilities/selected_probabilities_TAIEX_regime_fixed_60d_E1_validation_weighted_probability_ensemble.parquet,TAIEX_regime_fixed_60d
2024-08-28,60-day,WF2,2,validation,1,1,False,"latest eligible fold after sorting by date, split priority, and fold number",E1_validation_weighted_probability_ensemble,probability_ensemble,TAIEX_regime_fixed_60d,20260624_031817,0.06492918159852631,0.09377632879161416,0.293092374707224,0.19197819269921565,0.35622392220342,False,/content/drive/MyDrive/AURORA_TWETF/outputs/AURORA_TWETF/purged_walk_forward_models/run_20260624_031817/probabilities/selected_probabilities_TAIEX_regime_fixed_60d_E1_validation_weighted_probability_ensemble.parquet,TAIEX_regime_fixed_60d
2024-08-29,60-day,WF2,2,validation,1,1,False,"latest eligible fold after sorting by date, split priority, and fold number",E1_validation_weighted_probability_ensemble,probability_ensemble,TAIEX_regime_fixed_60d,20260624_031817,0.057720590008850436,0.09330053944844563,0.29213535465139345,0.41970960205909424,0.13713391383221632,False,/content/drive/MyDrive/AURORA_TWETF/outputs/AURORA_TWETF/purged_walk_forward_models/run_20260624_031817/probabilities/selected_probabilities_TAIEX_regime_fixed_60d_E1_validation_weighted_probability_ensemble.parquet,TAIEX_regime_fixed_60d
2024-08-30,60-day,WF2,2,validation,1,1,False,"latest eligible fold after sorting by date, split priority, and fold number",E1_validation_weighted_probability_ensemble,probability_ensemble,TAIEX_regime_fixed_60d,20260624_031817,0.06372703443257492,0.09231526270304574,0.30018577118494366,0.40746987456098294,0.13630205711845284,False,/content/drive/MyDrive/AURORA_TWETF/outputs/AURORA_TWETF/purged_walk_forward_models/run_20260624_031817/probabilities/selected_probabilities_TAIEX_regime_fixed_60d_E1_validation_weighted_probability_ensemble.parquet,TAIEX_regime_fixed_60d
2024-09-02,60-day,WF2,2,validation,1,1,False,"latest eligible fold after sorting by date, split priority, and fold number",E1_validation_weighted_probability_ensemble,probability_ensemble,TAIEX_regime_fixed_60d,20260624_031817,0.06175439931421118,0.0959428395117444,0.28543240039231244,0.4207606122908666,0.13610974849086543,False,/content/drive/MyDrive/AURORA_TWETF/outputs/AURORA_TWETF/purged_walk_forward_models/run_20260624_031817/probabilities/selected_probabilities_TAIEX_regime_fixed_60d_E1_validation_weighted_probability_ensemble.parquet,TAIEX_regime_fixed_60d
2024-09-03,60-day,WF2,2,validation,1,1,False,"latest eligible fold after sorting by date, split priority, and fold number",E1_validation_weighted_probability_ensemble,probability_ensemble,TAIEX_regime_fixed_60d,20260624_031817,0.054692244145060596,0.0993649832148603,0.2541010193384456,0.45390983753970127,0.13793191576193226,False,/content/drive/MyDrive/AURORA_TWETF/outputs/AURORA_TWETF/purged_walk_forward_models/run_20260624_031817/probabilities/selected_probabilities_TAIEX_regime_fixed_60d_E1_validation_weighted_probability_ensemble.parquet,TAIEX_regime_fixed_60d
2024-09-04,60-day,WF2,2,validation,1,1,False,"latest eligible fold after sorting by date, split priority, and fold number",E1_validation_weighted_probability_ensemble,probability_ensemble,TAIEX_regime_fixed_60d,20260624_031817,0.06700054768329969,0.1054308029660455,0.23717147732898508,0.4526552057258699,0.13774196629579985,False,/content/drive/MyDrive/AURORA_TWETF/outputs/AURORA_TWETF/purged_walk_forward_models/run_20260624_031817/probabilities/selected_probabilities_TAIEX_regime_fixed_60d_E1_validation_weighted_probability_ensemble.parquet,TAIEX_regime_fixed_60d
2024-09-05,60-day,WF2,2,validation,1,1,False,"latest eligible fold after sorting by date, split priority, and fold number",E1_validation_weighted_probability_ensemble,probability_ensemble,TAIEX_regime_fixed_60d,20260624_031817,0.062206469708624104,0.319071228392152,0.2044184986149567,0.25659762420541576,0.15770617907885154,False,/content/drive/MyDrive/AURORA_TWETF/outputs/AURORA_TWETF/purged_walk_forward_models/run_20260624_031817/probabilities/selected_probabilities_TAIEX_regime_fixed_60d_E1_validation_weighted_probability_ensemble.parquet,TAIEX_regime_fixed_60d
2024-09-06,60-day,WF2,2,validation,1,1,False,"latest eligible fold after sorting by date, split priority, and fold number",E1_validation_weighted_probability_ensemble,probability_ensemble,TAIEX_regime_fixed_60d,20260624_031817,0.2733693974629487,0.1122440126188732,0.181464362711437,0.2754865779982249,0.15743564920851624,False,/content/drive/MyDrive/AURORA_TWETF/outputs/AURORA_TWETF/purged_walk_forward_models/run_20260624_031817/probabilities/selected_probabilities_TAIEX_regime_fixed_60d_E1_validation_weighted_probability_ensemble.parquet,TAIEX_regime_fixed_60d
2024-09-09,60-day,WF2,2,validation,1,1,False,"latest eligible fold after sorting by date, split priority, and fold number",E1_validation_weighted_probability_ensemble,probability_ensemble,TAIEX_regime_fixed_60d,20260624_031817,0.05330344834571642,0.12065639156853403,0.22102047509458053,0.20802278332033974,0.39699690167082935,False,/content/drive/MyDrive/AURORA_TWETF/outputs/AURORA_TWETF/purged_walk_forward_models/run_20260624_031817/probabilities/selected_probabilities_TAIEX_regime_fixed_60d_E1_validation_weighted_probability_ensemble.parquet,TAIEX_regime_fixed_60d
2024-09-10,60-day,WF2,2,validation,1,1,False,"latest eligible fold after sorting by date, split priority, and fold number",E1_validation_weighted_probability_ensemble,probability_ensemble,TAIEX_regime_fixed_60d,20260624_031817,0.062418763770563324,0.11623304816062588,0.1791951147118126,0.4459362735269522,0.19621679983004603,False,/content/drive/MyDrive/AURORA_TWETF/outputs/AURORA_TWETF/purged_walk_forward_models/run_20260624_031817/probabilities/selected_probabilities_TAIEX_regime_fixed_60d_E1_validation_weighted_probability_ensemble.parquet,TAIEX_regime_fixed_60d
2024-09-11,60-day,WF2,2,validation,1,1,False,"latest eligible fold after sorting by date, split priority, and fold number",E1_validation_weighted_probability_ensemble,probability_ensemble,TAIEX_regime_fixed_60d,20260624_031817,0.05719910748841329,0.12066270755909386,0.1841877614560289,0.4544309673845238,0.1835194561119402,False,/content/drive/MyDrive/AURORA_TWETF/outputs/AURORA_TWETF/purged_walk_forward_models/run_20260624_031817/probabilities/selected_probabilities_TAIEX_regime_fixed_60d_E1_validation_weighted_probability_ensemble.parquet,TAIEX_regime_fixed_60d
2024-09-12,60-day,WF2,2,validation,1,1,False,"latest eligible fold after sorting by date, split priority, and fold number",E1_validation_weighted_probability_ensemble,probability_ensemble,TAIEX_regime_fixed_60d,20260624_031817,0.057271315478399726,0.1277509730966134,0.22069793632400364,0.1694985023571756,0.42478127274380767,False,/content/drive/MyDrive/AURORA_TWETF/outputs/AURORA_TWETF/purged_walk_forward_models/run_20260624_031817/probabilities/selected_probabilities_TAIEX_regime_fixed_60d_E1_validation_weighted_probability_ensemble.parquet,TAIEX_regime_fixed_60d
2024-09-13,60-day,WF2,2,validation,1,1,False,"latest eligible fold after sorting by date, split priority, and fold number",E1_validation_weighted_probability_ensemble,probability_ensemble,TAIEX_regime_fixed_60d,20260624_031817,0.06345738546669674,0.33685348481791727,0.22919214361884177,0.21984294339738203,0.15065404269916233,False,/content/drive/MyDrive/AURORA_TWETF/outputs/AURORA_TWETF/purged_walk_forward_models/run_20260624_031817/probabilities/selected_probabilities_TAIEX_regime_fixed_60d_E1_validation_weighted_probability_ensemble.parquet,TAIEX_regime_fixed_60d
2024-09-16,60-day,WF2,2,validation,1,1,False,"latest eligible fold after sorting by date, split priority, and fold number",E1_validation_weighted_probability_ensemble,probability_ensemble,TAIEX_regime_fixed_60d,20260624_031817,0.06584000653983776,0.1010952965188835,0.4653083818737146,0.218742337676885,0.1490139773906791,False,/content/drive/MyDrive/AURORA_TWETF/outputs/AURORA_TWETF/purged_walk_forward_models/run_20260624_031817/probabilities/selected_probabilities_TAIEX_regime_fixed_60d_E1_validation_weighted_probability_ensemble.parquet,TAIEX_regime_fixed_60d
2024-09-18,60-day,WF2,2,validation,1,1,False,"latest eligible fold after sorting by date, split priority, and fold number",E1_validation_weighted_probability_ensemble,probability_ensemble,TAIEX_regime_fixed_60d,20260624_031817,0.0698856058264191,0.0966451473522337,0.25339740676140027,0.4409333512720627,0.1391384887878843,False,/content/drive/MyDrive/AURORA_TWETF/outputs/AURORA_TWETF/purged_walk_forward_models/run_20260624_031817/probabilities/selected_probabilities_TAIEX_regime_fixed_60d_E1_validation_weighted_probability_ensemble.parquet,TAIEX_regime_fixed_60d
2024-09-19,60-day,WF2,2,validation,1,1,False,"latest eligible fold after sorting by date, split priority, and fold number",E1_validation_weighted_probability_ensemble,probability_ensemble,TAIEX_regime_fixed_60d,20260624_031817,0.058252261838877384,0.09715040862079696,0.49957617851385333,0.20295319867313283,0.14206795235333958,False,/content/drive/MyDrive/AURORA_TWETF/outputs/AURORA_TWETF/purged_walk_forward_models/run_20260624_031817/probabilities/selected_probabilities_TAIEX_regime_fixed_60d_E1_validation_weighted_probability_ensemble.parquet,TAIEX_regime_fixed_60d
2024-09-20,60-day,WF2,2,validation,1,1,False,"latest eligible fold after sorting by date, split priority, and fold number",E1_validation_weighted_probability_ensemble,probability_ensemble,TAIEX_regime_fixed_60d,20260624_031817,0.07710612430796994,0.09662591130103831,0.26455883137806124,0.4414680945513343,0.12024103846159612,False,/content/drive/MyDrive/AURORA_TWETF/outputs/AURORA_TWETF/purged_walk_forward_models/run_20260624_031817/probabilities/selected_probabilities_TAIEX_regime_fixed_60d_E1_validation_weighted_probability_ensemble.parquet,TAIEX_regime_fixed_60d
2024-09-23,60-day,WF2,2,validation,1,1,False,"latest eligible fold after sorting by date, split priority, and fold number",E1_validation_weighted_probability_ensemble,probability_ensemble,TAIEX_regime_fixed_60d,20260624_031817,0.07905654787503856,0.1050537053247755,0.43798247149579017,0.2628867855759115,0.11502048972848433,False,/content/drive/MyDrive/AURORA_TWETF/outputs/AURORA_TWETF/purged_walk_forward_models/run_20260624_031817/probabilities/selected_probabilities_TAIEX_regime_fixed_60d_E1_validation_weighted_probability_ensemble.parquet,TAIEX_regime_fixed_60d
2024-09-24,60-day,WF2,2,validation,1,1,False,"latest eligible fold after sorting by date, split priority, and fold number",E1_validation_weighted_probability_ensemble,probability_ensemble,TAIEX_regime_fixed_60d,20260624_031817,0.07448485518495054,0.0928578259134654,0.24082793379269737,0.25647268603788426,0.3353566990710025,False,/content/drive/MyDrive/AURORA_TWETF/outputs/AURORA_TWETF/purged_walk_forward_models/run_20260624_031817/probabilities/selected_probabilities_TAIEX_regime_fixed_60d_E1_validation_weighted_probability_ensemble.parquet,TAIEX_regime_fixed_60d
2024-09-25,60-day,WF2,2,validation,1,1,False,"latest eligible fold after sorting by date, split priority, and fold number",E1_validation_weighted_probability_ensemble,probability_ensemble,TAIEX_regime_fixed_60d,20260624_031817,0.06767880889290726,0.1029716345171003,0.47294577478232386,0.2374266902164855,0.11897709159118311,False,/content/drive/MyDrive/AURORA_TWETF/outputs/AURORA_TWETF/purged_walk_forward_models/run_20260624_031817/probabilities/selected_probabilities_TAIEX_regime_fixed_60d_E1_validation_weighted_probability_ensemble.parquet,TAIEX_regime_fixed_60d
2024-09-26,60-day,WF2,2,validation,1,1,False,"latest eligible fold after sorting by date, split priority, and fold number",E1_validation_weighted_probability_ensemble,probability_ensemble,TAIEX_regime_fixed_60d,20260624_031817,0.06185206807028017,0.091773926666689,0.23153915418878265,0.27782538171528465,0.3370094693589636,False,/content/drive/MyDrive/AURORA_TWETF/outputs/AURORA_TWETF/purged_walk_forward_models/run_20260624_031817/probabilities/selected_probabilities_TAIEX_regime_fixed_60d_E1_validation_weighted_probability_ensemble.parquet,TAIEX_regime_fixed_60d
2024-09-27,60-day,WF2,2,validation,1,1,False,"latest eligible fold after sorting by date, split priority, and fold number",E1_validation_weighted_probability_ensemble,probability_ensemble,TAIEX_regime_fixed_60d,20260624_031817,0.0512887996454061,0.11192785130189489,0.24911483743379434,0.48452390449969907,0.10314460711920569,False,/content/drive/MyDrive/AURORA_TWETF/outputs/AURORA_TWETF/purged_walk_forward_models/run_20260624_031817/probabilities/selected_probabilities_TAIEX_regime_fixed_60d_E1_validation_weighted_probability_ensemble.parquet,TAIEX_regime_fixed_60d
2024-09-30,60-day,WF2,2,validation,1,1,False,"latest eligible fold after sorting by date, split priority, and fold number",E1_validation_weighted_probability_ensemble,probability_ensemble,TAIEX_regime_fixed_60d,20260624_031817,0.05370365523953588,0.0973764941905578,0.27327852791361534,0.25952474654389535,0.3161165761123956,False,/content/drive/MyDrive/AURORA_TWETF/outputs/AURORA_TWETF/purged_walk_forward_models/run_20260624_031817/probabilities/selected_probabilities_TAIEX_regime_fixed_60d_E1_validation_weighted_probability_ensemble.parquet,TAIEX_regime_fixed_60d
2024-10-01,60-day,WF2,2,validation,1,1,False,"latest eligible fold after sorting by date, split priority, and fold number",E1_validation_weighted_probability_ensemble,probability_ensemble,TAIEX_regime_fixed_60d,20260624_031817,0.06411525310355819,0.0987764882202671,0.47289383048395306,0.26245658517708437,0.10175784301513735,False,/content/drive/MyDrive/AURORA_TWETF/outputs/AURORA_TWETF/purged_walk_forward_models/run_20260624_031817/probabilities/selected_probabilities_TAIEX_regime_fixed_60d_E1_validation_weighted_probability_ensemble.parquet,TAIEX_regime_fixed_60d
2024-10-04,60-day,WF2,2,validation,1,1,False,"latest eligible fold after sorting by date, split priority, and fold number",E1_validation_weighted_probability_ensemble,probability_ensemble,TAIEX_regime_fixed_60d,20260624_031817,0.061134480407336725,0.09781749607784643,0.4840783407422216,0.25518091013606903,0.10178877263652626,False,/content/drive/MyDrive/AURORA_TWETF/outputs/AURORA_TWETF/purged_walk_forward_models/run_20260624_031817/probabilities/selected_probabilities_TAIEX_regime_fixed_60d_E1_validation_weighted_probability_ensemble.parquet,TAIEX_regime_fixed_60d
2024-10-07,60-day,WF2,2,validation,1,1,False,"latest eligible fold after sorting by date, split priority, and fold number",E1_validation_weighted_probability_ensemble,probability_ensemble,TAIEX_regime_fixed_60d,20260624_031817,0.07722901909495418,0.10503071549476613,0.2785218786105383,0.4420186623432318,0.09719972445650964,False,/content/drive/MyDrive/AURORA_TWETF/outputs/AURORA_TWETF/purged_walk_forward_models/run_20260624_031817/probabilities/selected_probabilities_TAIEX_regime_fixed_60d_E1_validation_weighted_probability_ensemble.parquet,TAIEX_regime_fixed_60d
2024-10-08,60-day,WF2,2,validation,1,1,False,"latest eligible fold after sorting by date, split priority, and fold number",E1_validation_weighted_probability_ensemble,probability_ensemble,TAIEX_regime_fixed_60d,20260624_031817,0.09092628165468289,0.12743862487307717,0.21596298925614327,0.4763943748954863,0.08927772932061039,False,/content/drive/MyDrive/AURORA_TWETF/outputs/AURORA_TWETF/purged_walk_forward_models/run_20260624_031817/probabilities/selected_probabilities_TAIEX_regime_fixed_60d_E1_validation_weighted_probability_ensemble.parquet,TAIEX_regime_fixed_60d
2024-10-09,60-day,WF2,2,validation,1,1,False,"latest eligible fold after sorting by date, split priority, and fold number",E1_validation_weighted_probability_ensemble,probability_ensemble,TAIEX_regime_fixed_60d,20260624_031817,0.07766713426894312,0.3292085480229793,0.2096375762478682,0.28855601690187155,0.09493072455833801,False,/content/drive/MyDrive/AURORA_TWETF/outputs/AURORA_TWETF/purged_walk_forward_models/run_20260624_031817/probabilities/selected_probabilities_TAIEX_regime_fixed_60d_E1_validation_weighted_probability_ensemble.parquet,TAIEX_regime_fixed_60d
2024-10-11,60-day,WF2,2,validation,1,1,False,"latest eligible fold after sorting by date, split priority, and fold number",E1_validation_weighted_probability_ensemble,probability_ensemble,TAIEX_regime_fixed_60d,20260624_031817,0.08355649560919018,0.11595625140838736,0.4125043109690535,0.2961085254138006,0.09187441659956842,False,/content/drive/MyDrive/AURORA_TWETF/outputs/AURORA_TWETF/purged_walk_forward_models/run_20260624_031817/probabilities/selected_probabilities_TAIEX_regime_fixed_60d_E1_validation_weighted_probability_ensemble.parquet,TAIEX_regime_fixed_60d
2024-10-14,60-day,WF2,2,validation,1,1,False,"latest eligible fold after sorting by date, split priority, and fold number",E1_validation_weighted_probability_ensemble,probability_ensemble,TAIEX_regime_fixed_60d,20260624_031817,0.06861909198233743,0.1189331799231189,0.21959689995725215,0.48978722402821606,0.1030636041090755,False,/content/drive/MyDrive/AURORA_TWETF/outputs/AURORA_TWETF/purged_walk_forward_models/run_20260624_031817/probabilities/selected_probabilities_TAIEX_regime_fixed_60d_E1_validation_weighted_probability_ensemble.parquet,TAIEX_regime_fixed_60d
2024-10-15,60-day,WF2,2,validation,1,1,False,"latest eligible fold after sorting by date, split priority, and fold number",E1_validation_weighted_probability_ensemble,probability_ensemble,TAIEX_regime_fixed_60d,20260624_031817,0.2834067640033896,0.11027193692316864,0.2133879537763157,0.2858168181442929,0.10711652715283324,False,/content/drive/MyDrive/AURORA_TWETF/outputs/AURORA_TWETF/purged_walk_forward_models/run_20260624_031817/probabilities/selected_probabilities_TAIEX_regime_fixed_60d_E1_validation_weighted_probability_ensemble.parquet,TAIEX_regime_fixed_60d
2024-10-16,60-day,WF2,2,validation,1,1,False,"latest eligible fold after sorting by date, split priority, and fold number",E1_validation_weighted_probability_ensemble,probability_ensemble,TAIEX_regime_fixed_60d,20260624_031817,0.05568749380350678,0.11939873730099411,0.43245049180022466,0.2771119753956738,0.11535130169960077,False,/content/drive/MyDrive/AURORA_TWETF/outputs/AURORA_TWETF/purged_walk_forward_models/run_20260624_031817/probabilities/selected_probabilities_TAIEX_regime_fixed_60d_E1_validation_weighted_probability_ensemble.parquet,TAIEX_regime_fixed_60d
2024-10-17,60-day,WF2,2,validation,1,1,False,"latest eligible fold after sorting by date, split priority, and fold number",E1_validation_weighted_probability_ensemble,probability_ensemble,TAIEX_regime_fixed_60d,20260624_031817,0.05915272570628148,0.10802206352392008,0.3951807138353125,0.3281374134076398,0.10950708352684624,False,/content/drive/MyDrive/AURORA_TWETF/outputs/AURORA_TWETF/purged_walk_forward_models/run_20260624_031817/probabilities/selected_probabilities_TAIEX_regime_fixed_60d_E1_validation_weighted_probability_ensemble.parquet,TAIEX_regime_fixed_60d
2024-10-18,60-day,WF2,2,validation,1,1,False,"latest eligible fold after sorting by date, split priority, and fold number",E1_validation_weighted_probability_ensemble,probability_ensemble,TAIEX_regime_fixed_60d,20260624_031817,0.05812550700693615,0.11196075118810336,0.3951259226963002,0.32098123617673785,0.11380658293192251,False,/content/drive/MyDrive/AURORA_TWETF/outputs/AURORA_TWETF/purged_walk_forward_models/run_20260624_031817/probabilities/selected_probabilities_TAIEX_regime_fixed_60d_E1_validation_weighted_probability_ensemble.parquet,TAIEX_regime_fixed_60d
2024-10-21,60-day,WF2,2,validation,1,1,False,"latest eligible fold after sorting by date, split priority, and fold number",E1_validation_weighted_probability_ensemble,probability_ensemble,TAIEX_regime_fixed_60d,20260624_031817,0.04826115257871971,0.11100634366358897,0.22804561680063257,0.5014569095528769,0.11122997740418185,False,/content/drive/MyDrive/AURORA_TWETF/outputs/AURORA_TWETF/purged_walk_forward_models/run_20260624_031817/probabilities/selected_probabilities_TAIEX_regime_fixed_60d_E1_validation_weighted_probability_ensemble.parquet,TAIEX_regime_fixed_60d
2024-10-22,60-day,WF2,2,validation,1,1,False,"latest eligible fold after sorting by date, split priority, and fold number",E1_validation_weighted_probability_ensemble,probability_ensemble,TAIEX_regime_fixed_60d,20260624_031817,0.04652391311172531,0.32995618677199456,0.2140973851704552,0.2897274984196651,0.11969501652615987,False,/content/drive/MyDrive/AURORA_TWETF/outputs/AURORA_TWETF/purged_walk_forward_models/run_20260624_031817/probabilities/selected_probabilities_TAIEX_regime_fixed_60d_E1_validation_weighted_probability_ensemble.parquet,TAIEX_regime_fixed_60d
2024-10-23,60-day,WF2,2,validation,1,1,False,"latest eligible fold after sorting by date, split priority, and fold number",E1_validation_weighted_probability_ensemble,probability_ensemble,TAIEX_regime_fixed_60d,20260624_031817,0.04620441768558607,0.11426288058040478,0.24818045978350567,0.4582355199369983,0.13311672201350527,False,/content/drive/MyDrive/AURORA_TWETF/outputs/AURORA_TWETF/purged_walk_forward_models/run_20260624_031817/probabilities/selected_probabilities_TAIEX_regime_fixed_60d_E1_validation_weighted_probability_ensemble.parquet,TAIEX_regime_fixed_60d
2024-10-24,60-day,WF2,2,validation,1,1,False,"latest eligible fold after sorting by date, split priority, and fold number",E1_validation_weighted_probability_ensemble,probability_ensemble,TAIEX_regime_fixed_60d,20260624_031817,0.04286669117342896,0.10563754818541704,0.4367483805087064,0.26977220926272405,0.14497517086972367,False,/content/drive/MyDrive/AURORA_TWETF/outputs/AURORA_TWETF/purged_walk_forward_models/run_20260624_031817/probabilities/selected_probabilities_TAIEX_regime_fixed_60d_E1_validation_weighted_probability_ensemble.parquet,TAIEX_regime_fixed_60d
2024-10-25,60-day,WF2,2,validation,1,1,False,"latest eligible fold after sorting by date, split priority, and fold number",E1_validation_weighted_probability_ensemble,probability_ensemble,TAIEX_regime_fixed_60d,20260624_031817,0.040322628752527956,0.11071695442654382,0.48181029601335984,0.23652102032987637,0.13062910047769205,False,/content/drive/MyDrive/AURORA_TWETF/outputs/AURORA_TWETF/purged_walk_forward_models/run_20260624_031817/probabilities/selected_probabilities_TAIEX_regime_fixed_60d_E1_validation_weighted_probability_ensemble.parquet,TAIEX_regime_fixed_60d
2024-10-28,60-day,WF2,2,validation,1,1,False,"latest eligible fold after sorting by date, split priority, and fold number",E1_validation_weighted_probability_ensemble,probability_ensemble,TAIEX_regime_fixed_60d,20260624_031817,0.03977243332808713,0.3246974476195737,0.21700580116170798,0.2835249174093397,0.13499940048129158,False,/content/drive/MyDrive/AURORA_TWETF/outputs/AURORA_TWETF/purged_walk_forward_models/run_20260624_031817/probabilities/selected_probabilities_TAIEX_regime_fixed_60d_E1_validation_weighted_probability_ensemble.parquet,TAIEX_regime_fixed_60d
2024-10-29,60-day,WF2,2,validation,1,1,False,"latest eligible fold after sorting by date, split priority, and fold number",E1_validation_weighted_probability_ensemble,probability_ensemble,TAIEX_regime_fixed_60d,20260624_031817,0.2588147631172259,0.11498754740697323,0.24526366455355422,0.241426874892764,0.13950715002948272,False,/content/drive/MyDrive/AURORA_TWETF/outputs/AURORA_TWETF/purged_walk_forward_models/run_20260624_031817/probabilities/selected_probabilities_TAIEX_regime_fixed_60d_E1_validation_weighted_probability_ensemble.parquet,TAIEX_regime_fixed_60d
2024-10-30,60-day,WF2,2,validation,1,1,False,"latest eligible fold after sorting by date, split priority, and fold number",E1_validation_weighted_probability_ensemble,probability_ensemble,TAIEX_regime_fixed_60d,20260624_031817,0.037295879172146225,0.10734402241512961,0.23485203726504297,0.47347016828641,0.14703789286127128,False,/content/drive/MyDrive/AURORA_TWETF/outputs/AURORA_TWETF/purged_walk_forward_models/run_20260624_031817/probabilities/selected_probabilities_TAIEX_regime_fixed_60d_E1_validation_weighted_probability_ensemble.parquet,TAIEX_regime_fixed_60d
2024-11-01,60-day,WF2,2,validation,1,1,False,"latest eligible fold after sorting by date, split priority, and fold number",E1_validation_weighted_probability_ensemble,probability_ensemble,TAIEX_regime_fixed_60d,20260624_031817,0.034788340128560594,0.09966367623481323,0.24871084274424754,0.4705638937230014,0.14627324716937726,False,/content/drive/MyDrive/AURORA_TWETF/outputs/AURORA_TWETF/purged_walk_forward_models/run_20260624_031817/probabilities/selected_probabilities_TAIEX_regime_fixed_60d_E1_validation_weighted_probability_ensemble.parquet,TAIEX_regime_fixed_60d
2024-11-04,60-day,WF2,2,validation,1,1,False,"latest eligible fold after sorting by date, split priority, and fold number",E1_validation_weighted_probability_ensemble,probability_ensemble,TAIEX_regime_fixed_60d,20260624_031817,0.03731462350113569,0.3222280675160435,0.21492958003005538,0.29026809070440335,0.13525963824836212,False,/content/drive/MyDrive/AURORA_TWETF/outputs/AURORA_TWETF/purged_walk_forward_models/run_20260624_031817/probabilities/selected_probabilities_TAIEX_regime_fixed_60d_E1_validation_weighted_probability_ensemble.parquet,TAIEX_regime_fixed_60d
2024-11-05,60-day,WF2,2,validation,1,1,False,"latest eligible fold after sorting by date, split priority, and fold number",E1_validation_weighted_probability_ensemble,probability_ensemble,TAIEX_regime_fixed_60d,20260624_031817,0.035191293858884816,0.10584144110850037,0.24159836000458026,0.24954504285588255,0.36782386217215207,False,/content/drive/MyDrive/AURORA_TWETF/outputs/AURORA_TWETF/purged_walk_forward_models/run_20260624_031817/probabilities/selected_probabilities_TAIEX_regime_fixed_60d_E1_validation_weighted_probability_ensemble.parquet,TAIEX_regime_fixed_60d
2024-11-06,60-day,WF2,2,validation,1,1,False,"latest eligible fold after sorting by date, split priority, and fold number",E1_validation_weighted_probability_ensemble,probability_ensemble,TAIEX_regime_fixed_60d,20260624_031817,0.028903456678900527,0.12227186203196028,0.4635718475277075,0.2075708375974538,0.1776819961639778,False,/content/drive/MyDrive/AURORA_TWETF/outputs/AURORA_TWETF/purged_walk_forward_models/run_20260624_031817/probabilities/selected_probabilities_TAIEX_regime_fixed_60d_E1_validation_weighted_probability_ensemble.parquet,TAIEX_regime_fixed_60d
2024-11-07,60-day,WF2,2,validation,1,1,False,"latest eligible fold after sorting by date, split priority, and fold number",E1_validation_weighted_probability_ensemble,probability_ensemble,TAIEX_regime_fixed_60d,20260624_031817,0.030741773555969593,0.13373628551760675,0.2841692607931252,0.19136013110870856,0.35999254902458994,False,/content/drive/MyDrive/AURORA_TWETF/outputs/AURORA_TWETF/purged_walk_forward_models/run_20260624_031817/probabilities/selected_probabilities_TAIEX_regime_fixed_60d_E1_validation_weighted_probability_ensemble.parquet,TAIEX_regime_fixed_60d
2024-11-08,60-day,WF2,2,validation,1,1,False,"latest eligible fold after sorting by date, split priority, and fold number",E1_validation_weighted_probability_ensemble,probability_ensemble,TAIEX_regime_fixed_60d,20260624_031817,0.03211024686032232,0.16030361764528298,0.2441677959574738,0.17785608325123664,0.38556225628568436,False,/content/drive/MyDrive/AURORA_TWETF/outputs/AURORA_TWETF/purged_walk_forward_models/run_20260624_031817/probabilities/selected_probabilities_TAIEX_regime_fixed_60d_E1_validation_weighted_probability_ensemble.parquet,TAIEX_regime_fixed_60d
2024-11-11,60-day,WF2,2,validation,1,1,False,"latest eligible fold after sorting by date, split priority, and fold number",E1_validation_weighted_probability_ensemble,probability_ensemble,TAIEX_regime_fixed_60d,20260624_031817,0.03064399727865963,0.15225226516167384,0.2410406769584244,0.4251203618534718,0.15094269874777042,False,/content/drive/MyDrive/AURORA_TWETF/outputs/AURORA_TWETF/purged_walk_forward_models/run_20260624_031817/probabilities/selected_probabilities_TAIEX_regime_fixed_60d_E1_validation_weighted_probability_ensemble.parquet,TAIEX_regime_fixed_60d
2024-11-12,60-day,WF2,2,validation,1,1,False,"latest eligible fold after sorting by date, split priority, and fold number",E1_validation_weighted_probability_ensemble,probability_ensemble,TAIEX_regime_fixed_60d,20260624_031817,0.036909077406355545,0.12137005570367575,0.2530395410545223,0.41739334688264146,0.17128797895280512,False,/content/drive/MyDrive/AURORA_TWETF/outputs/AURORA_TWETF/purged_walk_forward_models/run_20260624_031817/probabilities/selected_probabilities_TAIEX_regime_fixed_60d_E1_validation_weighted_probability_ensemble.parquet,TAIEX_regime_fixed_60d
2024-11-13,60-day,WF2,2,validation,1,1,False,"latest eligible fold after sorting by date, split priority, and fold number",E1_validation_weighted_probability_ensemble,probability_ensemble,TAIEX_regime_fixed_60d,20260624_031817,0.03817966999142714,0.11963333886212808,0.431894193639077,0.22131069070133583,0.18898210680603206,False,/content/drive/MyDrive/AURORA_TWETF/outputs/AURORA_TWETF/purged_walk_forward_models/run_20260624_031817/probabilities/selected_probabilities_TAIEX_regime_fixed_60d_E1_validation_weighted_probability_ensemble.parquet,TAIEX_regime_fixed_60d
2024-11-14,60-day,WF2,2,validation,1,1,False,"latest eligible fold after sorting by date, split priority, and fold number",E1_validation_weighted_probability_ensemble,probability_ensemble,TAIEX_regime_fixed_60d,20260624_031817,0.042335298355324485,0.32751051040007834,0.20413418831553534,0.2301608423052741,0.19585916062378775,False,/content/drive/MyDrive/AURORA_TWETF/outputs/AURORA_TWETF/purged_walk_forward_models/run_20260624_031817/probabilities/selected_probabilities_TAIEX_regime_fixed_60d_E1_validation_weighted_probability_ensemble.parquet,TAIEX_regime_fixed_60d
2024-11-15,60-day,WF2,2,validation,1,1,False,"latest eligible fold after sorting by date, split priority, and fold number",E1_validation_weighted_probability_ensemble,probability_ensemble,TAIEX_regime_fixed_60d,20260624_031817,0.0410911708244092,0.10198635904611499,0.19327138878725456,0.2589170065692839,0.40473407477293744,False,/content/drive/MyDrive/AURORA_TWETF/outputs/AURORA_TWETF/purged_walk_forward_models/run_20260624_031817/probabilities/selected_probabilities_TAIEX_regime_fixed_60d_E1_validation_weighted_probability_ensemble.parquet,TAIEX_regime_fixed_60d
2024-11-18,60-day,WF2,2,validation,1,1,False,"latest eligible fold after sorting by date, split priority, and fold number",E1_validation_weighted_probability_ensemble,probability_ensemble,TAIEX_regime_fixed_60d,20260624_031817,0.040784507617431846,0.10828915892892588,0.18079019842284924,0.2628417499594006,0.40729438507139254,False,/content/drive/MyDrive/AURORA_TWETF/outputs/AURORA_TWETF/purged_walk_forward_models/run_20260624_031817/probabilities/selected_probabilities_TAIEX_regime_fixed_60d_E1_validation_weighted_probability_ensemble.parquet,TAIEX_regime_fixed_60d
2024-11-19,60-day,WF2,2,validation,1,1,False,"latest eligible fold after sorting by date, split priority, and fold number",E1_validation_weighted_probability_ensemble,probability_ensemble,TAIEX_regime_fixed_60d,20260624_031817,0.03963272691435205,0.10805472874061714,0.1601535078956145,0.5146910258503458,0.17746801059907058,False,/content/drive/MyDrive/AURORA_TWETF/outputs/AURORA_TWETF/purged_walk_forward_models/run_20260624_031817/probabilities/selected_probabilities_TAIEX_regime_fixed_60d_E1_validation_weighted_probability_ensemble.parquet,TAIEX_regime_fixed_60d
2024-11-20,60-day,WF2,2,validation,1,1,False,"latest eligible fold after sorting by date, split priority, and fold number",E1_validation_weighted_probability_ensemble,probability_ensemble,TAIEX_regime_fixed_60d,20260624_031817,0.03904132855261595,0.3242120833701582,0.1848983899965771,0.2505977091410285,0.20125048893962033,False,/content/drive/MyDrive/AURORA_TWETF/outputs/AURORA_TWETF/purged_walk_forward_models/run_20260624_031817/probabilities/selected_probabilities_TAIEX_regime_fixed_60d_E1_validation_weighted_probability_ensemble.parquet,TAIEX_regime_fixed_60d
2024-11-21,60-day,WF2,2,validation,1,1,False,"latest eligible fold after sorting by date, split priority, and fold number",E1_validation_weighted_probability_ensemble,probability_ensemble,TAIEX_regime_fixed_60d,20260624_031817,0.03300855100057168,0.098635963333129,0.15763519468965578,0.26727145658637197,0.44344883439027166,False,/content/drive/MyDrive/AURORA_TWETF/outputs/AURORA_TWETF/purged_walk_forward_models/run_20260624_031817/probabilities/selected_probabilities_TAIEX_regime_fixed_60d_E1_validation_weighted_probability_ensemble.parquet,TAIEX_regime_fixed_60d
2024-11-22,60-day,WF2,2,validation,1,1,False,"latest eligible fold after sorting by date, split priority, and fold number",E1_validation_weighted_probability_ensemble,probability_ensemble,TAIEX_regime_fixed_60d,20260624_031817,0.03142053876130015,0.3221702401749364,0.17430395288704337,0.23534265254600006,0.2367626156307201,False,/content/drive/MyDrive/AURORA_TWETF/outputs/AURORA_TWETF/purged_walk_forward_models/run_20260624_031817/probabilities/selected_probabilities_TAIEX_regime_fixed_60d_E1_validation_weighted_probability_ensemble.parquet,TAIEX_regime_fixed_60d
2024-11-25,60-day,WF2,2,validation,1,1,False,"latest eligible fold after sorting by date, split priority, and fold number",E1_validation_weighted_probability_ensemble,probability_ensemble,TAIEX_regime_fixed_60d,20260624_031817,0.03476087386345531,0.10351515922108155,0.21137698604888536,0.44907070309029606,0.20127627777628176,False,/content/drive/MyDrive/AURORA_TWETF/outputs/AURORA_TWETF/purged_walk_forward_models/run_20260624_031817/probabilities/selected_probabilities_TAIEX_regime_fixed_60d_E1_validation_weighted_probability_ensemble.parquet,TAIEX_regime_fixed_60d
2024-11-26,60-day,WF2,2,validation,1,1,False,"latest eligible fold after sorting by date, split priority, and fold number",E1_validation_weighted_probability_ensemble,probability_ensemble,TAIEX_regime_fixed_60d,20260624_031817,0.03291813627536589,0.09804120939786135,0.18362449614781973,0.4811023236149248,0.2043138345640283,False,/content/drive/MyDrive/AURORA_TWETF/outputs/AURORA_TWETF/purged_walk_forward_models/run_20260624_031817/probabilities/selected_probabilities_TAIEX_regime_fixed_60d_E1_validation_weighted_probability_ensemble.parquet,TAIEX_regime_fixed_60d
2024-11-27,60-day,WF1,1,test,2,3,True,"latest eligible fold after sorting by date, split priority, and fold number",E1_validation_weighted_probability_ensemble,probability_ensemble,TAIEX_regime_fixed_60d,20260624_031817,0.0272086186350202,0.07587089836347252,0.216916884308311,0.49104569040012563,0.18895790829307063,True,/content/drive/MyDrive/AURORA_TWETF/outputs/AURORA_TWETF/purged_walk_forward_models/run_20260624_031817/probabilities/selected_probabilities_TAIEX_regime_fixed_60d_E1_validation_weighted_probability_ensemble.parquet,TAIEX_regime_fixed_60d
2024-11-28,60-day,WF1,1,test,2,3,True,"latest eligible fold after sorting by date, split priority, and fold number",E1_validation_weighted_probability_ensemble,probability_ensemble,TAIEX_regime_fixed_60d,20260624_031817,0.025310504044095655,0.08138904816375862,0.19578536221745083,0.5051950303697378,0.19232005520495718,True,/content/drive/MyDrive/AURORA_TWETF/outputs/AURORA_TWETF/purged_walk_forward_models/run_20260624_031817/probabilities/selected_probabilities_TAIEX_regime_fixed_60d_E1_validation_weighted_probability_ensemble.parquet,TAIEX_regime_fixed_60d
2024-11-29,60-day,WF1,1,test,2,3,True,"latest eligible fold after sorting by date, split priority, and fold number",E1_validation_weighted_probability_ensemble,probability_ensemble,TAIEX_regime_fixed_60d,20260624_031817,0.029806388610959186,0.07390181492721327,0.17967538506977182,0.48848851844194635,0.22812789295010935,True,/content/drive/MyDrive/AURORA_TWETF/outputs/AURORA_TWETF/purged_walk_forward_models/run_20260624_031817/probabilities/selected_probabilities_TAIEX_regime_fixed_60d_E1_validation_weighted_probability_ensemble.parquet,TAIEX_regime_fixed_60d
2024-12-02,60-day,WF1,1,test,2,3,True,"latest eligible fold after sorting by date, split priority, and fold number",E1_validation_weighted_probability_ensemble,probability_ensemble,TAIEX_regime_fixed_60d,20260624_031817,0.03227039804686417,0.0705399503932876,0.2098307484768794,0.4902512868226886,0.19710761626028028,True,/content/drive/MyDrive/AURORA_TWETF/outputs/AURORA_TWETF/purged_walk_forward_models/run_20260624_031817/probabilities/selected_probabilities_TAIEX_regime_fixed_60d_E1_validation_weighted_probability_ensemble.parquet,TAIEX_regime_fixed_60d
2024-12-03,60-day,WF1,1,test,2,3,True,"latest eligible fold after sorting by date, split priority, and fold number",E1_validation_weighted_probability_ensemble,probability_ensemble,TAIEX_regime_fixed_60d,20260624_031817,0.032098430615614494,0.0787039306141478,0.2701392349465957,0.47712451147607743,0.14193389234756465,True,/content/drive/MyDrive/AURORA_TWETF/outputs/AURORA_TWETF/purged_walk_forward_models/run_20260624_031817/probabilities/selected_probabilities_TAIEX_regime_fixed_60d_E1_validation_weighted_probability_ensemble.parquet,TAIEX_regime_fixed_60d
2024-12-04,60-day,WF1,1,test,2,3,True,"latest eligible fold after sorting by date, split priority, and fold number",E1_validation_weighted_probability_ensemble,probability_ensemble,TAIEX_regime_fixed_60d,20260624_031817,0.027283149281994865,0.08680808752527668,0.31092746251528214,0.4589884201014652,0.11599288057598113,True,/content/drive/MyDrive/AURORA_TWETF/outputs/AURORA_TWETF/purged_walk_forward_models/run_20260624_031817/probabilities/selected_probabilities_TAIEX_regime_fixed_60d_E1_validation_weighted_probability_ensemble.parquet,TAIEX_regime_fixed_60d
2024-12-05,60-day,WF1,1,test,2,3,True,"latest eligible fold after sorting by date, split priority, and fold number",E1_validation_weighted_probability_ensemble,probability_ensemble,TAIEX_regime_fixed_60d,20260624_031817,0.030206530219787437,0.09854363698440338,0.3643215944206058,0.4262407320939725,0.08068750628123084,True,/content/drive/MyDrive/AURORA_TWETF/outputs/AURORA_TWETF/purged_walk_forward_models/run_20260624_031817/probabilities/selected_probabilities_TAIEX_regime_fixed_60d_E1_validation_weighted_probability_ensemble.parquet,TAIEX_regime_fixed_60d
2024-12-06,60-day,WF1,1,test,2,3,True,"latest eligible fold after sorting by date, split priority, and fold number",E1_validation_weighted_probability_ensemble,probability_ensemble,TAIEX_regime_fixed_60d,20260624_031817,0.02401566748814529,0.08585619394885811,0.325532906970377,0.46656020371799145,0.0980350278746282,True,/content/drive/MyDrive/AURORA_TWETF/outputs/AURORA_TWETF/purged_walk_forward_models/run_20260624_031817/probabilities/selected_probabilities_TAIEX_regime_fixed_60d_E1_validation_weighted_probability_ensemble.parquet,TAIEX_regime_fixed_60d
2024-12-09,60-day,WF1,1,test,2,3,True,"latest eligible fold after sorting by date, split priority, and fold number",E1_validation_weighted_probability_ensemble,probability_ensemble,TAIEX_regime_fixed_60d,20260624_031817,0.021789683902687405,0.08420599165061954,0.3207093985292282,0.4700005783413485,0.10329434757611632,True,/content/drive/MyDrive/AURORA_TWETF/outputs/AURORA_TWETF/purged_walk_forward_models/run_20260624_031817/probabilities/selected_probabilities_TAIEX_regime_fixed_60d_E1_validation_weighted_probability_ensemble.parquet,TAIEX_regime_fixed_60d
2024-12-10,60-day,WF1,1,test,2,3,True,"latest eligible fold after sorting by date, split priority, and fold number",E1_validation_weighted_probability_ensemble,probability_ensemble,TAIEX_regime_fixed_60d,20260624_031817,0.024547943135832948,0.08008785873682539,0.2796819192747769,0.4884798690135626,0.12720240983900205,True,/content/drive/MyDrive/AURORA_TWETF/outputs/AURORA_TWETF/purged_walk_forward_models/run_20260624_031817/probabilities/selected_probabilities_TAIEX_regime_fixed_60d_E1_validation_weighted_probability_ensemble.parquet,TAIEX_regime_fixed_60d
2024-12-11,60-day,WF1,1,test,2,3,True,"latest eligible fold after sorting by date, split priority, and fold number",E1_validation_weighted_probability_ensemble,probability_ensemble,TAIEX_regime_fixed_60d,20260624_031817,0.023286994098913612,0.07800516140146724,0.23766991027810735,0.5073608758999202,0.15367705832159168,True,/content/drive/MyDrive/AURORA_TWETF/outputs/AURORA_TWETF/purged_walk_forward_models/run_20260624_031817/probabilities/selected_probabilities_TAIEX_regime_fixed_60d_E1_validation_weighted_probability_ensemble.parquet,TAIEX_regime_fixed_60d
2024-12-12,60-day,WF1,1,test,2,3,True,"latest eligible fold after sorting by date, split priority, and fold number",E1_validation_weighted_probability_ensemble,probability_ensemble,TAIEX_regime_fixed_60d,20260624_031817,0.024577964403880888,0.0884732581791718,0.28012163615985997,0.4760586973551401,0.13076844390194725,True,/content/drive/MyDrive/AURORA_TWETF/outputs/AURORA_TWETF/purged_walk_forward_models/run_20260624_031817/probabilities/selected_probabilities_TAIEX_regime_fixed_60d_E1_validation_weighted_probability_ensemble.parquet,TAIEX_regime_fixed_60d
2024-12-13,60-day,WF1,1,test,2,3,True,"latest eligible fold after sorting by date, split priority, and fold number",E1_validation_weighted_probability_ensemble,probability_ensemble,TAIEX_regime_fixed_60d,20260624_031817,0.024989115389449104,0.0921811723553782,0.26694920281769835,0.49793141160256904,0.11794909783490537,True,/content/drive/MyDrive/AURORA_TWETF/outputs/AURORA_TWETF/purged_walk_forward_models/run_20260624_031817/probabilities/selected_probabilities_TAIEX_regime_fixed_60d_E1_validation_weighted_probability_ensemble.parquet,TAIEX_regime_fixed_60d
2024-12-16,60-day,WF1,1,test,2,3,True,"latest eligible fold after sorting by date, split priority, and fold number",E1_validation_weighted_probability_ensemble,probability_ensemble,TAIEX_regime_fixed_60d,20260624_031817,0.02244794358819561,0.0960190607090598,0.30513656617362694,0.4762496646402631,0.10014676488885461,True,/content/drive/MyDrive/AURORA_TWETF/outputs/AURORA_TWETF/purged_walk_forward_models/run_20260624_031817/probabilities/selected_probabilities_TAIEX_regime_fixed_60d_E1_validation_weighted_probability_ensemble.parquet,TAIEX_regime_fixed_60d
2024-12-17,60-day,WF1,1,test,2,3,True,"latest eligible fold after sorting by date, split priority, and fold number",E1_validation_weighted_probability_ensemble,probability_ensemble,TAIEX_regime_fixed_60d,20260624_031817,0.027980524790261085,0.09592615610608256,0.3450033774697821,0.44516440963696374,0.08592553199691061,True,/content/drive/MyDrive/AURORA_TWETF/outputs/AURORA_TWETF/purged_walk_forward_models/run_20260624_031817/probabilities/selected_probabilities_TAIEX_regime_fixed_60d_E1_validation_weighted_probability_ensemble.parquet,TAIEX_regime_fixed_60d
2024-12-18,60-day,WF1,1,test,2,3,True,"latest eligible fold after sorting by date, split priority, and fold number",E1_validation_weighted_probability_ensemble,probability_ensemble,TAIEX_regime_fixed_60d,20260624_031817,0.024542996927597125,0.09529328307485462,0.3564739744870554,0.4448155712623948,0.07887417424809809,True,/content/drive/MyDrive/AURORA_TWETF/outputs/AURORA_TWETF/purged_walk_forward_models/run_20260624_031817/probabilities/selected_probabilities_TAIEX_regime_fixed_60d_E1_validation_weighted_probability_ensemble.parquet,TAIEX_regime_fixed_60d
2024-12-19,60-day,WF1,1,test,2,3,True,"latest eligible fold after sorting by date, split priority, and fold number",E1_validation_weighted_probability_ensemble,probability_ensemble,TAIEX_regime_fixed_60d,20260624_031817,0.05547408839684797,0.06342266932916546,0.38192758856953113,0.4533608729108754,0.04581478079358005,True,/content/drive/MyDrive/AURORA_TWETF/outputs/AURORA_TWETF/purged_walk_forward_models/run_20260624_031817/probabilities/selected_probabilities_TAIEX_regime_fixed_60d_E1_validation_weighted_probability_ensemble.parquet,TAIEX_regime_fixed_60d
2024-12-20,60-day,WF1,1,test,2,3,True,"latest eligible fold after sorting by date, split priority, and fold number",E1_validation_weighted_probability_ensemble,probability_ensemble,TAIEX_regime_fixed_60d,20260624_031817,0.039487660862270915,0.103010162795143,0.3324703348950912,0.43946093340820325,0.08557090803929167,True,/content/drive/MyDrive/AURORA_TWETF/outputs/AURORA_TWETF/purged_walk_forward_models/run_20260624_031817/probabilities/selected_probabilities_TAIEX_regime_fixed_60d_E1_validation_weighted_probability_ensemble.parquet,TAIEX_regime_fixed_60d
2024-12-23,60-day,WF1,1,test,2,3,True,"latest eligible fold after sorting by date, split priority, and fold number",E1_validation_weighted_probability_ensemble,probability_ensemble,TAIEX_regime_fixed_60d,20260624_031817,0.039223022505017115,0.09594267361508786,0.29190948592187643,0.45469384239667704,0.1182309755613415,True,/content/drive/MyDrive/AURORA_TWETF/outputs/AURORA_TWETF/purged_walk_forward_models/run_20260624_031817/probabilities/selected_probabilities_TAIEX_regime_fixed_60d_E1_validation_weighted_probability_ensemble.parquet,TAIEX_regime_fixed_60d
2024-12-24,60-day,WF1,1,test,2,3,True,"latest eligible fold after sorting by date, split priority, and fold number",E1_validation_weighted_probability_ensemble,probability_ensemble,TAIEX_regime_fixed_60d,20260624_031817,0.04173639717529702,0.1080195858696459,0.3775633765691179,0.40809761118897886,0.06458302919696013,True,/content/drive/MyDrive/AURORA_TWETF/outputs/AURORA_TWETF/purged_walk_forward_models/run_20260624_031817/probabilities/selected_probabilities_TAIEX_regime_fixed_60d_E1_validation_weighted_probability_ensemble.parquet,TAIEX_regime_fixed_60d
2024-12-25,60-day,WF1,1,test,2,3,True,"latest eligible fold after sorting by date, split priority, and fold number",E1_validation_weighted_probability_ensemble,probability_ensemble,TAIEX_regime_fixed_60d,20260624_031817,0.051990298343649335,0.11580298860223444,0.39330685619558803,0.3851838790922288,0.05371597776629941,True,/content/drive/MyDrive/AURORA_TWETF/outputs/AURORA_TWETF/purged_walk_forward_models/run_20260624_031817/probabilities/selected_probabilities_TAIEX_regime_fixed_60d_E1_validation_weighted_probability_ensemble.parquet,TAIEX_regime_fixed_60d
2024-12-26,60-day,WF1,1,test,2,3,True,"latest eligible fold after sorting by date, split priority, and fold number",E1_validation_weighted_probability_ensemble,probability_ensemble,TAIEX_regime_fixed_60d,20260624_031817,0.042587917937431455,0.110906748874167,0.4069257485387595,0.3896311572237784,0.049948427425863605,True,/content/drive/MyDrive/AURORA_TWETF/outputs/AURORA_TWETF/purged_walk_forward_models/run_20260624_031817/probabilities/selected_probabilities_TAIEX_regime_fixed_60d_E1_validation_weighted_probability_ensemble.parquet,TAIEX_regime_fixed_60d
2024-12-27,60-day,WF1,1,test,2,3,True,"latest eligible fold after sorting by date, split priority, and fold number",E1_validation_weighted_probability_ensemble,probability_ensemble,TAIEX_regime_fixed_60d,20260624_031817,0.04112018235332068,0.10901366126639561,0.40684338860497804,0.3919549315625233,0.0510678362127824,True,/content/drive/MyDrive/AURORA_TWETF/outputs/AURORA_TWETF/purged_walk_forward_models/run_20260624_031817/probabilities/selected_probabilities_TAIEX_regime_fixed_60d_E1_validation_weighted_probability_ensemble.parquet,TAIEX_regime_fixed_60d
2024-12-30,60-day,WF1,1,test,2,3,True,"latest eligible fold after sorting by date, split priority, and fold number",E1_validation_weighted_probability_ensemble,probability_ensemble,TAIEX_regime_fixed_60d,20260624_031817,0.04086343505618419,0.11606331251471108,0.42800074865892657,0.3726840076106151,0.04238849615956304,True,/content/drive/MyDrive/AURORA_TWETF/outputs/AURORA_TWETF/purged_walk_forward_models/run_20260624_031817/probabilities/selected_probabilities_TAIEX_regime_fixed_60d_E1_validation_weighted_probability_ensemble.parquet,TAIEX_regime_fixed_60d
2024-12-31,60-day,WF1,1,test,2,3,True,"latest eligible fold after sorting by date, split priority, and fold number",E1_validation_weighted_probability_ensemble,probability_ensemble,TAIEX_regime_fixed_60d,20260624_031817,0.0346088959810749,0.09868012556201924,0.3704775471176505,0.43543757546510775,0.06079585587414759,True,/content/drive/MyDrive/AURORA_TWETF/outputs/AURORA_TWETF/purged_walk_forward_models/run_20260624_031817/probabilities/selected_probabilities_TAIEX_regime_fixed_60d_E1_validation_weighted_probability_ensemble.parquet,TAIEX_regime_fixed_60d
2025-01-02,60-day,WF1,1,test,2,3,True,"latest eligible fold after sorting by date, split priority, and fold number",E1_validation_weighted_probability_ensemble,probability_ensemble,TAIEX_regime_fixed_60d,20260624_031817,0.03359146591941549,0.09645709372336138,0.3448044713495579,0.4496833242908874,0.07546364471677783,True,/content/drive/MyDrive/AURORA_TWETF/outputs/AURORA_TWETF/purged_walk_forward_models/run_20260624_031817/probabilities/selected_probabilities_TAIEX_regime_fixed_60d_E1_validation_weighted_probability_ensemble.parquet,TAIEX_regime_fixed_60d
2025-01-03,60-day,WF1,1,test,2,3,True,"latest eligible fold after sorting by date, split priority, and fold number",E1_validation_weighted_probability_ensemble,probability_ensemble,TAIEX_regime_fixed_60d,20260624_031817,0.026795977420748116,0.08682586478060068,0.3554042620716874,0.44265873492482083,0.08831516080214293,True,/content/drive/MyDrive/AURORA_TWETF/outputs/AURORA_TWETF/purged_walk_forward_models/run_20260624_031817/probabilities/selected_probabilities_TAIEX_regime_fixed_60d_E1_validation_weighted_probability_ensemble.parquet,TAIEX_regime_fixed_60d
2025-01-06,60-day,WF1,1,test,2,3,True,"latest eligible fold after sorting by date, split priority, and fold number",E1_validation_weighted_probability_ensemble,probability_ensemble,TAIEX_regime_fixed_60d,20260624_031817,0.028024220808311934,0.09627431900711356,0.3910942917202686,0.40994115894359584,0.07466600952071015,True,/content/drive/MyDrive/AURORA_TWETF/outputs/AURORA_TWETF/purged_walk_forward_models/run_20260624_031817/probabilities/selected_probabilities_TAIEX_regime_fixed_60d_E1_validation_weighted_probability_ensemble.parquet,TAIEX_regime_fixed_60d
2025-01-07,60-day,WF1,1,test,2,3,True,"latest eligible fold after sorting by date, split priority, and fold number",E1_validation_weighted_probability_ensemble,probability_ensemble,TAIEX_regime_fixed_60d,20260624_031817,0.032075741342657484,0.13010055892954467,0.45895472268611714,0.33798118434857394,0.04088779269310666,True,/content/drive/MyDrive/AURORA_TWETF/outputs/AURORA_TWETF/purged_walk_forward_models/run_20260624_031817/probabilities/selected_probabilities_TAIEX_regime_fixed_60d_E1_validation_weighted_probability_ensemble.parquet,TAIEX_regime_fixed_60d
2025-01-08,60-day,WF1,1,test,2,3,True,"latest eligible fold after sorting by date, split priority, and fold number",E1_validation_weighted_probability_ensemble,probability_ensemble,TAIEX_regime_fixed_60d,20260624_031817,0.031511549167660816,0.11057493056533886,0.42862096568669406,0.3857310512967636,0.04356150328354269,True,/content/drive/MyDrive/AURORA_TWETF/outputs/AURORA_TWETF/purged_walk_forward_models/run_20260624_031817/probabilities/selected_probabilities_TAIEX_regime_fixed_60d_E1_validation_weighted_probability_ensemble.parquet,TAIEX_regime_fixed_60d
2025-01-09,60-day,WF1,1,test,2,3,True,"latest eligible fold after sorting by date, split priority, and fold number",E1_validation_weighted_probability_ensemble,probability_ensemble,TAIEX_regime_fixed_60d,20260624_031817,0.0296743205457941,0.1027236417936731,0.39926419172750555,0.4079621668742559,0.06037567905877131,True,/content/drive/MyDrive/AURORA_TWETF/outputs/AURORA_TWETF/purged_walk_forward_models/run_20260624_031817/probabilities/selected_probabilities_TAIEX_regime_fixed_60d_E1_validation_weighted_probability_ensemble.parquet,TAIEX_regime_fixed_60d
2025-01-10,60-day,WF1,1,test,2,3,True,"latest eligible fold after sorting by date, split priority, and fold number",E1_validation_weighted_probability_ensemble,probability_ensemble,TAIEX_regime_fixed_60d,20260624_031817,0.02992772585312546,0.0941771576205359,0.37827267408607806,0.4267362319025811,0.07088621053767953,True,/content/drive/MyDrive/AURORA_TWETF/outputs/AURORA_TWETF/purged_walk_forward_models/run_20260624_031817/probabilities/selected_probabilities_TAIEX_regime_fixed_60d_E1_validation_weighted_probability_ensemble.parquet,TAIEX_regime_fixed_60d
2025-01-13,60-day,WF1,1,test,2,3,True,"latest eligible fold after sorting by date, split priority, and fold number",E1_validation_weighted_probability_ensemble,probability_ensemble,TAIEX_regime_fixed_60d,20260624_031817,0.026176015537574322,0.084514529584379,0.337748763283409,0.46131047966460403,0.09025021193003374,True,/content/drive/MyDrive/AURORA_TWETF/outputs/AURORA_TWETF/purged_walk_forward_models/run_20260624_031817/probabilities/selected_probabilities_TAIEX_regime_fixed_60d_E1_validation_weighted_probability_ensemble.parquet,TAIEX_regime_fixed_60d
2025-01-14,60-day,WF1,1,test,2,3,True,"latest eligible fold after sorting by date, split priority, and fold number",E1_validation_weighted_probability_ensemble,probability_ensemble,TAIEX_regime_fixed_60d,20260624_031817,0.024028143214448024,0.08665492882463091,0.36703024004116686,0.4228341542784596,0.09945253364129464,True,/content/drive/MyDrive/AURORA_TWETF/outputs/AURORA_TWETF/purged_walk_forward_models/run_20260624_031817/probabilities/selected_probabilities_TAIEX_regime_fixed_60d_E1_validation_weighted_probability_ensemble.parquet,TAIEX_regime_fixed_60d
2025-01-15,60-day,WF1,1,test,2,3,True,"latest eligible fold after sorting by date, split priority, and fold number",E1_validation_weighted_probability_ensemble,probability_ensemble,TAIEX_regime_fixed_60d,20260624_031817,0.026537340168272593,0.08757282025695949,0.3761134316425982,0.4056576308968308,0.10411877703533899,True,/content/drive/MyDrive/AURORA_TWETF/outputs/AURORA_TWETF/purged_walk_forward_models/run_20260624_031817/probabilities/selected_probabilities_TAIEX_regime_fixed_60d_E1_validation_weighted_probability_ensemble.parquet,TAIEX_regime_fixed_60d
2025-01-16,60-day,WF1,1,test,2,3,True,"latest eligible fold after sorting by date, split priority, and fold number",E1_validation_weighted_probability_ensemble,probability_ensemble,TAIEX_regime_fixed_60d,20260624_031817,0.028342625084368286,0.0821752272619277,0.34333732992582716,0.43515410696003265,0.11099071076784425,True,/content/drive/MyDrive/AURORA_TWETF/outputs/AURORA_TWETF/purged_walk_forward_models/run_20260624_031817/probabilities/selected_probabilities_TAIEX_regime_fixed_60d_E1_validation_weighted_probability_ensemble.parquet,TAIEX_regime_fixed_60d
2025-01-17,60-day,WF1,1,test,2,3,True,"latest eligible fold after sorting by date, split priority, and fold number",E1_validation_weighted_probability_ensemble,probability_ensemble,TAIEX_regime_fixed_60d,20260624_031817,0.032350343327378496,0.09183221614106037,0.34889887337754244,0.4275446309569755,0.09937393619704325,True,/content/drive/MyDrive/AURORA_TWETF/outputs/AURORA_TWETF/purged_walk_forward_models/run_20260624_031817/probabilities/selected_probabilities_TAIEX_regime_fixed_60d_E1_validation_weighted_probability_ensemble.parquet,TAIEX_regime_fixed_60d
2025-01-20,60-day,WF1,1,test,2,3,True,"latest eligible fold after sorting by date, split priority, and fold number",E1_validation_weighted_probability_ensemble,probability_ensemble,TAIEX_regime_fixed_60d,20260624_031817,0.032459372469037975,0.10768731084432767,0.4141941149996997,0.3845177098742577,0.061141491812677,True,/content/drive/MyDrive/AURORA_TWETF/outputs/AURORA_TWETF/purged_walk_forward_models/run_20260624_031817/probabilities/selected_probabilities_TAIEX_regime_fixed_60d_E1_validation_weighted_probability_ensemble.parquet,TAIEX_regime_fixed_60d
2025-01-21,60-day,WF1,1,test,2,3,True,"latest eligible fold after sorting by date, split priority, and fold number",E1_validation_weighted_probability_ensemble,probability_ensemble,TAIEX_regime_fixed_60d,20260624_031817,0.02866221945456286,0.09777111240661468,0.40827495880316683,0.40339508113033384,0.06189662820532188,True,/content/drive/MyDrive/AURORA_TWETF/outputs/AURORA_TWETF/purged_walk_forward_models/run_20260624_031817/probabilities/selected_probabilities_TAIEX_regime_fixed_60d_E1_validation_weighted_probability_ensemble.parquet,TAIEX_regime_fixed_60d
2025-01-22,60-day,WF1,1,test,2,3,True,"latest eligible fold after sorting by date, split priority, and fold number",E1_validation_weighted_probability_ensemble,probability_ensemble,TAIEX_regime_fixed_60d,20260624_031817,0.026673154846892703,0.09034883290495273,0.39652575324376615,0.41607416530366625,0.07037809370072212,True,/content/drive/MyDrive/AURORA_TWETF/outputs/AURORA_TWETF/purged_walk_forward_models/run_20260624_031817/probabilities/selected_probabilities_TAIEX_regime_fixed_60d_E1_validation_weighted_probability_ensemble.parquet,TAIEX_regime_fixed_60d
2025-02-03,60-day,WF1,1,test,2,3,True,"latest eligible fold after sorting by date, split priority, and fold number",E1_validation_weighted_probability_ensemble,probability_ensemble,TAIEX_regime_fixed_60d,20260624_031817,0.025753743247139683,0.09852353092064611,0.4052814435865936,0.4136915494137872,0.05674973283183339,True,/content/drive/MyDrive/AURORA_TWETF/outputs/AURORA_TWETF/purged_walk_forward_models/run_20260624_031817/probabilities/selected_probabilities_TAIEX_regime_fixed_60d_E1_validation_weighted_probability_ensemble.parquet,TAIEX_regime_fixed_60d
2025-02-04,60-day,WF1,1,test,2,3,True,"latest eligible fold after sorting by date, split priority, and fold number",E1_validation_weighted_probability_ensemble,probability_ensemble,TAIEX_regime_fixed_60d,20260624_031817,0.029472797275809336,0.08773733770717193,0.2963569327560897,0.45008664976275725,0.13634628249817177,True,/content/drive/MyDrive/AURORA_TWETF/outputs/AURORA_TWETF/purged_walk_forward_models/run_20260624_031817/probabilities/selected_probabilities_TAIEX_regime_fixed_60d_E1_validation_weighted_probability_ensemble.parquet,TAIEX_regime_fixed_60d
2025-02-05,60-day,WF1,1,test,2,3,True,"latest eligible fold after sorting by date, split priority, and fold number",E1_validation_weighted_probability_ensemble,probability_ensemble,TAIEX_regime_fixed_60d,20260624_031817,0.0288423288079334,0.0931725368425039,0.3301482248628001,0.43041073376545186,0.11742617572131081,True,/content/drive/MyDrive/AURORA_TWETF/outputs/AURORA_TWETF/purged_walk_forward_models/run_20260624_031817/probabilities/selected_probabilities_TAIEX_regime_fixed_60d_E1_validation_weighted_probability_ensemble.parquet,TAIEX_regime_fixed_60d
2025-02-06,60-day,WF1,1,test,2,3,True,"latest eligible fold after sorting by date, split priority, and fold number",E1_validation_weighted_probability_ensemble,probability_ensemble,TAIEX_regime_fixed_60d,20260624_031817,0.026940628085014448,0.093269816569214,0.37356915402750535,0.41155203697138915,0.09466836434687709,True,/content/drive/MyDrive/AURORA_TWETF/outputs/AURORA_TWETF/purged_walk_forward_models/run_20260624_031817/probabilities/selected_probabilities_TAIEX_regime_fixed_60d_E1_validation_weighted_probability_ensemble.parquet,TAIEX_regime_fixed_60d
2025-02-07,60-day,WF1,1,test,2,3,True,"latest eligible fold after sorting by date, split priority, and fold number",E1_validation_weighted_probability_ensemble,probability_ensemble,TAIEX_regime_fixed_60d,20260624_031817,0.030578715529171716,0.10304022536914496,0.3695857275531244,0.419715657877399,0.07707967367115975,True,/content/drive/MyDrive/AURORA_TWETF/outputs/AURORA_TWETF/purged_walk_forward_models/run_20260624_031817/probabilities/selected_probabilities_TAIEX_regime_fixed_60d_E1_validation_weighted_probability_ensemble.parquet,TAIEX_regime_fixed_60d
2025-02-10,60-day,WF1,1,test,2,3,True,"latest eligible fold after sorting by date, split priority, and fold number",E1_validation_weighted_probability_ensemble,probability_ensemble,TAIEX_regime_fixed_60d,20260624_031817,0.027629929038347684,0.10942071493419929,0.38496494217994837,0.3974615172081371,0.08052289663936757,True,/content/drive/MyDrive/AURORA_TWETF/outputs/AURORA_TWETF/purged_walk_forward_models/run_20260624_031817/probabilities/selected_probabilities_TAIEX_regime_fixed_60d_E1_validation_weighted_probability_ensemble.parquet,TAIEX_regime_fixed_60d
2025-02-11,60-day,WF1,1,test,2,3,True,"latest eligible fold after sorting by date, split priority, and fold number",E1_validation_weighted_probability_ensemble,probability_ensemble,TAIEX_regime_fixed_60d,20260624_031817,0.029215936569207103,0.10477042305605896,0.38047379287912414,0.4153106810431723,0.07022916645243753,True,/content/drive/MyDrive/AURORA_TWETF/outputs/AURORA_TWETF/purged_walk_forward_models/run_20260624_031817/probabilities/selected_probabilities_TAIEX_regime_fixed_60d_E1_validation_weighted_probability_ensemble.parquet,TAIEX_regime_fixed_60d
2025-02-12,60-day,WF1,1,test,2,3,True,"latest eligible fold after sorting by date, split priority, and fold number",E1_validation_weighted_probability_ensemble,probability_ensemble,TAIEX_regime_fixed_60d,20260624_031817,0.030138172283115352,0.09787549400806227,0.38018336866853947,0.4241702137330107,0.06763275130727202,True,/content/drive/MyDrive/AURORA_TWETF/outputs/AURORA_TWETF/purged_walk_forward_models/run_20260624_031817/probabilities/selected_probabilities_TAIEX_regime_fixed_60d_E1_validation_weighted_probability_ensemble.parquet,TAIEX_regime_fixed_60d
2025-02-13,60-day,WF1,1,test,2,3,True,"latest eligible fold after sorting by date, split priority, and fold number",E1_validation_weighted_probability_ensemble,probability_ensemble,TAIEX_regime_fixed_60d,20260624_031817,0.02580905137859014,0.08856710946873332,0.3392013462091116,0.45252762483102726,0.09389486811253768,True,/content/drive/MyDrive/AURORA_TWETF/outputs/AURORA_TWETF/purged_walk_forward_models/run_20260624_031817/probabilities/selected_probabilities_TAIEX_regime_fixed_60d_E1_validation_weighted_probability_ensemble.parquet,TAIEX_regime_fixed_60d
2025-02-14,60-day,WF1,1,test,2,3,True,"latest eligible fold after sorting by date, split priority, and fold number",E1_validation_weighted_probability_ensemble,probability_ensemble,TAIEX_regime_fixed_60d,20260624_031817,0.026545121267796158,0.09176488303967997,0.33731395510531864,0.4562189151924323,0.08815712539477288,True,/content/drive/MyDrive/AURORA_TWETF/outputs/AURORA_TWETF/purged_walk_forward_models/run_20260624_031817/probabilities/selected_probabilities_TAIEX_regime_fixed_60d_E1_validation_weighted_probability_ensemble.parquet,TAIEX_regime_fixed_60d
2025-02-17,60-day,WF1,1,test,2,3,True,"latest eligible fold after sorting by date, split priority, and fold number",E1_validation_weighted_probability_ensemble,probability_ensemble,TAIEX_regime_fixed_60d,20260624_031817,0.022587442016951984,0.0896228179008094,0.31464293010972244,0.4651425652971104,0.10800424467540576,True,/content/drive/MyDrive/AURORA_TWETF/outputs/AURORA_TWETF/purged_walk_forward_models/run_20260624_031817/probabilities/selected_probabilities_TAIEX_regime_fixed_60d_E1_validation_weighted_probability_ensemble.parquet,TAIEX_regime_fixed_60d
2025-02-18,60-day,WF1,1,test,2,3,True,"latest eligible fold after sorting by date, split priority, and fold number",E1_validation_weighted_probability_ensemble,probability_ensemble,TAIEX_regime_fixed_60d,20260624_031817,0.022880662158831153,0.09153883616905216,0.3684300659229815,0.44313236169959647,0.07401807404953875,True,/content/drive/MyDrive/AURORA_TWETF/outputs/AURORA_TWETF/purged_walk_forward_models/run_20260624_031817/probabilities/selected_probabilities_TAIEX_regime_fixed_60d_E1_validation_weighted_probability_ensemble.parquet,TAIEX_regime_fixed_60d
2025-02-19,60-day,WF1,1,test,2,3,True,"latest eligible fold after sorting by date, split priority, and fold number",E1_validation_weighted_probability_ensemble,probability_ensemble,TAIEX_regime_fixed_60d,20260624_031817,0.02629104477739485,0.09841237706962938,0.3725220750556785,0.42519745731026365,0.07757704578703363,True,/content/drive/MyDrive/AURORA_TWETF/outputs/AURORA_TWETF/purged_walk_forward_models/run_20260624_031817/probabilities/selected_probabilities_TAIEX_regime_fixed_60d_E1_validation_weighted_probability_ensemble.parquet,TAIEX_regime_fixed_60d
2025-02-20,60-day,WF1,1,test,2,3,True,"latest eligible fold after sorting by date, split priority, and fold number",E1_validation_weighted_probability_ensemble,probability_ensemble,TAIEX_regime_fixed_60d,20260624_031817,0.024890352407618034,0.09320453442845869,0.3559241497924471,0.4480550217739646,0.07792594159751164,True,/content/drive/MyDrive/AURORA_TWETF/outputs/AURORA_TWETF/purged_walk_forward_models/run_20260624_031817/probabilities/selected_probabilities_TAIEX_regime_fixed_60d_E1_validation_weighted_probability_ensemble.parquet,TAIEX_regime_fixed_60d
2025-02-21,60-day,WF1,1,test,2,3,True,"latest eligible fold after sorting by date, split priority, and fold number",E1_validation_weighted_probability_ensemble,probability_ensemble,TAIEX_regime_fixed_60d,20260624_031817,0.020611310130104088,0.09424513374348854,0.36716590269793903,0.43358041664969027,0.08439723677877806,True,/content/drive/MyDrive/AURORA_TWETF/outputs/AURORA_TWETF/purged_walk_forward_models/run_20260624_031817/probabilities/selected_probabilities_TAIEX_regime_fixed_60d_E1_validation_weighted_probability_ensemble.parquet,TAIEX_regime_fixed_60d
2025-02-24,60-day,WF1,1,test,2,3,True,"latest eligible fold after sorting by date, split priority, and fold number",E1_validation_weighted_probability_ensemble,probability_ensemble,TAIEX_regime_fixed_60d,20260624_031817,0.023977097572369203,0.08878932414897699,0.3360646408503012,0.4616348909191172,0.08953404650923545,True,/content/drive/MyDrive/AURORA_TWETF/outputs/AURORA_TWETF/purged_walk_forward_models/run_20260624_031817/probabilities/selected_probabilities_TAIEX_regime_fixed_60d_E1_validation_weighted_probability_ensemble.parquet,TAIEX_regime_fixed_60d
2025-02-25,60-day,WF1,1,test,2,3,True,"latest eligible fold after sorting by date, split priority, and fold number",E1_validation_weighted_probability_ensemble,probability_ensemble,TAIEX_regime_fixed_60d,20260624_031817,0.03928943467378733,0.0331261838177824,0.2680513443154588,0.476772900019622,0.1827601371733494,True,/content/drive/MyDrive/AURORA_TWETF/outputs/AURORA_TWETF/purged_walk_forward_models/run_20260624_031817/probabilities/selected_probabilities_TAIEX_regime_fixed_60d_E1_validation_weighted_probability_ensemble.parquet,TAIEX_regime_fixed_60d
2025-02-26,60-day,WF1,1,test,2,3,True,"latest eligible fold after sorting by date, split priority, and fold number",E1_validation_weighted_probability_ensemble,probability_ensemble,TAIEX_regime_fixed_60d,20260624_031817,0.021825290308529303,0.07869394037920166,0.25892787080535073,0.4721272694623682,0.1684256290445501,True,/content/drive/MyDrive/AURORA_TWETF/outputs/AURORA_TWETF/purged_walk_forward_models/run_20260624_031817/probabilities/selected_probabilities_TAIEX_regime_fixed_60d_E1_validation_weighted_probability_ensemble.parquet,TAIEX_regime_fixed_60d
2025-02-27,60-day,WF1,1,test,2,3,True,"latest eligible fold after sorting by date, split priority, and fold number",E1_validation_weighted_probability_ensemble,probability_ensemble,TAIEX_regime_fixed_60d,20260624_031817,0.023007726203855487,0.07175895381951974,0.26940510050350003,0.47778542132950536,0.15804279814361943,True,/content/drive/MyDrive/AURORA_TWETF/outputs/AURORA_TWETF/purged_walk_forward_models/run_20260624_031817/probabilities/selected_probabilities_TAIEX_regime_fixed_60d_E1_validation_weighted_probability_ensemble.parquet,TAIEX_regime_fixed_60d
2025-03-03,60-day,WF1,1,test,2,3,True,"latest eligible fold after sorting by date, split priority, and fold number",E1_validation_weighted_probability_ensemble,probability_ensemble,TAIEX_regime_fixed_60d,20260624_031817,0.02345506649567644,0.09188094731640285,0.3226522697465484,0.43150166849039245,0.13051004795097976,True,/content/drive/MyDrive/AURORA_TWETF/outputs/AURORA_TWETF/purged_walk_forward_models/run_20260624_031817/probabilities/selected_probabilities_TAIEX_regime_fixed_60d_E1_validation_weighted_probability_ensemble.parquet,TAIEX_regime_fixed_60d
2025-03-04,60-day,WF1,1,test,2,3,True,"latest eligible fold after sorting by date, split priority, and fold number",E1_validation_weighted_probability_ensemble,probability_ensemble,TAIEX_regime_fixed_60d,20260624_031817,0.028063221675049897,0.09664623823348739,0.3463666396790917,0.39251835661744566,0.13640554379492542,True,/content/drive/MyDrive/AURORA_TWETF/outputs/AURORA_TWETF/purged_walk_forward_models/run_20260624_031817/probabilities/selected_probabilities_TAIEX_regime_fixed_60d_E1_validation_weighted_probability_ensemble.parquet,TAIEX_regime_fixed_60d
2025-03-05,60-day,WF1,1,test,2,3,True,"latest eligible fold after sorting by date, split priority, and fold number",E1_validation_weighted_probability_ensemble,probability_ensemble,TAIEX_regime_fixed_60d,20260624_031817,0.023063520769042816,0.08100273376222043,0.3192333303996635,0.4232288786247908,0.1534715364442825,True,/content/drive/MyDrive/AURORA_TWETF/outputs/AURORA_TWETF/purged_walk_forward_models/run_20260624_031817/probabilities/selected_probabilities_TAIEX_regime_fixed_60d_E1_validation_weighted_probability_ensemble.parquet,TAIEX_regime_fixed_60d
2025-03-06,60-day,WF1,1,test,2,3,True,"latest eligible fold after sorting by date, split priority, and fold number",E1_validation_weighted_probability_ensemble,probability_ensemble,TAIEX_regime_fixed_60d,20260624_031817,0.0208743135832978,0.07369853949865234,0.30331021016593446,0.4447206683027163,0.15739626844939922,True,/content/drive/MyDrive/AURORA_TWETF/outputs/AURORA_TWETF/purged_walk_forward_models/run_20260624_031817/probabilities/selected_probabilities_TAIEX_regime_fixed_60d_E1_validation_weighted_probability_ensemble.parquet,TAIEX_regime_fixed_60d
2025-03-07,60-day,WF1,1,test,2,3,True,"latest eligible fold after sorting by date, split priority, and fold number",E1_validation_weighted_probability_ensemble,probability_ensemble,TAIEX_regime_fixed_60d,20260624_031817,0.028369104349686026,0.0765632951505588,0.3070712058091503,0.429858310603188,0.15813808408741686,True,/content/drive/MyDrive/AURORA_TWETF/outputs/AURORA_TWETF/purged_walk_forward_models/run_20260624_031817/probabilities/selected_probabilities_TAIEX_regime_fixed_60d_E1_validation_weighted_probability_ensemble.parquet,TAIEX_regime_fixed_60d
2025-03-10,60-day,WF1,1,test,2,3,True,"latest eligible fold after sorting by date, split priority, and fold number",E1_validation_weighted_probability_ensemble,probability_ensemble,TAIEX_regime_fixed_60d,20260624_031817,0.02706042620732281,0.08367783742795344,0.3054074428167602,0.4207203416461723,0.1631339519017913,True,/content/drive/MyDrive/AURORA_TWETF/outputs/AURORA_TWETF/purged_walk_forward_models/run_20260624_031817/probabilities/selected_probabilities_TAIEX_regime_fixed_60d_E1_validation_weighted_probability_ensemble.parquet,TAIEX_regime_fixed_60d
2025-03-11,60-day,WF1,1,test,2,3,True,"latest eligible fold after sorting by date, split priority, and fold number",E1_validation_weighted_probability_ensemble,probability_ensemble,TAIEX_regime_fixed_60d,20260624_031817,0.028182939315364024,0.0859579145729171,0.280695960959688,0.44374611422623284,0.16141707092579805,True,/content/drive/MyDrive/AURORA_TWETF/outputs/AURORA_TWETF/purged_walk_forward_models/run_20260624_031817/probabilities/selected_probabilities_TAIEX_regime_fixed_60d_E1_validation_weighted_probability_ensemble.parquet,TAIEX_regime_fixed_60d
2025-03-12,60-day,WF1,1,test,2,2,True,"latest eligible fold after sorting by date, split priority, and fold number",E1_validation_weighted_probability_ensemble,probability_ensemble,TAIEX_regime_fixed_60d,20260624_031817,0.028583893736673055,0.08125449189972278,0.20922020510489722,0.49086975754173606,0.19007165171697096,True,/content/drive/MyDrive/AURORA_TWETF/outputs/AURORA_TWETF/purged_walk_forward_models/run_20260624_031817/probabilities/selected_probabilities_TAIEX_regime_fixed_60d_E1_validation_weighted_probability_ensemble.parquet,TAIEX_regime_fixed_60d
2025-03-13,60-day,WF1,1,test,2,2,True,"latest eligible fold after sorting by date, split priority, and fold number",E1_validation_weighted_probability_ensemble,probability_ensemble,TAIEX_regime_fixed_60d,20260624_031817,0.03211427742216938,0.09978686787820462,0.32768117355523335,0.41489939937940806,0.12551828176498456,True,/content/drive/MyDrive/AURORA_TWETF/outputs/AURORA_TWETF/purged_walk_forward_models/run_20260624_031817/probabilities/selected_probabilities_TAIEX_regime_fixed_60d_E1_validation_weighted_probability_ensemble.parquet,TAIEX_regime_fixed_60d
2025-03-14,60-day,WF1,1,test,2,2,True,"latest eligible fold after sorting by date, split priority, and fold number",E1_validation_weighted_probability_ensemble,probability_ensemble,TAIEX_regime_fixed_60d,20260624_031817,0.028135668953070528,0.09239706971040351,0.2833550129410713,0.4472764561667057,0.14883579222874904,True,/content/drive/MyDrive/AURORA_TWETF/outputs/AURORA_TWETF/purged_walk_forward_models/run_20260624_031817/probabilities/selected_probabilities_TAIEX_regime_fixed_60d_E1_validation_weighted_probability_ensemble.parquet,TAIEX_regime_fixed_60d
2025-03-17,60-day,WF1,1,test,2,2,True,"latest eligible fold after sorting by date, split priority, and fold number",E1_validation_weighted_probability_ensemble,probability_ensemble,TAIEX_regime_fixed_60d,20260624_031817,0.035069205098118374,0.09846610399578398,0.3469020774004365,0.39414783663635833,0.12541477686930272,True,/content/drive/MyDrive/AURORA_TWETF/outputs/AURORA_TWETF/purged_walk_forward_models/run_20260624_031817/probabilities/selected_probabilities_TAIEX_regime_fixed_60d_E1_validation_weighted_probability_ensemble.parquet,TAIEX_regime_fixed_60d
2025-03-18,60-day,WF1,1,test,2,2,True,"latest eligible fold after sorting by date, split priority, and fold number",E1_validation_weighted_probability_ensemble,probability_ensemble,TAIEX_regime_fixed_60d,20260624_031817,0.034976699089536566,0.09072601221623403,0.3440868027080034,0.4109697480808937,0.11924073790533231,True,/content/drive/MyDrive/AURORA_TWETF/outputs/AURORA_TWETF/purged_walk_forward_models/run_20260624_031817/probabilities/selected_probabilities_TAIEX_regime_fixed_60d_E1_validation_weighted_probability_ensemble.parquet,TAIEX_regime_fixed_60d
2025-03-19,60-day,WF1,1,test,2,2,True,"latest eligible fold after sorting by date, split priority, and fold number",E1_validation_weighted_probability_ensemble,probability_ensemble,TAIEX_regime_fixed_60d,20260624_031817,0.042354237526523425,0.09709499851912197,0.3647564016302734,0.39440500008788765,0.10138936223619363,True,/content/drive/MyDrive/AURORA_TWETF/outputs/AURORA_TWETF/purged_walk_forward_models/run_20260624_031817/probabilities/selected_probabilities_TAIEX_regime_fixed_60d_E1_validation_weighted_probability_ensemble.parquet,TAIEX_regime_fixed_60d
2025-03-20,60-day,WF1,1,test,2,2,True,"latest eligible fold after sorting by date, split priority, and fold number",E1_validation_weighted_probability_ensemble,probability_ensemble,TAIEX_regime_fixed_60d,20260624_031817,0.040919574604006574,0.10141512372450834,0.3626998578272129,0.3864535747617879,0.10851186908248428,True,/content/drive/MyDrive/AURORA_TWETF/outputs/AURORA_TWETF/purged_walk_forward_models/run_20260624_031817/probabilities/selected_probabilities_TAIEX_regime_fixed_60d_E1_validation_weighted_probability_ensemble.parquet,TAIEX_regime_fixed_60d
2025-03-21,60-day,WF1,1,test,2,2,True,"latest eligible fold after sorting by date, split priority, and fold number",E1_validation_weighted_probability_ensemble,probability_ensemble,TAIEX_regime_fixed_60d,20260624_031817,0.04497283457012979,0.10099347232305375,0.40135216455890366,0.3606855494757858,0.09199597907212692,True,/content/drive/MyDrive/AURORA_TWETF/outputs/AURORA_TWETF/purged_walk_forward_models/run_20260624_031817/probabilities/selected_probabilities_TAIEX_regime_fixed_60d_E1_validation_weighted_probability_ensemble.parquet,TAIEX_regime_fixed_60d
2025-03-24,60-day,WF1,1,test,2,2,True,"latest eligible fold after sorting by date, split priority, and fold number",E1_validation_weighted_probability_ensemble,probability_ensemble,TAIEX_regime_fixed_60d,20260624_031817,0.03984188317737428,0.08204867749206102,0.30620899122795986,0.43755268209654447,0.1343477660060604,True,/content/drive/MyDrive/AURORA_TWETF/outputs/AURORA_TWETF/purged_walk_forward_models/run_20260624_031817/probabilities/selected_probabilities_TAIEX_regime_fixed_60d_E1_validation_weighted_probability_ensemble.parquet,TAIEX_regime_fixed_60d
2025-03-25,60-day,WF1,1,test,2,2,True,"latest eligible fold after sorting by date, split priority, and fold number",E1_validation_weighted_probability_ensemble,probability_ensemble,TAIEX_regime_fixed_60d,20260624_031817,0.05044394405685719,0.09574018019212524,0.3680678611916927,0.3785906310522358,0.10715738350708912,True,/content/drive/MyDrive/AURORA_TWETF/outputs/AURORA_TWETF/purged_walk_forward_models/run_20260624_031817/probabilities/selected_probabilities_TAIEX_regime_fixed_60d_E1_validation_weighted_probability_ensemble.parquet,TAIEX_regime_fixed_60d
2025-03-26,60-day,WF1,1,test,2,2,True,"latest eligible fold after sorting by date, split priority, and fold number",E1_validation_weighted_probability_ensemble,probability_ensemble,TAIEX_regime_fixed_60d,20260624_031817,0.04253312932966087,0.07598080636152724,0.2983528811068082,0.45117416789415427,0.13195901530784954,True,/content/drive/MyDrive/AURORA_TWETF/outputs/AURORA_TWETF/purged_walk_forward_models/run_20260624_031817/probabilities/selected_probabilities_TAIEX_regime_fixed_60d_E1_validation_weighted_probability_ensemble.parquet,TAIEX_regime_fixed_60d
2025-03-27,60-day,WF1,1,test,2,2,True,"latest eligible fold after sorting by date, split priority, and fold number",E1_validation_weighted_probability_ensemble,probability_ensemble,TAIEX_regime_fixed_60d,20260624_031817,0.047259210227070775,0.07616580336731563,0.3002601353169011,0.44405932197350545,0.1322555291152071,True,/content/drive/MyDrive/AURORA_TWETF/outputs/AURORA_TWETF/purged_walk_forward_models/run_20260624_031817/probabilities/selected_probabilities_TAIEX_regime_fixed_60d_E1_validation_weighted_probability_ensemble.parquet,TAIEX_regime_fixed_60d
2025-03-28,60-day,WF1,1,test,2,2,True,"latest eligible fold after sorting by date, split priority, and fold number",E1_validation_weighted_probability_ensemble,probability_ensemble,TAIEX_regime_fixed_60d,20260624_031817,0.03946109347159467,0.08082164610922826,0.25713186104499525,0.45456954760586393,0.1680158517683179,True,/content/drive/MyDrive/AURORA_TWETF/outputs/AURORA_TWETF/purged_walk_forward_models/run_20260624_031817/probabilities/selected_probabilities_TAIEX_regime_fixed_60d_E1_validation_weighted_probability_ensemble.parquet,TAIEX_regime_fixed_60d
2025-03-31,60-day,WF1,1,test,2,2,True,"latest eligible fold after sorting by date, split priority, and fold number",E1_validation_weighted_probability_ensemble,probability_ensemble,TAIEX_regime_fixed_60d,20260624_031817,0.03384265176930741,0.07060634372588687,0.16442688366195904,0.45747353595977186,0.2736505848830748,True,/content/drive/MyDrive/AURORA_TWETF/outputs/AURORA_TWETF/purged_walk_forward_models/run_20260624_031817/probabilities/selected_probabilities_TAIEX_regime_fixed_60d_E1_validation_weighted_probability_ensemble.parquet,TAIEX_regime_fixed_60d
2025-04-01,60-day,WF1,1,test,2,2,True,"latest eligible fold after sorting by date, split priority, and fold number",E1_validation_weighted_probability_ensemble,probability_ensemble,TAIEX_regime_fixed_60d,20260624_031817,0.02237027801530668,0.0694863207125959,0.1375655723978795,0.44493005235230426,0.3256477765219137,True,/content/drive/MyDrive/AURORA_TWETF/outputs/AURORA_TWETF/purged_walk_forward_models/run_20260624_031817/probabilities/selected_probabilities_TAIEX_regime_fixed_60d_E1_validation_weighted_probability_ensemble.parquet,TAIEX_regime_fixed_60d
2025-04-02,60-day,WF1,1,test,2,2,True,"latest eligible fold after sorting by date, split priority, and fold number",E1_validation_weighted_probability_ensemble,probability_ensemble,TAIEX_regime_fixed_60d,20260624_031817,0.026381443572336676,0.0657648133144675,0.14692391780656325,0.4593014268559795,0.3016283984506531,True,/content/drive/MyDrive/AURORA_TWETF/outputs/AURORA_TWETF/purged_walk_forward_models/run_20260624_031817/probabilities/selected_probabilities_TAIEX_regime_fixed_60d_E1_validation_weighted_probability_ensemble.parquet,TAIEX_regime_fixed_60d
2025-04-07,60-day,WF1,1,test,2,2,True,"latest eligible fold after sorting by date, split priority, and fold number",E1_validation_weighted_probability_ensemble,probability_ensemble,TAIEX_regime_fixed_60d,20260624_031817,0.030194763639696608,0.06580896111604942,0.15198646225429624,0.4518950907390638,0.300114722250894,True,/content/drive/MyDrive/AURORA_TWETF/outputs/AURORA_TWETF/purged_walk_forward_models/run_20260624_031817/probabilities/selected_probabilities_TAIEX_regime_fixed_60d_E1_validation_weighted_probability_ensemble.parquet,TAIEX_regime_fixed_60d
2025-04-08,60-day,WF1,1,test,2,2,True,"latest eligible fold after sorting by date, split priority, and fold number",E1_validation_weighted_probability_ensemble,probability_ensemble,TAIEX_regime_fixed_60d,20260624_031817,0.028173726291572512,0.09406441631300694,0.21935780037184263,0.4451860788133679,0.21321797821020994,True,/content/drive/MyDrive/AURORA_TWETF/outputs/AURORA_TWETF/purged_walk_forward_models/run_20260624_031817/probabilities/selected_probabilities_TAIEX_regime_fixed_60d_E1_validation_weighted_probability_ensemble.parquet,TAIEX_regime_fixed_60d
2025-04-09,60-day,WF1,1,test,2,2,True,"latest eligible fold after sorting by date, split priority, and fold number",E1_validation_weighted_probability_ensemble,probability_ensemble,TAIEX_regime_fixed_60d,20260624_031817,0.020364465041336863,0.11262200039677521,0.17223352843410833,0.4901147675864652,0.20466523854131446,True,/content/drive/MyDrive/AURORA_TWETF/outputs/AURORA_TWETF/purged_walk_forward_models/run_20260624_031817/probabilities/selected_probabilities_TAIEX_regime_fixed_60d_E1_validation_weighted_probability_ensemble.parquet,TAIEX_regime_fixed_60d
2025-04-10,60-day,WF1,1,test,2,2,True,"latest eligible fold after sorting by date, split priority, and fold number",E1_validation_weighted_probability_ensemble,probability_ensemble,TAIEX_regime_fixed_60d,20260624_031817,0.03641230538785017,0.09673486241068695,0.19963902987302304,0.4636508096864658,0.20356299264197386,True,/content/drive/MyDrive/AURORA_TWETF/outputs/AURORA_TWETF/purged_walk_forward_models/run_20260624_031817/probabilities/selected_probabilities_TAIEX_regime_fixed_60d_E1_validation_weighted_probability_ensemble.parquet,TAIEX_regime_fixed_60d
2025-04-11,60-day,WF1,1,test,2,2,True,"latest eligible fold after sorting by date, split priority, and fold number",E1_validation_weighted_probability_ensemble,probability_ensemble,TAIEX_regime_fixed_60d,20260624_031817,0.03155070915418801,0.12144394971722229,0.2208710424275024,0.45629185168595815,0.16984244701512918,True,/content/drive/MyDrive/AURORA_TWETF/outputs/AURORA_TWETF/purged_walk_forward_models/run_20260624_031817/probabilities/selected_probabilities_TAIEX_regime_fixed_60d_E1_validation_weighted_probability_ensemble.parquet,TAIEX_regime_fixed_60d
2025-04-14,60-day,WF1,1,test,2,2,True,"latest eligible fold after sorting by date, split priority, and fold number",E1_validation_weighted_probability_ensemble,probability_ensemble,TAIEX_regime_fixed_60d,20260624_031817,0.03418802508192294,0.115390810352477,0.1940288917220803,0.46465139763138236,0.19174087521213748,True,/content/drive/MyDrive/AURORA_TWETF/outputs/AURORA_TWETF/purged_walk_forward_models/run_20260624_031817/probabilities/selected_probabilities_TAIEX_regime_fixed_60d_E1_validation_weighted_probability_ensemble.parquet,TAIEX_regime_fixed_60d
2025-04-15,60-day,WF1,1,test,2,2,True,"latest eligible fold after sorting by date, split priority, and fold number",E1_validation_weighted_probability_ensemble,probability_ensemble,TAIEX_regime_fixed_60d,20260624_031817,0.04954461430735879,0.11078521044144168,0.18222404933008005,0.4706459946987957,0.18680013122232386,True,/content/drive/MyDrive/AURORA_TWETF/outputs/AURORA_TWETF/purged_walk_forward_models/run_20260624_031817/probabilities/selected_probabilities_TAIEX_regime_fixed_60d_E1_validation_weighted_probability_ensemble.parquet,TAIEX_regime_fixed_60d
2025-04-16,60-day,WF1,1,test,2,2,True,"latest eligible fold after sorting by date, split priority, and fold number",E1_validation_weighted_probability_ensemble,probability_ensemble,TAIEX_regime_fixed_60d,20260624_031817,0.04606058499820029,0.10615238875146589,0.1897589568492247,0.48148006462779785,0.17654800477331123,True,/content/drive/MyDrive/AURORA_TWETF/outputs/AURORA_TWETF/purged_walk_forward_models/run_20260624_031817/probabilities/selected_probabilities_TAIEX_regime_fixed_60d_E1_validation_weighted_probability_ensemble.parquet,TAIEX_regime_fixed_60d
2025-04-17,60-day,WF1,1,test,2,2,True,"latest eligible fold after sorting by date, split priority, and fold number",E1_validation_weighted_probability_ensemble,probability_ensemble,TAIEX_regime_fixed_60d,20260624_031817,0.03522146949659272,0.09985440669536574,0.18922385737519865,0.49238499964998594,0.18331526678285695,True,/content/drive/MyDrive/AURORA_TWETF/outputs/AURORA_TWETF/purged_walk_forward_models/run_20260624_031817/probabilities/selected_probabilities_TAIEX_regime_fixed_60d_E1_validation_weighted_probability_ensemble.parquet,TAIEX_regime_fixed_60d
2025-04-18,60-day,WF1,1,test,2,2,True,"latest eligible fold after sorting by date, split priority, and fold number",E1_validation_weighted_probability_ensemble,probability_ensemble,TAIEX_regime_fixed_60d,20260624_031817,0.03713459455675848,0.10453298090524359,0.22310219768539674,0.48395634588436215,0.1512738809682391,True,/content/drive/MyDrive/AURORA_TWETF/outputs/AURORA_TWETF/purged_walk_forward_models/run_20260624_031817/probabilities/selected_probabilities_TAIEX_regime_fixed_60d_E1_validation_weighted_probability_ensemble.parquet,TAIEX_regime_fixed_60d
2025-04-21,60-day,WF1,1,test,2,2,True,"latest eligible fold after sorting by date, split priority, and fold number",E1_validation_weighted_probability_ensemble,probability_ensemble,TAIEX_regime_fixed_60d,20260624_031817,0.030723782954753157,0.10145471876591051,0.2434971308221001,0.4766770462844751,0.1476473211727612,True,/content/drive/MyDrive/AURORA_TWETF/outputs/AURORA_TWETF/purged_walk_forward_models/run_20260624_031817/probabilities/selected_probabilities_TAIEX_regime_fixed_60d_E1_validation_weighted_probability_ensemble.parquet,TAIEX_regime_fixed_60d
2025-04-22,60-day,WF1,1,test,2,2,True,"latest eligible fold after sorting by date, split priority, and fold number",E1_validation_weighted_probability_ensemble,probability_ensemble,TAIEX_regime_fixed_60d,20260624_031817,0.04502235691639757,0.10282563629463418,0.2248774758277202,0.47525339288267465,0.15202113807857343,True,/content/drive/MyDrive/AURORA_TWETF/outputs/AURORA_TWETF/purged_walk_forward_models/run_20260624_031817/probabilities/selected_probabilities_TAIEX_regime_fixed_60d_E1_validation_weighted_probability_ensemble.parquet,TAIEX_regime_fixed_60d
2025-04-23,60-day,WF1,1,test,2,2,True,"latest eligible fold after sorting by date, split priority, and fold number",E1_validation_weighted_probability_ensemble,probability_ensemble,TAIEX_regime_fixed_60d,20260624_031817,0.06696861945959473,0.0978271212049221,0.22415392783634924,0.46442194000936843,0.14662839148976553,True,/content/drive/MyDrive/AURORA_TWETF/outputs/AURORA_TWETF/purged_walk_forward_models/run_20260624_031817/probabilities/selected_probabilities_TAIEX_regime_fixed_60d_E1_validation_weighted_probability_ensemble.parquet,TAIEX_regime_fixed_60d
2025-04-24,60-day,WF1,1,test,2,2,True,"latest eligible fold after sorting by date, split priority, and fold number",E1_validation_weighted_probability_ensemble,probability_ensemble,TAIEX_regime_fixed_60d,20260624_031817,0.06392178552650013,0.09060111259795679,0.2728407541675259,0.44033630166584325,0.13230004604217396,True,/content/drive/MyDrive/AURORA_TWETF/outputs/AURORA_TWETF/purged_walk_forward_models/run_20260624_031817/probabilities/selected_probabilities_TAIEX_regime_fixed_60d_E1_validation_weighted_probability_ensemble.parquet,TAIEX_regime_fixed_60d
2025-04-25,60-day,WF1,1,test,2,2,True,"latest eligible fold after sorting by date, split priority, and fold number",E1_validation_weighted_probability_ensemble,probability_ensemble,TAIEX_regime_fixed_60d,20260624_031817,0.08665451206846243,0.08437763046575661,0.238679762378465,0.44940170288671194,0.140886392200604,True,/content/drive/MyDrive/AURORA_TWETF/outputs/AURORA_TWETF/purged_walk_forward_models/run_20260624_031817/probabilities/selected_probabilities_TAIEX_regime_fixed_60d_E1_validation_weighted_probability_ensemble.parquet,TAIEX_regime_fixed_60d
2025-04-28,60-day,WF1,1,test,2,2,True,"latest eligible fold after sorting by date, split priority, and fold number",E1_validation_weighted_probability_ensemble,probability_ensemble,TAIEX_regime_fixed_60d,20260624_031817,0.10363743898401201,0.09490569811229721,0.32360461197160256,0.38410755634265026,0.09374469458943796,True,/content/drive/MyDrive/AURORA_TWETF/outputs/AURORA_TWETF/purged_walk_forward_models/run_20260624_031817/probabilities/selected_probabilities_TAIEX_regime_fixed_60d_E1_validation_weighted_probability_ensemble.parquet,TAIEX_regime_fixed_60d
2025-04-29,60-day,WF1,1,test,2,2,True,"latest eligible fold after sorting by date, split priority, and fold number",E1_validation_weighted_probability_ensemble,probability_ensemble,TAIEX_regime_fixed_60d,20260624_031817,0.10183335345082895,0.09329078667469105,0.3413456453867721,0.3784153866618015,0.08511482782590636,True,/content/drive/MyDrive/AURORA_TWETF/outputs/AURORA_TWETF/purged_walk_forward_models/run_20260624_031817/probabilities/selected_probabilities_TAIEX_regime_fixed_60d_E1_validation_weighted_probability_ensemble.parquet,TAIEX_regime_fixed_60d
2025-04-30,60-day,WF1,1,test,2,2,True,"latest eligible fold after sorting by date, split priority, and fold number",E1_validation_weighted_probability_ensemble,probability_ensemble,TAIEX_regime_fixed_60d,20260624_031817,0.10646011204053962,0.08934630813118023,0.34269161581997387,0.3827115927439711,0.07879037126433519,True,/content/drive/MyDrive/AURORA_TWETF/outputs/AURORA_TWETF/purged_walk_forward_models/run_20260624_031817/probabilities/selected_probabilities_TAIEX_regime_fixed_60d_E1_validation_weighted_probability_ensemble.parquet,TAIEX_regime_fixed_60d
2025-05-02,60-day,WF1,1,test,2,2,True,"latest eligible fold after sorting by date, split priority, and fold number",E1_validation_weighted_probability_ensemble,probability_ensemble,TAIEX_regime_fixed_60d,20260624_031817,0.10735022827274712,0.09686418631634852,0.36077671103212294,0.3622434107996161,0.07276546357916534,True,/content/drive/MyDrive/AURORA_TWETF/outputs/AURORA_TWETF/purged_walk_forward_models/run_20260624_031817/probabilities/selected_probabilities_TAIEX_regime_fixed_60d_E1_validation_weighted_probability_ensemble.parquet,TAIEX_regime_fixed_60d
2025-05-05,60-day,WF1,1,test,2,2,True,"latest eligible fold after sorting by date, split priority, and fold number",E1_validation_weighted_probability_ensemble,probability_ensemble,TAIEX_regime_fixed_60d,20260624_031817,0.12938435021680067,0.17640433995595162,0.44422218418313275,0.21200604969173406,0.03798307595238093,True,/content/drive/MyDrive/AURORA_TWETF/outputs/AURORA_TWETF/purged_walk_forward_models/run_20260624_031817/probabilities/selected_probabilities_TAIEX_regime_fixed_60d_E1_validation_weighted_probability_ensemble.parquet,TAIEX_regime_fixed_60d
2025-05-06,60-day,WF1,1,test,2,2,True,"latest eligible fold after sorting by date, split priority, and fold number",E1_validation_weighted_probability_ensemble,probability_ensemble,TAIEX_regime_fixed_60d,20260624_031817,0.09882708519064769,0.11822321605258279,0.4275931623056317,0.29689448608221064,0.0584620503689271,True,/content/drive/MyDrive/AURORA_TWETF/outputs/AURORA_TWETF/purged_walk_forward_models/run_20260624_031817/probabilities/selected_probabilities_TAIEX_regime_fixed_60d_E1_validation_weighted_probability_ensemble.parquet,TAIEX_regime_fixed_60d
2025-05-07,60-day,WF1,1,test,2,2,True,"latest eligible fold after sorting by date, split priority, and fold number",E1_validation_weighted_probability_ensemble,probability_ensemble,TAIEX_regime_fixed_60d,20260624_031817,0.09675169750872886,0.14227641325532933,0.43558333360414053,0.2565038997812852,0.0688846558505161,True,/content/drive/MyDrive/AURORA_TWETF/outputs/AURORA_TWETF/purged_walk_forward_models/run_20260624_031817/probabilities/selected_probabilities_TAIEX_regime_fixed_60d_E1_validation_weighted_probability_ensemble.parquet,TAIEX_regime_fixed_60d
2025-05-08,60-day,WF1,1,test,2,2,True,"latest eligible fold after sorting by date, split priority, and fold number",E1_validation_weighted_probability_ensemble,probability_ensemble,TAIEX_regime_fixed_60d,20260624_031817,0.11570588726153608,0.15026715515060604,0.4454824746174498,0.23654404190375294,0.05200044106665515,True,/content/drive/MyDrive/AURORA_TWETF/outputs/AURORA_TWETF/purged_walk_forward_models/run_20260624_031817/probabilities/selected_probabilities_TAIEX_regime_fixed_60d_E1_validation_weighted_probability_ensemble.parquet,TAIEX_regime_fixed_60d
2025-05-09,60-day,WF1,1,test,2,2,True,"latest eligible fold after sorting by date, split priority, and fold number",E1_validation_weighted_probability_ensemble,probability_ensemble,TAIEX_regime_fixed_60d,20260624_031817,0.11610235644742989,0.15083002509938667,0.45656875655517426,0.22288387736094184,0.05361498453706731,True,/content/drive/MyDrive/AURORA_TWETF/outputs/AURORA_TWETF/purged_walk_forward_models/run_20260624_031817/probabilities/selected_probabilities_TAIEX_regime_fixed_60d_E1_validation_weighted_probability_ensemble.parquet,TAIEX_regime_fixed_60d
2025-05-12,60-day,WF1,1,test,2,2,True,"latest eligible fold after sorting by date, split priority, and fold number",E1_validation_weighted_probability_ensemble,probability_ensemble,TAIEX_regime_fixed_60d,20260624_031817,0.09745671957146344,0.12333729020820013,0.4500291242952914,0.25891774438341003,0.07025912154163504,True,/content/drive/MyDrive/AURORA_TWETF/outputs/AURORA_TWETF/purged_walk_forward_models/run_20260624_031817/probabilities/selected_probabilities_TAIEX_regime_fixed_60d_E1_validation_weighted_probability_ensemble.parquet,TAIEX_regime_fixed_60d
2025-05-13,60-day,WF1,1,test,2,2,True,"latest eligible fold after sorting by date, split priority, and fold number",E1_validation_weighted_probability_ensemble,probability_ensemble,TAIEX_regime_fixed_60d,20260624_031817,0.11135302932787436,0.10764106183014996,0.42252484169007665,0.2809561562859265,0.07752491086597253,True,/content/drive/MyDrive/AURORA_TWETF/outputs/AURORA_TWETF/purged_walk_forward_models/run_20260624_031817/probabilities/selected_probabilities_TAIEX_regime_fixed_60d_E1_validation_weighted_probability_ensemble.parquet,TAIEX_regime_fixed_60d
2025-05-14,60-day,WF1,1,test,2,2,True,"latest eligible fold after sorting by date, split priority, and fold number",E1_validation_weighted_probability_ensemble,probability_ensemble,TAIEX_regime_fixed_60d,20260624_031817,0.13582112006667219,0.11653515809557878,0.4388344643197141,0.2658460053361422,0.04296325218189269,True,/content/drive/MyDrive/AURORA_TWETF/outputs/AURORA_TWETF/purged_walk_forward_models/run_20260624_031817/probabilities/selected_probabilities_TAIEX_regime_fixed_60d_E1_validation_weighted_probability_ensemble.parquet,TAIEX_regime_fixed_60d
2025-05-15,60-day,WF1,1,test,2,2,True,"latest eligible fold after sorting by date, split priority, and fold number",E1_validation_weighted_probability_ensemble,probability_ensemble,TAIEX_regime_fixed_60d,20260624_031817,0.12298792439083432,0.12299096161092221,0.44602343224332297,0.2593846316722621,0.048613050082658385,True,/content/drive/MyDrive/AURORA_TWETF/outputs/AURORA_TWETF/purged_walk_forward_models/run_20260624_031817/probabilities/selected_probabilities_TAIEX_regime_fixed_60d_E1_validation_weighted_probability_ensemble.parquet,TAIEX_regime_fixed_60d
2025-05-16,60-day,WF1,1,test,2,2,True,"latest eligible fold after sorting by date, split priority, and fold number",E1_validation_weighted_probability_ensemble,probability_ensemble,TAIEX_regime_fixed_60d,20260624_031817,0.11766842859529794,0.10879194885711711,0.43102074732939505,0.28650360186563345,0.05601527335255651,True,/content/drive/MyDrive/AURORA_TWETF/outputs/AURORA_TWETF/purged_walk_forward_models/run_20260624_031817/probabilities/selected_probabilities_TAIEX_regime_fixed_60d_E1_validation_weighted_probability_ensemble.parquet,TAIEX_regime_fixed_60d
2025-05-19,60-day,WF1,1,test,2,2,True,"latest eligible fold after sorting by date, split priority, and fold number",E1_validation_weighted_probability_ensemble,probability_ensemble,TAIEX_regime_fixed_60d,20260624_031817,0.10280658618782026,0.10818785871383174,0.4225911000286283,0.2964509596638853,0.06996349540583444,True,/content/drive/MyDrive/AURORA_TWETF/outputs/AURORA_TWETF/purged_walk_forward_models/run_20260624_031817/probabilities/selected_probabilities_TAIEX_regime_fixed_60d_E1_validation_weighted_probability_ensemble.parquet,TAIEX_regime_fixed_60d
2025-05-20,60-day,WF1,1,test,2,2,True,"latest eligible fold after sorting by date, split priority, and fold number",E1_validation_weighted_probability_ensemble,probability_ensemble,TAIEX_regime_fixed_60d,20260624_031817,0.10213757969793785,0.09933952462779182,0.4046115555821436,0.3179366039161243,0.07597473617600245,True,/content/drive/MyDrive/AURORA_TWETF/outputs/AURORA_TWETF/purged_walk_forward_models/run_20260624_031817/probabilities/selected_probabilities_TAIEX_regime_fixed_60d_E1_validation_weighted_probability_ensemble.parquet,TAIEX_regime_fixed_60d
2025-05-21,60-day,WF1,1,test,2,2,True,"latest eligible fold after sorting by date, split priority, and fold number",E1_validation_weighted_probability_ensemble,probability_ensemble,TAIEX_regime_fixed_60d,20260624_031817,0.10922177833152712,0.10449410836754634,0.4113796835111932,0.3063419770351586,0.0685624527545747,True,/content/drive/MyDrive/AURORA_TWETF/outputs/AURORA_TWETF/purged_walk_forward_models/run_20260624_031817/probabilities/selected_probabilities_TAIEX_regime_fixed_60d_E1_validation_weighted_probability_ensemble.parquet,TAIEX_regime_fixed_60d
2025-05-22,60-day,WF1,1,test,2,2,True,"latest eligible fold after sorting by date, split priority, and fold number",E1_validation_weighted_probability_ensemble,probability_ensemble,TAIEX_regime_fixed_60d,20260624_031817,0.0932392914676085,0.10077445917654998,0.41341537783442606,0.31340464390117,0.07916622762024546,True,/content/drive/MyDrive/AURORA_TWETF/outputs/AURORA_TWETF/purged_walk_forward_models/run_20260624_031817/probabilities/selected_probabilities_TAIEX_regime_fixed_60d_E1_validation_weighted_probability_ensemble.parquet,TAIEX_regime_fixed_60d
2025-05-23,60-day,WF1,1,test,2,2,True,"latest eligible fold after sorting by date, split priority, and fold number",E1_validation_weighted_probability_ensemble,probability_ensemble,TAIEX_regime_fixed_60d,20260624_031817,0.07974928515420728,0.09652077972813532,0.39519445646288104,0.34437826434262,0.08415721431215643,True,/content/drive/MyDrive/AURORA_TWETF/outputs/AURORA_TWETF/purged_walk_forward_models/run_20260624_031817/probabilities/selected_probabilities_TAIEX_regime_fixed_60d_E1_validation_weighted_probability_ensemble.parquet,TAIEX_regime_fixed_60d
2025-05-26,60-day,WF1,1,test,2,2,True,"latest eligible fold after sorting by date, split priority, and fold number",E1_validation_weighted_probability_ensemble,probability_ensemble,TAIEX_regime_fixed_60d,20260624_031817,0.08072735046347775,0.10173061610357029,0.4035058392025098,0.336291524034395,0.07774467019604724,True,/content/drive/MyDrive/AURORA_TWETF/outputs/AURORA_TWETF/purged_walk_forward_models/run_20260624_031817/probabilities/selected_probabilities_TAIEX_regime_fixed_60d_E1_validation_weighted_probability_ensemble.parquet,TAIEX_regime_fixed_60d
2025-05-27,60-day,WF1,1,test,2,2,True,"latest eligible fold after sorting by date, split priority, and fold number",E1_validation_weighted_probability_ensemble,probability_ensemble,TAIEX_regime_fixed_60d,20260624_031817,0.07006696547905224,0.087904908299964,0.3744945354121542,0.37185969994014234,0.09567389086868722,True,/content/drive/MyDrive/AURORA_TWETF/outputs/AURORA_TWETF/purged_walk_forward_models/run_20260624_031817/probabilities/selected_probabilities_TAIEX_regime_fixed_60d_E1_validation_weighted_probability_ensemble.parquet,TAIEX_regime_fixed_60d
2025-05-28,60-day,WF1,1,test,2,2,True,"latest eligible fold after sorting by date, split priority, and fold number",E1_validation_weighted_probability_ensemble,probability_ensemble,TAIEX_regime_fixed_60d,20260624_031817,0.07458046258834017,0.08978559127346206,0.3533782732920702,0.3867909789789554,0.09546469386717217,True,/content/drive/MyDrive/AURORA_TWETF/outputs/AURORA_TWETF/purged_walk_forward_models/run_20260624_031817/probabilities/selected_probabilities_TAIEX_regime_fixed_60d_E1_validation_weighted_probability_ensemble.parquet,TAIEX_regime_fixed_60d
2025-05-29,60-day,WF1,1,test,2,2,True,"latest eligible fold after sorting by date, split priority, and fold number",E1_validation_weighted_probability_ensemble,probability_ensemble,TAIEX_regime_fixed_60d,20260624_031817,0.07204572409380905,0.07644502264798023,0.323405524580148,0.42203336971249156,0.10607035896557117,True,/content/drive/MyDrive/AURORA_TWETF/outputs/AURORA_TWETF/purged_walk_forward_models/run_20260624_031817/probabilities/selected_probabilities_TAIEX_regime_fixed_60d_E1_validation_weighted_probability_ensemble.parquet,TAIEX_regime_fixed_60d
2025-06-02,60-day,WF1,1,test,2,2,True,"latest eligible fold after sorting by date, split priority, and fold number",E1_validation_weighted_probability_ensemble,probability_ensemble,TAIEX_regime_fixed_60d,20260624_031817,0.07268030685536603,0.08571947705209843,0.3224563150091732,0.4283335320545538,0.09081036902880857,True,/content/drive/MyDrive/AURORA_TWETF/outputs/AURORA_TWETF/purged_walk_forward_models/run_20260624_031817/probabilities/selected_probabilities_TAIEX_regime_fixed_60d_E1_validation_weighted_probability_ensemble.parquet,TAIEX_regime_fixed_60d
2025-06-03,60-day,WF1,1,test,2,2,True,"latest eligible fold after sorting by date, split priority, and fold number",E1_validation_weighted_probability_ensemble,probability_ensemble,TAIEX_regime_fixed_60d,20260624_031817,0.05890708103281729,0.07589618035506056,0.2798920733241371,0.4409099260890611,0.14439473919892395,True,/content/drive/MyDrive/AURORA_TWETF/outputs/AURORA_TWETF/purged_walk_forward_models/run_20260624_031817/probabilities/selected_probabilities_TAIEX_regime_fixed_60d_E1_validation_weighted_probability_ensemble.parquet,TAIEX_regime_fixed_60d
2025-06-04,60-day,WF1,1,test,2,2,True,"latest eligible fold after sorting by date, split priority, and fold number",E1_validation_weighted_probability_ensemble,probability_ensemble,TAIEX_regime_fixed_60d,20260624_031817,0.058239980840105274,0.0721574859659505,0.2989470334512231,0.4389845556896822,0.1316709440530389,True,/content/drive/MyDrive/AURORA_TWETF/outputs/AURORA_TWETF/purged_walk_forward_models/run_20260624_031817/probabilities/selected_probabilities_TAIEX_regime_fixed_60d_E1_validation_weighted_probability_ensemble.parquet,TAIEX_regime_fixed_60d
2025-06-05,60-day,WF1,1,test,2,2,True,"latest eligible fold after sorting by date, split priority, and fold number",E1_validation_weighted_probability_ensemble,probability_ensemble,TAIEX_regime_fixed_60d,20260624_031817,0.051390346644531223,0.07250730281616855,0.35337006023435585,0.4390206000589673,0.0837116902459771,True,/content/drive/MyDrive/AURORA_TWETF/outputs/AURORA_TWETF/purged_walk_forward_models/run_20260624_031817/probabilities/selected_probabilities_TAIEX_regime_fixed_60d_E1_validation_weighted_probability_ensemble.parquet,TAIEX_regime_fixed_60d
2025-06-06,60-day,WF1,1,test,2,2,True,"latest eligible fold after sorting by date, split priority, and fold number",E1_validation_weighted_probability_ensemble,probability_ensemble,TAIEX_regime_fixed_60d,20260624_031817,0.043312435477421765,0.07480207921069976,0.36863985764377577,0.42330029630594646,0.08994533136215628,True,/content/drive/MyDrive/AURORA_TWETF/outputs/AURORA_TWETF/purged_walk_forward_models/run_20260624_031817/probabilities/selected_probabilities_TAIEX_regime_fixed_60d_E1_validation_weighted_probability_ensemble.parquet,TAIEX_regime_fixed_60d
2025-06-09,60-day,WF1,1,test,2,2,True,"latest eligible fold after sorting by date, split priority, and fold number",E1_validation_weighted_probability_ensemble,probability_ensemble,TAIEX_regime_fixed_60d,20260624_031817,0.041332933320538064,0.07082983534513179,0.3495260767622668,0.4457121717440793,0.09259898282798408,True,/content/drive/MyDrive/AURORA_TWETF/outputs/AURORA_TWETF/purged_walk_forward_models/run_20260624_031817/probabilities/selected_probabilities_TAIEX_regime_fixed_60d_E1_validation_weighted_probability_ensemble.parquet,TAIEX_regime_fixed_60d
2025-06-10,60-day,WF2,2,test,2,3,True,"latest eligible fold after sorting by date, split priority, and fold number",E1_validation_weighted_probability_ensemble,probability_ensemble,TAIEX_regime_fixed_60d,20260624_031817,0.04594424274280525,0.3121588420880923,0.2977796360631762,0.22569393044583938,0.11842334866008697,True,/content/drive/MyDrive/AURORA_TWETF/outputs/AURORA_TWETF/purged_walk_forward_models/run_20260624_031817/probabilities/selected_probabilities_TAIEX_regime_fixed_60d_E1_validation_weighted_probability_ensemble.parquet,TAIEX_regime_fixed_60d
2025-06-11,60-day,WF2,2,test,2,3,True,"latest eligible fold after sorting by date, split priority, and fold number",E1_validation_weighted_probability_ensemble,probability_ensemble,TAIEX_regime_fixed_60d,20260624_031817,0.03981876692625239,0.09182945910846296,0.3068088566550036,0.43270611885776394,0.12883679845251714,True,/content/drive/MyDrive/AURORA_TWETF/outputs/AURORA_TWETF/purged_walk_forward_models/run_20260624_031817/probabilities/selected_probabilities_TAIEX_regime_fixed_60d_E1_validation_weighted_probability_ensemble.parquet,TAIEX_regime_fixed_60d
2025-06-12,60-day,WF2,2,test,2,3,True,"latest eligible fold after sorting by date, split priority, and fold number",E1_validation_weighted_probability_ensemble,probability_ensemble,TAIEX_regime_fixed_60d,20260624_031817,0.040281300458007624,0.31794650898423404,0.30264472022008265,0.21357715811105432,0.12555031222662127,True,/content/drive/MyDrive/AURORA_TWETF/outputs/AURORA_TWETF/purged_walk_forward_models/run_20260624_031817/probabilities/selected_probabilities_TAIEX_regime_fixed_60d_E1_validation_weighted_probability_ensemble.parquet,TAIEX_regime_fixed_60d
2025-06-13,60-day,WF2,2,test,2,1,False,"latest eligible fold after sorting by date, split priority, and fold number",E1_validation_weighted_probability_ensemble,probability_ensemble,TAIEX_regime_fixed_60d,20260624_031817,0.04253790216206557,0.09284230164132545,0.27258280551892466,0.24112300505202047,0.3509139856256639,True,/content/drive/MyDrive/AURORA_TWETF/outputs/AURORA_TWETF/purged_walk_forward_models/run_20260624_031817/probabilities/selected_probabilities_TAIEX_regime_fixed_60d_E1_validation_weighted_probability_ensemble.parquet,TAIEX_regime_fixed_60d
2025-06-16,60-day,WF2,2,test,2,1,False,"latest eligible fold after sorting by date, split priority, and fold number",E1_validation_weighted_probability_ensemble,probability_ensemble,TAIEX_regime_fixed_60d,20260624_031817,0.04095614470495063,0.09214331479946389,0.2945679051425486,0.442732034011292,0.129600601341745,True,/content/drive/MyDrive/AURORA_TWETF/outputs/AURORA_TWETF/purged_walk_forward_models/run_20260624_031817/probabilities/selected_probabilities_TAIEX_regime_fixed_60d_E1_validation_weighted_probability_ensemble.parquet,TAIEX_regime_fixed_60d
2025-06-17,60-day,WF2,2,test,2,1,False,"latest eligible fold after sorting by date, split priority, and fold number",E1_validation_weighted_probability_ensemble,probability_ensemble,TAIEX_regime_fixed_60d,20260624_031817,0.042619862770596616,0.09888364110604274,0.29107634654772946,0.45356713348810346,0.11385301608752775,True,/content/drive/MyDrive/AURORA_TWETF/outputs/AURORA_TWETF/purged_walk_forward_models/run_20260624_031817/probabilities/selected_probabilities_TAIEX_regime_fixed_60d_E1_validation_weighted_probability_ensemble.parquet,TAIEX_regime_fixed_60d
2025-06-18,60-day,WF2,2,test,2,1,False,"latest eligible fold after sorting by date, split priority, and fold number",E1_validation_weighted_probability_ensemble,probability_ensemble,TAIEX_regime_fixed_60d,20260624_031817,0.04224899562275589,0.0990247983277531,0.2689791437245753,0.46941665354548673,0.12033040877942913,True,/content/drive/MyDrive/AURORA_TWETF/outputs/AURORA_TWETF/purged_walk_forward_models/run_20260624_031817/probabilities/selected_probabilities_TAIEX_regime_fixed_60d_E1_validation_weighted_probability_ensemble.parquet,TAIEX_regime_fixed_60d
2025-06-19,60-day,WF2,2,test,2,1,False,"latest eligible fold after sorting by date, split priority, and fold number",E1_validation_weighted_probability_ensemble,probability_ensemble,TAIEX_regime_fixed_60d,20260624_031817,0.043125811296429624,0.101158560771453,0.23971576286167862,0.4913616916263724,0.1246381734440665,True,/content/drive/MyDrive/AURORA_TWETF/outputs/AURORA_TWETF/purged_walk_forward_models/run_20260624_031817/probabilities/selected_probabilities_TAIEX_regime_fixed_60d_E1_validation_weighted_probability_ensemble.parquet,TAIEX_regime_fixed_60d
2025-06-20,60-day,WF2,2,test,2,1,False,"latest eligible fold after sorting by date, split priority, and fold number",E1_validation_weighted_probability_ensemble,probability_ensemble,TAIEX_regime_fixed_60d,20260624_031817,0.045504052535690516,0.09645571788886391,0.19663793541776398,0.5373376580551432,0.1240646361025385,True,/content/drive/MyDrive/AURORA_TWETF/outputs/AURORA_TWETF/purged_walk_forward_models/run_20260624_031817/probabilities/selected_probabilities_TAIEX_regime_fixed_60d_E1_validation_weighted_probability_ensemble.parquet,TAIEX_regime_fixed_60d
2025-06-23,60-day,WF2,2,test,2,1,False,"latest eligible fold after sorting by date, split priority, and fold number",E1_validation_weighted_probability_ensemble,probability_ensemble,TAIEX_regime_fixed_60d,20260624_031817,0.04381611282403572,0.3176779560175006,0.23974124547041709,0.27501592994191193,0.12374875574613471,True,/content/drive/MyDrive/AURORA_TWETF/outputs/AURORA_TWETF/purged_walk_forward_models/run_20260624_031817/probabilities/selected_probabilities_TAIEX_regime_fixed_60d_E1_validation_weighted_probability_ensemble.parquet,TAIEX_regime_fixed_60d
2025-06-24,60-day,WF2,2,test,2,1,False,"latest eligible fold after sorting by date, split priority, and fold number",E1_validation_weighted_probability_ensemble,probability_ensemble,TAIEX_regime_fixed_60d,20260624_031817,0.26684193239709225,0.09980714420277176,0.2479082046046206,0.2560390663506418,0.1294036524448737,True,/content/drive/MyDrive/AURORA_TWETF/outputs/AURORA_TWETF/purged_walk_forward_models/run_20260624_031817/probabilities/selected_probabilities_TAIEX_regime_fixed_60d_E1_validation_weighted_probability_ensemble.parquet,TAIEX_regime_fixed_60d
2025-06-25,60-day,WF2,2,test,2,1,False,"latest eligible fold after sorting by date, split priority, and fold number",E1_validation_weighted_probability_ensemble,probability_ensemble,TAIEX_regime_fixed_60d,20260624_031817,0.0430975292090945,0.10380137212686621,0.24791302838154677,0.25263593149347524,0.35255213878901737,True,/content/drive/MyDrive/AURORA_TWETF/outputs/AURORA_TWETF/purged_walk_forward_models/run_20260624_031817/probabilities/selected_probabilities_TAIEX_regime_fixed_60d_E1_validation_weighted_probability_ensemble.parquet,TAIEX_regime_fixed_60d
2025-06-26,60-day,WF2,2,test,2,1,False,"latest eligible fold after sorting by date, split priority, and fold number",E1_validation_weighted_probability_ensemble,probability_ensemble,TAIEX_regime_fixed_60d,20260624_031817,0.04219744647517309,0.09840432553476204,0.265397567820569,0.4530803729067515,0.14092028726274447,True,/content/drive/MyDrive/AURORA_TWETF/outputs/AURORA_TWETF/purged_walk_forward_models/run_20260624_031817/probabilities/selected_probabilities_TAIEX_regime_fixed_60d_E1_validation_weighted_probability_ensemble.parquet,TAIEX_regime_fixed_60d
2025-06-27,60-day,WF2,2,test,2,1,False,"latest eligible fold after sorting by date, split priority, and fold number",E1_validation_weighted_probability_ensemble,probability_ensemble,TAIEX_regime_fixed_60d,20260624_031817,0.04303371025789503,0.09784052754005507,0.26837556317596734,0.44711412948588947,0.14363606954019315,True,/content/drive/MyDrive/AURORA_TWETF/outputs/AURORA_TWETF/purged_walk_forward_models/run_20260624_031817/probabilities/selected_probabilities_TAIEX_regime_fixed_60d_E1_validation_weighted_probability_ensemble.parquet,TAIEX_regime_fixed_60d
2025-06-30,60-day,WF2,2,test,2,1,False,"latest eligible fold after sorting by date, split priority, and fold number",E1_validation_weighted_probability_ensemble,probability_ensemble,TAIEX_regime_fixed_60d,20260624_031817,0.04499850394600894,0.10091291371515201,0.26818052482600424,0.21389721182999707,0.3720108456828378,True,/content/drive/MyDrive/AURORA_TWETF/outputs/AURORA_TWETF/purged_walk_forward_models/run_20260624_031817/probabilities/selected_probabilities_TAIEX_regime_fixed_60d_E1_validation_weighted_probability_ensemble.parquet,TAIEX_regime_fixed_60d
2025-07-01,60-day,WF2,2,test,2,1,False,"latest eligible fold after sorting by date, split priority, and fold number",E1_validation_weighted_probability_ensemble,probability_ensemble,TAIEX_regime_fixed_60d,20260624_031817,0.04324396844700676,0.32392994794030683,0.2601515251774547,0.2241325827372133,0.14854197569801858,True,/content/drive/MyDrive/AURORA_TWETF/outputs/AURORA_TWETF/purged_walk_forward_models/run_20260624_031817/probabilities/selected_probabilities_TAIEX_regime_fixed_60d_E1_validation_weighted_probability_ensemble.parquet,TAIEX_regime_fixed_60d
2025-07-02,60-day,WF2,2,test,2,1,False,"latest eligible fold after sorting by date, split priority, and fold number",E1_validation_weighted_probability_ensemble,probability_ensemble,TAIEX_regime_fixed_60d,20260624_031817,0.04472312551279956,0.10439769291163073,0.4715982279586612,0.23313023042440892,0.14615072319249967,True,/content/drive/MyDrive/AURORA_TWETF/outputs/AURORA_TWETF/purged_walk_forward_models/run_20260624_031817/probabilities/selected_probabilities_TAIEX_regime_fixed_60d_E1_validation_weighted_probability_ensemble.parquet,TAIEX_regime_fixed_60d
2025-07-03,60-day,WF2,2,test,2,1,False,"latest eligible fold after sorting by date, split priority, and fold number",E1_validation_weighted_probability_ensemble,probability_ensemble,TAIEX_regime_fixed_60d,20260624_031817,0.037239409427968224,0.09353648563737856,0.3027357931672358,0.3988060184743112,0.16768229329310627,True,/content/drive/MyDrive/AURORA_TWETF/outputs/AURORA_TWETF/purged_walk_forward_models/run_20260624_031817/probabilities/selected_probabilities_TAIEX_regime_fixed_60d_E1_validation_weighted_probability_ensemble.parquet,TAIEX_regime_fixed_60d
2025-07-04,60-day,WF2,2,test,2,1,False,"latest eligible fold after sorting by date, split priority, and fold number",E1_validation_weighted_probability_ensemble,probability_ensemble,TAIEX_regime_fixed_60d,20260624_031817,0.0389860900584695,0.09836195048254817,0.4825738432655554,0.2103670140842001,0.16971110210922674,True,/content/drive/MyDrive/AURORA_TWETF/outputs/AURORA_TWETF/purged_walk_forward_models/run_20260624_031817/probabilities/selected_probabilities_TAIEX_regime_fixed_60d_E1_validation_weighted_probability_ensemble.parquet,TAIEX_regime_fixed_60d
2025-07-07,60-day,WF2,2,test,2,1,False,"latest eligible fold after sorting by date, split priority, and fold number",E1_validation_weighted_probability_ensemble,probability_ensemble,TAIEX_regime_fixed_60d,20260624_031817,0.030261001408492805,0.09467220687147579,0.20538485078960672,0.48736964338119704,0.18231229754922773,True,/content/drive/MyDrive/AURORA_TWETF/outputs/AURORA_TWETF/purged_walk_forward_models/run_20260624_031817/probabilities/selected_probabilities_TAIEX_regime_fixed_60d_E1_validation_weighted_probability_ensemble.parquet,TAIEX_regime_fixed_60d
2025-07-08,60-day,WF2,2,test,2,1,False,"latest eligible fold after sorting by date, split priority, and fold number",E1_validation_weighted_probability_ensemble,probability_ensemble,TAIEX_regime_fixed_60d,20260624_031817,0.024292724337595478,0.10303701143980427,0.3903895269046865,0.2779125209232316,0.20436821639468217,True,/content/drive/MyDrive/AURORA_TWETF/outputs/AURORA_TWETF/purged_walk_forward_models/run_20260624_031817/probabilities/selected_probabilities_TAIEX_regime_fixed_60d_E1_validation_weighted_probability_ensemble.parquet,TAIEX_regime_fixed_60d
2025-07-09,60-day,WF2,2,test,2,1,False,"latest eligible fold after sorting by date, split priority, and fold number",E1_validation_weighted_probability_ensemble,probability_ensemble,TAIEX_regime_fixed_60d,20260624_031817,0.02406340594977125,0.10430398805321246,0.16371520771655707,0.2559482235132501,0.4519691747672091,True,/content/drive/MyDrive/AURORA_TWETF/outputs/AURORA_TWETF/purged_walk_forward_models/run_20260624_031817/probabilities/selected_probabilities_TAIEX_regime_fixed_60d_E1_validation_weighted_probability_ensemble.parquet,TAIEX_regime_fixed_60d
2025-07-10,60-day,WF2,2,test,2,1,False,"latest eligible fold after sorting by date, split priority, and fold number",E1_validation_weighted_probability_ensemble,probability_ensemble,TAIEX_regime_fixed_60d,20260624_031817,0.022821630678898235,0.09850410952419454,0.4626550021943573,0.1789641493589043,0.23705510824364567,True,/content/drive/MyDrive/AURORA_TWETF/outputs/AURORA_TWETF/purged_walk_forward_models/run_20260624_031817/probabilities/selected_probabilities_TAIEX_regime_fixed_60d_E1_validation_weighted_probability_ensemble.parquet,TAIEX_regime_fixed_60d
2025-07-11,60-day,WF2,2,test,2,1,False,"latest eligible fold after sorting by date, split priority, and fold number",E1_validation_weighted_probability_ensemble,probability_ensemble,TAIEX_regime_fixed_60d,20260624_031817,0.023412813675133672,0.10089283514923376,0.2564787970651512,0.1734772261444214,0.44573832796606006,True,/content/drive/MyDrive/AURORA_TWETF/outputs/AURORA_TWETF/purged_walk_forward_models/run_20260624_031817/probabilities/selected_probabilities_TAIEX_regime_fixed_60d_E1_validation_weighted_probability_ensemble.parquet,TAIEX_regime_fixed_60d
2025-07-14,60-day,WF2,2,test,2,1,False,"latest eligible fold after sorting by date, split priority, and fold number",E1_validation_weighted_probability_ensemble,probability_ensemble,TAIEX_regime_fixed_60d,20260624_031817,0.023783996370398283,0.10258477772135705,0.26383813726575334,0.4078266488310083,0.20196643981148313,True,/content/drive/MyDrive/AURORA_TWETF/outputs/AURORA_TWETF/purged_walk_forward_models/run_20260624_031817/probabilities/selected_probabilities_TAIEX_regime_fixed_60d_E1_validation_weighted_probability_ensemble.parquet,TAIEX_regime_fixed_60d
2025-07-15,60-day,WF2,2,test,2,1,False,"latest eligible fold after sorting by date, split priority, and fold number",E1_validation_weighted_probability_ensemble,probability_ensemble,TAIEX_regime_fixed_60d,20260624_031817,0.023188604527167044,0.10169249529467805,0.21491300275889108,0.19592110038383911,0.4642847970354248,True,/content/drive/MyDrive/AURORA_TWETF/outputs/AURORA_TWETF/purged_walk_forward_models/run_20260624_031817/probabilities/selected_probabilities_TAIEX_regime_fixed_60d_E1_validation_weighted_probability_ensemble.parquet,TAIEX_regime_fixed_60d
2025-07-16,60-day,WF2,2,test,2,1,False,"latest eligible fold after sorting by date, split priority, and fold number",E1_validation_weighted_probability_ensemble,probability_ensemble,TAIEX_regime_fixed_60d,20260624_031817,0.02325220354304773,0.10080413354740057,0.44671799725545264,0.17071046819562277,0.2585151974584764,True,/content/drive/MyDrive/AURORA_TWETF/outputs/AURORA_TWETF/purged_walk_forward_models/run_20260624_031817/probabilities/selected_probabilities_TAIEX_regime_fixed_60d_E1_validation_weighted_probability_ensemble.parquet,TAIEX_regime_fixed_60d
2025-07-17,60-day,WF2,2,test,2,1,False,"latest eligible fold after sorting by date, split priority, and fold number",E1_validation_weighted_probability_ensemble,probability_ensemble,TAIEX_regime_fixed_60d,20260624_031817,0.0238174712392618,0.09898904211785951,0.4527544109005769,0.16340186592439487,0.261037209817907,True,/content/drive/MyDrive/AURORA_TWETF/outputs/AURORA_TWETF/purged_walk_forward_models/run_20260624_031817/probabilities/selected_probabilities_TAIEX_regime_fixed_60d_E1_validation_weighted_probability_ensemble.parquet,TAIEX_regime_fixed_60d
2025-07-18,60-day,WF2,2,test,2,1,False,"latest eligible fold after sorting by date, split priority, and fold number",E1_validation_weighted_probability_ensemble,probability_ensemble,TAIEX_regime_fixed_60d,20260624_031817,0.0226477224254766,0.09570151819890085,0.24297461727204653,0.388148150104557,0.2505279919990191,True,/content/drive/MyDrive/AURORA_TWETF/outputs/AURORA_TWETF/purged_walk_forward_models/run_20260624_031817/probabilities/selected_probabilities_TAIEX_regime_fixed_60d_E1_validation_weighted_probability_ensemble.parquet,TAIEX_regime_fixed_60d
2025-07-21,60-day,WF2,2,test,2,1,False,"latest eligible fold after sorting by date, split priority, and fold number",E1_validation_weighted_probability_ensemble,probability_ensemble,TAIEX_regime_fixed_60d,20260624_031817,0.023951916164702432,0.10033749785699411,0.21586196343655578,0.38589198687562964,0.2739566356661181,True,/content/drive/MyDrive/AURORA_TWETF/outputs/AURORA_TWETF/purged_walk_forward_models/run_20260624_031817/probabilities/selected_probabilities_TAIEX_regime_fixed_60d_E1_validation_weighted_probability_ensemble.parquet,TAIEX_regime_fixed_60d
2025-07-22,60-day,WF2,2,test,2,1,False,"latest eligible fold after sorting by date, split priority, and fold number",E1_validation_weighted_probability_ensemble,probability_ensemble,TAIEX_regime_fixed_60d,20260624_031817,0.02656027784344283,0.3265569576264362,0.22232816453588597,0.1311710966288375,0.29338350336539754,True,/content/drive/MyDrive/AURORA_TWETF/outputs/AURORA_TWETF/purged_walk_forward_models/run_20260624_031817/probabilities/selected_probabilities_TAIEX_regime_fixed_60d_E1_validation_weighted_probability_ensemble.parquet,TAIEX_regime_fixed_60d
2025-07-23,60-day,WF2,2,test,2,1,False,"latest eligible fold after sorting by date, split priority, and fold number",E1_validation_weighted_probability_ensemble,probability_ensemble,TAIEX_regime_fixed_60d,20260624_031817,0.02481431494334385,0.10797438559863332,0.4093639274813001,0.1434070809045223,0.3144402910722005,True,/content/drive/MyDrive/AURORA_TWETF/outputs/AURORA_TWETF/purged_walk_forward_models/run_20260624_031817/probabilities/selected_probabilities_TAIEX_regime_fixed_60d_E1_validation_weighted_probability_ensemble.parquet,TAIEX_regime_fixed_60d
2025-07-24,60-day,WF2,2,test,2,1,False,"latest eligible fold after sorting by date, split priority, and fold number",E1_validation_weighted_probability_ensemble,probability_ensemble,TAIEX_regime_fixed_60d,20260624_031817,0.02619533646644556,0.10429469012265317,0.19075147073501525,0.3606651536018393,0.3180933490740468,True,/content/drive/MyDrive/AURORA_TWETF/outputs/AURORA_TWETF/purged_walk_forward_models/run_20260624_031817/probabilities/selected_probabilities_TAIEX_regime_fixed_60d_E1_validation_weighted_probability_ensemble.parquet,TAIEX_regime_fixed_60d
2025-07-25,60-day,WF2,2,test,2,1,False,"latest eligible fold after sorting by date, split priority, and fold number",E1_validation_weighted_probability_ensemble,probability_ensemble,TAIEX_regime_fixed_60d,20260624_031817,0.2460350708210033,0.10556985074127212,0.19537549001784282,0.1417654833195737,0.311254105100308,True,/content/drive/MyDrive/AURORA_TWETF/outputs/AURORA_TWETF/purged_walk_forward_models/run_20260624_031817/probabilities/selected_probabilities_TAIEX_regime_fixed_60d_E1_validation_weighted_probability_ensemble.parquet,TAIEX_regime_fixed_60d
2025-07-28,60-day,WF2,2,test,2,1,False,"latest eligible fold after sorting by date, split priority, and fold number",E1_validation_weighted_probability_ensemble,probability_ensemble,TAIEX_regime_fixed_60d,20260624_031817,0.024816337515132268,0.10593798045948705,0.42662810369084764,0.1441855580422813,0.29843202029225185,True,/content/drive/MyDrive/AURORA_TWETF/outputs/AURORA_TWETF/purged_walk_forward_models/run_20260624_031817/probabilities/selected_probabilities_TAIEX_regime_fixed_60d_E1_validation_weighted_probability_ensemble.parquet,TAIEX_regime_fixed_60d
2025-07-29,60-day,WF2,2,test,2,1,False,"latest eligible fold after sorting by date, split priority, and fold number",E1_validation_weighted_probability_ensemble,probability_ensemble,TAIEX_regime_fixed_60d,20260624_031817,0.025781090797511633,0.11370685322025195,0.4198162854871621,0.12793654471093216,0.31275922578414217,True,/content/drive/MyDrive/AURORA_TWETF/outputs/AURORA_TWETF/purged_walk_forward_models/run_20260624_031817/probabilities/selected_probabilities_TAIEX_regime_fixed_60d_E1_validation_weighted_probability_ensemble.parquet,TAIEX_regime_fixed_60d
2025-07-30,60-day,WF2,2,test,2,1,False,"latest eligible fold after sorting by date, split priority, and fold number",E1_validation_weighted_probability_ensemble,probability_ensemble,TAIEX_regime_fixed_60d,20260624_031817,0.02314375238130595,0.11682955623436524,0.38057115794193946,0.14674167382683628,0.3327138596155531,True,/content/drive/MyDrive/AURORA_TWETF/outputs/AURORA_TWETF/purged_walk_forward_models/run_20260624_031817/probabilities/selected_probabilities_TAIEX_regime_fixed_60d_E1_validation_weighted_probability_ensemble.parquet,TAIEX_regime_fixed_60d
2025-07-31,60-day,WF2,2,test,2,1,False,"latest eligible fold after sorting by date, split priority, and fold number",E1_validation_weighted_probability_ensemble,probability_ensemble,TAIEX_regime_fixed_60d,20260624_031817,0.02578905201413572,0.11911886013247157,0.17171563750806232,0.3555136664314691,0.32786278391386137,True,/content/drive/MyDrive/AURORA_TWETF/outputs/AURORA_TWETF/purged_walk_forward_models/run_20260624_031817/probabilities/selected_probabilities_TAIEX_regime_fixed_60d_E1_validation_weighted_probability_ensemble.parquet,TAIEX_regime_fixed_60d
2025-08-01,60-day,WF2,2,test,2,1,False,"latest eligible fold after sorting by date, split priority, and fold number",E1_validation_weighted_probability_ensemble,probability_ensemble,TAIEX_regime_fixed_60d,20260624_031817,0.025158594274395308,0.3299988300276383,0.22538347286987362,0.15015282221582948,0.26930628061226325,True,/content/drive/MyDrive/AURORA_TWETF/outputs/AURORA_TWETF/purged_walk_forward_models/run_20260624_031817/probabilities/selected_probabilities_TAIEX_regime_fixed_60d_E1_validation_weighted_probability_ensemble.parquet,TAIEX_regime_fixed_60d
2025-08-04,60-day,WF2,2,test,2,1,False,"latest eligible fold after sorting by date, split priority, and fold number",E1_validation_weighted_probability_ensemble,probability_ensemble,TAIEX_regime_fixed_60d,20260624_031817,0.023459885128532823,0.10097790881667122,0.22109247765442408,0.4031000172878349,0.2513697111125371,True,/content/drive/MyDrive/AURORA_TWETF/outputs/AURORA_TWETF/purged_walk_forward_models/run_20260624_031817/probabilities/selected_probabilities_TAIEX_regime_fixed_60d_E1_validation_weighted_probability_ensemble.parquet,TAIEX_regime_fixed_60d
2025-08-05,60-day,WF2,2,test,2,1,False,"latest eligible fold after sorting by date, split priority, and fold number",E1_validation_weighted_probability_ensemble,probability_ensemble,TAIEX_regime_fixed_60d,20260624_031817,0.02267473346912839,0.1089993428685586,0.41317373783417055,0.24630203320742805,0.2088501526207145,True,/content/drive/MyDrive/AURORA_TWETF/outputs/AURORA_TWETF/purged_walk_forward_models/run_20260624_031817/probabilities/selected_probabilities_TAIEX_regime_fixed_60d_E1_validation_weighted_probability_ensemble.parquet,TAIEX_regime_fixed_60d
2025-08-06,60-day,WF2,2,test,2,1,False,"latest eligible fold after sorting by date, split priority, and fold number",E1_validation_weighted_probability_ensemble,probability_ensemble,TAIEX_regime_fixed_60d,20260624_031817,0.024519540561810833,0.10433666906930707,0.42900609252249283,0.218750401077665,0.22338729676872435,True,/content/drive/MyDrive/AURORA_TWETF/outputs/AURORA_TWETF/purged_walk_forward_models/run_20260624_031817/probabilities/selected_probabilities_TAIEX_regime_fixed_60d_E1_validation_weighted_probability_ensemble.parquet,TAIEX_regime_fixed_60d
2025-08-07,60-day,WF2,2,test,2,1,False,"latest eligible fold after sorting by date, split priority, and fold number",E1_validation_weighted_probability_ensemble,probability_ensemble,TAIEX_regime_fixed_60d,20260624_031817,0.023552263022671882,0.322261008359243,0.19446432132492822,0.2210040346931795,0.23871837259997744,True,/content/drive/MyDrive/AURORA_TWETF/outputs/AURORA_TWETF/purged_walk_forward_models/run_20260624_031817/probabilities/selected_probabilities_TAIEX_regime_fixed_60d_E1_validation_weighted_probability_ensemble.parquet,TAIEX_regime_fixed_60d
2025-08-08,60-day,WF2,2,test,2,1,False,"latest eligible fold after sorting by date, split priority, and fold number",E1_validation_weighted_probability_ensemble,probability_ensemble,TAIEX_regime_fixed_60d,20260624_031817,0.24459382094154286,0.10111048014923821,0.2565260317779786,0.18173759481427862,0.21603207231696175,True,/content/drive/MyDrive/AURORA_TWETF/outputs/AURORA_TWETF/purged_walk_forward_models/run_20260624_031817/probabilities/selected_probabilities_TAIEX_regime_fixed_60d_E1_validation_weighted_probability_ensemble.parquet,TAIEX_regime_fixed_60d
2025-08-11,60-day,WF2,2,test,2,1,False,"latest eligible fold after sorting by date, split priority, and fold number",E1_validation_weighted_probability_ensemble,probability_ensemble,TAIEX_regime_fixed_60d,20260624_031817,0.023728653558123775,0.09877237795683552,0.2384301891635643,0.4146347296388213,0.22443404968265518,True,/content/drive/MyDrive/AURORA_TWETF/outputs/AURORA_TWETF/purged_walk_forward_models/run_20260624_031817/probabilities/selected_probabilities_TAIEX_regime_fixed_60d_E1_validation_weighted_probability_ensemble.parquet,TAIEX_regime_fixed_60d
2025-08-12,60-day,WF2,2,test,2,1,False,"latest eligible fold after sorting by date, split priority, and fold number",E1_validation_weighted_probability_ensemble,probability_ensemble,TAIEX_regime_fixed_60d,20260624_031817,0.023369300117822445,0.10097893270569114,0.24545171740310107,0.42617300078882203,0.20402704898456336,True,/content/drive/MyDrive/AURORA_TWETF/outputs/AURORA_TWETF/purged_walk_forward_models/run_20260624_031817/probabilities/selected_probabilities_TAIEX_regime_fixed_60d_E1_validation_weighted_probability_ensemble.parquet,TAIEX_regime_fixed_60d
2025-08-13,60-day,WF2,2,test,2,1,False,"latest eligible fold after sorting by date, split priority, and fold number",E1_validation_weighted_probability_ensemble,probability_ensemble,TAIEX_regime_fixed_60d,20260624_031817,0.023800415834809803,0.32152743036309456,0.25405700184309066,0.17452089137754973,0.2260942605814553,True,/content/drive/MyDrive/AURORA_TWETF/outputs/AURORA_TWETF/purged_walk_forward_models/run_20260624_031817/probabilities/selected_probabilities_TAIEX_regime_fixed_60d_E1_validation_weighted_probability_ensemble.parquet,TAIEX_regime_fixed_60d
2025-08-14,60-day,WF2,2,test,2,1,False,"latest eligible fold after sorting by date, split priority, and fold number",E1_validation_weighted_probability_ensemble,probability_ensemble,TAIEX_regime_fixed_60d,20260624_031817,0.023685395508888332,0.1073306253309948,0.2518076896683139,0.18332649531407846,0.43384979417772457,True,/content/drive/MyDrive/AURORA_TWETF/outputs/AURORA_TWETF/purged_walk_forward_models/run_20260624_031817/probabilities/selected_probabilities_TAIEX_regime_fixed_60d_E1_validation_weighted_probability_ensemble.parquet,TAIEX_regime_fixed_60d
2025-08-15,60-day,WF2,2,test,2,1,False,"latest eligible fold after sorting by date, split priority, and fold number",E1_validation_weighted_probability_ensemble,probability_ensemble,TAIEX_regime_fixed_60d,20260624_031817,0.022672179806304364,0.10171930680723729,0.48306452856507154,0.1867018545667936,0.2058421302545933,True,/content/drive/MyDrive/AURORA_TWETF/outputs/AURORA_TWETF/purged_walk_forward_models/run_20260624_031817/probabilities/selected_probabilities_TAIEX_regime_fixed_60d_E1_validation_weighted_probability_ensemble.parquet,TAIEX_regime_fixed_60d
2025-08-18,60-day,WF2,2,test,2,1,False,"latest eligible fold after sorting by date, split priority, and fold number",E1_validation_weighted_probability_ensemble,probability_ensemble,TAIEX_regime_fixed_60d,20260624_031817,0.024952750412011983,0.10287313670155729,0.26035791593558283,0.1599730122920775,0.4518431846587705,True,/content/drive/MyDrive/AURORA_TWETF/outputs/AURORA_TWETF/purged_walk_forward_models/run_20260624_031817/probabilities/selected_probabilities_TAIEX_regime_fixed_60d_E1_validation_weighted_probability_ensemble.parquet,TAIEX_regime_fixed_60d
2025-08-19,60-day,WF2,2,test,2,1,False,"latest eligible fold after sorting by date, split priority, and fold number",E1_validation_weighted_probability_ensemble,probability_ensemble,TAIEX_regime_fixed_60d,20260624_031817,0.023493926798639958,0.1039785366030441,0.25443194803391034,0.17401719770370014,0.4440783908607054,True,/content/drive/MyDrive/AURORA_TWETF/outputs/AURORA_TWETF/purged_walk_forward_models/run_20260624_031817/probabilities/selected_probabilities_TAIEX_regime_fixed_60d_E1_validation_weighted_probability_ensemble.parquet,TAIEX_regime_fixed_60d
2025-08-20,60-day,WF2,2,test,2,1,False,"latest eligible fold after sorting by date, split priority, and fold number",E1_validation_weighted_probability_ensemble,probability_ensemble,TAIEX_regime_fixed_60d,20260624_031817,0.024330539270387846,0.10274064263209763,0.218070093394133,0.44035804609184087,0.21450067861154068,True,/content/drive/MyDrive/AURORA_TWETF/outputs/AURORA_TWETF/purged_walk_forward_models/run_20260624_031817/probabilities/selected_probabilities_TAIEX_regime_fixed_60d_E1_validation_weighted_probability_ensemble.parquet,TAIEX_regime_fixed_60d
2025-08-21,60-day,WF2,2,test,2,1,False,"latest eligible fold after sorting by date, split priority, and fold number",E1_validation_weighted_probability_ensemble,probability_ensemble,TAIEX_regime_fixed_60d,20260624_031817,0.024539597129262194,0.09942135026392546,0.17439011222254783,0.44440248830109796,0.25724645208316665,True,/content/drive/MyDrive/AURORA_TWETF/outputs/AURORA_TWETF/purged_walk_forward_models/run_20260624_031817/probabilities/selected_probabilities_TAIEX_regime_fixed_60d_E1_validation_weighted_probability_ensemble.parquet,TAIEX_regime_fixed_60d
2025-08-22,60-day,WF2,2,test,2,1,False,"latest eligible fold after sorting by date, split priority, and fold number",E1_validation_weighted_probability_ensemble,probability_ensemble,TAIEX_regime_fixed_60d,20260624_031817,0.025247704673178814,0.1032741170170606,0.3840069807903218,0.2662714582247326,0.2211997392947063,True,/content/drive/MyDrive/AURORA_TWETF/outputs/AURORA_TWETF/purged_walk_forward_models/run_20260624_031817/probabilities/selected_probabilities_TAIEX_regime_fixed_60d_E1_validation_weighted_probability_ensemble.parquet,TAIEX_regime_fixed_60d
2025-08-25,60-day,WF2,2,test,2,1,False,"latest eligible fold after sorting by date, split priority, and fold number",E1_validation_weighted_probability_ensemble,probability_ensemble,TAIEX_regime_fixed_60d,20260624_031817,0.02546038733932485,0.3272503603950255,0.21938209542551304,0.20971414478922676,0.21819301205090977,True,/content/drive/MyDrive/AURORA_TWETF/outputs/AURORA_TWETF/purged_walk_forward_models/run_20260624_031817/probabilities/selected_probabilities_TAIEX_regime_fixed_60d_E1_validation_weighted_probability_ensemble.parquet,TAIEX_regime_fixed_60d
2025-08-26,60-day,WF2,2,test,2,1,False,"latest eligible fold after sorting by date, split priority, and fold number",E1_validation_weighted_probability_ensemble,probability_ensemble,TAIEX_regime_fixed_60d,20260624_031817,0.026220228865638844,0.11192257894527843,0.21574815814570117,0.19980249721284543,0.44630653683053617,True,/content/drive/MyDrive/AURORA_TWETF/outputs/AURORA_TWETF/purged_walk_forward_models/run_20260624_031817/probabilities/selected_probabilities_TAIEX_regime_fixed_60d_E1_validation_weighted_probability_ensemble.parquet,TAIEX_regime_fixed_60d
2025-08-27,60-day,WF2,2,test,2,1,False,"latest eligible fold after sorting by date, split priority, and fold number",E1_validation_weighted_probability_ensemble,probability_ensemble,TAIEX_regime_fixed_60d,20260624_031817,0.025293260481901312,0.10536258477674568,0.2397892152127632,0.1873222529469355,0.4422326865816545,True,/content/drive/MyDrive/AURORA_TWETF/outputs/AURORA_TWETF/purged_walk_forward_models/run_20260624_031817/probabilities/selected_probabilities_TAIEX_regime_fixed_60d_E1_validation_weighted_probability_ensemble.parquet,TAIEX_regime_fixed_60d
2025-08-28,60-day,WF2,2,test,2,1,False,"latest eligible fold after sorting by date, split priority, and fold number",E1_validation_weighted_probability_ensemble,probability_ensemble,TAIEX_regime_fixed_60d,20260624_031817,0.023671524526273684,0.10365010844381872,0.22173354612967042,0.4372902128534253,0.21365460804681194,True,/content/drive/MyDrive/AURORA_TWETF/outputs/AURORA_TWETF/purged_walk_forward_models/run_20260624_031817/probabilities/selected_probabilities_TAIEX_regime_fixed_60d_E1_validation_weighted_probability_ensemble.parquet,TAIEX_regime_fixed_60d
2025-08-29,60-day,WF2,2,test,2,1,False,"latest eligible fold after sorting by date, split priority, and fold number",E1_validation_weighted_probability_ensemble,probability_ensemble,TAIEX_regime_fixed_60d,20260624_031817,0.023285243366019844,0.32327324755953585,0.21834161606757052,0.22371378333788852,0.21138610966898533,True,/content/drive/MyDrive/AURORA_TWETF/outputs/AURORA_TWETF/purged_walk_forward_models/run_20260624_031817/probabilities/selected_probabilities_TAIEX_regime_fixed_60d_E1_validation_weighted_probability_ensemble.parquet,TAIEX_regime_fixed_60d
2025-09-01,60-day,WF2,2,test,2,1,False,"latest eligible fold after sorting by date, split priority, and fold number",E1_validation_weighted_probability_ensemble,probability_ensemble,TAIEX_regime_fixed_60d,20260624_031817,0.024182448504137956,0.1132431566558445,0.18145464163269986,0.22523086149144603,0.4558888917158717,True,/content/drive/MyDrive/AURORA_TWETF/outputs/AURORA_TWETF/purged_walk_forward_models/run_20260624_031817/probabilities/selected_probabilities_TAIEX_regime_fixed_60d_E1_validation_weighted_probability_ensemble.parquet,TAIEX_regime_fixed_60d
2025-09-02,60-day,WF2,2,test,2,1,False,"latest eligible fold after sorting by date, split priority, and fold number",E1_validation_weighted_probability_ensemble,probability_ensemble,TAIEX_regime_fixed_60d,20260624_031817,0.02369403407333348,0.32493969209963297,0.18889861507089284,0.22200275385619822,0.24046490489994254,True,/content/drive/MyDrive/AURORA_TWETF/outputs/AURORA_TWETF/purged_walk_forward_models/run_20260624_031817/probabilities/selected_probabilities_TAIEX_regime_fixed_60d_E1_validation_weighted_probability_ensemble.parquet,TAIEX_regime_fixed_60d
2025-09-03,60-day,WF2,2,test,2,1,False,"latest eligible fold after sorting by date, split priority, and fold number",E1_validation_weighted_probability_ensemble,probability_ensemble,TAIEX_regime_fixed_60d,20260624_031817,0.0242179197851328,0.10201488830538934,0.1661993510317996,0.4549703523486558,0.2525974885290225,True,/content/drive/MyDrive/AURORA_TWETF/outputs/AURORA_TWETF/purged_walk_forward_models/run_20260624_031817/probabilities/selected_probabilities_TAIEX_regime_fixed_60d_E1_validation_weighted_probability_ensemble.parquet,TAIEX_regime_fixed_60d
2025-09-04,60-day,WF2,2,test,2,1,False,"latest eligible fold after sorting by date, split priority, and fold number",E1_validation_weighted_probability_ensemble,probability_ensemble,TAIEX_regime_fixed_60d,20260624_031817,0.02346856437799525,0.10584438457809411,0.17913248409523772,0.4734665052055331,0.2180880617431398,True,/content/drive/MyDrive/AURORA_TWETF/outputs/AURORA_TWETF/purged_walk_forward_models/run_20260624_031817/probabilities/selected_probabilities_TAIEX_regime_fixed_60d_E1_validation_weighted_probability_ensemble.parquet,TAIEX_regime_fixed_60d
2025-09-05,60-day,WF3,3,test,2,2,True,"latest eligible fold after sorting by date, split priority, and fold number",E1_validation_weighted_probability_ensemble,probability_ensemble,TAIEX_regime_fixed_60d,20260624_031817,0.034984791803131174,0.18028959406256287,0.24648999311045144,0.2571514170183788,0.2810842040054757,True,/content/drive/MyDrive/AURORA_TWETF/outputs/AURORA_TWETF/purged_walk_forward_models/run_20260624_031817/probabilities/selected_probabilities_TAIEX_regime_fixed_60d_E1_validation_weighted_probability_ensemble.parquet,TAIEX_regime_fixed_60d
2025-09-08,60-day,WF3,3,test,2,2,True,"latest eligible fold after sorting by date, split priority, and fold number",E1_validation_weighted_probability_ensemble,probability_ensemble,TAIEX_regime_fixed_60d,20260624_031817,0.028030252639648614,0.17380596673693718,0.31129576087813704,0.26382279486780513,0.22304522487747203,True,/content/drive/MyDrive/AURORA_TWETF/outputs/AURORA_TWETF/purged_walk_forward_models/run_20260624_031817/probabilities/selected_probabilities_TAIEX_regime_fixed_60d_E1_validation_weighted_probability_ensemble.parquet,TAIEX_regime_fixed_60d
2025-09-09,60-day,WF3,3,test,2,2,True,"latest eligible fold after sorting by date, split priority, and fold number",E1_validation_weighted_probability_ensemble,probability_ensemble,TAIEX_regime_fixed_60d,20260624_031817,0.032367196024394786,0.19592823937107606,0.26944718745899104,0.2867307741476138,0.21552660299792423,True,/content/drive/MyDrive/AURORA_TWETF/outputs/AURORA_TWETF/purged_walk_forward_models/run_20260624_031817/probabilities/selected_probabilities_TAIEX_regime_fixed_60d_E1_validation_weighted_probability_ensemble.parquet,TAIEX_regime_fixed_60d
2025-09-10,60-day,WF3,3,test,2,2,True,"latest eligible fold after sorting by date, split priority, and fold number",E1_validation_weighted_probability_ensemble,probability_ensemble,TAIEX_regime_fixed_60d,20260624_031817,0.02931137946322855,0.1833145591867814,0.32376507846924885,0.2632324227225923,0.20037656015814878,True,/content/drive/MyDrive/AURORA_TWETF/outputs/AURORA_TWETF/purged_walk_forward_models/run_20260624_031817/probabilities/selected_probabilities_TAIEX_regime_fixed_60d_E1_validation_weighted_probability_ensemble.parquet,TAIEX_regime_fixed_60d
2025-09-11,60-day,WF3,3,test,2,2,True,"latest eligible fold after sorting by date, split priority, and fold number",E1_validation_weighted_probability_ensemble,probability_ensemble,TAIEX_regime_fixed_60d,20260624_031817,0.025393836609128195,0.16986810591044144,0.3249445560112069,0.2836320510922166,0.19616145037700683,True,/content/drive/MyDrive/AURORA_TWETF/outputs/AURORA_TWETF/purged_walk_forward_models/run_20260624_031817/probabilities/selected_probabilities_TAIEX_regime_fixed_60d_E1_validation_weighted_probability_ensemble.parquet,TAIEX_regime_fixed_60d
2025-09-12,60-day,WF3,3,test,2,2,True,"latest eligible fold after sorting by date, split priority, and fold number",E1_validation_weighted_probability_ensemble,probability_ensemble,TAIEX_regime_fixed_60d,20260624_031817,0.02652112890421648,0.1588061571501078,0.359210246817677,0.2874690432636871,0.16799342386431165,True,/content/drive/MyDrive/AURORA_TWETF/outputs/AURORA_TWETF/purged_walk_forward_models/run_20260624_031817/probabilities/selected_probabilities_TAIEX_regime_fixed_60d_E1_validation_weighted_probability_ensemble.parquet,TAIEX_regime_fixed_60d
2025-09-15,60-day,WF3,3,test,2,2,True,"latest eligible fold after sorting by date, split priority, and fold number",E1_validation_weighted_probability_ensemble,probability_ensemble,TAIEX_regime_fixed_60d,20260624_031817,0.035652799474232645,0.17002290260122566,0.3561474748867639,0.27255207101134776,0.16562475202642996,True,/content/drive/MyDrive/AURORA_TWETF/outputs/AURORA_TWETF/purged_walk_forward_models/run_20260624_031817/probabilities/selected_probabilities_TAIEX_regime_fixed_60d_E1_validation_weighted_probability_ensemble.parquet,TAIEX_regime_fixed_60d
2025-09-16,60-day,WF3,3,test,2,2,True,"latest eligible fold after sorting by date, split priority, and fold number",E1_validation_weighted_probability_ensemble,probability_ensemble,TAIEX_regime_fixed_60d,20260624_031817,0.03738487099443217,0.1725046941345138,0.3395711502025648,0.2725634019493067,0.17797588271918252,True,/content/drive/MyDrive/AURORA_TWETF/outputs/AURORA_TWETF/purged_walk_forward_models/run_20260624_031817/probabilities/selected_probabilities_TAIEX_regime_fixed_60d_E1_validation_weighted_probability_ensemble.parquet,TAIEX_regime_fixed_60d
2025-09-17,60-day,WF3,3,test,2,2,True,"latest eligible fold after sorting by date, split priority, and fold number",E1_validation_weighted_probability_ensemble,probability_ensemble,TAIEX_regime_fixed_60d,20260624_031817,0.034862041531452816,0.18005716561154264,0.33386585007351216,0.2715433509312462,0.17967159185224618,True,/content/drive/MyDrive/AURORA_TWETF/outputs/AURORA_TWETF/purged_walk_forward_models/run_20260624_031817/probabilities/selected_probabilities_TAIEX_regime_fixed_60d_E1_validation_weighted_probability_ensemble.parquet,TAIEX_regime_fixed_60d
2025-09-18,60-day,WF3,3,test,2,2,True,"latest eligible fold after sorting by date, split priority, and fold number",E1_validation_weighted_probability_ensemble,probability_ensemble,TAIEX_regime_fixed_60d,20260624_031817,0.02462992789414954,0.161566496841966,0.30791733497491647,0.2776957144184601,0.2281905258705078,True,/content/drive/MyDrive/AURORA_TWETF/outputs/AURORA_TWETF/purged_walk_forward_models/run_20260624_031817/probabilities/selected_probabilities_TAIEX_regime_fixed_60d_E1_validation_weighted_probability_ensemble.parquet,TAIEX_regime_fixed_60d
2025-09-19,60-day,WF3,3,test,2,2,True,"latest eligible fold after sorting by date, split priority, and fold number",E1_validation_weighted_probability_ensemble,probability_ensemble,TAIEX_regime_fixed_60d,20260624_031817,0.03341993158310839,0.23896704818207604,0.29965098250055316,0.2594310409399551,0.1685309967943072,True,/content/drive/MyDrive/AURORA_TWETF/outputs/AURORA_TWETF/purged_walk_forward_models/run_20260624_031817/probabilities/selected_probabilities_TAIEX_regime_fixed_60d_E1_validation_weighted_probability_ensemble.parquet,TAIEX_regime_fixed_60d
2025-09-22,60-day,WF3,3,test,2,2,True,"latest eligible fold after sorting by date, split priority, and fold number",E1_validation_weighted_probability_ensemble,probability_ensemble,TAIEX_regime_fixed_60d,20260624_031817,0.025950886063706047,0.20607363891819522,0.3255290633530884,0.2149224968973036,0.2275239147677067,True,/content/drive/MyDrive/AURORA_TWETF/outputs/AURORA_TWETF/purged_walk_forward_models/run_20260624_031817/probabilities/selected_probabilities_TAIEX_regime_fixed_60d_E1_validation_weighted_probability_ensemble.parquet,TAIEX_regime_fixed_60d
2025-09-23,60-day,WF3,3,test,2,2,True,"latest eligible fold after sorting by date, split priority, and fold number",E1_validation_weighted_probability_ensemble,probability_ensemble,TAIEX_regime_fixed_60d,20260624_031817,0.030158893833255825,0.23495140386313917,0.2486033536402074,0.2092999630979945,0.27698638556540317,True,/content/drive/MyDrive/AURORA_TWETF/outputs/AURORA_TWETF/purged_walk_forward_models/run_20260624_031817/probabilities/selected_probabilities_TAIEX_regime_fixed_60d_E1_validation_weighted_probability_ensemble.parquet,TAIEX_regime_fixed_60d
2025-09-24,60-day,WF3,3,test,2,2,True,"latest eligible fold after sorting by date, split priority, and fold number",E1_validation_weighted_probability_ensemble,probability_ensemble,TAIEX_regime_fixed_60d,20260624_031817,0.029126986451825588,0.18903905538806476,0.34507260063472006,0.19821166736422266,0.23854969016116692,True,/content/drive/MyDrive/AURORA_TWETF/outputs/AURORA_TWETF/purged_walk_forward_models/run_20260624_031817/probabilities/selected_probabilities_TAIEX_regime_fixed_60d_E1_validation_weighted_probability_ensemble.parquet,TAIEX_regime_fixed_60d
2025-09-25,60-day,WF3,3,test,2,2,True,"latest eligible fold after sorting by date, split priority, and fold number",E1_validation_weighted_probability_ensemble,probability_ensemble,TAIEX_regime_fixed_60d,20260624_031817,0.03075241261221687,0.16997512839274487,0.36084577194553136,0.2349745162184854,0.20345217083102146,True,/content/drive/MyDrive/AURORA_TWETF/outputs/AURORA_TWETF/purged_walk_forward_models/run_20260624_031817/probabilities/selected_probabilities_TAIEX_regime_fixed_60d_E1_validation_weighted_probability_ensemble.parquet,TAIEX_regime_fixed_60d
2025-09-26,60-day,WF3,3,test,2,2,True,"latest eligible fold after sorting by date, split priority, and fold number",E1_validation_weighted_probability_ensemble,probability_ensemble,TAIEX_regime_fixed_60d,20260624_031817,0.03172762147544804,0.15176330479352745,0.3481232578643271,0.26153815446177847,0.20684766140491884,True,/content/drive/MyDrive/AURORA_TWETF/outputs/AURORA_TWETF/purged_walk_forward_models/run_20260624_031817/probabilities/selected_probabilities_TAIEX_regime_fixed_60d_E1_validation_weighted_probability_ensemble.parquet,TAIEX_regime_fixed_60d
2025-09-30,60-day,WF3,3,test,2,2,True,"latest eligible fold after sorting by date, split priority, and fold number",E1_validation_weighted_probability_ensemble,probability_ensemble,TAIEX_regime_fixed_60d,20260624_031817,0.031952909354879135,0.15420823723898786,0.3738777296701341,0.24098470311811448,0.19897642061788443,True,/content/drive/MyDrive/AURORA_TWETF/outputs/AURORA_TWETF/purged_walk_forward_models/run_20260624_031817/probabilities/selected_probabilities_TAIEX_regime_fixed_60d_E1_validation_weighted_probability_ensemble.parquet,TAIEX_regime_fixed_60d
2025-10-01,60-day,WF3,3,test,2,2,True,"latest eligible fold after sorting by date, split priority, and fold number",E1_validation_weighted_probability_ensemble,probability_ensemble,TAIEX_regime_fixed_60d,20260624_031817,0.022350752618718644,0.1597243248205585,0.3903426937486894,0.23123240367902131,0.1963498251330121,True,/content/drive/MyDrive/AURORA_TWETF/outputs/AURORA_TWETF/purged_walk_forward_models/run_20260624_031817/probabilities/selected_probabilities_TAIEX_regime_fixed_60d_E1_validation_weighted_probability_ensemble.parquet,TAIEX_regime_fixed_60d
2025-10-02,60-day,WF3,3,test,2,2,True,"latest eligible fold after sorting by date, split priority, and fold number",E1_validation_weighted_probability_ensemble,probability_ensemble,TAIEX_regime_fixed_60d,20260624_031817,0.02187571832110435,0.1709835637539309,0.31510833467076493,0.19796828518962536,0.29406409806457445,True,/content/drive/MyDrive/AURORA_TWETF/outputs/AURORA_TWETF/purged_walk_forward_models/run_20260624_031817/probabilities/selected_probabilities_TAIEX_regime_fixed_60d_E1_validation_weighted_probability_ensemble.parquet,TAIEX_regime_fixed_60d
2025-10-03,60-day,WF3,3,test,2,2,True,"latest eligible fold after sorting by date, split priority, and fold number",E1_validation_weighted_probability_ensemble,probability_ensemble,TAIEX_regime_fixed_60d,20260624_031817,0.031131443962658524,0.23106282698823666,0.28737368337393016,0.20034306193850676,0.2500889837366678,True,/content/drive/MyDrive/AURORA_TWETF/outputs/AURORA_TWETF/purged_walk_forward_models/run_20260624_031817/probabilities/selected_probabilities_TAIEX_regime_fixed_60d_E1_validation_weighted_probability_ensemble.parquet,TAIEX_regime_fixed_60d
2025-10-07,60-day,WF3,3,test,2,2,True,"latest eligible fold after sorting by date, split priority, and fold number",E1_validation_weighted_probability_ensemble,probability_ensemble,TAIEX_regime_fixed_60d,20260624_031817,0.034864787563806926,0.22438420844204882,0.28068512344139734,0.20976154791610005,0.250304332636647,True,/content/drive/MyDrive/AURORA_TWETF/outputs/AURORA_TWETF/purged_walk_forward_models/run_20260624_031817/probabilities/selected_probabilities_TAIEX_regime_fixed_60d_E1_validation_weighted_probability_ensemble.parquet,TAIEX_regime_fixed_60d
2025-10-08,60-day,WF3,3,test,2,2,True,"latest eligible fold after sorting by date, split priority, and fold number",E1_validation_weighted_probability_ensemble,probability_ensemble,TAIEX_regime_fixed_60d,20260624_031817,0.04219756868754819,0.19145228831610311,0.3052247497627333,0.24889288289624698,0.21223251033736848,True,/content/drive/MyDrive/AURORA_TWETF/outputs/AURORA_TWETF/purged_walk_forward_models/run_20260624_031817/probabilities/selected_probabilities_TAIEX_regime_fixed_60d_E1_validation_weighted_probability_ensemble.parquet,TAIEX_regime_fixed_60d
2025-10-09,60-day,WF3,3,test,2,2,True,"latest eligible fold after sorting by date, split priority, and fold number",E1_validation_weighted_probability_ensemble,probability_ensemble,TAIEX_regime_fixed_60d,20260624_031817,0.03741499480106039,0.1490617222322186,0.4471848590651084,0.2018739925953862,0.16446443130622646,True,/content/drive/MyDrive/AURORA_TWETF/outputs/AURORA_TWETF/purged_walk_forward_models/run_20260624_031817/probabilities/selected_probabilities_TAIEX_regime_fixed_60d_E1_validation_weighted_probability_ensemble.parquet,TAIEX_regime_fixed_60d
2025-10-13,60-day,WF3,3,test,2,2,True,"latest eligible fold after sorting by date, split priority, and fold number",E1_validation_weighted_probability_ensemble,probability_ensemble,TAIEX_regime_fixed_60d,20260624_031817,0.030625562107378455,0.17073307607465119,0.4092640539846491,0.21581548043307727,0.17356182740024406,True,/content/drive/MyDrive/AURORA_TWETF/outputs/AURORA_TWETF/purged_walk_forward_models/run_20260624_031817/probabilities/selected_probabilities_TAIEX_regime_fixed_60d_E1_validation_weighted_probability_ensemble.parquet,TAIEX_regime_fixed_60d
2025-10-14,60-day,WF3,3,test,2,2,True,"latest eligible fold after sorting by date, split priority, and fold number",E1_validation_weighted_probability_ensemble,probability_ensemble,TAIEX_regime_fixed_60d,20260624_031817,0.025150878151859492,0.13719006631760886,0.4254014137467468,0.20837023733242255,0.2038874044513624,True,/content/drive/MyDrive/AURORA_TWETF/outputs/AURORA_TWETF/purged_walk_forward_models/run_20260624_031817/probabilities/selected_probabilities_TAIEX_regime_fixed_60d_E1_validation_weighted_probability_ensemble.parquet,TAIEX_regime_fixed_60d
2025-10-15,60-day,WF3,3,test,2,2,True,"latest eligible fold after sorting by date, split priority, and fold number",E1_validation_weighted_probability_ensemble,probability_ensemble,TAIEX_regime_fixed_60d,20260624_031817,0.02445601341584235,0.15904360176814755,0.41463829251714035,0.2063934794162824,0.19546861288258738,True,/content/drive/MyDrive/AURORA_TWETF/outputs/AURORA_TWETF/purged_walk_forward_models/run_20260624_031817/probabilities/selected_probabilities_TAIEX_regime_fixed_60d_E1_validation_weighted_probability_ensemble.parquet,TAIEX_regime_fixed_60d
2025-10-16,60-day,WF3,3,test,2,2,True,"latest eligible fold after sorting by date, split priority, and fold number",E1_validation_weighted_probability_ensemble,probability_ensemble,TAIEX_regime_fixed_60d,20260624_031817,0.02241603713356911,0.147605966568563,0.4054693226113455,0.2169841648125413,0.20752450887398116,True,/content/drive/MyDrive/AURORA_TWETF/outputs/AURORA_TWETF/purged_walk_forward_models/run_20260624_031817/probabilities/selected_probabilities_TAIEX_regime_fixed_60d_E1_validation_weighted_probability_ensemble.parquet,TAIEX_regime_fixed_60d
2025-10-17,60-day,WF3,3,test,2,2,True,"latest eligible fold after sorting by date, split priority, and fold number",E1_validation_weighted_probability_ensemble,probability_ensemble,TAIEX_regime_fixed_60d,20260624_031817,0.023181587593186375,0.15403997974865033,0.3746654715206899,0.250395581328141,0.19771737980933235,True,/content/drive/MyDrive/AURORA_TWETF/outputs/AURORA_TWETF/purged_walk_forward_models/run_20260624_031817/probabilities/selected_probabilities_TAIEX_regime_fixed_60d_E1_validation_weighted_probability_ensemble.parquet,TAIEX_regime_fixed_60d
2025-10-20,60-day,WF3,3,test,2,2,True,"latest eligible fold after sorting by date, split priority, and fold number",E1_validation_weighted_probability_ensemble,probability_ensemble,TAIEX_regime_fixed_60d,20260624_031817,0.029304951697633193,0.14451825043775957,0.46549093370276656,0.19330618870303337,0.1673796754588074,True,/content/drive/MyDrive/AURORA_TWETF/outputs/AURORA_TWETF/purged_walk_forward_models/run_20260624_031817/probabilities/selected_probabilities_TAIEX_regime_fixed_60d_E1_validation_weighted_probability_ensemble.parquet,TAIEX_regime_fixed_60d
2025-10-21,60-day,WF3,3,test,2,2,True,"latest eligible fold after sorting by date, split priority, and fold number",E1_validation_weighted_probability_ensemble,probability_ensemble,TAIEX_regime_fixed_60d,20260624_031817,0.03282276632108748,0.12886350596827584,0.46223986577438625,0.23682527025657754,0.13924859167967293,True,/content/drive/MyDrive/AURORA_TWETF/outputs/AURORA_TWETF/purged_walk_forward_models/run_20260624_031817/probabilities/selected_probabilities_TAIEX_regime_fixed_60d_E1_validation_weighted_probability_ensemble.parquet,TAIEX_regime_fixed_60d
2025-10-22,60-day,WF3,3,test,2,2,True,"latest eligible fold after sorting by date, split priority, and fold number",E1_validation_weighted_probability_ensemble,probability_ensemble,TAIEX_regime_fixed_60d,20260624_031817,0.028895167723889614,0.13066199371841777,0.44214224366390403,0.2517577381269654,0.1465428567668232,True,/content/drive/MyDrive/AURORA_TWETF/outputs/AURORA_TWETF/purged_walk_forward_models/run_20260624_031817/probabilities/selected_probabilities_TAIEX_regime_fixed_60d_E1_validation_weighted_probability_ensemble.parquet,TAIEX_regime_fixed_60d
2025-10-23,60-day,WF3,3,test,2,2,True,"latest eligible fold after sorting by date, split priority, and fold number",E1_validation_weighted_probability_ensemble,probability_ensemble,TAIEX_regime_fixed_60d,20260624_031817,0.032139528585713874,0.12730794998271655,0.4461063724588707,0.23806109334354542,0.15638505562915345,True,/content/drive/MyDrive/AURORA_TWETF/outputs/AURORA_TWETF/purged_walk_forward_models/run_20260624_031817/probabilities/selected_probabilities_TAIEX_regime_fixed_60d_E1_validation_weighted_probability_ensemble.parquet,TAIEX_regime_fixed_60d
2025-10-27,60-day,WF3,3,test,2,2,True,"latest eligible fold after sorting by date, split priority, and fold number",E1_validation_weighted_probability_ensemble,probability_ensemble,TAIEX_regime_fixed_60d,20260624_031817,0.023510844599222192,0.13565383298928246,0.42921721947745506,0.252090122041779,0.15952798089226117,True,/content/drive/MyDrive/AURORA_TWETF/outputs/AURORA_TWETF/purged_walk_forward_models/run_20260624_031817/probabilities/selected_probabilities_TAIEX_regime_fixed_60d_E1_validation_weighted_probability_ensemble.parquet,TAIEX_regime_fixed_60d
2025-10-28,60-day,WF3,3,test,2,2,True,"latest eligible fold after sorting by date, split priority, and fold number",E1_validation_weighted_probability_ensemble,probability_ensemble,TAIEX_regime_fixed_60d,20260624_031817,0.030157148660995,0.19504475484444433,0.3890935892384715,0.23843589859071926,0.1472686086653699,True,/content/drive/MyDrive/AURORA_TWETF/outputs/AURORA_TWETF/purged_walk_forward_models/run_20260624_031817/probabilities/selected_probabilities_TAIEX_regime_fixed_60d_E1_validation_weighted_probability_ensemble.parquet,TAIEX_regime_fixed_60d
2025-10-29,60-day,WF3,3,test,2,2,True,"latest eligible fold after sorting by date, split priority, and fold number",E1_validation_weighted_probability_ensemble,probability_ensemble,TAIEX_regime_fixed_60d,20260624_031817,0.028366026721050385,0.2121637104993583,0.35282936494185874,0.24190692222953375,0.16473397560819894,True,/content/drive/MyDrive/AURORA_TWETF/outputs/AURORA_TWETF/purged_walk_forward_models/run_20260624_031817/probabilities/selected_probabilities_TAIEX_regime_fixed_60d_E1_validation_weighted_probability_ensemble.parquet,TAIEX_regime_fixed_60d
2025-10-30,60-day,WF3,3,test,2,2,True,"latest eligible fold after sorting by date, split priority, and fold number",E1_validation_weighted_probability_ensemble,probability_ensemble,TAIEX_regime_fixed_60d,20260624_031817,0.03474361694768931,0.23596614563737683,0.35103315493936443,0.24078142806661265,0.13747565440895676,True,/content/drive/MyDrive/AURORA_TWETF/outputs/AURORA_TWETF/purged_walk_forward_models/run_20260624_031817/probabilities/selected_probabilities_TAIEX_regime_fixed_60d_E1_validation_weighted_probability_ensemble.parquet,TAIEX_regime_fixed_60d
2025-10-31,60-day,WF3,3,test,2,2,True,"latest eligible fold after sorting by date, split priority, and fold number",E1_validation_weighted_probability_ensemble,probability_ensemble,TAIEX_regime_fixed_60d,20260624_031817,0.025953828425597097,0.14400801524397583,0.4513444968887473,0.23324284557922742,0.14545081386245245,True,/content/drive/MyDrive/AURORA_TWETF/outputs/AURORA_TWETF/purged_walk_forward_models/run_20260624_031817/probabilities/selected_probabilities_TAIEX_regime_fixed_60d_E1_validation_weighted_probability_ensemble.parquet,TAIEX_regime_fixed_60d
2025-11-03,60-day,WF3,3,test,2,2,True,"latest eligible fold after sorting by date, split priority, and fold number",E1_validation_weighted_probability_ensemble,probability_ensemble,TAIEX_regime_fixed_60d,20260624_031817,0.025799300951642932,0.18295170494415292,0.4165672593039652,0.23003722649934888,0.14464450830089,True,/content/drive/MyDrive/AURORA_TWETF/outputs/AURORA_TWETF/purged_walk_forward_models/run_20260624_031817/probabilities/selected_probabilities_TAIEX_regime_fixed_60d_E1_validation_weighted_probability_ensemble.parquet,TAIEX_regime_fixed_60d
2025-11-04,60-day,WF3,3,test,2,2,True,"latest eligible fold after sorting by date, split priority, and fold number",E1_validation_weighted_probability_ensemble,probability_ensemble,TAIEX_regime_fixed_60d,20260624_031817,0.024203738919225823,0.17688620077098743,0.39522394410292766,0.2518228041371882,0.15186331206967082,True,/content/drive/MyDrive/AURORA_TWETF/outputs/AURORA_TWETF/purged_walk_forward_models/run_20260624_031817/probabilities/selected_probabilities_TAIEX_regime_fixed_60d_E1_validation_weighted_probability_ensemble.parquet,TAIEX_regime_fixed_60d
2025-11-05,60-day,WF3,3,test,2,2,True,"latest eligible fold after sorting by date, split priority, and fold number",E1_validation_weighted_probability_ensemble,probability_ensemble,TAIEX_regime_fixed_60d,20260624_031817,0.019055964784390013,0.12571014178315004,0.40963320562882505,0.2771479105381895,0.16845277726544539,True,/content/drive/MyDrive/AURORA_TWETF/outputs/AURORA_TWETF/purged_walk_forward_models/run_20260624_031817/probabilities/selected_probabilities_TAIEX_regime_fixed_60d_E1_validation_weighted_probability_ensemble.parquet,TAIEX_regime_fixed_60d
2025-11-06,60-day,WF3,3,test,2,2,True,"latest eligible fold after sorting by date, split priority, and fold number",E1_validation_weighted_probability_ensemble,probability_ensemble,TAIEX_regime_fixed_60d,20260624_031817,0.024947826463669585,0.11918155136874244,0.41151715788948173,0.24584285886735427,0.1985106054107519,True,/content/drive/MyDrive/AURORA_TWETF/outputs/AURORA_TWETF/purged_walk_forward_models/run_20260624_031817/probabilities/selected_probabilities_TAIEX_regime_fixed_60d_E1_validation_weighted_probability_ensemble.parquet,TAIEX_regime_fixed_60d
2025-11-07,60-day,WF3,3,test,2,2,True,"latest eligible fold after sorting by date, split priority, and fold number",E1_validation_weighted_probability_ensemble,probability_ensemble,TAIEX_regime_fixed_60d,20260624_031817,0.02083759902696047,0.12896666506347693,0.33121965344699494,0.2757523885162013,0.2432236939463662,True,/content/drive/MyDrive/AURORA_TWETF/outputs/AURORA_TWETF/purged_walk_forward_models/run_20260624_031817/probabilities/selected_probabilities_TAIEX_regime_fixed_60d_E1_validation_weighted_probability_ensemble.parquet,TAIEX_regime_fixed_60d
2025-11-10,60-day,WF3,3,test,2,2,True,"latest eligible fold after sorting by date, split priority, and fold number",E1_validation_weighted_probability_ensemble,probability_ensemble,TAIEX_regime_fixed_60d,20260624_031817,0.02029106508767119,0.1329342819574034,0.3475781536305502,0.27140266480304664,0.22779383452132856,True,/content/drive/MyDrive/AURORA_TWETF/outputs/AURORA_TWETF/purged_walk_forward_models/run_20260624_031817/probabilities/selected_probabilities_TAIEX_regime_fixed_60d_E1_validation_weighted_probability_ensemble.parquet,TAIEX_regime_fixed_60d
2025-11-11,60-day,WF3,3,test,2,2,True,"latest eligible fold after sorting by date, split priority, and fold number",E1_validation_weighted_probability_ensemble,probability_ensemble,TAIEX_regime_fixed_60d,20260624_031817,0.022303200414503597,0.13629822597071392,0.32360028873782587,0.2967463453156234,0.22105193956133323,True,/content/drive/MyDrive/AURORA_TWETF/outputs/AURORA_TWETF/purged_walk_forward_models/run_20260624_031817/probabilities/selected_probabilities_TAIEX_regime_fixed_60d_E1_validation_weighted_probability_ensemble.parquet,TAIEX_regime_fixed_60d
2025-11-12,60-day,WF3,3,test,2,2,True,"latest eligible fold after sorting by date, split priority, and fold number",E1_validation_weighted_probability_ensemble,probability_ensemble,TAIEX_regime_fixed_60d,20260624_031817,0.023268045997979943,0.155307060024762,0.32654750200494936,0.2929101942397969,0.20196719773251187,True,/content/drive/MyDrive/AURORA_TWETF/outputs/AURORA_TWETF/purged_walk_forward_models/run_20260624_031817/probabilities/selected_probabilities_TAIEX_regime_fixed_60d_E1_validation_weighted_probability_ensemble.parquet,TAIEX_regime_fixed_60d
2025-11-13,60-day,WF3,3,test,2,2,True,"latest eligible fold after sorting by date, split priority, and fold number",E1_validation_weighted_probability_ensemble,probability_ensemble,TAIEX_regime_fixed_60d,20260624_031817,0.022916763009553275,0.1692378538337098,0.3203418170782314,0.29618524414488856,0.19131832193361703,True,/content/drive/MyDrive/AURORA_TWETF/outputs/AURORA_TWETF/purged_walk_forward_models/run_20260624_031817/probabilities/selected_probabilities_TAIEX_regime_fixed_60d_E1_validation_weighted_probability_ensemble.parquet,TAIEX_regime_fixed_60d
2025-11-14,60-day,WF3,3,test,2,2,True,"latest eligible fold after sorting by date, split priority, and fold number",E1_validation_weighted_probability_ensemble,probability_ensemble,TAIEX_regime_fixed_60d,20260624_031817,0.019803300581840374,0.14936662637211098,0.31315832058922516,0.3038596481184276,0.21381210433839598,True,/content/drive/MyDrive/AURORA_TWETF/outputs/AURORA_TWETF/purged_walk_forward_models/run_20260624_031817/probabilities/selected_probabilities_TAIEX_regime_fixed_60d_E1_validation_weighted_probability_ensemble.parquet,TAIEX_regime_fixed_60d
2025-11-17,60-day,WF3,3,test,2,2,True,"latest eligible fold after sorting by date, split priority, and fold number",E1_validation_weighted_probability_ensemble,probability_ensemble,TAIEX_regime_fixed_60d,20260624_031817,0.0228648469606442,0.17721041665095866,0.2744752119001852,0.3050289389304046,0.22042058555780736,True,/content/drive/MyDrive/AURORA_TWETF/outputs/AURORA_TWETF/purged_walk_forward_models/run_20260624_031817/probabilities/selected_probabilities_TAIEX_regime_fixed_60d_E1_validation_weighted_probability_ensemble.parquet,TAIEX_regime_fixed_60d
2025-11-18,60-day,WF3,3,test,2,2,True,"latest eligible fold after sorting by date, split priority, and fold number",E1_validation_weighted_probability_ensemble,probability_ensemble,TAIEX_regime_fixed_60d,20260624_031817,0.013493335527016757,0.18872337031510125,0.18451748481384522,0.3996643269119212,0.21360148243211546,True,/content/drive/MyDrive/AURORA_TWETF/outputs/AURORA_TWETF/purged_walk_forward_models/run_20260624_031817/probabilities/selected_probabilities_TAIEX_regime_fixed_60d_E1_validation_weighted_probability_ensemble.parquet,TAIEX_regime_fixed_60d
2025-11-19,60-day,WF3,3,test,2,2,True,"latest eligible fold after sorting by date, split priority, and fold number",E1_validation_weighted_probability_ensemble,probability_ensemble,TAIEX_regime_fixed_60d,20260624_031817,0.0115465354346426,0.17804678638222163,0.15841761531780163,0.3408083361599074,0.3111807267054268,True,/content/drive/MyDrive/AURORA_TWETF/outputs/AURORA_TWETF/purged_walk_forward_models/run_20260624_031817/probabilities/selected_probabilities_TAIEX_regime_fixed_60d_E1_validation_weighted_probability_ensemble.parquet,TAIEX_regime_fixed_60d
2025-11-20,60-day,WF3,3,test,2,2,True,"latest eligible fold after sorting by date, split priority, and fold number",E1_validation_weighted_probability_ensemble,probability_ensemble,TAIEX_regime_fixed_60d,20260624_031817,0.014524885075475521,0.1818438604589706,0.1589203234763195,0.3092133252076551,0.3354976057815792,True,/content/drive/MyDrive/AURORA_TWETF/outputs/AURORA_TWETF/purged_walk_forward_models/run_20260624_031817/probabilities/selected_probabilities_TAIEX_regime_fixed_60d_E1_validation_weighted_probability_ensemble.parquet,TAIEX_regime_fixed_60d
2025-11-21,60-day,WF3,3,test,2,2,True,"latest eligible fold after sorting by date, split priority, and fold number",E1_validation_weighted_probability_ensemble,probability_ensemble,TAIEX_regime_fixed_60d,20260624_031817,0.015386567184449418,0.1648380421247726,0.16932113488334638,0.39331872749084423,0.2571355283165874,True,/content/drive/MyDrive/AURORA_TWETF/outputs/AURORA_TWETF/purged_walk_forward_models/run_20260624_031817/probabilities/selected_probabilities_TAIEX_regime_fixed_60d_E1_validation_weighted_probability_ensemble.parquet,TAIEX_regime_fixed_60d
2025-11-24,60-day,WF3,3,test,2,2,True,"latest eligible fold after sorting by date, split priority, and fold number",E1_validation_weighted_probability_ensemble,probability_ensemble,TAIEX_regime_fixed_60d,20260624_031817,0.013819095354238238,0.19786112876034667,0.15740599897735444,0.28355139043382777,0.34736238647423295,True,/content/drive/MyDrive/AURORA_TWETF/outputs/AURORA_TWETF/purged_walk_forward_models/run_20260624_031817/probabilities/selected_probabilities_TAIEX_regime_fixed_60d_E1_validation_weighted_probability_ensemble.parquet,TAIEX_regime_fixed_60d
2025-11-25,60-day,WF3,3,test,2,2,True,"latest eligible fold after sorting by date, split priority, and fold number",E1_validation_weighted_probability_ensemble,probability_ensemble,TAIEX_regime_fixed_60d,20260624_031817,0.019280647352225594,0.19502659475716655,0.18760644492837397,0.26687408230754683,0.331212230654687,True,/content/drive/MyDrive/AURORA_TWETF/outputs/AURORA_TWETF/purged_walk_forward_models/run_20260624_031817/probabilities/selected_probabilities_TAIEX_regime_fixed_60d_E1_validation_weighted_probability_ensemble.parquet,TAIEX_regime_fixed_60d
2025-11-26,60-day,WF3,3,test,2,2,True,"latest eligible fold after sorting by date, split priority, and fold number",E1_validation_weighted_probability_ensemble,probability_ensemble,TAIEX_regime_fixed_60d,20260624_031817,0.01908407142151427,0.16903371769931108,0.2099859050084338,0.3320666010918669,0.2698297047788739,True,/content/drive/MyDrive/AURORA_TWETF/outputs/AURORA_TWETF/purged_walk_forward_models/run_20260624_031817/probabilities/selected_probabilities_TAIEX_regime_fixed_60d_E1_validation_weighted_probability_ensemble.parquet,TAIEX_regime_fixed_60d
2025-11-27,60-day,WF3,3,test,2,2,True,"latest eligible fold after sorting by date, split priority, and fold number",E1_validation_weighted_probability_ensemble,probability_ensemble,TAIEX_regime_fixed_60d,20260624_031817,0.02187082066822897,0.18726863515038358,0.2753613286577448,0.298408442407776,0.21709077311586678,True,/content/drive/MyDrive/AURORA_TWETF/outputs/AURORA_TWETF/purged_walk_forward_models/run_20260624_031817/probabilities/selected_probabilities_TAIEX_regime_fixed_60d_E1_validation_weighted_probability_ensemble.parquet,TAIEX_regime_fixed_60d
2025-11-28,60-day,WF3,3,test,2,2,True,"latest eligible fold after sorting by date, split priority, and fold number",E1_validation_weighted_probability_ensemble,probability_ensemble,TAIEX_regime_fixed_60d,20260624_031817,0.024629021767642638,0.19017076453219833,0.2687129644247068,0.3262999743043029,0.19018727497114946,True,/content/drive/MyDrive/AURORA_TWETF/outputs/AURORA_TWETF/purged_walk_forward_models/run_20260624_031817/probabilities/selected_probabilities_TAIEX_regime_fixed_60d_E1_validation_weighted_probability_ensemble.parquet,TAIEX_regime_fixed_60d
2025-12-01,60-day,WF3,3,test,2,2,True,"latest eligible fold after sorting by date, split priority, and fold number",E1_validation_weighted_probability_ensemble,probability_ensemble,TAIEX_regime_fixed_60d,20260624_031817,0.026005723491504328,0.18164998822191233,0.3700587523666221,0.25756980251801165,0.1647157334019496,True,/content/drive/MyDrive/AURORA_TWETF/outputs/AURORA_TWETF/purged_walk_forward_models/run_20260624_031817/probabilities/selected_probabilities_TAIEX_regime_fixed_60d_E1_validation_weighted_probability_ensemble.parquet,TAIEX_regime_fixed_60d
2025-12-02,60-day,WF3,3,test,2,2,True,"latest eligible fold after sorting by date, split priority, and fold number",E1_validation_weighted_probability_ensemble,probability_ensemble,TAIEX_regime_fixed_60d,20260624_031817,0.025762124713402182,0.16318046180607235,0.3528442490284241,0.27176815730089854,0.18644500715120285,True,/content/drive/MyDrive/AURORA_TWETF/outputs/AURORA_TWETF/purged_walk_forward_models/run_20260624_031817/probabilities/selected_probabilities_TAIEX_regime_fixed_60d_E1_validation_weighted_probability_ensemble.parquet,TAIEX_regime_fixed_60d
2025-12-03,60-day,WF3,3,test,2,2,True,"latest eligible fold after sorting by date, split priority, and fold number",E1_validation_weighted_probability_ensemble,probability_ensemble,TAIEX_regime_fixed_60d,20260624_031817,0.027026637682071978,0.15716726974888964,0.31197821276629706,0.28222462814052396,0.22160325166221742,True,/content/drive/MyDrive/AURORA_TWETF/outputs/AURORA_TWETF/purged_walk_forward_models/run_20260624_031817/probabilities/selected_probabilities_TAIEX_regime_fixed_60d_E1_validation_weighted_probability_ensemble.parquet,TAIEX_regime_fixed_60d
2025-12-04,60-day,WF3,3,test,2,2,True,"latest eligible fold after sorting by date, split priority, and fold number",E1_validation_weighted_probability_ensemble,probability_ensemble,TAIEX_regime_fixed_60d,20260624_031817,0.02505983427802352,0.16017650069842373,0.34391403927810005,0.27942862163854526,0.19142100410690735,True,/content/drive/MyDrive/AURORA_TWETF/outputs/AURORA_TWETF/purged_walk_forward_models/run_20260624_031817/probabilities/selected_probabilities_TAIEX_regime_fixed_60d_E1_validation_weighted_probability_ensemble.parquet,TAIEX_regime_fixed_60d
2025-12-05,60-day,WF3,3,test,2,2,True,"latest eligible fold after sorting by date, split priority, and fold number",E1_validation_weighted_probability_ensemble,probability_ensemble,TAIEX_regime_fixed_60d,20260624_031817,0.034256332052401986,0.17953842404080292,0.32909470815316616,0.30032579623633654,0.15678473951729238,True,/content/drive/MyDrive/AURORA_TWETF/outputs/AURORA_TWETF/purged_walk_forward_models/run_20260624_031817/probabilities/selected_probabilities_TAIEX_regime_fixed_60d_E1_validation_weighted_probability_ensemble.parquet,TAIEX_regime_fixed_60d
2025-12-08,60-day,WF3,3,test,2,2,True,"latest eligible fold after sorting by date, split priority, and fold number",E1_validation_weighted_probability_ensemble,probability_ensemble,TAIEX_regime_fixed_60d,20260624_031817,0.03662265766559214,0.19968934601114577,0.3311524132008481,0.27957929826756506,0.15295628485484897,True,/content/drive/MyDrive/AURORA_TWETF/outputs/AURORA_TWETF/purged_walk_forward_models/run_20260624_031817/probabilities/selected_probabilities_TAIEX_regime_fixed_60d_E1_validation_weighted_probability_ensemble.parquet,TAIEX_regime_fixed_60d
2025-12-09,60-day,WF3,3,test,2,2,True,"latest eligible fold after sorting by date, split priority, and fold number",E1_validation_weighted_probability_ensemble,probability_ensemble,TAIEX_regime_fixed_60d,20260624_031817,0.03431536927009461,0.19934126432099422,0.31885738147579584,0.27805713957678857,0.16942884535632677,True,/content/drive/MyDrive/AURORA_TWETF/outputs/AURORA_TWETF/purged_walk_forward_models/run_20260624_031817/probabilities/selected_probabilities_TAIEX_regime_fixed_60d_E1_validation_weighted_probability_ensemble.parquet,TAIEX_regime_fixed_60d
2025-12-10,60-day,WF3,3,test,2,2,True,"latest eligible fold after sorting by date, split priority, and fold number",E1_validation_weighted_probability_ensemble,probability_ensemble,TAIEX_regime_fixed_60d,20260624_031817,0.029936511409712478,0.18114824333722795,0.38143423349837113,0.23848987392747387,0.16899113782721448,True,/content/drive/MyDrive/AURORA_TWETF/outputs/AURORA_TWETF/purged_walk_forward_models/run_20260624_031817/probabilities/selected_probabilities_TAIEX_regime_fixed_60d_E1_validation_weighted_probability_ensemble.parquet,TAIEX_regime_fixed_60d
2025-12-11,60-day,WF3,3,test,2,2,True,"latest eligible fold after sorting by date, split priority, and fold number",E1_validation_weighted_probability_ensemble,probability_ensemble,TAIEX_regime_fixed_60d,20260624_031817,0.02503543844422947,0.20087733613607003,0.3068631807882524,0.3014622903598654,0.16576175427158266,True,/content/drive/MyDrive/AURORA_TWETF/outputs/AURORA_TWETF/purged_walk_forward_models/run_20260624_031817/probabilities/selected_probabilities_TAIEX_regime_fixed_60d_E1_validation_weighted_probability_ensemble.parquet,TAIEX_regime_fixed_60d
2025-12-12,60-day,WF3,3,test,2,1,False,"latest eligible fold after sorting by date, split priority, and fold number",E1_validation_weighted_probability_ensemble,probability_ensemble,TAIEX_regime_fixed_60d,20260624_031817,0.028134808099334715,0.1542750093248607,0.36941079584203557,0.24532929637902667,0.20285009035474227,True,/content/drive/MyDrive/AURORA_TWETF/outputs/AURORA_TWETF/purged_walk_forward_models/run_20260624_031817/probabilities/selected_probabilities_TAIEX_regime_fixed_60d_E1_validation_weighted_probability_ensemble.parquet,TAIEX_regime_fixed_60d
2025-12-15,60-day,WF3,3,test,2,1,False,"latest eligible fold after sorting by date, split priority, and fold number",E1_validation_weighted_probability_ensemble,probability_ensemble,TAIEX_regime_fixed_60d,20260624_031817,0.024934821648466925,0.16500247061646714,0.2742987835985129,0.3361390811434721,0.19962484299308098,True,/content/drive/MyDrive/AURORA_TWETF/outputs/AURORA_TWETF/purged_walk_forward_models/run_20260624_031817/probabilities/selected_probabilities_TAIEX_regime_fixed_60d_E1_validation_weighted_probability_ensemble.parquet,TAIEX_regime_fixed_60d
2025-12-16,60-day,WF3,3,test,2,1,False,"latest eligible fold after sorting by date, split priority, and fold number",E1_validation_weighted_probability_ensemble,probability_ensemble,TAIEX_regime_fixed_60d,20260624_031817,0.026114673696788902,0.1923333357016698,0.2428825019566285,0.31211777294178344,0.2265517157031294,True,/content/drive/MyDrive/AURORA_TWETF/outputs/AURORA_TWETF/purged_walk_forward_models/run_20260624_031817/probabilities/selected_probabilities_TAIEX_regime_fixed_60d_E1_validation_weighted_probability_ensemble.parquet,TAIEX_regime_fixed_60d
2025-12-17,60-day,WF3,3,test,2,1,False,"latest eligible fold after sorting by date, split priority, and fold number",E1_validation_weighted_probability_ensemble,probability_ensemble,TAIEX_regime_fixed_60d,20260624_031817,0.025048051472973117,0.1936599830624379,0.2922773990130547,0.26363335560487966,0.22538121084665474,True,/content/drive/MyDrive/AURORA_TWETF/outputs/AURORA_TWETF/purged_walk_forward_models/run_20260624_031817/probabilities/selected_probabilities_TAIEX_regime_fixed_60d_E1_validation_weighted_probability_ensemble.parquet,TAIEX_regime_fixed_60d
2025-12-18,60-day,WF3,3,test,2,1,False,"latest eligible fold after sorting by date, split priority, and fold number",E1_validation_weighted_probability_ensemble,probability_ensemble,TAIEX_regime_fixed_60d,20260624_031817,0.021294482700706933,0.1647651889360295,0.22272863023874084,0.332363187723138,0.2588485104013847,True,/content/drive/MyDrive/AURORA_TWETF/outputs/AURORA_TWETF/purged_walk_forward_models/run_20260624_031817/probabilities/selected_probabilities_TAIEX_regime_fixed_60d_E1_validation_weighted_probability_ensemble.parquet,TAIEX_regime_fixed_60d
2025-12-19,60-day,WF3,3,test,2,1,False,"latest eligible fold after sorting by date, split priority, and fold number",E1_validation_weighted_probability_ensemble,probability_ensemble,TAIEX_regime_fixed_60d,20260624_031817,0.03065925780021022,0.17486160627536806,0.19658977028886584,0.3253891091696038,0.27250025646595205,True,/content/drive/MyDrive/AURORA_TWETF/outputs/AURORA_TWETF/purged_walk_forward_models/run_20260624_031817/probabilities/selected_probabilities_TAIEX_regime_fixed_60d_E1_validation_weighted_probability_ensemble.parquet,TAIEX_regime_fixed_60d
2025-12-22,60-day,WF3,3,test,2,1,False,"latest eligible fold after sorting by date, split priority, and fold number",E1_validation_weighted_probability_ensemble,probability_ensemble,TAIEX_regime_fixed_60d,20260624_031817,0.029147825565491517,0.1930891949774692,0.19044665452353746,0.3678279820934103,0.21948834284009155,True,/content/drive/MyDrive/AURORA_TWETF/outputs/AURORA_TWETF/purged_walk_forward_models/run_20260624_031817/probabilities/selected_probabilities_TAIEX_regime_fixed_60d_E1_validation_weighted_probability_ensemble.parquet,TAIEX_regime_fixed_60d
2025-12-23,60-day,WF3,3,test,2,1,False,"latest eligible fold after sorting by date, split priority, and fold number",E1_validation_weighted_probability_ensemble,probability_ensemble,TAIEX_regime_fixed_60d,20260624_031817,0.030077146884187056,0.1940731726860072,0.21745910135205707,0.3573101659136891,0.2010804131640595,True,/content/drive/MyDrive/AURORA_TWETF/outputs/AURORA_TWETF/purged_walk_forward_models/run_20260624_031817/probabilities/selected_probabilities_TAIEX_regime_fixed_60d_E1_validation_weighted_probability_ensemble.parquet,TAIEX_regime_fixed_60d
2025-12-24,60-day,WF3,3,test,2,1,False,"latest eligible fold after sorting by date, split priority, and fold number",E1_validation_weighted_probability_ensemble,probability_ensemble,TAIEX_regime_fixed_60d,20260624_031817,0.03751549283482125,0.1927131894890617,0.28997694819425135,0.29869006604058435,0.18110430344128134,True,/content/drive/MyDrive/AURORA_TWETF/outputs/AURORA_TWETF/purged_walk_forward_models/run_20260624_031817/probabilities/selected_probabilities_TAIEX_regime_fixed_60d_E1_validation_weighted_probability_ensemble.parquet,TAIEX_regime_fixed_60d
2025-12-26,60-day,WF3,3,test,2,1,False,"latest eligible fold after sorting by date, split priority, and fold number",E1_validation_weighted_probability_ensemble,probability_ensemble,TAIEX_regime_fixed_60d,20260624_031817,0.038394985384998935,0.17342503139727325,0.3013930174883987,0.3130809399933179,0.1737060257360112,True,/content/drive/MyDrive/AURORA_TWETF/outputs/AURORA_TWETF/purged_walk_forward_models/run_20260624_031817/probabilities/selected_probabilities_TAIEX_regime_fixed_60d_E1_validation_weighted_probability_ensemble.parquet,TAIEX_regime_fixed_60d
2025-12-29,60-day,WF3,3,test,2,1,False,"latest eligible fold after sorting by date, split priority, and fold number",E1_validation_weighted_probability_ensemble,probability_ensemble,TAIEX_regime_fixed_60d,20260624_031817,0.03443108679637298,0.16916468063719853,0.3097732540178498,0.30473079514408313,0.18190018340449554,True,/content/drive/MyDrive/AURORA_TWETF/outputs/AURORA_TWETF/purged_walk_forward_models/run_20260624_031817/probabilities/selected_probabilities_TAIEX_regime_fixed_60d_E1_validation_weighted_probability_ensemble.parquet,TAIEX_regime_fixed_60d
2025-12-30,60-day,WF3,3,test,2,1,False,"latest eligible fold after sorting by date, split priority, and fold number",E1_validation_weighted_probability_ensemble,probability_ensemble,TAIEX_regime_fixed_60d,20260624_031817,0.03135771549805511,0.19151362982280076,0.25788805933495895,0.33649893376943835,0.18274166157474686,True,/content/drive/MyDrive/AURORA_TWETF/outputs/AURORA_TWETF/purged_walk_forward_models/run_20260624_031817/probabilities/selected_probabilities_TAIEX_regime_fixed_60d_E1_validation_weighted_probability_ensemble.parquet,TAIEX_regime_fixed_60d
2025-12-31,60-day,WF3,3,test,2,1,False,"latest eligible fold after sorting by date, split priority, and fold number",E1_validation_weighted_probability_ensemble,probability_ensemble,TAIEX_regime_fixed_60d,20260624_031817,0.03080721402736749,0.18357128206975246,0.25032685372198876,0.3515679908512861,0.18372665932960516,True,/content/drive/MyDrive/AURORA_TWETF/outputs/AURORA_TWETF/purged_walk_forward_models/run_20260624_031817/probabilities/selected_probabilities_TAIEX_regime_fixed_60d_E1_validation_weighted_probability_ensemble.parquet,TAIEX_regime_fixed_60d
2026-01-02,60-day,WF3,3,test,2,1,False,"latest eligible fold after sorting by date, split priority, and fold number",E1_validation_weighted_probability_ensemble,probability_ensemble,TAIEX_regime_fixed_60d,20260624_031817,0.03481884834513981,0.17077108331279048,0.21778957176855235,0.4026499262572525,0.17397057031626478,True,/content/drive/MyDrive/AURORA_TWETF/outputs/AURORA_TWETF/purged_walk_forward_models/run_20260624_031817/probabilities/selected_probabilities_TAIEX_regime_fixed_60d_E1_validation_weighted_probability_ensemble.parquet,TAIEX_regime_fixed_60d
2026-01-05,60-day,WF3,3,test,2,1,False,"latest eligible fold after sorting by date, split priority, and fold number",E1_validation_weighted_probability_ensemble,probability_ensemble,TAIEX_regime_fixed_60d,20260624_031817,0.03969302582909892,0.17104053784710216,0.22693427985415565,0.39637498534952526,0.165957171120118,True,/content/drive/MyDrive/AURORA_TWETF/outputs/AURORA_TWETF/purged_walk_forward_models/run_20260624_031817/probabilities/selected_probabilities_TAIEX_regime_fixed_60d_E1_validation_weighted_probability_ensemble.parquet,TAIEX_regime_fixed_60d
2026-01-06,60-day,WF3,3,test,2,1,False,"latest eligible fold after sorting by date, split priority, and fold number",E1_validation_weighted_probability_ensemble,probability_ensemble,TAIEX_regime_fixed_60d,20260624_031817,0.040261618463436954,0.17185771133607794,0.24348668957026237,0.39119708846598666,0.15319689216423601,True,/content/drive/MyDrive/AURORA_TWETF/outputs/AURORA_TWETF/purged_walk_forward_models/run_20260624_031817/probabilities/selected_probabilities_TAIEX_regime_fixed_60d_E1_validation_weighted_probability_ensemble.parquet,TAIEX_regime_fixed_60d
2026-01-07,60-day,WF3,3,test,2,1,False,"latest eligible fold after sorting by date, split priority, and fold number",E1_validation_weighted_probability_ensemble,probability_ensemble,TAIEX_regime_fixed_60d,20260624_031817,0.04652861437873475,0.16425926609581495,0.22427193911694637,0.41069149380898673,0.15424868659951707,True,/content/drive/MyDrive/AURORA_TWETF/outputs/AURORA_TWETF/purged_walk_forward_models/run_20260624_031817/probabilities/selected_probabilities_TAIEX_regime_fixed_60d_E1_validation_weighted_probability_ensemble.parquet,TAIEX_regime_fixed_60d
2026-01-08,60-day,WF3,3,test,2,1,False,"latest eligible fold after sorting by date, split priority, and fold number",E1_validation_weighted_probability_ensemble,probability_ensemble,TAIEX_regime_fixed_60d,20260624_031817,0.04760324102953075,0.17135261293969048,0.2357158452840599,0.4006133614502063,0.14471493929651252,True,/content/drive/MyDrive/AURORA_TWETF/outputs/AURORA_TWETF/purged_walk_forward_models/run_20260624_031817/probabilities/selected_probabilities_TAIEX_regime_fixed_60d_E1_validation_weighted_probability_ensemble.parquet,TAIEX_regime_fixed_60d
2026-01-09,60-day,WF3,3,test,2,1,False,"latest eligible fold after sorting by date, split priority, and fold number",E1_validation_weighted_probability_ensemble,probability_ensemble,TAIEX_regime_fixed_60d,20260624_031817,0.03390469590136619,0.16828933127086565,0.2395758996966677,0.3856072333538357,0.17262283977726484,True,/content/drive/MyDrive/AURORA_TWETF/outputs/AURORA_TWETF/purged_walk_forward_models/run_20260624_031817/probabilities/selected_probabilities_TAIEX_regime_fixed_60d_E1_validation_weighted_probability_ensemble.parquet,TAIEX_regime_fixed_60d
2026-01-12,60-day,WF3,3,test,2,1,False,"latest eligible fold after sorting by date, split priority, and fold number",E1_validation_weighted_probability_ensemble,probability_ensemble,TAIEX_regime_fixed_60d,20260624_031817,0.033543203767965296,0.17523976626080895,0.2668314203785744,0.34851320499241123,0.17587240460024023,True,/content/drive/MyDrive/AURORA_TWETF/outputs/AURORA_TWETF/purged_walk_forward_models/run_20260624_031817/probabilities/selected_probabilities_TAIEX_regime_fixed_60d_E1_validation_weighted_probability_ensemble.parquet,TAIEX_regime_fixed_60d
2026-01-13,60-day,WF3,3,test,2,1,False,"latest eligible fold after sorting by date, split priority, and fold number",E1_validation_weighted_probability_ensemble,probability_ensemble,TAIEX_regime_fixed_60d,20260624_031817,0.03411725813600215,0.17519127068780221,0.24960413911320334,0.36417994211950744,0.1769073899434849,True,/content/drive/MyDrive/AURORA_TWETF/outputs/AURORA_TWETF/purged_walk_forward_models/run_20260624_031817/probabilities/selected_probabilities_TAIEX_regime_fixed_60d_E1_validation_weighted_probability_ensemble.parquet,TAIEX_regime_fixed_60d
2026-01-14,60-day,WF3,3,test,2,1,False,"latest eligible fold after sorting by date, split priority, and fold number",E1_validation_weighted_probability_ensemble,probability_ensemble,TAIEX_regime_fixed_60d,20260624_031817,0.043718149447734306,0.15248268612432514,0.26910575304157375,0.3725201079886894,0.1621733033976775,True,/content/drive/MyDrive/AURORA_TWETF/outputs/AURORA_TWETF/purged_walk_forward_models/run_20260624_031817/probabilities/selected_probabilities_TAIEX_regime_fixed_60d_E1_validation_weighted_probability_ensemble.parquet,TAIEX_regime_fixed_60d
2026-01-15,60-day,WF3,3,test,2,1,False,"latest eligible fold after sorting by date, split priority, and fold number",E1_validation_weighted_probability_ensemble,probability_ensemble,TAIEX_regime_fixed_60d,20260624_031817,0.03577312216574535,0.16775713176547657,0.3058236787218989,0.3211599161831056,0.16948615116377347,True,/content/drive/MyDrive/AURORA_TWETF/outputs/AURORA_TWETF/purged_walk_forward_models/run_20260624_031817/probabilities/selected_probabilities_TAIEX_regime_fixed_60d_E1_validation_weighted_probability_ensemble.parquet,TAIEX_regime_fixed_60d
2026-01-16,60-day,WF3,3,test,2,1,False,"latest eligible fold after sorting by date, split priority, and fold number",E1_validation_weighted_probability_ensemble,probability_ensemble,TAIEX_regime_fixed_60d,20260624_031817,0.051212309030586274,0.15847569255518557,0.24984594124492482,0.3706652387076515,0.1698008184616519,True,/content/drive/MyDrive/AURORA_TWETF/outputs/AURORA_TWETF/purged_walk_forward_models/run_20260624_031817/probabilities/selected_probabilities_TAIEX_regime_fixed_60d_E1_validation_weighted_probability_ensemble.parquet,TAIEX_regime_fixed_60d
2026-01-19,60-day,WF3,3,test,2,1,False,"latest eligible fold after sorting by date, split priority, and fold number",E1_validation_weighted_probability_ensemble,probability_ensemble,TAIEX_regime_fixed_60d,20260624_031817,0.03978096075784973,0.18594365758702094,0.3156719653421716,0.2962453047883291,0.1623581115246286,True,/content/drive/MyDrive/AURORA_TWETF/outputs/AURORA_TWETF/purged_walk_forward_models/run_20260624_031817/probabilities/selected_probabilities_TAIEX_regime_fixed_60d_E1_validation_weighted_probability_ensemble.parquet,TAIEX_regime_fixed_60d
2026-01-20,60-day,WF3,3,test,2,1,False,"latest eligible fold after sorting by date, split priority, and fold number",E1_validation_weighted_probability_ensemble,probability_ensemble,TAIEX_regime_fixed_60d,20260624_031817,0.045259721051965615,0.18239574031704614,0.29017372495199645,0.32972007821456834,0.1524507354644234,True,/content/drive/MyDrive/AURORA_TWETF/outputs/AURORA_TWETF/purged_walk_forward_models/run_20260624_031817/probabilities/selected_probabilities_TAIEX_regime_fixed_60d_E1_validation_weighted_probability_ensemble.parquet,TAIEX_regime_fixed_60d
2026-01-21,60-day,WF3,3,test,2,1,False,"latest eligible fold after sorting by date, split priority, and fold number",E1_validation_weighted_probability_ensemble,probability_ensemble,TAIEX_regime_fixed_60d,20260624_031817,0.04175706143925626,0.14557237235867374,0.3200909231366795,0.31801188965181415,0.17456775341357633,True,/content/drive/MyDrive/AURORA_TWETF/outputs/AURORA_TWETF/purged_walk_forward_models/run_20260624_031817/probabilities/selected_probabilities_TAIEX_regime_fixed_60d_E1_validation_weighted_probability_ensemble.parquet,TAIEX_regime_fixed_60d
2026-01-22,60-day,WF3,3,test,2,1,False,"latest eligible fold after sorting by date, split priority, and fold number",E1_validation_weighted_probability_ensemble,probability_ensemble,TAIEX_regime_fixed_60d,20260624_031817,0.03625119210640532,0.14554854419587362,0.30838047924792095,0.3157283154510261,0.19409146899877402,True,/content/drive/MyDrive/AURORA_TWETF/outputs/AURORA_TWETF/purged_walk_forward_models/run_20260624_031817/probabilities/selected_probabilities_TAIEX_regime_fixed_60d_E1_validation_weighted_probability_ensemble.parquet,TAIEX_regime_fixed_60d
2026-01-23,60-day,WF3,3,test,2,1,False,"latest eligible fold after sorting by date, split priority, and fold number",E1_validation_weighted_probability_ensemble,probability_ensemble,TAIEX_regime_fixed_60d,20260624_031817,0.04787622346249686,0.15405545842497437,0.28979432675226124,0.33896493651643833,0.1693090548438291,True,/content/drive/MyDrive/AURORA_TWETF/outputs/AURORA_TWETF/purged_walk_forward_models/run_20260624_031817/probabilities/selected_probabilities_TAIEX_regime_fixed_60d_E1_validation_weighted_probability_ensemble.parquet,TAIEX_regime_fixed_60d
2026-01-26,60-day,WF3,3,test,2,1,False,"latest eligible fold after sorting by date, split priority, and fold number",E1_validation_weighted_probability_ensemble,probability_ensemble,TAIEX_regime_fixed_60d,20260624_031817,0.035109515760915685,0.15490053829046932,0.2975552685641248,0.32869338167553763,0.18374129570895253,True,/content/drive/MyDrive/AURORA_TWETF/outputs/AURORA_TWETF/purged_walk_forward_models/run_20260624_031817/probabilities/selected_probabilities_TAIEX_regime_fixed_60d_E1_validation_weighted_probability_ensemble.parquet,TAIEX_regime_fixed_60d
2026-01-27,60-day,WF3,3,test,2,1,False,"latest eligible fold after sorting by date, split priority, and fold number",E1_validation_weighted_probability_ensemble,probability_ensemble,TAIEX_regime_fixed_60d,20260624_031817,0.03124683413865717,0.17697406328318174,0.26910412753673973,0.33573664603660586,0.18693832900481552,True,/content/drive/MyDrive/AURORA_TWETF/outputs/AURORA_TWETF/purged_walk_forward_models/run_20260624_031817/probabilities/selected_probabilities_TAIEX_regime_fixed_60d_E1_validation_weighted_probability_ensemble.parquet,TAIEX_regime_fixed_60d
2026-01-28,60-day,WF3,3,test,2,1,False,"latest eligible fold after sorting by date, split priority, and fold number",E1_validation_weighted_probability_ensemble,probability_ensemble,TAIEX_regime_fixed_60d,20260624_031817,0.03230047883341328,0.17352329640783865,0.2799078937285692,0.3277414461594668,0.18652688487071203,True,/content/drive/MyDrive/AURORA_TWETF/outputs/AURORA_TWETF/purged_walk_forward_models/run_20260624_031817/probabilities/selected_probabilities_TAIEX_regime_fixed_60d_E1_validation_weighted_probability_ensemble.parquet,TAIEX_regime_fixed_60d
2026-01-29,60-day,WF3,3,test,2,1,False,"latest eligible fold after sorting by date, split priority, and fold number",E1_validation_weighted_probability_ensemble,probability_ensemble,TAIEX_regime_fixed_60d,20260624_031817,0.030461872397314578,0.15627855633562637,0.27205997149850253,0.3669153102128602,0.17428428955569636,True,/content/drive/MyDrive/AURORA_TWETF/outputs/AURORA_TWETF/purged_walk_forward_models/run_20260624_031817/probabilities/selected_probabilities_TAIEX_regime_fixed_60d_E1_validation_weighted_probability_ensemble.parquet,TAIEX_regime_fixed_60d
2026-01-30,60-day,WF3,3,test,2,1,False,"latest eligible fold after sorting by date, split priority, and fold number",E1_validation_weighted_probability_ensemble,probability_ensemble,TAIEX_regime_fixed_60d,20260624_031817,0.024164292003676285,0.13730167282653047,0.2653470395711647,0.39659067973831474,0.17659631586031388,True,/content/drive/MyDrive/AURORA_TWETF/outputs/AURORA_TWETF/purged_walk_forward_models/run_20260624_031817/probabilities/selected_probabilities_TAIEX_regime_fixed_60d_E1_validation_weighted_probability_ensemble.parquet,TAIEX_regime_fixed_60d
2026-02-02,60-day,WF3,3,test,2,1,False,"latest eligible fold after sorting by date, split priority, and fold number",E1_validation_weighted_probability_ensemble,probability_ensemble,TAIEX_regime_fixed_60d,20260624_031817,0.023079137055469545,0.14963879963758564,0.2643894665514522,0.3570714328190594,0.2058211639364332,True,/content/drive/MyDrive/AURORA_TWETF/outputs/AURORA_TWETF/purged_walk_forward_models/run_20260624_031817/probabilities/selected_probabilities_TAIEX_regime_fixed_60d_E1_validation_weighted_probability_ensemble.parquet,TAIEX_regime_fixed_60d
2026-02-03,60-day,WF3,3,test,2,1,False,"latest eligible fold after sorting by date, split priority, and fold number",E1_validation_weighted_probability_ensemble,probability_ensemble,TAIEX_regime_fixed_60d,20260624_031817,0.015181297885718576,0.21014999093554254,0.22964813418684912,0.2987570070487975,0.24626356994309223,True,/content/drive/MyDrive/AURORA_TWETF/outputs/AURORA_TWETF/purged_walk_forward_models/run_20260624_031817/probabilities/selected_probabilities_TAIEX_regime_fixed_60d_E1_validation_weighted_probability_ensemble.parquet,TAIEX_regime_fixed_60d
2026-02-04,60-day,WF3,3,test,2,1,False,"latest eligible fold after sorting by date, split priority, and fold number",E1_validation_weighted_probability_ensemble,probability_ensemble,TAIEX_regime_fixed_60d,20260624_031817,0.01354447977045455,0.19253463924406272,0.23642286079763694,0.3280654917437267,0.22943252844411915,True,/content/drive/MyDrive/AURORA_TWETF/outputs/AURORA_TWETF/purged_walk_forward_models/run_20260624_031817/probabilities/selected_probabilities_TAIEX_regime_fixed_60d_E1_validation_weighted_probability_ensemble.parquet,TAIEX_regime_fixed_60d
2026-02-05,60-day,WF3,3,test,2,1,False,"latest eligible fold after sorting by date, split priority, and fold number",E1_validation_weighted_probability_ensemble,probability_ensemble,TAIEX_regime_fixed_60d,20260624_031817,0.016268542043312507,0.1628338799562949,0.23023449898809303,0.3260472006942248,0.26461587831807465,True,/content/drive/MyDrive/AURORA_TWETF/outputs/AURORA_TWETF/purged_walk_forward_models/run_20260624_031817/probabilities/selected_probabilities_TAIEX_regime_fixed_60d_E1_validation_weighted_probability_ensemble.parquet,TAIEX_regime_fixed_60d
2026-02-06,60-day,WF3,3,test,2,1,False,"latest eligible fold after sorting by date, split priority, and fold number",E1_validation_weighted_probability_ensemble,probability_ensemble,TAIEX_regime_fixed_60d,20260624_031817,0.01821151007675366,0.1694246944913357,0.18382094442351773,0.37696415902534675,0.2515786919830461,True,/content/drive/MyDrive/AURORA_TWETF/outputs/AURORA_TWETF/purged_walk_forward_models/run_20260624_031817/probabilities/selected_probabilities_TAIEX_regime_fixed_60d_E1_validation_weighted_probability_ensemble.parquet,TAIEX_regime_fixed_60d
2026-02-09,60-day,WF3,3,test,2,1,False,"latest eligible fold after sorting by date, split priority, and fold number",E1_validation_weighted_probability_ensemble,probability_ensemble,TAIEX_regime_fixed_60d,20260624_031817,0.017237826464930047,0.15367367117620637,0.22403901830864173,0.3443310520755956,0.2607184319746262,True,/content/drive/MyDrive/AURORA_TWETF/outputs/AURORA_TWETF/purged_walk_forward_models/run_20260624_031817/probabilities/selected_probabilities_TAIEX_regime_fixed_60d_E1_validation_weighted_probability_ensemble.parquet,TAIEX_regime_fixed_60d
2026-02-10,60-day,WF3,3,test,2,1,False,"latest eligible fold after sorting by date, split priority, and fold number",E1_validation_weighted_probability_ensemble,probability_ensemble,TAIEX_regime_fixed_60d,20260624_031817,0.02287809897281061,0.1993358686601885,0.2792679509117816,0.2908629738618127,0.2076551075934066,True,/content/drive/MyDrive/AURORA_TWETF/outputs/AURORA_TWETF/purged_walk_forward_models/run_20260624_031817/probabilities/selected_probabilities_TAIEX_regime_fixed_60d_E1_validation_weighted_probability_ensemble.parquet,TAIEX_regime_fixed_60d
2026-02-11,60-day,WF3,3,test,2,1,False,"latest eligible fold after sorting by date, split priority, and fold number",E1_validation_weighted_probability_ensemble,probability_ensemble,TAIEX_regime_fixed_60d,20260624_031817,0.0213483983146564,0.16760523586125026,0.35561858514293254,0.2671149423114688,0.1883128383696921,True,/content/drive/MyDrive/AURORA_TWETF/outputs/AURORA_TWETF/purged_walk_forward_models/run_20260624_031817/probabilities/selected_probabilities_TAIEX_regime_fixed_60d_E1_validation_weighted_probability_ensemble.parquet,TAIEX_regime_fixed_60d
2026-02-23,60-day,WF3,3,test,2,1,False,"latest eligible fold after sorting by date, split priority, and fold number",E1_validation_weighted_probability_ensemble,probability_ensemble,TAIEX_regime_fixed_60d,20260624_031817,0.02572060161646842,0.17044268711242785,0.382188044060421,0.25469034182066314,0.16695832539001945,True,/content/drive/MyDrive/AURORA_TWETF/outputs/AURORA_TWETF/purged_walk_forward_models/run_20260624_031817/probabilities/selected_probabilities_TAIEX_regime_fixed_60d_E1_validation_weighted_probability_ensemble.parquet,TAIEX_regime_fixed_60d
2026-02-24,60-day,WF3,3,test,2,1,False,"latest eligible fold after sorting by date, split priority, and fold number",E1_validation_weighted_probability_ensemble,probability_ensemble,TAIEX_regime_fixed_60d,20260624_031817,0.01571224328046955,0.21382211934080533,0.3179103773452183,0.2540014833801553,0.19855377665335144,True,/content/drive/MyDrive/AURORA_TWETF/outputs/AURORA_TWETF/purged_walk_forward_models/run_20260624_031817/probabilities/selected_probabilities_TAIEX_regime_fixed_60d_E1_validation_weighted_probability_ensemble.parquet,TAIEX_regime_fixed_60d
2026-02-25,60-day,WF3,3,test,2,1,False,"latest eligible fold after sorting by date, split priority, and fold number",E1_validation_weighted_probability_ensemble,probability_ensemble,TAIEX_regime_fixed_60d,20260624_031817,0.015895988459428214,0.20989072965834926,0.33067457853358667,0.27067002594910083,0.172868677399535,True,/content/drive/MyDrive/AURORA_TWETF/outputs/AURORA_TWETF/purged_walk_forward_models/run_20260624_031817/probabilities/selected_probabilities_TAIEX_regime_fixed_60d_E1_validation_weighted_probability_ensemble.parquet,TAIEX_regime_fixed_60d
2026-02-26,60-day,WF3,3,test,2,1,False,"latest eligible fold after sorting by date, split priority, and fold number",E1_validation_weighted_probability_ensemble,probability_ensemble,TAIEX_regime_fixed_60d,20260624_031817,0.018867658346421918,0.16598993886579744,0.45231314183648164,0.2097913834056109,0.15303787754568812,True,/content/drive/MyDrive/AURORA_TWETF/outputs/AURORA_TWETF/purged_walk_forward_models/run_20260624_031817/probabilities/selected_probabilities_TAIEX_regime_fixed_60d_E1_validation_weighted_probability_ensemble.parquet,TAIEX_regime_fixed_60d
2026-03-02,60-day,WF3,3,test,2,1,False,"latest eligible fold after sorting by date, split priority, and fold number",E1_validation_weighted_probability_ensemble,probability_ensemble,TAIEX_regime_fixed_60d,20260624_031817,0.016079936234182184,0.16194679791941616,0.34708804814611016,0.29029784739351316,0.18458737030677835,True,/content/drive/MyDrive/AURORA_TWETF/outputs/AURORA_TWETF/purged_walk_forward_models/run_20260624_031817/probabilities/selected_probabilities_TAIEX_regime_fixed_60d_E1_validation_weighted_probability_ensemble.parquet,TAIEX_regime_fixed_60d
2026-03-03,60-day,WF3,3,test,2,1,False,"latest eligible fold after sorting by date, split priority, and fold number",E1_validation_weighted_probability_ensemble,probability_ensemble,TAIEX_regime_fixed_60d,20260624_031817,0.01617829499684893,0.18366654386564252,0.303413021455218,0.278484904425167,0.2182572352571235,True,/content/drive/MyDrive/AURORA_TWETF/outputs/AURORA_TWETF/purged_walk_forward_models/run_20260624_031817/probabilities/selected_probabilities_TAIEX_regime_fixed_60d_E1_validation_weighted_probability_ensemble.parquet,TAIEX_regime_fixed_60d
2026-03-04,60-day,WF3,3,test,2,1,False,"latest eligible fold after sorting by date, split priority, and fold number",E1_validation_weighted_probability_ensemble,probability_ensemble,TAIEX_regime_fixed_60d,20260624_031817,0.012176608116538723,0.20156136300095415,0.2878529410152622,0.21541524475791657,0.28299384310932835,True,/content/drive/MyDrive/AURORA_TWETF/outputs/AURORA_TWETF/purged_walk_forward_models/run_20260624_031817/probabilities/selected_probabilities_TAIEX_regime_fixed_60d_E1_validation_weighted_probability_ensemble.parquet,TAIEX_regime_fixed_60d
2026-03-05,60-day,WF3,3,test,2,1,False,"latest eligible fold after sorting by date, split priority, and fold number",E1_validation_weighted_probability_ensemble,probability_ensemble,TAIEX_regime_fixed_60d,20260624_031817,0.009156549207857962,0.22520787868961906,0.25941795264512757,0.16678737498708146,0.33943024447031384,True,/content/drive/MyDrive/AURORA_TWETF/outputs/AURORA_TWETF/purged_walk_forward_models/run_20260624_031817/probabilities/selected_probabilities_TAIEX_regime_fixed_60d_E1_validation_weighted_probability_ensemble.parquet,TAIEX_regime_fixed_60d
2026-03-06,60-day,WF3,3,test,2,1,False,"latest eligible fold after sorting by date, split priority, and fold number",E1_validation_weighted_probability_ensemble,probability_ensemble,TAIEX_regime_fixed_60d,20260624_031817,0.008596112233146866,0.23850433338677693,0.21156409434655465,0.210020041415822,0.3313154186176995,True,/content/drive/MyDrive/AURORA_TWETF/outputs/AURORA_TWETF/purged_walk_forward_models/run_20260624_031817/probabilities/selected_probabilities_TAIEX_regime_fixed_60d_E1_validation_weighted_probability_ensemble.parquet,TAIEX_regime_fixed_60d
2026-03-09,60-day,WF3,3,test,2,1,False,"latest eligible fold after sorting by date, split priority, and fold number",E1_validation_weighted_probability_ensemble,probability_ensemble,TAIEX_regime_fixed_60d,20260624_031817,0.010685997844798026,0.24899186697213077,0.15892325626415868,0.24719545926542977,0.3342034196534828,True,/content/drive/MyDrive/AURORA_TWETF/outputs/AURORA_TWETF/purged_walk_forward_models/run_20260624_031817/probabilities/selected_probabilities_TAIEX_regime_fixed_60d_E1_validation_weighted_probability_ensemble.parquet,TAIEX_regime_fixed_60d
2026-03-10,60-day,WF3,3,test,2,1,False,"latest eligible fold after sorting by date, split priority, and fold number",E1_validation_weighted_probability_ensemble,probability_ensemble,TAIEX_regime_fixed_60d,20260624_031817,0.011175170648109162,0.2395015209615782,0.19948087531573855,0.21123788582381073,0.33860454725076344,True,/content/drive/MyDrive/AURORA_TWETF/outputs/AURORA_TWETF/purged_walk_forward_models/run_20260624_031817/probabilities/selected_probabilities_TAIEX_regime_fixed_60d_E1_validation_weighted_probability_ensemble.parquet,TAIEX_regime_fixed_60d
2026-03-11,60-day,WF3,3,test,2,1,False,"latest eligible fold after sorting by date, split priority, and fold number",E1_validation_weighted_probability_ensemble,probability_ensemble,TAIEX_regime_fixed_60d,20260624_031817,0.011930562210089158,0.25521140162052675,0.12704123112216717,0.3163908544611021,0.28942595058611476,True,/content/drive/MyDrive/AURORA_TWETF/outputs/AURORA_TWETF/purged_walk_forward_models/run_20260624_031817/probabilities/selected_probabilities_TAIEX_regime_fixed_60d_E1_validation_weighted_probability_ensemble.parquet,TAIEX_regime_fixed_60d
2026-03-12,60-day,WF3,3,test,2,1,False,"latest eligible fold after sorting by date, split priority, and fold number",E1_validation_weighted_probability_ensemble,probability_ensemble,TAIEX_regime_fixed_60d,20260624_031817,0.014247045569490505,0.27565468434630497,0.14680573100478347,0.3097613077336902,0.2535312313457308,True,/content/drive/MyDrive/AURORA_TWETF/outputs/AURORA_TWETF/purged_walk_forward_models/run_20260624_031817/probabilities/selected_probabilities_TAIEX_regime_fixed_60d_E1_validation_weighted_probability_ensemble.parquet,TAIEX_regime_fixed_60d
2026-03-13,60-day,WF3,3,test,2,1,False,"latest eligible fold after sorting by date, split priority, and fold number",E1_validation_weighted_probability_ensemble,probability_ensemble,TAIEX_regime_fixed_60d,20260624_031817,0.015229612572013692,0.24135039466841443,0.14435135483643394,0.3180131138680221,0.28105552405511575,True,/content/drive/MyDrive/AURORA_TWETF/outputs/AURORA_TWETF/purged_walk_forward_models/run_20260624_031817/probabilities/selected_probabilities_TAIEX_regime_fixed_60d_E1_validation_weighted_probability_ensemble.parquet,TAIEX_regime_fixed_60d
2026-03-16,60-day,WF3,3,test,2,1,False,"latest eligible fold after sorting by date, split priority, and fold number",E1_validation_weighted_probability_ensemble,probability_ensemble,TAIEX_regime_fixed_60d,20260624_031817,0.014193119768256192,0.2310857254498709,0.15356599799867526,0.314419221533968,0.28673593524922963,True,/content/drive/MyDrive/AURORA_TWETF/outputs/AURORA_TWETF/purged_walk_forward_models/run_20260624_031817/probabilities/selected_probabilities_TAIEX_regime_fixed_60d_E1_validation_weighted_probability_ensemble.parquet,TAIEX_regime_fixed_60d
2026-03-17,60-day,WF3,3,test,2,1,False,"latest eligible fold after sorting by date, split priority, and fold number",E1_validation_weighted_probability_ensemble,probability_ensemble,TAIEX_regime_fixed_60d,20260624_031817,0.014448268582331295,0.23915119164324694,0.17669068270751298,0.31370183841523946,0.2560080186516693,True,/content/drive/MyDrive/AURORA_TWETF/outputs/AURORA_TWETF/purged_walk_forward_models/run_20260624_031817/probabilities/selected_probabilities_TAIEX_regime_fixed_60d_E1_validation_weighted_probability_ensemble.parquet,TAIEX_regime_fixed_60d
2026-03-18,60-day,WF3,3,test,2,1,False,"latest eligible fold after sorting by date, split priority, and fold number",E1_validation_weighted_probability_ensemble,probability_ensemble,TAIEX_regime_fixed_60d,20260624_031817,0.019221072036575797,0.27208034568528106,0.14932969424833836,0.33577316417441305,0.22359572385539175,True,/content/drive/MyDrive/AURORA_TWETF/outputs/AURORA_TWETF/purged_walk_forward_models/run_20260624_031817/probabilities/selected_probabilities_TAIEX_regime_fixed_60d_E1_validation_weighted_probability_ensemble.parquet,TAIEX_regime_fixed_60d
2026-03-19,60-day,WF3,3,test,2,1,False,"latest eligible fold after sorting by date, split priority, and fold number",E1_validation_weighted_probability_ensemble,probability_ensemble,TAIEX_regime_fixed_60d,20260624_031817,0.020576537006609132,0.27552407671211276,0.1527124941215748,0.3209811883442117,0.23020570381549169,True,/content/drive/MyDrive/AURORA_TWETF/outputs/AURORA_TWETF/purged_walk_forward_models/run_20260624_031817/probabilities/selected_probabilities_TAIEX_regime_fixed_60d_E1_validation_weighted_probability_ensemble.parquet,TAIEX_regime_fixed_60d
2026-03-20,60-day,WF3,3,test,2,1,False,"latest eligible fold after sorting by date, split priority, and fold number",E1_validation_weighted_probability_ensemble,probability_ensemble,TAIEX_regime_fixed_60d,20260624_031817,0.018699196658346427,0.24927845272566623,0.17527462216142495,0.27267182234773785,0.28407590610682465,True,/content/drive/MyDrive/AURORA_TWETF/outputs/AURORA_TWETF/purged_walk_forward_models/run_20260624_031817/probabilities/selected_probabilities_TAIEX_regime_fixed_60d_E1_validation_weighted_probability_ensemble.parquet,TAIEX_regime_fixed_60d
2026-03-23,60-day,WF3,3,test,2,1,False,"latest eligible fold after sorting by date, split priority, and fold number",E1_validation_weighted_probability_ensemble,probability_ensemble,TAIEX_regime_fixed_60d,20260624_031817,0.016642749049013653,0.2745156678352339,0.14878856988516942,0.28607580123091897,0.27397721199966407,True,/content/drive/MyDrive/AURORA_TWETF/outputs/AURORA_TWETF/purged_walk_forward_models/run_20260624_031817/probabilities/selected_probabilities_TAIEX_regime_fixed_60d_E1_validation_weighted_probability_ensemble.parquet,TAIEX_regime_fixed_60d
2026-03-24,60-day,WF3,3,test,2,1,False,"latest eligible fold after sorting by date, split priority, and fold number",E1_validation_weighted_probability_ensemble,probability_ensemble,TAIEX_regime_fixed_60d,20260624_031817,0.011739975643471167,0.2430942490949586,0.14109054994486617,0.23296555328172047,0.3711096720349836,True,/content/drive/MyDrive/AURORA_TWETF/outputs/AURORA_TWETF/purged_walk_forward_models/run_20260624_031817/probabilities/selected_probabilities_TAIEX_regime_fixed_60d_E1_validation_weighted_probability_ensemble.parquet,TAIEX_regime_fixed_60d
2026-03-25,60-day,WF3,3,test,2,1,False,"latest eligible fold after sorting by date, split priority, and fold number",E1_validation_weighted_probability_ensemble,probability_ensemble,TAIEX_regime_fixed_60d,20260624_031817,0.013575654802850898,0.24110371835778338,0.1273990365478903,0.20981184117683804,0.4081097491146373,True,/content/drive/MyDrive/AURORA_TWETF/outputs/AURORA_TWETF/purged_walk_forward_models/run_20260624_031817/probabilities/selected_probabilities_TAIEX_regime_fixed_60d_E1_validation_weighted_probability_ensemble.parquet,TAIEX_regime_fixed_60d
