relative_path_from_project_root,filename,suffix,size_bytes,modified_utc,sha256
ENVIRONMENT.md,ENVIRONMENT.md,.md,1079,2026-07-24T09:14:52Z,ab0d3964de86a2103f90137e98834f8384dcf0804b28fdd4eeae9b837084bfb4
EXECUTION_ORDER.md,EXECUTION_ORDER.md,.md,2365,2026-07-24T09:14:52Z,c9d21d239cdc51365bc75b3b90dea2492cd8dfb58158745ca5e92188a33a5618
README.md,README.md,.md,1110,2026-07-24T09:14:52Z,a35b68e6a43fe02b45b879869efe7328923b510498feb060c4b5325eeda0ead9
outputs/AURORA_TWETF/aligned_oos_reanalysis/run_20260624_070827/paper_figures/aligned_oos_drawdowns_top12.png,aligned_oos_drawdowns_top12.png,.png,438489,2026-06-24T07:08:47Z,d7ecc1fe2497a46649683e60f9e678335ddc0193880bf0f4304a4dccc585f492
outputs/AURORA_TWETF/aligned_oos_reanalysis/run_20260624_070827/paper_figures/aligned_oos_equity_curves_top12.png,aligned_oos_equity_curves_top12.png,.png,397325,2026-06-24T07:08:47Z,a0d2321182bfe5328c1ee276d295313d7ba6056191a38263c0429113b4c77f57
outputs/AURORA_TWETF/aligned_oos_reanalysis/run_20260624_070827/paper_figures/aligned_oos_max_drawdown_by_policy.png,aligned_oos_max_drawdown_by_policy.png,.png,258746,2026-06-24T07:08:47Z,c78a940e76f41f838e4681f7ff1bb914cc76ad7fd7ba69ddc7f1d56cf5f46551
outputs/AURORA_TWETF/aligned_oos_reanalysis/run_20260624_070827/paper_figures/aligned_oos_sharpe_by_policy.png,aligned_oos_sharpe_by_policy.png,.png,256420,2026-06-24T07:08:47Z,bd1cc2a6ba69986f812f60a6689faaa5778b69fca5ef7ee5fbafae7f58da75c8
outputs/AURORA_TWETF/aligned_oos_reanalysis/run_20260624_070827/paper_figures/aligned_oos_total_return_by_policy.png,aligned_oos_total_return_by_policy.png,.png,254340,2026-06-24T07:08:47Z,4698767095ef2506d111150b79d3682967171ac81c709ace3b29a2facc98c634
outputs/AURORA_TWETF/aligned_oos_reanalysis/run_20260624_070827/paper_figures/aligned_test_drawdowns_top12.png,aligned_test_drawdowns_top12.png,.png,380687,2026-06-24T07:08:47Z,3aaba10de16fb5dc5edf7506917cd5ac0a2c1c06684ef357e3d1d422ff88ca47
outputs/AURORA_TWETF/aligned_oos_reanalysis/run_20260624_070827/paper_figures/aligned_test_equity_curves_top12.png,aligned_test_equity_curves_top12.png,.png,360081,2026-06-24T07:08:47Z,cfd9127199de4e7defc49507c470a5ac3c12b147b0b1ab833cef4a9d0e53fbb2
outputs/AURORA_TWETF/aligned_oos_reanalysis/run_20260624_070827/paper_figures/aligned_test_max_drawdown_by_policy.png,aligned_test_max_drawdown_by_policy.png,.png,258935,2026-06-24T07:08:47Z,a417e6dcf36c86aae414213d2cea9ce687e2eb1bdad0b250c1e4722860c38b9d
outputs/AURORA_TWETF/aligned_oos_reanalysis/run_20260624_070827/paper_figures/aligned_test_sharpe_by_policy.png,aligned_test_sharpe_by_policy.png,.png,256623,2026-06-24T07:08:47Z,84ee81799ce08dd8ec6c482c52db136085537ca02f7800638d2365aaee9abb5b
outputs/AURORA_TWETF/aligned_oos_reanalysis/run_20260624_070827/paper_figures/aligned_test_total_return_by_policy.png,aligned_test_total_return_by_policy.png,.png,255554,2026-06-24T07:08:47Z,17918125352b99953696c52537f51f630776543d06e7701fcb5a6fa376114d24
outputs/AURORA_TWETF/aligned_oos_reanalysis/run_20260624_070827/plots/aligned_oos_drawdowns_top12.png,aligned_oos_drawdowns_top12.png,.png,438489,2026-06-24T07:08:42Z,d7ecc1fe2497a46649683e60f9e678335ddc0193880bf0f4304a4dccc585f492
outputs/AURORA_TWETF/aligned_oos_reanalysis/run_20260624_070827/plots/aligned_oos_equity_curves_top12.png,aligned_oos_equity_curves_top12.png,.png,397325,2026-06-24T07:08:41Z,a0d2321182bfe5328c1ee276d295313d7ba6056191a38263c0429113b4c77f57
outputs/AURORA_TWETF/aligned_oos_reanalysis/run_20260624_070827/plots/aligned_oos_max_drawdown_by_policy.png,aligned_oos_max_drawdown_by_policy.png,.png,258746,2026-06-24T07:08:44Z,c78a940e76f41f838e4681f7ff1bb914cc76ad7fd7ba69ddc7f1d56cf5f46551
outputs/AURORA_TWETF/aligned_oos_reanalysis/run_20260624_070827/plots/aligned_oos_sharpe_by_policy.png,aligned_oos_sharpe_by_policy.png,.png,256420,2026-06-24T07:08:42Z,bd1cc2a6ba69986f812f60a6689faaa5778b69fca5ef7ee5fbafae7f58da75c8
outputs/AURORA_TWETF/aligned_oos_reanalysis/run_20260624_070827/plots/aligned_oos_total_return_by_policy.png,aligned_oos_total_return_by_policy.png,.png,254340,2026-06-24T07:08:43Z,4698767095ef2506d111150b79d3682967171ac81c709ace3b29a2facc98c634
outputs/AURORA_TWETF/aligned_oos_reanalysis/run_20260624_070827/plots/aligned_test_drawdowns_top12.png,aligned_test_drawdowns_top12.png,.png,380687,2026-06-24T07:08:45Z,3aaba10de16fb5dc5edf7506917cd5ac0a2c1c06684ef357e3d1d422ff88ca47
outputs/AURORA_TWETF/aligned_oos_reanalysis/run_20260624_070827/plots/aligned_test_equity_curves_top12.png,aligned_test_equity_curves_top12.png,.png,360081,2026-06-24T07:08:44Z,cfd9127199de4e7defc49507c470a5ac3c12b147b0b1ab833cef4a9d0e53fbb2
outputs/AURORA_TWETF/aligned_oos_reanalysis/run_20260624_070827/plots/aligned_test_max_drawdown_by_policy.png,aligned_test_max_drawdown_by_policy.png,.png,258935,2026-06-24T07:08:47Z,a417e6dcf36c86aae414213d2cea9ce687e2eb1bdad0b250c1e4722860c38b9d
outputs/AURORA_TWETF/aligned_oos_reanalysis/run_20260624_070827/plots/aligned_test_sharpe_by_policy.png,aligned_test_sharpe_by_policy.png,.png,256623,2026-06-24T07:08:46Z,84ee81799ce08dd8ec6c482c52db136085537ca02f7800638d2365aaee9abb5b
outputs/AURORA_TWETF/aligned_oos_reanalysis/run_20260624_070827/plots/aligned_test_total_return_by_policy.png,aligned_test_total_return_by_policy.png,.png,255554,2026-06-24T07:08:46Z,17918125352b99953696c52537f51f630776543d06e7701fcb5a6fa376114d24
outputs/AURORA_TWETF/aligned_oos_reanalysis/run_20260624_070827/reports/AURORA_08B_aligned_oos_validation_report.json,AURORA_08B_aligned_oos_validation_report.json,.json,10223,2026-06-24T07:08:47Z,7b7ef3e75c29d0390794cf12b3f9aabd8365e131a0deaf0780d835be130e9454
outputs/AURORA_TWETF/aligned_oos_reanalysis/run_20260624_070827/reports/AURORA_08B_file_manifest_SHA256.csv,AURORA_08B_file_manifest_SHA256.csv,.csv,33858,2026-06-24T07:08:48Z,86a89bf8e8fe3a933c3ab7af54cb0f77390611c013d5bd440090f3452f600f54
outputs/AURORA_TWETF/aligned_oos_reanalysis/run_20260624_070827/returns/aligned_oos_returns_AURORA_P0_purged_wf_baseline_60_40.csv,aligned_oos_returns_AURORA_P0_purged_wf_baseline_60_40.csv,.csv,72146,2026-06-24T07:08:35Z,b700330c18adaae48662dda34851175665221e2178583e03cc2ad446a8ab89fd
outputs/AURORA_TWETF/aligned_oos_reanalysis/run_20260624_070827/returns/aligned_oos_returns_AURORA_P0_purged_wf_baseline_60_40.parquet,aligned_oos_returns_AURORA_P0_purged_wf_baseline_60_40.parquet,.parquet,29323,2026-06-24T07:08:35Z,9209446d3fc65761b0e9ab9652fa038514d6646170e260e4adb949b3fdf298ee
outputs/AURORA_TWETF/aligned_oos_reanalysis/run_20260624_070827/returns/aligned_oos_returns_AURORA_P1_purged_wf_more_60d_30_70.csv,aligned_oos_returns_AURORA_P1_purged_wf_more_60d_30_70.csv,.csv,72174,2026-06-24T07:08:35Z,7557ee46af3ca2698a7f630ac6e64fd53288567615083626ee348cb3001a8dfb
outputs/AURORA_TWETF/aligned_oos_reanalysis/run_20260624_070827/returns/aligned_oos_returns_AURORA_P1_purged_wf_more_60d_30_70.parquet,aligned_oos_returns_AURORA_P1_purged_wf_more_60d_30_70.parquet,.parquet,29339,2026-06-24T07:08:35Z,220504d79019d263134f966d4da33485d81f9c33c1358350dbb04486d7fddd6a
outputs/AURORA_TWETF/aligned_oos_reanalysis/run_20260624_070827/returns/aligned_oos_returns_AURORA_P2_purged_wf_low_cash_boost.csv,aligned_oos_returns_AURORA_P2_purged_wf_low_cash_boost.csv,.csv,72112,2026-06-24T07:08:35Z,95158fea7e6c5422b640a2c48a7888f1046fa0e3fd16b343bbcacfebfd0c1851
outputs/AURORA_TWETF/aligned_oos_reanalysis/run_20260624_070827/returns/aligned_oos_returns_AURORA_P2_purged_wf_low_cash_boost.parquet,aligned_oos_returns_AURORA_P2_purged_wf_low_cash_boost.parquet,.parquet,29323,2026-06-24T07:08:35Z,a52e959a43eac9f112872525baf253d27ddacdfeda934db5e8ffe1723c594eec
outputs/AURORA_TWETF/aligned_oos_reanalysis/run_20260624_070827/returns/aligned_oos_returns_AURORA_P3_purged_wf_no_cash_boost.csv,aligned_oos_returns_AURORA_P3_purged_wf_no_cash_boost.csv,.csv,71110,2026-06-24T07:08:36Z,311a6d46a31ab8339d475c22d1485ae99cb1ebaca5ad1ee014100140f70615b2
outputs/AURORA_TWETF/aligned_oos_reanalysis/run_20260624_070827/returns/aligned_oos_returns_AURORA_P3_purged_wf_no_cash_boost.parquet,aligned_oos_returns_AURORA_P3_purged_wf_no_cash_boost.parquet,.parquet,28902,2026-06-24T07:08:35Z,4d793cbf6180758665915e2ee65ef9b4ce45aa7165f6764383ff5559acd54f48
outputs/AURORA_TWETF/aligned_oos_reanalysis/run_20260624_070827/returns/aligned_oos_returns_B10_momentum_top2_63d.csv,aligned_oos_returns_B10_momentum_top2_63d.csv,.csv,64618,2026-06-24T07:08:38Z,015d0cbc6395c88e7fa8e8f2b7c2a02fbaa42782523996e9d1fc2ccf7d3857fd
outputs/AURORA_TWETF/aligned_oos_reanalysis/run_20260624_070827/returns/aligned_oos_returns_B10_momentum_top2_63d.parquet,aligned_oos_returns_B10_momentum_top2_63d.parquet,.parquet,28642,2026-06-24T07:08:38Z,b0f2e66180522d0b3108ec5c45644ca3af03a23b6f84f63d236d71534275b524
outputs/AURORA_TWETF/aligned_oos_reanalysis/run_20260624_070827/returns/aligned_oos_returns_B11_momentum_top1_63d_20pct_cash.csv,aligned_oos_returns_B11_momentum_top1_63d_20pct_cash.csv,.csv,70140,2026-06-24T07:08:38Z,e07ee836cc7246bb848fcd561729805e0c5f34878bce06d800b5b17b2216c888
outputs/AURORA_TWETF/aligned_oos_reanalysis/run_20260624_070827/returns/aligned_oos_returns_B11_momentum_top1_63d_20pct_cash.parquet,aligned_oos_returns_B11_momentum_top1_63d_20pct_cash.parquet,.parquet,28512,2026-06-24T07:08:38Z,b58d5240c923f93db4c76f1c66ec9192d9c20712ddf0f33ae6fdbfe352d04251
outputs/AURORA_TWETF/aligned_oos_reanalysis/run_20260624_070827/returns/aligned_oos_returns_B12_ma_timing_equal_weight.csv,aligned_oos_returns_B12_ma_timing_equal_weight.csv,.csv,67562,2026-06-24T07:08:38Z,2f12c2286b3c00610743fc85a6fe418c338cf7c9525426687d2bb13b5987cc98
outputs/AURORA_TWETF/aligned_oos_reanalysis/run_20260624_070827/returns/aligned_oos_returns_B12_ma_timing_equal_weight.parquet,aligned_oos_returns_B12_ma_timing_equal_weight.parquet,.parquet,28541,2026-06-24T07:08:38Z,a0e70f5f72af662e53b10ebcf6ca6c0f2d04c374a392a9395fad85d50c2cea89
outputs/AURORA_TWETF/aligned_oos_reanalysis/run_20260624_070827/returns/aligned_oos_returns_B13_ma_timing_constrained.csv,aligned_oos_returns_B13_ma_timing_constrained.csv,.csv,67080,2026-06-24T07:08:38Z,01bf6e878d32e8f956e22fe2ef1c40ed88e78327b5d6581a7ee26f87b50f0c5e
outputs/AURORA_TWETF/aligned_oos_reanalysis/run_20260624_070827/returns/aligned_oos_returns_B13_ma_timing_constrained.parquet,aligned_oos_returns_B13_ma_timing_constrained.parquet,.parquet,28536,2026-06-24T07:08:38Z,87043b0e4bce6935a857dbcf3c895f36c045e8defdc1aa6d3d004d6b2210a980
outputs/AURORA_TWETF/aligned_oos_reanalysis/run_20260624_070827/returns/aligned_oos_returns_B14_inverse_volatility_63d.csv,aligned_oos_returns_B14_inverse_volatility_63d.csv,.csv,67859,2026-06-24T07:08:39Z,3501597f79a9c08e338c54e94d9f64c2f068c486c3864eb779318567e6b1bfa0
outputs/AURORA_TWETF/aligned_oos_reanalysis/run_20260624_070827/returns/aligned_oos_returns_B14_inverse_volatility_63d.parquet,aligned_oos_returns_B14_inverse_volatility_63d.parquet,.parquet,29205,2026-06-24T07:08:39Z,de12e0489d2f7db7805cd29d9346b1ecdf34852248687583851d4c5a67784130
outputs/AURORA_TWETF/aligned_oos_reanalysis/run_20260624_070827/returns/aligned_oos_returns_B15_inverse_volatility_63d_20pct_cash.csv,aligned_oos_returns_B15_inverse_volatility_63d_20pct_cash.csv,.csv,73637,2026-06-24T07:08:39Z,03a454e1dc48b2fd103acb1277c2bfcef4d5e923b12285573b9b05cba9fcb826
outputs/AURORA_TWETF/aligned_oos_reanalysis/run_20260624_070827/returns/aligned_oos_returns_B15_inverse_volatility_63d_20pct_cash.parquet,aligned_oos_returns_B15_inverse_volatility_63d_20pct_cash.parquet,.parquet,29259,2026-06-24T07:08:39Z,e69b1f7f2b76ad048ca5b6c64a99aa7b228fa06a630cc337f5e95abeac18a923
outputs/AURORA_TWETF/aligned_oos_reanalysis/run_20260624_070827/returns/aligned_oos_returns_B16_minimum_variance_126d.csv,aligned_oos_returns_B16_minimum_variance_126d.csv,.csv,66684,2026-06-24T07:08:39Z,a479538e98381c6803cb6ef370a226bc3f8217606c1ebafb9d1c7796a8f12c92
outputs/AURORA_TWETF/aligned_oos_reanalysis/run_20260624_070827/returns/aligned_oos_returns_B16_minimum_variance_126d.parquet,aligned_oos_returns_B16_minimum_variance_126d.parquet,.parquet,28560,2026-06-24T07:08:39Z,e7e8be04750478f77bfd5e6c2813a53a24321959dd5a3678a25766bb90b8d2e5
outputs/AURORA_TWETF/aligned_oos_reanalysis/run_20260624_070827/returns/aligned_oos_returns_B17_risk_parity_proxy_126d.csv,aligned_oos_returns_B17_risk_parity_proxy_126d.csv,.csv,67786,2026-06-24T07:08:39Z,929a1493d47886cbef24f9293de77bd83a4175ca4f0f4624f7ac7db9c72f293d
outputs/AURORA_TWETF/aligned_oos_reanalysis/run_20260624_070827/returns/aligned_oos_returns_B17_risk_parity_proxy_126d.parquet,aligned_oos_returns_B17_risk_parity_proxy_126d.parquet,.parquet,29117,2026-06-24T07:08:39Z,97e650d7c3646d34cd059bf664fa8bc002c8f34ea16a5cada6250cbd28d0e339
outputs/AURORA_TWETF/aligned_oos_reanalysis/run_20260624_070827/returns/aligned_oos_returns_B18_vol_target_equal_weight_18pct.csv,aligned_oos_returns_B18_vol_target_equal_weight_18pct.csv,.csv,71661,2026-06-24T07:08:39Z,164e030249f5aa5bf2080129a88ccae9f52465e83ef8cce27832b11f02876701
outputs/AURORA_TWETF/aligned_oos_reanalysis/run_20260624_070827/returns/aligned_oos_returns_B18_vol_target_equal_weight_18pct.parquet,aligned_oos_returns_B18_vol_target_equal_weight_18pct.parquet,.parquet,29252,2026-06-24T07:08:39Z,d968483e0ba1706da915f752b2b88490ddb70cb65122875724ad8889137fd303
outputs/AURORA_TWETF/aligned_oos_reanalysis/run_20260624_070827/returns/aligned_oos_returns_B19_vol_target_constrained_18pct.csv,aligned_oos_returns_B19_vol_target_constrained_18pct.csv,.csv,71075,2026-06-24T07:08:40Z,aadb756a79a54a1fba0532d7f547809643a3a66356e797930784010d981f53a2
outputs/AURORA_TWETF/aligned_oos_reanalysis/run_20260624_070827/returns/aligned_oos_returns_B19_vol_target_constrained_18pct.parquet,aligned_oos_returns_B19_vol_target_constrained_18pct.parquet,.parquet,29215,2026-06-24T07:08:40Z,2f65936fa2160ed0b0dbb1ff9c2cada774ecf6b9d75ddc6cda0f3d372d0d706f
outputs/AURORA_TWETF/aligned_oos_reanalysis/run_20260624_070827/returns/aligned_oos_returns_B1_equal_weight_all_etfs.csv,aligned_oos_returns_B1_equal_weight_all_etfs.csv,.csv,66176,2026-06-24T07:08:36Z,d77f767c9a9bc30aa7d20f142c586fab3d08845e3deaa7bd6cfccaeed60f321b
outputs/AURORA_TWETF/aligned_oos_reanalysis/run_20260624_070827/returns/aligned_oos_returns_B1_equal_weight_all_etfs.parquet,aligned_oos_returns_B1_equal_weight_all_etfs.parquet,.parquet,28555,2026-06-24T07:08:36Z,57503d20f87045c8b9c3cde7283663f138a19d980e0836d7b4ce4f83e6510962
outputs/AURORA_TWETF/aligned_oos_reanalysis/run_20260624_070827/returns/aligned_oos_returns_B2_equal_weight_constrained.csv,aligned_oos_returns_B2_equal_weight_constrained.csv,.csv,67626,2026-06-24T07:08:36Z,bda666ccf3e9ac1a0e5ef117658dd864959526f5e6308bf560afb394744415b3
outputs/AURORA_TWETF/aligned_oos_reanalysis/run_20260624_070827/returns/aligned_oos_returns_B2_equal_weight_constrained.parquet,aligned_oos_returns_B2_equal_weight_constrained.parquet,.parquet,28562,2026-06-24T07:08:36Z,91dc86517b2ed4b4d38daf1e3dd7d77845d4f479fd2c25b1f7990e239f7f830e
outputs/AURORA_TWETF/aligned_oos_reanalysis/run_20260624_070827/returns/aligned_oos_returns_B3_0050_only.csv,aligned_oos_returns_B3_0050_only.csv,.csv,59332,2026-06-24T07:08:36Z,2c5550fe77fe951f54d40764fb2f6332961eac2f4bba14f3cbb439cb6fb62f09
outputs/AURORA_TWETF/aligned_oos_reanalysis/run_20260624_070827/returns/aligned_oos_returns_B3_0050_only.parquet,aligned_oos_returns_B3_0050_only.parquet,.parquet,27822,2026-06-24T07:08:36Z,e7cd4275e2079f862681bacb40f35cad6d34911eb82d1cd830fc000b1220b2a6
outputs/AURORA_TWETF/aligned_oos_reanalysis/run_20260624_070827/returns/aligned_oos_returns_B4_006208_only.csv,aligned_oos_returns_B4_006208_only.csv,.csv,60740,2026-06-24T07:08:36Z,56f8fb4819901240d333815c7f3c02d017b0f320ea617cba744dbc49987a1ab6
outputs/AURORA_TWETF/aligned_oos_reanalysis/run_20260624_070827/returns/aligned_oos_returns_B4_006208_only.parquet,aligned_oos_returns_B4_006208_only.parquet,.parquet,28103,2026-06-24T07:08:36Z,bb1b05c1468ca48124aced08403918511a5781de45975f5ae91c890d077bed97
outputs/AURORA_TWETF/aligned_oos_reanalysis/run_20260624_070827/returns/aligned_oos_returns_B5_00692_only.csv,aligned_oos_returns_B5_00692_only.csv,.csv,60238,2026-06-24T07:08:37Z,148f8446115e920c6af0ab3e220974fa5aff094f91d25c445e1e6142ae288aeb
outputs/AURORA_TWETF/aligned_oos_reanalysis/run_20260624_070827/returns/aligned_oos_returns_B5_00692_only.parquet,aligned_oos_returns_B5_00692_only.parquet,.parquet,28077,2026-06-24T07:08:37Z,9078bf388e1e8d6708bb69a714fee094672463149c705ca3d24352147cf771e3
outputs/AURORA_TWETF/aligned_oos_reanalysis/run_20260624_070827/returns/aligned_oos_returns_B6_00881_only.csv,aligned_oos_returns_B6_00881_only.csv,.csv,60266,2026-06-24T07:08:37Z,775bb3d0d660407e127f4f9217b843ddad350ef85fc2b44020005af1b4f3d0f0
outputs/AURORA_TWETF/aligned_oos_reanalysis/run_20260624_070827/returns/aligned_oos_returns_B6_00881_only.parquet,aligned_oos_returns_B6_00881_only.parquet,.parquet,28084,2026-06-24T07:08:37Z,827165a608eaa30e27f74a9a483bd76a196e106fbce27682cad3e632eea62f4d
outputs/AURORA_TWETF/aligned_oos_reanalysis/run_20260624_070827/returns/aligned_oos_returns_B7_equal_weight_60_40_cash.csv,aligned_oos_returns_B7_equal_weight_60_40_cash.csv,.csv,67394,2026-06-24T07:08:37Z,808d550b91d9c1b45a896bd8beb78c11c6ef93df71d1fe784b3feef16609ef98
outputs/AURORA_TWETF/aligned_oos_reanalysis/run_20260624_070827/returns/aligned_oos_returns_B7_equal_weight_60_40_cash.parquet,aligned_oos_returns_B7_equal_weight_60_40_cash.parquet,.parquet,28541,2026-06-24T07:08:37Z,2932b0db2ade9a2ace2ca8160fe17e80253bad604065cd1ef380186d1d30e173
outputs/AURORA_TWETF/aligned_oos_reanalysis/run_20260624_070827/returns/aligned_oos_returns_B8_constrained_80_20_cash.csv,aligned_oos_returns_B8_constrained_80_20_cash.csv,.csv,66802,2026-06-24T07:08:37Z,537f45a1259f8801946197a2038458472730f336268fc6275c309a66c23ca327
outputs/AURORA_TWETF/aligned_oos_reanalysis/run_20260624_070827/returns/aligned_oos_returns_B8_constrained_80_20_cash.parquet,aligned_oos_returns_B8_constrained_80_20_cash.parquet,.parquet,28552,2026-06-24T07:08:37Z,3e0965e1ad952d98d672e00a71b8492e7b586ca632cca63cceafb460bead13fe
outputs/AURORA_TWETF/aligned_oos_reanalysis/run_20260624_070827/returns/aligned_oos_returns_B9_momentum_top1_63d.csv,aligned_oos_returns_B9_momentum_top1_63d.csv,.csv,63920,2026-06-24T07:08:37Z,a64d7ccc5f61c08ca7138185a7f00ff21ff9342f264d8d1bdaf763c8de506bab
outputs/AURORA_TWETF/aligned_oos_reanalysis/run_20260624_070827/returns/aligned_oos_returns_B9_momentum_top1_63d.parquet,aligned_oos_returns_B9_momentum_top1_63d.parquet,.parquet,28367,2026-06-24T07:08:37Z,28d806fdfc31ef5288d5a58145bad43c8c2b3b6c7d2acbd16d6ca12d3e6b8cb1
outputs/AURORA_TWETF/aligned_oos_reanalysis/run_20260624_070827/returns/aligned_oos_returns_all_policies.csv,aligned_oos_returns_all_policies.csv,.csv,1545916,2026-06-24T07:08:40Z,dec5da3bb866f72ecb9f8f3acfe59366ce5c2d6f7c2292c91807a3965c2b1bfe
outputs/AURORA_TWETF/aligned_oos_reanalysis/run_20260624_070827/returns/aligned_oos_returns_all_policies.parquet,aligned_oos_returns_all_policies.parquet,.parquet,403428,2026-06-24T07:08:40Z,b56630a627cd0fffeaec4069583aa278d5e1a2fcabe09c437b345e0bc9aa6ad0
outputs/AURORA_TWETF/aligned_oos_reanalysis/run_20260624_070827/returns/aligned_test_returns_AURORA_P0_purged_wf_baseline_60_40.csv,aligned_test_returns_AURORA_P0_purged_wf_baseline_60_40.csv,.csv,45240,2026-06-24T07:08:35Z,129e7fdb1a2f89aaf3637f13658d5669bfbf4d7c1d2bd29176cfc7cd36450856
outputs/AURORA_TWETF/aligned_oos_reanalysis/run_20260624_070827/returns/aligned_test_returns_AURORA_P0_purged_wf_baseline_60_40.parquet,aligned_test_returns_AURORA_P0_purged_wf_baseline_60_40.parquet,.parquet,20443,2026-06-24T07:08:35Z,c4b96e79c8b8f0ccbfa8edba511e37473ce7a4560e36e186fdd31433d4f587ad
outputs/AURORA_TWETF/aligned_oos_reanalysis/run_20260624_070827/returns/aligned_test_returns_AURORA_P1_purged_wf_more_60d_30_70.csv,aligned_test_returns_AURORA_P1_purged_wf_more_60d_30_70.csv,.csv,45267,2026-06-24T07:08:35Z,9be05d0082fab9e4ce846204d8170a413d071bcf3320e2ec1e7df2af3cc1e513
outputs/AURORA_TWETF/aligned_oos_reanalysis/run_20260624_070827/returns/aligned_test_returns_AURORA_P1_purged_wf_more_60d_30_70.parquet,aligned_test_returns_AURORA_P1_purged_wf_more_60d_30_70.parquet,.parquet,20498,2026-06-24T07:08:35Z,b86cf2ec40761a69c6d628bec357e98912790ed15c0f8dd0e11bea88e7b33e64
outputs/AURORA_TWETF/aligned_oos_reanalysis/run_20260624_070827/returns/aligned_test_returns_AURORA_P2_purged_wf_low_cash_boost.csv,aligned_test_returns_AURORA_P2_purged_wf_low_cash_boost.csv,.csv,45223,2026-06-24T07:08:35Z,53faa1025c546bc96d53716feba04e52b6013b916733ca9cb39bfcc5fc3ebd18
outputs/AURORA_TWETF/aligned_oos_reanalysis/run_20260624_070827/returns/aligned_test_returns_AURORA_P2_purged_wf_low_cash_boost.parquet,aligned_test_returns_AURORA_P2_purged_wf_low_cash_boost.parquet,.parquet,20443,2026-06-24T07:08:35Z,6ee2997fb79de573a31ae3d776f29d5b94af7de2c02fa8db6ea8af36a22da4d8
outputs/AURORA_TWETF/aligned_oos_reanalysis/run_20260624_070827/returns/aligned_test_returns_AURORA_P3_purged_wf_no_cash_boost.csv,aligned_test_returns_AURORA_P3_purged_wf_no_cash_boost.csv,.csv,44450,2026-06-24T07:08:36Z,98d655d729834a856c61b7a0741b387a612ace3b0ed81eedd8e22ba77fbb605d
outputs/AURORA_TWETF/aligned_oos_reanalysis/run_20260624_070827/returns/aligned_test_returns_AURORA_P3_purged_wf_no_cash_boost.parquet,aligned_test_returns_AURORA_P3_purged_wf_no_cash_boost.parquet,.parquet,20082,2026-06-24T07:08:36Z,422394cf903d57398d06407d7f682cbe6609df0bd0510687067a61ba21a1436a
outputs/AURORA_TWETF/aligned_oos_reanalysis/run_20260624_070827/returns/aligned_test_returns_B10_momentum_top2_63d.csv,aligned_test_returns_B10_momentum_top2_63d.csv,.csv,40528,2026-06-24T07:08:38Z,4f00b537cd672fbef5d456fa93e9ee22ab57ce5e0c14ab806d364e7425b18555
outputs/AURORA_TWETF/aligned_oos_reanalysis/run_20260624_070827/returns/aligned_test_returns_B10_momentum_top2_63d.parquet,aligned_test_returns_B10_momentum_top2_63d.parquet,.parquet,20047,2026-06-24T07:08:38Z,369964cda698244f48d47c5fb81a7de81838d0aacb9404b0212200d9e6932b7f
outputs/AURORA_TWETF/aligned_oos_reanalysis/run_20260624_070827/returns/aligned_test_returns_B11_momentum_top1_63d_20pct_cash.csv,aligned_test_returns_B11_momentum_top1_63d_20pct_cash.csv,.csv,43909,2026-06-24T07:08:38Z,df0ba5cea9dbc6232ae8d74a3dd2254b16ca97fc8f51815e7c227aea0b6228fb
outputs/AURORA_TWETF/aligned_oos_reanalysis/run_20260624_070827/returns/aligned_test_returns_B11_momentum_top1_63d_20pct_cash.parquet,aligned_test_returns_B11_momentum_top1_63d_20pct_cash.parquet,.parquet,19866,2026-06-24T07:08:38Z,212917c69017b2d46d260f4f1b28e32e16d7d61c9a291d9f27fdcea8f048a111
outputs/AURORA_TWETF/aligned_oos_reanalysis/run_20260624_070827/returns/aligned_test_returns_B12_ma_timing_equal_weight.csv,aligned_test_returns_B12_ma_timing_equal_weight.csv,.csv,42324,2026-06-24T07:08:38Z,d4460de163efcdd81eec6769889c6ff2487bec6386ef17237d510ad8fc87bd76
outputs/AURORA_TWETF/aligned_oos_reanalysis/run_20260624_070827/returns/aligned_test_returns_B12_ma_timing_equal_weight.parquet,aligned_test_returns_B12_ma_timing_equal_weight.parquet,.parquet,19929,2026-06-24T07:08:38Z,8110d761ecd12ac2642ebed2b3605b38864d3de01c9fe01bc705f600705c0d3f
outputs/AURORA_TWETF/aligned_oos_reanalysis/run_20260624_070827/returns/aligned_test_returns_B13_ma_timing_constrained.csv,aligned_test_returns_B13_ma_timing_constrained.csv,.csv,42020,2026-06-24T07:08:38Z,a7991733a25e04310579017e24adc25b499d4618f4f8576da5496aa85e24ed2f
outputs/AURORA_TWETF/aligned_oos_reanalysis/run_20260624_070827/returns/aligned_test_returns_B13_ma_timing_constrained.parquet,aligned_test_returns_B13_ma_timing_constrained.parquet,.parquet,19932,2026-06-24T07:08:38Z,fc203da5df88630152fce6f0366d78a82c333722a340586473312dde6919b223
outputs/AURORA_TWETF/aligned_oos_reanalysis/run_20260624_070827/returns/aligned_test_returns_B14_inverse_volatility_63d.csv,aligned_test_returns_B14_inverse_volatility_63d.csv,.csv,42567,2026-06-24T07:08:39Z,91b393f8cfd16dd8cf9e9380c7eae00283abd59e2c6e2abe15fbd925c108deb5
outputs/AURORA_TWETF/aligned_oos_reanalysis/run_20260624_070827/returns/aligned_test_returns_B14_inverse_volatility_63d.parquet,aligned_test_returns_B14_inverse_volatility_63d.parquet,.parquet,20393,2026-06-24T07:08:39Z,557fc05a5dfb664373a9469118d56d733c1b03b49dd475ad7800bc9266a85464
outputs/AURORA_TWETF/aligned_oos_reanalysis/run_20260624_070827/returns/aligned_test_returns_B15_inverse_volatility_63d_20pct_cash.csv,aligned_test_returns_B15_inverse_volatility_63d_20pct_cash.csv,.csv,46212,2026-06-24T07:08:39Z,d9da2e845d873b863bce8398474567b510fd6aa12f6d5569ad8b6728b2cb36ce
outputs/AURORA_TWETF/aligned_oos_reanalysis/run_20260624_070827/returns/aligned_test_returns_B15_inverse_volatility_63d_20pct_cash.parquet,aligned_test_returns_B15_inverse_volatility_63d_20pct_cash.parquet,.parquet,20448,2026-06-24T07:08:39Z,25a15c9fe914bb54385b29ad1eff3844e10087b9a109207f2ae9c98b15f45d46
outputs/AURORA_TWETF/aligned_oos_reanalysis/run_20260624_070827/returns/aligned_test_returns_B16_minimum_variance_126d.csv,aligned_test_returns_B16_minimum_variance_126d.csv,.csv,41779,2026-06-24T07:08:39Z,2c73d1845b9f2acfc1b9631c52167b0ea9aca791224c431a77d5c325691da1af
outputs/AURORA_TWETF/aligned_oos_reanalysis/run_20260624_070827/returns/aligned_test_returns_B16_minimum_variance_126d.parquet,aligned_test_returns_B16_minimum_variance_126d.parquet,.parquet,19940,2026-06-24T07:08:39Z,4842228bde507cd25be67bd262a0089239aabce97f481088e696f23decf5b465
outputs/AURORA_TWETF/aligned_oos_reanalysis/run_20260624_070827/returns/aligned_test_returns_B17_risk_parity_proxy_126d.csv,aligned_test_returns_B17_risk_parity_proxy_126d.csv,.csv,42613,2026-06-24T07:08:39Z,ddcc9c58690afddcdd2e2940a5e32f4ba0525308e5a7ec2c8bc6c8ed3ff8e63d
outputs/AURORA_TWETF/aligned_oos_reanalysis/run_20260624_070827/returns/aligned_test_returns_B17_risk_parity_proxy_126d.parquet,aligned_test_returns_B17_risk_parity_proxy_126d.parquet,.parquet,20395,2026-06-24T07:08:39Z,f4735b80a25f78582548054d7fca106b5ec30dbedad055e8f588dc857b3079e1
outputs/AURORA_TWETF/aligned_oos_reanalysis/run_20260624_070827/returns/aligned_test_returns_B18_vol_target_equal_weight_18pct.csv,aligned_test_returns_B18_vol_target_equal_weight_18pct.csv,.csv,45005,2026-06-24T07:08:39Z,e365ce406ace2efd35d905b68b7bcc21957fac517f6e6d5e029287c44b76a196
outputs/AURORA_TWETF/aligned_oos_reanalysis/run_20260624_070827/returns/aligned_test_returns_B18_vol_target_equal_weight_18pct.parquet,aligned_test_returns_B18_vol_target_equal_weight_18pct.parquet,.parquet,20450,2026-06-24T07:08:39Z,2313920226a7897489a81985bb0b32234dc300bc59f78119b8d387d431d2055b
outputs/AURORA_TWETF/aligned_oos_reanalysis/run_20260624_070827/returns/aligned_test_returns_B19_vol_target_constrained_18pct.csv,aligned_test_returns_B19_vol_target_constrained_18pct.csv,.csv,44641,2026-06-24T07:08:40Z,5cfb809fd5632171f7fb5860541e5a8ce323cfe493d97e87f16273fe26f277e8
outputs/AURORA_TWETF/aligned_oos_reanalysis/run_20260624_070827/returns/aligned_test_returns_B19_vol_target_constrained_18pct.parquet,aligned_test_returns_B19_vol_target_constrained_18pct.parquet,.parquet,20437,2026-06-24T07:08:40Z,1f0cfe9e4051b6ffa2cee2e43dd37153b152abb20f7103e2db193a235f722e26
outputs/AURORA_TWETF/aligned_oos_reanalysis/run_20260624_070827/returns/aligned_test_returns_B1_equal_weight_all_etfs.csv,aligned_test_returns_B1_equal_weight_all_etfs.csv,.csv,41460,2026-06-24T07:08:36Z,ad1c986a7ff4cadd2c6a696458c5c68f4a66323229820cefe27ff80604846ecf
outputs/AURORA_TWETF/aligned_oos_reanalysis/run_20260624_070827/returns/aligned_test_returns_B1_equal_weight_all_etfs.parquet,aligned_test_returns_B1_equal_weight_all_etfs.parquet,.parquet,19935,2026-06-24T07:08:36Z,b170409d8bf7759e81376452547848f32403d7912b93db5c67f4f04cc5812888
outputs/AURORA_TWETF/aligned_oos_reanalysis/run_20260624_070827/returns/aligned_test_returns_B2_equal_weight_constrained.csv,aligned_test_returns_B2_equal_weight_constrained.csv,.csv,42376,2026-06-24T07:08:36Z,67524d1f2d9c00efdbfb9c399202ba54f83f3115e2aa359fb8ea0279aec2844b
outputs/AURORA_TWETF/aligned_oos_reanalysis/run_20260624_070827/returns/aligned_test_returns_B2_equal_weight_constrained.parquet,aligned_test_returns_B2_equal_weight_constrained.parquet,.parquet,19950,2026-06-24T07:08:36Z,1caba7ca3547b968cac44f6192c7be5118771db561344408145b6267cccbee5a
outputs/AURORA_TWETF/aligned_oos_reanalysis/run_20260624_070827/returns/aligned_test_returns_B3_0050_only.csv,aligned_test_returns_B3_0050_only.csv,.csv,37050,2026-06-24T07:08:36Z,386cf6681483cfd1d1bf51fca1d2400e2e0c5edae5bdbd10137c449feed42063
outputs/AURORA_TWETF/aligned_oos_reanalysis/run_20260624_070827/returns/aligned_test_returns_B3_0050_only.parquet,aligned_test_returns_B3_0050_only.parquet,.parquet,19345,2026-06-24T07:08:36Z,428f7aae45d524948c2cb76248588d93a126b112971e9b16ea851fadff9df111
outputs/AURORA_TWETF/aligned_oos_reanalysis/run_20260624_070827/returns/aligned_test_returns_B4_006208_only.csv,aligned_test_returns_B4_006208_only.csv,.csv,38176,2026-06-24T07:08:36Z,79dac6dd5672bc29ebb7823dcea5843d8c18870cbecfcf24c0871675174b0a54
outputs/AURORA_TWETF/aligned_oos_reanalysis/run_20260624_070827/returns/aligned_test_returns_B4_006208_only.parquet,aligned_test_returns_B4_006208_only.parquet,.parquet,19641,2026-06-24T07:08:36Z,6def1934e0bdeb1ee2ff26a0f97b5aed8af0d932d7703bcdeeadb74b51c447ab
outputs/AURORA_TWETF/aligned_oos_reanalysis/run_20260624_070827/returns/aligned_test_returns_B5_00692_only.csv,aligned_test_returns_B5_00692_only.csv,.csv,37819,2026-06-24T07:08:37Z,340c256f2d6601b73fa84657a7518b468549e8b708704a4da6b9a9edd17b3485
outputs/AURORA_TWETF/aligned_oos_reanalysis/run_20260624_070827/returns/aligned_test_returns_B5_00692_only.parquet,aligned_test_returns_B5_00692_only.parquet,.parquet,19666,2026-06-24T07:08:37Z,0bd454b0b7dd2e567126b74a85edbf730aea27ddd08838d4c8e44ed810fea359
outputs/AURORA_TWETF/aligned_oos_reanalysis/run_20260624_070827/returns/aligned_test_returns_B6_00881_only.csv,aligned_test_returns_B6_00881_only.csv,.csv,37723,2026-06-24T07:08:37Z,f21052139050d09d64c49b99a87b287d04357431ac1f5528b4337796e0c6738d
outputs/AURORA_TWETF/aligned_oos_reanalysis/run_20260624_070827/returns/aligned_test_returns_B6_00881_only.parquet,aligned_test_returns_B6_00881_only.parquet,.parquet,19652,2026-06-24T07:08:37Z,d4400cde0750644a329c94a4fb1bf40b0243c5c8ca916114cd669a11a0b9ff12
outputs/AURORA_TWETF/aligned_oos_reanalysis/run_20260624_070827/returns/aligned_test_returns_B7_equal_weight_60_40_cash.csv,aligned_test_returns_B7_equal_weight_60_40_cash.csv,.csv,42228,2026-06-24T07:08:37Z,75d3d870d6e98a3c6251a17711874bd5ab506a6426f6c8f0f5f65003c7cd386c
outputs/AURORA_TWETF/aligned_oos_reanalysis/run_20260624_070827/returns/aligned_test_returns_B7_equal_weight_60_40_cash.parquet,aligned_test_returns_B7_equal_weight_60_40_cash.parquet,.parquet,19928,2026-06-24T07:08:37Z,a1e054460d84068330de314079511947cb871a6aa5519eb388e2db8b2c201a20
outputs/AURORA_TWETF/aligned_oos_reanalysis/run_20260624_070827/returns/aligned_test_returns_B8_constrained_80_20_cash.csv,aligned_test_returns_B8_constrained_80_20_cash.csv,.csv,41859,2026-06-24T07:08:37Z,98c9ba3f3aa8000c24a191d08f766002a66c62b4b4dea85026543185c93aa88f
outputs/AURORA_TWETF/aligned_oos_reanalysis/run_20260624_070827/returns/aligned_test_returns_B8_constrained_80_20_cash.parquet,aligned_test_returns_B8_constrained_80_20_cash.parquet,.parquet,19940,2026-06-24T07:08:37Z,9a07de3a64223d643606cf5496cdadff24f6eb28a6073d2a33c56789416bfa48
outputs/AURORA_TWETF/aligned_oos_reanalysis/run_20260624_070827/returns/aligned_test_returns_B9_momentum_top1_63d.csv,aligned_test_returns_B9_momentum_top1_63d.csv,.csv,39997,2026-06-24T07:08:37Z,b7dee120f82d8767da02273c228bc37ecd220690e91c85f18f013393f336c106
outputs/AURORA_TWETF/aligned_oos_reanalysis/run_20260624_070827/returns/aligned_test_returns_B9_momentum_top1_63d.parquet,aligned_test_returns_B9_momentum_top1_63d.parquet,.parquet,19734,2026-06-24T07:08:37Z,26009e3a56f4ce1ba195df4cb765e7f3d9eb8d1b1e7bb1792cb0adf524ba812d
outputs/AURORA_TWETF/aligned_oos_reanalysis/run_20260624_070827/returns/aligned_test_returns_all_policies.csv,aligned_test_returns_all_policies.csv,.csv,968244,2026-06-24T07:08:40Z,5787a74eea0475bdd09e333b57abde48d9319eca93b0dd22c5ba032cd38fcb75
outputs/AURORA_TWETF/aligned_oos_reanalysis/run_20260624_070827/returns/aligned_test_returns_all_policies.parquet,aligned_test_returns_all_policies.parquet,.parquet,261085,2026-06-24T07:08:40Z,8bac0d1e2a2c3420179c45da123d5e5ae2d748ac6a7645dea7ef1657b4618655
outputs/AURORA_TWETF/aligned_oos_reanalysis/run_20260624_070827/tables/aligned_aurora_vs_best_benchmark.csv,aligned_aurora_vs_best_benchmark.csv,.csv,3499,2026-06-24T07:08:40Z,98d3fe41862f7b472e26311eacb070d2be6da91d49e52997c45e4f98483259eb
outputs/AURORA_TWETF/aligned_oos_reanalysis/run_20260624_070827/tables/aligned_diagnostic_summary.csv,aligned_diagnostic_summary.csv,.csv,1057,2026-06-24T07:08:41Z,80c6a2032bd68b4476843d4d3aab6459173c2f5659c50ebe893a193491ede11e
outputs/AURORA_TWETF/aligned_oos_reanalysis/run_20260624_070827/tables/aligned_evaluation_date_report.csv,aligned_evaluation_date_report.csv,.csv,394,2026-06-24T07:08:35Z,52a53621940ac6c33c1fdd40c38a968f9131c877fa9ddc9af6419bede79addc8
outputs/AURORA_TWETF/aligned_oos_reanalysis/run_20260624_070827/tables/aligned_oos_performance.csv,aligned_oos_performance.csv,.csv,8990,2026-06-24T07:08:40Z,df0028bb4209949b8497f0eae48bf15c73848af69f98308214f4a606f29ec2d8
outputs/AURORA_TWETF/aligned_oos_reanalysis/run_20260624_070827/tables/aligned_oos_rankings.csv,aligned_oos_rankings.csv,.csv,9720,2026-06-24T07:08:40Z,8665c97a732f848ab93b10317850240bc9ef6804b49e7f0969562ff0592dd000
outputs/AURORA_TWETF/aligned_oos_reanalysis/run_20260624_070827/tables/aligned_test_only_performance.csv,aligned_test_only_performance.csv,.csv,8802,2026-06-24T07:08:40Z,10cbdc2d93b37ba4df12d79418a1ac46ff63e6d1ccc6b00f521f124bc4078ff5
outputs/AURORA_TWETF/aligned_oos_reanalysis/run_20260624_070827/tables/aligned_test_only_rankings.csv,aligned_test_only_rankings.csv,.csv,9534,2026-06-24T07:08:40Z,9c92c3de69ce03165b09bb8397a45a1af0baa7ae09de81c8b02b1467bdaf3745
outputs/AURORA_TWETF/aligned_oos_reanalysis/run_20260624_070827/tables/notebook08_vs_08B_alignment_comparison.csv,notebook08_vs_08B_alignment_comparison.csv,.csv,10042,2026-06-24T07:08:41Z,0617f183986bf9f84e9c7ef9f53c9a4d59ef15d63cc1a55f622083a815d24241
outputs/AURORA_TWETF/aligned_oos_reanalysis/run_20260624_070827/weights/aligned_oos_daily_weights_AURORA_P0_purged_wf_baseline_60_40.csv,aligned_oos_daily_weights_AURORA_P0_purged_wf_baseline_60_40.csv,.csv,55559,2026-06-24T07:08:35Z,3323f31a341a1295b1722de0e7da4d9034b18bd718edca44737408a2ac2ad4c3
outputs/AURORA_TWETF/aligned_oos_reanalysis/run_20260624_070827/weights/aligned_oos_daily_weights_AURORA_P0_purged_wf_baseline_60_40.parquet,aligned_oos_daily_weights_AURORA_P0_purged_wf_baseline_60_40.parquet,.parquet,9975,2026-06-24T07:08:35Z,2e0bdcaca0e1d608caf8315d137f540c91d7d7f3444517731a13c44ee33e1abd
outputs/AURORA_TWETF/aligned_oos_reanalysis/run_20260624_070827/weights/aligned_oos_daily_weights_AURORA_P1_purged_wf_more_60d_30_70.csv,aligned_oos_daily_weights_AURORA_P1_purged_wf_more_60d_30_70.csv,.csv,55632,2026-06-24T07:08:35Z,fe63234cc7da99a450878cbdc5fcaf741af5dff28b1521f017f887024f2d0ba6
outputs/AURORA_TWETF/aligned_oos_reanalysis/run_20260624_070827/weights/aligned_oos_daily_weights_AURORA_P1_purged_wf_more_60d_30_70.parquet,aligned_oos_daily_weights_AURORA_P1_purged_wf_more_60d_30_70.parquet,.parquet,9975,2026-06-24T07:08:35Z,2f012711eaf57eb7f10f87eb25dae048c1cea389716d697167801ccd7baa50fd
outputs/AURORA_TWETF/aligned_oos_reanalysis/run_20260624_070827/weights/aligned_oos_daily_weights_AURORA_P2_purged_wf_low_cash_boost.csv,aligned_oos_daily_weights_AURORA_P2_purged_wf_low_cash_boost.csv,.csv,55785,2026-06-24T07:08:35Z,5f4f1fadd1f29af60c909e51716f066273b324a077b0f6fc4e72bf7ae81e359e
outputs/AURORA_TWETF/aligned_oos_reanalysis/run_20260624_070827/weights/aligned_oos_daily_weights_AURORA_P2_purged_wf_low_cash_boost.parquet,aligned_oos_daily_weights_AURORA_P2_purged_wf_low_cash_boost.parquet,.parquet,9975,2026-06-24T07:08:35Z,1cc9b5d8fdf0d8bce984f5d59e48a4869a822fa0bc01e5d794ede7862738f431
outputs/AURORA_TWETF/aligned_oos_reanalysis/run_20260624_070827/weights/aligned_oos_daily_weights_AURORA_P3_purged_wf_no_cash_boost.csv,aligned_oos_daily_weights_AURORA_P3_purged_wf_no_cash_boost.csv,.csv,31433,2026-06-24T07:08:36Z,e19e7394787f77c8beac784901d117c18b5a50ebdfec32115beee7128c160788
outputs/AURORA_TWETF/aligned_oos_reanalysis/run_20260624_070827/weights/aligned_oos_daily_weights_AURORA_P3_purged_wf_no_cash_boost.parquet,aligned_oos_daily_weights_AURORA_P3_purged_wf_no_cash_boost.parquet,.parquet,9222,2026-06-24T07:08:36Z,d355ae7d68d8d44aea7f6c64cc0e8bbaf1d2723875b0d9d7830e4961b2f24ada
outputs/AURORA_TWETF/aligned_oos_reanalysis/run_20260624_070827/weights/aligned_oos_daily_weights_B10_momentum_top2_63d.csv,aligned_oos_daily_weights_B10_momentum_top2_63d.csv,.csv,16062,2026-06-24T07:08:38Z,fc2b7c50943c543e52a5050d233fac11919741ae8a80d8e5ef4daeb18a2d38f2
outputs/AURORA_TWETF/aligned_oos_reanalysis/run_20260624_070827/weights/aligned_oos_daily_weights_B10_momentum_top2_63d.parquet,aligned_oos_daily_weights_B10_momentum_top2_63d.parquet,.parquet,8801,2026-06-24T07:08:38Z,194c7df60698c4b15aa3d7c81e2236f228ddbcf9388639874c2dd9453a7006e2
outputs/AURORA_TWETF/aligned_oos_reanalysis/run_20260624_070827/weights/aligned_oos_daily_weights_B11_momentum_top1_63d_20pct_cash.csv,aligned_oos_daily_weights_B11_momentum_top1_63d_20pct_cash.csv,.csv,16062,2026-06-24T07:08:38Z,7cef04fe20ce0c017be9ff56015ad0910df3449136eb6b5745ceb557a7d10441
outputs/AURORA_TWETF/aligned_oos_reanalysis/run_20260624_070827/weights/aligned_oos_daily_weights_B11_momentum_top1_63d_20pct_cash.parquet,aligned_oos_daily_weights_B11_momentum_top1_63d_20pct_cash.parquet,.parquet,8802,2026-06-24T07:08:38Z,fd0f91bf5f747fca761592582e91d2cb23a82b2b9dfdf267d9072f7b766644e0
outputs/AURORA_TWETF/aligned_oos_reanalysis/run_20260624_070827/weights/aligned_oos_daily_weights_B12_ma_timing_equal_weight.csv,aligned_oos_daily_weights_B12_ma_timing_equal_weight.csv,.csv,19846,2026-06-24T07:08:38Z,095f8267fc292ae22ab9dc864c194732e98348c6c176d3e13e085dfa3dfc8ac8
outputs/AURORA_TWETF/aligned_oos_reanalysis/run_20260624_070827/weights/aligned_oos_daily_weights_B12_ma_timing_equal_weight.parquet,aligned_oos_daily_weights_B12_ma_timing_equal_weight.parquet,.parquet,8684,2026-06-24T07:08:38Z,1ea430f769140e11cc92628bf242d181914c30732d8f4d1438fbbcadfc2e4edd
outputs/AURORA_TWETF/aligned_oos_reanalysis/run_20260624_070827/weights/aligned_oos_daily_weights_B13_ma_timing_constrained.csv,aligned_oos_daily_weights_B13_ma_timing_constrained.csv,.csv,18830,2026-06-24T07:08:38Z,a0e0f0a9afc9ecd9ff114407cdcc0f15053b3541baa2a63e85e78542f05366b9
outputs/AURORA_TWETF/aligned_oos_reanalysis/run_20260624_070827/weights/aligned_oos_daily_weights_B13_ma_timing_constrained.parquet,aligned_oos_daily_weights_B13_ma_timing_constrained.parquet,.parquet,8684,2026-06-24T07:08:38Z,d6a5c05c496178380263d9dd6bb0f8d7344435f903aee6157bae2728d0b58c00
outputs/AURORA_TWETF/aligned_oos_reanalysis/run_20260624_070827/weights/aligned_oos_daily_weights_B14_inverse_volatility_63d.csv,aligned_oos_daily_weights_B14_inverse_volatility_63d.csv,.csv,43420,2026-06-24T07:08:39Z,84fcd446f0c521042a7464a00fa0cdab7a7ed9863be4e853382fbd2e0d0c006b
outputs/AURORA_TWETF/aligned_oos_reanalysis/run_20260624_070827/weights/aligned_oos_daily_weights_B14_inverse_volatility_63d.parquet,aligned_oos_daily_weights_B14_inverse_volatility_63d.parquet,.parquet,9573,2026-06-24T07:08:39Z,4ac65ce7eb17f82b5c2454036bcdeb1adcf6a7418b2e233808082a3c1c23e94f
outputs/AURORA_TWETF/aligned_oos_reanalysis/run_20260624_070827/weights/aligned_oos_daily_weights_B15_inverse_volatility_63d_20pct_cash.csv,aligned_oos_daily_weights_B15_inverse_volatility_63d_20pct_cash.csv,.csv,44887,2026-06-24T07:08:39Z,0eaaaf7d3a3cbb79160b7e7bce61d57cc781d36d367f500d8b4fa34c4228cb5e
outputs/AURORA_TWETF/aligned_oos_reanalysis/run_20260624_070827/weights/aligned_oos_daily_weights_B15_inverse_volatility_63d_20pct_cash.parquet,aligned_oos_daily_weights_B15_inverse_volatility_63d_20pct_cash.parquet,.parquet,9610,2026-06-24T07:08:39Z,248aaddc0a9740c0117b5f8ac51c2cc9801fba27aa4a9db97621225bb9c047a7
outputs/AURORA_TWETF/aligned_oos_reanalysis/run_20260624_070827/weights/aligned_oos_daily_weights_B16_minimum_variance_126d.csv,aligned_oos_daily_weights_B16_minimum_variance_126d.csv,.csv,17814,2026-06-24T07:08:39Z,3c01f106f11d572b2758db7014d0c388fb647bfc37faf5f075b04c87d0011e94
outputs/AURORA_TWETF/aligned_oos_reanalysis/run_20260624_070827/weights/aligned_oos_daily_weights_B16_minimum_variance_126d.parquet,aligned_oos_daily_weights_B16_minimum_variance_126d.parquet,.parquet,8684,2026-06-24T07:08:39Z,56a685164ec3acafea6c1cc98742d8bc9b103caa709a032ed65ce0499be80123
outputs/AURORA_TWETF/aligned_oos_reanalysis/run_20260624_070827/weights/aligned_oos_daily_weights_B17_risk_parity_proxy_126d.csv,aligned_oos_daily_weights_B17_risk_parity_proxy_126d.csv,.csv,39599,2026-06-24T07:08:39Z,4e0ec7312808f787075c46024f4bd459ed0aee17cd70cad41b57b32afad8699b
outputs/AURORA_TWETF/aligned_oos_reanalysis/run_20260624_070827/weights/aligned_oos_daily_weights_B17_risk_parity_proxy_126d.parquet,aligned_oos_daily_weights_B17_risk_parity_proxy_126d.parquet,.parquet,9453,2026-06-24T07:08:39Z,2a66d75ff4393092307fc5e862ab009ccbc42f83b1105a742614cb9b9e116706
outputs/AURORA_TWETF/aligned_oos_reanalysis/run_20260624_070827/weights/aligned_oos_daily_weights_B18_vol_target_equal_weight_18pct.csv,aligned_oos_daily_weights_B18_vol_target_equal_weight_18pct.csv,.csv,38859,2026-06-24T07:08:39Z,9042ff1bd4c4e293ebd9c8c14df71ab5d919c197f5ee58bd3f3ebe7df1539412
outputs/AURORA_TWETF/aligned_oos_reanalysis/run_20260624_070827/weights/aligned_oos_daily_weights_B18_vol_target_equal_weight_18pct.parquet,aligned_oos_daily_weights_B18_vol_target_equal_weight_18pct.parquet,.parquet,9423,2026-06-24T07:08:39Z,f950be924b39314bc0e829e698c19e34de7da4e4eac53e5782e306921dd772ed
outputs/AURORA_TWETF/aligned_oos_reanalysis/run_20260624_070827/weights/aligned_oos_daily_weights_B19_vol_target_constrained_18pct.csv,aligned_oos_daily_weights_B19_vol_target_constrained_18pct.csv,.csv,38262,2026-06-24T07:08:40Z,ec8f849082709d31892366b55076ea5a2024216bb4c9cc04d682cad576c45f70
outputs/AURORA_TWETF/aligned_oos_reanalysis/run_20260624_070827/weights/aligned_oos_daily_weights_B19_vol_target_constrained_18pct.parquet,aligned_oos_daily_weights_B19_vol_target_constrained_18pct.parquet,.parquet,9423,2026-06-24T07:08:40Z,f1a22ab34e37c062aad966bdb68f543c61d5cdd6389fc68b7f6a7700008e1ecb
outputs/AURORA_TWETF/aligned_oos_reanalysis/run_20260624_070827/weights/aligned_oos_daily_weights_B1_equal_weight_all_etfs.csv,aligned_oos_daily_weights_B1_equal_weight_all_etfs.csv,.csv,17814,2026-06-24T07:08:36Z,3c01f106f11d572b2758db7014d0c388fb647bfc37faf5f075b04c87d0011e94
outputs/AURORA_TWETF/aligned_oos_reanalysis/run_20260624_070827/weights/aligned_oos_daily_weights_B1_equal_weight_all_etfs.parquet,aligned_oos_daily_weights_B1_equal_weight_all_etfs.parquet,.parquet,8684,2026-06-24T07:08:36Z,56a685164ec3acafea6c1cc98742d8bc9b103caa709a032ed65ce0499be80123
outputs/AURORA_TWETF/aligned_oos_reanalysis/run_20260624_070827/weights/aligned_oos_daily_weights_B2_equal_weight_constrained.csv,aligned_oos_daily_weights_B2_equal_weight_constrained.csv,.csv,16798,2026-06-24T07:08:36Z,dc5e7aeb1c12ebcf934d874159c60be8b4b667a1adaa7467b48e02455ec8d27d
outputs/AURORA_TWETF/aligned_oos_reanalysis/run_20260624_070827/weights/aligned_oos_daily_weights_B2_equal_weight_constrained.parquet,aligned_oos_daily_weights_B2_equal_weight_constrained.parquet,.parquet,8684,2026-06-24T07:08:36Z,5832d5538f1bd39f2132e2add35ce34a963d10b5510a532f25b3547ce5e68eed
outputs/AURORA_TWETF/aligned_oos_reanalysis/run_20260624_070827/weights/aligned_oos_daily_weights_B3_0050_only.csv,aligned_oos_daily_weights_B3_0050_only.csv,.csv,15782,2026-06-24T07:08:36Z,3c295fbf05b7d860ea8d8280eeee53a5093965aa9abda887b5320c63b80e38a1
outputs/AURORA_TWETF/aligned_oos_reanalysis/run_20260624_070827/weights/aligned_oos_daily_weights_B3_0050_only.parquet,aligned_oos_daily_weights_B3_0050_only.parquet,.parquet,8684,2026-06-24T07:08:36Z,090457b2a35f177588921d7907663788072ebb1a24b50b565763668b3daa587f
outputs/AURORA_TWETF/aligned_oos_reanalysis/run_20260624_070827/weights/aligned_oos_daily_weights_B4_006208_only.csv,aligned_oos_daily_weights_B4_006208_only.csv,.csv,15782,2026-06-24T07:08:36Z,c9799806ae450c2d4224e4027aebc3040841d9290eb92ec2ad72fdf0b8c61c72
outputs/AURORA_TWETF/aligned_oos_reanalysis/run_20260624_070827/weights/aligned_oos_daily_weights_B4_006208_only.parquet,aligned_oos_daily_weights_B4_006208_only.parquet,.parquet,8684,2026-06-24T07:08:36Z,574435aeff54b10e2236afaa28d3b3884df714709ca57591194827a13b80ed49
outputs/AURORA_TWETF/aligned_oos_reanalysis/run_20260624_070827/weights/aligned_oos_daily_weights_B5_00692_only.csv,aligned_oos_daily_weights_B5_00692_only.csv,.csv,15782,2026-06-24T07:08:37Z,7aa9bb16dfdb9f39d70096b67716e8072282e1384a5a8983309588edc7b2de31
outputs/AURORA_TWETF/aligned_oos_reanalysis/run_20260624_070827/weights/aligned_oos_daily_weights_B5_00692_only.parquet,aligned_oos_daily_weights_B5_00692_only.parquet,.parquet,8684,2026-06-24T07:08:37Z,d78c4f359488de9b7ccdbad7e197d63beb43892d1cf8a006ea6c9be99da350ea
outputs/AURORA_TWETF/aligned_oos_reanalysis/run_20260624_070827/weights/aligned_oos_daily_weights_B6_00881_only.csv,aligned_oos_daily_weights_B6_00881_only.csv,.csv,15782,2026-06-24T07:08:37Z,8461943df8946776e0e6ab793a7a6c300abf2247e47341392e619d0c9b4a3c20
outputs/AURORA_TWETF/aligned_oos_reanalysis/run_20260624_070827/weights/aligned_oos_daily_weights_B6_00881_only.parquet,aligned_oos_daily_weights_B6_00881_only.parquet,.parquet,8684,2026-06-24T07:08:37Z,ccb4c3ab76e39cb1130678ffb6bfc10a7ad363fc08864dd76fb5bbaaa7f3bc75
outputs/AURORA_TWETF/aligned_oos_reanalysis/run_20260624_070827/weights/aligned_oos_daily_weights_B7_equal_weight_60_40_cash.csv,aligned_oos_daily_weights_B7_equal_weight_60_40_cash.csv,.csv,17814,2026-06-24T07:08:37Z,02289d497fdab98ce4db05f927b4fdceaf8ec4ff407a023df4d5f3228938300d
outputs/AURORA_TWETF/aligned_oos_reanalysis/run_20260624_070827/weights/aligned_oos_daily_weights_B7_equal_weight_60_40_cash.parquet,aligned_oos_daily_weights_B7_equal_weight_60_40_cash.parquet,.parquet,8684,2026-06-24T07:08:37Z,f722d802cc68987daae751bd781ceef03a88942297028155388c27c53820eded
outputs/AURORA_TWETF/aligned_oos_reanalysis/run_20260624_070827/weights/aligned_oos_daily_weights_B8_constrained_80_20_cash.csv,aligned_oos_daily_weights_B8_constrained_80_20_cash.csv,.csv,17306,2026-06-24T07:08:37Z,26a914c451f26c2e671f38c24e2f1840dd3a327201d7d21a2519fcf1c515f94f
outputs/AURORA_TWETF/aligned_oos_reanalysis/run_20260624_070827/weights/aligned_oos_daily_weights_B8_constrained_80_20_cash.parquet,aligned_oos_daily_weights_B8_constrained_80_20_cash.parquet,.parquet,8684,2026-06-24T07:08:37Z,43101f5a4707437362bf22eff6fd9068c1fc1959f452387d54fa56105d926fbb
outputs/AURORA_TWETF/aligned_oos_reanalysis/run_20260624_070827/weights/aligned_oos_daily_weights_B9_momentum_top1_63d.csv,aligned_oos_daily_weights_B9_momentum_top1_63d.csv,.csv,16062,2026-06-24T07:08:38Z,6d5f0ee27baf6985e866e7270ae40c66f4076a993d5b47bf502890943b9de769
outputs/AURORA_TWETF/aligned_oos_reanalysis/run_20260624_070827/weights/aligned_oos_daily_weights_B9_momentum_top1_63d.parquet,aligned_oos_daily_weights_B9_momentum_top1_63d.parquet,.parquet,8789,2026-06-24T07:08:37Z,36ab07ff2d99466781a453f7a72870aac98daddb4320ba2796f6f00fbad7be8e
outputs/AURORA_TWETF/aligned_oos_reanalysis/run_20260624_070827/weights/aligned_oos_daily_weights_all_policies.csv,aligned_oos_daily_weights_all_policies.csv,.csv,952656,2026-06-24T07:08:40Z,f84e47eeffb728372171be07a6735ea7efb03eefa44916289626eff9baf2f693
outputs/AURORA_TWETF/aligned_oos_reanalysis/run_20260624_070827/weights/aligned_oos_daily_weights_all_policies.parquet,aligned_oos_daily_weights_all_policies.parquet,.parquet,20508,2026-06-24T07:08:40Z,1d7fc38f5150da2f9676eb3528495b47fe3c2ea26ca6d9e746a8e5dc10238970
outputs/AURORA_TWETF/aligned_oos_reanalysis/run_20260624_070827/weights/aligned_test_daily_weights_AURORA_P0_purged_wf_baseline_60_40.csv,aligned_test_daily_weights_AURORA_P0_purged_wf_baseline_60_40.csv,.csv,34863,2026-06-24T07:08:35Z,fd93103ac904930bba532818a688199cb7ebb1043e5f71cc0135ad7060e8a156
outputs/AURORA_TWETF/aligned_oos_reanalysis/run_20260624_070827/weights/aligned_test_daily_weights_AURORA_P0_purged_wf_baseline_60_40.parquet,aligned_test_daily_weights_AURORA_P0_purged_wf_baseline_60_40.parquet,.parquet,7681,2026-06-24T07:08:35Z,ffe1f3404b40f4690a9ac968ae96ad97119b64e56cf48ca4549914c3820b866a
outputs/AURORA_TWETF/aligned_oos_reanalysis/run_20260624_070827/weights/aligned_test_daily_weights_AURORA_P1_purged_wf_more_60d_30_70.csv,aligned_test_daily_weights_AURORA_P1_purged_wf_more_60d_30_70.csv,.csv,34947,2026-06-24T07:08:35Z,496384806338f5feddc7a45957c14984d16db0e8d8794785d89e5ed910dfc59d
outputs/AURORA_TWETF/aligned_oos_reanalysis/run_20260624_070827/weights/aligned_test_daily_weights_AURORA_P1_purged_wf_more_60d_30_70.parquet,aligned_test_daily_weights_AURORA_P1_purged_wf_more_60d_30_70.parquet,.parquet,7681,2026-06-24T07:08:35Z,545c93fcfbaa63cb019bcd992edc38348988abb6b7ad0a341ee2e25fa1137f34
outputs/AURORA_TWETF/aligned_oos_reanalysis/run_20260624_070827/weights/aligned_test_daily_weights_AURORA_P2_purged_wf_low_cash_boost.csv,aligned_test_daily_weights_AURORA_P2_purged_wf_low_cash_boost.csv,.csv,34989,2026-06-24T07:08:35Z,cdd26b58ee1a29c1c45863b90667ad20d75896082937e3333a753e6f683a7a19
outputs/AURORA_TWETF/aligned_oos_reanalysis/run_20260624_070827/weights/aligned_test_daily_weights_AURORA_P2_purged_wf_low_cash_boost.parquet,aligned_test_daily_weights_AURORA_P2_purged_wf_low_cash_boost.parquet,.parquet,7681,2026-06-24T07:08:35Z,21b97ee2bd7134d2526f1af6260e3aaa73ae5524244132346c8cd110fb06b324
outputs/AURORA_TWETF/aligned_oos_reanalysis/run_20260624_070827/weights/aligned_test_daily_weights_AURORA_P3_purged_wf_no_cash_boost.csv,aligned_test_daily_weights_AURORA_P3_purged_wf_no_cash_boost.csv,.csv,14868,2026-06-24T07:08:36Z,98d31379d93e007ce942195b9e79dbe1a8476cfc48a1811f0ea40046fc8e4e46
outputs/AURORA_TWETF/aligned_oos_reanalysis/run_20260624_070827/weights/aligned_test_daily_weights_AURORA_P3_purged_wf_no_cash_boost.parquet,aligned_test_daily_weights_AURORA_P3_purged_wf_no_cash_boost.parquet,.parquet,6993,2026-06-24T07:08:36Z,4f661c31fd1c7ebb9091fedcb3bcd01dfd45f8bbf490cf3331d22e6fc7cfc20e
outputs/AURORA_TWETF/aligned_oos_reanalysis/run_20260624_070827/weights/aligned_test_daily_weights_B10_momentum_top2_63d.csv,aligned_test_daily_weights_B10_momentum_top2_63d.csv,.csv,9923,2026-06-24T07:08:38Z,c51eb925d5c4209dae51c355d96bddaa7cefe6e882e768a64270610ea278bb45
outputs/AURORA_TWETF/aligned_oos_reanalysis/run_20260624_070827/weights/aligned_test_daily_weights_B10_momentum_top2_63d.parquet,aligned_test_daily_weights_B10_momentum_top2_63d.parquet,.parquet,6923,2026-06-24T07:08:38Z,9b22bd1760e79bde6662c21792c17d43d58c3db4b25142677bb0ff2c095c37f7
outputs/AURORA_TWETF/aligned_oos_reanalysis/run_20260624_070827/weights/aligned_test_daily_weights_B11_momentum_top1_63d_20pct_cash.csv,aligned_test_daily_weights_B11_momentum_top1_63d_20pct_cash.csv,.csv,9923,2026-06-24T07:08:38Z,e32fad4bb20ff252c3379821bb19a33de7b56d5be42ed0c80a35fbe52eed2b37
outputs/AURORA_TWETF/aligned_oos_reanalysis/run_20260624_070827/weights/aligned_test_daily_weights_B11_momentum_top1_63d_20pct_cash.parquet,aligned_test_daily_weights_B11_momentum_top1_63d_20pct_cash.parquet,.parquet,6919,2026-06-24T07:08:38Z,8a3e5bda26ecf37e3fcde68c8ecf3f88050ab208a3741623c870fe534eae2a40
outputs/AURORA_TWETF/aligned_oos_reanalysis/run_20260624_070827/weights/aligned_test_daily_weights_B12_ma_timing_equal_weight.csv,aligned_test_daily_weights_B12_ma_timing_equal_weight.csv,.csv,12475,2026-06-24T07:08:38Z,ceefe5f63a10ee19bc96c9dc44908d222430d7996e35573ffe79543b7b311dcd
outputs/AURORA_TWETF/aligned_oos_reanalysis/run_20260624_070827/weights/aligned_test_daily_weights_B12_ma_timing_equal_weight.parquet,aligned_test_daily_weights_B12_ma_timing_equal_weight.parquet,.parquet,6845,2026-06-24T07:08:38Z,185550c0a11132077ef61b7564364730a0dd4450c90988e3ad0caefa51d3eaea
outputs/AURORA_TWETF/aligned_oos_reanalysis/run_20260624_070827/weights/aligned_test_daily_weights_B13_ma_timing_constrained.csv,aligned_test_daily_weights_B13_ma_timing_constrained.csv,.csv,11837,2026-06-24T07:08:38Z,e3e844765c4c051cce3b3be2ea5954ba4a9382eafc7991140954345895c03bc1
outputs/AURORA_TWETF/aligned_oos_reanalysis/run_20260624_070827/weights/aligned_test_daily_weights_B13_ma_timing_constrained.parquet,aligned_test_daily_weights_B13_ma_timing_constrained.parquet,.parquet,6845,2026-06-24T07:08:38Z,1582beaf29a1a033df4fba6a95cae71d3232056b7b87b9e4d30c3bec3de6a789
outputs/AURORA_TWETF/aligned_oos_reanalysis/run_20260624_070827/weights/aligned_test_daily_weights_B14_inverse_volatility_63d.csv,aligned_test_daily_weights_B14_inverse_volatility_63d.csv,.csv,29905,2026-06-24T07:08:39Z,d15338fecaeef55b390d6378d309895ed3c34f49a0706fb5511311687f5055a9
outputs/AURORA_TWETF/aligned_oos_reanalysis/run_20260624_070827/weights/aligned_test_daily_weights_B14_inverse_volatility_63d.parquet,aligned_test_daily_weights_B14_inverse_volatility_63d.parquet,.parquet,7514,2026-06-24T07:08:39Z,9fc25d9e9fbededcb8979037fca8a68a24b0bba47a2ba1e82ec148e7272e5e59
outputs/AURORA_TWETF/aligned_oos_reanalysis/run_20260624_070827/weights/aligned_test_daily_weights_B15_inverse_volatility_63d_20pct_cash.csv,aligned_test_daily_weights_B15_inverse_volatility_63d_20pct_cash.csv,.csv,31167,2026-06-24T07:08:39Z,fdd6f66e70928dc7a2a1e8e16707e203d2c406b5696bc5c02ed98e506b8a121b
outputs/AURORA_TWETF/aligned_oos_reanalysis/run_20260624_070827/weights/aligned_test_daily_weights_B15_inverse_volatility_63d_20pct_cash.parquet,aligned_test_daily_weights_B15_inverse_volatility_63d_20pct_cash.parquet,.parquet,7541,2026-06-24T07:08:39Z,a6b9bf7685f9f659902f7ff25ccc799733e46e8c61d1e7eb46af1f078f6725f6
outputs/AURORA_TWETF/aligned_oos_reanalysis/run_20260624_070827/weights/aligned_test_daily_weights_B16_minimum_variance_126d.csv,aligned_test_daily_weights_B16_minimum_variance_126d.csv,.csv,11199,2026-06-24T07:08:39Z,cef63da02bffc7b16264b265936c0d0cec45a5c9ea92c0080ff3724926cf0cd4
outputs/AURORA_TWETF/aligned_oos_reanalysis/run_20260624_070827/weights/aligned_test_daily_weights_B16_minimum_variance_126d.parquet,aligned_test_daily_weights_B16_minimum_variance_126d.parquet,.parquet,6845,2026-06-24T07:08:39Z,c4a301e536d1dbfea43a7854ec43e7ddb254233ffb08f169bb1b22ed23132812
outputs/AURORA_TWETF/aligned_oos_reanalysis/run_20260624_070827/weights/aligned_test_daily_weights_B17_risk_parity_proxy_126d.csv,aligned_test_daily_weights_B17_risk_parity_proxy_126d.csv,.csv,29736,2026-06-24T07:08:39Z,491fb7670421165f362002784406acf69705068ea4e69c50249530733d0255dc
outputs/AURORA_TWETF/aligned_oos_reanalysis/run_20260624_070827/weights/aligned_test_daily_weights_B17_risk_parity_proxy_126d.parquet,aligned_test_daily_weights_B17_risk_parity_proxy_126d.parquet,.parquet,7514,2026-06-24T07:08:39Z,5fa491d76c4a78738ee48a3353c9cea76dc1ed931306c8505dbd7ec6d56aad62
outputs/AURORA_TWETF/aligned_oos_reanalysis/run_20260624_070827/weights/aligned_test_daily_weights_B18_vol_target_equal_weight_18pct.csv,aligned_test_daily_weights_B18_vol_target_equal_weight_18pct.csv,.csv,23493,2026-06-24T07:08:40Z,d1c414355c44f8698f72cf565bcc4c88f575be5deb47f3127d243cd521accc3f
outputs/AURORA_TWETF/aligned_oos_reanalysis/run_20260624_070827/weights/aligned_test_daily_weights_B18_vol_target_equal_weight_18pct.parquet,aligned_test_daily_weights_B18_vol_target_equal_weight_18pct.parquet,.parquet,7328,2026-06-24T07:08:39Z,354c873398df168125577ac0dc332bf553278403a1048103f99e088e2c0f43e6
outputs/AURORA_TWETF/aligned_oos_reanalysis/run_20260624_070827/weights/aligned_test_daily_weights_B19_vol_target_constrained_18pct.csv,aligned_test_daily_weights_B19_vol_target_constrained_18pct.csv,.csv,22989,2026-06-24T07:08:40Z,f2a01c3caea301ea41e38c98dcda1e5d93e7e7dc3b8d8aef4d138b6f651473b2
outputs/AURORA_TWETF/aligned_oos_reanalysis/run_20260624_070827/weights/aligned_test_daily_weights_B19_vol_target_constrained_18pct.parquet,aligned_test_daily_weights_B19_vol_target_constrained_18pct.parquet,.parquet,7329,2026-06-24T07:08:40Z,381f8e25774b3addab0e0c471d42a9949ed4187314bd676c4fe71183ae550aae
outputs/AURORA_TWETF/aligned_oos_reanalysis/run_20260624_070827/weights/aligned_test_daily_weights_B1_equal_weight_all_etfs.csv,aligned_test_daily_weights_B1_equal_weight_all_etfs.csv,.csv,11199,2026-06-24T07:08:36Z,cef63da02bffc7b16264b265936c0d0cec45a5c9ea92c0080ff3724926cf0cd4
outputs/AURORA_TWETF/aligned_oos_reanalysis/run_20260624_070827/weights/aligned_test_daily_weights_B1_equal_weight_all_etfs.parquet,aligned_test_daily_weights_B1_equal_weight_all_etfs.parquet,.parquet,6845,2026-06-24T07:08:36Z,c4a301e536d1dbfea43a7854ec43e7ddb254233ffb08f169bb1b22ed23132812
outputs/AURORA_TWETF/aligned_oos_reanalysis/run_20260624_070827/weights/aligned_test_daily_weights_B2_equal_weight_constrained.csv,aligned_test_daily_weights_B2_equal_weight_constrained.csv,.csv,10561,2026-06-24T07:08:36Z,6690d8300a85420b03b67321d1af21c2ad8efa0c72852094ba02b2ec906faca7
outputs/AURORA_TWETF/aligned_oos_reanalysis/run_20260624_070827/weights/aligned_test_daily_weights_B2_equal_weight_constrained.parquet,aligned_test_daily_weights_B2_equal_weight_constrained.parquet,.parquet,6845,2026-06-24T07:08:36Z,a2aa34268443f2e5d86f06f75bcb70688640368a34c1c0716c40859f2c7765cc
outputs/AURORA_TWETF/aligned_oos_reanalysis/run_20260624_070827/weights/aligned_test_daily_weights_B3_0050_only.csv,aligned_test_daily_weights_B3_0050_only.csv,.csv,9923,2026-06-24T07:08:36Z,dfd802ed66efa3823fa44fcac76a584dac12faba70e4ea2fbddc0ac981bd3b88
outputs/AURORA_TWETF/aligned_oos_reanalysis/run_20260624_070827/weights/aligned_test_daily_weights_B3_0050_only.parquet,aligned_test_daily_weights_B3_0050_only.parquet,.parquet,6845,2026-06-24T07:08:36Z,8f6b4d3565b25dd25050f268eca4017e1cbefad9c3bd9110c6e42ddd0c214fe7
outputs/AURORA_TWETF/aligned_oos_reanalysis/run_20260624_070827/weights/aligned_test_daily_weights_B4_006208_only.csv,aligned_test_daily_weights_B4_006208_only.csv,.csv,9923,2026-06-24T07:08:36Z,8c0e0e22b7c8f7f05534bed0ac7d6047540636ad661d311dff65d148acef7f08
outputs/AURORA_TWETF/aligned_oos_reanalysis/run_20260624_070827/weights/aligned_test_daily_weights_B4_006208_only.parquet,aligned_test_daily_weights_B4_006208_only.parquet,.parquet,6845,2026-06-24T07:08:36Z,67830e423d788826f6ff7be85379566f57fb3607122581f1f3a1a6ab12bd6c38
outputs/AURORA_TWETF/aligned_oos_reanalysis/run_20260624_070827/weights/aligned_test_daily_weights_B5_00692_only.csv,aligned_test_daily_weights_B5_00692_only.csv,.csv,9923,2026-06-24T07:08:37Z,fa08f01d1eadb5c8ad71eb65a36de31aa142ffbfef5bc0224e1842c45113ccfc
outputs/AURORA_TWETF/aligned_oos_reanalysis/run_20260624_070827/weights/aligned_test_daily_weights_B5_00692_only.parquet,aligned_test_daily_weights_B5_00692_only.parquet,.parquet,6845,2026-06-24T07:08:37Z,713f90056ecc3be53ecc7269e3d73efaf3f6ad7c90e995d312da53eaffd07a4a
outputs/AURORA_TWETF/aligned_oos_reanalysis/run_20260624_070827/weights/aligned_test_daily_weights_B6_00881_only.csv,aligned_test_daily_weights_B6_00881_only.csv,.csv,9923,2026-06-24T07:08:37Z,2fe9484bb9668ad4b9ebf249a85ab06f045a45eabe334a9e83f72962b275972b
outputs/AURORA_TWETF/aligned_oos_reanalysis/run_20260624_070827/weights/aligned_test_daily_weights_B6_00881_only.parquet,aligned_test_daily_weights_B6_00881_only.parquet,.parquet,6845,2026-06-24T07:08:37Z,23050f184db34fff3d4d145646c29f68bde656cd57a0cbb4823e17a992dae003
outputs/AURORA_TWETF/aligned_oos_reanalysis/run_20260624_070827/weights/aligned_test_daily_weights_B7_equal_weight_60_40_cash.csv,aligned_test_daily_weights_B7_equal_weight_60_40_cash.csv,.csv,11199,2026-06-24T07:08:37Z,4b620c6aa2e11db1e2871fd6042f98de5e0dfdde2d689906b74f075ef49b9685
outputs/AURORA_TWETF/aligned_oos_reanalysis/run_20260624_070827/weights/aligned_test_daily_weights_B7_equal_weight_60_40_cash.parquet,aligned_test_daily_weights_B7_equal_weight_60_40_cash.parquet,.parquet,6845,2026-06-24T07:08:37Z,8c4b7a2028b1665f31c16232d48a3119eb251101afc20148536f36c260f61765
outputs/AURORA_TWETF/aligned_oos_reanalysis/run_20260624_070827/weights/aligned_test_daily_weights_B8_constrained_80_20_cash.csv,aligned_test_daily_weights_B8_constrained_80_20_cash.csv,.csv,10880,2026-06-24T07:08:37Z,e98ee9f906413ce9e9c428b811c5784d6ee2cc80c54b2c7766c191cfee5506f0
outputs/AURORA_TWETF/aligned_oos_reanalysis/run_20260624_070827/weights/aligned_test_daily_weights_B8_constrained_80_20_cash.parquet,aligned_test_daily_weights_B8_constrained_80_20_cash.parquet,.parquet,6845,2026-06-24T07:08:37Z,0cadaa69da8947d26932b3f0104100a7afe3fd1e1eb79743e39d3627ea26e31c
outputs/AURORA_TWETF/aligned_oos_reanalysis/run_20260624_070827/weights/aligned_test_daily_weights_B9_momentum_top1_63d.csv,aligned_test_daily_weights_B9_momentum_top1_63d.csv,.csv,9923,2026-06-24T07:08:38Z,c1a31a479154bc93c1bf4f315ffbafe4d0df66ef0c493115ec481da7fbae3a84
outputs/AURORA_TWETF/aligned_oos_reanalysis/run_20260624_070827/weights/aligned_test_daily_weights_B9_momentum_top1_63d.parquet,aligned_test_daily_weights_B9_momentum_top1_63d.parquet,.parquet,6919,2026-06-24T07:08:38Z,1e0fa3d28cc5c79bd9f489c0a6adbc43e8c0b1714e41b9de008830a6acb63fa4
outputs/AURORA_TWETF/aligned_oos_reanalysis/run_20260624_070827/weights/aligned_test_daily_weights_all_policies.csv,aligned_test_daily_weights_all_policies.csv,.csv,601217,2026-06-24T07:08:40Z,2d65952595e779a2e60bcd7be71617213f5ee28a369e7f5ec49b9bd1fa04a376
outputs/AURORA_TWETF/aligned_oos_reanalysis/run_20260624_070827/weights/aligned_test_daily_weights_all_policies.parquet,aligned_test_daily_weights_all_policies.parquet,.parquet,18284,2026-06-24T07:08:40Z,24e5f71a37858f723327b7d7e96edc76a61a227ff14f176dc149f0ebaae6f4ec
outputs/AURORA_TWETF/allocation_stress_tests_and_paper_figures/run_20260624_012818/paper_figures/fig_27_baseline_full_period_sharpe_by_policy.png,fig_27_baseline_full_period_sharpe_by_policy.png,.png,112200,2026-06-24T01:57:46Z,15609b6184ad6763c41c2808eb9769fc6b37def5d4d22894b1f1b95ed2505d7c
outputs/AURORA_TWETF/allocation_stress_tests_and_paper_figures/run_20260624_012818/paper_figures/fig_28_baseline_full_period_total_return_by_policy.png,fig_28_baseline_full_period_total_return_by_policy.png,.png,110411,2026-06-24T01:57:47Z,e91636173b2108900592f0485014905851ab9f7d554483f2eca672f1ae9525ab
outputs/AURORA_TWETF/allocation_stress_tests_and_paper_figures/run_20260624_012818/paper_figures/fig_29_baseline_full_period_max_drawdown_by_policy.png,fig_29_baseline_full_period_max_drawdown_by_policy.png,.png,115321,2026-06-24T01:57:47Z,4cf136631392d1de2fe6ae3fa219c5c59dc712e4b8f1d9649977257e9c83cdb0
outputs/AURORA_TWETF/allocation_stress_tests_and_paper_figures/run_20260624_012818/paper_figures/fig_30_baseline_test_period_sharpe_by_policy.png,fig_30_baseline_test_period_sharpe_by_policy.png,.png,110784,2026-06-24T01:57:47Z,afa2d7eb43747daeb7d953b70330e6abd852db960fce2cb0f517d1774104c348
outputs/AURORA_TWETF/allocation_stress_tests_and_paper_figures/run_20260624_012818/paper_figures/fig_31_active_policy_sharpe_heatmap_full_period.png,fig_31_active_policy_sharpe_heatmap_full_period.png,.png,437121,2026-06-24T01:57:48Z,0f24cc141424c4cab8d2fd0bea81914ee77e053ec93a408af88a06a91d21b576
outputs/AURORA_TWETF/allocation_stress_tests_and_paper_figures/run_20260624_012818/paper_figures/fig_32_active_policy_drawdown_heatmap_full_period.png,fig_32_active_policy_drawdown_heatmap_full_period.png,.png,533749,2026-06-24T01:57:49Z,772c1bb91b2df5a68cb6808858e05d302b3533c87168f5ed7c39c83468cac6cc
outputs/AURORA_TWETF/allocation_stress_tests_and_paper_figures/run_20260624_012818/paper_figures/fig_33_00881_cap_sensitivity_primary_policy.png,fig_33_00881_cap_sensitivity_primary_policy.png,.png,109447,2026-06-24T01:57:50Z,b737a50488413c70ab5bab6b8434df2b9b85dbaaa396bf8ebc70deeef2a6d931
outputs/AURORA_TWETF/allocation_stress_tests_and_paper_figures/run_20260624_012818/paper_figures/fig_34_cash_boost_sensitivity_primary_policy.png,fig_34_cash_boost_sensitivity_primary_policy.png,.png,97367,2026-06-24T01:57:50Z,88511b4f6837d5d6b133e6f73b3623af185fd18650e18b3098b9a8487760ef12
outputs/AURORA_TWETF/allocation_stress_tests_and_paper_figures/run_20260624_012818/paper_figures/fig_35_alpha20d_blend_sensitivity_primary_policy.png,fig_35_alpha20d_blend_sensitivity_primary_policy.png,.png,117197,2026-06-24T01:57:50Z,17e51e31d6364d31cb5c9c398d92dcf80262c9df68d2ec6bf8eb7ca7b9d329a7
outputs/AURORA_TWETF/allocation_stress_tests_and_paper_figures/run_20260624_012818/paper_figures/fig_36_template_sensitivity_primary_policy_sharpe.png,fig_36_template_sensitivity_primary_policy_sharpe.png,.png,77313,2026-06-24T01:57:51Z,94ef347a7f4c31a1711062161f7f3542a44c45a54a718a7430a2b936d9aecdcf
outputs/AURORA_TWETF/allocation_stress_tests_and_paper_figures/run_20260624_012818/paper_figures/fig_37_primary_policy_mean_cash_weight_by_scenario.png,fig_37_primary_policy_mean_cash_weight_by_scenario.png,.png,221578,2026-06-24T01:57:51Z,0e27134f4d9bba40432140235a7a4c16ea42859a7816693cfd94afc459f2fa43
outputs/AURORA_TWETF/allocation_stress_tests_and_paper_figures/run_20260624_012818/paper_figures/fig_38_selected_policy_equity_curves.png,fig_38_selected_policy_equity_curves.png,.png,282218,2026-06-24T01:57:51Z,b1ed26e6cd23c3f5fa1c09e324b9e28b378c074d8e7e7f405db054e68414fa84
outputs/AURORA_TWETF/allocation_stress_tests_and_paper_figures/run_20260624_012818/paper_figures/fig_39_selected_policy_drawdowns.png,fig_39_selected_policy_drawdowns.png,.png,399672,2026-06-24T01:57:52Z,1526a2ff54555f5035315886d55c67f88961b4221d9141a12421e3514c51f74f
outputs/AURORA_TWETF/allocation_stress_tests_and_paper_figures/run_20260624_012818/reports/AURORA_06_stress_tests_file_manifest_SHA256.csv,AURORA_06_stress_tests_file_manifest_SHA256.csv,.csv,7095,2026-06-24T01:57:53Z,81a826722ff15459b5259a5fa32106b5695953662874d70a89e07a3b99f695f5
outputs/AURORA_TWETF/allocation_stress_tests_and_paper_figures/run_20260624_012818/reports/AURORA_06_stress_tests_validation_report.json,AURORA_06_stress_tests_validation_report.json,.json,15233,2026-06-24T01:57:52Z,3bbd4bf3196a5e5c6ae7dcd48873cc4212fc4d5c99177ce3174b6f9aa845d972
outputs/AURORA_TWETF/allocation_stress_tests_and_paper_figures/run_20260624_012818/returns/returns_S00_baseline_quarterly_10bps__P1_validation_selected.parquet,returns_S00_baseline_quarterly_10bps__P1_validation_selected.parquet,.parquet,64425,2026-06-24T01:28:55Z,65ed45066624072e26871353ee5cca3b5178f1d1babfb590572e618670d11ccc
outputs/AURORA_TWETF/allocation_stress_tests_and_paper_figures/run_20260624_012818/returns/returns_S00_baseline_quarterly_10bps__P4_calibrated_linear_60d.parquet,returns_S00_baseline_quarterly_10bps__P4_calibrated_linear_60d.parquet,.parquet,64435,2026-06-24T01:29:18Z,492948b9c5074abc6586945d702b1a23180ae16d1f582062b5f9f79d97c51ac4
outputs/AURORA_TWETF/allocation_stress_tests_and_paper_figures/run_20260624_012818/returns/returns_S00_baseline_quarterly_10bps__P5_notebook04_probability_ensemble.parquet,returns_S00_baseline_quarterly_10bps__P5_notebook04_probability_ensemble.parquet,.parquet,64488,2026-06-24T01:29:26Z,e13fcf9de32d81be3607a8bb01e36e11f34d300ead18e2196cfee4f49ee2b9e4
outputs/AURORA_TWETF/allocation_stress_tests_and_paper_figures/run_20260624_012818/returns/returns_S00_baseline_quarterly_10bps_all_policies.csv,returns_S00_baseline_quarterly_10bps_all_policies.csv,.csv,2594061,2026-06-24T01:29:34Z,cd1ac6510097181033795be5f9f3f6efda4f8fbbb1284d105e651f3f9bbf5222
outputs/AURORA_TWETF/allocation_stress_tests_and_paper_figures/run_20260624_012818/returns/returns_S00_baseline_quarterly_10bps_all_policies.parquet,returns_S00_baseline_quarterly_10bps_all_policies.parquet,.parquet,479324,2026-06-24T01:29:34Z,275dbdca1f98b05ecaa0fd7dfb04fea26eb2ca3a6419125a4e316b328f5501e7
outputs/AURORA_TWETF/allocation_stress_tests_and_paper_figures/run_20260624_012818/returns/returns_S18_less_defensive_combined__P1_validation_selected.parquet,returns_S18_less_defensive_combined__P1_validation_selected.parquet,.parquet,64444,2026-06-24T01:42:39Z,3a2cabde9c826cea315e1a1ce6f913a1b65bb1bfe6400d284520968965ee96aa
outputs/AURORA_TWETF/allocation_stress_tests_and_paper_figures/run_20260624_012818/returns/returns_S18_less_defensive_combined__P4_calibrated_linear_60d.parquet,returns_S18_less_defensive_combined__P4_calibrated_linear_60d.parquet,.parquet,64454,2026-06-24T01:43:02Z,73de6ab174be544e9bfa01a08cf740d59aebefeaf6772bc873e84bc072c4eb6b
outputs/AURORA_TWETF/allocation_stress_tests_and_paper_figures/run_20260624_012818/returns/returns_S18_less_defensive_combined__P5_notebook04_probability_ensemble.parquet,returns_S18_less_defensive_combined__P5_notebook04_probability_ensemble.parquet,.parquet,64498,2026-06-24T01:43:09Z,073398000eb92ce534e4fc4e3187e2ef48b741eadb538c505912e09008a6f1b0
outputs/AURORA_TWETF/allocation_stress_tests_and_paper_figures/run_20260624_012818/returns/returns_S18_less_defensive_combined_all_policies.csv,returns_S18_less_defensive_combined_all_policies.csv,.csv,2569654,2026-06-24T01:43:17Z,7d47c1f6639e3039899fd8c181d6ada045e0c301a848e85d034d7feb10e27746
outputs/AURORA_TWETF/allocation_stress_tests_and_paper_figures/run_20260624_012818/returns/returns_S18_less_defensive_combined_all_policies.parquet,returns_S18_less_defensive_combined_all_policies.parquet,.parquet,479345,2026-06-24T01:43:17Z,6a583d5992f6ac1b284beeb591f5708657ddb5c612931dcdfb4b6eccd6472c30
outputs/AURORA_TWETF/allocation_stress_tests_and_paper_figures/run_20260624_012818/tables/best_active_policy_by_scenario_full.csv,best_active_policy_by_scenario_full.csv,.csv,10363,2026-06-24T01:57:46Z,25100e263385fde2b1819e1be78e826f955e27961da5af0b0734b5f8ffca0c05
outputs/AURORA_TWETF/allocation_stress_tests_and_paper_figures/run_20260624_012818/tables/best_active_policy_by_scenario_test.csv,best_active_policy_by_scenario_test.csv,.csv,10266,2026-06-24T01:57:46Z,8507ecc624a53b7b11fe91574036f03d93e426105fa8e53d0b42f245677be3dd
outputs/AURORA_TWETF/allocation_stress_tests_and_paper_figures/run_20260624_012818/tables/paper_table_baseline_allocation_results.csv,paper_table_baseline_allocation_results.csv,.csv,1886,2026-06-24T01:57:52Z,2104a1d0088bcae5cee4b8b4ebcf2fd69db1d95753efa91009b0bc0d97910abf
outputs/AURORA_TWETF/allocation_stress_tests_and_paper_figures/run_20260624_012818/tables/paper_table_best_active_policy_by_scenario.csv,paper_table_best_active_policy_by_scenario.csv,.csv,3379,2026-06-24T01:57:52Z,a4c8c74c8f861dec0dfe76831a62fd3b8e3c8a7a49408ba6053f469cc0d1726a
outputs/AURORA_TWETF/allocation_stress_tests_and_paper_figures/run_20260624_012818/tables/paper_table_primary_policy_stress_tests.csv,paper_table_primary_policy_stress_tests.csv,.csv,4431,2026-06-24T01:57:52Z,b3f49032bdcf712623900902b24f391d8f91e8395551f0605995c6324c6ab7b1
outputs/AURORA_TWETF/allocation_stress_tests_and_paper_figures/run_20260624_012818/tables/paper_table_primary_vs_b1.csv,paper_table_primary_vs_b1.csv,.csv,4515,2026-06-24T01:57:52Z,05810a4d6c9d763cb19e62f98d81e7fe454e2eb5a68a250b8a8ef0eb5fca04bf
outputs/AURORA_TWETF/allocation_stress_tests_and_paper_figures/run_20260624_012818/tables/primary_policy_vs_b1_by_scenario.csv,primary_policy_vs_b1_by_scenario.csv,.csv,4515,2026-06-24T01:57:46Z,05810a4d6c9d763cb19e62f98d81e7fe454e2eb5a68a250b8a8ef0eb5fca04bf
outputs/AURORA_TWETF/allocation_stress_tests_and_paper_figures/run_20260624_012818/tables/stress_test_feature_weight_summary.csv,stress_test_feature_weight_summary.csv,.csv,36712,2026-06-24T01:43:17Z,a46bfdf58f949b1a5e9378a84f3b2e6e09c1e961259eee19424e752bcecfb77b
outputs/AURORA_TWETF/allocation_stress_tests_and_paper_figures/run_20260624_012818/tables/stress_test_metrics_all.csv,stress_test_metrics_all.csv,.csv,80077,2026-06-24T01:43:17Z,0eda00b1039be7fb3b0535528b36483cb98105b58d8577bb8828e4db8b72ee7c
outputs/AURORA_TWETF/allocation_stress_tests_and_paper_figures/run_20260624_012818/tables/stress_test_metrics_all.parquet,stress_test_metrics_all.parquet,.parquet,33755,2026-06-24T01:43:17Z,c0c9eb387bd8646041b05dfd721b035a485de6a97712ce5ff282195af94bbd05
outputs/AURORA_TWETF/allocation_stress_tests_and_paper_figures/run_20260624_012818/tables/stress_test_metrics_test_only.csv,stress_test_metrics_test_only.csv,.csv,80374,2026-06-24T01:57:46Z,328e289994a20c08819e2b86a3c8c0da0950e44ff9d381770388faa9a41c1ffa
outputs/AURORA_TWETF/allocation_stress_tests_and_paper_figures/run_20260624_012818/tables/stress_test_metrics_test_only.parquet,stress_test_metrics_test_only.parquet,.parquet,33048,2026-06-24T01:57:46Z,0e2be36e1b8d40a0dc0a475e10d573255c92e2abceb508934d0d4aba6d66ba1d
outputs/AURORA_TWETF/allocation_stress_tests_and_paper_figures/run_20260624_012818/tables/stress_test_policy_components.csv,stress_test_policy_components.csv,.csv,30203,2026-06-24T01:43:17Z,01d8cd7c38644f502d958da6f4b5ec193d0bd90b49c9343aa028696ecb7f811c
outputs/AURORA_TWETF/allocation_stress_tests_and_paper_figures/run_20260624_012818/tables/stress_test_rankings_full_period.csv,stress_test_rankings_full_period.csv,.csv,87688,2026-06-24T01:57:46Z,1d9efe628466a1a0c01d14ef6d16296ddb984191cf30935eab2b552a58a1aa8a
outputs/AURORA_TWETF/allocation_stress_tests_and_paper_figures/run_20260624_012818/tables/stress_test_rankings_test_only.csv,stress_test_rankings_test_only.csv,.csv,85915,2026-06-24T01:57:46Z,c878c4feb7f94ce3fdd482a5aa8fd92678c7b6f25aaea3c924c845c9a13bf164
outputs/AURORA_TWETF/allocation_stress_tests_and_paper_figures/run_20260624_012818/tables/underperformance_diagnosis.csv,underperformance_diagnosis.csv,.csv,848,2026-06-24T01:57:52Z,7b170c5b633f1fbddfa1cc27dd448607ccc6c323100ee3eedd09ef6c15412efc
outputs/AURORA_TWETF/allocation_stress_tests_and_paper_figures/run_20260624_012818/weights/weights_S00_baseline_quarterly_10bps__P1_validation_selected.parquet,weights_S00_baseline_quarterly_10bps__P1_validation_selected.parquet,.parquet,16320,2026-06-24T01:28:55Z,d7af33eed52fccaa0e1a57d2d2fa13874a6a34141f471a01e27f1d456df290e5
outputs/AURORA_TWETF/allocation_stress_tests_and_paper_figures/run_20260624_012818/weights/weights_S00_baseline_quarterly_10bps__P4_calibrated_linear_60d.parquet,weights_S00_baseline_quarterly_10bps__P4_calibrated_linear_60d.parquet,.parquet,16320,2026-06-24T01:29:18Z,5cbd41b25c3f29edc21c875351cc9bf6f5b0c2ca3422ce41c5896180523d7174
outputs/AURORA_TWETF/allocation_stress_tests_and_paper_figures/run_20260624_012818/weights/weights_S00_baseline_quarterly_10bps__P5_notebook04_probability_ensemble.parquet,weights_S00_baseline_quarterly_10bps__P5_notebook04_probability_ensemble.parquet,.parquet,16320,2026-06-24T01:29:26Z,1002587bcb0d0b8706f77454eb6ccb823ea349a9d1590c35aeb466401faac56e
outputs/AURORA_TWETF/allocation_stress_tests_and_paper_figures/run_20260624_012818/weights/weights_S18_less_defensive_combined__P1_validation_selected.parquet,weights_S18_less_defensive_combined__P1_validation_selected.parquet,.parquet,16320,2026-06-24T01:42:39Z,9f34eeb0d7321c294f885a4f24ba586306324ecf11b5eee4706fc115b8ac41b0
outputs/AURORA_TWETF/allocation_stress_tests_and_paper_figures/run_20260624_012818/weights/weights_S18_less_defensive_combined__P4_calibrated_linear_60d.parquet,weights_S18_less_defensive_combined__P4_calibrated_linear_60d.parquet,.parquet,16320,2026-06-24T01:43:02Z,1390c5761afa1ef7e298d96dd960339f5e180713a78d5c7260e8f22600073874
outputs/AURORA_TWETF/allocation_stress_tests_and_paper_figures/run_20260624_012818/weights/weights_S18_less_defensive_combined__P5_notebook04_probability_ensemble.parquet,weights_S18_less_defensive_combined__P5_notebook04_probability_ensemble.parquet,.parquet,16320,2026-06-24T01:43:09Z,bc8a7b12d74513a38fff0c395e4d916bc45924eb4c43c1b7f93eaf41c2c635a1
outputs/AURORA_TWETF/aurora_component_ablation/run_20260711_150104/diagnostics/all_ablation_diagnostics.csv,all_ablation_diagnostics.csv,.csv,498489,2026-07-11T15:01:36Z,e2ff62b869cad6f1dcc09c5a333eb3697a5b17a469c6fad33b49d24840b3e1e1
outputs/AURORA_TWETF/aurora_component_ablation/run_20260711_150104/diagnostics/all_ablation_diagnostics.parquet,all_ablation_diagnostics.parquet,.parquet,54060,2026-07-11T15:01:36Z,021333b7fbc162e7b59549132d769743ac1b029d7f0bab5c099fe966d1694d3e
outputs/AURORA_TWETF/aurora_component_ablation/run_20260711_150104/diagnostics/diagnostics_ABL_FIXED_RISK_AVERSION.csv,diagnostics_ABL_FIXED_RISK_AVERSION.csv,.csv,52726,2026-07-11T15:01:18Z,382aeed056979cd83d55f843934d91a9772c5f439268c35e1b0ba10f754512b0
outputs/AURORA_TWETF/aurora_component_ablation/run_20260711_150104/diagnostics/diagnostics_ABL_FIXED_RISK_AVERSION.parquet,diagnostics_ABL_FIXED_RISK_AVERSION.parquet,.parquet,27144,2026-07-11T15:01:18Z,e1193d7fb3a17a02df5b71e0b2a4dba79e9944881b70f1de3c005302ee2f8a0f
outputs/AURORA_TWETF/aurora_component_ablation/run_20260711_150104/diagnostics/diagnostics_ABL_FULL_AURORA10_UAMV_B.csv,diagnostics_ABL_FULL_AURORA10_UAMV_B.csv,.csv,57267,2026-07-11T15:01:14Z,a26c4ee95e54997dc35a4888bfbc7e6d046b349d350dd61710e22f54e9c34224
outputs/AURORA_TWETF/aurora_component_ablation/run_20260711_150104/diagnostics/diagnostics_ABL_FULL_AURORA10_UAMV_B.parquet,diagnostics_ABL_FULL_AURORA10_UAMV_B.parquet,.parquet,30064,2026-07-11T15:01:14Z,7d215fb429ccf1f339ff8a0ae2fd16707b36a470189234c6271b5fb3e3ae399e
outputs/AURORA_TWETF/aurora_component_ablation/run_20260711_150104/diagnostics/diagnostics_ABL_NO_00881_SPECIAL_CAP.csv,diagnostics_ABL_NO_00881_SPECIAL_CAP.csv,.csv,57267,2026-07-11T15:01:36Z,8a00a13a79ceaffb36687040370a8ca0feff643f1d60693f4ccf706696da3516
outputs/AURORA_TWETF/aurora_component_ablation/run_20260711_150104/diagnostics/diagnostics_ABL_NO_00881_SPECIAL_CAP.parquet,diagnostics_ABL_NO_00881_SPECIAL_CAP.parquet,.parquet,30064,2026-07-11T15:01:36Z,e740cc7f63ab1fcdfc8bd94097ab5ce47d635069aca78288cdb918a4de1074b5
outputs/AURORA_TWETF/aurora_component_ablation/run_20260711_150104/diagnostics/diagnostics_ABL_NO_BEARISH_TERM.csv,diagnostics_ABL_NO_BEARISH_TERM.csv,.csv,55753,2026-07-11T15:01:25Z,c767ce60d41365a185bbc170454ae7736922567acab99e9391cdf5d31cfdb115
outputs/AURORA_TWETF/aurora_component_ablation/run_20260711_150104/diagnostics/diagnostics_ABL_NO_BEARISH_TERM.parquet,diagnostics_ABL_NO_BEARISH_TERM.parquet,.parquet,30039,2026-07-11T15:01:25Z,8835bc2c05156dee651e505ea45a8a00b6f7958325fcc85eb6fd53e8751a162b
outputs/AURORA_TWETF/aurora_component_ablation/run_20260711_150104/diagnostics/diagnostics_ABL_NO_CASH.csv,diagnostics_ABL_NO_CASH.csv,.csv,53120,2026-07-11T15:01:28Z,3af03e30a48dff91ee6c586c9f80d9ce0bedd78dbb6d209fb698cf35ba4735a7
outputs/AURORA_TWETF/aurora_component_ablation/run_20260711_150104/diagnostics/diagnostics_ABL_NO_CASH.parquet,diagnostics_ABL_NO_CASH.parquet,.parquet,29999,2026-07-11T15:01:28Z,8c5d587d601e758a40d69f2a86f803e48e7ea9b6a8d875eb1feeaa0f68f6be22
outputs/AURORA_TWETF/aurora_component_ablation/run_20260711_150104/diagnostics/diagnostics_ABL_NO_ENTROPY_TERM.csv,diagnostics_ABL_NO_ENTROPY_TERM.csv,.csv,55853,2026-07-11T15:01:21Z,5fc963314cde8895f85be5311a527ab368f543f527170572bed61e5ae36c0e26
outputs/AURORA_TWETF/aurora_component_ablation/run_20260711_150104/diagnostics/diagnostics_ABL_NO_ENTROPY_TERM.parquet,diagnostics_ABL_NO_ENTROPY_TERM.parquet,.parquet,30039,2026-07-11T15:01:21Z,5687efd1643876c2300c20f4d4daaddad2f433d4b517818aa15e968a2b61209f
outputs/AURORA_TWETF/aurora_component_ablation/run_20260711_150104/diagnostics/diagnostics_ABL_NO_TURNOVER_PENALTY.csv,diagnostics_ABL_NO_TURNOVER_PENALTY.csv,.csv,56948,2026-07-11T15:01:33Z,c2de96c24b98a98672ec63d358a2d7582a1efffe7ff727ed224c0e278ae51dd2
outputs/AURORA_TWETF/aurora_component_ablation/run_20260711_150104/diagnostics/diagnostics_ABL_NO_TURNOVER_PENALTY.parquet,diagnostics_ABL_NO_TURNOVER_PENALTY.parquet,.parquet,30059,2026-07-11T15:01:33Z,bf205426ce706e65d07cb4e1be35a208f2dbe6f9dfcc235078f258b009fa126c
outputs/AURORA_TWETF/aurora_component_ablation/run_20260711_150104/reports/AURORA_10B_component_ablation_validation_report.json,AURORA_10B_component_ablation_validation_report.json,.json,7344,2026-07-11T15:01:37Z,ab815e6aaac4b1f43b904e573baad11eae2f11f1ffeed73ba86644ab37707709
outputs/AURORA_TWETF/aurora_component_ablation/run_20260711_150104/returns/all_ablation_returns.csv,all_ablation_returns.csv,.csv,398195,2026-07-11T15:01:36Z,961e02761fc2aaf16153be3052fe00b3e71edfc0652dcd9b31d70dcde5b1a53b
outputs/AURORA_TWETF/aurora_component_ablation/run_20260711_150104/returns/all_ablation_returns.parquet,all_ablation_returns.parquet,.parquet,86305,2026-07-11T15:01:36Z,e51c4b8410cebe773fd3f98c1b99d5038a16bb5d801696616fdffd96c1236ea3
outputs/AURORA_TWETF/aurora_component_ablation/run_20260711_150104/returns/returns_ABL_FIXED_RISK_AVERSION.csv,returns_ABL_FIXED_RISK_AVERSION.csv,.csv,45008,2026-07-11T15:01:18Z,313127dee88fc641a4687bc682d848e983b3a18d9c5fc5b1e60edc5c24022c2c
outputs/AURORA_TWETF/aurora_component_ablation/run_20260711_150104/returns/returns_ABL_FIXED_RISK_AVERSION.parquet,returns_ABL_FIXED_RISK_AVERSION.parquet,.parquet,20568,2026-07-11T15:01:18Z,333411a7dc8cf53ee6661ceb29774390a0eedcd77bc4ffc07e06e4c3620526ac
outputs/AURORA_TWETF/aurora_component_ablation/run_20260711_150104/returns/returns_ABL_FULL_AURORA10_UAMV_B.csv,returns_ABL_FULL_AURORA10_UAMV_B.csv,.csv,45200,2026-07-11T15:01:14Z,4fb29751581c9ef42bc0bd3f06e6ae860415ef330965b31489a979aa90d2060f
outputs/AURORA_TWETF/aurora_component_ablation/run_20260711_150104/returns/returns_ABL_FULL_AURORA10_UAMV_B.parquet,returns_ABL_FULL_AURORA10_UAMV_B.parquet,.parquet,20427,2026-07-11T15:01:14Z,fff711f64d43b43ff92a22f0e6aefc0593615fbbb26b87245ad8a91b993c5a32
outputs/AURORA_TWETF/aurora_component_ablation/run_20260711_150104/returns/returns_ABL_NO_00881_SPECIAL_CAP.csv,returns_ABL_NO_00881_SPECIAL_CAP.csv,.csv,45200,2026-07-11T15:01:36Z,102b02c9c014602e6f6bef73cb5bfecd51e3585fc53de625a402114eb2d71e3b
outputs/AURORA_TWETF/aurora_component_ablation/run_20260711_150104/returns/returns_ABL_NO_00881_SPECIAL_CAP.parquet,returns_ABL_NO_00881_SPECIAL_CAP.parquet,.parquet,20427,2026-07-11T15:01:36Z,eee9df3fb29bf80b26984418876ff63a64ca592e2e456cf123af11e033289355
outputs/AURORA_TWETF/aurora_component_ablation/run_20260711_150104/returns/returns_ABL_NO_BEARISH_TERM.csv,returns_ABL_NO_BEARISH_TERM.csv,.csv,43654,2026-07-11T15:01:25Z,d0def89dd9813f5a668deff403c899d642c34b2e7e919c2188c43439c39ec7a6
outputs/AURORA_TWETF/aurora_component_ablation/run_20260711_150104/returns/returns_ABL_NO_BEARISH_TERM.parquet,returns_ABL_NO_BEARISH_TERM.parquet,.parquet,20410,2026-07-11T15:01:25Z,306372fe63110f97aaa9bfebe7710e31ffb005123781e06896788f5368586042
outputs/AURORA_TWETF/aurora_component_ablation/run_20260711_150104/returns/returns_ABL_NO_CASH.csv,returns_ABL_NO_CASH.csv,.csv,40773,2026-07-11T15:01:28Z,942d16e3bae4350f85cc947f2f9b73c438a0e9a5e02970ea1b657d70f328c964
outputs/AURORA_TWETF/aurora_component_ablation/run_20260711_150104/returns/returns_ABL_NO_CASH.parquet,returns_ABL_NO_CASH.parquet,.parquet,20381,2026-07-11T15:01:28Z,40be51ec27211d10ec21d029e7e0b92502de611775242d7c987e9818b9259172
outputs/AURORA_TWETF/aurora_component_ablation/run_20260711_150104/returns/returns_ABL_NO_ENTROPY_TERM.csv,returns_ABL_NO_ENTROPY_TERM.csv,.csv,43740,2026-07-11T15:01:21Z,622400f3af01d76203151eb0cfefff8d168018e1c709d80086152037c6d6112c
outputs/AURORA_TWETF/aurora_component_ablation/run_20260711_150104/returns/returns_ABL_NO_ENTROPY_TERM.parquet,returns_ABL_NO_ENTROPY_TERM.parquet,.parquet,20528,2026-07-11T15:01:21Z,17691565433eca9f023cd27df493e2f7107d67a5f56c1303aad1a7fdeb26550c
outputs/AURORA_TWETF/aurora_component_ablation/run_20260711_150104/returns/returns_ABL_NO_TURNOVER_PENALTY.csv,returns_ABL_NO_TURNOVER_PENALTY.csv,.csv,44920,2026-07-11T15:01:33Z,fc9e50266f16cd1f7efe1a53ed53f9d5cd91998db39f75e38b8274d526ddf424
outputs/AURORA_TWETF/aurora_component_ablation/run_20260711_150104/returns/returns_ABL_NO_TURNOVER_PENALTY.parquet,returns_ABL_NO_TURNOVER_PENALTY.parquet,.parquet,20423,2026-07-11T15:01:33Z,a25a37ce486ad39220df4ddb05fc3195b86c9f3fcb6ac2efba5ce198d6a06207
outputs/AURORA_TWETF/aurora_component_ablation/run_20260711_150104/tables/table_S22_aurora_component_ablation_results.csv,table_S22_aurora_component_ablation_results.csv,.csv,3755,2026-07-11T15:01:36Z,2fdf961438100d87152b29a05d126193fb235575202c7776489f405bb13660f4
outputs/AURORA_TWETF/aurora_component_ablation/run_20260711_150104/tables/table_S23_cash_turnover_diagnostics_ablation.csv,table_S23_cash_turnover_diagnostics_ablation.csv,.csv,2249,2026-07-11T15:01:36Z,5513caabb741e650dabde79207c5cf85cb7f4ad4b0f8a471da56e98146a1dc54
outputs/AURORA_TWETF/aurora_component_ablation/run_20260711_150104/weights/all_ablation_weights.csv,all_ablation_weights.csv,.csv,370070,2026-07-11T15:01:36Z,61483cd96028aefd8067660faf3f94b6eb95402b0ee044914831088d604988df
outputs/AURORA_TWETF/aurora_component_ablation/run_20260711_150104/weights/all_ablation_weights.parquet,all_ablation_weights.parquet,.parquet,15758,2026-07-11T15:01:36Z,d03a8dcafc710b1f415275aee1c779c69c28e3755ad52b712069d0961bbee3d7
outputs/AURORA_TWETF/aurora_component_ablation/run_20260711_150104/weights/weights_ABL_FIXED_RISK_AVERSION.csv,weights_ABL_FIXED_RISK_AVERSION.csv,.csv,33139,2026-07-11T15:01:18Z,89c3eb34a70836ed6c11458f402632c84d59d7e75f7131dc1ceec2eb78952cf5
outputs/AURORA_TWETF/aurora_component_ablation/run_20260711_150104/weights/weights_ABL_FIXED_RISK_AVERSION.parquet,weights_ABL_FIXED_RISK_AVERSION.parquet,.parquet,7640,2026-07-11T15:01:18Z,9862baef5c33b3a7cbfb8bc1332d1db235d3a30e46897b9fe20747cfb753f785
outputs/AURORA_TWETF/aurora_component_ablation/run_20260711_150104/weights/weights_ABL_FULL_AURORA10_UAMV_B.csv,weights_ABL_FULL_AURORA10_UAMV_B.csv,.csv,30076,2026-07-11T15:01:14Z,fac0570f911a342f78a2f4f1c28ba46a215ebb9a03417421596764223500924c
outputs/AURORA_TWETF/aurora_component_ablation/run_20260711_150104/weights/weights_ABL_FULL_AURORA10_UAMV_B.parquet,weights_ABL_FULL_AURORA10_UAMV_B.parquet,.parquet,7527,2026-07-11T15:01:14Z,acc20c53bb9cec48d0d507cabffb030831be91550956348631052b87ab4f1b49
outputs/AURORA_TWETF/aurora_component_ablation/run_20260711_150104/weights/weights_ABL_NO_00881_SPECIAL_CAP.csv,weights_ABL_NO_00881_SPECIAL_CAP.csv,.csv,30076,2026-07-11T15:01:36Z,fac0570f911a342f78a2f4f1c28ba46a215ebb9a03417421596764223500924c
outputs/AURORA_TWETF/aurora_component_ablation/run_20260711_150104/weights/weights_ABL_NO_00881_SPECIAL_CAP.parquet,weights_ABL_NO_00881_SPECIAL_CAP.parquet,.parquet,7527,2026-07-11T15:01:36Z,acc20c53bb9cec48d0d507cabffb030831be91550956348631052b87ab4f1b49
outputs/AURORA_TWETF/aurora_component_ablation/run_20260711_150104/weights/weights_ABL_NO_BEARISH_TERM.csv,weights_ABL_NO_BEARISH_TERM.csv,.csv,30233,2026-07-11T15:01:25Z,596bd567b73ed2f146e0a34163cfa30886bd31948134e0450b46c0314008c17c
outputs/AURORA_TWETF/aurora_component_ablation/run_20260711_150104/weights/weights_ABL_NO_BEARISH_TERM.parquet,weights_ABL_NO_BEARISH_TERM.parquet,.parquet,7524,2026-07-11T15:01:25Z,5b50a7b4df0965f517ca785e1ad441c95c422d940a5301d32e6094fb87532c12
outputs/AURORA_TWETF/aurora_component_ablation/run_20260711_150104/weights/weights_ABL_NO_CASH.csv,weights_ABL_NO_CASH.csv,.csv,28365,2026-07-11T15:01:28Z,d416e717363fc06fb24593c3b54b5f81cb5a848a6a54b263f5a8ba840cc75c38
outputs/AURORA_TWETF/aurora_component_ablation/run_20260711_150104/weights/weights_ABL_NO_CASH.parquet,weights_ABL_NO_CASH.parquet,.parquet,7473,2026-07-11T15:01:28Z,dcc8c198cc6c2a7cc2d2eea469ef4a27e424ff53cd6b4a7c785e8f0088e1f527
outputs/AURORA_TWETF/aurora_component_ablation/run_20260711_150104/weights/weights_ABL_NO_ENTROPY_TERM.csv,weights_ABL_NO_ENTROPY_TERM.csv,.csv,32066,2026-07-11T15:01:21Z,c76c3c57a05ecb69e658037f641ca84dfa4931a5d6e251c85d450675570db69d
outputs/AURORA_TWETF/aurora_component_ablation/run_20260711_150104/weights/weights_ABL_NO_ENTROPY_TERM.parquet,weights_ABL_NO_ENTROPY_TERM.parquet,.parquet,7602,2026-07-11T15:01:21Z,6a78d561f338c2c3777f5a8202ce47c505adb6a76fd3cc8c33f030d6f1ffc35f
outputs/AURORA_TWETF/aurora_component_ablation/run_20260711_150104/weights/weights_ABL_NO_TURNOVER_PENALTY.csv,weights_ABL_NO_TURNOVER_PENALTY.csv,.csv,28054,2026-07-11T15:01:33Z,40b485ba2d32a827d8abff91b28ba3ee0c2202ea85094009d8ac962d22d95e18
outputs/AURORA_TWETF/aurora_component_ablation/run_20260711_150104/weights/weights_ABL_NO_TURNOVER_PENALTY.parquet,weights_ABL_NO_TURNOVER_PENALTY.parquet,.parquet,7466,2026-07-11T15:01:33Z,bbd1c07cb8faedb7149efd6e2a31e0113e2522d2925f95fa3bbaf36355079f38
outputs/AURORA_TWETF/aurora_defensive_controls_cash_cap_sensitivity/run_20260714_161927/diagnostics/all_notebook17_optimizer_diagnostics.csv,all_notebook17_optimizer_diagnostics.csv,.csv,539731,2026-07-14T16:22:33Z,c7da4a46bf0474e729a7e7b6ab3091df4d2f7f99e72a3fb8f7cfde0d9dd2784b
outputs/AURORA_TWETF/aurora_defensive_controls_cash_cap_sensitivity/run_20260714_161927/diagnostics/all_notebook17_optimizer_diagnostics.parquet,all_notebook17_optimizer_diagnostics.parquet,.parquet,52559,2026-07-14T16:22:33Z,501b34fa415e4a3df4226326c6ee47ec6c9cf67792edab839292e8b128f632d1
outputs/AURORA_TWETF/aurora_defensive_controls_cash_cap_sensitivity/run_20260714_161927/diagnostics/all_notebook17_probability_features.csv,all_notebook17_probability_features.csv,.csv,867232,2026-07-14T16:22:33Z,2c99bb3cfc5309687a8bd110b8a6a542ac1f5c18ec4639959ae2d94b98655437
outputs/AURORA_TWETF/aurora_defensive_controls_cash_cap_sensitivity/run_20260714_161927/diagnostics/all_notebook17_probability_features.parquet,all_notebook17_probability_features.parquet,.parquet,117946,2026-07-14T16:22:33Z,c3d044be5927fc561655417cc7ea777d16f49906b87032e122114ad7e3cc03c5
outputs/AURORA_TWETF/aurora_defensive_controls_cash_cap_sensitivity/run_20260714_161927/plots/notebook17_defensive_control_cumulative_wealth.png,notebook17_defensive_control_cumulative_wealth.png,.png,551191,2026-07-14T16:22:35Z,93e5a5d13ed0a931f512151cb0888710d3ef4c74a8715dd4f3cf0052cbbffbb7
outputs/AURORA_TWETF/aurora_defensive_controls_cash_cap_sensitivity/run_20260714_161927/plots/notebook17_defensive_control_drawdowns.png,notebook17_defensive_control_drawdowns.png,.png,620749,2026-07-14T16:22:36Z,1be60491d20adc605b5c10991467e24e095c6ef695b99fec51783655b86c36ab
outputs/AURORA_TWETF/aurora_defensive_controls_cash_cap_sensitivity/run_20260714_161927/plots/notebook17_defensive_control_max_drawdown_bar.png,notebook17_defensive_control_max_drawdown_bar.png,.png,249365,2026-07-14T16:22:34Z,009f51ee2087fe7152098f89d6963c4050d2c17871168666dece24d0e5ccc5f6
outputs/AURORA_TWETF/aurora_defensive_controls_cash_cap_sensitivity/run_20260714_161927/plots/notebook17_defensive_control_sharpe_bar.png,notebook17_defensive_control_sharpe_bar.png,.png,242705,2026-07-14T16:22:34Z,9a656c7e4c13abbef46d5e348818cd0cbfb53d3c9f0eede3ac40c945c6a0cf48
outputs/AURORA_TWETF/aurora_defensive_controls_cash_cap_sensitivity/run_20260714_161927/reports/NOTEBOOK17_defensive_control_validation_report.json,NOTEBOOK17_defensive_control_validation_report.json,.json,5015,2026-07-14T16:22:36Z,e0cb39f2e5cb831b0be10568ba496804cdb62d8f937bfcbf4df1cfd680d9b400
outputs/AURORA_TWETF/aurora_defensive_controls_cash_cap_sensitivity/run_20260714_161927/reports/NOTEBOOK17_file_manifest_SHA256.csv,NOTEBOOK17_file_manifest_SHA256.csv,.csv,9960,2026-07-14T16:22:36Z,8e1221baec7f533baf07628fbc1a6598d510895aa6022cf97dcf6d57f89daa0a
outputs/AURORA_TWETF/aurora_defensive_controls_cash_cap_sensitivity/run_20260714_161927/returns/all_notebook17_defensive_control_returns.csv,all_notebook17_defensive_control_returns.csv,.csv,729513,2026-07-14T16:22:33Z,c99cceacd3d1daaec58113729600acd0df995e4d2f1babcc68c9cb6e10ef192f
outputs/AURORA_TWETF/aurora_defensive_controls_cash_cap_sensitivity/run_20260714_161927/returns/all_notebook17_defensive_control_returns.parquet,all_notebook17_defensive_control_returns.parquet,.parquet,154570,2026-07-14T16:22:33Z,26cdf6017b02f42f028f9b126979a4f5a8a4ca6ab0796e161ba4b9340299c64f
outputs/AURORA_TWETF/aurora_defensive_controls_cash_cap_sensitivity/run_20260714_161927/returns/returns_AURORA17_CASH_CAP_20.csv,returns_AURORA17_CASH_CAP_20.csv,.csv,40811,2026-07-14T16:19:35Z,9cb9398d219f5945558e07f4810d7ec1a5a3dd28e9e44cbce262b3911bce43ce
outputs/AURORA_TWETF/aurora_defensive_controls_cash_cap_sensitivity/run_20260714_161927/returns/returns_AURORA17_CASH_CAP_20.parquet,returns_AURORA17_CASH_CAP_20.parquet,.parquet,20370,2026-07-14T16:19:35Z,cf1ae72046e6fca24272933fa372854342bfee8eed1d0ab2d5a86d0fee9f734b
outputs/AURORA_TWETF/aurora_defensive_controls_cash_cap_sensitivity/run_20260714_161927/returns/returns_AURORA17_CASH_CAP_40.csv,returns_AURORA17_CASH_CAP_40.csv,.csv,40933,2026-07-14T16:19:38Z,25294bcde5008c9d67989fa24a926859898290b9f84bf6b1515c420c579936a8
outputs/AURORA_TWETF/aurora_defensive_controls_cash_cap_sensitivity/run_20260714_161927/returns/returns_AURORA17_CASH_CAP_40.parquet,returns_AURORA17_CASH_CAP_40.parquet,.parquet,20370,2026-07-14T16:19:38Z,62845a2bbc23e15fc04240f64fe30703e860c7b9de4e2d1f5e43cee64ac91206
outputs/AURORA_TWETF/aurora_defensive_controls_cash_cap_sensitivity/run_20260714_161927/returns/returns_AURORA17_CASH_CAP_60.csv,returns_AURORA17_CASH_CAP_60.csv,.csv,41053,2026-07-14T16:19:42Z,bb8ef641cc48de7e8f439b8385dd2ba64334e86d7a3ba56bdb5c0d40d1542577
outputs/AURORA_TWETF/aurora_defensive_controls_cash_cap_sensitivity/run_20260714_161927/returns/returns_AURORA17_CASH_CAP_60.parquet,returns_AURORA17_CASH_CAP_60.parquet,.parquet,20362,2026-07-14T16:19:42Z,13067454d3b7139c4c2aa1e0c3532e8c59df9a483ac27b1501e3edf92c0c8806
outputs/AURORA_TWETF/aurora_defensive_controls_cash_cap_sensitivity/run_20260714_161927/returns/returns_AURORA17_CASH_CAP_80.csv,returns_AURORA17_CASH_CAP_80.csv,.csv,41335,2026-07-14T16:19:45Z,0356bfc594908d24d30633171a0bd8ed2e2074fc7b12c340d69bf46c1d4e5e80
outputs/AURORA_TWETF/aurora_defensive_controls_cash_cap_sensitivity/run_20260714_161927/returns/returns_AURORA17_CASH_CAP_80.parquet,returns_AURORA17_CASH_CAP_80.parquet,.parquet,20459,2026-07-14T16:19:45Z,c8377ba8b152ff628872e187ec19f1949cc6e6f578fee2bae04811c649bcd94e
outputs/AURORA_TWETF/aurora_defensive_controls_cash_cap_sensitivity/run_20260714_161927/returns/returns_AURORA17_CLASS_PRIOR_PROBABILITY.csv,returns_AURORA17_CLASS_PRIOR_PROBABILITY.csv,.csv,44850,2026-07-14T16:19:52Z,e42668a2a39eddbe7844291f40782b449a86fc0d9cc997af5b9222cf3950ffd7
outputs/AURORA_TWETF/aurora_defensive_controls_cash_cap_sensitivity/run_20260714_161927/returns/returns_AURORA17_CLASS_PRIOR_PROBABILITY.parquet,returns_AURORA17_CLASS_PRIOR_PROBABILITY.parquet,.parquet,20422,2026-07-14T16:19:52Z,1b208a1b6208f4ff8ab5210cf1117e75c6e4a37349f12052a6b4f4fd2a9f8575
outputs/AURORA_TWETF/aurora_defensive_controls_cash_cap_sensitivity/run_20260714_161927/returns/returns_AURORA17_NO_PROBABILITY_MEAN_VARIANCE.csv,returns_AURORA17_NO_PROBABILITY_MEAN_VARIANCE.csv,.csv,46610,2026-07-14T16:19:56Z,dedf1abc18ebaad6bfb0a99fd21a7cba5d6b738691f652a02c1d624ed05f001b
outputs/AURORA_TWETF/aurora_defensive_controls_cash_cap_sensitivity/run_20260714_161927/returns/returns_AURORA17_NO_PROBABILITY_MEAN_VARIANCE.parquet,returns_AURORA17_NO_PROBABILITY_MEAN_VARIANCE.parquet,.parquet,20593,2026-07-14T16:19:56Z,e64458892b9e6cb966de4fe131f0141868bcb66c4ae4548fa4ffce5188a63261
outputs/AURORA_TWETF/aurora_defensive_controls_cash_cap_sensitivity/run_20260714_161927/returns/returns_AURORA17_UNIFORM_PROBABILITY.csv,returns_AURORA17_UNIFORM_PROBABILITY.csv,.csv,43600,2026-07-14T16:19:49Z,3b0d3a0d2d9798d569ebea4f39f2a0f4aff09ca93be488a2a646397f3fbe8696
outputs/AURORA_TWETF/aurora_defensive_controls_cash_cap_sensitivity/run_20260714_161927/returns/returns_AURORA17_UNIFORM_PROBABILITY.parquet,returns_AURORA17_UNIFORM_PROBABILITY.parquet,.parquet,20402,2026-07-14T16:19:49Z,094dbed1e3024f33fe193a6c611074fa40b45234281198e145596e35dc8480c1
outputs/AURORA_TWETF/aurora_defensive_controls_cash_cap_sensitivity/run_20260714_161927/returns/returns_DRAWDOWN_CONTROL_EQUAL_WEIGHT.csv,returns_DRAWDOWN_CONTROL_EQUAL_WEIGHT.csv,.csv,43261,2026-07-14T16:19:57Z,496f4f447afad9e707b7bcdf2a209b804987bb7c2b4e8d61f5bc1b9530f1da78
outputs/AURORA_TWETF/aurora_defensive_controls_cash_cap_sensitivity/run_20260714_161927/returns/returns_DRAWDOWN_CONTROL_EQUAL_WEIGHT.parquet,returns_DRAWDOWN_CONTROL_EQUAL_WEIGHT.parquet,.parquet,20122,2026-07-14T16:19:57Z,ac4ac71441a7ccb7b3de8af0ebbfd33d28d8ddf4f7b9d99ed2532907a1064a6b
outputs/AURORA_TWETF/aurora_defensive_controls_cash_cap_sensitivity/run_20260714_161927/returns/returns_STATIC_40_EQUITY_60_CASH.csv,returns_STATIC_40_EQUITY_60_CASH.csv,.csv,41768,2026-07-14T16:19:56Z,9a1a5308d05671d1fe72ef4177e179bbead874bc3fb586c661d813c3442e8ab2
outputs/AURORA_TWETF/aurora_defensive_controls_cash_cap_sensitivity/run_20260714_161927/returns/returns_STATIC_40_EQUITY_60_CASH.parquet,returns_STATIC_40_EQUITY_60_CASH.parquet,.parquet,19918,2026-07-14T16:19:56Z,22b06c9a0e1ad0104320ea8d0b01aac699d688347db1a546028a243465b71f1c
outputs/AURORA_TWETF/aurora_defensive_controls_cash_cap_sensitivity/run_20260714_161927/returns/returns_STATIC_4435_EQUITY_5565_CASH.csv,returns_STATIC_4435_EQUITY_5565_CASH.csv,.csv,42948,2026-07-14T16:19:56Z,fb858e9ca544f4f605725cc532f1d76bc8caa1a1e53b8eebe09a410aed7eed2c
outputs/AURORA_TWETF/aurora_defensive_controls_cash_cap_sensitivity/run_20260714_161927/returns/returns_STATIC_4435_EQUITY_5565_CASH.parquet,returns_STATIC_4435_EQUITY_5565_CASH.parquet,.parquet,19939,2026-07-14T16:19:56Z,f6c0792932f271d1d8af2a7e8043b9fc8a69c8b842226c60927d53033c96d4b1
outputs/AURORA_TWETF/aurora_defensive_controls_cash_cap_sensitivity/run_20260714_161927/returns/returns_STATIC_50_EQUITY_50_CASH.csv,returns_STATIC_50_EQUITY_50_CASH.csv,.csv,41686,2026-07-14T16:19:56Z,4b5aba2fa544451912c42f9bcf762d5aa6a61d6d79cc197d573da4e316efdcb0
outputs/AURORA_TWETF/aurora_defensive_controls_cash_cap_sensitivity/run_20260714_161927/returns/returns_STATIC_50_EQUITY_50_CASH.parquet,returns_STATIC_50_EQUITY_50_CASH.parquet,.parquet,19919,2026-07-14T16:19:56Z,3d91b34f380b116743827624899f30f4cf5e1db3b436f4330dec27f97d5a7ab7
outputs/AURORA_TWETF/aurora_defensive_controls_cash_cap_sensitivity/run_20260714_161927/returns/returns_VOL_TARGET_EQUAL_WEIGHT.csv,returns_VOL_TARGET_EQUAL_WEIGHT.csv,.csv,41948,2026-07-14T16:19:57Z,043d57584a22e96fa073cb81ecb1b845f3730ebea5967fefa97551f4940d58e0
outputs/AURORA_TWETF/aurora_defensive_controls_cash_cap_sensitivity/run_20260714_161927/returns/returns_VOL_TARGET_EQUAL_WEIGHT.parquet,returns_VOL_TARGET_EQUAL_WEIGHT.parquet,.parquet,20467,2026-07-14T16:19:57Z,462e66d4db34f35e84acb5dc9c9ea2b7698e67feadad5c5c360da721341bf562
outputs/AURORA_TWETF/aurora_defensive_controls_cash_cap_sensitivity/run_20260714_161927/tables/notebook17_interpretation_helper.csv,notebook17_interpretation_helper.csv,.csv,1160,2026-07-14T16:22:36Z,c82ccfdba45775eafc8409f2eacc14884d402db322ae9c447ed8943db2af0d91
outputs/AURORA_TWETF/aurora_defensive_controls_cash_cap_sensitivity/run_20260714_161927/tables/table_S31_defensive_control_performance.csv,table_S31_defensive_control_performance.csv,.csv,4677,2026-07-14T16:22:33Z,b89d0a6fe6cd3ffc1e2691e0298aa4222c70c06c6cbad82bffffe52b3c9d8fe5
outputs/AURORA_TWETF/aurora_defensive_controls_cash_cap_sensitivity/run_20260714_161927/tables/table_S31_defensive_control_performance_rounded.csv,table_S31_defensive_control_performance_rounded.csv,.csv,2984,2026-07-14T16:22:33Z,5d8212b7a5c822fba80e25bdcb615378168c2ba544d9523077538e17f51eadbe
outputs/AURORA_TWETF/aurora_defensive_controls_cash_cap_sensitivity/run_20260714_161927/tables/table_S32_defensive_control_bootstrap.csv,table_S32_defensive_control_bootstrap.csv,.csv,9673,2026-07-14T16:22:33Z,c27abe4e3489c7df95aca09375d8107b5d19676e8a28552357920de662ab0c70
outputs/AURORA_TWETF/aurora_defensive_controls_cash_cap_sensitivity/run_20260714_161927/tables/table_S32_defensive_control_bootstrap_rounded.csv,table_S32_defensive_control_bootstrap_rounded.csv,.csv,8175,2026-07-14T16:22:33Z,06e6f7e8904abaf09dfdaf25987136d0fe56f500331850454da323e6e1739aad
outputs/AURORA_TWETF/aurora_defensive_controls_cash_cap_sensitivity/run_20260714_161927/tables/table_S33_cash_cap_sensitivity.csv,table_S33_cash_cap_sensitivity.csv,.csv,1297,2026-07-14T16:22:33Z,9f9122dea3fa2c38c1236149079fa5143fe8fd6d3226c335553cb33dfcca6ef5
outputs/AURORA_TWETF/aurora_defensive_controls_cash_cap_sensitivity/run_20260714_161927/tables/table_S33_cash_cap_sensitivity_rounded.csv,table_S33_cash_cap_sensitivity_rounded.csv,.csv,794,2026-07-14T16:22:33Z,7dcc51d7de81a4de53bfe941bf1b8ac79ba8111e6c36311548a53b8ac04a311d
outputs/AURORA_TWETF/aurora_defensive_controls_cash_cap_sensitivity/run_20260714_161927/tables/table_S34_defensive_exposure_diagnostics.csv,table_S34_defensive_exposure_diagnostics.csv,.csv,3684,2026-07-14T16:22:33Z,053b55b094b271a8f350d65171c2c3c4d956ffcf74a7bd702a5f6b7250615421
outputs/AURORA_TWETF/aurora_defensive_controls_cash_cap_sensitivity/run_20260714_161927/tables/table_S34_defensive_exposure_diagnostics_rounded.csv,table_S34_defensive_exposure_diagnostics_rounded.csv,.csv,2129,2026-07-14T16:22:33Z,ce056d8e8bbbf29732d98b34460a13e09e8b4760607bb3b43a5abc8c443229f3
outputs/AURORA_TWETF/aurora_defensive_controls_cash_cap_sensitivity/run_20260714_161927/weights/all_notebook17_defensive_control_weights.csv,all_notebook17_defensive_control_weights.csv,.csv,619818,2026-07-14T16:22:33Z,bc146534c7944852e664741a7fc91991e9a0db93c50b5c5066bbc0d3a7f5ffb0
outputs/AURORA_TWETF/aurora_defensive_controls_cash_cap_sensitivity/run_20260714_161927/weights/all_notebook17_defensive_control_weights.parquet,all_notebook17_defensive_control_weights.parquet,.parquet,37526,2026-07-14T16:22:33Z,4ee3037294f917a08336b697ff1109518f556341fa458a93be8cb8fcc3046486
outputs/AURORA_TWETF/aurora_defensive_controls_cash_cap_sensitivity/run_20260714_161927/weights/weights_AURORA17_CASH_CAP_20.csv,weights_AURORA17_CASH_CAP_20.csv,.csv,29936,2026-07-14T16:19:35Z,1e6074ff1c40b79455866b4b6f641eb0706a6f9d79b38a89d716a03c9b722f74
outputs/AURORA_TWETF/aurora_defensive_controls_cash_cap_sensitivity/run_20260714_161927/weights/weights_AURORA17_CASH_CAP_20.parquet,weights_AURORA17_CASH_CAP_20.parquet,.parquet,7525,2026-07-14T16:19:35Z,6be4767eacc1140b5e7ab9ddadc719885c426764cd587a37d5e733be14557bfe
outputs/AURORA_TWETF/aurora_defensive_controls_cash_cap_sensitivity/run_20260714_161927/weights/weights_AURORA17_CASH_CAP_40.csv,weights_AURORA17_CASH_CAP_40.csv,.csv,29757,2026-07-14T16:19:38Z,4ebf9e36a4eeeb7053342ff04b438a6d432bd3f95056223f3ad336bcf8a440f0
outputs/AURORA_TWETF/aurora_defensive_controls_cash_cap_sensitivity/run_20260714_161927/weights/weights_AURORA17_CASH_CAP_40.parquet,weights_AURORA17_CASH_CAP_40.parquet,.parquet,7516,2026-07-14T16:19:38Z,a300fc75780a57d268d8a7148919f23c539c6dec64788851d93210f48fe3894e
outputs/AURORA_TWETF/aurora_defensive_controls_cash_cap_sensitivity/run_20260714_161927/weights/weights_AURORA17_CASH_CAP_60.csv,weights_AURORA17_CASH_CAP_60.csv,.csv,30076,2026-07-14T16:19:42Z,fac0570f911a342f78a2f4f1c28ba46a215ebb9a03417421596764223500924c
outputs/AURORA_TWETF/aurora_defensive_controls_cash_cap_sensitivity/run_20260714_161927/weights/weights_AURORA17_CASH_CAP_60.parquet,weights_AURORA17_CASH_CAP_60.parquet,.parquet,7527,2026-07-14T16:19:42Z,acc20c53bb9cec48d0d507cabffb030831be91550956348631052b87ab4f1b49
outputs/AURORA_TWETF/aurora_defensive_controls_cash_cap_sensitivity/run_20260714_161927/weights/weights_AURORA17_CASH_CAP_80.csv,weights_AURORA17_CASH_CAP_80.csv,.csv,31191,2026-07-14T16:19:45Z,aca564c37a7339eb2e45520cc7dd2e2c2903fc7d052511cd27d3f223e8d57514
outputs/AURORA_TWETF/aurora_defensive_controls_cash_cap_sensitivity/run_20260714_161927/weights/weights_AURORA17_CASH_CAP_80.parquet,weights_AURORA17_CASH_CAP_80.parquet,.parquet,7555,2026-07-14T16:19:45Z,dd1f97920bbeb871f9327b5f8779748e96074c2a9df16bd2a82da5ac86c7f608
outputs/AURORA_TWETF/aurora_defensive_controls_cash_cap_sensitivity/run_20260714_161927/weights/weights_AURORA17_CLASS_PRIOR_PROBABILITY.csv,weights_AURORA17_CLASS_PRIOR_PROBABILITY.csv,.csv,30352,2026-07-14T16:19:52Z,9d480e40e44a8b7cae2b26f65e013b7866c14ea682bd93b3f4c2c421997d87c3
outputs/AURORA_TWETF/aurora_defensive_controls_cash_cap_sensitivity/run_20260714_161927/weights/weights_AURORA17_CLASS_PRIOR_PROBABILITY.parquet,weights_AURORA17_CLASS_PRIOR_PROBABILITY.parquet,.parquet,7536,2026-07-14T16:19:52Z,c939fe86b8a399c302d3fe2fab61d6b4e9c7ed613356ae8a9a7c69236c072c32
outputs/AURORA_TWETF/aurora_defensive_controls_cash_cap_sensitivity/run_20260714_161927/weights/weights_AURORA17_NO_PROBABILITY_MEAN_VARIANCE.csv,weights_AURORA17_NO_PROBABILITY_MEAN_VARIANCE.csv,.csv,33236,2026-07-14T16:19:56Z,399ead34b84c4e99fae8eb7439cb73ed82cce821b187a99b428a67e67ec90d8b
outputs/AURORA_TWETF/aurora_defensive_controls_cash_cap_sensitivity/run_20260714_161927/weights/weights_AURORA17_NO_PROBABILITY_MEAN_VARIANCE.parquet,weights_AURORA17_NO_PROBABILITY_MEAN_VARIANCE.parquet,.parquet,7638,2026-07-14T16:19:56Z,eb1c6b7e0905f49a64f781406e0ea5471c8497f190b036a77be82e63cd93b743
outputs/AURORA_TWETF/aurora_defensive_controls_cash_cap_sensitivity/run_20260714_161927/weights/weights_AURORA17_UNIFORM_PROBABILITY.csv,weights_AURORA17_UNIFORM_PROBABILITY.csv,.csv,28948,2026-07-14T16:19:49Z,fbe82819e69630cfe2b8512b68e35d5991b483d70d8f46231137efc79ff5a2ba
outputs/AURORA_TWETF/aurora_defensive_controls_cash_cap_sensitivity/run_20260714_161927/weights/weights_AURORA17_UNIFORM_PROBABILITY.parquet,weights_AURORA17_UNIFORM_PROBABILITY.parquet,.parquet,7495,2026-07-14T16:19:49Z,b91d076f7423813f86e42954b10e81dc3558ee0cc863cb31ce16eb3f8ce82ced
outputs/AURORA_TWETF/aurora_defensive_controls_cash_cap_sensitivity/run_20260714_161927/weights/weights_DRAWDOWN_CONTROL_EQUAL_WEIGHT.csv,weights_DRAWDOWN_CONTROL_EQUAL_WEIGHT.csv,.csv,10955,2026-07-14T16:19:57Z,32547eeafcf5699122387859d095e176ba5f8556622ecd08ff9af14929600846
outputs/AURORA_TWETF/aurora_defensive_controls_cash_cap_sensitivity/run_20260714_161927/weights/weights_DRAWDOWN_CONTROL_EQUAL_WEIGHT.parquet,weights_DRAWDOWN_CONTROL_EQUAL_WEIGHT.parquet,.parquet,6946,2026-07-14T16:19:57Z,925a79d295e22f59926bfa14ca24e573aa3665527821d6683a11e032e4e85426
outputs/AURORA_TWETF/aurora_defensive_controls_cash_cap_sensitivity/run_20260714_161927/weights/weights_STATIC_40_EQUITY_60_CASH.csv,weights_STATIC_40_EQUITY_60_CASH.csv,.csv,9923,2026-07-14T16:19:56Z,40d491cedf7e4df8bff25aef79d2b6c54e21dd3199d015b32c3cc1ac81892f77
outputs/AURORA_TWETF/aurora_defensive_controls_cash_cap_sensitivity/run_20260714_161927/weights/weights_STATIC_40_EQUITY_60_CASH.parquet,weights_STATIC_40_EQUITY_60_CASH.parquet,.parquet,6845,2026-07-14T16:19:56Z,af626b7cba3d8cc13b5bbbdb0d6ec0bc772d500d81c29923ac81e28febd9bc43
outputs/AURORA_TWETF/aurora_defensive_controls_cash_cap_sensitivity/run_20260714_161927/weights/weights_STATIC_4435_EQUITY_5565_CASH.csv,weights_STATIC_4435_EQUITY_5565_CASH.csv,.csv,17260,2026-07-14T16:19:56Z,0dca03fec18bddc642a91511efaa7037ec143aa512cd9562100fadc29692e019
outputs/AURORA_TWETF/aurora_defensive_controls_cash_cap_sensitivity/run_20260714_161927/weights/weights_STATIC_4435_EQUITY_5565_CASH.parquet,weights_STATIC_4435_EQUITY_5565_CASH.parquet,.parquet,6845,2026-07-14T16:19:56Z,9ca533a0e6c0b99ab3e4846360219f1a7438f28ddcdf10b956060ad713f09354
outputs/AURORA_TWETF/aurora_defensive_controls_cash_cap_sensitivity/run_20260714_161927/weights/weights_STATIC_50_EQUITY_50_CASH.csv,weights_STATIC_50_EQUITY_50_CASH.csv,.csv,12475,2026-07-14T16:19:56Z,ceefe5f63a10ee19bc96c9dc44908d222430d7996e35573ffe79543b7b311dcd
outputs/AURORA_TWETF/aurora_defensive_controls_cash_cap_sensitivity/run_20260714_161927/weights/weights_STATIC_50_EQUITY_50_CASH.parquet,weights_STATIC_50_EQUITY_50_CASH.parquet,.parquet,6845,2026-07-14T16:19:56Z,185550c0a11132077ef61b7564364730a0dd4450c90988e3ad0caefa51d3eaea
outputs/AURORA_TWETF/aurora_defensive_controls_cash_cap_sensitivity/run_20260714_161927/weights/weights_VOL_TARGET_EQUAL_WEIGHT.csv,weights_VOL_TARGET_EQUAL_WEIGHT.csv,.csv,35127,2026-07-14T16:19:57Z,8d778d28a9e655e22efb7c8be8296177cb27cf1e86f2f932f2e36c8dd17200d6
outputs/AURORA_TWETF/aurora_defensive_controls_cash_cap_sensitivity/run_20260714_161927/weights/weights_VOL_TARGET_EQUAL_WEIGHT.parquet,weights_VOL_TARGET_EQUAL_WEIGHT.parquet,.parquet,7681,2026-07-14T16:19:57Z,838f56470ad1bf5d61e66170ecbc5cdafe901ebd245ba481969df22db88941c2
outputs/AURORA_TWETF/aurora_exposure_matched_lambda_reduced_universe/run_20260717_082548/diagnostics/all_notebook18_diagnostics.csv,all_notebook18_diagnostics.csv,.csv,922102,2026-07-17T08:31:36Z,77f0bf5dbb940d64aeb14d4a09e5cb2ccedafb009fdcf4965cd9b47d2a560d07
outputs/AURORA_TWETF/aurora_exposure_matched_lambda_reduced_universe/run_20260717_082548/diagnostics/all_notebook18_diagnostics.parquet,all_notebook18_diagnostics.parquet,.parquet,94417,2026-07-17T08:31:36Z,21324946e829b6b49a4faf113fbf247e9b8e0af10315411d66cfeceec4f5d848
outputs/AURORA_TWETF/aurora_exposure_matched_lambda_reduced_universe/run_20260717_082548/diagnostics/all_notebook18_probability_features.csv,all_notebook18_probability_features.csv,.csv,1223810,2026-07-17T08:31:36Z,b8c38f7f405866531a8a77c2154d69abda0b0665f8e6665cd3cdc17d6cfeb5dd
outputs/AURORA_TWETF/aurora_exposure_matched_lambda_reduced_universe/run_20260717_082548/diagnostics/all_notebook18_probability_features.parquet,all_notebook18_probability_features.parquet,.parquet,117978,2026-07-17T08:31:36Z,752d79738c213efbde458d60d3ec951aa6f8f0266d24e1cf6beed7699320f93c
outputs/AURORA_TWETF/aurora_exposure_matched_lambda_reduced_universe/run_20260717_082548/diagnostics/constant_lambda_grid_search_full.csv,constant_lambda_grid_search_full.csv,.csv,16388,2026-07-17T08:31:36Z,c31cc650bebbbd88444b6baa3a2ad89fd2912dd5332b116026ff1fae3f69abad
outputs/AURORA_TWETF/aurora_exposure_matched_lambda_reduced_universe/run_20260717_082548/diagnostics/figure_S4_mechanism_attribution_data.csv,figure_S4_mechanism_attribution_data.csv,.csv,31286,2026-07-17T08:31:36Z,1a90243013374fd7032fdac8738be2b282fdcc6ea21e9f78c92179a2a4962222
outputs/AURORA_TWETF/aurora_exposure_matched_lambda_reduced_universe/run_20260717_082548/plots/figure_S4_mechanism_attribution.pdf,figure_S4_mechanism_attribution.pdf,.pdf,48301,2026-07-17T08:31:36Z,14843b0d5ffa208705caadc2dc0edffd8586419c2b6e417e8aee1a53c88f845b
outputs/AURORA_TWETF/aurora_exposure_matched_lambda_reduced_universe/run_20260717_082548/plots/figure_S4_mechanism_attribution.png,figure_S4_mechanism_attribution.png,.png,557235,2026-07-17T08:31:35Z,aa6411ab1e48259f86d0217d16370c20179b4aeff2f0b0ed004cf185f744e626
outputs/AURORA_TWETF/aurora_exposure_matched_lambda_reduced_universe/run_20260717_082548/reports/NOTEBOOK18_file_manifest_SHA256.csv,NOTEBOOK18_file_manifest_SHA256.csv,.csv,8238,2026-07-17T08:31:37Z,979c41dd40cb5450c954d9f6f10efb967ff7f3b17b9b025ecb3a8c1d925a5fa4
outputs/AURORA_TWETF/aurora_exposure_matched_lambda_reduced_universe/run_20260717_082548/reports/NOTEBOOK18_validation_report.json,NOTEBOOK18_validation_report.json,.json,6179,2026-07-17T08:31:36Z,582e8d3ea435ac7709bfe16e2d64383f2c2e460c536dbb5b40083b2b6401f5b6
outputs/AURORA_TWETF/aurora_exposure_matched_lambda_reduced_universe/run_20260717_082548/returns/all_notebook18_returns.csv,all_notebook18_returns.csv,.csv,600788,2026-07-17T08:31:36Z,85091de11d54065ace4fb61700eb6b5d4573da3e384b2d9ade4ef5900e431d9f
outputs/AURORA_TWETF/aurora_exposure_matched_lambda_reduced_universe/run_20260717_082548/returns/all_notebook18_returns.parquet,all_notebook18_returns.parquet,.parquet,99036,2026-07-17T08:31:36Z,bbc7091f1d16863f28af213efe3aca201773019045703247bc83919bbccc43e2
outputs/AURORA_TWETF/aurora_exposure_matched_lambda_reduced_universe/run_20260717_082548/returns/returns_AURORA18_DYNAMIC_ORIGINAL.csv,returns_AURORA18_DYNAMIC_ORIGINAL.csv,.csv,42638,2026-07-17T08:25:54Z,bb5c48a0de835a6e0be37cd8c6baf9ef8028eafb17a726a16309889ce54f5e57
outputs/AURORA_TWETF/aurora_exposure_matched_lambda_reduced_universe/run_20260717_082548/returns/returns_AURORA18_DYNAMIC_ORIGINAL.parquet,returns_AURORA18_DYNAMIC_ORIGINAL.parquet,.parquet,20390,2026-07-17T08:25:54Z,4c9040c480e1d1db8ab70a3c0287caa8d821b4f1dd4c2df2b730e73c291469f0
outputs/AURORA_TWETF/aurora_exposure_matched_lambda_reduced_universe/run_20260717_082548/returns/returns_AURORA18_Exposure_matched_constant_lambda_AURORA_34_0.csv,returns_AURORA18_Exposure_matched_constant_lambda_AURORA_34_0.csv,.csv,51567,2026-07-17T08:30:35Z,96ea81c54f9c8be21e518da536858d03801c40f73237be834f7a0402c93d40e8
outputs/AURORA_TWETF/aurora_exposure_matched_lambda_reduced_universe/run_20260717_082548/returns/returns_AURORA18_Exposure_matched_constant_lambda_AURORA_34_0.parquet,returns_AURORA18_Exposure_matched_constant_lambda_AURORA_34_0.parquet,.parquet,20531,2026-07-17T08:30:35Z,d0e17896242991743b63d940c2a297e88136b14eef0883a1ae3742494261c15a
outputs/AURORA_TWETF/aurora_exposure_matched_lambda_reduced_universe/run_20260717_082548/returns/returns_AURORA18_Exposure_matched_constant_lambda_no_probability_AURORA_34_0.csv,returns_AURORA18_Exposure_matched_constant_lambda_no_probability_AURORA_34_0.csv,.csv,56361,2026-07-17T08:30:39Z,50f2277d435768d8cc0bad6f961b69e85fe91075e7cc7de08d4dc8e565f6cf94
outputs/AURORA_TWETF/aurora_exposure_matched_lambda_reduced_universe/run_20260717_082548/returns/returns_AURORA18_Exposure_matched_constant_lambda_no_probability_AURORA_34_0.parquet,returns_AURORA18_Exposure_matched_constant_lambda_no_probability_AURORA_34_0.parquet,.parquet,20609,2026-07-17T08:30:39Z,a4d3ab8b17ef429d84ad360f133f87ec15d35324a0e2fc914ed46f633fc3aea9
outputs/AURORA_TWETF/aurora_exposure_matched_lambda_reduced_universe/run_20260717_082548/returns/returns_AURORA18_REDUCED_FULL.csv,returns_AURORA18_REDUCED_FULL.csv,.csv,41362,2026-07-17T08:30:42Z,c19d77e0f9bca337fc446a6fe14eb246e0ca7664518580a3fe09f60e14b65b73
outputs/AURORA_TWETF/aurora_exposure_matched_lambda_reduced_universe/run_20260717_082548/returns/returns_AURORA18_REDUCED_FULL.parquet,returns_AURORA18_REDUCED_FULL.parquet,.parquet,20370,2026-07-17T08:30:42Z,cf4309660b6573d20475d92747738cc77402a9a264689fe8144a84144e3fdc5b
outputs/AURORA_TWETF/aurora_exposure_matched_lambda_reduced_universe/run_20260717_082548/returns/returns_AURORA18_REDUCED_REMOVE_0050.csv,returns_AURORA18_REDUCED_REMOVE_0050.csv,.csv,43578,2026-07-17T08:30:46Z,f90cc31eefe90bc2737a9523e0b485dc39eb212099c4d05a6ddeea56f5de134a
outputs/AURORA_TWETF/aurora_exposure_matched_lambda_reduced_universe/run_20260717_082548/returns/returns_AURORA18_REDUCED_REMOVE_0050.parquet,returns_AURORA18_REDUCED_REMOVE_0050.parquet,.parquet,20389,2026-07-17T08:30:46Z,c40294d1a5d881543b9ad4cd9c9b2f339218c7e32d854d72a6e5f3b91774b6c7
outputs/AURORA_TWETF/aurora_exposure_matched_lambda_reduced_universe/run_20260717_082548/returns/returns_AURORA18_REDUCED_REMOVE_006208.csv,returns_AURORA18_REDUCED_REMOVE_006208.csv,.csv,44214,2026-07-17T08:30:49Z,d76b463fe05d4e2b4ff48a381f217291996091f85c1b02b10dafb201fc8001fe
outputs/AURORA_TWETF/aurora_exposure_matched_lambda_reduced_universe/run_20260717_082548/returns/returns_AURORA18_REDUCED_REMOVE_006208.parquet,returns_AURORA18_REDUCED_REMOVE_006208.parquet,.parquet,20407,2026-07-17T08:30:49Z,9d4a221bd0e44f043e5c3352c0a1be809cc590cc1e587279de9d095f157b8edb
outputs/AURORA_TWETF/aurora_exposure_matched_lambda_reduced_universe/run_20260717_082548/returns/returns_AURORA18_REDUCED_SYNTH_TW50.csv,returns_AURORA18_REDUCED_SYNTH_TW50.csv,.csv,43289,2026-07-17T08:30:53Z,5577891ab827391d1860477bc58f76832879da50665bd33814d02a34fd995779
outputs/AURORA_TWETF/aurora_exposure_matched_lambda_reduced_universe/run_20260717_082548/returns/returns_AURORA18_REDUCED_SYNTH_TW50.parquet,returns_AURORA18_REDUCED_SYNTH_TW50.parquet,.parquet,20400,2026-07-17T08:30:53Z,e4186cf844e0ad56f1cfddf708a9804801235b5a36776b4f49b08d61b908cc9a
outputs/AURORA_TWETF/aurora_exposure_matched_lambda_reduced_universe/run_20260717_082548/returns/returns_AURORA18_STATIC_EXPOSURE_MATCHED_CASH.csv,returns_AURORA18_STATIC_EXPOSURE_MATCHED_CASH.csv,.csv,45888,2026-07-17T08:30:39Z,b359e05043879e649e91d5e904354972a128e93468120bd047b1cdf89672fd52
outputs/AURORA_TWETF/aurora_exposure_matched_lambda_reduced_universe/run_20260717_082548/returns/returns_AURORA18_STATIC_EXPOSURE_MATCHED_CASH.parquet,returns_AURORA18_STATIC_EXPOSURE_MATCHED_CASH.parquet,.parquet,19984,2026-07-17T08:30:39Z,c0322eccd3f9e941563185e33b0886c67dfed8a0da2c91c8dd44b2a9f81bf518
outputs/AURORA_TWETF/aurora_exposure_matched_lambda_reduced_universe/run_20260717_082548/tables/notebook18_interpretation_helper.csv,notebook18_interpretation_helper.csv,.csv,902,2026-07-17T08:31:36Z,b92051d300eba57b3a1ce8bb1426895d0a25d3a1c46aac3d36fcd84fa4c495de
outputs/AURORA_TWETF/aurora_exposure_matched_lambda_reduced_universe/run_20260717_082548/tables/table_S35_constant_lambda_exposure_match.csv,table_S35_constant_lambda_exposure_match.csv,.csv,1136,2026-07-17T08:31:36Z,7524bc04d9a86357850cac2b017bc3740ea46f0448eb80030473d55c370aa53e
outputs/AURORA_TWETF/aurora_exposure_matched_lambda_reduced_universe/run_20260717_082548/tables/table_S35_constant_lambda_exposure_match_rounded.csv,table_S35_constant_lambda_exposure_match_rounded.csv,.csv,710,2026-07-17T08:31:36Z,b5b05bf1a49fc8538ee30d9c27f2efebef925fd9f0bde5078b2d07a00b5b28cf
outputs/AURORA_TWETF/aurora_exposure_matched_lambda_reduced_universe/run_20260717_082548/tables/table_S36_reduced_universe_sensitivity.csv,table_S36_reduced_universe_sensitivity.csv,.csv,1393,2026-07-17T08:31:36Z,a3c86c9538e41c51ad0f6da1a0876c7426b4c3e3d67612c4914fe835a7e1e325
outputs/AURORA_TWETF/aurora_exposure_matched_lambda_reduced_universe/run_20260717_082548/tables/table_S36_reduced_universe_sensitivity_rounded.csv,table_S36_reduced_universe_sensitivity_rounded.csv,.csv,1042,2026-07-17T08:31:36Z,1681952822d1b8e0b59e591c3ae1e36b119c56d9c3f13c3965d5d71a7ef54adb
outputs/AURORA_TWETF/aurora_exposure_matched_lambda_reduced_universe/run_20260717_082548/tables/table_S37_reduced_universe_exposure_diagnostics.csv,table_S37_reduced_universe_exposure_diagnostics.csv,.csv,1483,2026-07-17T08:31:36Z,ccfb9e6d7cd91f9b2b1a44fbbb37de8fccc55a6dfeec851550d7fe724ad9a389
outputs/AURORA_TWETF/aurora_exposure_matched_lambda_reduced_universe/run_20260717_082548/tables/table_S37_reduced_universe_exposure_diagnostics_rounded.csv,table_S37_reduced_universe_exposure_diagnostics_rounded.csv,.csv,1031,2026-07-17T08:31:36Z,5af9afe3e54dc03e3e745ad19572d5f7a4a5031dc1d5a57eed40b164b99d607d
outputs/AURORA_TWETF/aurora_exposure_matched_lambda_reduced_universe/run_20260717_082548/tables/table_S38_constant_lambda_bootstrap.csv,table_S38_constant_lambda_bootstrap.csv,.csv,3230,2026-07-17T08:31:36Z,39da2319fc25024efb2cb2e3b74acc6161cae81f87a08d35003b1a9470b5ef54
outputs/AURORA_TWETF/aurora_exposure_matched_lambda_reduced_universe/run_20260717_082548/tables/table_S38_constant_lambda_bootstrap_rounded.csv,table_S38_constant_lambda_bootstrap_rounded.csv,.csv,2772,2026-07-17T08:31:36Z,831c0c1ffcc5be852edd478dd07fb65cf056030c48959eb1435701d6fc6faca4
outputs/AURORA_TWETF/aurora_exposure_matched_lambda_reduced_universe/run_20260717_082548/tables/table_S39_constant_lambda_grid_search.csv,table_S39_constant_lambda_grid_search.csv,.csv,16388,2026-07-17T08:31:36Z,5798a54b9c02ac5f8ab246282f5b54a50228dc198a70ab1d6e3f14b63372ebb0
outputs/AURORA_TWETF/aurora_exposure_matched_lambda_reduced_universe/run_20260717_082548/tables/table_S39_constant_lambda_grid_search_rounded.csv,table_S39_constant_lambda_grid_search_rounded.csv,.csv,9481,2026-07-17T08:31:36Z,9dc84e5070ace851c9710a8fdd125d8570eebbc286740555a9ef3011e8265226
outputs/AURORA_TWETF/aurora_exposure_matched_lambda_reduced_universe/run_20260717_082548/weights/all_notebook18_weights.csv,all_notebook18_weights.csv,.csv,561673,2026-07-17T08:31:36Z,5de70e646942fe31148788e70a9d7671322a5f36f806778f78e51b0e097fe976
outputs/AURORA_TWETF/aurora_exposure_matched_lambda_reduced_universe/run_20260717_082548/weights/all_notebook18_weights.parquet,all_notebook18_weights.parquet,.parquet,26739,2026-07-17T08:31:36Z,5b7b6990bb00ab5cd1d7f5b05b298f890eac70d750f27b4c1d2277072d59a043
outputs/AURORA_TWETF/aurora_exposure_matched_lambda_reduced_universe/run_20260717_082548/weights/weights_AURORA18_DYNAMIC_ORIGINAL.csv,weights_AURORA18_DYNAMIC_ORIGINAL.csv,.csv,30968,2026-07-17T08:25:54Z,c49b921a777911b764c626086385e5bd7497b85b4e06cdda24764059a5ef9de1
outputs/AURORA_TWETF/aurora_exposure_matched_lambda_reduced_universe/run_20260717_082548/weights/weights_AURORA18_DYNAMIC_ORIGINAL.parquet,weights_AURORA18_DYNAMIC_ORIGINAL.parquet,.parquet,7545,2026-07-17T08:25:54Z,c5033b905d5a0e993ff3db5ef4f9de3e604deda02712463eb8b7b0149821e705
outputs/AURORA_TWETF/aurora_exposure_matched_lambda_reduced_universe/run_20260717_082548/weights/weights_AURORA18_Exposure_matched_constant_lambda_AURORA_34_0.csv,weights_AURORA18_Exposure_matched_constant_lambda_AURORA_34_0.csv,.csv,30982,2026-07-17T08:30:35Z,5145ccefab80a488766614a467f838c41d3abe7d7ad08c518b13280d7915bccf
outputs/AURORA_TWETF/aurora_exposure_matched_lambda_reduced_universe/run_20260717_082548/weights/weights_AURORA18_Exposure_matched_constant_lambda_AURORA_34_0.parquet,weights_AURORA18_Exposure_matched_constant_lambda_AURORA_34_0.parquet,.parquet,7545,2026-07-17T08:30:35Z,01d943822ff2b0f74c64a9a67389bfe9377154a1ea5ff3980cc52254fc975e67
outputs/AURORA_TWETF/aurora_exposure_matched_lambda_reduced_universe/run_20260717_082548/weights/weights_AURORA18_Exposure_matched_constant_lambda_no_probability_AURORA_34_0.csv,weights_AURORA18_Exposure_matched_constant_lambda_no_probability_AURORA_34_0.csv,.csv,30942,2026-07-17T08:30:39Z,e87a33a43c50d37e68767121d55f9e515f8123fa3932177ef24a1e897fd2f746
outputs/AURORA_TWETF/aurora_exposure_matched_lambda_reduced_universe/run_20260717_082548/weights/weights_AURORA18_Exposure_matched_constant_lambda_no_probability_AURORA_34_0.parquet,weights_AURORA18_Exposure_matched_constant_lambda_no_probability_AURORA_34_0.parquet,.parquet,7545,2026-07-17T08:30:39Z,b33cefa2e67d03cd06c440b8ba59edc10fa64591c6e4fa4cb1ab99c9c981c8c6
outputs/AURORA_TWETF/aurora_exposure_matched_lambda_reduced_universe/run_20260717_082548/weights/weights_AURORA18_REDUCED_FULL.csv,weights_AURORA18_REDUCED_FULL.csv,.csv,30968,2026-07-17T08:30:42Z,c49b921a777911b764c626086385e5bd7497b85b4e06cdda24764059a5ef9de1
outputs/AURORA_TWETF/aurora_exposure_matched_lambda_reduced_universe/run_20260717_082548/weights/weights_AURORA18_REDUCED_FULL.parquet,weights_AURORA18_REDUCED_FULL.parquet,.parquet,7545,2026-07-17T08:30:42Z,c5033b905d5a0e993ff3db5ef4f9de3e604deda02712463eb8b7b0149821e705
outputs/AURORA_TWETF/aurora_exposure_matched_lambda_reduced_universe/run_20260717_082548/weights/weights_AURORA18_REDUCED_REMOVE_0050.csv,weights_AURORA18_REDUCED_REMOVE_0050.csv,.csv,24560,2026-07-17T08:30:46Z,9e3fd28b55f256634b33b628d83f68d1e92b088ddbc8f929d72dd80fa00b4bb4
outputs/AURORA_TWETF/aurora_exposure_matched_lambda_reduced_universe/run_20260717_082548/weights/weights_AURORA18_REDUCED_REMOVE_0050.parquet,weights_AURORA18_REDUCED_REMOVE_0050.parquet,.parquet,6856,2026-07-17T08:30:46Z,a0cbfd32028d4c028395b4001df7b8709fc399a059cdbe7d86951bb9feec9985
outputs/AURORA_TWETF/aurora_exposure_matched_lambda_reduced_universe/run_20260717_082548/weights/weights_AURORA18_REDUCED_REMOVE_006208.csv,weights_AURORA18_REDUCED_REMOVE_006208.csv,.csv,24445,2026-07-17T08:30:49Z,22f0981ddb7f1fddbd67a4c93bba045b6a261601fa8662e07d5715532df6f17f
outputs/AURORA_TWETF/aurora_exposure_matched_lambda_reduced_universe/run_20260717_082548/weights/weights_AURORA18_REDUCED_REMOVE_006208.parquet,weights_AURORA18_REDUCED_REMOVE_006208.parquet,.parquet,6840,2026-07-17T08:30:49Z,37ee5b89c56cb0f9a83361107feca647194935fcf3184a0db42d2554518f9cad
outputs/AURORA_TWETF/aurora_exposure_matched_lambda_reduced_universe/run_20260717_082548/weights/weights_AURORA18_REDUCED_SYNTH_TW50.csv,weights_AURORA18_REDUCED_SYNTH_TW50.csv,.csv,24312,2026-07-17T08:30:53Z,759b0544a9508daaa8aaced3288d8c761ed89a83d9cc622834c8275aa4ab3a07
outputs/AURORA_TWETF/aurora_exposure_matched_lambda_reduced_universe/run_20260717_082548/weights/weights_AURORA18_REDUCED_SYNTH_TW50.parquet,weights_AURORA18_REDUCED_SYNTH_TW50.parquet,.parquet,6876,2026-07-17T08:30:53Z,cee3f79071373162e455b55d6e1d35aacb4a7fa79e49e6e98ff8fb7f08d0c8a8
outputs/AURORA_TWETF/aurora_exposure_matched_lambda_reduced_universe/run_20260717_082548/weights/weights_AURORA18_STATIC_EXPOSURE_MATCHED_CASH.csv,weights_AURORA18_STATIC_EXPOSURE_MATCHED_CASH.csv,.csv,33848,2026-07-17T08:30:39Z,f5c627b13866dae9e530f74c953d3a1a600a2dfd7b1ef45065b1797a469ba354
outputs/AURORA_TWETF/aurora_exposure_matched_lambda_reduced_universe/run_20260717_082548/weights/weights_AURORA18_STATIC_EXPOSURE_MATCHED_CASH.parquet,weights_AURORA18_STATIC_EXPOSURE_MATCHED_CASH.parquet,.parquet,6845,2026-07-17T08:30:39Z,3785d69e8bf51e028d657cc591f0140f5822c8b7b611a55031bdb82db761fa9f
outputs/AURORA_TWETF/aurora_mechanism_controls/run_20260714_082048/diagnostics/optimizer_diagnostics_AURORA16_MC_20D_ONLY_DYNAMIC.csv,optimizer_diagnostics_AURORA16_MC_20D_ONLY_DYNAMIC.csv,.csv,58258,2026-07-14T08:21:04Z,9d52f882cbf3abfbbbcc3c06911ddeda896d4f77afcfac805cab3342725db44f
outputs/AURORA_TWETF/aurora_mechanism_controls/run_20260714_082048/diagnostics/optimizer_diagnostics_AURORA16_MC_20D_ONLY_DYNAMIC.parquet,optimizer_diagnostics_AURORA16_MC_20D_ONLY_DYNAMIC.parquet,.parquet,30635,2026-07-14T08:21:04Z,34aad2749917c5b3138137aa6e6fb8fd587011256d3a1f052062046bcdb7dbab
outputs/AURORA_TWETF/aurora_mechanism_controls/run_20260714_082048/diagnostics/optimizer_diagnostics_AURORA16_MC_60D_ONLY_DYNAMIC.csv,optimizer_diagnostics_AURORA16_MC_60D_ONLY_DYNAMIC.csv,.csv,58225,2026-07-14T08:21:08Z,f237f0b7fdca57f055ed3333a6bb97e3f923bfcff4430c4aa0a395a45ee139e2
outputs/AURORA_TWETF/aurora_mechanism_controls/run_20260714_082048/diagnostics/optimizer_diagnostics_AURORA16_MC_60D_ONLY_DYNAMIC.parquet,optimizer_diagnostics_AURORA16_MC_60D_ONLY_DYNAMIC.parquet,.parquet,30635,2026-07-14T08:21:08Z,ffba617ee63232374573246570e7b60c8a38fd4d3c174266a4b260a6fa6228e5
outputs/AURORA_TWETF/aurora_mechanism_controls/run_20260714_082048/diagnostics/optimizer_diagnostics_AURORA16_MC_CONSTANT_AVERAGE_UNCERTAINTY.csv,optimizer_diagnostics_AURORA16_MC_CONSTANT_AVERAGE_UNCERTAINTY.csv,.csv,65186,2026-07-14T08:21:15Z,df260cb1da295a91cffb8e619c4ae07c0137ee6d2dcca9bc2f333970d124fa64
outputs/AURORA_TWETF/aurora_mechanism_controls/run_20260714_082048/diagnostics/optimizer_diagnostics_AURORA16_MC_CONSTANT_AVERAGE_UNCERTAINTY.parquet,optimizer_diagnostics_AURORA16_MC_CONSTANT_AVERAGE_UNCERTAINTY.parquet,.parquet,27825,2026-07-14T08:21:15Z,63a76763d05bac21eb55e23c344c177b71215bb8127a6f2c9b5e6e29aa46fd7b
outputs/AURORA_TWETF/aurora_mechanism_controls/run_20260714_082048/diagnostics/optimizer_diagnostics_AURORA16_MC_EQUAL_BLEND_DYNAMIC.csv,optimizer_diagnostics_AURORA16_MC_EQUAL_BLEND_DYNAMIC.csv,.csv,59218,2026-07-14T08:21:11Z,9b96293a4f3d4ad99233720232b523c19db13b807b7065ac4e84e416f857a884
outputs/AURORA_TWETF/aurora_mechanism_controls/run_20260714_082048/diagnostics/optimizer_diagnostics_AURORA16_MC_EQUAL_BLEND_DYNAMIC.parquet,optimizer_diagnostics_AURORA16_MC_EQUAL_BLEND_DYNAMIC.parquet,.parquet,30650,2026-07-14T08:21:11Z,52a738219d0afad655596c21f7012eba2ecbbefdafe184146029d1430b9be545
outputs/AURORA_TWETF/aurora_mechanism_controls/run_20260714_082048/diagnostics/optimizer_diagnostics_AURORA16_MC_ORIGINAL_AURORA10_UAMV_B.csv,optimizer_diagnostics_AURORA16_MC_ORIGINAL_AURORA10_UAMV_B.csv,.csv,60795,2026-07-14T08:21:01Z,c209450cd22d4d865cea47af8fb97d046d49c3e979d3839fe345c054f3dfae23
outputs/AURORA_TWETF/aurora_mechanism_controls/run_20260714_082048/diagnostics/optimizer_diagnostics_AURORA16_MC_ORIGINAL_AURORA10_UAMV_B.parquet,optimizer_diagnostics_AURORA16_MC_ORIGINAL_AURORA10_UAMV_B.parquet,.parquet,30675,2026-07-14T08:21:01Z,763d4be50d5272b3b0c1578fc29f7ceab37423271ff3999d2736a6096ebcb0da
outputs/AURORA_TWETF/aurora_mechanism_controls/run_20260714_082048/diagnostics/optimizer_diagnostics_AURORA16_MC_SHUFFLED_PROBABILITIES_SEED_1000.csv,optimizer_diagnostics_AURORA16_MC_SHUFFLED_PROBABILITIES_SEED_1000.csv,.csv,63347,2026-07-14T08:21:18Z,6314fd76fa6606afb7f77fbafa00260dee6b4d98742ffe997ba1950fd1cd3b1b
outputs/AURORA_TWETF/aurora_mechanism_controls/run_20260714_082048/diagnostics/optimizer_diagnostics_AURORA16_MC_SHUFFLED_PROBABILITIES_SEED_1000.parquet,optimizer_diagnostics_AURORA16_MC_SHUFFLED_PROBABILITIES_SEED_1000.parquet,.parquet,30715,2026-07-14T08:21:18Z,46fc63e87914c989251283c8c30e89e973f0a5f771690345fadcf7446314058a
outputs/AURORA_TWETF/aurora_mechanism_controls/run_20260714_082048/diagnostics/optimizer_diagnostics_AURORA16_MC_SHUFFLED_PROBABILITIES_SEED_1001.csv,optimizer_diagnostics_AURORA16_MC_SHUFFLED_PROBABILITIES_SEED_1001.csv,.csv,63347,2026-07-14T08:21:22Z,323fc71f1344e3c6bb2acd948d421da8eaed97be5e08c2eca081552e4b77d703
outputs/AURORA_TWETF/aurora_mechanism_controls/run_20260714_082048/diagnostics/optimizer_diagnostics_AURORA16_MC_SHUFFLED_PROBABILITIES_SEED_1001.parquet,optimizer_diagnostics_AURORA16_MC_SHUFFLED_PROBABILITIES_SEED_1001.parquet,.parquet,30715,2026-07-14T08:21:22Z,9cd430a342657524d43830b77ddeb93b577c1618fcd6783801a9298ba2fdcba0
outputs/AURORA_TWETF/aurora_mechanism_controls/run_20260714_082048/diagnostics/optimizer_diagnostics_AURORA16_MC_SHUFFLED_PROBABILITIES_SEED_1002.csv,optimizer_diagnostics_AURORA16_MC_SHUFFLED_PROBABILITIES_SEED_1002.csv,.csv,63347,2026-07-14T08:21:26Z,b304fbcf7100ea1d8e6f7d0a43e222c9aeb055810d71c001ade8789368970e67
outputs/AURORA_TWETF/aurora_mechanism_controls/run_20260714_082048/diagnostics/optimizer_diagnostics_AURORA16_MC_SHUFFLED_PROBABILITIES_SEED_1002.parquet,optimizer_diagnostics_AURORA16_MC_SHUFFLED_PROBABILITIES_SEED_1002.parquet,.parquet,30715,2026-07-14T08:21:26Z,343ad7942d583235c89686c98d5ba4524a7d976cca5b838fbd31c959618d0876
outputs/AURORA_TWETF/aurora_mechanism_controls/run_20260714_082048/diagnostics/optimizer_diagnostics_AURORA16_MC_SHUFFLED_PROBABILITIES_SEED_1003.csv,optimizer_diagnostics_AURORA16_MC_SHUFFLED_PROBABILITIES_SEED_1003.csv,.csv,63347,2026-07-14T08:21:29Z,e6ada823aad7803ddd9839b96af74a80b763ff9697393f9e2cccce42f2fbba1c
outputs/AURORA_TWETF/aurora_mechanism_controls/run_20260714_082048/diagnostics/optimizer_diagnostics_AURORA16_MC_SHUFFLED_PROBABILITIES_SEED_1003.parquet,optimizer_diagnostics_AURORA16_MC_SHUFFLED_PROBABILITIES_SEED_1003.parquet,.parquet,30715,2026-07-14T08:21:29Z,26f1314a9a20f125c1a59fd74306490d48bbe29a9d40d3d8e9803b042c66d5df
outputs/AURORA_TWETF/aurora_mechanism_controls/run_20260714_082048/diagnostics/optimizer_diagnostics_AURORA16_MC_SHUFFLED_PROBABILITIES_SEED_1004.csv,optimizer_diagnostics_AURORA16_MC_SHUFFLED_PROBABILITIES_SEED_1004.csv,.csv,63347,2026-07-14T08:21:33Z,8410a5c8ee86dee2650b51fa99a5939755845939b67b587c41b6c83b3a5d8932
outputs/AURORA_TWETF/aurora_mechanism_controls/run_20260714_082048/diagnostics/optimizer_diagnostics_AURORA16_MC_SHUFFLED_PROBABILITIES_SEED_1004.parquet,optimizer_diagnostics_AURORA16_MC_SHUFFLED_PROBABILITIES_SEED_1004.parquet,.parquet,30715,2026-07-14T08:21:33Z,3876189110153a6c79099edfdb5ddf3233a63b849c7cc3fb053e5266950c5647
outputs/AURORA_TWETF/aurora_mechanism_controls/run_20260714_082048/diagnostics/optimizer_diagnostics_AURORA16_MC_SHUFFLED_PROBABILITIES_SEED_1005.csv,optimizer_diagnostics_AURORA16_MC_SHUFFLED_PROBABILITIES_SEED_1005.csv,.csv,63347,2026-07-14T08:21:36Z,dce91b14ac37b52bc57b3abd4bda0078005c1afcc5dcc4b5e5bfb8756eb6745a
outputs/AURORA_TWETF/aurora_mechanism_controls/run_20260714_082048/diagnostics/optimizer_diagnostics_AURORA16_MC_SHUFFLED_PROBABILITIES_SEED_1005.parquet,optimizer_diagnostics_AURORA16_MC_SHUFFLED_PROBABILITIES_SEED_1005.parquet,.parquet,30715,2026-07-14T08:21:36Z,752ad622b85cf58baeb002cdcbcb10df9c233adc784cbed0b4f0e3356b7ebfc0
outputs/AURORA_TWETF/aurora_mechanism_controls/run_20260714_082048/diagnostics/optimizer_diagnostics_AURORA16_MC_SHUFFLED_PROBABILITIES_SEED_1006.csv,optimizer_diagnostics_AURORA16_MC_SHUFFLED_PROBABILITIES_SEED_1006.csv,.csv,63347,2026-07-14T08:21:40Z,ffc0ed59e8e450f1cc3c663c1110250b333be736a9be620deae545424909abdf
outputs/AURORA_TWETF/aurora_mechanism_controls/run_20260714_082048/diagnostics/optimizer_diagnostics_AURORA16_MC_SHUFFLED_PROBABILITIES_SEED_1006.parquet,optimizer_diagnostics_AURORA16_MC_SHUFFLED_PROBABILITIES_SEED_1006.parquet,.parquet,30715,2026-07-14T08:21:40Z,02b1fb576b09a5712b4c6ea1ddade3cdf12051ccc995814b5fe38123638d509f
outputs/AURORA_TWETF/aurora_mechanism_controls/run_20260714_082048/diagnostics/optimizer_diagnostics_AURORA16_MC_SHUFFLED_PROBABILITIES_SEED_1007.csv,optimizer_diagnostics_AURORA16_MC_SHUFFLED_PROBABILITIES_SEED_1007.csv,.csv,63347,2026-07-14T08:21:43Z,ef362fdf155d51f4ed9540a8057e72e9f507eb7344c24f1b356b962cd05fba1e
outputs/AURORA_TWETF/aurora_mechanism_controls/run_20260714_082048/diagnostics/optimizer_diagnostics_AURORA16_MC_SHUFFLED_PROBABILITIES_SEED_1007.parquet,optimizer_diagnostics_AURORA16_MC_SHUFFLED_PROBABILITIES_SEED_1007.parquet,.parquet,30715,2026-07-14T08:21:43Z,2ae29e0b9aaf197a3dd91395794491200653910366b9454ac2721564b4bfc970
outputs/AURORA_TWETF/aurora_mechanism_controls/run_20260714_082048/diagnostics/optimizer_diagnostics_AURORA16_MC_SHUFFLED_PROBABILITIES_SEED_1008.csv,optimizer_diagnostics_AURORA16_MC_SHUFFLED_PROBABILITIES_SEED_1008.csv,.csv,63347,2026-07-14T08:21:47Z,6b237b33376e30f14ecf9f7739955a4b80d30526198b0e9124095ffb8a030887
outputs/AURORA_TWETF/aurora_mechanism_controls/run_20260714_082048/diagnostics/optimizer_diagnostics_AURORA16_MC_SHUFFLED_PROBABILITIES_SEED_1008.parquet,optimizer_diagnostics_AURORA16_MC_SHUFFLED_PROBABILITIES_SEED_1008.parquet,.parquet,30715,2026-07-14T08:21:47Z,9257b0e6e83305b08c04e8f5551b4e2260e6f6f7181d8f2ba02bd37aa2e50551
outputs/AURORA_TWETF/aurora_mechanism_controls/run_20260714_082048/diagnostics/optimizer_diagnostics_AURORA16_MC_SHUFFLED_PROBABILITIES_SEED_1009.csv,optimizer_diagnostics_AURORA16_MC_SHUFFLED_PROBABILITIES_SEED_1009.csv,.csv,63347,2026-07-14T08:21:50Z,63f4ee2bcdd9aa80337ab4f3631e3f5cc9b715290cf76ed44d97e9ea0ed69832
outputs/AURORA_TWETF/aurora_mechanism_controls/run_20260714_082048/diagnostics/optimizer_diagnostics_AURORA16_MC_SHUFFLED_PROBABILITIES_SEED_1009.parquet,optimizer_diagnostics_AURORA16_MC_SHUFFLED_PROBABILITIES_SEED_1009.parquet,.parquet,30715,2026-07-14T08:21:50Z,55d7a2356de90ffe8f20741da519590fa516942412afd224eef79dc97fe48720
outputs/AURORA_TWETF/aurora_mechanism_controls/run_20260714_082048/returns/returns_AURORA16_MC_20D_ONLY_DYNAMIC.csv,returns_AURORA16_MC_20D_ONLY_DYNAMIC.csv,.csv,43614,2026-07-14T08:21:04Z,97a213e49e1a162d7f441becb68e58aeeafc5c9e557ddd890612807095690c63
outputs/AURORA_TWETF/aurora_mechanism_controls/run_20260714_082048/returns/returns_AURORA16_MC_20D_ONLY_DYNAMIC.parquet,returns_AURORA16_MC_20D_ONLY_DYNAMIC.parquet,.parquet,20402,2026-07-14T08:21:04Z,bc9e9eaec724eb204fd9f20ed40d9937a3db9680a741751f35509ff909bf5fe5
outputs/AURORA_TWETF/aurora_mechanism_controls/run_20260714_082048/returns/returns_AURORA16_MC_60D_ONLY_DYNAMIC.csv,returns_AURORA16_MC_60D_ONLY_DYNAMIC.csv,.csv,43629,2026-07-14T08:21:08Z,9cd8aa1991639ac3e958e9416848c77edc305439f8d0bfb0b1b1f8ab6dd2683e
outputs/AURORA_TWETF/aurora_mechanism_controls/run_20260714_082048/returns/returns_AURORA16_MC_60D_ONLY_DYNAMIC.parquet,returns_AURORA16_MC_60D_ONLY_DYNAMIC.parquet,.parquet,20402,2026-07-14T08:21:08Z,c93f38bcc0f4d3d2f5b27ffb4bcf11f350a0a4c95b9f6b5cbbbe3c10798a8f71
outputs/AURORA_TWETF/aurora_mechanism_controls/run_20260714_082048/returns/returns_AURORA16_MC_CONSTANT_AVERAGE_UNCERTAINTY.csv,returns_AURORA16_MC_CONSTANT_AVERAGE_UNCERTAINTY.csv,.csv,47433,2026-07-14T08:21:15Z,5efc60e2b9933f9545cd3a0bf66d7a7b9ef43de3b3ef80913db11ad49b67085d
outputs/AURORA_TWETF/aurora_mechanism_controls/run_20260714_082048/returns/returns_AURORA16_MC_CONSTANT_AVERAGE_UNCERTAINTY.parquet,returns_AURORA16_MC_CONSTANT_AVERAGE_UNCERTAINTY.parquet,.parquet,20463,2026-07-14T08:21:15Z,832e7e7a4f1006a834568ac7d82aa5336d1c09c159b1f4fe68d2c5516a3eb2d8
outputs/AURORA_TWETF/aurora_mechanism_controls/run_20260714_082048/returns/returns_AURORA16_MC_EQUAL_BLEND_DYNAMIC.csv,returns_AURORA16_MC_EQUAL_BLEND_DYNAMIC.csv,.csv,44605,2026-07-14T08:21:11Z,38dc03c367f8ba513fe1be121bc2d4d32b118077f30c4fdf5749b35d3f78631d
outputs/AURORA_TWETF/aurora_mechanism_controls/run_20260714_082048/returns/returns_AURORA16_MC_EQUAL_BLEND_DYNAMIC.parquet,returns_AURORA16_MC_EQUAL_BLEND_DYNAMIC.parquet,.parquet,20417,2026-07-14T08:21:11Z,f9aa83c8e798b17457dd39a148fe3d85c446208f459c5df2c2d13dfad2505f70
outputs/AURORA_TWETF/aurora_mechanism_controls/run_20260714_082048/returns/returns_AURORA16_MC_ORIGINAL_AURORA10_UAMV_B.csv,returns_AURORA16_MC_ORIGINAL_AURORA10_UAMV_B.csv,.csv,46157,2026-07-14T08:21:01Z,d5a4ce2cabe73c31b2eb6845e1dfb1912f6c0e7eb0e235118e0c271b1588b71b
outputs/AURORA_TWETF/aurora_mechanism_controls/run_20260714_082048/returns/returns_AURORA16_MC_ORIGINAL_AURORA10_UAMV_B.parquet,returns_AURORA16_MC_ORIGINAL_AURORA10_UAMV_B.parquet,.parquet,20442,2026-07-14T08:21:01Z,60c78551f40f90ee7acddf1f4c2992117ea2395eda742d15df7a96f61c5eb17e
outputs/AURORA_TWETF/aurora_mechanism_controls/run_20260714_082048/returns/returns_AURORA16_MC_SHUFFLED_PROBABILITIES_SEED_1000.csv,returns_AURORA16_MC_SHUFFLED_PROBABILITIES_SEED_1000.csv,.csv,48730,2026-07-14T08:21:18Z,0d17dac4f90db26833483bedca818a7cfb296a8b69630c54bccef417c4c1f5a6
outputs/AURORA_TWETF/aurora_mechanism_controls/run_20260714_082048/returns/returns_AURORA16_MC_SHUFFLED_PROBABILITIES_SEED_1000.parquet,returns_AURORA16_MC_SHUFFLED_PROBABILITIES_SEED_1000.parquet,.parquet,20483,2026-07-14T08:21:18Z,1dab3a52105b94123fa15a644011cb892f26fdc64616b9f9ddf4c3073bdbe0f0
outputs/AURORA_TWETF/aurora_mechanism_controls/run_20260714_082048/returns/returns_AURORA16_MC_SHUFFLED_PROBABILITIES_SEED_1001.csv,returns_AURORA16_MC_SHUFFLED_PROBABILITIES_SEED_1001.csv,.csv,48681,2026-07-14T08:21:22Z,7fc52ff278910cc97fcb61192eb43e80dbd855294273e8d882e8dc84af97ee97
outputs/AURORA_TWETF/aurora_mechanism_controls/run_20260714_082048/returns/returns_AURORA16_MC_SHUFFLED_PROBABILITIES_SEED_1001.parquet,returns_AURORA16_MC_SHUFFLED_PROBABILITIES_SEED_1001.parquet,.parquet,20483,2026-07-14T08:21:22Z,8a34bb848f839ae78c61b5bd04a3cf1cb3e6e36455b0816ed93c92b53e5d8cec
outputs/AURORA_TWETF/aurora_mechanism_controls/run_20260714_082048/returns/returns_AURORA16_MC_SHUFFLED_PROBABILITIES_SEED_1002.csv,returns_AURORA16_MC_SHUFFLED_PROBABILITIES_SEED_1002.csv,.csv,48727,2026-07-14T08:21:26Z,feb2e2430c4e542a770b83f604df64674ac476b3aefeb54ef263b28bd085f427
outputs/AURORA_TWETF/aurora_mechanism_controls/run_20260714_082048/returns/returns_AURORA16_MC_SHUFFLED_PROBABILITIES_SEED_1002.parquet,returns_AURORA16_MC_SHUFFLED_PROBABILITIES_SEED_1002.parquet,.parquet,20483,2026-07-14T08:21:25Z,b3b526afc19c1041f72d5f05ae2d88a80edebb91b25f7be52236a0cf691f58ba
outputs/AURORA_TWETF/aurora_mechanism_controls/run_20260714_082048/returns/returns_AURORA16_MC_SHUFFLED_PROBABILITIES_SEED_1003.csv,returns_AURORA16_MC_SHUFFLED_PROBABILITIES_SEED_1003.csv,.csv,48761,2026-07-14T08:21:29Z,c07e09fcab980c8e9a4929cb6364591b6d4704106d482e4677fca9b01535e6d6
outputs/AURORA_TWETF/aurora_mechanism_controls/run_20260714_082048/returns/returns_AURORA16_MC_SHUFFLED_PROBABILITIES_SEED_1003.parquet,returns_AURORA16_MC_SHUFFLED_PROBABILITIES_SEED_1003.parquet,.parquet,20483,2026-07-14T08:21:29Z,2fdc789fa4a6ff4999ccf7da197b1449e8ce41389b286801824c39cb80e7fea9
outputs/AURORA_TWETF/aurora_mechanism_controls/run_20260714_082048/returns/returns_AURORA16_MC_SHUFFLED_PROBABILITIES_SEED_1004.csv,returns_AURORA16_MC_SHUFFLED_PROBABILITIES_SEED_1004.csv,.csv,48723,2026-07-14T08:21:33Z,a3601102016271f007599ee1fdc087d8d29c0497256d3a407446042ae78677da
outputs/AURORA_TWETF/aurora_mechanism_controls/run_20260714_082048/returns/returns_AURORA16_MC_SHUFFLED_PROBABILITIES_SEED_1004.parquet,returns_AURORA16_MC_SHUFFLED_PROBABILITIES_SEED_1004.parquet,.parquet,20483,2026-07-14T08:21:33Z,304ce37ab31f4e1649cf1e8bd7d61dbe1be19b5c81f0174fb346a4d019ba02d7
outputs/AURORA_TWETF/aurora_mechanism_controls/run_20260714_082048/returns/returns_AURORA16_MC_SHUFFLED_PROBABILITIES_SEED_1005.csv,returns_AURORA16_MC_SHUFFLED_PROBABILITIES_SEED_1005.csv,.csv,48722,2026-07-14T08:21:36Z,77ae91832ef8838318b96f265dee01338eb78d48636569b55a0cd59d25caa72a
outputs/AURORA_TWETF/aurora_mechanism_controls/run_20260714_082048/returns/returns_AURORA16_MC_SHUFFLED_PROBABILITIES_SEED_1005.parquet,returns_AURORA16_MC_SHUFFLED_PROBABILITIES_SEED_1005.parquet,.parquet,20483,2026-07-14T08:21:36Z,dd8d1685b5f20b5eda1bb19096e5dc64ddc665c6bb081de7bb28a31c66d2e9a7
outputs/AURORA_TWETF/aurora_mechanism_controls/run_20260714_082048/returns/returns_AURORA16_MC_SHUFFLED_PROBABILITIES_SEED_1006.csv,returns_AURORA16_MC_SHUFFLED_PROBABILITIES_SEED_1006.csv,.csv,48724,2026-07-14T08:21:40Z,09360dbc38cf8a06b78734d036c268bcc6d23cd4d4e49e34e00029b5127edffe
outputs/AURORA_TWETF/aurora_mechanism_controls/run_20260714_082048/returns/returns_AURORA16_MC_SHUFFLED_PROBABILITIES_SEED_1006.parquet,returns_AURORA16_MC_SHUFFLED_PROBABILITIES_SEED_1006.parquet,.parquet,20483,2026-07-14T08:21:40Z,0c59349b179af07a913724d98800f98ff9c6afcafe369f9043365ae38a6f9729
outputs/AURORA_TWETF/aurora_mechanism_controls/run_20260714_082048/returns/returns_AURORA16_MC_SHUFFLED_PROBABILITIES_SEED_1007.csv,returns_AURORA16_MC_SHUFFLED_PROBABILITIES_SEED_1007.csv,.csv,48716,2026-07-14T08:21:43Z,bec3fe45d1f73ba30f6579fb4d0c3c7b934b42d84a0fcab69901f7fe986b8e7b
outputs/AURORA_TWETF/aurora_mechanism_controls/run_20260714_082048/returns/returns_AURORA16_MC_SHUFFLED_PROBABILITIES_SEED_1007.parquet,returns_AURORA16_MC_SHUFFLED_PROBABILITIES_SEED_1007.parquet,.parquet,20483,2026-07-14T08:21:43Z,cd9b459cd4f7ffdaa5173e62d65b67b6c5af90cd989aec32c7971a84c493112a
outputs/AURORA_TWETF/aurora_mechanism_controls/run_20260714_082048/returns/returns_AURORA16_MC_SHUFFLED_PROBABILITIES_SEED_1008.csv,returns_AURORA16_MC_SHUFFLED_PROBABILITIES_SEED_1008.csv,.csv,48714,2026-07-14T08:21:47Z,b7e43143933dc497b5428fccd1b98dffed7be3c868e2b90c7d4a61d0f2040355
outputs/AURORA_TWETF/aurora_mechanism_controls/run_20260714_082048/returns/returns_AURORA16_MC_SHUFFLED_PROBABILITIES_SEED_1008.parquet,returns_AURORA16_MC_SHUFFLED_PROBABILITIES_SEED_1008.parquet,.parquet,20483,2026-07-14T08:21:47Z,79b03a3aa97c9ceeb021adf8b6fd5f7020fa9ea5e043262faed3359b6fe46aba
outputs/AURORA_TWETF/aurora_mechanism_controls/run_20260714_082048/returns/returns_AURORA16_MC_SHUFFLED_PROBABILITIES_SEED_1009.csv,returns_AURORA16_MC_SHUFFLED_PROBABILITIES_SEED_1009.csv,.csv,48732,2026-07-14T08:21:50Z,484f06e4247f3c55ea414de33f841cc3dd091d66f8c6d9dd3c1b043cd74bbec3
outputs/AURORA_TWETF/aurora_mechanism_controls/run_20260714_082048/returns/returns_AURORA16_MC_SHUFFLED_PROBABILITIES_SEED_1009.parquet,returns_AURORA16_MC_SHUFFLED_PROBABILITIES_SEED_1009.parquet,.parquet,20483,2026-07-14T08:21:50Z,0b5c3023bf5596c03cf7be88ad16526f81259d256cf988d151a9f330eed36744
outputs/AURORA_TWETF/aurora_mechanism_controls/run_20260714_082048/returns/returns_MC_STATIC_4435_EQUITY_5565_CASH.csv,returns_MC_STATIC_4435_EQUITY_5565_CASH.csv,.csv,43905,2026-07-14T08:20:57Z,86c4788b495d7bbd998f932f36ae9f09274f778f42fd69aa37614da819322826
outputs/AURORA_TWETF/aurora_mechanism_controls/run_20260714_082048/returns/returns_MC_STATIC_4435_EQUITY_5565_CASH.parquet,returns_MC_STATIC_4435_EQUITY_5565_CASH.parquet,.parquet,19954,2026-07-14T08:20:57Z,58ecd50745a281cfa68c102144ddaf666f39f414fcd62bb260ab04db9744af7f
outputs/AURORA_TWETF/aurora_mechanism_controls/run_20260714_082048/weights/weights_AURORA16_MC_20D_ONLY_DYNAMIC.csv,weights_AURORA16_MC_20D_ONLY_DYNAMIC.csv,.csv,30565,2026-07-14T08:21:04Z,5b3e651cbd2e1f2f79135325b7dc2116c6e2ca51daceb67f0d2d7ee97bfd2d2f
outputs/AURORA_TWETF/aurora_mechanism_controls/run_20260714_082048/weights/weights_AURORA16_MC_20D_ONLY_DYNAMIC.parquet,weights_AURORA16_MC_20D_ONLY_DYNAMIC.parquet,.parquet,7536,2026-07-14T08:21:04Z,c7485d41db03dd13a539f6c82065c09193b6b15a47eb0b4fc7883bb8585582f4
outputs/AURORA_TWETF/aurora_mechanism_controls/run_20260714_082048/weights/weights_AURORA16_MC_60D_ONLY_DYNAMIC.csv,weights_AURORA16_MC_60D_ONLY_DYNAMIC.csv,.csv,30469,2026-07-14T08:21:08Z,3bb5138ef56041db975c46812e0719f644d6547293e30cf2c3ef0e529e11ae4f
outputs/AURORA_TWETF/aurora_mechanism_controls/run_20260714_082048/weights/weights_AURORA16_MC_60D_ONLY_DYNAMIC.parquet,weights_AURORA16_MC_60D_ONLY_DYNAMIC.parquet,.parquet,7536,2026-07-14T08:21:08Z,80787213cfdad970756218bb2f367890107cf7b2b189ed5b08423135f3945546
outputs/AURORA_TWETF/aurora_mechanism_controls/run_20260714_082048/weights/weights_AURORA16_MC_CONSTANT_AVERAGE_UNCERTAINTY.csv,weights_AURORA16_MC_CONSTANT_AVERAGE_UNCERTAINTY.csv,.csv,30127,2026-07-14T08:21:15Z,bf709231d070e847049505041dcb55ad3c1454d210713275d19f20f0084901e3
outputs/AURORA_TWETF/aurora_mechanism_controls/run_20260714_082048/weights/weights_AURORA16_MC_CONSTANT_AVERAGE_UNCERTAINTY.parquet,weights_AURORA16_MC_CONSTANT_AVERAGE_UNCERTAINTY.parquet,.parquet,7523,2026-07-14T08:21:15Z,e600a94afc8c94613ac74462b5f2e1e2dfebf23dcdeec5c2c76507214085c609
outputs/AURORA_TWETF/aurora_mechanism_controls/run_20260714_082048/weights/weights_AURORA16_MC_EQUAL_BLEND_DYNAMIC.csv,weights_AURORA16_MC_EQUAL_BLEND_DYNAMIC.csv,.csv,29734,2026-07-14T08:21:11Z,08b7751fdf58e91bb422d71b370d61e1438a3ea6cbb188a7c35bc3e7212ba37b
outputs/AURORA_TWETF/aurora_mechanism_controls/run_20260714_082048/weights/weights_AURORA16_MC_EQUAL_BLEND_DYNAMIC.parquet,weights_AURORA16_MC_EQUAL_BLEND_DYNAMIC.parquet,.parquet,7516,2026-07-14T08:21:11Z,6d807b7ea98dba981f7ea82c91b823893d8c7e80bc340839aa2b31a10f13358f
outputs/AURORA_TWETF/aurora_mechanism_controls/run_20260714_082048/weights/weights_AURORA16_MC_ORIGINAL_AURORA10_UAMV_B.csv,weights_AURORA16_MC_ORIGINAL_AURORA10_UAMV_B.csv,.csv,30076,2026-07-14T08:21:01Z,fac0570f911a342f78a2f4f1c28ba46a215ebb9a03417421596764223500924c
outputs/AURORA_TWETF/aurora_mechanism_controls/run_20260714_082048/weights/weights_AURORA16_MC_ORIGINAL_AURORA10_UAMV_B.parquet,weights_AURORA16_MC_ORIGINAL_AURORA10_UAMV_B.parquet,.parquet,7527,2026-07-14T08:21:01Z,acc20c53bb9cec48d0d507cabffb030831be91550956348631052b87ab4f1b49
outputs/AURORA_TWETF/aurora_mechanism_controls/run_20260714_082048/weights/weights_AURORA16_MC_SHUFFLED_PROBABILITIES_SEED_1000.csv,weights_AURORA16_MC_SHUFFLED_PROBABILITIES_SEED_1000.csv,.csv,29860,2026-07-14T08:21:18Z,d4f88b24b276960bb62d971382b2bd3841c18587bb995cb7a099ed35152955fb
outputs/AURORA_TWETF/aurora_mechanism_controls/run_20260714_082048/weights/weights_AURORA16_MC_SHUFFLED_PROBABILITIES_SEED_1000.parquet,weights_AURORA16_MC_SHUFFLED_PROBABILITIES_SEED_1000.parquet,.parquet,7517,2026-07-14T08:21:18Z,24209288ba7c7c0f8e2cd49ceeba7a80ef553964843dc7aa475d1f4d7a58bff9
outputs/AURORA_TWETF/aurora_mechanism_controls/run_20260714_082048/weights/weights_AURORA16_MC_SHUFFLED_PROBABILITIES_SEED_1001.csv,weights_AURORA16_MC_SHUFFLED_PROBABILITIES_SEED_1001.csv,.csv,30844,2026-07-14T08:21:22Z,55c99c81852441f0d1dcf313d568782885e634c63c9bb08562275b28a06cde57
outputs/AURORA_TWETF/aurora_mechanism_controls/run_20260714_082048/weights/weights_AURORA16_MC_SHUFFLED_PROBABILITIES_SEED_1001.parquet,weights_AURORA16_MC_SHUFFLED_PROBABILITIES_SEED_1001.parquet,.parquet,7545,2026-07-14T08:21:22Z,ceee9ae6d7c0d09354fae9a322a17bf6b8b7f077aaa855a39223ef88767273a9
outputs/AURORA_TWETF/aurora_mechanism_controls/run_20260714_082048/weights/weights_AURORA16_MC_SHUFFLED_PROBABILITIES_SEED_1002.csv,weights_AURORA16_MC_SHUFFLED_PROBABILITIES_SEED_1002.csv,.csv,29758,2026-07-14T08:21:26Z,f6f0c20e87e3dec6a714c1e806e525450fc7423f870c58f6ec4bf34248e2a2c8
outputs/AURORA_TWETF/aurora_mechanism_controls/run_20260714_082048/weights/weights_AURORA16_MC_SHUFFLED_PROBABILITIES_SEED_1002.parquet,weights_AURORA16_MC_SHUFFLED_PROBABILITIES_SEED_1002.parquet,.parquet,7516,2026-07-14T08:21:26Z,004f9db7d6f6926c38f0acd1f8f0bbb79d1de64198fadc8cf8e92d27970fc177
outputs/AURORA_TWETF/aurora_mechanism_controls/run_20260714_082048/weights/weights_AURORA16_MC_SHUFFLED_PROBABILITIES_SEED_1003.csv,weights_AURORA16_MC_SHUFFLED_PROBABILITIES_SEED_1003.csv,.csv,29565,2026-07-14T08:21:29Z,178efacc1156a7b6adfe92733d2942fd953d5d563c1786129352f187a0e8450d
outputs/AURORA_TWETF/aurora_mechanism_controls/run_20260714_082048/weights/weights_AURORA16_MC_SHUFFLED_PROBABILITIES_SEED_1003.parquet,weights_AURORA16_MC_SHUFFLED_PROBABILITIES_SEED_1003.parquet,.parquet,7506,2026-07-14T08:21:29Z,bfd18f1d71ee7f2f98b16af6ad1ba210f8341bcce4df74a673bb45b7e3d0a0f1
outputs/AURORA_TWETF/aurora_mechanism_controls/run_20260714_082048/weights/weights_AURORA16_MC_SHUFFLED_PROBABILITIES_SEED_1004.csv,weights_AURORA16_MC_SHUFFLED_PROBABILITIES_SEED_1004.csv,.csv,29271,2026-07-14T08:21:33Z,5ca04a9f4ea496eeca129ea303f4260211e1a6d7ece54509e62acf2af8dbf7fc
outputs/AURORA_TWETF/aurora_mechanism_controls/run_20260714_082048/weights/weights_AURORA16_MC_SHUFFLED_PROBABILITIES_SEED_1004.parquet,weights_AURORA16_MC_SHUFFLED_PROBABILITIES_SEED_1004.parquet,.parquet,7506,2026-07-14T08:21:33Z,dee05dee49ecfc51453e095172f878355f4bc778977cffab6daac560a6c0eba6
outputs/AURORA_TWETF/aurora_mechanism_controls/run_20260714_082048/weights/weights_AURORA16_MC_SHUFFLED_PROBABILITIES_SEED_1005.csv,weights_AURORA16_MC_SHUFFLED_PROBABILITIES_SEED_1005.csv,.csv,30198,2026-07-14T08:21:36Z,c7b6d91468d3618d14c77e20662432068a402cfce3b68ff785a1a719c46b9f79
outputs/AURORA_TWETF/aurora_mechanism_controls/run_20260714_082048/weights/weights_AURORA16_MC_SHUFFLED_PROBABILITIES_SEED_1005.parquet,weights_AURORA16_MC_SHUFFLED_PROBABILITIES_SEED_1005.parquet,.parquet,7527,2026-07-14T08:21:36Z,530eaf82fe3122063097f56072411912badc88e5dfff5951d573448c1847499b
outputs/AURORA_TWETF/aurora_mechanism_controls/run_20260714_082048/weights/weights_AURORA16_MC_SHUFFLED_PROBABILITIES_SEED_1006.csv,weights_AURORA16_MC_SHUFFLED_PROBABILITIES_SEED_1006.csv,.csv,29999,2026-07-14T08:21:40Z,7dfaee9638879f2b1f4e12edc3f9a27f8b8484dcf1ca929fd60ccae3e9d34249
outputs/AURORA_TWETF/aurora_mechanism_controls/run_20260714_082048/weights/weights_AURORA16_MC_SHUFFLED_PROBABILITIES_SEED_1006.parquet,weights_AURORA16_MC_SHUFFLED_PROBABILITIES_SEED_1006.parquet,.parquet,7526,2026-07-14T08:21:40Z,30f91f9e234b2ba6ae6544aff08ec0092dd734a19d803e2b38f98a2e4e910261
outputs/AURORA_TWETF/aurora_mechanism_controls/run_20260714_082048/weights/weights_AURORA16_MC_SHUFFLED_PROBABILITIES_SEED_1007.csv,weights_AURORA16_MC_SHUFFLED_PROBABILITIES_SEED_1007.csv,.csv,30592,2026-07-14T08:21:43Z,60945f23ac69a0b3730cd104efeb615376146da4922fa044fedd9992806a6c2b
outputs/AURORA_TWETF/aurora_mechanism_controls/run_20260714_082048/weights/weights_AURORA16_MC_SHUFFLED_PROBABILITIES_SEED_1007.parquet,weights_AURORA16_MC_SHUFFLED_PROBABILITIES_SEED_1007.parquet,.parquet,7534,2026-07-14T08:21:43Z,b243eb213af7d2e4f89ff4b69c6617738413a623160debafd83ea55ffe4eeb5b
outputs/AURORA_TWETF/aurora_mechanism_controls/run_20260714_082048/weights/weights_AURORA16_MC_SHUFFLED_PROBABILITIES_SEED_1008.csv,weights_AURORA16_MC_SHUFFLED_PROBABILITIES_SEED_1008.csv,.csv,29736,2026-07-14T08:21:47Z,b3509d6728287726855556cc506fd067b448804a35f0ddc1345d165c0956ef22
outputs/AURORA_TWETF/aurora_mechanism_controls/run_20260714_082048/weights/weights_AURORA16_MC_SHUFFLED_PROBABILITIES_SEED_1008.parquet,weights_AURORA16_MC_SHUFFLED_PROBABILITIES_SEED_1008.parquet,.parquet,7516,2026-07-14T08:21:47Z,903b6bfd44a98c8348885203027f70731b021720a2cc40d2c4bb252717de9845
outputs/AURORA_TWETF/aurora_mechanism_controls/run_20260714_082048/weights/weights_AURORA16_MC_SHUFFLED_PROBABILITIES_SEED_1009.csv,weights_AURORA16_MC_SHUFFLED_PROBABILITIES_SEED_1009.csv,.csv,30950,2026-07-14T08:21:50Z,913488ef5758de93303c522fdd565c9a558e9ef1b0c603320f3d44e17694b705
outputs/AURORA_TWETF/aurora_mechanism_controls/run_20260714_082048/weights/weights_AURORA16_MC_SHUFFLED_PROBABILITIES_SEED_1009.parquet,weights_AURORA16_MC_SHUFFLED_PROBABILITIES_SEED_1009.parquet,.parquet,7545,2026-07-14T08:21:50Z,60d0db68ebb3897225fc707631751d669eb0c79502898c4905225631588c9f82
outputs/AURORA_TWETF/aurora_mechanism_controls/run_20260714_082048/weights/weights_MC_STATIC_4435_EQUITY_5565_CASH.csv,weights_MC_STATIC_4435_EQUITY_5565_CASH.csv,.csv,17260,2026-07-14T08:20:57Z,0dca03fec18bddc642a91511efaa7037ec143aa512cd9562100fadc29692e019
outputs/AURORA_TWETF/aurora_mechanism_controls/run_20260714_082048/weights/weights_MC_STATIC_4435_EQUITY_5565_CASH.parquet,weights_MC_STATIC_4435_EQUITY_5565_CASH.parquet,.parquet,6845,2026-07-14T08:20:57Z,9ca533a0e6c0b99ab3e4846360219f1a7438f28ddcdf10b956060ad713f09354
outputs/AURORA_TWETF/aurora_mechanism_controls/run_20260714_082252/diagnostics/optimizer_diagnostics_AURORA16_MC_20D_ONLY_DYNAMIC.csv,optimizer_diagnostics_AURORA16_MC_20D_ONLY_DYNAMIC.csv,.csv,58258,2026-07-14T08:23:02Z,9d52f882cbf3abfbbbcc3c06911ddeda896d4f77afcfac805cab3342725db44f
outputs/AURORA_TWETF/aurora_mechanism_controls/run_20260714_082252/diagnostics/optimizer_diagnostics_AURORA16_MC_20D_ONLY_DYNAMIC.parquet,optimizer_diagnostics_AURORA16_MC_20D_ONLY_DYNAMIC.parquet,.parquet,30635,2026-07-14T08:23:02Z,34aad2749917c5b3138137aa6e6fb8fd587011256d3a1f052062046bcdb7dbab
outputs/AURORA_TWETF/aurora_mechanism_controls/run_20260714_082252/diagnostics/optimizer_diagnostics_AURORA16_MC_60D_ONLY_DYNAMIC.csv,optimizer_diagnostics_AURORA16_MC_60D_ONLY_DYNAMIC.csv,.csv,58225,2026-07-14T08:23:05Z,f237f0b7fdca57f055ed3333a6bb97e3f923bfcff4430c4aa0a395a45ee139e2
outputs/AURORA_TWETF/aurora_mechanism_controls/run_20260714_082252/diagnostics/optimizer_diagnostics_AURORA16_MC_60D_ONLY_DYNAMIC.parquet,optimizer_diagnostics_AURORA16_MC_60D_ONLY_DYNAMIC.parquet,.parquet,30635,2026-07-14T08:23:05Z,ffba617ee63232374573246570e7b60c8a38fd4d3c174266a4b260a6fa6228e5
outputs/AURORA_TWETF/aurora_mechanism_controls/run_20260714_082252/diagnostics/optimizer_diagnostics_AURORA16_MC_CONSTANT_AVERAGE_UNCERTAINTY.csv,optimizer_diagnostics_AURORA16_MC_CONSTANT_AVERAGE_UNCERTAINTY.csv,.csv,65186,2026-07-14T08:23:12Z,df260cb1da295a91cffb8e619c4ae07c0137ee6d2dcca9bc2f333970d124fa64
outputs/AURORA_TWETF/aurora_mechanism_controls/run_20260714_082252/diagnostics/optimizer_diagnostics_AURORA16_MC_CONSTANT_AVERAGE_UNCERTAINTY.parquet,optimizer_diagnostics_AURORA16_MC_CONSTANT_AVERAGE_UNCERTAINTY.parquet,.parquet,27825,2026-07-14T08:23:12Z,63a76763d05bac21eb55e23c344c177b71215bb8127a6f2c9b5e6e29aa46fd7b
outputs/AURORA_TWETF/aurora_mechanism_controls/run_20260714_082252/diagnostics/optimizer_diagnostics_AURORA16_MC_EQUAL_BLEND_DYNAMIC.csv,optimizer_diagnostics_AURORA16_MC_EQUAL_BLEND_DYNAMIC.csv,.csv,59218,2026-07-14T08:23:09Z,9b96293a4f3d4ad99233720232b523c19db13b807b7065ac4e84e416f857a884
outputs/AURORA_TWETF/aurora_mechanism_controls/run_20260714_082252/diagnostics/optimizer_diagnostics_AURORA16_MC_EQUAL_BLEND_DYNAMIC.parquet,optimizer_diagnostics_AURORA16_MC_EQUAL_BLEND_DYNAMIC.parquet,.parquet,30650,2026-07-14T08:23:09Z,52a738219d0afad655596c21f7012eba2ecbbefdafe184146029d1430b9be545
outputs/AURORA_TWETF/aurora_mechanism_controls/run_20260714_082252/diagnostics/optimizer_diagnostics_AURORA16_MC_ORIGINAL_AURORA10_UAMV_B.csv,optimizer_diagnostics_AURORA16_MC_ORIGINAL_AURORA10_UAMV_B.csv,.csv,60795,2026-07-14T08:22:59Z,c209450cd22d4d865cea47af8fb97d046d49c3e979d3839fe345c054f3dfae23
outputs/AURORA_TWETF/aurora_mechanism_controls/run_20260714_082252/diagnostics/optimizer_diagnostics_AURORA16_MC_ORIGINAL_AURORA10_UAMV_B.parquet,optimizer_diagnostics_AURORA16_MC_ORIGINAL_AURORA10_UAMV_B.parquet,.parquet,30675,2026-07-14T08:22:59Z,763d4be50d5272b3b0c1578fc29f7ceab37423271ff3999d2736a6096ebcb0da
outputs/AURORA_TWETF/aurora_mechanism_controls/run_20260714_082252/diagnostics/optimizer_diagnostics_AURORA16_MC_SHUFFLED_PROBABILITIES_SEED_1000.csv,optimizer_diagnostics_AURORA16_MC_SHUFFLED_PROBABILITIES_SEED_1000.csv,.csv,63347,2026-07-14T08:23:16Z,6314fd76fa6606afb7f77fbafa00260dee6b4d98742ffe997ba1950fd1cd3b1b
outputs/AURORA_TWETF/aurora_mechanism_controls/run_20260714_082252/diagnostics/optimizer_diagnostics_AURORA16_MC_SHUFFLED_PROBABILITIES_SEED_1000.parquet,optimizer_diagnostics_AURORA16_MC_SHUFFLED_PROBABILITIES_SEED_1000.parquet,.parquet,30715,2026-07-14T08:23:16Z,46fc63e87914c989251283c8c30e89e973f0a5f771690345fadcf7446314058a
outputs/AURORA_TWETF/aurora_mechanism_controls/run_20260714_082252/diagnostics/optimizer_diagnostics_AURORA16_MC_SHUFFLED_PROBABILITIES_SEED_1001.csv,optimizer_diagnostics_AURORA16_MC_SHUFFLED_PROBABILITIES_SEED_1001.csv,.csv,63347,2026-07-14T08:23:19Z,323fc71f1344e3c6bb2acd948d421da8eaed97be5e08c2eca081552e4b77d703
outputs/AURORA_TWETF/aurora_mechanism_controls/run_20260714_082252/diagnostics/optimizer_diagnostics_AURORA16_MC_SHUFFLED_PROBABILITIES_SEED_1001.parquet,optimizer_diagnostics_AURORA16_MC_SHUFFLED_PROBABILITIES_SEED_1001.parquet,.parquet,30715,2026-07-14T08:23:19Z,9cd430a342657524d43830b77ddeb93b577c1618fcd6783801a9298ba2fdcba0
outputs/AURORA_TWETF/aurora_mechanism_controls/run_20260714_082252/diagnostics/optimizer_diagnostics_AURORA16_MC_SHUFFLED_PROBABILITIES_SEED_1002.csv,optimizer_diagnostics_AURORA16_MC_SHUFFLED_PROBABILITIES_SEED_1002.csv,.csv,63347,2026-07-14T08:23:23Z,b304fbcf7100ea1d8e6f7d0a43e222c9aeb055810d71c001ade8789368970e67
outputs/AURORA_TWETF/aurora_mechanism_controls/run_20260714_082252/diagnostics/optimizer_diagnostics_AURORA16_MC_SHUFFLED_PROBABILITIES_SEED_1002.parquet,optimizer_diagnostics_AURORA16_MC_SHUFFLED_PROBABILITIES_SEED_1002.parquet,.parquet,30715,2026-07-14T08:23:23Z,343ad7942d583235c89686c98d5ba4524a7d976cca5b838fbd31c959618d0876
outputs/AURORA_TWETF/aurora_mechanism_controls/run_20260714_082252/diagnostics/optimizer_diagnostics_AURORA16_MC_SHUFFLED_PROBABILITIES_SEED_1003.csv,optimizer_diagnostics_AURORA16_MC_SHUFFLED_PROBABILITIES_SEED_1003.csv,.csv,63347,2026-07-14T08:23:26Z,e6ada823aad7803ddd9839b96af74a80b763ff9697393f9e2cccce42f2fbba1c
outputs/AURORA_TWETF/aurora_mechanism_controls/run_20260714_082252/diagnostics/optimizer_diagnostics_AURORA16_MC_SHUFFLED_PROBABILITIES_SEED_1003.parquet,optimizer_diagnostics_AURORA16_MC_SHUFFLED_PROBABILITIES_SEED_1003.parquet,.parquet,30715,2026-07-14T08:23:26Z,26f1314a9a20f125c1a59fd74306490d48bbe29a9d40d3d8e9803b042c66d5df
outputs/AURORA_TWETF/aurora_mechanism_controls/run_20260714_082252/diagnostics/optimizer_diagnostics_AURORA16_MC_SHUFFLED_PROBABILITIES_SEED_1004.csv,optimizer_diagnostics_AURORA16_MC_SHUFFLED_PROBABILITIES_SEED_1004.csv,.csv,63347,2026-07-14T08:23:29Z,8410a5c8ee86dee2650b51fa99a5939755845939b67b587c41b6c83b3a5d8932
outputs/AURORA_TWETF/aurora_mechanism_controls/run_20260714_082252/diagnostics/optimizer_diagnostics_AURORA16_MC_SHUFFLED_PROBABILITIES_SEED_1004.parquet,optimizer_diagnostics_AURORA16_MC_SHUFFLED_PROBABILITIES_SEED_1004.parquet,.parquet,30715,2026-07-14T08:23:29Z,3876189110153a6c79099edfdb5ddf3233a63b849c7cc3fb053e5266950c5647
outputs/AURORA_TWETF/aurora_mechanism_controls/run_20260714_082252/diagnostics/optimizer_diagnostics_AURORA16_MC_SHUFFLED_PROBABILITIES_SEED_1005.csv,optimizer_diagnostics_AURORA16_MC_SHUFFLED_PROBABILITIES_SEED_1005.csv,.csv,63347,2026-07-14T08:23:33Z,dce91b14ac37b52bc57b3abd4bda0078005c1afcc5dcc4b5e5bfb8756eb6745a
outputs/AURORA_TWETF/aurora_mechanism_controls/run_20260714_082252/diagnostics/optimizer_diagnostics_AURORA16_MC_SHUFFLED_PROBABILITIES_SEED_1005.parquet,optimizer_diagnostics_AURORA16_MC_SHUFFLED_PROBABILITIES_SEED_1005.parquet,.parquet,30715,2026-07-14T08:23:33Z,752ad622b85cf58baeb002cdcbcb10df9c233adc784cbed0b4f0e3356b7ebfc0
outputs/AURORA_TWETF/aurora_mechanism_controls/run_20260714_082252/diagnostics/optimizer_diagnostics_AURORA16_MC_SHUFFLED_PROBABILITIES_SEED_1006.csv,optimizer_diagnostics_AURORA16_MC_SHUFFLED_PROBABILITIES_SEED_1006.csv,.csv,63347,2026-07-14T08:23:36Z,ffc0ed59e8e450f1cc3c663c1110250b333be736a9be620deae545424909abdf
outputs/AURORA_TWETF/aurora_mechanism_controls/run_20260714_082252/diagnostics/optimizer_diagnostics_AURORA16_MC_SHUFFLED_PROBABILITIES_SEED_1006.parquet,optimizer_diagnostics_AURORA16_MC_SHUFFLED_PROBABILITIES_SEED_1006.parquet,.parquet,30715,2026-07-14T08:23:36Z,02b1fb576b09a5712b4c6ea1ddade3cdf12051ccc995814b5fe38123638d509f
outputs/AURORA_TWETF/aurora_mechanism_controls/run_20260714_082252/diagnostics/optimizer_diagnostics_AURORA16_MC_SHUFFLED_PROBABILITIES_SEED_1007.csv,optimizer_diagnostics_AURORA16_MC_SHUFFLED_PROBABILITIES_SEED_1007.csv,.csv,63347,2026-07-14T08:23:39Z,ef362fdf155d51f4ed9540a8057e72e9f507eb7344c24f1b356b962cd05fba1e
outputs/AURORA_TWETF/aurora_mechanism_controls/run_20260714_082252/diagnostics/optimizer_diagnostics_AURORA16_MC_SHUFFLED_PROBABILITIES_SEED_1007.parquet,optimizer_diagnostics_AURORA16_MC_SHUFFLED_PROBABILITIES_SEED_1007.parquet,.parquet,30715,2026-07-14T08:23:39Z,2ae29e0b9aaf197a3dd91395794491200653910366b9454ac2721564b4bfc970
outputs/AURORA_TWETF/aurora_mechanism_controls/run_20260714_082252/diagnostics/optimizer_diagnostics_AURORA16_MC_SHUFFLED_PROBABILITIES_SEED_1008.csv,optimizer_diagnostics_AURORA16_MC_SHUFFLED_PROBABILITIES_SEED_1008.csv,.csv,63347,2026-07-14T08:23:43Z,6b237b33376e30f14ecf9f7739955a4b80d30526198b0e9124095ffb8a030887
outputs/AURORA_TWETF/aurora_mechanism_controls/run_20260714_082252/diagnostics/optimizer_diagnostics_AURORA16_MC_SHUFFLED_PROBABILITIES_SEED_1008.parquet,optimizer_diagnostics_AURORA16_MC_SHUFFLED_PROBABILITIES_SEED_1008.parquet,.parquet,30715,2026-07-14T08:23:43Z,9257b0e6e83305b08c04e8f5551b4e2260e6f6f7181d8f2ba02bd37aa2e50551
outputs/AURORA_TWETF/aurora_mechanism_controls/run_20260714_082252/diagnostics/optimizer_diagnostics_AURORA16_MC_SHUFFLED_PROBABILITIES_SEED_1009.csv,optimizer_diagnostics_AURORA16_MC_SHUFFLED_PROBABILITIES_SEED_1009.csv,.csv,63347,2026-07-14T08:23:46Z,63f4ee2bcdd9aa80337ab4f3631e3f5cc9b715290cf76ed44d97e9ea0ed69832
outputs/AURORA_TWETF/aurora_mechanism_controls/run_20260714_082252/diagnostics/optimizer_diagnostics_AURORA16_MC_SHUFFLED_PROBABILITIES_SEED_1009.parquet,optimizer_diagnostics_AURORA16_MC_SHUFFLED_PROBABILITIES_SEED_1009.parquet,.parquet,30715,2026-07-14T08:23:46Z,55d7a2356de90ffe8f20741da519590fa516942412afd224eef79dc97fe48720
outputs/AURORA_TWETF/aurora_mechanism_controls/run_20260714_082252/returns/returns_AURORA16_MC_20D_ONLY_DYNAMIC.csv,returns_AURORA16_MC_20D_ONLY_DYNAMIC.csv,.csv,43614,2026-07-14T08:23:02Z,97a213e49e1a162d7f441becb68e58aeeafc5c9e557ddd890612807095690c63
outputs/AURORA_TWETF/aurora_mechanism_controls/run_20260714_082252/returns/returns_AURORA16_MC_20D_ONLY_DYNAMIC.parquet,returns_AURORA16_MC_20D_ONLY_DYNAMIC.parquet,.parquet,20402,2026-07-14T08:23:02Z,bc9e9eaec724eb204fd9f20ed40d9937a3db9680a741751f35509ff909bf5fe5
outputs/AURORA_TWETF/aurora_mechanism_controls/run_20260714_082252/returns/returns_AURORA16_MC_60D_ONLY_DYNAMIC.csv,returns_AURORA16_MC_60D_ONLY_DYNAMIC.csv,.csv,43629,2026-07-14T08:23:05Z,9cd8aa1991639ac3e958e9416848c77edc305439f8d0bfb0b1b1f8ab6dd2683e
outputs/AURORA_TWETF/aurora_mechanism_controls/run_20260714_082252/returns/returns_AURORA16_MC_60D_ONLY_DYNAMIC.parquet,returns_AURORA16_MC_60D_ONLY_DYNAMIC.parquet,.parquet,20402,2026-07-14T08:23:05Z,c93f38bcc0f4d3d2f5b27ffb4bcf11f350a0a4c95b9f6b5cbbbe3c10798a8f71
outputs/AURORA_TWETF/aurora_mechanism_controls/run_20260714_082252/returns/returns_AURORA16_MC_CONSTANT_AVERAGE_UNCERTAINTY.csv,returns_AURORA16_MC_CONSTANT_AVERAGE_UNCERTAINTY.csv,.csv,47433,2026-07-14T08:23:12Z,5efc60e2b9933f9545cd3a0bf66d7a7b9ef43de3b3ef80913db11ad49b67085d
outputs/AURORA_TWETF/aurora_mechanism_controls/run_20260714_082252/returns/returns_AURORA16_MC_CONSTANT_AVERAGE_UNCERTAINTY.parquet,returns_AURORA16_MC_CONSTANT_AVERAGE_UNCERTAINTY.parquet,.parquet,20463,2026-07-14T08:23:12Z,832e7e7a4f1006a834568ac7d82aa5336d1c09c159b1f4fe68d2c5516a3eb2d8
outputs/AURORA_TWETF/aurora_mechanism_controls/run_20260714_082252/returns/returns_AURORA16_MC_EQUAL_BLEND_DYNAMIC.csv,returns_AURORA16_MC_EQUAL_BLEND_DYNAMIC.csv,.csv,44605,2026-07-14T08:23:09Z,38dc03c367f8ba513fe1be121bc2d4d32b118077f30c4fdf5749b35d3f78631d
outputs/AURORA_TWETF/aurora_mechanism_controls/run_20260714_082252/returns/returns_AURORA16_MC_EQUAL_BLEND_DYNAMIC.parquet,returns_AURORA16_MC_EQUAL_BLEND_DYNAMIC.parquet,.parquet,20417,2026-07-14T08:23:09Z,f9aa83c8e798b17457dd39a148fe3d85c446208f459c5df2c2d13dfad2505f70
outputs/AURORA_TWETF/aurora_mechanism_controls/run_20260714_082252/returns/returns_AURORA16_MC_ORIGINAL_AURORA10_UAMV_B.csv,returns_AURORA16_MC_ORIGINAL_AURORA10_UAMV_B.csv,.csv,46157,2026-07-14T08:22:59Z,d5a4ce2cabe73c31b2eb6845e1dfb1912f6c0e7eb0e235118e0c271b1588b71b
outputs/AURORA_TWETF/aurora_mechanism_controls/run_20260714_082252/returns/returns_AURORA16_MC_ORIGINAL_AURORA10_UAMV_B.parquet,returns_AURORA16_MC_ORIGINAL_AURORA10_UAMV_B.parquet,.parquet,20442,2026-07-14T08:22:59Z,60c78551f40f90ee7acddf1f4c2992117ea2395eda742d15df7a96f61c5eb17e
outputs/AURORA_TWETF/aurora_mechanism_controls/run_20260714_082252/returns/returns_AURORA16_MC_SHUFFLED_PROBABILITIES_SEED_1000.csv,returns_AURORA16_MC_SHUFFLED_PROBABILITIES_SEED_1000.csv,.csv,48730,2026-07-14T08:23:16Z,0d17dac4f90db26833483bedca818a7cfb296a8b69630c54bccef417c4c1f5a6
outputs/AURORA_TWETF/aurora_mechanism_controls/run_20260714_082252/returns/returns_AURORA16_MC_SHUFFLED_PROBABILITIES_SEED_1000.parquet,returns_AURORA16_MC_SHUFFLED_PROBABILITIES_SEED_1000.parquet,.parquet,20483,2026-07-14T08:23:16Z,1dab3a52105b94123fa15a644011cb892f26fdc64616b9f9ddf4c3073bdbe0f0
outputs/AURORA_TWETF/aurora_mechanism_controls/run_20260714_082252/returns/returns_AURORA16_MC_SHUFFLED_PROBABILITIES_SEED_1001.csv,returns_AURORA16_MC_SHUFFLED_PROBABILITIES_SEED_1001.csv,.csv,48681,2026-07-14T08:23:19Z,7fc52ff278910cc97fcb61192eb43e80dbd855294273e8d882e8dc84af97ee97
outputs/AURORA_TWETF/aurora_mechanism_controls/run_20260714_082252/returns/returns_AURORA16_MC_SHUFFLED_PROBABILITIES_SEED_1001.parquet,returns_AURORA16_MC_SHUFFLED_PROBABILITIES_SEED_1001.parquet,.parquet,20483,2026-07-14T08:23:19Z,8a34bb848f839ae78c61b5bd04a3cf1cb3e6e36455b0816ed93c92b53e5d8cec
outputs/AURORA_TWETF/aurora_mechanism_controls/run_20260714_082252/returns/returns_AURORA16_MC_SHUFFLED_PROBABILITIES_SEED_1002.csv,returns_AURORA16_MC_SHUFFLED_PROBABILITIES_SEED_1002.csv,.csv,48727,2026-07-14T08:23:22Z,feb2e2430c4e542a770b83f604df64674ac476b3aefeb54ef263b28bd085f427
outputs/AURORA_TWETF/aurora_mechanism_controls/run_20260714_082252/returns/returns_AURORA16_MC_SHUFFLED_PROBABILITIES_SEED_1002.parquet,returns_AURORA16_MC_SHUFFLED_PROBABILITIES_SEED_1002.parquet,.parquet,20483,2026-07-14T08:23:22Z,b3b526afc19c1041f72d5f05ae2d88a80edebb91b25f7be52236a0cf691f58ba
outputs/AURORA_TWETF/aurora_mechanism_controls/run_20260714_082252/returns/returns_AURORA16_MC_SHUFFLED_PROBABILITIES_SEED_1003.csv,returns_AURORA16_MC_SHUFFLED_PROBABILITIES_SEED_1003.csv,.csv,48761,2026-07-14T08:23:26Z,c07e09fcab980c8e9a4929cb6364591b6d4704106d482e4677fca9b01535e6d6
outputs/AURORA_TWETF/aurora_mechanism_controls/run_20260714_082252/returns/returns_AURORA16_MC_SHUFFLED_PROBABILITIES_SEED_1003.parquet,returns_AURORA16_MC_SHUFFLED_PROBABILITIES_SEED_1003.parquet,.parquet,20483,2026-07-14T08:23:26Z,2fdc789fa4a6ff4999ccf7da197b1449e8ce41389b286801824c39cb80e7fea9
outputs/AURORA_TWETF/aurora_mechanism_controls/run_20260714_082252/returns/returns_AURORA16_MC_SHUFFLED_PROBABILITIES_SEED_1004.csv,returns_AURORA16_MC_SHUFFLED_PROBABILITIES_SEED_1004.csv,.csv,48723,2026-07-14T08:23:29Z,a3601102016271f007599ee1fdc087d8d29c0497256d3a407446042ae78677da
outputs/AURORA_TWETF/aurora_mechanism_controls/run_20260714_082252/returns/returns_AURORA16_MC_SHUFFLED_PROBABILITIES_SEED_1004.parquet,returns_AURORA16_MC_SHUFFLED_PROBABILITIES_SEED_1004.parquet,.parquet,20483,2026-07-14T08:23:29Z,304ce37ab31f4e1649cf1e8bd7d61dbe1be19b5c81f0174fb346a4d019ba02d7
outputs/AURORA_TWETF/aurora_mechanism_controls/run_20260714_082252/returns/returns_AURORA16_MC_SHUFFLED_PROBABILITIES_SEED_1005.csv,returns_AURORA16_MC_SHUFFLED_PROBABILITIES_SEED_1005.csv,.csv,48722,2026-07-14T08:23:33Z,77ae91832ef8838318b96f265dee01338eb78d48636569b55a0cd59d25caa72a
outputs/AURORA_TWETF/aurora_mechanism_controls/run_20260714_082252/returns/returns_AURORA16_MC_SHUFFLED_PROBABILITIES_SEED_1005.parquet,returns_AURORA16_MC_SHUFFLED_PROBABILITIES_SEED_1005.parquet,.parquet,20483,2026-07-14T08:23:33Z,dd8d1685b5f20b5eda1bb19096e5dc64ddc665c6bb081de7bb28a31c66d2e9a7
outputs/AURORA_TWETF/aurora_mechanism_controls/run_20260714_082252/returns/returns_AURORA16_MC_SHUFFLED_PROBABILITIES_SEED_1006.csv,returns_AURORA16_MC_SHUFFLED_PROBABILITIES_SEED_1006.csv,.csv,48724,2026-07-14T08:23:36Z,09360dbc38cf8a06b78734d036c268bcc6d23cd4d4e49e34e00029b5127edffe
outputs/AURORA_TWETF/aurora_mechanism_controls/run_20260714_082252/returns/returns_AURORA16_MC_SHUFFLED_PROBABILITIES_SEED_1006.parquet,returns_AURORA16_MC_SHUFFLED_PROBABILITIES_SEED_1006.parquet,.parquet,20483,2026-07-14T08:23:36Z,0c59349b179af07a913724d98800f98ff9c6afcafe369f9043365ae38a6f9729
outputs/AURORA_TWETF/aurora_mechanism_controls/run_20260714_082252/returns/returns_AURORA16_MC_SHUFFLED_PROBABILITIES_SEED_1007.csv,returns_AURORA16_MC_SHUFFLED_PROBABILITIES_SEED_1007.csv,.csv,48716,2026-07-14T08:23:39Z,bec3fe45d1f73ba30f6579fb4d0c3c7b934b42d84a0fcab69901f7fe986b8e7b
outputs/AURORA_TWETF/aurora_mechanism_controls/run_20260714_082252/returns/returns_AURORA16_MC_SHUFFLED_PROBABILITIES_SEED_1007.parquet,returns_AURORA16_MC_SHUFFLED_PROBABILITIES_SEED_1007.parquet,.parquet,20483,2026-07-14T08:23:39Z,cd9b459cd4f7ffdaa5173e62d65b67b6c5af90cd989aec32c7971a84c493112a
outputs/AURORA_TWETF/aurora_mechanism_controls/run_20260714_082252/returns/returns_AURORA16_MC_SHUFFLED_PROBABILITIES_SEED_1008.csv,returns_AURORA16_MC_SHUFFLED_PROBABILITIES_SEED_1008.csv,.csv,48714,2026-07-14T08:23:43Z,b7e43143933dc497b5428fccd1b98dffed7be3c868e2b90c7d4a61d0f2040355
outputs/AURORA_TWETF/aurora_mechanism_controls/run_20260714_082252/returns/returns_AURORA16_MC_SHUFFLED_PROBABILITIES_SEED_1008.parquet,returns_AURORA16_MC_SHUFFLED_PROBABILITIES_SEED_1008.parquet,.parquet,20483,2026-07-14T08:23:43Z,79b03a3aa97c9ceeb021adf8b6fd5f7020fa9ea5e043262faed3359b6fe46aba
outputs/AURORA_TWETF/aurora_mechanism_controls/run_20260714_082252/returns/returns_AURORA16_MC_SHUFFLED_PROBABILITIES_SEED_1009.csv,returns_AURORA16_MC_SHUFFLED_PROBABILITIES_SEED_1009.csv,.csv,48732,2026-07-14T08:23:46Z,484f06e4247f3c55ea414de33f841cc3dd091d66f8c6d9dd3c1b043cd74bbec3
outputs/AURORA_TWETF/aurora_mechanism_controls/run_20260714_082252/returns/returns_AURORA16_MC_SHUFFLED_PROBABILITIES_SEED_1009.parquet,returns_AURORA16_MC_SHUFFLED_PROBABILITIES_SEED_1009.parquet,.parquet,20483,2026-07-14T08:23:46Z,0b5c3023bf5596c03cf7be88ad16526f81259d256cf988d151a9f330eed36744
outputs/AURORA_TWETF/aurora_mechanism_controls/run_20260714_082252/returns/returns_MC_STATIC_4435_EQUITY_5565_CASH.csv,returns_MC_STATIC_4435_EQUITY_5565_CASH.csv,.csv,43905,2026-07-14T08:22:55Z,86c4788b495d7bbd998f932f36ae9f09274f778f42fd69aa37614da819322826
outputs/AURORA_TWETF/aurora_mechanism_controls/run_20260714_082252/returns/returns_MC_STATIC_4435_EQUITY_5565_CASH.parquet,returns_MC_STATIC_4435_EQUITY_5565_CASH.parquet,.parquet,19954,2026-07-14T08:22:55Z,58ecd50745a281cfa68c102144ddaf666f39f414fcd62bb260ab04db9744af7f
outputs/AURORA_TWETF/aurora_mechanism_controls/run_20260714_082252/weights/weights_AURORA16_MC_20D_ONLY_DYNAMIC.csv,weights_AURORA16_MC_20D_ONLY_DYNAMIC.csv,.csv,30565,2026-07-14T08:23:02Z,5b3e651cbd2e1f2f79135325b7dc2116c6e2ca51daceb67f0d2d7ee97bfd2d2f
outputs/AURORA_TWETF/aurora_mechanism_controls/run_20260714_082252/weights/weights_AURORA16_MC_20D_ONLY_DYNAMIC.parquet,weights_AURORA16_MC_20D_ONLY_DYNAMIC.parquet,.parquet,7536,2026-07-14T08:23:02Z,c7485d41db03dd13a539f6c82065c09193b6b15a47eb0b4fc7883bb8585582f4
outputs/AURORA_TWETF/aurora_mechanism_controls/run_20260714_082252/weights/weights_AURORA16_MC_60D_ONLY_DYNAMIC.csv,weights_AURORA16_MC_60D_ONLY_DYNAMIC.csv,.csv,30469,2026-07-14T08:23:05Z,3bb5138ef56041db975c46812e0719f644d6547293e30cf2c3ef0e529e11ae4f
outputs/AURORA_TWETF/aurora_mechanism_controls/run_20260714_082252/weights/weights_AURORA16_MC_60D_ONLY_DYNAMIC.parquet,weights_AURORA16_MC_60D_ONLY_DYNAMIC.parquet,.parquet,7536,2026-07-14T08:23:05Z,80787213cfdad970756218bb2f367890107cf7b2b189ed5b08423135f3945546
outputs/AURORA_TWETF/aurora_mechanism_controls/run_20260714_082252/weights/weights_AURORA16_MC_CONSTANT_AVERAGE_UNCERTAINTY.csv,weights_AURORA16_MC_CONSTANT_AVERAGE_UNCERTAINTY.csv,.csv,30127,2026-07-14T08:23:12Z,bf709231d070e847049505041dcb55ad3c1454d210713275d19f20f0084901e3
outputs/AURORA_TWETF/aurora_mechanism_controls/run_20260714_082252/weights/weights_AURORA16_MC_CONSTANT_AVERAGE_UNCERTAINTY.parquet,weights_AURORA16_MC_CONSTANT_AVERAGE_UNCERTAINTY.parquet,.parquet,7523,2026-07-14T08:23:12Z,e600a94afc8c94613ac74462b5f2e1e2dfebf23dcdeec5c2c76507214085c609
outputs/AURORA_TWETF/aurora_mechanism_controls/run_20260714_082252/weights/weights_AURORA16_MC_EQUAL_BLEND_DYNAMIC.csv,weights_AURORA16_MC_EQUAL_BLEND_DYNAMIC.csv,.csv,29734,2026-07-14T08:23:09Z,08b7751fdf58e91bb422d71b370d61e1438a3ea6cbb188a7c35bc3e7212ba37b
outputs/AURORA_TWETF/aurora_mechanism_controls/run_20260714_082252/weights/weights_AURORA16_MC_EQUAL_BLEND_DYNAMIC.parquet,weights_AURORA16_MC_EQUAL_BLEND_DYNAMIC.parquet,.parquet,7516,2026-07-14T08:23:09Z,6d807b7ea98dba981f7ea82c91b823893d8c7e80bc340839aa2b31a10f13358f
outputs/AURORA_TWETF/aurora_mechanism_controls/run_20260714_082252/weights/weights_AURORA16_MC_ORIGINAL_AURORA10_UAMV_B.csv,weights_AURORA16_MC_ORIGINAL_AURORA10_UAMV_B.csv,.csv,30076,2026-07-14T08:22:59Z,fac0570f911a342f78a2f4f1c28ba46a215ebb9a03417421596764223500924c
outputs/AURORA_TWETF/aurora_mechanism_controls/run_20260714_082252/weights/weights_AURORA16_MC_ORIGINAL_AURORA10_UAMV_B.parquet,weights_AURORA16_MC_ORIGINAL_AURORA10_UAMV_B.parquet,.parquet,7527,2026-07-14T08:22:59Z,acc20c53bb9cec48d0d507cabffb030831be91550956348631052b87ab4f1b49
outputs/AURORA_TWETF/aurora_mechanism_controls/run_20260714_082252/weights/weights_AURORA16_MC_SHUFFLED_PROBABILITIES_SEED_1000.csv,weights_AURORA16_MC_SHUFFLED_PROBABILITIES_SEED_1000.csv,.csv,29860,2026-07-14T08:23:16Z,d4f88b24b276960bb62d971382b2bd3841c18587bb995cb7a099ed35152955fb
outputs/AURORA_TWETF/aurora_mechanism_controls/run_20260714_082252/weights/weights_AURORA16_MC_SHUFFLED_PROBABILITIES_SEED_1000.parquet,weights_AURORA16_MC_SHUFFLED_PROBABILITIES_SEED_1000.parquet,.parquet,7517,2026-07-14T08:23:16Z,24209288ba7c7c0f8e2cd49ceeba7a80ef553964843dc7aa475d1f4d7a58bff9
outputs/AURORA_TWETF/aurora_mechanism_controls/run_20260714_082252/weights/weights_AURORA16_MC_SHUFFLED_PROBABILITIES_SEED_1001.csv,weights_AURORA16_MC_SHUFFLED_PROBABILITIES_SEED_1001.csv,.csv,30844,2026-07-14T08:23:19Z,55c99c81852441f0d1dcf313d568782885e634c63c9bb08562275b28a06cde57
outputs/AURORA_TWETF/aurora_mechanism_controls/run_20260714_082252/weights/weights_AURORA16_MC_SHUFFLED_PROBABILITIES_SEED_1001.parquet,weights_AURORA16_MC_SHUFFLED_PROBABILITIES_SEED_1001.parquet,.parquet,7545,2026-07-14T08:23:19Z,ceee9ae6d7c0d09354fae9a322a17bf6b8b7f077aaa855a39223ef88767273a9
outputs/AURORA_TWETF/aurora_mechanism_controls/run_20260714_082252/weights/weights_AURORA16_MC_SHUFFLED_PROBABILITIES_SEED_1002.csv,weights_AURORA16_MC_SHUFFLED_PROBABILITIES_SEED_1002.csv,.csv,29758,2026-07-14T08:23:23Z,f6f0c20e87e3dec6a714c1e806e525450fc7423f870c58f6ec4bf34248e2a2c8
outputs/AURORA_TWETF/aurora_mechanism_controls/run_20260714_082252/weights/weights_AURORA16_MC_SHUFFLED_PROBABILITIES_SEED_1002.parquet,weights_AURORA16_MC_SHUFFLED_PROBABILITIES_SEED_1002.parquet,.parquet,7516,2026-07-14T08:23:22Z,004f9db7d6f6926c38f0acd1f8f0bbb79d1de64198fadc8cf8e92d27970fc177
outputs/AURORA_TWETF/aurora_mechanism_controls/run_20260714_082252/weights/weights_AURORA16_MC_SHUFFLED_PROBABILITIES_SEED_1003.csv,weights_AURORA16_MC_SHUFFLED_PROBABILITIES_SEED_1003.csv,.csv,29565,2026-07-14T08:23:26Z,178efacc1156a7b6adfe92733d2942fd953d5d563c1786129352f187a0e8450d
outputs/AURORA_TWETF/aurora_mechanism_controls/run_20260714_082252/weights/weights_AURORA16_MC_SHUFFLED_PROBABILITIES_SEED_1003.parquet,weights_AURORA16_MC_SHUFFLED_PROBABILITIES_SEED_1003.parquet,.parquet,7506,2026-07-14T08:23:26Z,bfd18f1d71ee7f2f98b16af6ad1ba210f8341bcce4df74a673bb45b7e3d0a0f1
outputs/AURORA_TWETF/aurora_mechanism_controls/run_20260714_082252/weights/weights_AURORA16_MC_SHUFFLED_PROBABILITIES_SEED_1004.csv,weights_AURORA16_MC_SHUFFLED_PROBABILITIES_SEED_1004.csv,.csv,29271,2026-07-14T08:23:29Z,5ca04a9f4ea496eeca129ea303f4260211e1a6d7ece54509e62acf2af8dbf7fc
outputs/AURORA_TWETF/aurora_mechanism_controls/run_20260714_082252/weights/weights_AURORA16_MC_SHUFFLED_PROBABILITIES_SEED_1004.parquet,weights_AURORA16_MC_SHUFFLED_PROBABILITIES_SEED_1004.parquet,.parquet,7506,2026-07-14T08:23:29Z,dee05dee49ecfc51453e095172f878355f4bc778977cffab6daac560a6c0eba6
outputs/AURORA_TWETF/aurora_mechanism_controls/run_20260714_082252/weights/weights_AURORA16_MC_SHUFFLED_PROBABILITIES_SEED_1005.csv,weights_AURORA16_MC_SHUFFLED_PROBABILITIES_SEED_1005.csv,.csv,30198,2026-07-14T08:23:33Z,c7b6d91468d3618d14c77e20662432068a402cfce3b68ff785a1a719c46b9f79
outputs/AURORA_TWETF/aurora_mechanism_controls/run_20260714_082252/weights/weights_AURORA16_MC_SHUFFLED_PROBABILITIES_SEED_1005.parquet,weights_AURORA16_MC_SHUFFLED_PROBABILITIES_SEED_1005.parquet,.parquet,7527,2026-07-14T08:23:33Z,530eaf82fe3122063097f56072411912badc88e5dfff5951d573448c1847499b
outputs/AURORA_TWETF/aurora_mechanism_controls/run_20260714_082252/weights/weights_AURORA16_MC_SHUFFLED_PROBABILITIES_SEED_1006.csv,weights_AURORA16_MC_SHUFFLED_PROBABILITIES_SEED_1006.csv,.csv,29999,2026-07-14T08:23:36Z,7dfaee9638879f2b1f4e12edc3f9a27f8b8484dcf1ca929fd60ccae3e9d34249
outputs/AURORA_TWETF/aurora_mechanism_controls/run_20260714_082252/weights/weights_AURORA16_MC_SHUFFLED_PROBABILITIES_SEED_1006.parquet,weights_AURORA16_MC_SHUFFLED_PROBABILITIES_SEED_1006.parquet,.parquet,7526,2026-07-14T08:23:36Z,30f91f9e234b2ba6ae6544aff08ec0092dd734a19d803e2b38f98a2e4e910261
outputs/AURORA_TWETF/aurora_mechanism_controls/run_20260714_082252/weights/weights_AURORA16_MC_SHUFFLED_PROBABILITIES_SEED_1007.csv,weights_AURORA16_MC_SHUFFLED_PROBABILITIES_SEED_1007.csv,.csv,30592,2026-07-14T08:23:39Z,60945f23ac69a0b3730cd104efeb615376146da4922fa044fedd9992806a6c2b
outputs/AURORA_TWETF/aurora_mechanism_controls/run_20260714_082252/weights/weights_AURORA16_MC_SHUFFLED_PROBABILITIES_SEED_1007.parquet,weights_AURORA16_MC_SHUFFLED_PROBABILITIES_SEED_1007.parquet,.parquet,7534,2026-07-14T08:23:39Z,b243eb213af7d2e4f89ff4b69c6617738413a623160debafd83ea55ffe4eeb5b
outputs/AURORA_TWETF/aurora_mechanism_controls/run_20260714_082252/weights/weights_AURORA16_MC_SHUFFLED_PROBABILITIES_SEED_1008.csv,weights_AURORA16_MC_SHUFFLED_PROBABILITIES_SEED_1008.csv,.csv,29736,2026-07-14T08:23:43Z,b3509d6728287726855556cc506fd067b448804a35f0ddc1345d165c0956ef22
outputs/AURORA_TWETF/aurora_mechanism_controls/run_20260714_082252/weights/weights_AURORA16_MC_SHUFFLED_PROBABILITIES_SEED_1008.parquet,weights_AURORA16_MC_SHUFFLED_PROBABILITIES_SEED_1008.parquet,.parquet,7516,2026-07-14T08:23:43Z,903b6bfd44a98c8348885203027f70731b021720a2cc40d2c4bb252717de9845
outputs/AURORA_TWETF/aurora_mechanism_controls/run_20260714_082252/weights/weights_AURORA16_MC_SHUFFLED_PROBABILITIES_SEED_1009.csv,weights_AURORA16_MC_SHUFFLED_PROBABILITIES_SEED_1009.csv,.csv,30950,2026-07-14T08:23:46Z,913488ef5758de93303c522fdd565c9a558e9ef1b0c603320f3d44e17694b705
outputs/AURORA_TWETF/aurora_mechanism_controls/run_20260714_082252/weights/weights_AURORA16_MC_SHUFFLED_PROBABILITIES_SEED_1009.parquet,weights_AURORA16_MC_SHUFFLED_PROBABILITIES_SEED_1009.parquet,.parquet,7545,2026-07-14T08:23:46Z,60d0db68ebb3897225fc707631751d669eb0c79502898c4905225631588c9f82
outputs/AURORA_TWETF/aurora_mechanism_controls/run_20260714_082252/weights/weights_MC_STATIC_4435_EQUITY_5565_CASH.csv,weights_MC_STATIC_4435_EQUITY_5565_CASH.csv,.csv,17260,2026-07-14T08:22:55Z,0dca03fec18bddc642a91511efaa7037ec143aa512cd9562100fadc29692e019
outputs/AURORA_TWETF/aurora_mechanism_controls/run_20260714_082252/weights/weights_MC_STATIC_4435_EQUITY_5565_CASH.parquet,weights_MC_STATIC_4435_EQUITY_5565_CASH.parquet,.parquet,6845,2026-07-14T08:22:55Z,9ca533a0e6c0b99ab3e4846360219f1a7438f28ddcdf10b956060ad713f09354
outputs/AURORA_TWETF/aurora_mechanism_controls/run_20260714_084419/diagnostics/all_mechanism_control_optimizer_diagnostics.csv,all_mechanism_control_optimizer_diagnostics.csv,.csv,1287031,2026-07-14T08:46:43Z,e5ec22820dfdc048284633a0e746ae3b22eab0883390746a6173a9a50b17d695
outputs/AURORA_TWETF/aurora_mechanism_controls/run_20260714_084419/diagnostics/all_mechanism_control_optimizer_diagnostics.parquet,all_mechanism_control_optimizer_diagnostics.parquet,.parquet,138277,2026-07-14T08:46:43Z,38b0ad364b1bbfb8e19a631087c287149861fb34295db713fa322129574c8c76
outputs/AURORA_TWETF/aurora_mechanism_controls/run_20260714_084419/diagnostics/all_mechanism_control_probability_features.csv,all_mechanism_control_probability_features.csv,.csv,2182124,2026-07-14T08:46:43Z,5efe49cb5331a85a5fd0c9645c8c71bb0622dd94a27f37ba99971404e904cb7c
outputs/AURORA_TWETF/aurora_mechanism_controls/run_20260714_084419/diagnostics/all_mechanism_control_probability_features.parquet,all_mechanism_control_probability_features.parquet,.parquet,341961,2026-07-14T08:46:43Z,c122822f901fbf32d61fa5a84a7b9ba1cfda416d2dc20a7e99ec83c7048ea948
outputs/AURORA_TWETF/aurora_mechanism_controls/run_20260714_084419/diagnostics/optimizer_diagnostics_AURORA16_MC_20D_ONLY_DYNAMIC.csv,optimizer_diagnostics_AURORA16_MC_20D_ONLY_DYNAMIC.csv,.csv,58258,2026-07-14T08:44:29Z,9d52f882cbf3abfbbbcc3c06911ddeda896d4f77afcfac805cab3342725db44f
outputs/AURORA_TWETF/aurora_mechanism_controls/run_20260714_084419/diagnostics/optimizer_diagnostics_AURORA16_MC_20D_ONLY_DYNAMIC.parquet,optimizer_diagnostics_AURORA16_MC_20D_ONLY_DYNAMIC.parquet,.parquet,30635,2026-07-14T08:44:29Z,34aad2749917c5b3138137aa6e6fb8fd587011256d3a1f052062046bcdb7dbab
outputs/AURORA_TWETF/aurora_mechanism_controls/run_20260714_084419/diagnostics/optimizer_diagnostics_AURORA16_MC_60D_ONLY_DYNAMIC.csv,optimizer_diagnostics_AURORA16_MC_60D_ONLY_DYNAMIC.csv,.csv,58225,2026-07-14T08:44:33Z,f237f0b7fdca57f055ed3333a6bb97e3f923bfcff4430c4aa0a395a45ee139e2
outputs/AURORA_TWETF/aurora_mechanism_controls/run_20260714_084419/diagnostics/optimizer_diagnostics_AURORA16_MC_60D_ONLY_DYNAMIC.parquet,optimizer_diagnostics_AURORA16_MC_60D_ONLY_DYNAMIC.parquet,.parquet,30635,2026-07-14T08:44:33Z,ffba617ee63232374573246570e7b60c8a38fd4d3c174266a4b260a6fa6228e5
outputs/AURORA_TWETF/aurora_mechanism_controls/run_20260714_084419/diagnostics/optimizer_diagnostics_AURORA16_MC_CONSTANT_AVERAGE_UNCERTAINTY.csv,optimizer_diagnostics_AURORA16_MC_CONSTANT_AVERAGE_UNCERTAINTY.csv,.csv,65186,2026-07-14T08:44:40Z,df260cb1da295a91cffb8e619c4ae07c0137ee6d2dcca9bc2f333970d124fa64
outputs/AURORA_TWETF/aurora_mechanism_controls/run_20260714_084419/diagnostics/optimizer_diagnostics_AURORA16_MC_CONSTANT_AVERAGE_UNCERTAINTY.parquet,optimizer_diagnostics_AURORA16_MC_CONSTANT_AVERAGE_UNCERTAINTY.parquet,.parquet,27825,2026-07-14T08:44:40Z,63a76763d05bac21eb55e23c344c177b71215bb8127a6f2c9b5e6e29aa46fd7b
outputs/AURORA_TWETF/aurora_mechanism_controls/run_20260714_084419/diagnostics/optimizer_diagnostics_AURORA16_MC_EQUAL_BLEND_DYNAMIC.csv,optimizer_diagnostics_AURORA16_MC_EQUAL_BLEND_DYNAMIC.csv,.csv,59218,2026-07-14T08:44:36Z,9b96293a4f3d4ad99233720232b523c19db13b807b7065ac4e84e416f857a884
outputs/AURORA_TWETF/aurora_mechanism_controls/run_20260714_084419/diagnostics/optimizer_diagnostics_AURORA16_MC_EQUAL_BLEND_DYNAMIC.parquet,optimizer_diagnostics_AURORA16_MC_EQUAL_BLEND_DYNAMIC.parquet,.parquet,30650,2026-07-14T08:44:36Z,52a738219d0afad655596c21f7012eba2ecbbefdafe184146029d1430b9be545
outputs/AURORA_TWETF/aurora_mechanism_controls/run_20260714_084419/diagnostics/optimizer_diagnostics_AURORA16_MC_ORIGINAL_AURORA10_UAMV_B.csv,optimizer_diagnostics_AURORA16_MC_ORIGINAL_AURORA10_UAMV_B.csv,.csv,60795,2026-07-14T08:44:25Z,c209450cd22d4d865cea47af8fb97d046d49c3e979d3839fe345c054f3dfae23
outputs/AURORA_TWETF/aurora_mechanism_controls/run_20260714_084419/diagnostics/optimizer_diagnostics_AURORA16_MC_ORIGINAL_AURORA10_UAMV_B.parquet,optimizer_diagnostics_AURORA16_MC_ORIGINAL_AURORA10_UAMV_B.parquet,.parquet,30675,2026-07-14T08:44:25Z,763d4be50d5272b3b0c1578fc29f7ceab37423271ff3999d2736a6096ebcb0da
outputs/AURORA_TWETF/aurora_mechanism_controls/run_20260714_084419/diagnostics/optimizer_diagnostics_AURORA16_MC_SHUFFLED_PROBABILITIES_SEED_1000.csv,optimizer_diagnostics_AURORA16_MC_SHUFFLED_PROBABILITIES_SEED_1000.csv,.csv,63347,2026-07-14T08:44:44Z,6314fd76fa6606afb7f77fbafa00260dee6b4d98742ffe997ba1950fd1cd3b1b
outputs/AURORA_TWETF/aurora_mechanism_controls/run_20260714_084419/diagnostics/optimizer_diagnostics_AURORA16_MC_SHUFFLED_PROBABILITIES_SEED_1000.parquet,optimizer_diagnostics_AURORA16_MC_SHUFFLED_PROBABILITIES_SEED_1000.parquet,.parquet,30715,2026-07-14T08:44:44Z,46fc63e87914c989251283c8c30e89e973f0a5f771690345fadcf7446314058a
outputs/AURORA_TWETF/aurora_mechanism_controls/run_20260714_084419/diagnostics/optimizer_diagnostics_AURORA16_MC_SHUFFLED_PROBABILITIES_SEED_1001.csv,optimizer_diagnostics_AURORA16_MC_SHUFFLED_PROBABILITIES_SEED_1001.csv,.csv,63347,2026-07-14T08:44:47Z,323fc71f1344e3c6bb2acd948d421da8eaed97be5e08c2eca081552e4b77d703
outputs/AURORA_TWETF/aurora_mechanism_controls/run_20260714_084419/diagnostics/optimizer_diagnostics_AURORA16_MC_SHUFFLED_PROBABILITIES_SEED_1001.parquet,optimizer_diagnostics_AURORA16_MC_SHUFFLED_PROBABILITIES_SEED_1001.parquet,.parquet,30715,2026-07-14T08:44:47Z,9cd430a342657524d43830b77ddeb93b577c1618fcd6783801a9298ba2fdcba0
outputs/AURORA_TWETF/aurora_mechanism_controls/run_20260714_084419/diagnostics/optimizer_diagnostics_AURORA16_MC_SHUFFLED_PROBABILITIES_SEED_1002.csv,optimizer_diagnostics_AURORA16_MC_SHUFFLED_PROBABILITIES_SEED_1002.csv,.csv,63347,2026-07-14T08:44:51Z,b304fbcf7100ea1d8e6f7d0a43e222c9aeb055810d71c001ade8789368970e67
outputs/AURORA_TWETF/aurora_mechanism_controls/run_20260714_084419/diagnostics/optimizer_diagnostics_AURORA16_MC_SHUFFLED_PROBABILITIES_SEED_1002.parquet,optimizer_diagnostics_AURORA16_MC_SHUFFLED_PROBABILITIES_SEED_1002.parquet,.parquet,30715,2026-07-14T08:44:51Z,343ad7942d583235c89686c98d5ba4524a7d976cca5b838fbd31c959618d0876
outputs/AURORA_TWETF/aurora_mechanism_controls/run_20260714_084419/diagnostics/optimizer_diagnostics_AURORA16_MC_SHUFFLED_PROBABILITIES_SEED_1003.csv,optimizer_diagnostics_AURORA16_MC_SHUFFLED_PROBABILITIES_SEED_1003.csv,.csv,63347,2026-07-14T08:44:55Z,e6ada823aad7803ddd9839b96af74a80b763ff9697393f9e2cccce42f2fbba1c
outputs/AURORA_TWETF/aurora_mechanism_controls/run_20260714_084419/diagnostics/optimizer_diagnostics_AURORA16_MC_SHUFFLED_PROBABILITIES_SEED_1003.parquet,optimizer_diagnostics_AURORA16_MC_SHUFFLED_PROBABILITIES_SEED_1003.parquet,.parquet,30715,2026-07-14T08:44:55Z,26f1314a9a20f125c1a59fd74306490d48bbe29a9d40d3d8e9803b042c66d5df
outputs/AURORA_TWETF/aurora_mechanism_controls/run_20260714_084419/diagnostics/optimizer_diagnostics_AURORA16_MC_SHUFFLED_PROBABILITIES_SEED_1004.csv,optimizer_diagnostics_AURORA16_MC_SHUFFLED_PROBABILITIES_SEED_1004.csv,.csv,63347,2026-07-14T08:44:59Z,8410a5c8ee86dee2650b51fa99a5939755845939b67b587c41b6c83b3a5d8932
outputs/AURORA_TWETF/aurora_mechanism_controls/run_20260714_084419/diagnostics/optimizer_diagnostics_AURORA16_MC_SHUFFLED_PROBABILITIES_SEED_1004.parquet,optimizer_diagnostics_AURORA16_MC_SHUFFLED_PROBABILITIES_SEED_1004.parquet,.parquet,30715,2026-07-14T08:44:59Z,3876189110153a6c79099edfdb5ddf3233a63b849c7cc3fb053e5266950c5647
outputs/AURORA_TWETF/aurora_mechanism_controls/run_20260714_084419/diagnostics/optimizer_diagnostics_AURORA16_MC_SHUFFLED_PROBABILITIES_SEED_1005.csv,optimizer_diagnostics_AURORA16_MC_SHUFFLED_PROBABILITIES_SEED_1005.csv,.csv,63347,2026-07-14T08:45:02Z,dce91b14ac37b52bc57b3abd4bda0078005c1afcc5dcc4b5e5bfb8756eb6745a
outputs/AURORA_TWETF/aurora_mechanism_controls/run_20260714_084419/diagnostics/optimizer_diagnostics_AURORA16_MC_SHUFFLED_PROBABILITIES_SEED_1005.parquet,optimizer_diagnostics_AURORA16_MC_SHUFFLED_PROBABILITIES_SEED_1005.parquet,.parquet,30715,2026-07-14T08:45:02Z,752ad622b85cf58baeb002cdcbcb10df9c233adc784cbed0b4f0e3356b7ebfc0
outputs/AURORA_TWETF/aurora_mechanism_controls/run_20260714_084419/diagnostics/optimizer_diagnostics_AURORA16_MC_SHUFFLED_PROBABILITIES_SEED_1006.csv,optimizer_diagnostics_AURORA16_MC_SHUFFLED_PROBABILITIES_SEED_1006.csv,.csv,63347,2026-07-14T08:45:06Z,ffc0ed59e8e450f1cc3c663c1110250b333be736a9be620deae545424909abdf
outputs/AURORA_TWETF/aurora_mechanism_controls/run_20260714_084419/diagnostics/optimizer_diagnostics_AURORA16_MC_SHUFFLED_PROBABILITIES_SEED_1006.parquet,optimizer_diagnostics_AURORA16_MC_SHUFFLED_PROBABILITIES_SEED_1006.parquet,.parquet,30715,2026-07-14T08:45:06Z,02b1fb576b09a5712b4c6ea1ddade3cdf12051ccc995814b5fe38123638d509f
outputs/AURORA_TWETF/aurora_mechanism_controls/run_20260714_084419/diagnostics/optimizer_diagnostics_AURORA16_MC_SHUFFLED_PROBABILITIES_SEED_1007.csv,optimizer_diagnostics_AURORA16_MC_SHUFFLED_PROBABILITIES_SEED_1007.csv,.csv,63347,2026-07-14T08:45:10Z,ef362fdf155d51f4ed9540a8057e72e9f507eb7344c24f1b356b962cd05fba1e
outputs/AURORA_TWETF/aurora_mechanism_controls/run_20260714_084419/diagnostics/optimizer_diagnostics_AURORA16_MC_SHUFFLED_PROBABILITIES_SEED_1007.parquet,optimizer_diagnostics_AURORA16_MC_SHUFFLED_PROBABILITIES_SEED_1007.parquet,.parquet,30715,2026-07-14T08:45:10Z,2ae29e0b9aaf197a3dd91395794491200653910366b9454ac2721564b4bfc970
outputs/AURORA_TWETF/aurora_mechanism_controls/run_20260714_084419/diagnostics/optimizer_diagnostics_AURORA16_MC_SHUFFLED_PROBABILITIES_SEED_1008.csv,optimizer_diagnostics_AURORA16_MC_SHUFFLED_PROBABILITIES_SEED_1008.csv,.csv,63347,2026-07-14T08:45:13Z,6b237b33376e30f14ecf9f7739955a4b80d30526198b0e9124095ffb8a030887
outputs/AURORA_TWETF/aurora_mechanism_controls/run_20260714_084419/diagnostics/optimizer_diagnostics_AURORA16_MC_SHUFFLED_PROBABILITIES_SEED_1008.parquet,optimizer_diagnostics_AURORA16_MC_SHUFFLED_PROBABILITIES_SEED_1008.parquet,.parquet,30715,2026-07-14T08:45:13Z,9257b0e6e83305b08c04e8f5551b4e2260e6f6f7181d8f2ba02bd37aa2e50551
outputs/AURORA_TWETF/aurora_mechanism_controls/run_20260714_084419/diagnostics/optimizer_diagnostics_AURORA16_MC_SHUFFLED_PROBABILITIES_SEED_1009.csv,optimizer_diagnostics_AURORA16_MC_SHUFFLED_PROBABILITIES_SEED_1009.csv,.csv,63347,2026-07-14T08:45:17Z,63f4ee2bcdd9aa80337ab4f3631e3f5cc9b715290cf76ed44d97e9ea0ed69832
outputs/AURORA_TWETF/aurora_mechanism_controls/run_20260714_084419/diagnostics/optimizer_diagnostics_AURORA16_MC_SHUFFLED_PROBABILITIES_SEED_1009.parquet,optimizer_diagnostics_AURORA16_MC_SHUFFLED_PROBABILITIES_SEED_1009.parquet,.parquet,30715,2026-07-14T08:45:17Z,55d7a2356de90ffe8f20741da519590fa516942412afd224eef79dc97fe48720
outputs/AURORA_TWETF/aurora_mechanism_controls/run_20260714_084419/plots/mechanism_control_cumulative_wealth.png,mechanism_control_cumulative_wealth.png,.png,402380,2026-07-14T08:46:45Z,ae7434ae4b11704b49a186062e2ec22ac15a97b108a25b65eed9908b66f41b86
outputs/AURORA_TWETF/aurora_mechanism_controls/run_20260714_084419/plots/mechanism_control_drawdowns.png,mechanism_control_drawdowns.png,.png,424733,2026-07-14T08:46:45Z,701dcf431b9fb2b32c02275d27e4fc62a926b05bedf1f6435a4d3788a084e73e
outputs/AURORA_TWETF/aurora_mechanism_controls/run_20260714_084419/plots/mechanism_control_max_drawdown_bar.png,mechanism_control_max_drawdown_bar.png,.png,157893,2026-07-14T08:46:44Z,25599869f8c267fdf607d2719f2b566016d4d14aa8291a0559639cf8de4d6e10
outputs/AURORA_TWETF/aurora_mechanism_controls/run_20260714_084419/plots/mechanism_control_sharpe_bar.png,mechanism_control_sharpe_bar.png,.png,149963,2026-07-14T08:46:44Z,035396f313d50ce14a8e0cee8889742112a2bc59fcad606ae231709c86990da9
outputs/AURORA_TWETF/aurora_mechanism_controls/run_20260714_084419/reports/NOTEBOOK16_file_manifest_SHA256.csv,NOTEBOOK16_file_manifest_SHA256.csv,.csv,18270,2026-07-14T08:46:46Z,1618c2ea7659bfe66d1d7b9b85b9ec17c2197fa903f7c50b467811c2fab0703e
outputs/AURORA_TWETF/aurora_mechanism_controls/run_20260714_084419/reports/NOTEBOOK16_mechanism_control_validation_report.json,NOTEBOOK16_mechanism_control_validation_report.json,.json,4567,2026-07-14T08:46:45Z,c343ce9b7846441bf80b86ebd2f1640921bff9cf40d5fec626c8a6efbc9c38b1
outputs/AURORA_TWETF/aurora_mechanism_controls/run_20260714_084419/returns/all_mechanism_control_returns.csv,all_mechanism_control_returns.csv,.csv,970957,2026-07-14T08:46:43Z,562349725338991b5c4983916d6dedf7918889d6852d9a1297f84bd6df2815cf
outputs/AURORA_TWETF/aurora_mechanism_controls/run_20260714_084419/returns/all_mechanism_control_returns.parquet,all_mechanism_control_returns.parquet,.parquet,219622,2026-07-14T08:46:43Z,b0e00b6d9c19b44011c9ed98112517029d17739ff38d104b85b6daad84e25f56
outputs/AURORA_TWETF/aurora_mechanism_controls/run_20260714_084419/returns/returns_AURORA16_MC_20D_ONLY_DYNAMIC.csv,returns_AURORA16_MC_20D_ONLY_DYNAMIC.csv,.csv,43614,2026-07-14T08:44:29Z,97a213e49e1a162d7f441becb68e58aeeafc5c9e557ddd890612807095690c63
outputs/AURORA_TWETF/aurora_mechanism_controls/run_20260714_084419/returns/returns_AURORA16_MC_20D_ONLY_DYNAMIC.parquet,returns_AURORA16_MC_20D_ONLY_DYNAMIC.parquet,.parquet,20402,2026-07-14T08:44:29Z,bc9e9eaec724eb204fd9f20ed40d9937a3db9680a741751f35509ff909bf5fe5
outputs/AURORA_TWETF/aurora_mechanism_controls/run_20260714_084419/returns/returns_AURORA16_MC_60D_ONLY_DYNAMIC.csv,returns_AURORA16_MC_60D_ONLY_DYNAMIC.csv,.csv,43629,2026-07-14T08:44:33Z,9cd8aa1991639ac3e958e9416848c77edc305439f8d0bfb0b1b1f8ab6dd2683e
outputs/AURORA_TWETF/aurora_mechanism_controls/run_20260714_084419/returns/returns_AURORA16_MC_60D_ONLY_DYNAMIC.parquet,returns_AURORA16_MC_60D_ONLY_DYNAMIC.parquet,.parquet,20402,2026-07-14T08:44:33Z,c93f38bcc0f4d3d2f5b27ffb4bcf11f350a0a4c95b9f6b5cbbbe3c10798a8f71
outputs/AURORA_TWETF/aurora_mechanism_controls/run_20260714_084419/returns/returns_AURORA16_MC_CONSTANT_AVERAGE_UNCERTAINTY.csv,returns_AURORA16_MC_CONSTANT_AVERAGE_UNCERTAINTY.csv,.csv,47433,2026-07-14T08:44:40Z,5efc60e2b9933f9545cd3a0bf66d7a7b9ef43de3b3ef80913db11ad49b67085d
outputs/AURORA_TWETF/aurora_mechanism_controls/run_20260714_084419/returns/returns_AURORA16_MC_CONSTANT_AVERAGE_UNCERTAINTY.parquet,returns_AURORA16_MC_CONSTANT_AVERAGE_UNCERTAINTY.parquet,.parquet,20463,2026-07-14T08:44:40Z,832e7e7a4f1006a834568ac7d82aa5336d1c09c159b1f4fe68d2c5516a3eb2d8
outputs/AURORA_TWETF/aurora_mechanism_controls/run_20260714_084419/returns/returns_AURORA16_MC_EQUAL_BLEND_DYNAMIC.csv,returns_AURORA16_MC_EQUAL_BLEND_DYNAMIC.csv,.csv,44605,2026-07-14T08:44:36Z,38dc03c367f8ba513fe1be121bc2d4d32b118077f30c4fdf5749b35d3f78631d
outputs/AURORA_TWETF/aurora_mechanism_controls/run_20260714_084419/returns/returns_AURORA16_MC_EQUAL_BLEND_DYNAMIC.parquet,returns_AURORA16_MC_EQUAL_BLEND_DYNAMIC.parquet,.parquet,20417,2026-07-14T08:44:36Z,f9aa83c8e798b17457dd39a148fe3d85c446208f459c5df2c2d13dfad2505f70
outputs/AURORA_TWETF/aurora_mechanism_controls/run_20260714_084419/returns/returns_AURORA16_MC_ORIGINAL_AURORA10_UAMV_B.csv,returns_AURORA16_MC_ORIGINAL_AURORA10_UAMV_B.csv,.csv,46157,2026-07-14T08:44:25Z,d5a4ce2cabe73c31b2eb6845e1dfb1912f6c0e7eb0e235118e0c271b1588b71b
outputs/AURORA_TWETF/aurora_mechanism_controls/run_20260714_084419/returns/returns_AURORA16_MC_ORIGINAL_AURORA10_UAMV_B.parquet,returns_AURORA16_MC_ORIGINAL_AURORA10_UAMV_B.parquet,.parquet,20442,2026-07-14T08:44:25Z,60c78551f40f90ee7acddf1f4c2992117ea2395eda742d15df7a96f61c5eb17e
outputs/AURORA_TWETF/aurora_mechanism_controls/run_20260714_084419/returns/returns_AURORA16_MC_SHUFFLED_PROBABILITIES_SEED_1000.csv,returns_AURORA16_MC_SHUFFLED_PROBABILITIES_SEED_1000.csv,.csv,48730,2026-07-14T08:44:44Z,0d17dac4f90db26833483bedca818a7cfb296a8b69630c54bccef417c4c1f5a6
outputs/AURORA_TWETF/aurora_mechanism_controls/run_20260714_084419/returns/returns_AURORA16_MC_SHUFFLED_PROBABILITIES_SEED_1000.parquet,returns_AURORA16_MC_SHUFFLED_PROBABILITIES_SEED_1000.parquet,.parquet,20483,2026-07-14T08:44:44Z,1dab3a52105b94123fa15a644011cb892f26fdc64616b9f9ddf4c3073bdbe0f0
outputs/AURORA_TWETF/aurora_mechanism_controls/run_20260714_084419/returns/returns_AURORA16_MC_SHUFFLED_PROBABILITIES_SEED_1001.csv,returns_AURORA16_MC_SHUFFLED_PROBABILITIES_SEED_1001.csv,.csv,48681,2026-07-14T08:44:47Z,7fc52ff278910cc97fcb61192eb43e80dbd855294273e8d882e8dc84af97ee97
outputs/AURORA_TWETF/aurora_mechanism_controls/run_20260714_084419/returns/returns_AURORA16_MC_SHUFFLED_PROBABILITIES_SEED_1001.parquet,returns_AURORA16_MC_SHUFFLED_PROBABILITIES_SEED_1001.parquet,.parquet,20483,2026-07-14T08:44:47Z,8a34bb848f839ae78c61b5bd04a3cf1cb3e6e36455b0816ed93c92b53e5d8cec
outputs/AURORA_TWETF/aurora_mechanism_controls/run_20260714_084419/returns/returns_AURORA16_MC_SHUFFLED_PROBABILITIES_SEED_1002.csv,returns_AURORA16_MC_SHUFFLED_PROBABILITIES_SEED_1002.csv,.csv,48727,2026-07-14T08:44:51Z,feb2e2430c4e542a770b83f604df64674ac476b3aefeb54ef263b28bd085f427
outputs/AURORA_TWETF/aurora_mechanism_controls/run_20260714_084419/returns/returns_AURORA16_MC_SHUFFLED_PROBABILITIES_SEED_1002.parquet,returns_AURORA16_MC_SHUFFLED_PROBABILITIES_SEED_1002.parquet,.parquet,20483,2026-07-14T08:44:51Z,b3b526afc19c1041f72d5f05ae2d88a80edebb91b25f7be52236a0cf691f58ba
outputs/AURORA_TWETF/aurora_mechanism_controls/run_20260714_084419/returns/returns_AURORA16_MC_SHUFFLED_PROBABILITIES_SEED_1003.csv,returns_AURORA16_MC_SHUFFLED_PROBABILITIES_SEED_1003.csv,.csv,48761,2026-07-14T08:44:55Z,c07e09fcab980c8e9a4929cb6364591b6d4704106d482e4677fca9b01535e6d6
outputs/AURORA_TWETF/aurora_mechanism_controls/run_20260714_084419/returns/returns_AURORA16_MC_SHUFFLED_PROBABILITIES_SEED_1003.parquet,returns_AURORA16_MC_SHUFFLED_PROBABILITIES_SEED_1003.parquet,.parquet,20483,2026-07-14T08:44:55Z,2fdc789fa4a6ff4999ccf7da197b1449e8ce41389b286801824c39cb80e7fea9
outputs/AURORA_TWETF/aurora_mechanism_controls/run_20260714_084419/returns/returns_AURORA16_MC_SHUFFLED_PROBABILITIES_SEED_1004.csv,returns_AURORA16_MC_SHUFFLED_PROBABILITIES_SEED_1004.csv,.csv,48723,2026-07-14T08:44:59Z,a3601102016271f007599ee1fdc087d8d29c0497256d3a407446042ae78677da
outputs/AURORA_TWETF/aurora_mechanism_controls/run_20260714_084419/returns/returns_AURORA16_MC_SHUFFLED_PROBABILITIES_SEED_1004.parquet,returns_AURORA16_MC_SHUFFLED_PROBABILITIES_SEED_1004.parquet,.parquet,20483,2026-07-14T08:44:59Z,304ce37ab31f4e1649cf1e8bd7d61dbe1be19b5c81f0174fb346a4d019ba02d7
outputs/AURORA_TWETF/aurora_mechanism_controls/run_20260714_084419/returns/returns_AURORA16_MC_SHUFFLED_PROBABILITIES_SEED_1005.csv,returns_AURORA16_MC_SHUFFLED_PROBABILITIES_SEED_1005.csv,.csv,48722,2026-07-14T08:45:02Z,77ae91832ef8838318b96f265dee01338eb78d48636569b55a0cd59d25caa72a
outputs/AURORA_TWETF/aurora_mechanism_controls/run_20260714_084419/returns/returns_AURORA16_MC_SHUFFLED_PROBABILITIES_SEED_1005.parquet,returns_AURORA16_MC_SHUFFLED_PROBABILITIES_SEED_1005.parquet,.parquet,20483,2026-07-14T08:45:02Z,dd8d1685b5f20b5eda1bb19096e5dc64ddc665c6bb081de7bb28a31c66d2e9a7
outputs/AURORA_TWETF/aurora_mechanism_controls/run_20260714_084419/returns/returns_AURORA16_MC_SHUFFLED_PROBABILITIES_SEED_1006.csv,returns_AURORA16_MC_SHUFFLED_PROBABILITIES_SEED_1006.csv,.csv,48724,2026-07-14T08:45:06Z,09360dbc38cf8a06b78734d036c268bcc6d23cd4d4e49e34e00029b5127edffe
outputs/AURORA_TWETF/aurora_mechanism_controls/run_20260714_084419/returns/returns_AURORA16_MC_SHUFFLED_PROBABILITIES_SEED_1006.parquet,returns_AURORA16_MC_SHUFFLED_PROBABILITIES_SEED_1006.parquet,.parquet,20483,2026-07-14T08:45:06Z,0c59349b179af07a913724d98800f98ff9c6afcafe369f9043365ae38a6f9729
outputs/AURORA_TWETF/aurora_mechanism_controls/run_20260714_084419/returns/returns_AURORA16_MC_SHUFFLED_PROBABILITIES_SEED_1007.csv,returns_AURORA16_MC_SHUFFLED_PROBABILITIES_SEED_1007.csv,.csv,48716,2026-07-14T08:45:10Z,bec3fe45d1f73ba30f6579fb4d0c3c7b934b42d84a0fcab69901f7fe986b8e7b
outputs/AURORA_TWETF/aurora_mechanism_controls/run_20260714_084419/returns/returns_AURORA16_MC_SHUFFLED_PROBABILITIES_SEED_1007.parquet,returns_AURORA16_MC_SHUFFLED_PROBABILITIES_SEED_1007.parquet,.parquet,20483,2026-07-14T08:45:10Z,cd9b459cd4f7ffdaa5173e62d65b67b6c5af90cd989aec32c7971a84c493112a
outputs/AURORA_TWETF/aurora_mechanism_controls/run_20260714_084419/returns/returns_AURORA16_MC_SHUFFLED_PROBABILITIES_SEED_1008.csv,returns_AURORA16_MC_SHUFFLED_PROBABILITIES_SEED_1008.csv,.csv,48714,2026-07-14T08:45:13Z,b7e43143933dc497b5428fccd1b98dffed7be3c868e2b90c7d4a61d0f2040355
outputs/AURORA_TWETF/aurora_mechanism_controls/run_20260714_084419/returns/returns_AURORA16_MC_SHUFFLED_PROBABILITIES_SEED_1008.parquet,returns_AURORA16_MC_SHUFFLED_PROBABILITIES_SEED_1008.parquet,.parquet,20483,2026-07-14T08:45:13Z,79b03a3aa97c9ceeb021adf8b6fd5f7020fa9ea5e043262faed3359b6fe46aba
outputs/AURORA_TWETF/aurora_mechanism_controls/run_20260714_084419/returns/returns_AURORA16_MC_SHUFFLED_PROBABILITIES_SEED_1009.csv,returns_AURORA16_MC_SHUFFLED_PROBABILITIES_SEED_1009.csv,.csv,48732,2026-07-14T08:45:17Z,484f06e4247f3c55ea414de33f841cc3dd091d66f8c6d9dd3c1b043cd74bbec3
outputs/AURORA_TWETF/aurora_mechanism_controls/run_20260714_084419/returns/returns_AURORA16_MC_SHUFFLED_PROBABILITIES_SEED_1009.parquet,returns_AURORA16_MC_SHUFFLED_PROBABILITIES_SEED_1009.parquet,.parquet,20483,2026-07-14T08:45:17Z,0b5c3023bf5596c03cf7be88ad16526f81259d256cf988d151a9f330eed36744
outputs/AURORA_TWETF/aurora_mechanism_controls/run_20260714_084419/returns/returns_MC_STATIC_4435_EQUITY_5565_CASH.csv,returns_MC_STATIC_4435_EQUITY_5565_CASH.csv,.csv,43905,2026-07-14T08:44:22Z,86c4788b495d7bbd998f932f36ae9f09274f778f42fd69aa37614da819322826
outputs/AURORA_TWETF/aurora_mechanism_controls/run_20260714_084419/returns/returns_MC_STATIC_4435_EQUITY_5565_CASH.parquet,returns_MC_STATIC_4435_EQUITY_5565_CASH.parquet,.parquet,19954,2026-07-14T08:44:22Z,58ecd50745a281cfa68c102144ddaf666f39f414fcd62bb260ab04db9744af7f
outputs/AURORA_TWETF/aurora_mechanism_controls/run_20260714_084419/tables/notebook16_interpretation_helper.csv,notebook16_interpretation_helper.csv,.csv,584,2026-07-14T08:46:45Z,fee6274f91a5d380d93b9062b12249139f6d26ebbc9a46e4360983d197c373d3
outputs/AURORA_TWETF/aurora_mechanism_controls/run_20260714_084419/tables/table_S27_mechanism_control_performance.csv,table_S27_mechanism_control_performance.csv,.csv,7331,2026-07-14T08:46:43Z,983fcb743e392cbbaa0494c5b5048feb46ef6f66d806d78301327ac78a44e741
outputs/AURORA_TWETF/aurora_mechanism_controls/run_20260714_084419/tables/table_S27_mechanism_control_performance_rounded.csv,table_S27_mechanism_control_performance_rounded.csv,.csv,4917,2026-07-14T08:46:43Z,52570c793db85db81fea283d1d0b8915a84bfff3d4b681dd8a0f8512cefd68c7
outputs/AURORA_TWETF/aurora_mechanism_controls/run_20260714_084419/tables/table_S28_mechanism_control_bootstrap.csv,table_S28_mechanism_control_bootstrap.csv,.csv,5465,2026-07-14T08:46:43Z,5b567174c7cd6eb803da9a9f5597c4caaf07739ce9aa900b02613be62bcca332
outputs/AURORA_TWETF/aurora_mechanism_controls/run_20260714_084419/tables/table_S28_mechanism_control_bootstrap_rounded.csv,table_S28_mechanism_control_bootstrap_rounded.csv,.csv,4545,2026-07-14T08:46:43Z,3347477686e07c90d315cc5e3a39f0d5cb61e9195f3ddbc92d8a452fc825f1d6
outputs/AURORA_TWETF/aurora_mechanism_controls/run_20260714_084419/tables/table_S29_probability_control_diagnostics.csv,table_S29_probability_control_diagnostics.csv,.csv,3594,2026-07-14T08:46:43Z,4d1b8b0e4fb029625216f663ea2db66ef91a04bcbddf2f973624287a82b51876
outputs/AURORA_TWETF/aurora_mechanism_controls/run_20260714_084419/tables/table_S29_probability_control_diagnostics_rounded.csv,table_S29_probability_control_diagnostics_rounded.csv,.csv,2058,2026-07-14T08:46:43Z,06a6eef54cc89d070297f5ff22f6f50461c6720c8ef1135563a408345db67db8
outputs/AURORA_TWETF/aurora_mechanism_controls/run_20260714_084419/tables/table_S30_exposure_control_diagnostics.csv,table_S30_exposure_control_diagnostics.csv,.csv,5295,2026-07-14T08:46:43Z,276ec984339ec00ce6cd389a660a675614ad0c26c540c10c68894f3e0bc8ca70
outputs/AURORA_TWETF/aurora_mechanism_controls/run_20260714_084419/tables/table_S30_exposure_control_diagnostics_rounded.csv,table_S30_exposure_control_diagnostics_rounded.csv,.csv,2954,2026-07-14T08:46:43Z,ecad685b66af4f4758affd859156d7915016c4ac702fb1bf1e4fd49543e8f7bb
outputs/AURORA_TWETF/aurora_mechanism_controls/run_20260714_084419/weights/all_mechanism_control_weights.csv,all_mechanism_control_weights.csv,.csv,843986,2026-07-14T08:46:43Z,114911efe90d94ddf5186a75e9e15146fd3355ca4f70bf6fcfc671928bc34d19
outputs/AURORA_TWETF/aurora_mechanism_controls/run_20260714_084419/weights/all_mechanism_control_weights.parquet,all_mechanism_control_weights.parquet,.parquet,44247,2026-07-14T08:46:43Z,5fb363558a7b3f1b503557d5c4d3d920b19c4abf38f7cfcc737c656ede076d67
outputs/AURORA_TWETF/aurora_mechanism_controls/run_20260714_084419/weights/weights_AURORA16_MC_20D_ONLY_DYNAMIC.csv,weights_AURORA16_MC_20D_ONLY_DYNAMIC.csv,.csv,30565,2026-07-14T08:44:29Z,5b3e651cbd2e1f2f79135325b7dc2116c6e2ca51daceb67f0d2d7ee97bfd2d2f
outputs/AURORA_TWETF/aurora_mechanism_controls/run_20260714_084419/weights/weights_AURORA16_MC_20D_ONLY_DYNAMIC.parquet,weights_AURORA16_MC_20D_ONLY_DYNAMIC.parquet,.parquet,7536,2026-07-14T08:44:29Z,c7485d41db03dd13a539f6c82065c09193b6b15a47eb0b4fc7883bb8585582f4
outputs/AURORA_TWETF/aurora_mechanism_controls/run_20260714_084419/weights/weights_AURORA16_MC_60D_ONLY_DYNAMIC.csv,weights_AURORA16_MC_60D_ONLY_DYNAMIC.csv,.csv,30469,2026-07-14T08:44:33Z,3bb5138ef56041db975c46812e0719f644d6547293e30cf2c3ef0e529e11ae4f
outputs/AURORA_TWETF/aurora_mechanism_controls/run_20260714_084419/weights/weights_AURORA16_MC_60D_ONLY_DYNAMIC.parquet,weights_AURORA16_MC_60D_ONLY_DYNAMIC.parquet,.parquet,7536,2026-07-14T08:44:33Z,80787213cfdad970756218bb2f367890107cf7b2b189ed5b08423135f3945546
outputs/AURORA_TWETF/aurora_mechanism_controls/run_20260714_084419/weights/weights_AURORA16_MC_CONSTANT_AVERAGE_UNCERTAINTY.csv,weights_AURORA16_MC_CONSTANT_AVERAGE_UNCERTAINTY.csv,.csv,30127,2026-07-14T08:44:40Z,bf709231d070e847049505041dcb55ad3c1454d210713275d19f20f0084901e3
outputs/AURORA_TWETF/aurora_mechanism_controls/run_20260714_084419/weights/weights_AURORA16_MC_CONSTANT_AVERAGE_UNCERTAINTY.parquet,weights_AURORA16_MC_CONSTANT_AVERAGE_UNCERTAINTY.parquet,.parquet,7523,2026-07-14T08:44:40Z,e600a94afc8c94613ac74462b5f2e1e2dfebf23dcdeec5c2c76507214085c609
outputs/AURORA_TWETF/aurora_mechanism_controls/run_20260714_084419/weights/weights_AURORA16_MC_EQUAL_BLEND_DYNAMIC.csv,weights_AURORA16_MC_EQUAL_BLEND_DYNAMIC.csv,.csv,29734,2026-07-14T08:44:36Z,08b7751fdf58e91bb422d71b370d61e1438a3ea6cbb188a7c35bc3e7212ba37b
outputs/AURORA_TWETF/aurora_mechanism_controls/run_20260714_084419/weights/weights_AURORA16_MC_EQUAL_BLEND_DYNAMIC.parquet,weights_AURORA16_MC_EQUAL_BLEND_DYNAMIC.parquet,.parquet,7516,2026-07-14T08:44:36Z,6d807b7ea98dba981f7ea82c91b823893d8c7e80bc340839aa2b31a10f13358f
outputs/AURORA_TWETF/aurora_mechanism_controls/run_20260714_084419/weights/weights_AURORA16_MC_ORIGINAL_AURORA10_UAMV_B.csv,weights_AURORA16_MC_ORIGINAL_AURORA10_UAMV_B.csv,.csv,30076,2026-07-14T08:44:25Z,fac0570f911a342f78a2f4f1c28ba46a215ebb9a03417421596764223500924c
outputs/AURORA_TWETF/aurora_mechanism_controls/run_20260714_084419/weights/weights_AURORA16_MC_ORIGINAL_AURORA10_UAMV_B.parquet,weights_AURORA16_MC_ORIGINAL_AURORA10_UAMV_B.parquet,.parquet,7527,2026-07-14T08:44:25Z,acc20c53bb9cec48d0d507cabffb030831be91550956348631052b87ab4f1b49
outputs/AURORA_TWETF/aurora_mechanism_controls/run_20260714_084419/weights/weights_AURORA16_MC_SHUFFLED_PROBABILITIES_SEED_1000.csv,weights_AURORA16_MC_SHUFFLED_PROBABILITIES_SEED_1000.csv,.csv,29860,2026-07-14T08:44:44Z,d4f88b24b276960bb62d971382b2bd3841c18587bb995cb7a099ed35152955fb
outputs/AURORA_TWETF/aurora_mechanism_controls/run_20260714_084419/weights/weights_AURORA16_MC_SHUFFLED_PROBABILITIES_SEED_1000.parquet,weights_AURORA16_MC_SHUFFLED_PROBABILITIES_SEED_1000.parquet,.parquet,7517,2026-07-14T08:44:44Z,24209288ba7c7c0f8e2cd49ceeba7a80ef553964843dc7aa475d1f4d7a58bff9
outputs/AURORA_TWETF/aurora_mechanism_controls/run_20260714_084419/weights/weights_AURORA16_MC_SHUFFLED_PROBABILITIES_SEED_1001.csv,weights_AURORA16_MC_SHUFFLED_PROBABILITIES_SEED_1001.csv,.csv,30844,2026-07-14T08:44:47Z,55c99c81852441f0d1dcf313d568782885e634c63c9bb08562275b28a06cde57
outputs/AURORA_TWETF/aurora_mechanism_controls/run_20260714_084419/weights/weights_AURORA16_MC_SHUFFLED_PROBABILITIES_SEED_1001.parquet,weights_AURORA16_MC_SHUFFLED_PROBABILITIES_SEED_1001.parquet,.parquet,7545,2026-07-14T08:44:47Z,ceee9ae6d7c0d09354fae9a322a17bf6b8b7f077aaa855a39223ef88767273a9
outputs/AURORA_TWETF/aurora_mechanism_controls/run_20260714_084419/weights/weights_AURORA16_MC_SHUFFLED_PROBABILITIES_SEED_1002.csv,weights_AURORA16_MC_SHUFFLED_PROBABILITIES_SEED_1002.csv,.csv,29758,2026-07-14T08:44:51Z,f6f0c20e87e3dec6a714c1e806e525450fc7423f870c58f6ec4bf34248e2a2c8
outputs/AURORA_TWETF/aurora_mechanism_controls/run_20260714_084419/weights/weights_AURORA16_MC_SHUFFLED_PROBABILITIES_SEED_1002.parquet,weights_AURORA16_MC_SHUFFLED_PROBABILITIES_SEED_1002.parquet,.parquet,7516,2026-07-14T08:44:51Z,004f9db7d6f6926c38f0acd1f8f0bbb79d1de64198fadc8cf8e92d27970fc177
outputs/AURORA_TWETF/aurora_mechanism_controls/run_20260714_084419/weights/weights_AURORA16_MC_SHUFFLED_PROBABILITIES_SEED_1003.csv,weights_AURORA16_MC_SHUFFLED_PROBABILITIES_SEED_1003.csv,.csv,29565,2026-07-14T08:44:55Z,178efacc1156a7b6adfe92733d2942fd953d5d563c1786129352f187a0e8450d
outputs/AURORA_TWETF/aurora_mechanism_controls/run_20260714_084419/weights/weights_AURORA16_MC_SHUFFLED_PROBABILITIES_SEED_1003.parquet,weights_AURORA16_MC_SHUFFLED_PROBABILITIES_SEED_1003.parquet,.parquet,7506,2026-07-14T08:44:55Z,bfd18f1d71ee7f2f98b16af6ad1ba210f8341bcce4df74a673bb45b7e3d0a0f1
outputs/AURORA_TWETF/aurora_mechanism_controls/run_20260714_084419/weights/weights_AURORA16_MC_SHUFFLED_PROBABILITIES_SEED_1004.csv,weights_AURORA16_MC_SHUFFLED_PROBABILITIES_SEED_1004.csv,.csv,29271,2026-07-14T08:44:59Z,5ca04a9f4ea496eeca129ea303f4260211e1a6d7ece54509e62acf2af8dbf7fc
outputs/AURORA_TWETF/aurora_mechanism_controls/run_20260714_084419/weights/weights_AURORA16_MC_SHUFFLED_PROBABILITIES_SEED_1004.parquet,weights_AURORA16_MC_SHUFFLED_PROBABILITIES_SEED_1004.parquet,.parquet,7506,2026-07-14T08:44:59Z,dee05dee49ecfc51453e095172f878355f4bc778977cffab6daac560a6c0eba6
outputs/AURORA_TWETF/aurora_mechanism_controls/run_20260714_084419/weights/weights_AURORA16_MC_SHUFFLED_PROBABILITIES_SEED_1005.csv,weights_AURORA16_MC_SHUFFLED_PROBABILITIES_SEED_1005.csv,.csv,30198,2026-07-14T08:45:02Z,c7b6d91468d3618d14c77e20662432068a402cfce3b68ff785a1a719c46b9f79
outputs/AURORA_TWETF/aurora_mechanism_controls/run_20260714_084419/weights/weights_AURORA16_MC_SHUFFLED_PROBABILITIES_SEED_1005.parquet,weights_AURORA16_MC_SHUFFLED_PROBABILITIES_SEED_1005.parquet,.parquet,7527,2026-07-14T08:45:02Z,530eaf82fe3122063097f56072411912badc88e5dfff5951d573448c1847499b
outputs/AURORA_TWETF/aurora_mechanism_controls/run_20260714_084419/weights/weights_AURORA16_MC_SHUFFLED_PROBABILITIES_SEED_1006.csv,weights_AURORA16_MC_SHUFFLED_PROBABILITIES_SEED_1006.csv,.csv,29999,2026-07-14T08:45:06Z,7dfaee9638879f2b1f4e12edc3f9a27f8b8484dcf1ca929fd60ccae3e9d34249
outputs/AURORA_TWETF/aurora_mechanism_controls/run_20260714_084419/weights/weights_AURORA16_MC_SHUFFLED_PROBABILITIES_SEED_1006.parquet,weights_AURORA16_MC_SHUFFLED_PROBABILITIES_SEED_1006.parquet,.parquet,7526,2026-07-14T08:45:06Z,30f91f9e234b2ba6ae6544aff08ec0092dd734a19d803e2b38f98a2e4e910261
outputs/AURORA_TWETF/aurora_mechanism_controls/run_20260714_084419/weights/weights_AURORA16_MC_SHUFFLED_PROBABILITIES_SEED_1007.csv,weights_AURORA16_MC_SHUFFLED_PROBABILITIES_SEED_1007.csv,.csv,30592,2026-07-14T08:45:10Z,60945f23ac69a0b3730cd104efeb615376146da4922fa044fedd9992806a6c2b
outputs/AURORA_TWETF/aurora_mechanism_controls/run_20260714_084419/weights/weights_AURORA16_MC_SHUFFLED_PROBABILITIES_SEED_1007.parquet,weights_AURORA16_MC_SHUFFLED_PROBABILITIES_SEED_1007.parquet,.parquet,7534,2026-07-14T08:45:10Z,b243eb213af7d2e4f89ff4b69c6617738413a623160debafd83ea55ffe4eeb5b
outputs/AURORA_TWETF/aurora_mechanism_controls/run_20260714_084419/weights/weights_AURORA16_MC_SHUFFLED_PROBABILITIES_SEED_1008.csv,weights_AURORA16_MC_SHUFFLED_PROBABILITIES_SEED_1008.csv,.csv,29736,2026-07-14T08:45:13Z,b3509d6728287726855556cc506fd067b448804a35f0ddc1345d165c0956ef22
outputs/AURORA_TWETF/aurora_mechanism_controls/run_20260714_084419/weights/weights_AURORA16_MC_SHUFFLED_PROBABILITIES_SEED_1008.parquet,weights_AURORA16_MC_SHUFFLED_PROBABILITIES_SEED_1008.parquet,.parquet,7516,2026-07-14T08:45:13Z,903b6bfd44a98c8348885203027f70731b021720a2cc40d2c4bb252717de9845
outputs/AURORA_TWETF/aurora_mechanism_controls/run_20260714_084419/weights/weights_AURORA16_MC_SHUFFLED_PROBABILITIES_SEED_1009.csv,weights_AURORA16_MC_SHUFFLED_PROBABILITIES_SEED_1009.csv,.csv,30950,2026-07-14T08:45:17Z,913488ef5758de93303c522fdd565c9a558e9ef1b0c603320f3d44e17694b705
outputs/AURORA_TWETF/aurora_mechanism_controls/run_20260714_084419/weights/weights_AURORA16_MC_SHUFFLED_PROBABILITIES_SEED_1009.parquet,weights_AURORA16_MC_SHUFFLED_PROBABILITIES_SEED_1009.parquet,.parquet,7545,2026-07-14T08:45:17Z,60d0db68ebb3897225fc707631751d669eb0c79502898c4905225631588c9f82
outputs/AURORA_TWETF/aurora_mechanism_controls/run_20260714_084419/weights/weights_MC_STATIC_4435_EQUITY_5565_CASH.csv,weights_MC_STATIC_4435_EQUITY_5565_CASH.csv,.csv,17260,2026-07-14T08:44:22Z,0dca03fec18bddc642a91511efaa7037ec143aa512cd9562100fadc29692e019
outputs/AURORA_TWETF/aurora_mechanism_controls/run_20260714_084419/weights/weights_MC_STATIC_4435_EQUITY_5565_CASH.parquet,weights_MC_STATIC_4435_EQUITY_5565_CASH.parquet,.parquet,6845,2026-07-14T08:44:22Z,9ca533a0e6c0b99ab3e4846360219f1a7438f28ddcdf10b956060ad713f09354
outputs/AURORA_TWETF/canonical_passive_benchmarks/README.md,README.md,.md,1046,2026-07-24T09:14:53Z,812163e10fa92c83afd6b3094ae662487ccdaf47b8754fbe6a1d60643480e37e
outputs/AURORA_TWETF/canonical_passive_benchmarks/run_20260723_034307/figures/figure_S28_canonical_passive_benchmark_cumulative_wealth.pdf,figure_S28_canonical_passive_benchmark_cumulative_wealth.pdf,.pdf,24281,2026-07-23T03:43:29Z,2de446051f311ea782e88b1867e235a434a9d972e59ad75f770950b8f69c9b36
outputs/AURORA_TWETF/canonical_passive_benchmarks/run_20260723_034307/figures/figure_S28_canonical_passive_benchmark_cumulative_wealth.png,figure_S28_canonical_passive_benchmark_cumulative_wealth.png,.png,111273,2026-07-23T03:43:28Z,fcbb0c4c17e4778a17837d1f9996efdd8062d20ce9372c45800a47995032fe3a
outputs/AURORA_TWETF/canonical_passive_benchmarks/run_20260723_034307/reports/NOTEBOOK23_file_manifest_SHA256.csv,NOTEBOOK23_file_manifest_SHA256.csv,.csv,2605,2026-07-23T03:43:29Z,714263ca56b1c26c5d68418a3da02645f954a046d951f79469a96f821ba0cf56
outputs/AURORA_TWETF/canonical_passive_benchmarks/run_20260723_034307/reports/NOTEBOOK23_validation_report.json,NOTEBOOK23_validation_report.json,.json,2915,2026-07-23T03:43:29Z,d9b67d981fc46499174d7ccc726eac9e09999f0dfaf63b9a392dc6be660bf455
outputs/AURORA_TWETF/canonical_passive_benchmarks/run_20260723_034307/returns/canonical_equal_weight_buyhold_weights.csv,canonical_equal_weight_buyhold_weights.csv,.csv,29649,2026-07-23T03:43:27Z,f9002ac42512efcb259c113c26b180fb54b96eae11f36f3103d8633589afc89f
outputs/AURORA_TWETF/canonical_passive_benchmarks/run_20260723_034307/returns/canonical_equal_weight_monthly_turnover.csv,canonical_equal_weight_monthly_turnover.csv,.csv,8609,2026-07-23T03:43:27Z,e618791bdf03c5417b865496dcd28a4d8e5460cf66a6540c952ef0ed593a45a1
outputs/AURORA_TWETF/canonical_passive_benchmarks/run_20260723_034307/returns/canonical_equal_weight_monthly_weights.csv,canonical_equal_weight_monthly_weights.csv,.csv,28688,2026-07-23T03:43:27Z,13f5698067cf41a1e4875a31fa5506e5100315d4bdee1d1e25f9be44a4572d10
outputs/AURORA_TWETF/canonical_passive_benchmarks/run_20260723_034307/returns/canonical_passive_strict_test_return_matrix.csv,canonical_passive_strict_test_return_matrix.csv,.csv,30646,2026-07-23T03:43:27Z,90dee78b0b4f0bb5dbb38c8afa15888d28fd9457a242c3cef2d4e7fd991279c9
outputs/AURORA_TWETF/canonical_passive_benchmarks/run_20260723_034307/returns/canonical_passive_strict_test_return_matrix.parquet,canonical_passive_strict_test_return_matrix.parquet,.parquet,18599,2026-07-23T03:43:27Z,9d5aedfb72a33a53a343270da86df98a152abf3b538272fe2c4a076588b9dce3
outputs/AURORA_TWETF/canonical_passive_benchmarks/run_20260723_034307/tables/notebook23_interpretation_helper.csv,notebook23_interpretation_helper.csv,.csv,2349,2026-07-23T03:43:29Z,cec15d3b1eaa8f382a8eebaeb5e62662a1602220f821a7f0c4020b84321f5a11
outputs/AURORA_TWETF/canonical_passive_benchmarks/run_20260723_034307/tables/notebook23_main_text_benchmark_recommendations.csv,notebook23_main_text_benchmark_recommendations.csv,.csv,777,2026-07-23T03:43:29Z,386bd2708a14c5138af1f7bd2e0b3a66a118e247e6ef03915a4af6e27062864f
outputs/AURORA_TWETF/canonical_passive_benchmarks/run_20260723_034307/tables/table_S28_canonical_passive_benchmark_performance.csv,table_S28_canonical_passive_benchmark_performance.csv,.csv,1401,2026-07-23T03:43:27Z,c5eccb7d7e765a33205ddd5d01af7a94c5f70dba80fe178187f26456db959332
outputs/AURORA_TWETF/canonical_passive_benchmarks/run_20260723_034307/tables/table_S28_canonical_passive_benchmark_performance_rounded.csv,table_S28_canonical_passive_benchmark_performance_rounded.csv,.csv,1115,2026-07-23T03:43:27Z,fb8dcb0b74f34abb8dbc89a034c13407798887a3737f15a6643feefb383d4f4e
outputs/AURORA_TWETF/canonical_passive_benchmarks/run_20260723_034307/tables/table_S29_source_aware_vs_canonical_passive_reconciliation.csv,table_S29_source_aware_vs_canonical_passive_reconciliation.csv,.csv,3646,2026-07-23T03:43:27Z,6ecc4a0b9825227605b0d9913b09eb3eb36cf2792e0060069fd6cc9eb5c0f9e1
outputs/AURORA_TWETF/canonical_passive_benchmarks/run_20260723_034307/tables/table_S29_source_aware_vs_canonical_passive_reconciliation_rounded.csv,table_S29_source_aware_vs_canonical_passive_reconciliation_rounded.csv,.csv,2807,2026-07-23T03:43:27Z,a091c396a56236c6354859f3d50e588d50bc35ab85983900c0f89e88c5ca38ec
outputs/AURORA_TWETF/canonical_passive_benchmarks/run_20260723_034307/tables/table_S30_canonical_passive_benchmark_design.csv,table_S30_canonical_passive_benchmark_design.csv,.csv,1105,2026-07-23T03:43:27Z,994f37eeb797e819573f8d1a7787749027abf5253a2c9c8535e621f2baa0a911
outputs/AURORA_TWETF/canonical_passive_benchmarks/run_20260723_034307/tables/table_S30_canonical_passive_price_source_inventory.csv,table_S30_canonical_passive_price_source_inventory.csv,.csv,709,2026-07-23T03:43:09Z,94ac67911ae2629e11ff17d4129c81cbbe3283aa1290e7f9e51b9bbe6fca5deb
outputs/AURORA_TWETF/canonical_passive_benchmarks/run_20260723_034307/tables/table_S30_canonical_passive_price_source_inventory_rounded.csv,table_S30_canonical_passive_price_source_inventory_rounded.csv,.csv,709,2026-07-23T03:43:10Z,94ac67911ae2629e11ff17d4129c81cbbe3283aa1290e7f9e51b9bbe6fca5deb
outputs/AURORA_TWETF/canonical_passive_benchmarks/run_20260723_035525/figures/figure_S28_canonical_passive_benchmark_cumulative_wealth.pdf,figure_S28_canonical_passive_benchmark_cumulative_wealth.pdf,.pdf,24281,2026-07-23T03:55:49Z,8171ce411f297991936677dda73294b8dcb6975e46b16fbed536e544360fa31a
outputs/AURORA_TWETF/canonical_passive_benchmarks/run_20260723_035525/figures/figure_S28_canonical_passive_benchmark_cumulative_wealth.png,figure_S28_canonical_passive_benchmark_cumulative_wealth.png,.png,111273,2026-07-23T03:55:48Z,fcbb0c4c17e4778a17837d1f9996efdd8062d20ce9372c45800a47995032fe3a
outputs/AURORA_TWETF/canonical_passive_benchmarks/run_20260723_035525/reports/NOTEBOOK23_file_manifest_SHA256.csv,NOTEBOOK23_file_manifest_SHA256.csv,.csv,2918,2026-07-23T03:55:49Z,94dbce53a3018c5a8297dc85b0db0ada8192d63b2238579f30d0fca690e879a8
outputs/AURORA_TWETF/canonical_passive_benchmarks/run_20260723_035525/reports/NOTEBOOK23_validation_report.json,NOTEBOOK23_validation_report.json,.json,3396,2026-07-23T03:55:49Z,b6d6c53e4f17a2f927f971a8823898b48385e81b86382ee164af471c033aca41
outputs/AURORA_TWETF/canonical_passive_benchmarks/run_20260723_035525/returns/canonical_equal_weight_buyhold_weights.csv,canonical_equal_weight_buyhold_weights.csv,.csv,29649,2026-07-23T03:55:47Z,f9002ac42512efcb259c113c26b180fb54b96eae11f36f3103d8633589afc89f
outputs/AURORA_TWETF/canonical_passive_benchmarks/run_20260723_035525/returns/canonical_equal_weight_monthly_turnover.csv,canonical_equal_weight_monthly_turnover.csv,.csv,8609,2026-07-23T03:55:47Z,e618791bdf03c5417b865496dcd28a4d8e5460cf66a6540c952ef0ed593a45a1
outputs/AURORA_TWETF/canonical_passive_benchmarks/run_20260723_035525/returns/canonical_equal_weight_monthly_weights.csv,canonical_equal_weight_monthly_weights.csv,.csv,28688,2026-07-23T03:55:47Z,13f5698067cf41a1e4875a31fa5506e5100315d4bdee1d1e25f9be44a4572d10
outputs/AURORA_TWETF/canonical_passive_benchmarks/run_20260723_035525/returns/canonical_passive_strict_test_return_matrix.csv,canonical_passive_strict_test_return_matrix.csv,.csv,30646,2026-07-23T03:55:47Z,90dee78b0b4f0bb5dbb38c8afa15888d28fd9457a242c3cef2d4e7fd991279c9
outputs/AURORA_TWETF/canonical_passive_benchmarks/run_20260723_035525/returns/canonical_passive_strict_test_return_matrix.parquet,canonical_passive_strict_test_return_matrix.parquet,.parquet,18599,2026-07-23T03:55:47Z,9d5aedfb72a33a53a343270da86df98a152abf3b538272fe2c4a076588b9dce3
outputs/AURORA_TWETF/canonical_passive_benchmarks/run_20260723_035525/tables/notebook23_interpretation_helper.csv,notebook23_interpretation_helper.csv,.csv,2357,2026-07-23T03:55:49Z,f82110313beb6c6238914d2756aa91165aa6d0b0e904f4cbf2ce496baf6d2013
outputs/AURORA_TWETF/canonical_passive_benchmarks/run_20260723_035525/tables/notebook23_main_text_benchmark_recommendations.csv,notebook23_main_text_benchmark_recommendations.csv,.csv,815,2026-07-23T03:55:49Z,9e5a01d2f4b61afc1772b8b75e2037a64fe3bb4a7257424a0e0ea81b46d4ee64
outputs/AURORA_TWETF/canonical_passive_benchmarks/run_20260723_035525/tables/table_S28_canonical_passive_benchmark_performance.csv,table_S28_canonical_passive_benchmark_performance.csv,.csv,1401,2026-07-23T03:55:47Z,c5eccb7d7e765a33205ddd5d01af7a94c5f70dba80fe178187f26456db959332
outputs/AURORA_TWETF/canonical_passive_benchmarks/run_20260723_035525/tables/table_S28_canonical_passive_benchmark_performance_rounded.csv,table_S28_canonical_passive_benchmark_performance_rounded.csv,.csv,1115,2026-07-23T03:55:47Z,fb8dcb0b74f34abb8dbc89a034c13407798887a3737f15a6643feefb383d4f4e
outputs/AURORA_TWETF/canonical_passive_benchmarks/run_20260723_035525/tables/table_S29_source_aware_vs_canonical_passive_reconciliation.csv,table_S29_source_aware_vs_canonical_passive_reconciliation.csv,.csv,3051,2026-07-23T03:55:47Z,0dbff72b281b3e6d6d032316e11dc0a8535d7825de6ca4602a2d6dce4fbd2f3b
outputs/AURORA_TWETF/canonical_passive_benchmarks/run_20260723_035525/tables/table_S29_source_aware_vs_canonical_passive_reconciliation_rounded.csv,table_S29_source_aware_vs_canonical_passive_reconciliation_rounded.csv,.csv,2338,2026-07-23T03:55:47Z,279c52bfb29e07a25106faae220466dbcf715cdfbabaec6f2e6bb1bfa5655441
outputs/AURORA_TWETF/canonical_passive_benchmarks/run_20260723_035525/tables/table_S29b_source_aware_passive_reconciliation_skipped.csv,table_S29b_source_aware_passive_reconciliation_skipped.csv,.csv,896,2026-07-23T03:55:47Z,19bb246f3e362e69b678f81081806cc117a5f75206c167379bffa7643d98fd53
outputs/AURORA_TWETF/canonical_passive_benchmarks/run_20260723_035525/tables/table_S29c_source_aware_return_matrix_column_inventory.csv,table_S29c_source_aware_return_matrix_column_inventory.csv,.csv,3976,2026-07-23T03:55:47Z,f723de567bc128f9dede2bed2eb8f3a2d73ecabb9c171148114821d8b6f08f89
outputs/AURORA_TWETF/canonical_passive_benchmarks/run_20260723_035525/tables/table_S30_canonical_passive_benchmark_design.csv,table_S30_canonical_passive_benchmark_design.csv,.csv,1070,2026-07-23T03:55:47Z,07614ff28680b1fb08307768b26775cc76b5ab879708676d3f0d08f5e7aae836
outputs/AURORA_TWETF/canonical_passive_benchmarks/run_20260723_035525/tables/table_S30_canonical_passive_price_source_inventory.csv,table_S30_canonical_passive_price_source_inventory.csv,.csv,709,2026-07-23T03:55:27Z,94ac67911ae2629e11ff17d4129c81cbbe3283aa1290e7f9e51b9bbe6fca5deb
outputs/AURORA_TWETF/canonical_passive_benchmarks/run_20260723_035525/tables/table_S30_canonical_passive_price_source_inventory_rounded.csv,table_S30_canonical_passive_price_source_inventory_rounded.csv,.csv,709,2026-07-23T03:55:28Z,94ac67911ae2629e11ff17d4129c81cbbe3283aa1290e7f9e51b9bbe6fca5deb
outputs/AURORA_TWETF/equivalence_lambda_cash_sensitivity/README.md,README.md,.md,1416,2026-07-24T09:14:53Z,30a6baa94477386eb7f99a6cde000baf4c44198ef45bf59d135b48587ea21c38
outputs/AURORA_TWETF/equivalence_lambda_cash_sensitivity/run_20260722_102750/diagnostics/notebook18_diagnostics_preview.csv,notebook18_diagnostics_preview.csv,.csv,72434,2026-07-22T10:28:51Z,f636e1eb555b37c5d9136027c88742f2a9cea7b462ceb8edc8ce4e654cd189df
outputs/AURORA_TWETF/equivalence_lambda_cash_sensitivity/run_20260722_102750/reports/NOTEBOOK21_22_file_manifest_SHA256.csv,NOTEBOOK21_22_file_manifest_SHA256.csv,.csv,2371,2026-07-22T10:28:54Z,8e242481a6b285862d09b4c5e040a6db4cc68703d7c259a774b943d378459b26
outputs/AURORA_TWETF/equivalence_lambda_cash_sensitivity/run_20260722_102750/reports/NOTEBOOK21_validation_report.json,NOTEBOOK21_validation_report.json,.json,3258,2026-07-22T10:28:54Z,819b8d8fdf629fe32825f35ac3c0b376f415e35ad619cfbc8567a83952c5507e
outputs/AURORA_TWETF/equivalence_lambda_cash_sensitivity/run_20260722_102750/reports/NOTEBOOK22_validation_report.json,NOTEBOOK22_validation_report.json,.json,1751,2026-07-22T10:28:54Z,a9ed6d967f40786332f1182aa333bd87a05a9d31ea1e32b932b4dc4ab4bda8cf
outputs/AURORA_TWETF/equivalence_lambda_cash_sensitivity/run_20260722_102750/tables/notebook21_22_interpretation_helper.csv,notebook21_22_interpretation_helper.csv,.csv,3391,2026-07-22T10:28:54Z,e4ccd44512db17d1948aaa6f393e3b462f248df3bf27a2b9346daba22edc1b7c
outputs/AURORA_TWETF/equivalence_lambda_cash_sensitivity/run_20260722_102750/tables/table_S43_constant_lambda_equivalence_tests.csv,table_S43_constant_lambda_equivalence_tests.csv,.csv,1999,2026-07-22T10:28:49Z,7e08ea42e0280b64daeef99405ff5baff88cc91ad7c441453342aec889a88e8c
outputs/AURORA_TWETF/equivalence_lambda_cash_sensitivity/run_20260722_102750/tables/table_S43_constant_lambda_equivalence_tests_rounded.csv,table_S43_constant_lambda_equivalence_tests_rounded.csv,.csv,1580,2026-07-22T10:28:49Z,cce8087eb2d124ed4b13226bbf595020af83e4a0e18ab6b8d7621d755050775e
outputs/AURORA_TWETF/equivalence_lambda_cash_sensitivity/run_20260722_102750/tables/table_S43b_constant_lambda_equivalence_summary.csv,table_S43b_constant_lambda_equivalence_summary.csv,.csv,642,2026-07-22T10:28:49Z,6aa6d8fc8e9674eb3155a556bd74b3f02246a9337c79e9ed587a2fe9ce7e9f6d
outputs/AURORA_TWETF/equivalence_lambda_cash_sensitivity/run_20260722_102750/tables/table_S44_pre_evaluation_constant_lambda_calibration.csv,table_S44_pre_evaluation_constant_lambda_calibration.csv,.csv,378,2026-07-22T10:28:50Z,ca8c246131d4241b6c2d43103c9f8dec5def03dc9d2a8dff332e0f01d09bd740
outputs/AURORA_TWETF/equivalence_lambda_cash_sensitivity/run_20260722_102750/tables/table_S45_optimizer_reliability_diagnostics.csv,table_S45_optimizer_reliability_diagnostics.csv,.csv,965,2026-07-22T10:28:51Z,5d6d0a29f87f1ff3d536decd0afc0567679eda9aa309c0d86b0476bd034c048d
outputs/AURORA_TWETF/equivalence_lambda_cash_sensitivity/run_20260722_102750/tables/table_S45_optimizer_reliability_diagnostics_rounded.csv,table_S45_optimizer_reliability_diagnostics_rounded.csv,.csv,965,2026-07-22T10:28:51Z,5d6d0a29f87f1ff3d536decd0afc0567679eda9aa309c0d86b0476bd034c048d
outputs/AURORA_TWETF/equivalence_lambda_cash_sensitivity/run_20260722_102750/tables/table_S45b_constraint_binding_diagnostics.csv,table_S45b_constraint_binding_diagnostics.csv,.csv,648,2026-07-22T10:28:51Z,95f126048d3d1f7db5176a48b2ef7bc6e3ffd4a2eb729ce38a5bf709b1862824
outputs/AURORA_TWETF/equivalence_lambda_cash_sensitivity/run_20260722_102750/tables/table_S45b_constraint_binding_diagnostics_rounded.csv,table_S45b_constraint_binding_diagnostics_rounded.csv,.csv,554,2026-07-22T10:28:51Z,36e815e8204b407ae9d9f63235b9eee738d0c395615da71b83429938ccd57da4
outputs/AURORA_TWETF/equivalence_lambda_cash_sensitivity/run_20260722_102750/tables/table_S46_cash_return_risk_free_sensitivity.csv,table_S46_cash_return_risk_free_sensitivity.csv,.csv,8594,2026-07-22T10:28:54Z,262e0adcc8f0a63601f32f09d246b285e4f0b53b2f629afdc1c61ad36e624eeb
outputs/AURORA_TWETF/equivalence_lambda_cash_sensitivity/run_20260722_102750/tables/table_S46_cash_return_risk_free_sensitivity_rounded.csv,table_S46_cash_return_risk_free_sensitivity_rounded.csv,.csv,6439,2026-07-22T10:28:54Z,ff33b8717dd89fac99629b8f0b9f84923e6717c5eb7b0e3dccec3fbe5e16f4b1
outputs/AURORA_TWETF/equivalence_lambda_cash_sensitivity/run_20260722_102750/tables/table_S46b_cash_return_sensitivity_summary.csv,table_S46b_cash_return_sensitivity_summary.csv,.csv,1698,2026-07-22T10:28:54Z,188690f32fd21ddefe5807d99490f6e8abec47245ae5b4f91129b20780b4d752
outputs/AURORA_TWETF/equivalence_lambda_cash_sensitivity/run_20260722_102750/tables/table_S46b_cash_return_sensitivity_summary_rounded.csv,table_S46b_cash_return_sensitivity_summary_rounded.csv,.csv,1339,2026-07-22T10:28:54Z,d214a43f8d6569aea3bfd4d941ab5b7fbc12e205f6d5841c724a541616f11184
outputs/AURORA_TWETF/equivalence_lambda_cash_sensitivity/run_20260722_133503/diagnostics/notebook18_diagnostics_columns.csv,notebook18_diagnostics_columns.csv,.csv,291,2026-07-22T13:36:17Z,bbd8eb82590d4d12af6ac9ac25938b1e8bd899bbc3828a5987bcaade921f84bd
outputs/AURORA_TWETF/equivalence_lambda_cash_sensitivity/run_20260722_133503/diagnostics/notebook18_diagnostics_preview.csv,notebook18_diagnostics_preview.csv,.csv,70907,2026-07-22T13:36:17Z,af580898afa39f8dca7d214345a5371d6ee4228655c8aa77e4d3add700c45201
outputs/AURORA_TWETF/equivalence_lambda_cash_sensitivity/run_20260722_133503/reports/NOTEBOOK21_22_file_manifest_SHA256.csv,NOTEBOOK21_22_file_manifest_SHA256.csv,.csv,4039,2026-07-22T13:36:17Z,a1e54dddf8934003dfd2ac30d084dd28b7ef3fd135a6218c498a62299ab7a10e
outputs/AURORA_TWETF/equivalence_lambda_cash_sensitivity/run_20260722_133503/reports/NOTEBOOK21_validation_report.json,NOTEBOOK21_validation_report.json,.json,2976,2026-07-22T13:36:17Z,c4c2a06b9820595e094449644845f1b89a82fd43fbbe9a2c6977c5bd4e84f1f1
outputs/AURORA_TWETF/equivalence_lambda_cash_sensitivity/run_20260722_133503/reports/NOTEBOOK22_validation_report.json,NOTEBOOK22_validation_report.json,.json,1532,2026-07-22T13:36:17Z,f012c480b7842263b8c9d9bfca88c01597a868263a00ab510cf764e794163e24
outputs/AURORA_TWETF/equivalence_lambda_cash_sensitivity/run_20260722_133503/returns/notebook21_pre_eval_constant_lambda_returns.csv,notebook21_pre_eval_constant_lambda_returns.csv,.csv,24550,2026-07-22T13:36:17Z,240b705917ee013d226e11d4b70f78b730b8d9f9ca69e5c1e02247573cdff855
outputs/AURORA_TWETF/equivalence_lambda_cash_sensitivity/run_20260722_133503/returns/notebook21_pre_eval_constant_lambda_returns.parquet,notebook21_pre_eval_constant_lambda_returns.parquet,.parquet,15342,2026-07-22T13:36:17Z,18ba32dae245dda0ff5830cc0cabbe65c1bbd9721552d698c4794a3efd1827af
outputs/AURORA_TWETF/equivalence_lambda_cash_sensitivity/run_20260722_133503/tables/notebook21_22_interpretation_helper.csv,notebook21_22_interpretation_helper.csv,.csv,3260,2026-07-22T13:36:17Z,e313f9b91612493ae0a3937423913c5878f98ab9ffbdcf3750f7c5a7f2397bb2
outputs/AURORA_TWETF/equivalence_lambda_cash_sensitivity/run_20260722_133503/tables/notebook21_etf_price_source_inventory.csv,notebook21_etf_price_source_inventory.csv,.csv,530,2026-07-22T13:36:03Z,414250ed1f8016ccf9a24916c551ca49a023fab3a6c75db94e04c690a0a04fe7
outputs/AURORA_TWETF/equivalence_lambda_cash_sensitivity/run_20260722_133503/tables/notebook21_probability_features_used_for_pre_eval_lambda.csv,notebook21_probability_features_used_for_pre_eval_lambda.csv,.csv,84704,2026-07-22T13:36:04Z,21be55143659e058f1ff4c42d8158e703735c481db52996dae450bfd9f5b6202
outputs/AURORA_TWETF/equivalence_lambda_cash_sensitivity/run_20260722_133503/tables/table_S43_constant_lambda_equivalence_tests.csv,table_S43_constant_lambda_equivalence_tests.csv,.csv,1988,2026-07-22T13:36:02Z,7d406c4fadd15df51d7c7a97754cefeb10bb995fcb025519b544fea98216a277
outputs/AURORA_TWETF/equivalence_lambda_cash_sensitivity/run_20260722_133503/tables/table_S43_constant_lambda_equivalence_tests_rounded.csv,table_S43_constant_lambda_equivalence_tests_rounded.csv,.csv,1581,2026-07-22T13:36:02Z,363f2ad0cb0bbc1e33291fcb8c115b7495a11149538c20e3e45f4b7717731ed5
outputs/AURORA_TWETF/equivalence_lambda_cash_sensitivity/run_20260722_133503/tables/table_S43b_constant_lambda_equivalence_summary.csv,table_S43b_constant_lambda_equivalence_summary.csv,.csv,642,2026-07-22T13:36:02Z,6aa6d8fc8e9674eb3155a556bd74b3f02246a9337c79e9ed587a2fe9ce7e9f6d
outputs/AURORA_TWETF/equivalence_lambda_cash_sensitivity/run_20260722_133503/tables/table_S44_pre_evaluation_constant_lambda_calibration.csv,table_S44_pre_evaluation_constant_lambda_calibration.csv,.csv,528,2026-07-22T13:36:17Z,312c580a00ffae4bb17b833f3d089adf4a5ba8d20c3b74785e1ede87c05074a5
outputs/AURORA_TWETF/equivalence_lambda_cash_sensitivity/run_20260722_133503/tables/table_S44_pre_evaluation_constant_lambda_calibration_rounded.csv,table_S44_pre_evaluation_constant_lambda_calibration_rounded.csv,.csv,513,2026-07-22T13:36:17Z,a7b8c82c1fe3d78c1f5d5fc9831880091120b97d33ea12c2f3d833e2a8116588
outputs/AURORA_TWETF/equivalence_lambda_cash_sensitivity/run_20260722_133503/tables/table_S44_pre_evaluation_constant_lambda_grid_search.csv,table_S44_pre_evaluation_constant_lambda_grid_search.csv,.csv,13167,2026-07-22T13:36:16Z,383b28a15fc479aa265be1d6220ee6fdd19f8b6c31f5af5e6c5253210391ec94
outputs/AURORA_TWETF/equivalence_lambda_cash_sensitivity/run_20260722_133503/tables/table_S44_pre_evaluation_constant_lambda_grid_search_rounded.csv,table_S44_pre_evaluation_constant_lambda_grid_search_rounded.csv,.csv,5779,2026-07-22T13:36:16Z,e9577e051aeabd0d66645c4a7f4386e7b53ec4dd6ad9c638184db0c61e26cc12
outputs/AURORA_TWETF/equivalence_lambda_cash_sensitivity/run_20260722_133503/tables/table_S44b_pre_evaluation_lambda_performance.csv,table_S44b_pre_evaluation_lambda_performance.csv,.csv,681,2026-07-22T13:36:17Z,c2bfe6a7ad52a84d3e7515d403e2dc2a0810b02df0715c6e8a218f021b999887
outputs/AURORA_TWETF/equivalence_lambda_cash_sensitivity/run_20260722_133503/tables/table_S44b_pre_evaluation_lambda_performance_rounded.csv,table_S44b_pre_evaluation_lambda_performance_rounded.csv,.csv,561,2026-07-22T13:36:17Z,1d94a2f1968457c12ffeab8218ee8a016f87440b4cee7c3f49d3fd4ae05a0ca5
outputs/AURORA_TWETF/equivalence_lambda_cash_sensitivity/run_20260722_133503/tables/table_S45_optimizer_reliability_diagnostics.csv,table_S45_optimizer_reliability_diagnostics.csv,.csv,1206,2026-07-22T13:36:17Z,7277f67a99768d88010ea57aa0ce65e93d18b1b4e31e208d8498ee7a2ec48940
outputs/AURORA_TWETF/equivalence_lambda_cash_sensitivity/run_20260722_133503/tables/table_S45_optimizer_reliability_diagnostics_rounded.csv,table_S45_optimizer_reliability_diagnostics_rounded.csv,.csv,1093,2026-07-22T13:36:17Z,aae8f012e50875b5aedfd02080aba5ce801d381d23d5f296c63c3a0a67539b87
outputs/AURORA_TWETF/equivalence_lambda_cash_sensitivity/run_20260722_133503/tables/table_S45b_constraint_binding_diagnostics.csv,table_S45b_constraint_binding_diagnostics.csv,.csv,1037,2026-07-22T13:36:17Z,56c3c72e7ce0d33dac131a3ba824d12393b74a8f698bf1414aeea460ef335c64
outputs/AURORA_TWETF/equivalence_lambda_cash_sensitivity/run_20260722_133503/tables/table_S45b_constraint_binding_diagnostics_rounded.csv,table_S45b_constraint_binding_diagnostics_rounded.csv,.csv,895,2026-07-22T13:36:17Z,9e7187cf5aba9077bac9c25b87906b15ad6d4cb096f74c9062eb661c61a6c422
outputs/AURORA_TWETF/equivalence_lambda_cash_sensitivity/run_20260722_133503/tables/table_S46_cash_return_risk_free_sensitivity.csv,table_S46_cash_return_risk_free_sensitivity.csv,.csv,3490,2026-07-22T13:36:17Z,c2eb9489dde31178858834be241cf9b1f248be2a7d3305ce2ccb74ba18185646
outputs/AURORA_TWETF/equivalence_lambda_cash_sensitivity/run_20260722_133503/tables/table_S46_cash_return_risk_free_sensitivity_rounded.csv,table_S46_cash_return_risk_free_sensitivity_rounded.csv,.csv,2387,2026-07-22T13:36:17Z,b551f69de6bc86a1f78a1e56d3f448ca3f33e787b4416f45ba503b605634f518
outputs/AURORA_TWETF/equivalence_lambda_cash_sensitivity/run_20260722_133503/tables/table_S46b_cash_return_sensitivity_summary.csv,table_S46b_cash_return_sensitivity_summary.csv,.csv,1025,2026-07-22T13:36:17Z,04cecd6c1d39b76bdf669a72e17125579c59598686c263409e3c056069dbc3dc
outputs/AURORA_TWETF/equivalence_lambda_cash_sensitivity/run_20260722_133503/tables/table_S46b_cash_return_sensitivity_summary_rounded.csv,table_S46b_cash_return_sensitivity_summary_rounded.csv,.csv,836,2026-07-22T13:36:17Z,5c7ec270bbc5065116520e013ba642b20c7c4cac353d989ec861057119c38feb
outputs/AURORA_TWETF/equivalence_lambda_cash_sensitivity/run_20260722_133503/weights/notebook21_pre_eval_constant_lambda_weights.csv,notebook21_pre_eval_constant_lambda_weights.csv,.csv,127787,2026-07-22T13:36:17Z,ad2d5369c87a5f6f593cb236287ceef81f0193c197782c207045c791012ae4e1
outputs/AURORA_TWETF/feature_observability_audit/run_20260718_154326/corrected_feature_matrix/AURORA_TWETF_features_with_labels_observability_corrected.csv,AURORA_TWETF_features_with_labels_observability_corrected.csv,.csv,10585370,2026-07-18T15:46:02Z,7169d0a0f711ef70fe8a793f021f7ce97250f9c334296b928105b6d7ed5c0eec
outputs/AURORA_TWETF/feature_observability_audit/run_20260718_154326/corrected_feature_matrix/AURORA_TWETF_features_with_labels_observability_corrected.parquet,AURORA_TWETF_features_with_labels_observability_corrected.parquet,.parquet,5084171,2026-07-18T15:46:01Z,a926e6f2d0c89c5d79b22d14f98b591ca64b75f74ecd30000397be9688dd64ee
outputs/AURORA_TWETF/feature_observability_audit/run_20260718_154326/reports/NOTEBOOK20_file_manifest_SHA256.csv,NOTEBOOK20_file_manifest_SHA256.csv,.csv,2243,2026-07-18T15:46:02Z,c66fda16fcc44a4ba2416377f9b4c7a4b726a5950ef10423cea1772e38c67b9c
outputs/AURORA_TWETF/feature_observability_audit/run_20260718_154326/reports/NOTEBOOK20_validation_report.json,NOTEBOOK20_validation_report.json,.json,6441,2026-07-18T15:46:02Z,0ca77e75dc123a14a415feb86da29b57b91f84a2d7289386352e73b353295589
outputs/AURORA_TWETF/feature_observability_audit/run_20260718_154326/tables/table_S41_metadata_file_inventory.csv,table_S41_metadata_file_inventory.csv,.csv,200,2026-07-18T15:43:54Z,b7cb495a94f341fd6ea23f47a5a36ae110497b2ee5774315f91bd1bf91f8686a
outputs/AURORA_TWETF/feature_observability_audit/run_20260718_154326/tables/table_S41_policy_observability_rules.csv,table_S41_policy_observability_rules.csv,.csv,4160,2026-07-18T15:43:28Z,b6de1ea628fa6f416ee00c2e7f2e1361fc1388cf22e8522513ef8799f105c3af
outputs/AURORA_TWETF/feature_observability_audit/run_20260718_154326/tables/table_S41a_feature_observability_audit_summary.csv,table_S41a_feature_observability_audit_summary.csv,.csv,6038,2026-07-18T15:46:02Z,c311c907e8e577f32c2abda1992078bddda94f45645ab81faa3fbb7683e71358
outputs/AURORA_TWETF/feature_observability_audit/run_20260718_154326/tables/table_S41b_feature_column_lag_audit.csv,table_S41b_feature_column_lag_audit.csv,.csv,263053,2026-07-18T15:46:01Z,8a95f34cab419a726a7a6c19478eec7552da0f16489b452482e2faf3195f01ac
outputs/AURORA_TWETF/feature_observability_audit/run_20260718_154326/tables/table_S41b_feature_column_lag_audit_initial.csv,table_S41b_feature_column_lag_audit_initial.csv,.csv,157404,2026-07-18T15:43:54Z,22cde6d976b7b1b41ac080e3f54f37aeb6de9df58fe9a4ca6dcbe277cfc68739
outputs/AURORA_TWETF/feature_observability_audit/run_20260718_154326/tables/table_S41c_empirical_source_match_audit.csv,table_S41c_empirical_source_match_audit.csv,.csv,90883,2026-07-18T15:46:01Z,c52fa6f88450027b6d48de4ae3415f5ae8ab5fa637ff885c6c1f9ed154738c76
outputs/AURORA_TWETF/feature_observability_audit/run_20260718_154326/tables/table_S41d_feature_corrections.csv,table_S41d_feature_corrections.csv,.csv,267,2026-07-18T15:46:01Z,2c05ea4cc35929f2c16b5576d60b4b4cb109e17a43642c8a1790c2de509cf809
outputs/AURORA_TWETF/feature_observability_audit/run_20260718_154326/tables/table_S41d_rows_changed_after_correction.csv,table_S41d_rows_changed_after_correction.csv,.csv,450,2026-07-18T15:46:01Z,987fce7a48ef37b5f1a7c9e2338855bb921fc203c48eadbfa3ab98ed0e5b5aae
outputs/AURORA_TWETF/feature_observability_audit/run_20260718_154326/tables/table_S41e_source_panel_inventory.csv,table_S41e_source_panel_inventory.csv,.csv,32718,2026-07-18T15:44:28Z,405b968fc02f5891a14004398797e242f5f0a2b6b0373148a3087903e9c15eb8
outputs/AURORA_TWETF/feature_observability_audit/run_20260718_154326/tables/table_S41f_observability_status_for_manuscript.csv,table_S41f_observability_status_for_manuscript.csv,.csv,577,2026-07-18T15:46:02Z,bf78e5be12dc7a96137ba51ed43b3ea1eb6eb5a7db04a8ce4fa676fcbd259f30
outputs/AURORA_TWETF/feature_observability_audit/run_20260718_154326/tables/table_S41g_violation_and_ambiguous_feature_details.csv,table_S41g_violation_and_ambiguous_feature_details.csv,.csv,740,2026-07-18T15:46:02Z,c22cfe1814a1d3c87b68404a18eeaa7fe407d8ee31eb02e5aa2746a5000ed0b1
outputs/AURORA_TWETF/feature_observability_audit/run_20260718_154326/tables/table_S41h_correction_changed_row_examples.csv,table_S41h_correction_changed_row_examples.csv,.csv,5,2026-07-18T15:46:02Z,426e0b848d77d7b3d778187d006056ee406221ca567ce2844ca403dc834ff8f1
outputs/AURORA_TWETF/figures/TAIEX_regime_fixed_20d_test_mean_balanced_accuracy_20260624_031817.png,TAIEX_regime_fixed_20d_test_mean_balanced_accuracy_20260624_031817.png,.png,236827,2026-06-24T03:27:28Z,891aa48ca65c2aadd3924221dc63cbce078049255ebd021d8dfb2216447428c1
outputs/AURORA_TWETF/figures/TAIEX_regime_fixed_20d_test_mean_macro_f1_20260624_031817.png,TAIEX_regime_fixed_20d_test_mean_macro_f1_20260624_031817.png,.png,230942,2026-06-24T03:27:28Z,3ebd271badafa396b522df5abb802c405bfbfd2d264acaf477992ff133e14ec4
outputs/AURORA_TWETF/figures/TAIEX_regime_fixed_20d_test_mean_quadratic_weighted_kappa_20260624_031817.png,TAIEX_regime_fixed_20d_test_mean_quadratic_weighted_kappa_20260624_031817.png,.png,240228,2026-06-24T03:27:28Z,4f7c6192906a491f4f296e8a26f281fc81da23df9ffaca61eea432a2644ad777
outputs/AURORA_TWETF/figures/TAIEX_regime_fixed_20d_validation_mean_balanced_accuracy_20260624_031817.png,TAIEX_regime_fixed_20d_validation_mean_balanced_accuracy_20260624_031817.png,.png,237368,2026-06-24T03:27:28Z,412deab9d876bdd072735205a853ec237349abf43ff8f494501210b9cd5288d7
outputs/AURORA_TWETF/figures/TAIEX_regime_fixed_20d_validation_mean_macro_f1_20260624_031817.png,TAIEX_regime_fixed_20d_validation_mean_macro_f1_20260624_031817.png,.png,230880,2026-06-24T03:27:28Z,664a3770392ab266eba4fc5703287d0d39d21cbd7481101baf96cc9b205801bb
outputs/AURORA_TWETF/figures/TAIEX_regime_fixed_20d_validation_mean_quadratic_weighted_kappa_20260624_031817.png,TAIEX_regime_fixed_20d_validation_mean_quadratic_weighted_kappa_20260624_031817.png,.png,240285,2026-06-24T03:27:28Z,7f18429ab4ae74e01f7ba3fd9f409f071d6f3aa75f0e0553ae18281b6a17bf1f
outputs/AURORA_TWETF/figures/TAIEX_regime_fixed_60d_test_mean_balanced_accuracy_20260624_031817.png,TAIEX_regime_fixed_60d_test_mean_balanced_accuracy_20260624_031817.png,.png,235609,2026-06-24T03:27:28Z,26d3daa78fefde92173c02d6cd69754bfe30b526bb3ba8ac2b6bad383ffc855b
outputs/AURORA_TWETF/figures/TAIEX_regime_fixed_60d_test_mean_macro_f1_20260624_031817.png,TAIEX_regime_fixed_60d_test_mean_macro_f1_20260624_031817.png,.png,231468,2026-06-24T03:27:28Z,582d14787f638760036fa9ab9c6055654f07f08814108088cb0172490c6d7f98
outputs/AURORA_TWETF/figures/TAIEX_regime_fixed_60d_test_mean_quadratic_weighted_kappa_20260624_031817.png,TAIEX_regime_fixed_60d_test_mean_quadratic_weighted_kappa_20260624_031817.png,.png,241319,2026-06-24T03:27:28Z,ecb7d17bacea6b18a5dee6982f07d8ef7418295e43f39f5ad075cf3d098af08d
outputs/AURORA_TWETF/figures/TAIEX_regime_fixed_60d_validation_mean_balanced_accuracy_20260624_031817.png,TAIEX_regime_fixed_60d_validation_mean_balanced_accuracy_20260624_031817.png,.png,237454,2026-06-24T03:27:28Z,a89457e5cbc2b9f5add37e874dac0ca00e69b3848235e617250fa45ad419fee2
outputs/AURORA_TWETF/figures/TAIEX_regime_fixed_60d_validation_mean_macro_f1_20260624_031817.png,TAIEX_regime_fixed_60d_validation_mean_macro_f1_20260624_031817.png,.png,232970,2026-06-24T03:27:28Z,f90b843588315dcf4ee77128d1cd49f6b1a76f064cd230687cf2aee077549de2
outputs/AURORA_TWETF/figures/TAIEX_regime_fixed_60d_validation_mean_quadratic_weighted_kappa_20260624_031817.png,TAIEX_regime_fixed_60d_validation_mean_quadratic_weighted_kappa_20260624_031817.png,.png,240987,2026-06-24T03:27:28Z,0ca6cc2b387bb35150af46678b1ed4cfc79655974a897fc5575f3a528de16e75
outputs/AURORA_TWETF/figures/aligned_oos_drawdowns_top12_20260624_070827.png,aligned_oos_drawdowns_top12_20260624_070827.png,.png,438489,2026-06-24T07:08:47Z,d7ecc1fe2497a46649683e60f9e678335ddc0193880bf0f4304a4dccc585f492
outputs/AURORA_TWETF/figures/aligned_oos_equity_curves_top12_20260624_070827.png,aligned_oos_equity_curves_top12_20260624_070827.png,.png,397325,2026-06-24T07:08:47Z,a0d2321182bfe5328c1ee276d295313d7ba6056191a38263c0429113b4c77f57
outputs/AURORA_TWETF/figures/aligned_oos_max_drawdown_by_policy_20260624_070827.png,aligned_oos_max_drawdown_by_policy_20260624_070827.png,.png,258746,2026-06-24T07:08:47Z,c78a940e76f41f838e4681f7ff1bb914cc76ad7fd7ba69ddc7f1d56cf5f46551
outputs/AURORA_TWETF/figures/aligned_oos_sharpe_by_policy_20260624_070827.png,aligned_oos_sharpe_by_policy_20260624_070827.png,.png,256420,2026-06-24T07:08:47Z,bd1cc2a6ba69986f812f60a6689faaa5778b69fca5ef7ee5fbafae7f58da75c8
outputs/AURORA_TWETF/figures/aligned_oos_total_return_by_policy_20260624_070827.png,aligned_oos_total_return_by_policy_20260624_070827.png,.png,254340,2026-06-24T07:08:47Z,4698767095ef2506d111150b79d3682967171ac81c709ace3b29a2facc98c634
outputs/AURORA_TWETF/figures/aligned_test_drawdowns_top12_20260624_070827.png,aligned_test_drawdowns_top12_20260624_070827.png,.png,380687,2026-06-24T07:08:47Z,3aaba10de16fb5dc5edf7506917cd5ac0a2c1c06684ef357e3d1d422ff88ca47
outputs/AURORA_TWETF/figures/aligned_test_equity_curves_top12_20260624_070827.png,aligned_test_equity_curves_top12_20260624_070827.png,.png,360081,2026-06-24T07:08:47Z,cfd9127199de4e7defc49507c470a5ac3c12b147b0b1ab833cef4a9d0e53fbb2
outputs/AURORA_TWETF/figures/aligned_test_max_drawdown_by_policy_20260624_070827.png,aligned_test_max_drawdown_by_policy_20260624_070827.png,.png,258935,2026-06-24T07:08:47Z,a417e6dcf36c86aae414213d2cea9ce687e2eb1bdad0b250c1e4722860c38b9d
outputs/AURORA_TWETF/figures/aligned_test_sharpe_by_policy_20260624_070827.png,aligned_test_sharpe_by_policy_20260624_070827.png,.png,256623,2026-06-24T07:08:47Z,84ee81799ce08dd8ec6c482c52db136085537ca02f7800638d2365aaee9abb5b
outputs/AURORA_TWETF/figures/aligned_test_total_return_by_policy_20260624_070827.png,aligned_test_total_return_by_policy_20260624_070827.png,.png,255554,2026-06-24T07:08:47Z,17918125352b99953696c52537f51f630776543d06e7701fcb5a6fa376114d24
outputs/AURORA_TWETF/figures/bootstrap_distribution_diff_sharpe_B10_momentum_top2_63d_20260624_124834.png,bootstrap_distribution_diff_sharpe_B10_momentum_top2_63d_20260624_124834.png,.png,128338,2026-06-24T13:12:35Z,d0d53dbe38f4448da3f17c7a30a59fb2ad3bcebe39a8b3e407b33df348361ba5
outputs/AURORA_TWETF/figures/bootstrap_distribution_diff_sharpe_B16_minimum_variance_126d_20260624_124834.png,bootstrap_distribution_diff_sharpe_B16_minimum_variance_126d_20260624_124834.png,.png,121704,2026-06-24T13:12:35Z,48352a81c83502afe17a3a2dcca247faba09c3e3c6e276b48b1ff580e05dd590
outputs/AURORA_TWETF/figures/bootstrap_distribution_diff_sharpe_B1_equal_weight_all_etfs_20260624_124834.png,bootstrap_distribution_diff_sharpe_B1_equal_weight_all_etfs_20260624_124834.png,.png,118841,2026-06-24T13:12:35Z,2165626429200ee1effa8032fed8985800cedf1ed80c08b1ade1893e27d7c863
outputs/AURORA_TWETF/figures/bootstrap_distribution_diff_sharpe_B3_0050_only_20260624_124834.png,bootstrap_distribution_diff_sharpe_B3_0050_only_20260624_124834.png,.png,117643,2026-06-24T13:12:35Z,91a436662aa72b16d241d9216fd48f3e25a13582ae94d97295d6520306db71b0
outputs/AURORA_TWETF/figures/bootstrap_distribution_diff_sharpe_B6_00881_only_20260624_124834.png,bootstrap_distribution_diff_sharpe_B6_00881_only_20260624_124834.png,.png,126551,2026-06-24T13:12:35Z,13379ccc03066a8547ae9a32bbbb3697df736667ae76dee80a802d4ee305c01e
outputs/AURORA_TWETF/figures/bootstrap_distribution_diff_sortino_B10_momentum_top2_63d_20260624_124834.png,bootstrap_distribution_diff_sortino_B10_momentum_top2_63d_20260624_124834.png,.png,120275,2026-06-24T13:12:35Z,e01b7f8ec938077ca5a27aa3c4981086e7df62823ba637fa77ea918b536d6ee4
outputs/AURORA_TWETF/figures/bootstrap_distribution_diff_sortino_B16_minimum_variance_126d_20260624_124834.png,bootstrap_distribution_diff_sortino_B16_minimum_variance_126d_20260624_124834.png,.png,118747,2026-06-24T13:12:35Z,872d929f09534eff3353ad9d7fd888662548949269150fe380f8a5d939752e5d
outputs/AURORA_TWETF/figures/bootstrap_distribution_diff_sortino_B1_equal_weight_all_etfs_20260624_124834.png,bootstrap_distribution_diff_sortino_B1_equal_weight_all_etfs_20260624_124834.png,.png,118985,2026-06-24T13:12:35Z,34797a2823dd2d32308451e355ee361747b5fc29505f30aaab911e1b7654fb36
outputs/AURORA_TWETF/figures/bootstrap_distribution_diff_sortino_B3_0050_only_20260624_124834.png,bootstrap_distribution_diff_sortino_B3_0050_only_20260624_124834.png,.png,118570,2026-06-24T13:12:35Z,8879514f91528be3b00ee1bb4918c166c26336686677c87a71b679f09aa2c7ff
outputs/AURORA_TWETF/figures/bootstrap_distribution_diff_sortino_B6_00881_only_20260624_124834.png,bootstrap_distribution_diff_sortino_B6_00881_only_20260624_124834.png,.png,121230,2026-06-24T13:12:35Z,98a8fae515da6ffb7a928c898d7e1c16bc8ab2aa04915d88310f38c816ecd79b
outputs/AURORA_TWETF/figures/bootstrap_distribution_diff_total_return_B10_momentum_top2_63d_20260624_124834.png,bootstrap_distribution_diff_total_return_B10_momentum_top2_63d_20260624_124834.png,.png,126024,2026-06-24T13:12:35Z,78c6ba5bb733cf1f71fcf99ea19e28be90d1bf74636327c8440f2ca5388b0ee3
outputs/AURORA_TWETF/figures/bootstrap_distribution_diff_total_return_B16_minimum_variance_126d_20260624_124834.png,bootstrap_distribution_diff_total_return_B16_minimum_variance_126d_20260624_124834.png,.png,126868,2026-06-24T13:12:35Z,1e71f82205e3e89928549a8ed466473461582768bc419b97c704fc7b6c776f6a
outputs/AURORA_TWETF/figures/bootstrap_distribution_diff_total_return_B1_equal_weight_all_etfs_20260624_124834.png,bootstrap_distribution_diff_total_return_B1_equal_weight_all_etfs_20260624_124834.png,.png,126241,2026-06-24T13:12:35Z,88a4a39fc5b94b3410fc0c93e3cd89a1aa1c56b0f619e385f25100f23fa154b8
outputs/AURORA_TWETF/figures/bootstrap_distribution_diff_total_return_B3_0050_only_20260624_124834.png,bootstrap_distribution_diff_total_return_B3_0050_only_20260624_124834.png,.png,124940,2026-06-24T13:12:35Z,f1f8554c0d2a9f088ddb0791d0fe2ec9d4d0403b1cc016c40f0ef3ce2c057c8d
outputs/AURORA_TWETF/figures/bootstrap_distribution_diff_total_return_B6_00881_only_20260624_124834.png,bootstrap_distribution_diff_total_return_B6_00881_only_20260624_124834.png,.png,125625,2026-06-24T13:12:35Z,417f9a0610243bf130008aec14c04cb6a9b64e42d1b498b160ba8cd1233e6510
outputs/AURORA_TWETF/figures/bootstrap_distribution_drawdown_improvement_B10_momentum_top2_63d_20260624_124834.png,bootstrap_distribution_drawdown_improvement_B10_momentum_top2_63d_20260624_124834.png,.png,130486,2026-06-24T13:12:35Z,71f8a9ab60623cda648fbb8d135835d144ee0752ac0cf1385ee3b954ef6ea4f7
outputs/AURORA_TWETF/figures/bootstrap_distribution_drawdown_improvement_B16_minimum_variance_126d_20260624_124834.png,bootstrap_distribution_drawdown_improvement_B16_minimum_variance_126d_20260624_124834.png,.png,124381,2026-06-24T13:12:35Z,102ff183a3b5c663db05aa22825c577e2574a028bf89131e7bd70f1297ffa020
outputs/AURORA_TWETF/figures/bootstrap_distribution_drawdown_improvement_B1_equal_weight_all_etfs_20260624_124834.png,bootstrap_distribution_drawdown_improvement_B1_equal_weight_all_etfs_20260624_124834.png,.png,124123,2026-06-24T13:12:35Z,015ba5d7ec336db58ca6adcb1b992acb95d6943eb2dfa594c5f8ef7ef41b9f58
outputs/AURORA_TWETF/figures/bootstrap_distribution_drawdown_improvement_B3_0050_only_20260624_124834.png,bootstrap_distribution_drawdown_improvement_B3_0050_only_20260624_124834.png,.png,120932,2026-06-24T13:12:35Z,d012a2a7fe63ebb5513f53f00fd93ba10f95ba7b0163115a5d518af933f44615
outputs/AURORA_TWETF/figures/bootstrap_distribution_drawdown_improvement_B6_00881_only_20260624_124834.png,bootstrap_distribution_drawdown_improvement_B6_00881_only_20260624_124834.png,.png,125795,2026-06-24T13:12:35Z,102344dba8a2c09ed57c10327b7779d359457bb38327ae88583466addda7abd0
outputs/AURORA_TWETF/figures/drawdowns_top12_oos_20260624_034204.png,drawdowns_top12_oos_20260624_034204.png,.png,426402,2026-06-24T03:42:35Z,a84f69aa7c61d71be04df078724d405ee64d1346ed2f96053f8ce19a95becf34
outputs/AURORA_TWETF/figures/equity_curves_top12_oos_20260624_034204.png,equity_curves_top12_oos_20260624_034204.png,.png,381106,2026-06-24T03:42:35Z,86a3aaed33cd7a36f76d1506c7d3e824566909bd75a987a8d9591604be21a59d
outputs/AURORA_TWETF/figures/fig_27_baseline_full_period_sharpe_by_policy_20260624_012818.png,fig_27_baseline_full_period_sharpe_by_policy_20260624_012818.png,.png,112200,2026-06-24T01:57:52Z,15609b6184ad6763c41c2808eb9769fc6b37def5d4d22894b1f1b95ed2505d7c
outputs/AURORA_TWETF/figures/fig_28_baseline_full_period_total_return_by_policy_20260624_012818.png,fig_28_baseline_full_period_total_return_by_policy_20260624_012818.png,.png,110411,2026-06-24T01:57:52Z,e91636173b2108900592f0485014905851ab9f7d554483f2eca672f1ae9525ab
outputs/AURORA_TWETF/figures/fig_29_baseline_full_period_max_drawdown_by_policy_20260624_012818.png,fig_29_baseline_full_period_max_drawdown_by_policy_20260624_012818.png,.png,115321,2026-06-24T01:57:52Z,4cf136631392d1de2fe6ae3fa219c5c59dc712e4b8f1d9649977257e9c83cdb0
outputs/AURORA_TWETF/figures/fig_30_baseline_test_period_sharpe_by_policy_20260624_012818.png,fig_30_baseline_test_period_sharpe_by_policy_20260624_012818.png,.png,110784,2026-06-24T01:57:52Z,afa2d7eb43747daeb7d953b70330e6abd852db960fce2cb0f517d1774104c348
outputs/AURORA_TWETF/figures/fig_31_active_policy_sharpe_heatmap_full_period_20260624_012818.png,fig_31_active_policy_sharpe_heatmap_full_period_20260624_012818.png,.png,437121,2026-06-24T01:57:52Z,0f24cc141424c4cab8d2fd0bea81914ee77e053ec93a408af88a06a91d21b576
outputs/AURORA_TWETF/figures/fig_32_active_policy_drawdown_heatmap_full_period_20260624_012818.png,fig_32_active_policy_drawdown_heatmap_full_period_20260624_012818.png,.png,533749,2026-06-24T01:57:52Z,772c1bb91b2df5a68cb6808858e05d302b3533c87168f5ed7c39c83468cac6cc
outputs/AURORA_TWETF/figures/fig_33_00881_cap_sensitivity_primary_policy_20260624_012818.png,fig_33_00881_cap_sensitivity_primary_policy_20260624_012818.png,.png,109447,2026-06-24T01:57:52Z,b737a50488413c70ab5bab6b8434df2b9b85dbaaa396bf8ebc70deeef2a6d931
outputs/AURORA_TWETF/figures/fig_34_cash_boost_sensitivity_primary_policy_20260624_012818.png,fig_34_cash_boost_sensitivity_primary_policy_20260624_012818.png,.png,97367,2026-06-24T01:57:52Z,88511b4f6837d5d6b133e6f73b3623af185fd18650e18b3098b9a8487760ef12
outputs/AURORA_TWETF/figures/fig_35_alpha20d_blend_sensitivity_primary_policy_20260624_012818.png,fig_35_alpha20d_blend_sensitivity_primary_policy_20260624_012818.png,.png,117197,2026-06-24T01:57:52Z,17e51e31d6364d31cb5c9c398d92dcf80262c9df68d2ec6bf8eb7ca7b9d329a7
outputs/AURORA_TWETF/figures/fig_36_template_sensitivity_primary_policy_sharpe_20260624_012818.png,fig_36_template_sensitivity_primary_policy_sharpe_20260624_012818.png,.png,77313,2026-06-24T01:57:52Z,94ef347a7f4c31a1711062161f7f3542a44c45a54a718a7430a2b936d9aecdcf
outputs/AURORA_TWETF/figures/fig_37_primary_policy_mean_cash_weight_by_scenario_20260624_012818.png,fig_37_primary_policy_mean_cash_weight_by_scenario_20260624_012818.png,.png,221578,2026-06-24T01:57:52Z,0e27134f4d9bba40432140235a7a4c16ea42859a7816693cfd94afc459f2fa43
outputs/AURORA_TWETF/figures/fig_38_selected_policy_equity_curves_20260624_012818.png,fig_38_selected_policy_equity_curves_20260624_012818.png,.png,282218,2026-06-24T01:57:52Z,b1ed26e6cd23c3f5fa1c09e324b9e28b378c074d8e7e7f405db054e68414fa84
outputs/AURORA_TWETF/figures/fig_39_selected_policy_drawdowns_20260624_012818.png,fig_39_selected_policy_drawdowns_20260624_012818.png,.png,399672,2026-06-24T01:57:52Z,1526a2ff54555f5035315886d55c67f88961b4221d9141a12421e3514c51f74f
outputs/AURORA_TWETF/figures/figure_2_drawdown_canonical_passive.pdf,figure_2_drawdown_canonical_passive.pdf,.pdf,23484,2026-07-23T14:10:22Z,0ddbfefa092aa86d343d720b04d9c24157f70ea8bf032ac6e8cc7ec726b8ffd1
outputs/AURORA_TWETF/figures/figure_2_drawdown_canonical_passive.png,figure_2_drawdown_canonical_passive.png,.png,193338,2026-07-23T14:10:22Z,ba1ec99ddc7584de089948432405eaa616705023b811175cfdbf132cca5aea48
outputs/AURORA_TWETF/figures/figure_2_drawdown_canonical_passive.svg,figure_2_drawdown_canonical_passive.svg,.svg,72467,2026-07-23T14:10:22Z,409f31ce8d5b0532031a2933ba2dcbc57060a3fa050e2a4acab5e7ac49aa6eed
outputs/AURORA_TWETF/figures/figure_2_drawdown_canonical_passive_20260723_140954.pdf,figure_2_drawdown_canonical_passive_20260723_140954.pdf,.pdf,23484,2026-07-23T14:10:21Z,0f5213d261cd085a7bdd61c2d793b2cc2b7af3cd99bee62213af01347da89a58
outputs/AURORA_TWETF/figures/figure_2_drawdown_canonical_passive_20260723_140954.png,figure_2_drawdown_canonical_passive_20260723_140954.png,.png,193338,2026-07-23T14:10:20Z,ba1ec99ddc7584de089948432405eaa616705023b811175cfdbf132cca5aea48
outputs/AURORA_TWETF/figures/figure_2_drawdown_canonical_passive_20260723_140954.svg,figure_2_drawdown_canonical_passive_20260723_140954.svg,.svg,72467,2026-07-23T14:10:22Z,b5a106464a99722118c34356d4b13aa44898b0049f210897e182af4bb9afc367
outputs/AURORA_TWETF/figures/figure_S4_mechanism_attribution_20260717_082548.pdf,figure_S4_mechanism_attribution_20260717_082548.pdf,.pdf,48301,2026-07-17T08:31:36Z,14843b0d5ffa208705caadc2dc0edffd8586419c2b6e417e8aee1a53c88f845b
outputs/AURORA_TWETF/figures/figure_S4_mechanism_attribution_20260717_082548.png,figure_S4_mechanism_attribution_20260717_082548.png,.png,557235,2026-07-17T08:31:36Z,aa6411ab1e48259f86d0217d16370c20179b4aeff2f0b0ed004cf185f744e626
outputs/AURORA_TWETF/figures/figure_final_drawdowns_20260624_142307.png,figure_final_drawdowns_20260624_142307.png,.png,341980,2026-06-24T14:23:15Z,f72a2c97e073b881ec55f4671d1a48f0b062aaec73a4212e069334ce47cd8df3
outputs/AURORA_TWETF/figures/figure_final_equity_curves_20260624_142307.png,figure_final_equity_curves_20260624_142307.png,.png,309472,2026-06-24T14:23:14Z,8685fa684b365f284a353143d802dafdbb22acef1f71e8e620c226f6454efc4c
outputs/AURORA_TWETF/figures/figure_final_max_drawdown_bar_20260624_142307.png,figure_final_max_drawdown_bar_20260624_142307.png,.png,123699,2026-06-24T14:23:15Z,fa73f6edd4de4c9eed040493a0667555ef833d03576ee5c5711ac887f5a4356a
outputs/AURORA_TWETF/figures/figure_final_rolling_63d_sharpe_20260624_142307.png,figure_final_rolling_63d_sharpe_20260624_142307.png,.png,363492,2026-06-24T14:23:15Z,2f20a615454ba0c8801972cd7766dd74c57cf130fa990697e6b23de21656c6ad
outputs/AURORA_TWETF/figures/figure_final_sharpe_bar_20260624_142307.png,figure_final_sharpe_bar_20260624_142307.png,.png,118032,2026-06-24T14:23:15Z,c30aa64b981688eb4aac76d9d5214ad02db75faf8a092ac093995f2899cf61e8
outputs/AURORA_TWETF/figures/figure_final_statistical_difference_heatmap_20260624_142307.png,figure_final_statistical_difference_heatmap_20260624_142307.png,.png,171363,2026-06-24T14:23:15Z,5822bbb3dbdaae908ab636f8fc6b174ba1c2f3313408e924f01fb0731d4a6e1e
outputs/AURORA_TWETF/figures/notebook11_drawdowns_primary_comparison_20260624_124834.png,notebook11_drawdowns_primary_comparison_20260624_124834.png,.png,320662,2026-06-24T13:12:35Z,3032bef514452dd1314ca62f311f857e5db66a5ff07bad3d291a0d778401c8fc
outputs/AURORA_TWETF/figures/notebook11_equity_curves_primary_comparison_20260624_124834.png,notebook11_equity_curves_primary_comparison_20260624_124834.png,.png,297852,2026-06-24T13:12:35Z,0bc061cb939ac367c2b13cd58d45a049f4c3768c9507e1e6674a38e3de921fa5
outputs/AURORA_TWETF/figures/notebook11_observed_difference_heatmap_20260624_124834.png,notebook11_observed_difference_heatmap_20260624_124834.png,.png,161898,2026-06-24T13:12:35Z,09aef2187dcde23013b1dbe3394448f2bd7133ae1c905f52794e74ba8a1584ab
outputs/AURORA_TWETF/figures/notebook11_rolling_21d_sharpe_20260624_124834.png,notebook11_rolling_21d_sharpe_20260624_124834.png,.png,382001,2026-06-24T13:12:35Z,0efdf144c081160a62a5fe4a853a4ecddde55ee183838430d1e9c4adb34a7a20
outputs/AURORA_TWETF/figures/notebook11_rolling_63d_sharpe_20260624_124834.png,notebook11_rolling_63d_sharpe_20260624_124834.png,.png,341569,2026-06-24T13:12:35Z,418dd82eed4cb53b63653a9c816db42b17683ced51b0c4475e005d4d007b75c5
outputs/AURORA_TWETF/figures/oos_max_drawdown_by_policy_20260624_034204.png,oos_max_drawdown_by_policy_20260624_034204.png,.png,256236,2026-06-24T03:42:35Z,6529d48bd2bb27e5be56c603b44cc109a5a773bcd8df2cbc49efd5b39f9fda4c
outputs/AURORA_TWETF/figures/oos_sharpe_by_policy_20260624_034204.png,oos_sharpe_by_policy_20260624_034204.png,.png,253241,2026-06-24T03:42:35Z,77e0cb543d3dc79b01f8463891befb628960a3ec3578b260361a112a5d86c239
outputs/AURORA_TWETF/figures/oos_total_return_by_policy_20260624_034204.png,oos_total_return_by_policy_20260624_034204.png,.png,251646,2026-06-24T03:42:35Z,859ad02a3f4b7cf8414d2d349c3b3b6fe8f96360794636138fc486d8672a47c9
outputs/AURORA_TWETF/figures/optimized_template_heatmap_VOT_A_baseline_60_40_cash20_20260624_072914.png,optimized_template_heatmap_VOT_A_baseline_60_40_cash20_20260624_072914.png,.png,114596,2026-06-24T09:33:13Z,720118961b1a977c3d83d999d219948758bbb955b73c192d90e5190b2e28960f
outputs/AURORA_TWETF/figures/optimized_template_heatmap_VOT_B_more60_30_70_cash20_20260624_072914.png,optimized_template_heatmap_VOT_B_more60_30_70_cash20_20260624_072914.png,.png,115098,2026-06-24T09:33:13Z,7d66b90ec57f1a2096bf3845a81af793dd834b7ceff62452b430db50c49b6e1c
outputs/AURORA_TWETF/figures/optimized_template_heatmap_VOT_C_more60_30_70_cash10_20260624_072914.png,optimized_template_heatmap_VOT_C_more60_30_70_cash10_20260624_072914.png,.png,114808,2026-06-24T09:33:13Z,03b177bd8d6455748d52c21d4416ec754cd7ad860508110aa43fa863ede95c69
outputs/AURORA_TWETF/figures/optimized_template_heatmap_VOT_D_more60_30_70_no_cash_boost_20260624_072914.png,optimized_template_heatmap_VOT_D_more60_30_70_no_cash_boost_20260624_072914.png,.png,116599,2026-06-24T09:33:13Z,405cfd4776ae324a5b2931f01172de2ab70c0fb5575d52eb8d39ad5a522c68ff
outputs/AURORA_TWETF/figures/optimized_vs_benchmarks_test_equity_curves_top12_20260624_072914.png,optimized_vs_benchmarks_test_equity_curves_top12_20260624_072914.png,.png,394720,2026-06-24T09:33:13Z,427093f4fa2f8d8d6fcba5b3042bbef04b29083e7e3e48d0384a22e031b9cab6
outputs/AURORA_TWETF/figures/optimized_vs_benchmarks_test_max_drawdown_20260624_072914.png,optimized_vs_benchmarks_test_max_drawdown_20260624_072914.png,.png,274039,2026-06-24T09:33:13Z,02063338ad74915788c298f68cf5788dbf780af70f5ddb03951773484a1ab7da
outputs/AURORA_TWETF/figures/optimized_vs_benchmarks_test_sharpe_20260624_072914.png,optimized_vs_benchmarks_test_sharpe_20260624_072914.png,.png,271601,2026-06-24T09:33:13Z,32929bfddd0f3f1bcc9824298141817a09de183c6bcfa72ce1a8539f459fe876
outputs/AURORA_TWETF/figures/optimized_vs_benchmarks_test_total_return_20260624_072914.png,optimized_vs_benchmarks_test_total_return_20260624_072914.png,.png,271570,2026-06-24T09:33:13Z,ec10cf0f3e6e2c5b2d380409bfc8c6796ccf2942eed7301aadff1566c147d3ea
outputs/AURORA_TWETF/figures/reliability_test_TAIEX_regime_fixed_20d_E1_validation_weighted_probability_ensemble_20260624_031817.png,reliability_test_TAIEX_regime_fixed_20d_E1_validation_weighted_probability_ensemble_20260624_031817.png,.png,92432,2026-06-24T03:27:28Z,3446cf978ddceef05d1a7754200dd3d2952461a1458a9e8d70df9fc9967e4b16
outputs/AURORA_TWETF/figures/reliability_test_TAIEX_regime_fixed_60d_E1_validation_weighted_probability_ensemble_20260624_031817.png,reliability_test_TAIEX_regime_fixed_60d_E1_validation_weighted_probability_ensemble_20260624_031817.png,.png,91965,2026-06-24T03:27:28Z,2498df17ded12ae884830023e9d74c301a0b1fac3c8ed55becc4738654d8c502
outputs/AURORA_TWETF/figures/test_only_sharpe_by_policy_20260624_034204.png,test_only_sharpe_by_policy_20260624_034204.png,.png,255134,2026-06-24T03:42:35Z,c022340d2ea33df38a9e3f70beff67719fee122228f82c3b623ca69d2dd26489
outputs/AURORA_TWETF/figures/test_only_total_return_by_policy_20260624_034204.png,test_only_total_return_by_policy_20260624_034204.png,.png,254218,2026-06-24T03:42:35Z,3462b54b906e96b4d9b149437626913f5f5157539eaea2b59a70de0bff31dbd8
outputs/AURORA_TWETF/figures/uamv_vs_benchmarks_test_drawdowns_top12_20260624_100748.png,uamv_vs_benchmarks_test_drawdowns_top12_20260624_100748.png,.png,496031,2026-06-24T10:08:46Z,a689967b2782efcfd09108ef303f086ce8c1c16ef7c12387014d9e1ffd14df29
outputs/AURORA_TWETF/figures/uamv_vs_benchmarks_test_equity_curves_top12_20260624_100748.png,uamv_vs_benchmarks_test_equity_curves_top12_20260624_100748.png,.png,444094,2026-06-24T10:08:46Z,e1fa01133d1a4b0601c5cce69a4a3b5ae402707abc2ea7c5e6665ed906b56915
outputs/AURORA_TWETF/figures/uamv_vs_benchmarks_test_max_drawdown_20260624_100748.png,uamv_vs_benchmarks_test_max_drawdown_20260624_100748.png,.png,286562,2026-06-24T10:08:46Z,10a39c1ce63991ff198f0d1ae177892992bc985eca47755bfec96b544c6a6f99
outputs/AURORA_TWETF/figures/uamv_vs_benchmarks_test_sharpe_20260624_100748.png,uamv_vs_benchmarks_test_sharpe_20260624_100748.png,.png,282508,2026-06-24T10:08:46Z,38cbd038bf31ec542e92819962926c1c0d533b765f38caa9751735314e0d89ea
outputs/AURORA_TWETF/figures/uamv_vs_benchmarks_test_total_return_20260624_100748.png,uamv_vs_benchmarks_test_total_return_20260624_100748.png,.png,284264,2026-06-24T10:08:46Z,0811af79c00f5d9ab62d02edaadb06631943eb87794470a22aaf9596e211f107
outputs/AURORA_TWETF/figures/weights_area_AURORA10_UAMV_A_balanced_20260624_100748.png,weights_area_AURORA10_UAMV_A_balanced_20260624_100748.png,.png,101230,2026-06-24T10:08:46Z,73292f11cd0e3e205212379b4f02ba2c2bb153bcdf283a4667e7ef7c5b7c73c6
outputs/AURORA_TWETF/figures/weights_area_AURORA10_UAMV_B_more60_defensive_20260624_100748.png,weights_area_AURORA10_UAMV_B_more60_defensive_20260624_100748.png,.png,106604,2026-06-24T10:08:46Z,6943a926df4e4423a388fa304ff2bbec158c7a552c3229d9e5a3dbe55688732f
outputs/AURORA_TWETF/figures/weights_area_AURORA10_UAMV_C_more60_growth_20260624_100748.png,weights_area_AURORA10_UAMV_C_more60_growth_20260624_100748.png,.png,99158,2026-06-24T10:08:46Z,2f3f708da9e5321fba370d7ffc8dc36847bfabed529c65a0ece785386c71ca13
outputs/AURORA_TWETF/figures/weights_area_AURORA10_UAMV_D_low_turnover_20260624_100748.png,weights_area_AURORA10_UAMV_D_low_turnover_20260624_100748.png,.png,107199,2026-06-24T10:08:46Z,8fdb0fdc8c7c60ee3e7ed2768b643ba456eec56325f1698d9f9555d14c2bbd00
outputs/AURORA_TWETF/figures/weights_area_AURORA10_UAMV_E_no_regime_tilt_control_20260624_100748.png,weights_area_AURORA10_UAMV_E_no_regime_tilt_control_20260624_100748.png,.png,103371,2026-06-24T10:08:46Z,4065381de75670a18b7def40bf10f1f5e8db33702ee91dfd9e0c9e3d421e4ef8
outputs/AURORA_TWETF/model_zoo_baselines/run_20260623_145728/AURORA_03_model_zoo_file_manifest_SHA256.csv,AURORA_03_model_zoo_file_manifest_SHA256.csv,.csv,53494,2026-06-23T14:59:28Z,98da2c603d25ac1608aee93016335f08dcea39ffe7e7b70dd86d62d7c12215f5
outputs/AURORA_TWETF/model_zoo_baselines/run_20260623_145728/AURORA_03_model_zoo_validation_report.json,AURORA_03_model_zoo_validation_report.json,.json,10621,2026-06-23T14:59:27Z,3f890b43db21e14ae9f95ba8eaac32a0f7e468f3eccbc234120bde66468206ba
outputs/AURORA_TWETF/model_zoo_baselines/run_20260623_145728/dataset_summary.json,dataset_summary.json,.json,13608,2026-06-23T14:57:33Z,950d22dd84cec0fbaf23338354d8a908c7367883a531d12de3d064dc12734041
outputs/AURORA_TWETF/model_zoo_baselines/run_20260623_145728/feature_importance/feature_importance_TAIEX_regime_fixed_20d_M1_logistic_regression_balanced.csv,feature_importance_TAIEX_regime_fixed_20d_M1_logistic_regression_balanced.csv,.csv,56314,2026-06-23T14:57:45Z,b89ce40898cf2be7f24e2fa05665fb93d1787f8ef0324f601f853ad84ffff4b0
outputs/AURORA_TWETF/model_zoo_baselines/run_20260623_145728/feature_importance/feature_importance_TAIEX_regime_fixed_20d_M2_random_forest_balanced.csv,feature_importance_TAIEX_regime_fixed_20d_M2_random_forest_balanced.csv,.csv,52204,2026-06-23T14:57:51Z,5016dd8123d7f0461df64573ea60005b64d3a2cb235cfb0a7951f2f7ae29ebbf
outputs/AURORA_TWETF/model_zoo_baselines/run_20260623_145728/feature_importance/feature_importance_TAIEX_regime_fixed_20d_M3_extra_trees_balanced.csv,feature_importance_TAIEX_regime_fixed_20d_M3_extra_trees_balanced.csv,.csv,50540,2026-06-23T14:57:55Z,efea0233749d75a1aebd5631ba31bb6b2de5966201410f1be59ed2f238120e42
outputs/AURORA_TWETF/model_zoo_baselines/run_20260623_145728/feature_importance/feature_importance_TAIEX_regime_fixed_20d_M5_lightgbm_balanced.csv,feature_importance_TAIEX_regime_fixed_20d_M5_lightgbm_balanced.csv,.csv,41104,2026-06-23T14:58:12Z,3ffb361dc9390c6340159f87a6178d6dfff97b67297c2759f180b8aa69a1362d
outputs/AURORA_TWETF/model_zoo_baselines/run_20260623_145728/feature_importance/feature_importance_TAIEX_regime_fixed_20d_M6_xgboost_multiclass.csv,feature_importance_TAIEX_regime_fixed_20d_M6_xgboost_multiclass.csv,.csv,47868,2026-06-23T14:58:28Z,50805cc02e7a73f96caca2db9a188c32307babc5de3f15ad7540c00186436eaa
outputs/AURORA_TWETF/model_zoo_baselines/run_20260623_145728/feature_importance/feature_importance_TAIEX_regime_fixed_60d_M1_logistic_regression_balanced.csv,feature_importance_TAIEX_regime_fixed_60d_M1_logistic_regression_balanced.csv,.csv,56270,2026-06-23T14:58:38Z,12157caa0e48519f8cbc8c5681a3bf81d362eea068cca3cfcdc48edf040e374e
outputs/AURORA_TWETF/model_zoo_baselines/run_20260623_145728/feature_importance/feature_importance_TAIEX_regime_fixed_60d_M2_random_forest_balanced.csv,feature_importance_TAIEX_regime_fixed_60d_M2_random_forest_balanced.csv,.csv,52229,2026-06-23T14:58:44Z,2c237e2ba467015d66b7557e987a532a4c60f9d0874a4048e8be8a702cd7e5a3
outputs/AURORA_TWETF/model_zoo_baselines/run_20260623_145728/feature_importance/feature_importance_TAIEX_regime_fixed_60d_M3_extra_trees_balanced.csv,feature_importance_TAIEX_regime_fixed_60d_M3_extra_trees_balanced.csv,.csv,50565,2026-06-23T14:58:49Z,31202ccb6bf735f36ac1c7b50a915f2845b5b0dc6356d116142745207c4de761
outputs/AURORA_TWETF/model_zoo_baselines/run_20260623_145728/feature_importance/feature_importance_TAIEX_regime_fixed_60d_M5_lightgbm_balanced.csv,feature_importance_TAIEX_regime_fixed_60d_M5_lightgbm_balanced.csv,.csv,41110,2026-06-23T14:59:07Z,4696474826afa8242794316452573a00c486678699dfcaa65793cd6c6b34683b
outputs/AURORA_TWETF/model_zoo_baselines/run_20260623_145728/feature_importance/feature_importance_TAIEX_regime_fixed_60d_M6_xgboost_multiclass.csv,feature_importance_TAIEX_regime_fixed_60d_M6_xgboost_multiclass.csv,.csv,47938,2026-06-23T14:59:23Z,bc654fee946ab8762101028bb5aea78508e83666378b558a7850a550750ca7a7
outputs/AURORA_TWETF/model_zoo_baselines/run_20260623_145728/feature_importance/feature_importance_all_models.csv,feature_importance_all_models.csv,.csv,495611,2026-06-23T14:59:24Z,286722ebb398cf1fb2d5e7b6cd7b01ab07143259b445c899e89392ac1ca64e10
outputs/AURORA_TWETF/model_zoo_baselines/run_20260623_145728/feature_importance/feature_importance_all_models.parquet,feature_importance_all_models.parquet,.parquet,45682,2026-06-23T14:59:24Z,ea16d86a78ec61a87369b8e742faf6bc6f55b19bf3fb9cb1f518a3e3b2715354
outputs/AURORA_TWETF/model_zoo_baselines/run_20260623_145728/metrics/confusion_matrix_TAIEX_regime_fixed_20d_M0_dummy_most_frequent_test.csv,confusion_matrix_TAIEX_regime_fixed_20d_M0_dummy_most_frequent_test.csv,.csv,126,2026-06-23T14:57:36Z,c656eb579c9d2ee3c9b644594e71c94059395a7a62b20ce7102905f2902ef753
outputs/AURORA_TWETF/model_zoo_baselines/run_20260623_145728/metrics/confusion_matrix_TAIEX_regime_fixed_20d_M0_dummy_most_frequent_train.csv,confusion_matrix_TAIEX_regime_fixed_20d_M0_dummy_most_frequent_train.csv,.csv,129,2026-06-23T14:57:35Z,3ed3b45e306fb2b2195f3d9ab04d5bb3d3b158cdd087117cc28a901d5706c1c8
outputs/AURORA_TWETF/model_zoo_baselines/run_20260623_145728/metrics/confusion_matrix_TAIEX_regime_fixed_20d_M0_dummy_most_frequent_validation.csv,confusion_matrix_TAIEX_regime_fixed_20d_M0_dummy_most_frequent_validation.csv,.csv,126,2026-06-23T14:57:35Z,f59a573925c9c75ac0f01438da0a141ce92fd587522b743d00b1c942cb603482
outputs/AURORA_TWETF/model_zoo_baselines/run_20260623_145728/metrics/confusion_matrix_TAIEX_regime_fixed_20d_M0_dummy_stratified_test.csv,confusion_matrix_TAIEX_regime_fixed_20d_M0_dummy_stratified_test.csv,.csv,127,2026-06-23T14:57:38Z,fcdcadcc8073028a3ca4ed3c7744a454ec0d9c7b2114020519a3fe8a47dbefa9
outputs/AURORA_TWETF/model_zoo_baselines/run_20260623_145728/metrics/confusion_matrix_TAIEX_regime_fixed_20d_M0_dummy_stratified_train.csv,confusion_matrix_TAIEX_regime_fixed_20d_M0_dummy_stratified_train.csv,.csv,137,2026-06-23T14:57:37Z,ae747857c49be68510065a959dcce87db7b43c5969cbadad585b682538012b34
outputs/AURORA_TWETF/model_zoo_baselines/run_20260623_145728/metrics/confusion_matrix_TAIEX_regime_fixed_20d_M0_dummy_stratified_validation.csv,confusion_matrix_TAIEX_regime_fixed_20d_M0_dummy_stratified_validation.csv,.csv,126,2026-06-23T14:57:37Z,357b615656b73b6c0b42a1e2a75c16916ccd642806e74f866b02ebcfffc11230
outputs/AURORA_TWETF/model_zoo_baselines/run_20260623_145728/metrics/confusion_matrix_TAIEX_regime_fixed_20d_M0_persistence_previous_label_test.csv,confusion_matrix_TAIEX_regime_fixed_20d_M0_persistence_previous_label_test.csv,.csv,126,2026-06-23T14:57:40Z,4bb3de2267a4c141297a8f5d7f826621a4d64718ff201839a5a7fde55d47cc84
outputs/AURORA_TWETF/model_zoo_baselines/run_20260623_145728/metrics/confusion_matrix_TAIEX_regime_fixed_20d_M0_persistence_previous_label_train.csv,confusion_matrix_TAIEX_regime_fixed_20d_M0_persistence_previous_label_train.csv,.csv,133,2026-06-23T14:57:39Z,bdf8554283f6e3774bd034813cc2b7650cccdd01b65721cc1d0f3e8a9af16e06
outputs/AURORA_TWETF/model_zoo_baselines/run_20260623_145728/metrics/confusion_matrix_TAIEX_regime_fixed_20d_M0_persistence_previous_label_validation.csv,confusion_matrix_TAIEX_regime_fixed_20d_M0_persistence_previous_label_validation.csv,.csv,126,2026-06-23T14:57:40Z,4be7e6fd7894dc0ddcddc27a5cffb7543bc58239562ee7fd2dbc5efd721a5bfd
outputs/AURORA_TWETF/model_zoo_baselines/run_20260623_145728/metrics/confusion_matrix_TAIEX_regime_fixed_20d_M1_logistic_regression_balanced_test.csv,confusion_matrix_TAIEX_regime_fixed_20d_M1_logistic_regression_balanced_test.csv,.csv,125,2026-06-23T14:57:44Z,48e850c93f8b5bd5eddf7d5b84275f8d925e74d588df226a4bce4c051e798d0e
outputs/AURORA_TWETF/model_zoo_baselines/run_20260623_145728/metrics/confusion_matrix_TAIEX_regime_fixed_20d_M1_logistic_regression_balanced_train.csv,confusion_matrix_TAIEX_regime_fixed_20d_M1_logistic_regression_balanced_train.csv,.csv,129,2026-06-23T14:57:43Z,6c189616e05e590db3325cc8310bb7638014105c25fc5fb5e73568b08e810539
outputs/AURORA_TWETF/model_zoo_baselines/run_20260623_145728/metrics/confusion_matrix_TAIEX_regime_fixed_20d_M1_logistic_regression_balanced_validation.csv,confusion_matrix_TAIEX_regime_fixed_20d_M1_logistic_regression_balanced_validation.csv,.csv,128,2026-06-23T14:57:44Z,9e3757344bc0d20eacde90c14215e85e3dc492bdb14e78523b9cbb571280ffb0
outputs/AURORA_TWETF/model_zoo_baselines/run_20260623_145728/metrics/confusion_matrix_TAIEX_regime_fixed_20d_M2_random_forest_balanced_test.csv,confusion_matrix_TAIEX_regime_fixed_20d_M2_random_forest_balanced_test.csv,.csv,127,2026-06-23T14:57:50Z,c22adce12cb69d162ef76aa1ea790a244e53ea86c56ba605b2853761023ee5f4
outputs/AURORA_TWETF/model_zoo_baselines/run_20260623_145728/metrics/confusion_matrix_TAIEX_regime_fixed_20d_M2_random_forest_balanced_train.csv,confusion_matrix_TAIEX_regime_fixed_20d_M2_random_forest_balanced_train.csv,.csv,132,2026-06-23T14:57:48Z,381e4ad02a5d970af87f7c6bd8bc34e8e9381dca3ed3f64e69148b0e1bc217dc
outputs/AURORA_TWETF/model_zoo_baselines/run_20260623_145728/metrics/confusion_matrix_TAIEX_regime_fixed_20d_M2_random_forest_balanced_validation.csv,confusion_matrix_TAIEX_regime_fixed_20d_M2_random_forest_balanced_validation.csv,.csv,127,2026-06-23T14:57:49Z,9d48ba0d50447fb22564e222ff193778d9b6908dac434fe862c7ec56812584fa
outputs/AURORA_TWETF/model_zoo_baselines/run_20260623_145728/metrics/confusion_matrix_TAIEX_regime_fixed_20d_M3_extra_trees_balanced_test.csv,confusion_matrix_TAIEX_regime_fixed_20d_M3_extra_trees_balanced_test.csv,.csv,128,2026-06-23T14:57:54Z,84150a40ed276b4e5adbe9b4f872c32ef81a2a0f6a8c683735b9d5bdeab5df3c
outputs/AURORA_TWETF/model_zoo_baselines/run_20260623_145728/metrics/confusion_matrix_TAIEX_regime_fixed_20d_M3_extra_trees_balanced_train.csv,confusion_matrix_TAIEX_regime_fixed_20d_M3_extra_trees_balanced_train.csv,.csv,133,2026-06-23T14:57:53Z,8a7b8466997b4d0a622c14f28290e1a760eaac991bf070bb328b2549f78d6e43
outputs/AURORA_TWETF/model_zoo_baselines/run_20260623_145728/metrics/confusion_matrix_TAIEX_regime_fixed_20d_M3_extra_trees_balanced_validation.csv,confusion_matrix_TAIEX_regime_fixed_20d_M3_extra_trees_balanced_validation.csv,.csv,127,2026-06-23T14:57:54Z,f9dd80c5348a83b61a673b9fe9605187183fd1c1a46be25d33b2f69ee03cc286
outputs/AURORA_TWETF/model_zoo_baselines/run_20260623_145728/metrics/confusion_matrix_TAIEX_regime_fixed_20d_M4_hist_gradient_boosting_test.csv,confusion_matrix_TAIEX_regime_fixed_20d_M4_hist_gradient_boosting_test.csv,.csv,127,2026-06-23T14:58:00Z,a5537616644ba325d5736cf5e3686986ff3813ef5c34de7ab68dd09bd4e35b04
outputs/AURORA_TWETF/model_zoo_baselines/run_20260623_145728/metrics/confusion_matrix_TAIEX_regime_fixed_20d_M4_hist_gradient_boosting_train.csv,confusion_matrix_TAIEX_regime_fixed_20d_M4_hist_gradient_boosting_train.csv,.csv,129,2026-06-23T14:57:58Z,1e6059cab3d1d7e0346f4e97511bce4393c53ac76131838a7ed16433a4c06e3f
outputs/AURORA_TWETF/model_zoo_baselines/run_20260623_145728/metrics/confusion_matrix_TAIEX_regime_fixed_20d_M4_hist_gradient_boosting_validation.csv,confusion_matrix_TAIEX_regime_fixed_20d_M4_hist_gradient_boosting_validation.csv,.csv,126,2026-06-23T14:57:59Z,191239237f47b084f979d5780a35c1b93c669fd9087c4e5cdde2a9b908dc5ba5
outputs/AURORA_TWETF/model_zoo_baselines/run_20260623_145728/metrics/confusion_matrix_TAIEX_regime_fixed_20d_M5_lightgbm_balanced_test.csv,confusion_matrix_TAIEX_regime_fixed_20d_M5_lightgbm_balanced_test.csv,.csv,127,2026-06-23T14:58:12Z,a74a41384509d18048c7b4978e5577dc07be41724eafb2b0a9d89214ae716096
outputs/AURORA_TWETF/model_zoo_baselines/run_20260623_145728/metrics/confusion_matrix_TAIEX_regime_fixed_20d_M5_lightgbm_balanced_train.csv,confusion_matrix_TAIEX_regime_fixed_20d_M5_lightgbm_balanced_train.csv,.csv,129,2026-06-23T14:58:10Z,af2c7baef6fb582739737fdd371e28a62c09e354c3a7e9e4477a5a8da195c4cb
outputs/AURORA_TWETF/model_zoo_baselines/run_20260623_145728/metrics/confusion_matrix_TAIEX_regime_fixed_20d_M5_lightgbm_balanced_validation.csv,confusion_matrix_TAIEX_regime_fixed_20d_M5_lightgbm_balanced_validation.csv,.csv,128,2026-06-23T14:58:11Z,68aafc977f6445e25b8c9b8f3eeacc51e8f9a4555d4aee2f3761870bc809b3f6
outputs/AURORA_TWETF/model_zoo_baselines/run_20260623_145728/metrics/confusion_matrix_TAIEX_regime_fixed_20d_M6_xgboost_multiclass_test.csv,confusion_matrix_TAIEX_regime_fixed_20d_M6_xgboost_multiclass_test.csv,.csv,127,2026-06-23T14:58:27Z,abefd073b2191fa802bfe72e6d0eb2ffdb422fdac876148743d4b527a6d680be
outputs/AURORA_TWETF/model_zoo_baselines/run_20260623_145728/metrics/confusion_matrix_TAIEX_regime_fixed_20d_M6_xgboost_multiclass_train.csv,confusion_matrix_TAIEX_regime_fixed_20d_M6_xgboost_multiclass_train.csv,.csv,129,2026-06-23T14:58:26Z,7f11e0ed5be12e6ec7c9bb7f0f320a99b3cd1ec64b4c143ece3ca2e9cf7cb396
outputs/AURORA_TWETF/model_zoo_baselines/run_20260623_145728/metrics/confusion_matrix_TAIEX_regime_fixed_20d_M6_xgboost_multiclass_validation.csv,confusion_matrix_TAIEX_regime_fixed_20d_M6_xgboost_multiclass_validation.csv,.csv,127,2026-06-23T14:58:27Z,cd000420308da48c99b300467db9f1193d79935267c04f5756abc7bb6a1b5e6d
outputs/AURORA_TWETF/model_zoo_baselines/run_20260623_145728/metrics/confusion_matrix_TAIEX_regime_fixed_60d_M0_dummy_most_frequent_test.csv,confusion_matrix_TAIEX_regime_fixed_60d_M0_dummy_most_frequent_test.csv,.csv,124,2026-06-23T14:58:30Z,48601495371227661d7e6a025f127dfdfc20296d7c2833010f2003463912d838
outputs/AURORA_TWETF/model_zoo_baselines/run_20260623_145728/metrics/confusion_matrix_TAIEX_regime_fixed_60d_M0_dummy_most_frequent_train.csv,confusion_matrix_TAIEX_regime_fixed_60d_M0_dummy_most_frequent_train.csv,.csv,130,2026-06-23T14:58:29Z,1ef2e07f69a1b5b70b0a914b782d4d9a6b872fdc27002e3019502a3b0760851e
outputs/AURORA_TWETF/model_zoo_baselines/run_20260623_145728/metrics/confusion_matrix_TAIEX_regime_fixed_60d_M0_dummy_most_frequent_validation.csv,confusion_matrix_TAIEX_regime_fixed_60d_M0_dummy_most_frequent_validation.csv,.csv,126,2026-06-23T14:58:30Z,ad31a4427c0480357791cb2c922a4cf5b2ecbf7f46f18ad8f8388d2e07d35b62
outputs/AURORA_TWETF/model_zoo_baselines/run_20260623_145728/metrics/confusion_matrix_TAIEX_regime_fixed_60d_M0_dummy_stratified_test.csv,confusion_matrix_TAIEX_regime_fixed_60d_M0_dummy_stratified_test.csv,.csv,126,2026-06-23T14:58:32Z,a11a44cd54e158584b89b9f6a10944db30758ab538296fb5e184787f037f180e
outputs/AURORA_TWETF/model_zoo_baselines/run_20260623_145728/metrics/confusion_matrix_TAIEX_regime_fixed_60d_M0_dummy_stratified_train.csv,confusion_matrix_TAIEX_regime_fixed_60d_M0_dummy_stratified_train.csv,.csv,144,2026-06-23T14:58:31Z,2f5b2cce7cd423362817523ff9d18c7d5ba63c2db21a381d72d106fbf573c576
outputs/AURORA_TWETF/model_zoo_baselines/run_20260623_145728/metrics/confusion_matrix_TAIEX_regime_fixed_60d_M0_dummy_stratified_validation.csv,confusion_matrix_TAIEX_regime_fixed_60d_M0_dummy_stratified_validation.csv,.csv,131,2026-06-23T14:58:32Z,fbb34dd33e10c27aeeabde101acb3241eec4c75c5fe68011d48746b9d43e96a5
outputs/AURORA_TWETF/model_zoo_baselines/run_20260623_145728/metrics/confusion_matrix_TAIEX_regime_fixed_60d_M0_persistence_previous_label_test.csv,confusion_matrix_TAIEX_regime_fixed_60d_M0_persistence_previous_label_test.csv,.csv,124,2026-06-23T14:58:34Z,29079a95df5b24539e249350d5279d00ee7d130fcaadeed89e687b48ca423d71
outputs/AURORA_TWETF/model_zoo_baselines/run_20260623_145728/metrics/confusion_matrix_TAIEX_regime_fixed_60d_M0_persistence_previous_label_train.csv,confusion_matrix_TAIEX_regime_fixed_60d_M0_persistence_previous_label_train.csv,.csv,138,2026-06-23T14:58:33Z,9b0a90895ba3615a059f5157e89eb9ca35a62d0815899d45efc2ad8bdeda8be2
outputs/AURORA_TWETF/model_zoo_baselines/run_20260623_145728/metrics/confusion_matrix_TAIEX_regime_fixed_60d_M0_persistence_previous_label_validation.csv,confusion_matrix_TAIEX_regime_fixed_60d_M0_persistence_previous_label_validation.csv,.csv,126,2026-06-23T14:58:34Z,c767d360e4fc5beee8366397cfe686b544802a34b20273beca7caf3126a6433a
outputs/AURORA_TWETF/model_zoo_baselines/run_20260623_145728/metrics/confusion_matrix_TAIEX_regime_fixed_60d_M1_logistic_regression_balanced_test.csv,confusion_matrix_TAIEX_regime_fixed_60d_M1_logistic_regression_balanced_test.csv,.csv,125,2026-06-23T14:58:38Z,3dec4a070c21f2c6274c0cfe0fcda89ad39087a9d7271c9957aa603e7ef5f110
outputs/AURORA_TWETF/model_zoo_baselines/run_20260623_145728/metrics/confusion_matrix_TAIEX_regime_fixed_60d_M1_logistic_regression_balanced_train.csv,confusion_matrix_TAIEX_regime_fixed_60d_M1_logistic_regression_balanced_train.csv,.csv,130,2026-06-23T14:58:36Z,2e8362005621c8aaab9388adcbd60690408d3c87046c07586525c01c3cd50fa9
outputs/AURORA_TWETF/model_zoo_baselines/run_20260623_145728/metrics/confusion_matrix_TAIEX_regime_fixed_60d_M1_logistic_regression_balanced_validation.csv,confusion_matrix_TAIEX_regime_fixed_60d_M1_logistic_regression_balanced_validation.csv,.csv,129,2026-06-23T14:58:37Z,01bd205d429213a95c7f5b76b50859ebf9d4f3ef46e4798c872ddf90d37db6e4
outputs/AURORA_TWETF/model_zoo_baselines/run_20260623_145728/metrics/confusion_matrix_TAIEX_regime_fixed_60d_M2_random_forest_balanced_test.csv,confusion_matrix_TAIEX_regime_fixed_60d_M2_random_forest_balanced_test.csv,.csv,126,2026-06-23T14:58:43Z,fff5b643157d3eba649ac66100e4b867d28152b8f37e81f519d4e5351f9ebf23
outputs/AURORA_TWETF/model_zoo_baselines/run_20260623_145728/metrics/confusion_matrix_TAIEX_regime_fixed_60d_M2_random_forest_balanced_train.csv,confusion_matrix_TAIEX_regime_fixed_60d_M2_random_forest_balanced_train.csv,.csv,132,2026-06-23T14:58:41Z,6e6677e95f8fa2e8744a607b82ab84f69fa12f6a36274b350e398f8ca5bb24dc
outputs/AURORA_TWETF/model_zoo_baselines/run_20260623_145728/metrics/confusion_matrix_TAIEX_regime_fixed_60d_M2_random_forest_balanced_validation.csv,confusion_matrix_TAIEX_regime_fixed_60d_M2_random_forest_balanced_validation.csv,.csv,129,2026-06-23T14:58:42Z,9ad9cfe664504af8343534ad7e83991b1145bfc176063992d907bc68b0ca9a48
outputs/AURORA_TWETF/model_zoo_baselines/run_20260623_145728/metrics/confusion_matrix_TAIEX_regime_fixed_60d_M3_extra_trees_balanced_test.csv,confusion_matrix_TAIEX_regime_fixed_60d_M3_extra_trees_balanced_test.csv,.csv,125,2026-06-23T14:58:48Z,00d4a15751f5ffe597d41b46bf0a946a342f3f5e40c6763ffca62d8108c9b6c7
outputs/AURORA_TWETF/model_zoo_baselines/run_20260623_145728/metrics/confusion_matrix_TAIEX_regime_fixed_60d_M3_extra_trees_balanced_train.csv,confusion_matrix_TAIEX_regime_fixed_60d_M3_extra_trees_balanced_train.csv,.csv,135,2026-06-23T14:58:46Z,61215c5fe99a8e81fc7f6f60264bea8d256d69355b2a949d81d18958f991e236
outputs/AURORA_TWETF/model_zoo_baselines/run_20260623_145728/metrics/confusion_matrix_TAIEX_regime_fixed_60d_M3_extra_trees_balanced_validation.csv,confusion_matrix_TAIEX_regime_fixed_60d_M3_extra_trees_balanced_validation.csv,.csv,129,2026-06-23T14:58:47Z,11a7601f862f139d7b975036f02955795dbd0ab5483d8758bd8f3104ec39d8cd
outputs/AURORA_TWETF/model_zoo_baselines/run_20260623_145728/metrics/confusion_matrix_TAIEX_regime_fixed_60d_M4_hist_gradient_boosting_test.csv,confusion_matrix_TAIEX_regime_fixed_60d_M4_hist_gradient_boosting_test.csv,.csv,124,2026-06-23T14:58:54Z,515b0706dd39ecf86ffcb71b692565955d6974b4c660f26a34554c8a7567bb63
outputs/AURORA_TWETF/model_zoo_baselines/run_20260623_145728/metrics/confusion_matrix_TAIEX_regime_fixed_60d_M4_hist_gradient_boosting_train.csv,confusion_matrix_TAIEX_regime_fixed_60d_M4_hist_gradient_boosting_train.csv,.csv,130,2026-06-23T14:58:53Z,162a7adee57380c40b2bc38c78cbd376d84b197ca4a9d6b906f473e7b4f91d43
outputs/AURORA_TWETF/model_zoo_baselines/run_20260623_145728/metrics/confusion_matrix_TAIEX_regime_fixed_60d_M4_hist_gradient_boosting_validation.csv,confusion_matrix_TAIEX_regime_fixed_60d_M4_hist_gradient_boosting_validation.csv,.csv,128,2026-06-23T14:58:54Z,cfe66a2b490c8dbf76a9d0c8585661cf55322f49e411bc89d641c922804f9c78
outputs/AURORA_TWETF/model_zoo_baselines/run_20260623_145728/metrics/confusion_matrix_TAIEX_regime_fixed_60d_M5_lightgbm_balanced_test.csv,confusion_matrix_TAIEX_regime_fixed_60d_M5_lightgbm_balanced_test.csv,.csv,125,2026-06-23T14:59:06Z,917c5eef43a9fdda1d418863acebfaedb9851017af66e901bf4513c653cea7e3
outputs/AURORA_TWETF/model_zoo_baselines/run_20260623_145728/metrics/confusion_matrix_TAIEX_regime_fixed_60d_M5_lightgbm_balanced_train.csv,confusion_matrix_TAIEX_regime_fixed_60d_M5_lightgbm_balanced_train.csv,.csv,130,2026-06-23T14:59:05Z,84c095cac7576c1d3ebfa0252bf5e0b469b527429d43c260d498d5762f911bf3
outputs/AURORA_TWETF/model_zoo_baselines/run_20260623_145728/metrics/confusion_matrix_TAIEX_regime_fixed_60d_M5_lightgbm_balanced_validation.csv,confusion_matrix_TAIEX_regime_fixed_60d_M5_lightgbm_balanced_validation.csv,.csv,130,2026-06-23T14:59:05Z,3491ef3d7a46bbed321e8bacb916f8f1121d634f590c998a6b5806e53c870c79
outputs/AURORA_TWETF/model_zoo_baselines/run_20260623_145728/metrics/confusion_matrix_TAIEX_regime_fixed_60d_M6_xgboost_multiclass_test.csv,confusion_matrix_TAIEX_regime_fixed_60d_M6_xgboost_multiclass_test.csv,.csv,126,2026-06-23T14:59:22Z,5914c90ee79611df0c8407798dd04b80764a677effa97679d1a4ebfaf7f388b7
outputs/AURORA_TWETF/model_zoo_baselines/run_20260623_145728/metrics/confusion_matrix_TAIEX_regime_fixed_60d_M6_xgboost_multiclass_train.csv,confusion_matrix_TAIEX_regime_fixed_60d_M6_xgboost_multiclass_train.csv,.csv,130,2026-06-23T14:59:20Z,84c095cac7576c1d3ebfa0252bf5e0b469b527429d43c260d498d5762f911bf3
outputs/AURORA_TWETF/model_zoo_baselines/run_20260623_145728/metrics/confusion_matrix_TAIEX_regime_fixed_60d_M6_xgboost_multiclass_validation.csv,confusion_matrix_TAIEX_regime_fixed_60d_M6_xgboost_multiclass_validation.csv,.csv,128,2026-06-23T14:59:21Z,fa7c47d458e16cbbb1c4e20f11e0da3a29b28b9db4e16e996a333b05797b33c7
outputs/AURORA_TWETF/model_zoo_baselines/run_20260623_145728/metrics/leaderboard_TAIEX_regime_fixed_20d_test.csv,leaderboard_TAIEX_regime_fixed_20d_test.csv,.csv,4522,2026-06-23T14:59:24Z,4dd7e55e662cd7ec8bfb9362f61c8e71aaef40dfe664c9f1b41701e521423057
outputs/AURORA_TWETF/model_zoo_baselines/run_20260623_145728/metrics/leaderboard_TAIEX_regime_fixed_20d_validation.csv,leaderboard_TAIEX_regime_fixed_20d_validation.csv,.csv,4701,2026-06-23T14:59:24Z,72b8041b29b6501d9e834623c3f1939b343143af405d804289f283382954caf5
outputs/AURORA_TWETF/model_zoo_baselines/run_20260623_145728/metrics/leaderboard_TAIEX_regime_fixed_60d_test.csv,leaderboard_TAIEX_regime_fixed_60d_test.csv,.csv,4512,2026-06-23T14:59:24Z,cb14236e9d6008572be7373882f2d8ad3b002e98ee1668088bc6a8ff005888be
outputs/AURORA_TWETF/model_zoo_baselines/run_20260623_145728/metrics/leaderboard_TAIEX_regime_fixed_60d_validation.csv,leaderboard_TAIEX_regime_fixed_60d_validation.csv,.csv,4671,2026-06-23T14:59:24Z,cf7eb5cbf27203ab5cec0b99ae502ff16ebc3f504bac218ca08a09f8a1ecbb95
outputs/AURORA_TWETF/model_zoo_baselines/run_20260623_145728/metrics/leaderboards_all.csv,leaderboards_all.csv,.csv,17119,2026-06-23T14:59:24Z,7d3ef47410541369d2a1722ef3364dc39a869534847c3948096a7840e4fe1502
outputs/AURORA_TWETF/model_zoo_baselines/run_20260623_145728/metrics/leaderboards_all.parquet,leaderboards_all.parquet,.parquet,22873,2026-06-23T14:59:24Z,e8c558411e0356914de65e92d9b5e03095d76edf3cc699a0ffaa831a385e6fa4
outputs/AURORA_TWETF/model_zoo_baselines/run_20260623_145728/metrics/model_training_summary.csv,model_training_summary.csv,.csv,4661,2026-06-23T14:59:24Z,40d67e4b5f2ed8a7b1974a672e5867431bc241c4ece986fc1ba24c08b324d118
outputs/AURORA_TWETF/model_zoo_baselines/run_20260623_145728/metrics/model_zoo_classification_reports_all.csv,model_zoo_classification_reports_all.csv,.csv,56319,2026-06-23T14:59:24Z,486eec0fa71ce0dcec80fa0abc0024329c447431cad1bd47fa7dabd3b690e869
outputs/AURORA_TWETF/model_zoo_baselines/run_20260623_145728/metrics/model_zoo_classification_reports_all.parquet,model_zoo_classification_reports_all.parquet,.parquet,14441,2026-06-23T14:59:24Z,03b13fd3ece265a79661c1a86318686e1e68cf2552752ab68025599f1368292b
outputs/AURORA_TWETF/model_zoo_baselines/run_20260623_145728/metrics/model_zoo_metrics_all.csv,model_zoo_metrics_all.csv,.csv,21661,2026-06-23T14:59:24Z,1779c5ae6e0262c987361e35d8eb1a3c6d1d34097bbe2be4ceca65037de10469
outputs/AURORA_TWETF/model_zoo_baselines/run_20260623_145728/metrics/model_zoo_metrics_all.parquet,model_zoo_metrics_all.parquet,.parquet,21341,2026-06-23T14:59:24Z,24a19590a14839eddbe8b6a359e0bc44978bc8a6aa1e8b79a8ff3c3a936e1ede
outputs/AURORA_TWETF/model_zoo_baselines/run_20260623_145728/models/model_TAIEX_regime_fixed_20d_M0_dummy_most_frequent.joblib,model_TAIEX_regime_fixed_20d_M0_dummy_most_frequent.joblib,.joblib,12015,2026-06-23T14:57:37Z,7909cac606c7d4d2d2a5d5ac30efff2deb43df55c8cf73507cbbf7da823ca3ee
outputs/AURORA_TWETF/model_zoo_baselines/run_20260623_145728/models/model_TAIEX_regime_fixed_20d_M0_dummy_stratified.joblib,model_TAIEX_regime_fixed_20d_M0_dummy_stratified.joblib,.joblib,11999,2026-06-23T14:57:39Z,ef624ecd788a2b275b9c45830bf8afa0b4747e976d960a126e5b2c8d22aeefc3
outputs/AURORA_TWETF/model_zoo_baselines/run_20260623_145728/models/model_TAIEX_regime_fixed_20d_M0_persistence_previous_label.joblib,model_TAIEX_regime_fixed_20d_M0_persistence_previous_label.joblib,.joblib,539,2026-06-23T14:57:41Z,c0ba95e7f85b2a8a55254394ea9abff7b67302fe772a3e44dd8ce309b391e10a
outputs/AURORA_TWETF/model_zoo_baselines/run_20260623_145728/models/model_TAIEX_regime_fixed_20d_M1_logistic_regression_balanced.joblib,model_TAIEX_regime_fixed_20d_M1_logistic_regression_balanced.joblib,.joblib,42945,2026-06-23T14:57:46Z,97425b43941d051fe08ba4cfb9878238e6125e00f28003ca911b3cc6973de16f
outputs/AURORA_TWETF/model_zoo_baselines/run_20260623_145728/models/model_TAIEX_regime_fixed_20d_M2_random_forest_balanced.joblib,model_TAIEX_regime_fixed_20d_M2_random_forest_balanced.joblib,.joblib,3235194,2026-06-23T14:57:51Z,67ccc09769cbf998e183c91383a4070a6f51974bc0476aebcbca783a6e19c3d3
outputs/AURORA_TWETF/model_zoo_baselines/run_20260623_145728/models/model_TAIEX_regime_fixed_20d_M3_extra_trees_balanced.joblib,model_TAIEX_regime_fixed_20d_M3_extra_trees_balanced.joblib,.joblib,4815978,2026-06-23T14:57:56Z,6edd8a1f9c9bc5f86096c99090be80cf14eb0a443dbfc391e120bff3ea949532
outputs/AURORA_TWETF/model_zoo_baselines/run_20260623_145728/models/model_TAIEX_regime_fixed_20d_M4_hist_gradient_boosting.joblib,model_TAIEX_regime_fixed_20d_M4_hist_gradient_boosting.joblib,.joblib,1473977,2026-06-23T14:58:00Z,07ec14d188486029faf15af25a9f25771f331d06a1cb921d09acc82e70860fe9
outputs/AURORA_TWETF/model_zoo_baselines/run_20260623_145728/models/model_TAIEX_regime_fixed_20d_M5_lightgbm_balanced.joblib,model_TAIEX_regime_fixed_20d_M5_lightgbm_balanced.joblib,.joblib,3152734,2026-06-23T14:58:13Z,ace0329711745d29790a35eb1a2a9a12a0875c40efd19776c85bed0fd040096a
outputs/AURORA_TWETF/model_zoo_baselines/run_20260623_145728/models/model_TAIEX_regime_fixed_20d_M6_xgboost_multiclass.joblib,model_TAIEX_regime_fixed_20d_M6_xgboost_multiclass.joblib,.joblib,2023624,2026-06-23T14:58:29Z,b92df06e41e5d07c714ad70d893f38d1d524891146c4a24cbd79d2035156198d
outputs/AURORA_TWETF/model_zoo_baselines/run_20260623_145728/models/model_TAIEX_regime_fixed_60d_M0_dummy_most_frequent.joblib,model_TAIEX_regime_fixed_60d_M0_dummy_most_frequent.joblib,.joblib,12015,2026-06-23T14:58:31Z,ece5e54e000c55d436242955faa4489e1debaa4a04ef94b6d80555074bd20af5
outputs/AURORA_TWETF/model_zoo_baselines/run_20260623_145728/models/model_TAIEX_regime_fixed_60d_M0_dummy_stratified.joblib,model_TAIEX_regime_fixed_60d_M0_dummy_stratified.joblib,.joblib,11999,2026-06-23T14:58:33Z,8c1a173ce0050d7d2e94ea3cce48148114212e8a9c42d56348680afa85858554
outputs/AURORA_TWETF/model_zoo_baselines/run_20260623_145728/models/model_TAIEX_regime_fixed_60d_M0_persistence_previous_label.joblib,model_TAIEX_regime_fixed_60d_M0_persistence_previous_label.joblib,.joblib,539,2026-06-23T14:58:35Z,3491ffccbd9512217bae5f349d55df4e3b25bee89087d981f19925add431c1c2
outputs/AURORA_TWETF/model_zoo_baselines/run_20260623_145728/models/model_TAIEX_regime_fixed_60d_M1_logistic_regression_balanced.joblib,model_TAIEX_regime_fixed_60d_M1_logistic_regression_balanced.joblib,.joblib,42945,2026-06-23T14:58:39Z,40471505884b6eaf401072fcc1419f0e3ce9520cf5769b8375f4e4de3e8c30b6
outputs/AURORA_TWETF/model_zoo_baselines/run_20260623_145728/models/model_TAIEX_regime_fixed_60d_M2_random_forest_balanced.joblib,model_TAIEX_regime_fixed_60d_M2_random_forest_balanced.joblib,.joblib,4033498,2026-06-23T14:58:45Z,cf09e8b9640b2673e2856bf6a6ee481809aaf63386670855b21eec91825647f4
outputs/AURORA_TWETF/model_zoo_baselines/run_20260623_145728/models/model_TAIEX_regime_fixed_60d_M3_extra_trees_balanced.joblib,model_TAIEX_regime_fixed_60d_M3_extra_trees_balanced.joblib,.joblib,5170202,2026-06-23T14:58:49Z,d9917a8ef3f7329e6548e15667a401157261d74543b3fdf0b001cc2afb272d6e
outputs/AURORA_TWETF/model_zoo_baselines/run_20260623_145728/models/model_TAIEX_regime_fixed_60d_M4_hist_gradient_boosting.joblib,model_TAIEX_regime_fixed_60d_M4_hist_gradient_boosting.joblib,.joblib,1811153,2026-06-23T14:58:55Z,376f8e7ced4f22db0c36117b1f2b57f850909cf4d8afe04c10e710957eba51a7
outputs/AURORA_TWETF/model_zoo_baselines/run_20260623_145728/models/model_TAIEX_regime_fixed_60d_M5_lightgbm_balanced.joblib,model_TAIEX_regime_fixed_60d_M5_lightgbm_balanced.joblib,.joblib,3411822,2026-06-23T14:59:07Z,1b017a543e6df51d9991870f3b4300b56c59090e9076e830686783ede7176fce
outputs/AURORA_TWETF/model_zoo_baselines/run_20260623_145728/models/model_TAIEX_regime_fixed_60d_M6_xgboost_multiclass.joblib,model_TAIEX_regime_fixed_60d_M6_xgboost_multiclass.joblib,.joblib,2126458,2026-06-23T14:59:24Z,ed7f38ff507e0805fed1a1c2b53098b04d10da5f82d7fb8f533fa56c6fd7bd51
outputs/AURORA_TWETF/model_zoo_baselines/run_20260623_145728/plots/class_distribution_TAIEX_regime_fixed_20d_test.png,class_distribution_TAIEX_regime_fixed_20d_test.png,.png,57373,2026-06-23T14:57:34Z,6766d8817609de6ff04e06bb212b576846274eea95e5b65a050418697fd2c79b
outputs/AURORA_TWETF/model_zoo_baselines/run_20260623_145728/plots/class_distribution_TAIEX_regime_fixed_20d_train.png,class_distribution_TAIEX_regime_fixed_20d_train.png,.png,57164,2026-06-23T14:57:34Z,0105388ed1c4d1a997563f937ef714feafa1dbc755b75f957d6cefb277de2681
outputs/AURORA_TWETF/model_zoo_baselines/run_20260623_145728/plots/class_distribution_TAIEX_regime_fixed_20d_validation.png,class_distribution_TAIEX_regime_fixed_20d_validation.png,.png,57275,2026-06-23T14:57:34Z,6320da62cb25287492f04506c9712a392ad4579bd19f0087403c268f286fe18c
outputs/AURORA_TWETF/model_zoo_baselines/run_20260623_145728/plots/class_distribution_TAIEX_regime_fixed_60d_test.png,class_distribution_TAIEX_regime_fixed_60d_test.png,.png,50602,2026-06-23T14:57:35Z,730cd373ef66cc5943e74ac3f2e46c9fb1242d5e8781f94a7552bfd6e3d97053
outputs/AURORA_TWETF/model_zoo_baselines/run_20260623_145728/plots/class_distribution_TAIEX_regime_fixed_60d_train.png,class_distribution_TAIEX_regime_fixed_60d_train.png,.png,57355,2026-06-23T14:57:34Z,bcc63e98bfde9c5be7caa157de42b1922a221492d686ce99f2dd2fe92ec11dc6
outputs/AURORA_TWETF/model_zoo_baselines/run_20260623_145728/plots/class_distribution_TAIEX_regime_fixed_60d_validation.png,class_distribution_TAIEX_regime_fixed_60d_validation.png,.png,59989,2026-06-23T14:57:34Z,324e9e36475844f143be4007e7ebfbf3ab76a2004e49bbfe44a992a2b25f595c
outputs/AURORA_TWETF/model_zoo_baselines/run_20260623_145728/plots/confusion_matrix_TAIEX_regime_fixed_20d_M0_dummy_most_frequent_test.png,confusion_matrix_TAIEX_regime_fixed_20d_M0_dummy_most_frequent_test.png,.png,79410,2026-06-23T14:57:36Z,d076538c8755d2a3545059536580f816381e846a1f8ea66d60e101b5b9f6771c
outputs/AURORA_TWETF/model_zoo_baselines/run_20260623_145728/plots/confusion_matrix_TAIEX_regime_fixed_20d_M0_dummy_most_frequent_train.png,confusion_matrix_TAIEX_regime_fixed_20d_M0_dummy_most_frequent_train.png,.png,86995,2026-06-23T14:57:35Z,c732ee7fe1231d1cffc80b20c9c211f550420586de68dfe60c8bec7b38d3db58
outputs/AURORA_TWETF/model_zoo_baselines/run_20260623_145728/plots/confusion_matrix_TAIEX_regime_fixed_20d_M0_dummy_most_frequent_validation.png,confusion_matrix_TAIEX_regime_fixed_20d_M0_dummy_most_frequent_validation.png,.png,83955,2026-06-23T14:57:36Z,e8a5e907bf739172eefad0908255cc6076ad4cc2d9903f06150f4e5d2721419b
outputs/AURORA_TWETF/model_zoo_baselines/run_20260623_145728/plots/confusion_matrix_TAIEX_regime_fixed_20d_M0_dummy_stratified_test.png,confusion_matrix_TAIEX_regime_fixed_20d_M0_dummy_stratified_test.png,.png,82685,2026-06-23T14:57:38Z,48237dc65477ef6d94cafef877ee9ac748ec88c063fb2bf6b9f72786564da916
outputs/AURORA_TWETF/model_zoo_baselines/run_20260623_145728/plots/confusion_matrix_TAIEX_regime_fixed_20d_M0_dummy_stratified_train.png,confusion_matrix_TAIEX_regime_fixed_20d_M0_dummy_stratified_train.png,.png,89876,2026-06-23T14:57:37Z,887d832ece1525916bbe849ca9831b9f2762b3b6c8426dcf4804796579df30e6
outputs/AURORA_TWETF/model_zoo_baselines/run_20260623_145728/plots/confusion_matrix_TAIEX_regime_fixed_20d_M0_dummy_stratified_validation.png,confusion_matrix_TAIEX_regime_fixed_20d_M0_dummy_stratified_validation.png,.png,87562,2026-06-23T14:57:38Z,f36782b15380fe51049e1b4d11d7b9a84b3891ae4abfd6dc69829b2334bf3bc9
outputs/AURORA_TWETF/model_zoo_baselines/run_20260623_145728/plots/confusion_matrix_TAIEX_regime_fixed_20d_M0_persistence_previous_label_test.png,confusion_matrix_TAIEX_regime_fixed_20d_M0_persistence_previous_label_test.png,.png,83171,2026-06-23T14:57:41Z,08cc67d04af144311a48c91f232ae4952d6834323e7252002332800a2d68f614
outputs/AURORA_TWETF/model_zoo_baselines/run_20260623_145728/plots/confusion_matrix_TAIEX_regime_fixed_20d_M0_persistence_previous_label_train.png,confusion_matrix_TAIEX_regime_fixed_20d_M0_persistence_previous_label_train.png,.png,93523,2026-06-23T14:57:39Z,3b362c9367edea9de295bbe493ab097bf8a9d7f1c07b1cccc682bf49c1eb88a0
outputs/AURORA_TWETF/model_zoo_baselines/run_20260623_145728/plots/confusion_matrix_TAIEX_regime_fixed_20d_M0_persistence_previous_label_validation.png,confusion_matrix_TAIEX_regime_fixed_20d_M0_persistence_previous_label_validation.png,.png,89288,2026-06-23T14:57:40Z,e394b9b2d82d85513b4c30580f3fb1d7732bb3261270d47ecdfd0ec32e6dd4e0
outputs/AURORA_TWETF/model_zoo_baselines/run_20260623_145728/plots/confusion_matrix_TAIEX_regime_fixed_20d_M1_logistic_regression_balanced_test.png,confusion_matrix_TAIEX_regime_fixed_20d_M1_logistic_regression_balanced_test.png,.png,87910,2026-06-23T14:57:44Z,3cea118f054f65a4281877adce6d85228d82804a3cf53a96839caeeef436f16a
outputs/AURORA_TWETF/model_zoo_baselines/run_20260623_145728/plots/confusion_matrix_TAIEX_regime_fixed_20d_M1_logistic_regression_balanced_train.png,confusion_matrix_TAIEX_regime_fixed_20d_M1_logistic_regression_balanced_train.png,.png,90429,2026-06-23T14:57:43Z,ad25764fcbd9b8eaa2cd57ec45cf553a87c7baeffa65c31983478ae579e148d5
outputs/AURORA_TWETF/model_zoo_baselines/run_20260623_145728/plots/confusion_matrix_TAIEX_regime_fixed_20d_M1_logistic_regression_balanced_validation.png,confusion_matrix_TAIEX_regime_fixed_20d_M1_logistic_regression_balanced_validation.png,.png,83981,2026-06-23T14:57:44Z,6eaf577d6e78a7d89960993bc9fff0f2c48b4fd83970abb3cf29ecec7e0f7f4c
outputs/AURORA_TWETF/model_zoo_baselines/run_20260623_145728/plots/confusion_matrix_TAIEX_regime_fixed_20d_M2_random_forest_balanced_test.png,confusion_matrix_TAIEX_regime_fixed_20d_M2_random_forest_balanced_test.png,.png,82355,2026-06-23T14:57:50Z,4eae0d83e527a716a0940d6a680158a4512402f0b0ee8edf3cec60a0841291a9
outputs/AURORA_TWETF/model_zoo_baselines/run_20260623_145728/plots/confusion_matrix_TAIEX_regime_fixed_20d_M2_random_forest_balanced_train.png,confusion_matrix_TAIEX_regime_fixed_20d_M2_random_forest_balanced_train.png,.png,89387,2026-06-23T14:57:48Z,4559c4a6b80d2b99755ceef0911b70f4be765036be0e9149fc3f26f45809fc57
outputs/AURORA_TWETF/model_zoo_baselines/run_20260623_145728/plots/confusion_matrix_TAIEX_regime_fixed_20d_M2_random_forest_balanced_validation.png,confusion_matrix_TAIEX_regime_fixed_20d_M2_random_forest_balanced_validation.png,.png,83767,2026-06-23T14:57:49Z,4e91c9f01243fc8b7b12dbc87a53886912bdad7d13b4632bcf3a4c78cd2491ba
outputs/AURORA_TWETF/model_zoo_baselines/run_20260623_145728/plots/confusion_matrix_TAIEX_regime_fixed_20d_M3_extra_trees_balanced_test.png,confusion_matrix_TAIEX_regime_fixed_20d_M3_extra_trees_balanced_test.png,.png,80763,2026-06-23T14:57:55Z,bd336f93972008f87865adea5a869e5171feb5b1ee21c27cf58d9664d108390e
outputs/AURORA_TWETF/model_zoo_baselines/run_20260623_145728/plots/confusion_matrix_TAIEX_regime_fixed_20d_M3_extra_trees_balanced_train.png,confusion_matrix_TAIEX_regime_fixed_20d_M3_extra_trees_balanced_train.png,.png,90743,2026-06-23T14:57:53Z,2e951e13d52c270373b398ef139f41e8f27efced8ffba35d2b05510b429cc2dc
outputs/AURORA_TWETF/model_zoo_baselines/run_20260623_145728/plots/confusion_matrix_TAIEX_regime_fixed_20d_M3_extra_trees_balanced_validation.png,confusion_matrix_TAIEX_regime_fixed_20d_M3_extra_trees_balanced_validation.png,.png,84093,2026-06-23T14:57:54Z,de00ed11bd1e459589a4482ee3e8719767ea56f5fa4f89efe5b64df5da5674b0
outputs/AURORA_TWETF/model_zoo_baselines/run_20260623_145728/plots/confusion_matrix_TAIEX_regime_fixed_20d_M4_hist_gradient_boosting_test.png,confusion_matrix_TAIEX_regime_fixed_20d_M4_hist_gradient_boosting_test.png,.png,82532,2026-06-23T14:58:00Z,fa1f0cfff6b8d8e9811be502e45c83f567e7fe4349f3906dcae5b2760af9b820
outputs/AURORA_TWETF/model_zoo_baselines/run_20260623_145728/plots/confusion_matrix_TAIEX_regime_fixed_20d_M4_hist_gradient_boosting_train.png,confusion_matrix_TAIEX_regime_fixed_20d_M4_hist_gradient_boosting_train.png,.png,90026,2026-06-23T14:57:59Z,ca15f5663641eb9d1e36f26a541f84cccc1719e939a40286debae2d0b27d9b33
outputs/AURORA_TWETF/model_zoo_baselines/run_20260623_145728/plots/confusion_matrix_TAIEX_regime_fixed_20d_M4_hist_gradient_boosting_validation.png,confusion_matrix_TAIEX_regime_fixed_20d_M4_hist_gradient_boosting_validation.png,.png,83708,2026-06-23T14:57:59Z,bd969d877c2a3a935a32ae0472cb523a702c4812bda7498532e813502ec1c794
outputs/AURORA_TWETF/model_zoo_baselines/run_20260623_145728/plots/confusion_matrix_TAIEX_regime_fixed_20d_M5_lightgbm_balanced_test.png,confusion_matrix_TAIEX_regime_fixed_20d_M5_lightgbm_balanced_test.png,.png,82027,2026-06-23T14:58:12Z,ae33cef5ac468ef2460df72cd626252a0419c8fea8b7f6b77e5a42de135e913d
outputs/AURORA_TWETF/model_zoo_baselines/run_20260623_145728/plots/confusion_matrix_TAIEX_regime_fixed_20d_M5_lightgbm_balanced_train.png,confusion_matrix_TAIEX_regime_fixed_20d_M5_lightgbm_balanced_train.png,.png,86594,2026-06-23T14:58:11Z,80611c43b0fff41385b407cdbd4e1142bf3952592b68b3a523bddf04f778a74c
outputs/AURORA_TWETF/model_zoo_baselines/run_20260623_145728/plots/confusion_matrix_TAIEX_regime_fixed_20d_M5_lightgbm_balanced_validation.png,confusion_matrix_TAIEX_regime_fixed_20d_M5_lightgbm_balanced_validation.png,.png,83013,2026-06-23T14:58:11Z,bcaa9ee6afb04bd1a37dbbc1036f3840c013d35d69350503a00b7f3dd0239d59
outputs/AURORA_TWETF/model_zoo_baselines/run_20260623_145728/plots/confusion_matrix_TAIEX_regime_fixed_20d_M6_xgboost_multiclass_test.png,confusion_matrix_TAIEX_regime_fixed_20d_M6_xgboost_multiclass_test.png,.png,81846,2026-06-23T14:58:27Z,aafb0969410a87dd26dbd1e96f4220121b8d656439b0275d90c4901309556acf
outputs/AURORA_TWETF/model_zoo_baselines/run_20260623_145728/plots/confusion_matrix_TAIEX_regime_fixed_20d_M6_xgboost_multiclass_train.png,confusion_matrix_TAIEX_regime_fixed_20d_M6_xgboost_multiclass_train.png,.png,88899,2026-06-23T14:58:26Z,303a87266e9bf47ebebe6503f7598505afd622d4e6f54d939706423f59820118
outputs/AURORA_TWETF/model_zoo_baselines/run_20260623_145728/plots/confusion_matrix_TAIEX_regime_fixed_20d_M6_xgboost_multiclass_validation.png,confusion_matrix_TAIEX_regime_fixed_20d_M6_xgboost_multiclass_validation.png,.png,84250,2026-06-23T14:58:27Z,ee981086b014804118c85cb7db86feb07ded60066799e2f3408c48273c76fd4c
outputs/AURORA_TWETF/model_zoo_baselines/run_20260623_145728/plots/confusion_matrix_TAIEX_regime_fixed_60d_M0_dummy_most_frequent_test.png,confusion_matrix_TAIEX_regime_fixed_60d_M0_dummy_most_frequent_test.png,.png,81372,2026-06-23T14:58:30Z,fb6edde4f6ad69a6be5ee0e9d0d7a8525c3ede23591480b585e79855e187b069
outputs/AURORA_TWETF/model_zoo_baselines/run_20260623_145728/plots/confusion_matrix_TAIEX_regime_fixed_60d_M0_dummy_most_frequent_train.png,confusion_matrix_TAIEX_regime_fixed_60d_M0_dummy_most_frequent_train.png,.png,81183,2026-06-23T14:58:29Z,b4323603736ebeab11ae4c5a6f1c2cd87f1cdfa5689b0cae4ac95c404bf93ef1
outputs/AURORA_TWETF/model_zoo_baselines/run_20260623_145728/plots/confusion_matrix_TAIEX_regime_fixed_60d_M0_dummy_most_frequent_validation.png,confusion_matrix_TAIEX_regime_fixed_60d_M0_dummy_most_frequent_validation.png,.png,79963,2026-06-23T14:58:30Z,7cab2e770fefee444fc52a61899d8db8debb63e1a97b2414362f2661f069a4b6
outputs/AURORA_TWETF/model_zoo_baselines/run_20260623_145728/plots/confusion_matrix_TAIEX_regime_fixed_60d_M0_dummy_stratified_test.png,confusion_matrix_TAIEX_regime_fixed_60d_M0_dummy_stratified_test.png,.png,78007,2026-06-23T14:58:32Z,6707ca18e27aa0285ab7ba48bab5d0315f90640228894aa0ce4f2f32f64c89ce
outputs/AURORA_TWETF/model_zoo_baselines/run_20260623_145728/plots/confusion_matrix_TAIEX_regime_fixed_60d_M0_dummy_stratified_train.png,confusion_matrix_TAIEX_regime_fixed_60d_M0_dummy_stratified_train.png,.png,93212,2026-06-23T14:58:31Z,2947ab83915f5b4b925943012041ab78891a635455cec650a38b8b376de69694
outputs/AURORA_TWETF/model_zoo_baselines/run_20260623_145728/plots/confusion_matrix_TAIEX_regime_fixed_60d_M0_dummy_stratified_validation.png,confusion_matrix_TAIEX_regime_fixed_60d_M0_dummy_stratified_validation.png,.png,82913,2026-06-23T14:58:32Z,ebebb7e21aff9395e87be5ae5ff270b33d964779f58b212a1d77fbe898bcea47
outputs/AURORA_TWETF/model_zoo_baselines/run_20260623_145728/plots/confusion_matrix_TAIEX_regime_fixed_60d_M0_persistence_previous_label_test.png,confusion_matrix_TAIEX_regime_fixed_60d_M0_persistence_previous_label_test.png,.png,83622,2026-06-23T14:58:34Z,6a7959b111e40ab6c2af7bb2725283fffd2c1bd3f7d5051352bf6adbdeaedc97
outputs/AURORA_TWETF/model_zoo_baselines/run_20260623_145728/plots/confusion_matrix_TAIEX_regime_fixed_60d_M0_persistence_previous_label_train.png,confusion_matrix_TAIEX_regime_fixed_60d_M0_persistence_previous_label_train.png,.png,87532,2026-06-23T14:58:33Z,b73a6ece89dd6cf50330b909c1ff5c7f0527e35f874392842b2734ed278a839a
outputs/AURORA_TWETF/model_zoo_baselines/run_20260623_145728/plots/confusion_matrix_TAIEX_regime_fixed_60d_M0_persistence_previous_label_validation.png,confusion_matrix_TAIEX_regime_fixed_60d_M0_persistence_previous_label_validation.png,.png,83690,2026-06-23T14:58:34Z,13a48336ee4a371ebf624608eefbf490cfc4cf531a99a2370b65818f84e902f5
outputs/AURORA_TWETF/model_zoo_baselines/run_20260623_145728/plots/confusion_matrix_TAIEX_regime_fixed_60d_M1_logistic_regression_balanced_test.png,confusion_matrix_TAIEX_regime_fixed_60d_M1_logistic_regression_balanced_test.png,.png,83247,2026-06-23T14:58:38Z,0d1233a9f488ca9087a262d9ffbfb8d3a0e2d5baef0400006527c4ae767bbebe
outputs/AURORA_TWETF/model_zoo_baselines/run_20260623_145728/plots/confusion_matrix_TAIEX_regime_fixed_60d_M1_logistic_regression_balanced_train.png,confusion_matrix_TAIEX_regime_fixed_60d_M1_logistic_regression_balanced_train.png,.png,84754,2026-06-23T14:58:37Z,d5244d4287809f43d55e872ff9564a7cac3d45f8c3bf1857cec7fb0191fd68bf
outputs/AURORA_TWETF/model_zoo_baselines/run_20260623_145728/plots/confusion_matrix_TAIEX_regime_fixed_60d_M1_logistic_regression_balanced_validation.png,confusion_matrix_TAIEX_regime_fixed_60d_M1_logistic_regression_balanced_validation.png,.png,86875,2026-06-23T14:58:37Z,71179311994715aa853485bbc17ed14f110bcdf282684e4b9b7eda20e6e47392
outputs/AURORA_TWETF/model_zoo_baselines/run_20260623_145728/plots/confusion_matrix_TAIEX_regime_fixed_60d_M2_random_forest_balanced_test.png,confusion_matrix_TAIEX_regime_fixed_60d_M2_random_forest_balanced_test.png,.png,81606,2026-06-23T14:58:43Z,a17c16dcf8e320bb1da5febaf73b005b7e4d9afc150a9a0cecd215a9efdbc2aa
outputs/AURORA_TWETF/model_zoo_baselines/run_20260623_145728/plots/confusion_matrix_TAIEX_regime_fixed_60d_M2_random_forest_balanced_train.png,confusion_matrix_TAIEX_regime_fixed_60d_M2_random_forest_balanced_train.png,.png,85675,2026-06-23T14:58:41Z,0a0958fe937e933766b2ce647045de77fb198acf204d17b89ab01eae6bbf55b7
outputs/AURORA_TWETF/model_zoo_baselines/run_20260623_145728/plots/confusion_matrix_TAIEX_regime_fixed_60d_M2_random_forest_balanced_validation.png,confusion_matrix_TAIEX_regime_fixed_60d_M2_random_forest_balanced_validation.png,.png,88497,2026-06-23T14:58:42Z,bd470a9c609f12f203327c1e9d73017dd3148d68d6630471c46db74f5199f364
outputs/AURORA_TWETF/model_zoo_baselines/run_20260623_145728/plots/confusion_matrix_TAIEX_regime_fixed_60d_M3_extra_trees_balanced_test.png,confusion_matrix_TAIEX_regime_fixed_60d_M3_extra_trees_balanced_test.png,.png,85091,2026-06-23T14:58:48Z,16aa9602d9b9c4101b50f530ec158cf7360f6f254e4636826207668df0a59d05
outputs/AURORA_TWETF/model_zoo_baselines/run_20260623_145728/plots/confusion_matrix_TAIEX_regime_fixed_60d_M3_extra_trees_balanced_train.png,confusion_matrix_TAIEX_regime_fixed_60d_M3_extra_trees_balanced_train.png,.png,85892,2026-06-23T14:58:46Z,97d992ba8931143dc58d968a07602db9f3c08e4be15beb5225e967eb8b00d3f0
outputs/AURORA_TWETF/model_zoo_baselines/run_20260623_145728/plots/confusion_matrix_TAIEX_regime_fixed_60d_M3_extra_trees_balanced_validation.png,confusion_matrix_TAIEX_regime_fixed_60d_M3_extra_trees_balanced_validation.png,.png,85735,2026-06-23T14:58:47Z,8bb0ad27009e034b038f661587e16967396bf5f9339b66213bae557fb71abe4c
outputs/AURORA_TWETF/model_zoo_baselines/run_20260623_145728/plots/confusion_matrix_TAIEX_regime_fixed_60d_M4_hist_gradient_boosting_test.png,confusion_matrix_TAIEX_regime_fixed_60d_M4_hist_gradient_boosting_test.png,.png,79704,2026-06-23T14:58:54Z,1e4d9983298805ed37e65433af2008f70b361d19c87002fb252fb43ad68149e0
outputs/AURORA_TWETF/model_zoo_baselines/run_20260623_145728/plots/confusion_matrix_TAIEX_regime_fixed_60d_M4_hist_gradient_boosting_train.png,confusion_matrix_TAIEX_regime_fixed_60d_M4_hist_gradient_boosting_train.png,.png,85666,2026-06-23T14:58:53Z,f27658e12026818a0584fbd1ab22f4c22077ac37bd695f713f9fb5de5219e297
outputs/AURORA_TWETF/model_zoo_baselines/run_20260623_145728/plots/confusion_matrix_TAIEX_regime_fixed_60d_M4_hist_gradient_boosting_validation.png,confusion_matrix_TAIEX_regime_fixed_60d_M4_hist_gradient_boosting_validation.png,.png,84430,2026-06-23T14:58:54Z,16f632a307218581fe0040f7557d63219b0227f96ebb08ea9cae12fe06339962
outputs/AURORA_TWETF/model_zoo_baselines/run_20260623_145728/plots/confusion_matrix_TAIEX_regime_fixed_60d_M5_lightgbm_balanced_test.png,confusion_matrix_TAIEX_regime_fixed_60d_M5_lightgbm_balanced_test.png,.png,81910,2026-06-23T14:59:06Z,bbf49d8bbb3a3720f877cc803d7f9758e467e940c37ae096f3a7b8219c0849dd
outputs/AURORA_TWETF/model_zoo_baselines/run_20260623_145728/plots/confusion_matrix_TAIEX_regime_fixed_60d_M5_lightgbm_balanced_train.png,confusion_matrix_TAIEX_regime_fixed_60d_M5_lightgbm_balanced_train.png,.png,81427,2026-06-23T14:59:05Z,a0fdc03fdb39dfe560a58e68258ebcf362856ad38820ef5d6d1f8a27ab72e88a
outputs/AURORA_TWETF/model_zoo_baselines/run_20260623_145728/plots/confusion_matrix_TAIEX_regime_fixed_60d_M5_lightgbm_balanced_validation.png,confusion_matrix_TAIEX_regime_fixed_60d_M5_lightgbm_balanced_validation.png,.png,83924,2026-06-23T14:59:05Z,30fc5dbb066944e055e6f4953b59ab4323ebbf96aae2defaf426c9cff28ca26f
outputs/AURORA_TWETF/model_zoo_baselines/run_20260623_145728/plots/confusion_matrix_TAIEX_regime_fixed_60d_M6_xgboost_multiclass_test.png,confusion_matrix_TAIEX_regime_fixed_60d_M6_xgboost_multiclass_test.png,.png,80486,2026-06-23T14:59:22Z,2b135b15b0f04876c5b193b722e66d4034afde4301646124fba7c1a8f1d7cb89
outputs/AURORA_TWETF/model_zoo_baselines/run_20260623_145728/plots/confusion_matrix_TAIEX_regime_fixed_60d_M6_xgboost_multiclass_train.png,confusion_matrix_TAIEX_regime_fixed_60d_M6_xgboost_multiclass_train.png,.png,81260,2026-06-23T14:59:21Z,c5620de6f58e3a77b5a5e1dca2662509904a6252f667c9368345f41e6c21a719
outputs/AURORA_TWETF/model_zoo_baselines/run_20260623_145728/plots/confusion_matrix_TAIEX_regime_fixed_60d_M6_xgboost_multiclass_validation.png,confusion_matrix_TAIEX_regime_fixed_60d_M6_xgboost_multiclass_validation.png,.png,84990,2026-06-23T14:59:21Z,915946e6d1991ecad517671efdb9d8900753048401abc05fb296a686a5f947a8
outputs/AURORA_TWETF/model_zoo_baselines/run_20260623_145728/plots/confusion_matrix_normalized_TAIEX_regime_fixed_20d_M0_dummy_most_frequent_test.png,confusion_matrix_normalized_TAIEX_regime_fixed_20d_M0_dummy_most_frequent_test.png,.png,88395,2026-06-23T14:57:36Z,1cdf620ca479121417c58b1a290694600ed63ad9f586859d9f6f9d9fe55f97c6
outputs/AURORA_TWETF/model_zoo_baselines/run_20260623_145728/plots/confusion_matrix_normalized_TAIEX_regime_fixed_20d_M0_dummy_most_frequent_train.png,confusion_matrix_normalized_TAIEX_regime_fixed_20d_M0_dummy_most_frequent_train.png,.png,90523,2026-06-23T14:57:35Z,52c9fc13724ce916d14e940f4f3e8e8548754ff99c18213541ef0058ffc60893
outputs/AURORA_TWETF/model_zoo_baselines/run_20260623_145728/plots/confusion_matrix_normalized_TAIEX_regime_fixed_20d_M0_dummy_most_frequent_validation.png,confusion_matrix_normalized_TAIEX_regime_fixed_20d_M0_dummy_most_frequent_validation.png,.png,92165,2026-06-23T14:57:36Z,476633ba230a062deb9ec3e868f38bf95a1d2cc72ee2465d5a9cffd6dc0cf1c0
outputs/AURORA_TWETF/model_zoo_baselines/run_20260623_145728/plots/confusion_matrix_normalized_TAIEX_regime_fixed_20d_M0_dummy_stratified_test.png,confusion_matrix_normalized_TAIEX_regime_fixed_20d_M0_dummy_stratified_test.png,.png,101552,2026-06-23T14:57:39Z,920f1d165453ac731e60527e9337c26540b83ba7352c8d683d41aa87ee8e15e0
outputs/AURORA_TWETF/model_zoo_baselines/run_20260623_145728/plots/confusion_matrix_normalized_TAIEX_regime_fixed_20d_M0_dummy_stratified_train.png,confusion_matrix_normalized_TAIEX_regime_fixed_20d_M0_dummy_stratified_train.png,.png,111227,2026-06-23T14:57:37Z,bbe835fdd0a31e5f4de7a01676731b759372c62fe1128661e4e42d6f2ea54e2e
outputs/AURORA_TWETF/model_zoo_baselines/run_20260623_145728/plots/confusion_matrix_normalized_TAIEX_regime_fixed_20d_M0_dummy_stratified_validation.png,confusion_matrix_normalized_TAIEX_regime_fixed_20d_M0_dummy_stratified_validation.png,.png,111661,2026-06-23T14:57:38Z,7c788c606d91599364c5becb434a7179581895d82566bbdd81b2d02891d12537
outputs/AURORA_TWETF/model_zoo_baselines/run_20260623_145728/plots/confusion_matrix_normalized_TAIEX_regime_fixed_20d_M0_persistence_previous_label_test.png,confusion_matrix_normalized_TAIEX_regime_fixed_20d_M0_persistence_previous_label_test.png,.png,104750,2026-06-23T14:57:41Z,99878e304848b22e5d9dee7b80809563e42ff4f4e85dac1311f76c4608d2f89a
outputs/AURORA_TWETF/model_zoo_baselines/run_20260623_145728/plots/confusion_matrix_normalized_TAIEX_regime_fixed_20d_M0_persistence_previous_label_train.png,confusion_matrix_normalized_TAIEX_regime_fixed_20d_M0_persistence_previous_label_train.png,.png,110758,2026-06-23T14:57:40Z,0a42266e4e8fbf3f3af2b03246c622c4efe564c1ceeb5e8481d0f527c5f1b748
outputs/AURORA_TWETF/model_zoo_baselines/run_20260623_145728/plots/confusion_matrix_normalized_TAIEX_regime_fixed_20d_M0_persistence_previous_label_validation.png,confusion_matrix_normalized_TAIEX_regime_fixed_20d_M0_persistence_previous_label_validation.png,.png,111307,2026-06-23T14:57:40Z,eb0fd1f0cba7ad5d6ccae13667141b58fd3507f276c0d8ee6c4e440f531ab803
outputs/AURORA_TWETF/model_zoo_baselines/run_20260623_145728/plots/confusion_matrix_normalized_TAIEX_regime_fixed_20d_M1_logistic_regression_balanced_test.png,confusion_matrix_normalized_TAIEX_regime_fixed_20d_M1_logistic_regression_balanced_test.png,.png,99483,2026-06-23T14:57:45Z,1305e1d88cce4755c9690473d691e1c5ea34a73b4c28a2c72b0b2440f51eea48
outputs/AURORA_TWETF/model_zoo_baselines/run_20260623_145728/plots/confusion_matrix_normalized_TAIEX_regime_fixed_20d_M1_logistic_regression_balanced_train.png,confusion_matrix_normalized_TAIEX_regime_fixed_20d_M1_logistic_regression_balanced_train.png,.png,95500,2026-06-23T14:57:43Z,25951116324792a61f9e7d46ecf4a9e22c053f50a74fa48ee281749fc1061299
outputs/AURORA_TWETF/model_zoo_baselines/run_20260623_145728/plots/confusion_matrix_normalized_TAIEX_regime_fixed_20d_M1_logistic_regression_balanced_validation.png,confusion_matrix_normalized_TAIEX_regime_fixed_20d_M1_logistic_regression_balanced_validation.png,.png,107075,2026-06-23T14:57:44Z,a6830886a12fa1fafed0527efecd2046e767db3990a11c75b15593564aa860b7
outputs/AURORA_TWETF/model_zoo_baselines/run_20260623_145728/plots/confusion_matrix_normalized_TAIEX_regime_fixed_20d_M2_random_forest_balanced_test.png,confusion_matrix_normalized_TAIEX_regime_fixed_20d_M2_random_forest_balanced_test.png,.png,96495,2026-06-23T14:57:50Z,839fec00bf70345004a332516cf45b3378d6cb8fe1fcd33a21f7c5562e02059b
outputs/AURORA_TWETF/model_zoo_baselines/run_20260623_145728/plots/confusion_matrix_normalized_TAIEX_regime_fixed_20d_M2_random_forest_balanced_train.png,confusion_matrix_normalized_TAIEX_regime_fixed_20d_M2_random_forest_balanced_train.png,.png,103772,2026-06-23T14:57:48Z,b2ab063c6c304d23167492eef3b1dc80386b15b5bf89aa55e6edfb65d805d144
outputs/AURORA_TWETF/model_zoo_baselines/run_20260623_145728/plots/confusion_matrix_normalized_TAIEX_regime_fixed_20d_M2_random_forest_balanced_validation.png,confusion_matrix_normalized_TAIEX_regime_fixed_20d_M2_random_forest_balanced_validation.png,.png,102876,2026-06-23T14:57:49Z,4b6448a03444aec15992c16365f65c54d65f70b9184b8aa64ce2bba35eb3e61d
outputs/AURORA_TWETF/model_zoo_baselines/run_20260623_145728/plots/confusion_matrix_normalized_TAIEX_regime_fixed_20d_M3_extra_trees_balanced_test.png,confusion_matrix_normalized_TAIEX_regime_fixed_20d_M3_extra_trees_balanced_test.png,.png,98421,2026-06-23T14:57:55Z,72d55e162e1818bab8dda51c2550fbb39b7d612fd7d590266254770bf6e26666
outputs/AURORA_TWETF/model_zoo_baselines/run_20260623_145728/plots/confusion_matrix_normalized_TAIEX_regime_fixed_20d_M3_extra_trees_balanced_train.png,confusion_matrix_normalized_TAIEX_regime_fixed_20d_M3_extra_trees_balanced_train.png,.png,104019,2026-06-23T14:57:53Z,333301fb095aae656494a1d968c637679377b6762e7ccffb46f94bd1e8e9d31c
outputs/AURORA_TWETF/model_zoo_baselines/run_20260623_145728/plots/confusion_matrix_normalized_TAIEX_regime_fixed_20d_M3_extra_trees_balanced_validation.png,confusion_matrix_normalized_TAIEX_regime_fixed_20d_M3_extra_trees_balanced_validation.png,.png,104808,2026-06-23T14:57:54Z,b2062578024878621a3bbf510f4aab7658d525d8109ae6410b304f28ee9416f7
outputs/AURORA_TWETF/model_zoo_baselines/run_20260623_145728/plots/confusion_matrix_normalized_TAIEX_regime_fixed_20d_M4_hist_gradient_boosting_test.png,confusion_matrix_normalized_TAIEX_regime_fixed_20d_M4_hist_gradient_boosting_test.png,.png,105187,2026-06-23T14:58:00Z,2f8d49aafd04a5f202e5d1f92fc73d027e69d1c6ed37941c6f94b2f78a96d4af
outputs/AURORA_TWETF/model_zoo_baselines/run_20260623_145728/plots/confusion_matrix_normalized_TAIEX_regime_fixed_20d_M4_hist_gradient_boosting_train.png,confusion_matrix_normalized_TAIEX_regime_fixed_20d_M4_hist_gradient_boosting_train.png,.png,102202,2026-06-23T14:57:59Z,0b3a5eed5f253edf2173684164d155d83fef0c9e8a074a8846eda0c1b1b40add
outputs/AURORA_TWETF/model_zoo_baselines/run_20260623_145728/plots/confusion_matrix_normalized_TAIEX_regime_fixed_20d_M4_hist_gradient_boosting_validation.png,confusion_matrix_normalized_TAIEX_regime_fixed_20d_M4_hist_gradient_boosting_validation.png,.png,104676,2026-06-23T14:58:00Z,a47d26c5da2fb0d1f84f1c23196b8b6d285ac0997ebca1168b3118cdee4e2da2
outputs/AURORA_TWETF/model_zoo_baselines/run_20260623_145728/plots/confusion_matrix_normalized_TAIEX_regime_fixed_20d_M5_lightgbm_balanced_test.png,confusion_matrix_normalized_TAIEX_regime_fixed_20d_M5_lightgbm_balanced_test.png,.png,105877,2026-06-23T14:58:12Z,4c64ce5f12ddbc2bc4cee08dd3108207a09e4f71a22945c4f440483c14939584
outputs/AURORA_TWETF/model_zoo_baselines/run_20260623_145728/plots/confusion_matrix_normalized_TAIEX_regime_fixed_20d_M5_lightgbm_balanced_train.png,confusion_matrix_normalized_TAIEX_regime_fixed_20d_M5_lightgbm_balanced_train.png,.png,90703,2026-06-23T14:58:11Z,02aacea52f9f82bd07add8208fc7b18501c686d5e3982b7b9c7ac8a5af8ada55
outputs/AURORA_TWETF/model_zoo_baselines/run_20260623_145728/plots/confusion_matrix_normalized_TAIEX_regime_fixed_20d_M5_lightgbm_balanced_validation.png,confusion_matrix_normalized_TAIEX_regime_fixed_20d_M5_lightgbm_balanced_validation.png,.png,108237,2026-06-23T14:58:12Z,e2c79e9044fa8e70b293be9058dce90dbe17d269fdd63ce0773808cc2a934132
outputs/AURORA_TWETF/model_zoo_baselines/run_20260623_145728/plots/confusion_matrix_normalized_TAIEX_regime_fixed_20d_M6_xgboost_multiclass_test.png,confusion_matrix_normalized_TAIEX_regime_fixed_20d_M6_xgboost_multiclass_test.png,.png,100543,2026-06-23T14:58:28Z,ad02e16631c70e4e9d5e9567cc7f99b56bafe4570f5e48a4786855e414e94859
outputs/AURORA_TWETF/model_zoo_baselines/run_20260623_145728/plots/confusion_matrix_normalized_TAIEX_regime_fixed_20d_M6_xgboost_multiclass_train.png,confusion_matrix_normalized_TAIEX_regime_fixed_20d_M6_xgboost_multiclass_train.png,.png,93715,2026-06-23T14:58:26Z,f7a8de9ea581c1dcabd94e57711f6ce8e8879e73c46bbfbd0ff92b4baf43bb47
outputs/AURORA_TWETF/model_zoo_baselines/run_20260623_145728/plots/confusion_matrix_normalized_TAIEX_regime_fixed_20d_M6_xgboost_multiclass_validation.png,confusion_matrix_normalized_TAIEX_regime_fixed_20d_M6_xgboost_multiclass_validation.png,.png,102715,2026-06-23T14:58:27Z,0f416030725beb6fff8799506312b554af6a6f1632d1fe780f2f2077614e2b6d
outputs/AURORA_TWETF/model_zoo_baselines/run_20260623_145728/plots/confusion_matrix_normalized_TAIEX_regime_fixed_60d_M0_dummy_most_frequent_test.png,confusion_matrix_normalized_TAIEX_regime_fixed_60d_M0_dummy_most_frequent_test.png,.png,85769,2026-06-23T14:58:31Z,aa1315b92f51e1a409b9ab06ec4696fe1a83956b6ca8ff315f9a91ce51acdff8
outputs/AURORA_TWETF/model_zoo_baselines/run_20260623_145728/plots/confusion_matrix_normalized_TAIEX_regime_fixed_60d_M0_dummy_most_frequent_train.png,confusion_matrix_normalized_TAIEX_regime_fixed_60d_M0_dummy_most_frequent_train.png,.png,91409,2026-06-23T14:58:29Z,66fa76789ee77bb5d8e8016df5a6ccd9f5f252b39caa1654fc01151bb17e21fb
outputs/AURORA_TWETF/model_zoo_baselines/run_20260623_145728/plots/confusion_matrix_normalized_TAIEX_regime_fixed_60d_M0_dummy_most_frequent_validation.png,confusion_matrix_normalized_TAIEX_regime_fixed_60d_M0_dummy_most_frequent_validation.png,.png,92523,2026-06-23T14:58:30Z,0524d3f31a01bb4843548159808b72b10995d4a2b560bffffc5397d3d1cdfc1f
outputs/AURORA_TWETF/model_zoo_baselines/run_20260623_145728/plots/confusion_matrix_normalized_TAIEX_regime_fixed_60d_M0_dummy_stratified_test.png,confusion_matrix_normalized_TAIEX_regime_fixed_60d_M0_dummy_stratified_test.png,.png,100291,2026-06-23T14:58:33Z,8a0773c697d05dd5e22572409c86724a5bbc90453809f0675a0a2944c8c38b86
outputs/AURORA_TWETF/model_zoo_baselines/run_20260623_145728/plots/confusion_matrix_normalized_TAIEX_regime_fixed_60d_M0_dummy_stratified_train.png,confusion_matrix_normalized_TAIEX_regime_fixed_60d_M0_dummy_stratified_train.png,.png,112136,2026-06-23T14:58:31Z,d9a15fcf0e7f8292863153d3bd89eafc6c9c14fbca558a8f759cc6f41f738a7b
outputs/AURORA_TWETF/model_zoo_baselines/run_20260623_145728/plots/confusion_matrix_normalized_TAIEX_regime_fixed_60d_M0_dummy_stratified_validation.png,confusion_matrix_normalized_TAIEX_regime_fixed_60d_M0_dummy_stratified_validation.png,.png,116519,2026-06-23T14:58:32Z,cdec820a7f1f09ea39954f043640aa0cb0435eb04ddf0812974a88caa1b80436
outputs/AURORA_TWETF/model_zoo_baselines/run_20260623_145728/plots/confusion_matrix_normalized_TAIEX_regime_fixed_60d_M0_persistence_previous_label_test.png,confusion_matrix_normalized_TAIEX_regime_fixed_60d_M0_persistence_previous_label_test.png,.png,90793,2026-06-23T14:58:35Z,12fec67848899138941d8a2292161dcbc815f4cd6da4eff78be40b1eb2db9cd3
outputs/AURORA_TWETF/model_zoo_baselines/run_20260623_145728/plots/confusion_matrix_normalized_TAIEX_regime_fixed_60d_M0_persistence_previous_label_train.png,confusion_matrix_normalized_TAIEX_regime_fixed_60d_M0_persistence_previous_label_train.png,.png,109089,2026-06-23T14:58:34Z,56e15e4cea918b5618ea2615ee0615eb291b451256238ebe1e826da2138acc42
outputs/AURORA_TWETF/model_zoo_baselines/run_20260623_145728/plots/confusion_matrix_normalized_TAIEX_regime_fixed_60d_M0_persistence_previous_label_validation.png,confusion_matrix_normalized_TAIEX_regime_fixed_60d_M0_persistence_previous_label_validation.png,.png,106099,2026-06-23T14:58:34Z,d4bfebf856b25f2e0e97e877b0f8f5d61fabe0240e2010156bf06f4f7f8422cb
outputs/AURORA_TWETF/model_zoo_baselines/run_20260623_145728/plots/confusion_matrix_normalized_TAIEX_regime_fixed_60d_M1_logistic_regression_balanced_test.png,confusion_matrix_normalized_TAIEX_regime_fixed_60d_M1_logistic_regression_balanced_test.png,.png,100156,2026-06-23T14:58:38Z,47f4268897cd99cd29b4ebd0cdcce51c480c49eb926d1e47d8813c32cd8c5a5c
outputs/AURORA_TWETF/model_zoo_baselines/run_20260623_145728/plots/confusion_matrix_normalized_TAIEX_regime_fixed_60d_M1_logistic_regression_balanced_train.png,confusion_matrix_normalized_TAIEX_regime_fixed_60d_M1_logistic_regression_balanced_train.png,.png,93558,2026-06-23T14:58:37Z,4d5b8930ce3fcfab0e94efde8164aafc7811a4a95f897d459492d4ebb474314b
outputs/AURORA_TWETF/model_zoo_baselines/run_20260623_145728/plots/confusion_matrix_normalized_TAIEX_regime_fixed_60d_M1_logistic_regression_balanced_validation.png,confusion_matrix_normalized_TAIEX_regime_fixed_60d_M1_logistic_regression_balanced_validation.png,.png,108892,2026-06-23T14:58:37Z,6a77e17128198092856cbb6c888711c5ffc35a999f9120d7f31890c80ee58fdd
outputs/AURORA_TWETF/model_zoo_baselines/run_20260623_145728/plots/confusion_matrix_normalized_TAIEX_regime_fixed_60d_M2_random_forest_balanced_test.png,confusion_matrix_normalized_TAIEX_regime_fixed_60d_M2_random_forest_balanced_test.png,.png,95490,2026-06-23T14:58:44Z,04ab8ba16e6236cc7ceb5eca236a65593b661a06485b39d593201c08dee0878e
outputs/AURORA_TWETF/model_zoo_baselines/run_20260623_145728/plots/confusion_matrix_normalized_TAIEX_regime_fixed_60d_M2_random_forest_balanced_train.png,confusion_matrix_normalized_TAIEX_regime_fixed_60d_M2_random_forest_balanced_train.png,.png,104351,2026-06-23T14:58:42Z,3f9bc5afaf22aafb74635b9fd14903341f769df7cb1f990c515c04d203f490f7
outputs/AURORA_TWETF/model_zoo_baselines/run_20260623_145728/plots/confusion_matrix_normalized_TAIEX_regime_fixed_60d_M2_random_forest_balanced_validation.png,confusion_matrix_normalized_TAIEX_regime_fixed_60d_M2_random_forest_balanced_validation.png,.png,109822,2026-06-23T14:58:43Z,15ccca30cf9f637a8f3a10b7b42ed886869f52dfd3514f071ff1afc73a8c991e
outputs/AURORA_TWETF/model_zoo_baselines/run_20260623_145728/plots/confusion_matrix_normalized_TAIEX_regime_fixed_60d_M3_extra_trees_balanced_test.png,confusion_matrix_normalized_TAIEX_regime_fixed_60d_M3_extra_trees_balanced_test.png,.png,95710,2026-06-23T14:58:48Z,8aa5185435f01f4235637395ecaa8b0ce68654a691e1122c987559c51f90cf3b
outputs/AURORA_TWETF/model_zoo_baselines/run_20260623_145728/plots/confusion_matrix_normalized_TAIEX_regime_fixed_60d_M3_extra_trees_balanced_train.png,confusion_matrix_normalized_TAIEX_regime_fixed_60d_M3_extra_trees_balanced_train.png,.png,107225,2026-06-23T14:58:47Z,ceef2aff94b4ec910cf40cb22b6301db7f156405998c6504d1e71ccd63b8e78e
outputs/AURORA_TWETF/model_zoo_baselines/run_20260623_145728/plots/confusion_matrix_normalized_TAIEX_regime_fixed_60d_M3_extra_trees_balanced_validation.png,confusion_matrix_normalized_TAIEX_regime_fixed_60d_M3_extra_trees_balanced_validation.png,.png,108299,2026-06-23T14:58:48Z,4b4a35605a9c3071967277d431148c36985e76a8f991800aca24fdd979a07266
outputs/AURORA_TWETF/model_zoo_baselines/run_20260623_145728/plots/confusion_matrix_normalized_TAIEX_regime_fixed_60d_M4_hist_gradient_boosting_test.png,confusion_matrix_normalized_TAIEX_regime_fixed_60d_M4_hist_gradient_boosting_test.png,.png,95282,2026-06-23T14:58:55Z,63b510a537a52be066647172ab49b1b850c26303e2c1d59d9c610f9ff981164d
outputs/AURORA_TWETF/model_zoo_baselines/run_20260623_145728/plots/confusion_matrix_normalized_TAIEX_regime_fixed_60d_M4_hist_gradient_boosting_train.png,confusion_matrix_normalized_TAIEX_regime_fixed_60d_M4_hist_gradient_boosting_train.png,.png,99305,2026-06-23T14:58:53Z,fb5bd20767c0990eaa302049cc015c35a739e26979eea30bda43c50a73962234
outputs/AURORA_TWETF/model_zoo_baselines/run_20260623_145728/plots/confusion_matrix_normalized_TAIEX_regime_fixed_60d_M4_hist_gradient_boosting_validation.png,confusion_matrix_normalized_TAIEX_regime_fixed_60d_M4_hist_gradient_boosting_validation.png,.png,110973,2026-06-23T14:58:54Z,3dcf9beb1eb071460b54e5f4228e0c9a721926a976df01bdaa4c39df33fe1f5a
outputs/AURORA_TWETF/model_zoo_baselines/run_20260623_145728/plots/confusion_matrix_normalized_TAIEX_regime_fixed_60d_M5_lightgbm_balanced_test.png,confusion_matrix_normalized_TAIEX_regime_fixed_60d_M5_lightgbm_balanced_test.png,.png,93148,2026-06-23T14:59:06Z,6e36293c63fe83fb81d88d20549424171abe5e28ceb0cf957930de7bcf873f41
outputs/AURORA_TWETF/model_zoo_baselines/run_20260623_145728/plots/confusion_matrix_normalized_TAIEX_regime_fixed_60d_M5_lightgbm_balanced_train.png,confusion_matrix_normalized_TAIEX_regime_fixed_60d_M5_lightgbm_balanced_train.png,.png,91199,2026-06-23T14:59:05Z,97f970d621c174fd74d7d1a32c8735b784c6e9648f4de933948f3c33c0ff966b
outputs/AURORA_TWETF/model_zoo_baselines/run_20260623_145728/plots/confusion_matrix_normalized_TAIEX_regime_fixed_60d_M5_lightgbm_balanced_validation.png,confusion_matrix_normalized_TAIEX_regime_fixed_60d_M5_lightgbm_balanced_validation.png,.png,110970,2026-06-23T14:59:06Z,72885db3a3b4b7c75015e57bc8df71211acc8e8e6f4b0ad7e59079df52cbc218
outputs/AURORA_TWETF/model_zoo_baselines/run_20260623_145728/plots/confusion_matrix_normalized_TAIEX_regime_fixed_60d_M6_xgboost_multiclass_test.png,confusion_matrix_normalized_TAIEX_regime_fixed_60d_M6_xgboost_multiclass_test.png,.png,97649,2026-06-23T14:59:23Z,1171805459fae29666d9468f40e908362c4a1dce82a6c7d5f120b96a549bb35f
outputs/AURORA_TWETF/model_zoo_baselines/run_20260623_145728/plots/confusion_matrix_normalized_TAIEX_regime_fixed_60d_M6_xgboost_multiclass_train.png,confusion_matrix_normalized_TAIEX_regime_fixed_60d_M6_xgboost_multiclass_train.png,.png,91318,2026-06-23T14:59:21Z,97efe53b82b93bdea7041b77417692db6bbb98c8d057a1cc76ab5168bf53e1c4
outputs/AURORA_TWETF/model_zoo_baselines/run_20260623_145728/plots/confusion_matrix_normalized_TAIEX_regime_fixed_60d_M6_xgboost_multiclass_validation.png,confusion_matrix_normalized_TAIEX_regime_fixed_60d_M6_xgboost_multiclass_validation.png,.png,105789,2026-06-23T14:59:22Z,33a3a6aad9f89fbd4208afcb8bead7460a2d8cf6bcaf610736de5885e2e578ae
outputs/AURORA_TWETF/model_zoo_baselines/run_20260623_145728/plots/feature_importance_TAIEX_regime_fixed_20d_M1_logistic_regression_balanced.png,feature_importance_TAIEX_regime_fixed_20d_M1_logistic_regression_balanced.png,.png,303441,2026-06-23T14:57:45Z,0554195e51141a49e61e7ff6966d62df09e68062c4dc95ffcb29f11a8e9baeeb
outputs/AURORA_TWETF/model_zoo_baselines/run_20260623_145728/plots/feature_importance_TAIEX_regime_fixed_20d_M2_random_forest_balanced.png,feature_importance_TAIEX_regime_fixed_20d_M2_random_forest_balanced.png,.png,292055,2026-06-23T14:57:51Z,37613ca5dea41e1a3410668192474cf9ca94b9a76049cb2eac74833ba48ab065
outputs/AURORA_TWETF/model_zoo_baselines/run_20260623_145728/plots/feature_importance_TAIEX_regime_fixed_20d_M3_extra_trees_balanced.png,feature_importance_TAIEX_regime_fixed_20d_M3_extra_trees_balanced.png,.png,290593,2026-06-23T14:57:56Z,0335a3abbe2e109e4c0bfd1fdd44c49fe629c17701ecb3c9749b28bb1d19204b
outputs/AURORA_TWETF/model_zoo_baselines/run_20260623_145728/plots/feature_importance_TAIEX_regime_fixed_20d_M5_lightgbm_balanced.png,feature_importance_TAIEX_regime_fixed_20d_M5_lightgbm_balanced.png,.png,291524,2026-06-23T14:58:13Z,388234b531d4568589adfd74108805875667e5709e58209ce728040ddb259241
outputs/AURORA_TWETF/model_zoo_baselines/run_20260623_145728/plots/feature_importance_TAIEX_regime_fixed_20d_M6_xgboost_multiclass.png,feature_importance_TAIEX_regime_fixed_20d_M6_xgboost_multiclass.png,.png,289427,2026-06-23T14:58:28Z,cdda2fc4a087b5c053f1da0c0a4cd234b2ae8c8ae4b2535f7c8f9631f2d885f3
outputs/AURORA_TWETF/model_zoo_baselines/run_20260623_145728/plots/feature_importance_TAIEX_regime_fixed_60d_M1_logistic_regression_balanced.png,feature_importance_TAIEX_regime_fixed_60d_M1_logistic_regression_balanced.png,.png,294046,2026-06-23T14:58:39Z,fec73b937797b5ee4584e43bbd4170fc6bd042f640848752e97aebe145943131
outputs/AURORA_TWETF/model_zoo_baselines/run_20260623_145728/plots/feature_importance_TAIEX_regime_fixed_60d_M2_random_forest_balanced.png,feature_importance_TAIEX_regime_fixed_60d_M2_random_forest_balanced.png,.png,292244,2026-06-23T14:58:44Z,c24831ceda6cf3c089fa50746deba5f3d522d1e13c787defd29e74ac94d126fe
outputs/AURORA_TWETF/model_zoo_baselines/run_20260623_145728/plots/feature_importance_TAIEX_regime_fixed_60d_M3_extra_trees_balanced.png,feature_importance_TAIEX_regime_fixed_60d_M3_extra_trees_balanced.png,.png,292182,2026-06-23T14:58:49Z,c209ef1702caa6d274aacd451b7d6a55c086e2d947f6fd78f6e36fa9dfa5be1e
outputs/AURORA_TWETF/model_zoo_baselines/run_20260623_145728/plots/feature_importance_TAIEX_regime_fixed_60d_M5_lightgbm_balanced.png,feature_importance_TAIEX_regime_fixed_60d_M5_lightgbm_balanced.png,.png,289511,2026-06-23T14:59:07Z,f5cc25990f4794fe5dd7aa4cde1650a82a5d8f1739e1e1ffc68666c0ffa6e829
outputs/AURORA_TWETF/model_zoo_baselines/run_20260623_145728/plots/feature_importance_TAIEX_regime_fixed_60d_M6_xgboost_multiclass.png,feature_importance_TAIEX_regime_fixed_60d_M6_xgboost_multiclass.png,.png,285916,2026-06-23T14:59:23Z,48f9a75acb2376f74c77f6fd424b50e9b00a306d583c89816673281f9a03ab60
outputs/AURORA_TWETF/model_zoo_baselines/run_20260623_145728/plots/model_comparison_TAIEX_regime_fixed_20d_test_adjacent_accuracy_tol_1.png,model_comparison_TAIEX_regime_fixed_20d_test_adjacent_accuracy_tol_1.png,.png,103400,2026-06-23T14:59:25Z,641f25568bea884ad194297c02ceae52548bb8d89e558c1cdfa3f3f118949805
outputs/AURORA_TWETF/model_zoo_baselines/run_20260623_145728/plots/model_comparison_TAIEX_regime_fixed_20d_test_balanced_accuracy.png,model_comparison_TAIEX_regime_fixed_20d_test_balanced_accuracy.png,.png,102522,2026-06-23T14:59:25Z,2d691a0e5710ed84a8fbfd2dba214f0817eba52a457ada9d24cc78f033978401
outputs/AURORA_TWETF/model_zoo_baselines/run_20260623_145728/plots/model_comparison_TAIEX_regime_fixed_20d_test_macro_f1.png,model_comparison_TAIEX_regime_fixed_20d_test_macro_f1.png,.png,96623,2026-06-23T14:59:25Z,f2eb327ac54b3565fbb8b4edb73f3bc1863ba1bf0ce5315a78b87076d1735c39
outputs/AURORA_TWETF/model_zoo_baselines/run_20260623_145728/plots/model_comparison_TAIEX_regime_fixed_20d_test_ordinal_mae.png,model_comparison_TAIEX_regime_fixed_20d_test_ordinal_mae.png,.png,101498,2026-06-23T14:59:26Z,d56cc49131e59a4877e2c3e443a6cce7af3281ad1778e4de7e72fe38d1361e42
outputs/AURORA_TWETF/model_zoo_baselines/run_20260623_145728/plots/model_comparison_TAIEX_regime_fixed_20d_test_quadratic_weighted_kappa.png,model_comparison_TAIEX_regime_fixed_20d_test_quadratic_weighted_kappa.png,.png,107150,2026-06-23T14:59:25Z,f8bca99752f71e36976da9b73b89fb737286d98b0b516f769badbb4a951d6a5e
outputs/AURORA_TWETF/model_zoo_baselines/run_20260623_145728/plots/model_comparison_TAIEX_regime_fixed_60d_test_adjacent_accuracy_tol_1.png,model_comparison_TAIEX_regime_fixed_60d_test_adjacent_accuracy_tol_1.png,.png,103752,2026-06-23T14:59:27Z,1e4007ccab88159be3bae2b33be9e3f945034f3e13f360ac27682b54926b910f
outputs/AURORA_TWETF/model_zoo_baselines/run_20260623_145728/plots/model_comparison_TAIEX_regime_fixed_60d_test_balanced_accuracy.png,model_comparison_TAIEX_regime_fixed_60d_test_balanced_accuracy.png,.png,101042,2026-06-23T14:59:26Z,79dfca795eb286f0ea9541b10055fc3b30fdba62f43f502de0783bcfdf0f5db5
outputs/AURORA_TWETF/model_zoo_baselines/run_20260623_145728/plots/model_comparison_TAIEX_regime_fixed_60d_test_macro_f1.png,model_comparison_TAIEX_regime_fixed_60d_test_macro_f1.png,.png,97024,2026-06-23T14:59:26Z,432dc2d30d17966f329f8d38f0c111e5957b42ea968d863bf257320d8a79d148
outputs/AURORA_TWETF/model_zoo_baselines/run_20260623_145728/plots/model_comparison_TAIEX_regime_fixed_60d_test_ordinal_mae.png,model_comparison_TAIEX_regime_fixed_60d_test_ordinal_mae.png,.png,102857,2026-06-23T14:59:27Z,c460c6e213c0cb23a550a8794a398ffc6e9e2da971fe547cda2cc90d5c2c05d6
outputs/AURORA_TWETF/model_zoo_baselines/run_20260623_145728/plots/model_comparison_TAIEX_regime_fixed_60d_test_quadratic_weighted_kappa.png,model_comparison_TAIEX_regime_fixed_60d_test_quadratic_weighted_kappa.png,.png,106883,2026-06-23T14:59:26Z,e804aacab45901d70c7b6a2d351234d87ea83d448b17746e1058b553ecf78397
outputs/AURORA_TWETF/model_zoo_baselines/run_20260623_145728/predictions/predictions_TAIEX_regime_fixed_20d_M0_dummy_most_frequent.csv,predictions_TAIEX_regime_fixed_20d_M0_dummy_most_frequent.csv,.csv,157645,2026-06-23T14:57:37Z,210e3b49191e62b055c1b9a90d27fafab9f8eb92e82aa0663870dbb66149b119
outputs/AURORA_TWETF/model_zoo_baselines/run_20260623_145728/predictions/predictions_TAIEX_regime_fixed_20d_M0_dummy_most_frequent.parquet,predictions_TAIEX_regime_fixed_20d_M0_dummy_most_frequent.parquet,.parquet,21521,2026-06-23T14:57:37Z,ab3308f4dbc3519ed8e2da70e58d7ac97542ff8a37311c7f65403f817dbc4ab3
outputs/AURORA_TWETF/model_zoo_baselines/run_20260623_145728/predictions/predictions_TAIEX_regime_fixed_20d_M0_dummy_stratified.csv,predictions_TAIEX_regime_fixed_20d_M0_dummy_stratified.csv,.csv,150216,2026-06-23T14:57:39Z,2f63b090417d9cc31e3ba89e12a6c3e18ed66d6c1cf2edc2a752a9a659465b35
outputs/AURORA_TWETF/model_zoo_baselines/run_20260623_145728/predictions/predictions_TAIEX_regime_fixed_20d_M0_dummy_stratified.parquet,predictions_TAIEX_regime_fixed_20d_M0_dummy_stratified.parquet,.parquet,23066,2026-06-23T14:57:39Z,d2b50123d7f93c8fa66621e5e9cc918c0645cf095ff7376bcb4fb3d70fc52272
outputs/AURORA_TWETF/model_zoo_baselines/run_20260623_145728/predictions/predictions_TAIEX_regime_fixed_20d_M0_persistence_previous_label.csv,predictions_TAIEX_regime_fixed_20d_M0_persistence_previous_label.csv,.csv,156257,2026-06-23T14:57:41Z,137eab8493a60cfc1906fe786c3ff21cce5ce1ca5956954d0fc14f928aa57441
outputs/AURORA_TWETF/model_zoo_baselines/run_20260623_145728/predictions/predictions_TAIEX_regime_fixed_20d_M0_persistence_previous_label.parquet,predictions_TAIEX_regime_fixed_20d_M0_persistence_previous_label.parquet,.parquet,22248,2026-06-23T14:57:41Z,bdeee940c366cba9ccd1753edc211fa381aaca5a405342f2cbe1d7c311d29f12
outputs/AURORA_TWETF/model_zoo_baselines/run_20260623_145728/predictions/predictions_TAIEX_regime_fixed_20d_M1_logistic_regression_balanced.csv,predictions_TAIEX_regime_fixed_20d_M1_logistic_regression_balanced.csv,.csv,245663,2026-06-23T14:57:45Z,64953860c0d99b795ccb78748b1fc8e5764001a429adaed2a0685b4131dc75e0
outputs/AURORA_TWETF/model_zoo_baselines/run_20260623_145728/predictions/predictions_TAIEX_regime_fixed_20d_M1_logistic_regression_balanced.parquet,predictions_TAIEX_regime_fixed_20d_M1_logistic_regression_balanced.parquet,.parquet,68604,2026-06-23T14:57:45Z,82d7e640e8f8a2216da5c60de4a177e89dcebfd4bb5e48887fc7957d19782ea9
outputs/AURORA_TWETF/model_zoo_baselines/run_20260623_145728/predictions/predictions_TAIEX_regime_fixed_20d_M2_random_forest_balanced.csv,predictions_TAIEX_regime_fixed_20d_M2_random_forest_balanced.csv,.csv,228517,2026-06-23T14:57:50Z,4591ecdc6f44afa0de6c2dbfec7f0d7965b816809ac8db1670211783f0145fd9
outputs/AURORA_TWETF/model_zoo_baselines/run_20260623_145728/predictions/predictions_TAIEX_regime_fixed_20d_M2_random_forest_balanced.parquet,predictions_TAIEX_regime_fixed_20d_M2_random_forest_balanced.parquet,.parquet,68685,2026-06-23T14:57:50Z,84659e083971be41cbbc8b153827d3451cf0e2e03b72a8e1f462e951b0fe5d8a
outputs/AURORA_TWETF/model_zoo_baselines/run_20260623_145728/predictions/predictions_TAIEX_regime_fixed_20d_M3_extra_trees_balanced.csv,predictions_TAIEX_regime_fixed_20d_M3_extra_trees_balanced.csv,.csv,223581,2026-06-23T14:57:55Z,5bec9aa7010b3a714c0d72450b52b3cf80f19a1d72bbcdbea61881271a756f43
outputs/AURORA_TWETF/model_zoo_baselines/run_20260623_145728/predictions/predictions_TAIEX_regime_fixed_20d_M3_extra_trees_balanced.parquet,predictions_TAIEX_regime_fixed_20d_M3_extra_trees_balanced.parquet,.parquet,68720,2026-06-23T14:57:55Z,1804fd59b70f79540534c44649d1efebe4e8e7ca775716957b7ff843de2b5aec
outputs/AURORA_TWETF/model_zoo_baselines/run_20260623_145728/predictions/predictions_TAIEX_regime_fixed_20d_M4_hist_gradient_boosting.csv,predictions_TAIEX_regime_fixed_20d_M4_hist_gradient_boosting.csv,.csv,241295,2026-06-23T14:58:00Z,a7f76e5b4508cbabce59e24d92a2e7e26eb0ec1c8d87b58af52ca4ac0fedf985
outputs/AURORA_TWETF/model_zoo_baselines/run_20260623_145728/predictions/predictions_TAIEX_regime_fixed_20d_M4_hist_gradient_boosting.parquet,predictions_TAIEX_regime_fixed_20d_M4_hist_gradient_boosting.parquet,.parquet,68801,2026-06-23T14:58:00Z,6f7d8d8f057a9d7475ad191dc20060af58ca88e94d5fd0b14c5673b1a0d8cf14
outputs/AURORA_TWETF/model_zoo_baselines/run_20260623_145728/predictions/predictions_TAIEX_regime_fixed_20d_M5_lightgbm_balanced.csv,predictions_TAIEX_regime_fixed_20d_M5_lightgbm_balanced.csv,.csv,218724,2026-06-23T14:58:12Z,dbe1a73893c290bc6f41f67facef884a191ef1b02e197dec6c32e4ed3fd3980b
outputs/AURORA_TWETF/model_zoo_baselines/run_20260623_145728/predictions/predictions_TAIEX_regime_fixed_20d_M5_lightgbm_balanced.parquet,predictions_TAIEX_regime_fixed_20d_M5_lightgbm_balanced.parquet,.parquet,68556,2026-06-23T14:58:12Z,ce1b93954b5c45d5549bbdde5a177ff223cfd3e622cdce1f55aee880be7daf37
outputs/AURORA_TWETF/model_zoo_baselines/run_20260623_145728/predictions/predictions_TAIEX_regime_fixed_20d_M6_xgboost_multiclass.csv,predictions_TAIEX_regime_fixed_20d_M6_xgboost_multiclass.csv,.csv,216692,2026-06-23T14:58:28Z,6481f1361ec209c06b6b78565eb6df0a4c892f5d9b438c1357a7c4db36e3404b
outputs/AURORA_TWETF/model_zoo_baselines/run_20260623_145728/predictions/predictions_TAIEX_regime_fixed_20d_M6_xgboost_multiclass.parquet,predictions_TAIEX_regime_fixed_20d_M6_xgboost_multiclass.parquet,.parquet,68459,2026-06-23T14:58:28Z,4e43137b7a0f8b273e45e9cfaef9c9f78e4969d0ed5b441d8c6fce2e15fb8b7c
outputs/AURORA_TWETF/model_zoo_baselines/run_20260623_145728/predictions/predictions_TAIEX_regime_fixed_60d_M0_dummy_most_frequent.csv,predictions_TAIEX_regime_fixed_60d_M0_dummy_most_frequent.csv,.csv,157961,2026-06-23T14:58:31Z,848849422778f3d899248cda3829d6f715e199cf451ffb29a6c2b89597a2d0ac
outputs/AURORA_TWETF/model_zoo_baselines/run_20260623_145728/predictions/predictions_TAIEX_regime_fixed_60d_M0_dummy_most_frequent.parquet,predictions_TAIEX_regime_fixed_60d_M0_dummy_most_frequent.parquet,.parquet,21341,2026-06-23T14:58:31Z,1383278f8448696687985aa26aea3d3ac8275eb87bfb726f5c9faec49cd1b56f
outputs/AURORA_TWETF/model_zoo_baselines/run_20260623_145728/predictions/predictions_TAIEX_regime_fixed_60d_M0_dummy_stratified.csv,predictions_TAIEX_regime_fixed_60d_M0_dummy_stratified.csv,.csv,150313,2026-06-23T14:58:33Z,46ecb15092295ab6c2ed208498bd121b6044f55e127b2e28c5fbf1d8835bcce1
outputs/AURORA_TWETF/model_zoo_baselines/run_20260623_145728/predictions/predictions_TAIEX_regime_fixed_60d_M0_dummy_stratified.parquet,predictions_TAIEX_regime_fixed_60d_M0_dummy_stratified.parquet,.parquet,23030,2026-06-23T14:58:33Z,8f66f349f11cd66900ea0ac23015846edec578af5006b2e45be0369d96e14ae2
outputs/AURORA_TWETF/model_zoo_baselines/run_20260623_145728/predictions/predictions_TAIEX_regime_fixed_60d_M0_persistence_previous_label.csv,predictions_TAIEX_regime_fixed_60d_M0_persistence_previous_label.csv,.csv,156239,2026-06-23T14:58:35Z,f0cc971e2f74df6c62670b129178cfa415ef98822ba9612b84e360bc8704003b
outputs/AURORA_TWETF/model_zoo_baselines/run_20260623_145728/predictions/predictions_TAIEX_regime_fixed_60d_M0_persistence_previous_label.parquet,predictions_TAIEX_regime_fixed_60d_M0_persistence_previous_label.parquet,.parquet,22032,2026-06-23T14:58:35Z,97d64f490587add73a2c7432cae74ee17d88346a74fca677bbbc620be005254a
outputs/AURORA_TWETF/model_zoo_baselines/run_20260623_145728/predictions/predictions_TAIEX_regime_fixed_60d_M1_logistic_regression_balanced.csv,predictions_TAIEX_regime_fixed_60d_M1_logistic_regression_balanced.csv,.csv,245920,2026-06-23T14:58:38Z,4147197aef7d70714c79c9dbcf12b0597d2d950171069d864afae6b812ab2a49
outputs/AURORA_TWETF/model_zoo_baselines/run_20260623_145728/predictions/predictions_TAIEX_regime_fixed_60d_M1_logistic_regression_balanced.parquet,predictions_TAIEX_regime_fixed_60d_M1_logistic_regression_balanced.parquet,.parquet,68592,2026-06-23T14:58:38Z,437315bfe6c800048d495273f3824456874ee02a343cf7781242b7fada73b3ac
outputs/AURORA_TWETF/model_zoo_baselines/run_20260623_145728/predictions/predictions_TAIEX_regime_fixed_60d_M2_random_forest_balanced.csv,predictions_TAIEX_regime_fixed_60d_M2_random_forest_balanced.csv,.csv,228248,2026-06-23T14:58:44Z,5093c0ce1b5be15dac4c29940d2a45770d79a6c8f832a769d1114f8ff741f099
outputs/AURORA_TWETF/model_zoo_baselines/run_20260623_145728/predictions/predictions_TAIEX_regime_fixed_60d_M2_random_forest_balanced.parquet,predictions_TAIEX_regime_fixed_60d_M2_random_forest_balanced.parquet,.parquet,68802,2026-06-23T14:58:44Z,3b710c7060b415ae4b0dc9eb01d89e87294c28c939d7b19d7c00b4b0ff209635
outputs/AURORA_TWETF/model_zoo_baselines/run_20260623_145728/predictions/predictions_TAIEX_regime_fixed_60d_M3_extra_trees_balanced.csv,predictions_TAIEX_regime_fixed_60d_M3_extra_trees_balanced.csv,.csv,223185,2026-06-23T14:58:49Z,bbb7c7d01086478d7bb02c2c7c1b9890eb5995bc61107815844cb8983507d105
outputs/AURORA_TWETF/model_zoo_baselines/run_20260623_145728/predictions/predictions_TAIEX_regime_fixed_60d_M3_extra_trees_balanced.parquet,predictions_TAIEX_regime_fixed_60d_M3_extra_trees_balanced.parquet,.parquet,68804,2026-06-23T14:58:49Z,830fc265a392337cc4352a7f48680dc38ce16e5d8c4baa5053c8672dffc843e8
outputs/AURORA_TWETF/model_zoo_baselines/run_20260623_145728/predictions/predictions_TAIEX_regime_fixed_60d_M4_hist_gradient_boosting.csv,predictions_TAIEX_regime_fixed_60d_M4_hist_gradient_boosting.csv,.csv,241754,2026-06-23T14:58:55Z,825f5df419052b80eef8806c0426f7d81c3f205652595083b0c4f1d43b1f140c
outputs/AURORA_TWETF/model_zoo_baselines/run_20260623_145728/predictions/predictions_TAIEX_regime_fixed_60d_M4_hist_gradient_boosting.parquet,predictions_TAIEX_regime_fixed_60d_M4_hist_gradient_boosting.parquet,.parquet,68748,2026-06-23T14:58:55Z,7c57586496b29a90d45128d786abe57e8043ef25b5fcff19f723d3a67b6d813c
outputs/AURORA_TWETF/model_zoo_baselines/run_20260623_145728/predictions/predictions_TAIEX_regime_fixed_60d_M5_lightgbm_balanced.csv,predictions_TAIEX_regime_fixed_60d_M5_lightgbm_balanced.csv,.csv,218818,2026-06-23T14:59:06Z,0660c02b2bebfb8917b87c25f94b3eb5bf15d9e811437486bfab8cffbef47a66
outputs/AURORA_TWETF/model_zoo_baselines/run_20260623_145728/predictions/predictions_TAIEX_regime_fixed_60d_M5_lightgbm_balanced.parquet,predictions_TAIEX_regime_fixed_60d_M5_lightgbm_balanced.parquet,.parquet,68521,2026-06-23T14:59:06Z,b66e052d421b3f7b0e2674c2fc06fdae05b367452b4bb6231273b9b5c3a53a1e
outputs/AURORA_TWETF/model_zoo_baselines/run_20260623_145728/predictions/predictions_TAIEX_regime_fixed_60d_M6_xgboost_multiclass.csv,predictions_TAIEX_regime_fixed_60d_M6_xgboost_multiclass.csv,.csv,216674,2026-06-23T14:59:23Z,34c8050faa31ff9b685af04039eb284b179002a11232815f567d62e362b3293c
outputs/AURORA_TWETF/model_zoo_baselines/run_20260623_145728/predictions/predictions_TAIEX_regime_fixed_60d_M6_xgboost_multiclass.parquet,predictions_TAIEX_regime_fixed_60d_M6_xgboost_multiclass.parquet,.parquet,68401,2026-06-23T14:59:23Z,bdc1c0f0fa10c3fe748a222bbe6ef47dce6a35946c83d7f0f70b46eb0c1ddb8f
outputs/AURORA_TWETF/model_zoo_baselines/run_20260623_145728/predictions/predictions_all_models.csv,predictions_all_models.csv,.csv,3674880,2026-06-23T14:59:24Z,8b9f2c86eee82e53bd4ea7940fbb79eddd099329333cca0c5dc1c5e6006ee10c
outputs/AURORA_TWETF/model_zoo_baselines/run_20260623_145728/predictions/predictions_all_models.parquet,predictions_all_models.parquet,.parquet,648892,2026-06-23T14:59:24Z,1fe879d215071ba96111f315eef2511dba524360c165b283a8d9ced3ca839256
outputs/AURORA_TWETF/model_zoo_baselines/run_20260623_145728/probabilities/probabilities_TAIEX_regime_fixed_20d_M0_dummy_most_frequent.csv,probabilities_TAIEX_regime_fixed_20d_M0_dummy_most_frequent.csv,.csv,151054,2026-06-23T14:57:37Z,643200822c824a6fe417ad0b1a1d9cc298e29d0fa7fa5fa9f06a5ff973ca3d7f
outputs/AURORA_TWETF/model_zoo_baselines/run_20260623_145728/probabilities/probabilities_TAIEX_regime_fixed_20d_M0_dummy_most_frequent.parquet,probabilities_TAIEX_regime_fixed_20d_M0_dummy_most_frequent.parquet,.parquet,18371,2026-06-23T14:57:37Z,22cce4380dd82b6c09bd142a0bfb3b476a8849d0ce6adf54de1deb4c43ce28d5
outputs/AURORA_TWETF/model_zoo_baselines/run_20260623_145728/probabilities/probabilities_TAIEX_regime_fixed_20d_M0_dummy_stratified.csv,probabilities_TAIEX_regime_fixed_20d_M0_dummy_stratified.csv,.csv,143482,2026-06-23T14:57:39Z,96b3c65a5037dce9e3501c87db2770df185582f784c3b5c5ccb68fb2b7a15c4d
outputs/AURORA_TWETF/model_zoo_baselines/run_20260623_145728/probabilities/probabilities_TAIEX_regime_fixed_20d_M0_dummy_stratified.parquet,probabilities_TAIEX_regime_fixed_20d_M0_dummy_stratified.parquet,.parquet,19020,2026-06-23T14:57:39Z,6c2bae40335a217b681f078045ae377a73146e4199386815e08fa5b3fa0818b8
outputs/AURORA_TWETF/model_zoo_baselines/run_20260623_145728/probabilities/probabilities_TAIEX_regime_fixed_20d_M0_persistence_previous_label.csv,probabilities_TAIEX_regime_fixed_20d_M0_persistence_previous_label.csv,.csv,149792,2026-06-23T14:57:41Z,97dbf7ab10ac5bee3ad41f6d66cdc7e93ce3d37d51f95f6633f14e0c6d2cb8a6
outputs/AURORA_TWETF/model_zoo_baselines/run_20260623_145728/probabilities/probabilities_TAIEX_regime_fixed_20d_M0_persistence_previous_label.parquet,probabilities_TAIEX_regime_fixed_20d_M0_persistence_previous_label.parquet,.parquet,18932,2026-06-23T14:57:41Z,527485e513edce3e2072b43c544ad4da3508822ea30f9c49fb6b3c2f25589c1c
outputs/AURORA_TWETF/model_zoo_baselines/run_20260623_145728/probabilities/probabilities_TAIEX_regime_fixed_20d_M1_logistic_regression_balanced.csv,probabilities_TAIEX_regime_fixed_20d_M1_logistic_regression_balanced.csv,.csv,270150,2026-06-23T14:57:45Z,4205d0d0b7a9c87f6d3f72582b823fa79f781cdf9d18ef986cd7e3e9ece87c97
outputs/AURORA_TWETF/model_zoo_baselines/run_20260623_145728/probabilities/probabilities_TAIEX_regime_fixed_20d_M1_logistic_regression_balanced.parquet,probabilities_TAIEX_regime_fixed_20d_M1_logistic_regression_balanced.parquet,.parquet,77631,2026-06-23T14:57:45Z,de6cdf4c749c4dcc6b68c20bbacd16cedcf83623f133fad51a094ecf74da61d4
outputs/AURORA_TWETF/model_zoo_baselines/run_20260623_145728/probabilities/probabilities_TAIEX_regime_fixed_20d_M2_random_forest_balanced.csv,probabilities_TAIEX_regime_fixed_20d_M2_random_forest_balanced.csv,.csv,247147,2026-06-23T14:57:50Z,48634a7def9572c7a948d00a8dc25103fb9f4905269ec92aec14c89104e417a5
outputs/AURORA_TWETF/model_zoo_baselines/run_20260623_145728/probabilities/probabilities_TAIEX_regime_fixed_20d_M2_random_forest_balanced.parquet,probabilities_TAIEX_regime_fixed_20d_M2_random_forest_balanced.parquet,.parquet,77555,2026-06-23T14:57:50Z,d21f723772bb0f9a1bd885f7dbe98a1e9be83a6cead3fcb52caf635dd9ae0385
outputs/AURORA_TWETF/model_zoo_baselines/run_20260623_145728/probabilities/probabilities_TAIEX_regime_fixed_20d_M3_extra_trees_balanced.csv,probabilities_TAIEX_regime_fixed_20d_M3_extra_trees_balanced.csv,.csv,241581,2026-06-23T14:57:55Z,97056b63b04f8c74f228496b57fcbc471c0b471ee2e9fd1e691afdea6fe75d3d
outputs/AURORA_TWETF/model_zoo_baselines/run_20260623_145728/probabilities/probabilities_TAIEX_regime_fixed_20d_M3_extra_trees_balanced.parquet,probabilities_TAIEX_regime_fixed_20d_M3_extra_trees_balanced.parquet,.parquet,77543,2026-06-23T14:57:55Z,3ec2f38a7846fbec9430342891b61309376ee9737442ff47d26b016041ed3dc8
outputs/AURORA_TWETF/model_zoo_baselines/run_20260623_145728/probabilities/probabilities_TAIEX_regime_fixed_20d_M4_hist_gradient_boosting.csv,probabilities_TAIEX_regime_fixed_20d_M4_hist_gradient_boosting.csv,.csv,263529,2026-06-23T14:58:00Z,c5c3f291d909f26c01b80e74395dd057e583ab56858ff2e4b1f8fb0f67b9567f
outputs/AURORA_TWETF/model_zoo_baselines/run_20260623_145728/probabilities/probabilities_TAIEX_regime_fixed_20d_M4_hist_gradient_boosting.parquet,probabilities_TAIEX_regime_fixed_20d_M4_hist_gradient_boosting.parquet,.parquet,77616,2026-06-23T14:58:00Z,ea7de002ece1c246a0df2e1ef32269428c4f3bf42424c5c9a345db727e8c3cb2
outputs/AURORA_TWETF/model_zoo_baselines/run_20260623_145728/probabilities/probabilities_TAIEX_regime_fixed_20d_M5_lightgbm_balanced.csv,probabilities_TAIEX_regime_fixed_20d_M5_lightgbm_balanced.csv,.csv,242120,2026-06-23T14:58:12Z,a0a103fdb32e2b6153aea2186f97bfd31c58caa683dd055646c8baab9126fa3a
outputs/AURORA_TWETF/model_zoo_baselines/run_20260623_145728/probabilities/probabilities_TAIEX_regime_fixed_20d_M5_lightgbm_balanced.parquet,probabilities_TAIEX_regime_fixed_20d_M5_lightgbm_balanced.parquet,.parquet,77521,2026-06-23T14:58:12Z,c15ff4f43095bd22ce913650bfd867b2a3b9be0c68f8851a01fee46d47e7711c
outputs/AURORA_TWETF/model_zoo_baselines/run_20260623_145728/probabilities/probabilities_TAIEX_regime_fixed_20d_M6_xgboost_multiclass.csv,probabilities_TAIEX_regime_fixed_20d_M6_xgboost_multiclass.csv,.csv,238345,2026-06-23T14:58:28Z,e02e3fbe0cb8b93bc67b95e889d2f2d29988eb62ad05b27db991ea4b88c3e4a4
outputs/AURORA_TWETF/model_zoo_baselines/run_20260623_145728/probabilities/probabilities_TAIEX_regime_fixed_20d_M6_xgboost_multiclass.parquet,probabilities_TAIEX_regime_fixed_20d_M6_xgboost_multiclass.parquet,.parquet,77521,2026-06-23T14:58:28Z,e65735f828fd7df799058dff427543fca7cd9053c9c677f66cd2459e737e1d6c
outputs/AURORA_TWETF/model_zoo_baselines/run_20260623_145728/probabilities/probabilities_TAIEX_regime_fixed_60d_M0_dummy_most_frequent.csv,probabilities_TAIEX_regime_fixed_60d_M0_dummy_most_frequent.csv,.csv,151054,2026-06-23T14:58:31Z,29f19a5b3ed448fc32df6f70bd677082c36ef4d4ca18fd2f5549d22c890c5071
outputs/AURORA_TWETF/model_zoo_baselines/run_20260623_145728/probabilities/probabilities_TAIEX_regime_fixed_60d_M0_dummy_most_frequent.parquet,probabilities_TAIEX_regime_fixed_60d_M0_dummy_most_frequent.parquet,.parquet,18371,2026-06-23T14:58:31Z,cc8bdc663ba698ec18d965f03ad978f2ce7015fc196f732682adbe7623557eba
outputs/AURORA_TWETF/model_zoo_baselines/run_20260623_145728/probabilities/probabilities_TAIEX_regime_fixed_60d_M0_dummy_stratified.csv,probabilities_TAIEX_regime_fixed_60d_M0_dummy_stratified.csv,.csv,143482,2026-06-23T14:58:33Z,adc7d51caecfa60ed28918d428f8b856f2ef411fc0ef21c7cc749a03ef7d60e0
outputs/AURORA_TWETF/model_zoo_baselines/run_20260623_145728/probabilities/probabilities_TAIEX_regime_fixed_60d_M0_dummy_stratified.parquet,probabilities_TAIEX_regime_fixed_60d_M0_dummy_stratified.parquet,.parquet,19168,2026-06-23T14:58:33Z,df7ba2009323a92d99bde064c74d9f5bf95018b3903c92aa353521630e6ffb19
outputs/AURORA_TWETF/model_zoo_baselines/run_20260623_145728/probabilities/probabilities_TAIEX_regime_fixed_60d_M0_persistence_previous_label.csv,probabilities_TAIEX_regime_fixed_60d_M0_persistence_previous_label.csv,.csv,149792,2026-06-23T14:58:35Z,18fb3c7002d8669f2839134ffc4d055eac99a8edd709195a7e592b4ce77d1283
outputs/AURORA_TWETF/model_zoo_baselines/run_20260623_145728/probabilities/probabilities_TAIEX_regime_fixed_60d_M0_persistence_previous_label.parquet,probabilities_TAIEX_regime_fixed_60d_M0_persistence_previous_label.parquet,.parquet,18825,2026-06-23T14:58:35Z,40f7846db9994d3948e195aab6ce60f7857b3470d7d515addad3df7fbd23d44c
outputs/AURORA_TWETF/model_zoo_baselines/run_20260623_145728/probabilities/probabilities_TAIEX_regime_fixed_60d_M1_logistic_regression_balanced.csv,probabilities_TAIEX_regime_fixed_60d_M1_logistic_regression_balanced.csv,.csv,270098,2026-06-23T14:58:38Z,04f7ad93ba4819be22b41164001ec3f974ee4ccabe021b27cfcad27ec8d41b3d
outputs/AURORA_TWETF/model_zoo_baselines/run_20260623_145728/probabilities/probabilities_TAIEX_regime_fixed_60d_M1_logistic_regression_balanced.parquet,probabilities_TAIEX_regime_fixed_60d_M1_logistic_regression_balanced.parquet,.parquet,77631,2026-06-23T14:58:38Z,03832d6b19465e548af66aae99ff259120f71ddb2b6065cc8e1705d715cf400a
outputs/AURORA_TWETF/model_zoo_baselines/run_20260623_145728/probabilities/probabilities_TAIEX_regime_fixed_60d_M2_random_forest_balanced.csv,probabilities_TAIEX_regime_fixed_60d_M2_random_forest_balanced.csv,.csv,247014,2026-06-23T14:58:44Z,6b1c99ec3249d5512bd3c25c67b9cb48e8cf0c039bd1007484a06497d11753f8
outputs/AURORA_TWETF/model_zoo_baselines/run_20260623_145728/probabilities/probabilities_TAIEX_regime_fixed_60d_M2_random_forest_balanced.parquet,probabilities_TAIEX_regime_fixed_60d_M2_random_forest_balanced.parquet,.parquet,77567,2026-06-23T14:58:44Z,bb99e3e9273694f12383dd17d043d28d754354c70686dad08c5069eb3c7b0bb1
outputs/AURORA_TWETF/model_zoo_baselines/run_20260623_145728/probabilities/probabilities_TAIEX_regime_fixed_60d_M3_extra_trees_balanced.csv,probabilities_TAIEX_regime_fixed_60d_M3_extra_trees_balanced.csv,.csv,241545,2026-06-23T14:58:49Z,9bb94dab99824e455cfe86ec5920284e9b69500a6132a34d7b251b43d58afb06
outputs/AURORA_TWETF/model_zoo_baselines/run_20260623_145728/probabilities/probabilities_TAIEX_regime_fixed_60d_M3_extra_trees_balanced.parquet,probabilities_TAIEX_regime_fixed_60d_M3_extra_trees_balanced.parquet,.parquet,77547,2026-06-23T14:58:49Z,d34094fca83aaeb1cf42284f4b1302209881c43d1c33faded3766e7cf3594d5a
outputs/AURORA_TWETF/model_zoo_baselines/run_20260623_145728/probabilities/probabilities_TAIEX_regime_fixed_60d_M4_hist_gradient_boosting.csv,probabilities_TAIEX_regime_fixed_60d_M4_hist_gradient_boosting.csv,.csv,264318,2026-06-23T14:58:55Z,3d67f111d3ee76e1593427a22feebedc78b2d646facd3299f00f46a30d98a323
outputs/AURORA_TWETF/model_zoo_baselines/run_20260623_145728/probabilities/probabilities_TAIEX_regime_fixed_60d_M4_hist_gradient_boosting.parquet,probabilities_TAIEX_regime_fixed_60d_M4_hist_gradient_boosting.parquet,.parquet,77616,2026-06-23T14:58:55Z,8b6211a0cf13e2b9838eece4117bf081d84c7421c5a8bee7653e17cabaf6f457
outputs/AURORA_TWETF/model_zoo_baselines/run_20260623_145728/probabilities/probabilities_TAIEX_regime_fixed_60d_M5_lightgbm_balanced.csv,probabilities_TAIEX_regime_fixed_60d_M5_lightgbm_balanced.csv,.csv,242195,2026-06-23T14:59:07Z,e79dacb8c176e6acab355c172bea8e97711fea3ac2fd4b675ab3c6fbb55cb9ea
outputs/AURORA_TWETF/model_zoo_baselines/run_20260623_145728/probabilities/probabilities_TAIEX_regime_fixed_60d_M5_lightgbm_balanced.parquet,probabilities_TAIEX_regime_fixed_60d_M5_lightgbm_balanced.parquet,.parquet,77521,2026-06-23T14:59:07Z,689666c3f5148ace589ea5faf8439f87f427a0fab4965a2518d45f2145d60f78
outputs/AURORA_TWETF/model_zoo_baselines/run_20260623_145728/probabilities/probabilities_TAIEX_regime_fixed_60d_M6_xgboost_multiclass.csv,probabilities_TAIEX_regime_fixed_60d_M6_xgboost_multiclass.csv,.csv,237903,2026-06-23T14:59:23Z,172004826611886d5eb66f9761a647da29642901438237de5cb9f0e79cba153a
outputs/AURORA_TWETF/model_zoo_baselines/run_20260623_145728/probabilities/probabilities_TAIEX_regime_fixed_60d_M6_xgboost_multiclass.parquet,probabilities_TAIEX_regime_fixed_60d_M6_xgboost_multiclass.parquet,.parquet,77521,2026-06-23T14:59:23Z,db8c3b2d93155460b7e3f13d8849e4f3c562158391b4d51689c7168b807f4322
outputs/AURORA_TWETF/model_zoo_baselines/run_20260623_145728/probabilities/probabilities_all_models.csv,probabilities_all_models.csv,.csv,3892544,2026-06-23T14:59:24Z,84b61c922a4f6de9348674c34a598afbe86fb85f4982b1a63c96b536f1083121
outputs/AURORA_TWETF/model_zoo_baselines/run_20260623_145728/probabilities/probabilities_all_models.parquet,probabilities_all_models.parquet,.parquet,781239,2026-06-23T14:59:24Z,517ad3814ccc57465d30385d84d6ce7a2e59591cedbc18457adec1ae4458b7fa
outputs/AURORA_TWETF/model_zoo_baselines/run_20260623_145728/split_report.csv,split_report.csv,.csv,128,2026-06-23T14:57:33Z,9451aaf32552d51f0d25670fc2ce4603a42b15b7442eabb1178901a193b2db7f
outputs/AURORA_TWETF/model_zoo_baselines/run_20260623_145728/splits/row_split_assignment.csv,row_split_assignment.csv,.csv,22220,2026-06-23T14:57:33Z,6e9641fbb9f94bb2973002911ff7b05f17128b797cc9b2c2b2fa247a866a2fcf
outputs/AURORA_TWETF/model_zoo_baselines/run_20260623_145728/splits/split_indices.json,split_indices.json,.json,302,2026-06-23T14:57:33Z,187a8e40e96d3076df9b3317394afab03fd64cbb78b92fe88f50ab0edfb85af8
outputs/AURORA_TWETF/model_zoo_baselines/run_20260623_145728/target_split_distribution_TAIEX_regime_fixed_20d.csv,target_split_distribution_TAIEX_regime_fixed_20d.csv,.csv,983,2026-06-23T14:57:35Z,822f9b87c64f97b97b1ee73724ae6b8d31bbf5b33d1102da7c3ea3d423b20a0f
outputs/AURORA_TWETF/model_zoo_baselines/run_20260623_145728/target_split_distribution_TAIEX_regime_fixed_60d.csv,target_split_distribution_TAIEX_regime_fixed_60d.csv,.csv,951,2026-06-23T14:58:29Z,1b2c0045afba1d66b1615776bc266665134bdb080d1abda63e1d2c5f5cfac7f5
outputs/AURORA_TWETF/ordinal_imbalance_uncertainty/run_20260623_151920/AURORA_04_ordinal_uncertainty_file_manifest_SHA256.csv,AURORA_04_ordinal_uncertainty_file_manifest_SHA256.csv,.csv,128907,2026-06-23T15:23:10Z,f08b7ff5e569a14e70328b6530452cd6da9e0f96c08ff595e7e402ffe71efa22
outputs/AURORA_TWETF/ordinal_imbalance_uncertainty/run_20260623_151920/AURORA_04_ordinal_uncertainty_validation_report.json,AURORA_04_ordinal_uncertainty_validation_report.json,.json,23845,2026-06-23T15:23:07Z,acc8564982490e910dae594ba50fd7e92ba4148dcd1cdb62293d0fa4a41cf113
outputs/AURORA_TWETF/ordinal_imbalance_uncertainty/run_20260623_151920/allocation_inputs/allocation_regime_predictions_TAIEX_regime_fixed_20d_C4_calibrated_xgb_multiclass.csv,allocation_regime_predictions_TAIEX_regime_fixed_20d_C4_calibrated_xgb_multiclass.csv,.csv,355210,2026-06-23T15:23:07Z,f5723d557831245336aa5df8e1e404f74626b3d5697d63483a24660ea8c2cd0d
outputs/AURORA_TWETF/ordinal_imbalance_uncertainty/run_20260623_151920/allocation_inputs/allocation_regime_predictions_TAIEX_regime_fixed_20d_C4_calibrated_xgb_multiclass.parquet,allocation_regime_predictions_TAIEX_regime_fixed_20d_C4_calibrated_xgb_multiclass.parquet,.parquet,120599,2026-06-23T15:23:06Z,0e61300ab8541f67921573483bd5d8821a11339d0a27e775ae3919110d7cc834
outputs/AURORA_TWETF/ordinal_imbalance_uncertainty/run_20260623_151920/allocation_inputs/allocation_regime_predictions_TAIEX_regime_fixed_60d_O4_cumulative_lgbm_balanced.csv,allocation_regime_predictions_TAIEX_regime_fixed_60d_O4_cumulative_lgbm_balanced.csv,.csv,347728,2026-06-23T15:23:07Z,ce0441b096b759f64b3a7f334d84fbe61ca0b33832a497d2320f905a7417c8ea
outputs/AURORA_TWETF/ordinal_imbalance_uncertainty/run_20260623_151920/allocation_inputs/allocation_regime_predictions_TAIEX_regime_fixed_60d_O4_cumulative_lgbm_balanced.parquet,allocation_regime_predictions_TAIEX_regime_fixed_60d_O4_cumulative_lgbm_balanced.parquet,.parquet,120558,2026-06-23T15:23:07Z,dd741fef7470d2051bfb532764e4e283808235aa361af9a5a52da2d528b1039c
outputs/AURORA_TWETF/ordinal_imbalance_uncertainty/run_20260623_151920/allocation_inputs/allocation_regime_predictions_TEST_TAIEX_regime_fixed_20d_C4_calibrated_xgb_multiclass.csv,allocation_regime_predictions_TEST_TAIEX_regime_fixed_20d_C4_calibrated_xgb_multiclass.csv,.csv,53393,2026-06-23T15:23:07Z,0a782e103f50330d70c6851f8095fa1e5038d2ebfbcd5e530644a6420f2b6ad7
outputs/AURORA_TWETF/ordinal_imbalance_uncertainty/run_20260623_151920/allocation_inputs/allocation_regime_predictions_TEST_TAIEX_regime_fixed_20d_C4_calibrated_xgb_multiclass.parquet,allocation_regime_predictions_TEST_TAIEX_regime_fixed_20d_C4_calibrated_xgb_multiclass.parquet,.parquet,28942,2026-06-23T15:23:07Z,e2e4fa6d6ee508c3e28ae39dda0a473cf0df8fbb591d966ea7162417cf16d98a
outputs/AURORA_TWETF/ordinal_imbalance_uncertainty/run_20260623_151920/allocation_inputs/allocation_regime_predictions_TEST_TAIEX_regime_fixed_60d_O4_cumulative_lgbm_balanced.csv,allocation_regime_predictions_TEST_TAIEX_regime_fixed_60d_O4_cumulative_lgbm_balanced.csv,.csv,52282,2026-06-23T15:23:07Z,9feb5e427cfdc62941626603c5ee69bfcd8420833a6d4b3067c107495e66a2a4
outputs/AURORA_TWETF/ordinal_imbalance_uncertainty/run_20260623_151920/allocation_inputs/allocation_regime_predictions_TEST_TAIEX_regime_fixed_60d_O4_cumulative_lgbm_balanced.parquet,allocation_regime_predictions_TEST_TAIEX_regime_fixed_60d_O4_cumulative_lgbm_balanced.parquet,.parquet,28913,2026-06-23T15:23:07Z,22b72920e3f2f3a20309e5802b215793ac17b42cceb1d03e7e44db3abbd42403
outputs/AURORA_TWETF/ordinal_imbalance_uncertainty/run_20260623_151920/allocation_inputs/allocation_regime_probabilities_TAIEX_regime_fixed_20d_C4_calibrated_xgb_multiclass.csv,allocation_regime_probabilities_TAIEX_regime_fixed_20d_C4_calibrated_xgb_multiclass.csv,.csv,270775,2026-06-23T15:23:06Z,5948171e8e6770b7d2f871163ce29b0483fe37b9673636e6c5de8ecdbc313299
outputs/AURORA_TWETF/ordinal_imbalance_uncertainty/run_20260623_151920/allocation_inputs/allocation_regime_probabilities_TAIEX_regime_fixed_20d_C4_calibrated_xgb_multiclass.parquet,allocation_regime_probabilities_TAIEX_regime_fixed_20d_C4_calibrated_xgb_multiclass.parquet,.parquet,78152,2026-06-23T15:23:06Z,2e415248bab3e3a3c0618d0653089e5423fd426e07b6bc7a8753927f61592974
outputs/AURORA_TWETF/ordinal_imbalance_uncertainty/run_20260623_151920/allocation_inputs/allocation_regime_probabilities_TAIEX_regime_fixed_60d_O4_cumulative_lgbm_balanced.csv,allocation_regime_probabilities_TAIEX_regime_fixed_60d_O4_cumulative_lgbm_balanced.csv,.csv,263251,2026-06-23T15:23:07Z,01d47fa8072d9b8689550f65016111f64b59b33ee3fc6d6a39c21376c098a604
outputs/AURORA_TWETF/ordinal_imbalance_uncertainty/run_20260623_151920/allocation_inputs/allocation_regime_probabilities_TAIEX_regime_fixed_60d_O4_cumulative_lgbm_balanced.parquet,allocation_regime_probabilities_TAIEX_regime_fixed_60d_O4_cumulative_lgbm_balanced.parquet,.parquet,78122,2026-06-23T15:23:07Z,eb0bf767dac4964ab85a3d3b012cf8c58dbab3c4d1257e22b43528a6cef2bb9a
outputs/AURORA_TWETF/ordinal_imbalance_uncertainty/run_20260623_151920/allocation_inputs/allocation_regime_probabilities_TEST_TAIEX_regime_fixed_20d_C4_calibrated_xgb_multiclass.csv,allocation_regime_probabilities_TEST_TAIEX_regime_fixed_20d_C4_calibrated_xgb_multiclass.csv,.csv,40558,2026-06-23T15:23:07Z,29c291af4b3836c82df5fe8b313178e7e007bd8c36e95cb1b7a5874135e50301
outputs/AURORA_TWETF/ordinal_imbalance_uncertainty/run_20260623_151920/allocation_inputs/allocation_regime_probabilities_TEST_TAIEX_regime_fixed_20d_C4_calibrated_xgb_multiclass.parquet,allocation_regime_probabilities_TEST_TAIEX_regime_fixed_20d_C4_calibrated_xgb_multiclass.parquet,.parquet,18016,2026-06-23T15:23:07Z,e3dfdfac992989e7e132d4abdfa41c181ac653f803733ed9f96faab73f54edb0
outputs/AURORA_TWETF/ordinal_imbalance_uncertainty/run_20260623_151920/allocation_inputs/allocation_regime_probabilities_TEST_TAIEX_regime_fixed_60d_O4_cumulative_lgbm_balanced.csv,allocation_regime_probabilities_TEST_TAIEX_regime_fixed_60d_O4_cumulative_lgbm_balanced.csv,.csv,39337,2026-06-23T15:23:07Z,ea796ddc34c82f6854460257d014a4c5e33568cbe2c97d1a48dd9660ff2642a1
outputs/AURORA_TWETF/ordinal_imbalance_uncertainty/run_20260623_151920/allocation_inputs/allocation_regime_probabilities_TEST_TAIEX_regime_fixed_60d_O4_cumulative_lgbm_balanced.parquet,allocation_regime_probabilities_TEST_TAIEX_regime_fixed_60d_O4_cumulative_lgbm_balanced.parquet,.parquet,17986,2026-06-23T15:23:07Z,5c209095c5d54d4c89246cffaa465b2991167d9340d03a0cb22d81d8eff57b09
outputs/AURORA_TWETF/ordinal_imbalance_uncertainty/run_20260623_151920/allocation_inputs/selected_models_for_allocation.csv,selected_models_for_allocation.csv,.csv,528,2026-06-23T15:23:07Z,45af9fbab1dcd233ce006a591ddfcd8ef9a7ff03047bcd4b8283ee508c4776d5
outputs/AURORA_TWETF/ordinal_imbalance_uncertainty/run_20260623_151920/allocation_inputs_adjusted_before_05/NOTEBOOK05_INPUT_INDEX.csv,NOTEBOOK05_INPUT_INDEX.csv,.csv,13279,2026-06-23T15:56:06Z,5a4cab43134c36cb80ed0ea86542618e1c3d1294e26b53ff096e141179e6d7c5
outputs/AURORA_TWETF/ordinal_imbalance_uncertainty/run_20260623_151920/allocation_inputs_adjusted_before_05/policy/P6_custom_robust_60d_weighted_ensemble_weights.csv,P6_custom_robust_60d_weighted_ensemble_weights.csv,.csv,333,2026-06-23T15:56:06Z,9d0e8b981dbf67e1591e188502385c9bfce5596dd11c6f65cfa75f14097d3cac
outputs/AURORA_TWETF/ordinal_imbalance_uncertainty/run_20260623_151920/allocation_inputs_adjusted_before_05/policy/adjusted_export_manifest_before_05.csv,adjusted_export_manifest_before_05.csv,.csv,12145,2026-06-23T15:56:06Z,b8aa6b65e488a25f7628abe75f5b9127b33964e9922d15426f47696acb85d999
outputs/AURORA_TWETF/ordinal_imbalance_uncertainty/run_20260623_151920/allocation_inputs_adjusted_before_05/policy/adjusted_model_comparison_before_05.csv,adjusted_model_comparison_before_05.csv,.csv,6651,2026-06-23T15:56:06Z,e4fba7679a19b477d4d3691bf780459f6e6ffdb5cb2b7b6733d159deb046ff6e
outputs/AURORA_TWETF/ordinal_imbalance_uncertainty/run_20260623_151920/allocation_inputs_adjusted_before_05/policy/adjusted_model_selection_policy_before_05.csv,adjusted_model_selection_policy_before_05.csv,.csv,1594,2026-06-23T15:56:12Z,0c00fe16e619ca368f605c24587e090f166fd7d1dc211fd001f572c77342e0f4
outputs/AURORA_TWETF/ordinal_imbalance_uncertainty/run_20260623_151920/allocation_inputs_adjusted_before_05/predictions/P1_validation_selected__primary_20d__TAIEX_regime_fixed_20d__C4_calibrated_xgb_multiclass_predictions.csv,P1_validation_selected__primary_20d__TAIEX_regime_fixed_20d__C4_calibrated_xgb_multiclass_predictions.csv,.csv,355210,2026-06-23T15:55:55Z,f5723d557831245336aa5df8e1e404f74626b3d5697d63483a24660ea8c2cd0d
outputs/AURORA_TWETF/ordinal_imbalance_uncertainty/run_20260623_151920/allocation_inputs_adjusted_before_05/predictions/P1_validation_selected__primary_20d__TAIEX_regime_fixed_20d__C4_calibrated_xgb_multiclass_predictions.parquet,P1_validation_selected__primary_20d__TAIEX_regime_fixed_20d__C4_calibrated_xgb_multiclass_predictions.parquet,.parquet,120599,2026-06-23T15:55:55Z,0e61300ab8541f67921573483bd5d8821a11339d0a27e775ae3919110d7cc834
outputs/AURORA_TWETF/ordinal_imbalance_uncertainty/run_20260623_151920/allocation_inputs_adjusted_before_05/predictions/P1_validation_selected__primary_60d__TAIEX_regime_fixed_60d__O4_cumulative_lgbm_balanced_predictions.csv,P1_validation_selected__primary_60d__TAIEX_regime_fixed_60d__O4_cumulative_lgbm_balanced_predictions.csv,.csv,347728,2026-06-23T15:55:57Z,ce0441b096b759f64b3a7f334d84fbe61ca0b33832a497d2320f905a7417c8ea
outputs/AURORA_TWETF/ordinal_imbalance_uncertainty/run_20260623_151920/allocation_inputs_adjusted_before_05/predictions/P1_validation_selected__primary_60d__TAIEX_regime_fixed_60d__O4_cumulative_lgbm_balanced_predictions.parquet,P1_validation_selected__primary_60d__TAIEX_regime_fixed_60d__O4_cumulative_lgbm_balanced_predictions.parquet,.parquet,120558,2026-06-23T15:55:57Z,dd741fef7470d2051bfb532764e4e283808235aa361af9a5a52da2d528b1039c
outputs/AURORA_TWETF/ordinal_imbalance_uncertainty/run_20260623_151920/allocation_inputs_adjusted_before_05/predictions/P2_test_robust_reference__primary_20d__TAIEX_regime_fixed_20d__C4_calibrated_xgb_multiclass_predictions.csv,P2_test_robust_reference__primary_20d__TAIEX_regime_fixed_20d__C4_calibrated_xgb_multiclass_predictions.csv,.csv,355210,2026-06-23T15:55:57Z,f5723d557831245336aa5df8e1e404f74626b3d5697d63483a24660ea8c2cd0d
outputs/AURORA_TWETF/ordinal_imbalance_uncertainty/run_20260623_151920/allocation_inputs_adjusted_before_05/predictions/P2_test_robust_reference__primary_20d__TAIEX_regime_fixed_20d__C4_calibrated_xgb_multiclass_predictions.parquet,P2_test_robust_reference__primary_20d__TAIEX_regime_fixed_20d__C4_calibrated_xgb_multiclass_predictions.parquet,.parquet,120599,2026-06-23T15:55:57Z,0e61300ab8541f67921573483bd5d8821a11339d0a27e775ae3919110d7cc834
outputs/AURORA_TWETF/ordinal_imbalance_uncertainty/run_20260623_151920/allocation_inputs_adjusted_before_05/predictions/P2_test_robust_reference__primary_60d__TAIEX_regime_fixed_60d__R1_ridge_regression_to_ordinal_predictions.csv,P2_test_robust_reference__primary_60d__TAIEX_regime_fixed_60d__R1_ridge_regression_to_ordinal_predictions.csv,.csv,355288,2026-06-23T15:55:59Z,d5790cfe52ebc0b3bd1628fcec35de533ce95a2c1fadb7c6aba39bb334bcdd64
outputs/AURORA_TWETF/ordinal_imbalance_uncertainty/run_20260623_151920/allocation_inputs_adjusted_before_05/predictions/P2_test_robust_reference__primary_60d__TAIEX_regime_fixed_60d__R1_ridge_regression_to_ordinal_predictions.parquet,P2_test_robust_reference__primary_60d__TAIEX_regime_fixed_60d__R1_ridge_regression_to_ordinal_predictions.parquet,.parquet,107862,2026-06-23T15:55:59Z,8cba77a55047911f7a075b0e86e3bdcf19ffd44ab1b030665ac74ee84523702c
outputs/AURORA_TWETF/ordinal_imbalance_uncertainty/run_20260623_151920/allocation_inputs_adjusted_before_05/predictions/P3_conservative_ordinal_60d__primary_20d__TAIEX_regime_fixed_20d__C4_calibrated_xgb_multiclass_predictions.csv,P3_conservative_ordinal_60d__primary_20d__TAIEX_regime_fixed_20d__C4_calibrated_xgb_multiclass_predictions.csv,.csv,355210,2026-06-23T15:55:59Z,f5723d557831245336aa5df8e1e404f74626b3d5697d63483a24660ea8c2cd0d
outputs/AURORA_TWETF/ordinal_imbalance_uncertainty/run_20260623_151920/allocation_inputs_adjusted_before_05/predictions/P3_conservative_ordinal_60d__primary_20d__TAIEX_regime_fixed_20d__C4_calibrated_xgb_multiclass_predictions.parquet,P3_conservative_ordinal_60d__primary_20d__TAIEX_regime_fixed_20d__C4_calibrated_xgb_multiclass_predictions.parquet,.parquet,120599,2026-06-23T15:55:59Z,0e61300ab8541f67921573483bd5d8821a11339d0a27e775ae3919110d7cc834
outputs/AURORA_TWETF/ordinal_imbalance_uncertainty/run_20260623_151920/allocation_inputs_adjusted_before_05/predictions/P3_conservative_ordinal_60d__primary_60d__TAIEX_regime_fixed_60d__O1_cumulative_logit_balanced_predictions.csv,P3_conservative_ordinal_60d__primary_60d__TAIEX_regime_fixed_60d__O1_cumulative_logit_balanced_predictions.csv,.csv,362012,2026-06-23T15:56:01Z,eb971f2d0f290f3d263620c76d5248423f914d23e025e70b1795ba94ad781b09
outputs/AURORA_TWETF/ordinal_imbalance_uncertainty/run_20260623_151920/allocation_inputs_adjusted_before_05/predictions/P3_conservative_ordinal_60d__primary_60d__TAIEX_regime_fixed_60d__O1_cumulative_logit_balanced_predictions.parquet,P3_conservative_ordinal_60d__primary_60d__TAIEX_regime_fixed_60d__O1_cumulative_logit_balanced_predictions.parquet,.parquet,120340,2026-06-23T15:56:01Z,33d5cd46872a777d75f4e9c5f121c6c98cfe89e2a49f14dcf6083e735abc569b
outputs/AURORA_TWETF/ordinal_imbalance_uncertainty/run_20260623_151920/allocation_inputs_adjusted_before_05/predictions/P4_calibrated_linear_60d__primary_20d__TAIEX_regime_fixed_20d__C4_calibrated_xgb_multiclass_predictions.csv,P4_calibrated_linear_60d__primary_20d__TAIEX_regime_fixed_20d__C4_calibrated_xgb_multiclass_predictions.csv,.csv,355210,2026-06-23T15:56:01Z,f5723d557831245336aa5df8e1e404f74626b3d5697d63483a24660ea8c2cd0d
outputs/AURORA_TWETF/ordinal_imbalance_uncertainty/run_20260623_151920/allocation_inputs_adjusted_before_05/predictions/P4_calibrated_linear_60d__primary_20d__TAIEX_regime_fixed_20d__C4_calibrated_xgb_multiclass_predictions.parquet,P4_calibrated_linear_60d__primary_20d__TAIEX_regime_fixed_20d__C4_calibrated_xgb_multiclass_predictions.parquet,.parquet,120599,2026-06-23T15:56:01Z,0e61300ab8541f67921573483bd5d8821a11339d0a27e775ae3919110d7cc834
outputs/AURORA_TWETF/ordinal_imbalance_uncertainty/run_20260623_151920/allocation_inputs_adjusted_before_05/predictions/P4_calibrated_linear_60d__primary_60d__TAIEX_regime_fixed_60d__C1_calibrated_logistic_balanced_predictions.csv,P4_calibrated_linear_60d__primary_60d__TAIEX_regime_fixed_60d__C1_calibrated_logistic_balanced_predictions.csv,.csv,373508,2026-06-23T15:56:03Z,a9cbdfffdd9cc35c79994537e11f1ace9625b74684ae9a352a12e9f1a05e80fe
outputs/AURORA_TWETF/ordinal_imbalance_uncertainty/run_20260623_151920/allocation_inputs_adjusted_before_05/predictions/P4_calibrated_linear_60d__primary_60d__TAIEX_regime_fixed_60d__C1_calibrated_logistic_balanced_predictions.parquet,P4_calibrated_linear_60d__primary_60d__TAIEX_regime_fixed_60d__C1_calibrated_logistic_balanced_predictions.parquet,.parquet,120384,2026-06-23T15:56:03Z,b09f7373e5d25fb7637bdd81e7dfefc767ec21845016ece7fdbd9f14745a4e00
outputs/AURORA_TWETF/ordinal_imbalance_uncertainty/run_20260623_151920/allocation_inputs_adjusted_before_05/predictions/P5_notebook04_probability_ensemble__primary_20d__TAIEX_regime_fixed_20d__E1_valid_model_probability_ensemble_predictions.csv,P5_notebook04_probability_ensemble__primary_20d__TAIEX_regime_fixed_20d__E1_valid_model_probability_ensemble_predictions.csv,.csv,364351,2026-06-23T15:56:04Z,5160127ca91f6c018693ebc0bb045eea01fb710afefcc73963fbc66a43b1b3d3
outputs/AURORA_TWETF/ordinal_imbalance_uncertainty/run_20260623_151920/allocation_inputs_adjusted_before_05/predictions/P5_notebook04_probability_ensemble__primary_20d__TAIEX_regime_fixed_20d__E1_valid_model_probability_ensemble_predictions.parquet,P5_notebook04_probability_ensemble__primary_20d__TAIEX_regime_fixed_20d__E1_valid_model_probability_ensemble_predictions.parquet,.parquet,120507,2026-06-23T15:56:04Z,63a9b16ae049b3568d2887bc2800e57af618468f9a3bf4dd9fadb1b529e33728
outputs/AURORA_TWETF/ordinal_imbalance_uncertainty/run_20260623_151920/allocation_inputs_adjusted_before_05/predictions/P5_notebook04_probability_ensemble__primary_60d__TAIEX_regime_fixed_60d__E1_valid_model_probability_ensemble_predictions.csv,P5_notebook04_probability_ensemble__primary_60d__TAIEX_regime_fixed_60d__E1_valid_model_probability_ensemble_predictions.csv,.csv,364522,2026-06-23T15:56:06Z,4dbbe25ec69009e7f6b4bd501e3e82fb26ab00cb530d880389e3b874f70d28f1
outputs/AURORA_TWETF/ordinal_imbalance_uncertainty/run_20260623_151920/allocation_inputs_adjusted_before_05/predictions/P5_notebook04_probability_ensemble__primary_60d__TAIEX_regime_fixed_60d__E1_valid_model_probability_ensemble_predictions.parquet,P5_notebook04_probability_ensemble__primary_60d__TAIEX_regime_fixed_60d__E1_valid_model_probability_ensemble_predictions.parquet,.parquet,120388,2026-06-23T15:56:06Z,44127bba14761f4052775cff5ec6d6931c031069133863bba295a2c739747b66
outputs/AURORA_TWETF/ordinal_imbalance_uncertainty/run_20260623_151920/allocation_inputs_adjusted_before_05/predictions/P6_custom_robust_60d_weighted_ensemble__TAIEX_regime_fixed_60d__predictions.csv,P6_custom_robust_60d_weighted_ensemble__TAIEX_regime_fixed_60d__predictions.csv,.csv,342852,2026-06-23T15:56:06Z,dea91ac05c7bd693f26da52c0c5be3843d8a65f791fa7d26e59d6b7978083407
outputs/AURORA_TWETF/ordinal_imbalance_uncertainty/run_20260623_151920/allocation_inputs_adjusted_before_05/predictions/P6_custom_robust_60d_weighted_ensemble__TAIEX_regime_fixed_60d__predictions.parquet,P6_custom_robust_60d_weighted_ensemble__TAIEX_regime_fixed_60d__predictions.parquet,.parquet,104132,2026-06-23T15:56:06Z,7a8eb6a0ccd4163ffcfb3e8bc69b0350b813a2769ef317c5d11872ff85850c2e
outputs/AURORA_TWETF/ordinal_imbalance_uncertainty/run_20260623_151920/allocation_inputs_adjusted_before_05/probabilities/P1_validation_selected__primary_20d__TAIEX_regime_fixed_20d__C4_calibrated_xgb_multiclass_probabilities.csv,P1_validation_selected__primary_20d__TAIEX_regime_fixed_20d__C4_calibrated_xgb_multiclass_probabilities.csv,.csv,270802,2026-06-23T15:55:55Z,ab608f84c1213aebf06b5ac8a625a92ba7851e0d38e96bcf8916e6b1e854c473
outputs/AURORA_TWETF/ordinal_imbalance_uncertainty/run_20260623_151920/allocation_inputs_adjusted_before_05/probabilities/P1_validation_selected__primary_20d__TAIEX_regime_fixed_20d__C4_calibrated_xgb_multiclass_probabilities.parquet,P1_validation_selected__primary_20d__TAIEX_regime_fixed_20d__C4_calibrated_xgb_multiclass_probabilities.parquet,.parquet,78152,2026-06-23T15:55:55Z,b1392f04275c835391182e663fb67b0b984500f9c297878f7f55c36af66ce012
outputs/AURORA_TWETF/ordinal_imbalance_uncertainty/run_20260623_151920/allocation_inputs_adjusted_before_05/probabilities/P1_validation_selected__primary_60d__TAIEX_regime_fixed_60d__O4_cumulative_lgbm_balanced_probabilities.csv,P1_validation_selected__primary_60d__TAIEX_regime_fixed_60d__O4_cumulative_lgbm_balanced_probabilities.csv,.csv,263282,2026-06-23T15:55:57Z,62b88bacee0cb607b437861f09d5084e72b07bd1ee25c9d074c3cd744f16e035
outputs/AURORA_TWETF/ordinal_imbalance_uncertainty/run_20260623_151920/allocation_inputs_adjusted_before_05/probabilities/P1_validation_selected__primary_60d__TAIEX_regime_fixed_60d__O4_cumulative_lgbm_balanced_probabilities.parquet,P1_validation_selected__primary_60d__TAIEX_regime_fixed_60d__O4_cumulative_lgbm_balanced_probabilities.parquet,.parquet,78122,2026-06-23T15:55:57Z,daef42f9630732b27d15ee0a37eef521c766c02344619b2af6dc9513b1840a2c
outputs/AURORA_TWETF/ordinal_imbalance_uncertainty/run_20260623_151920/allocation_inputs_adjusted_before_05/probabilities/P2_test_robust_reference__primary_20d__TAIEX_regime_fixed_20d__C4_calibrated_xgb_multiclass_probabilities.csv,P2_test_robust_reference__primary_20d__TAIEX_regime_fixed_20d__C4_calibrated_xgb_multiclass_probabilities.csv,.csv,270802,2026-06-23T15:55:57Z,ab608f84c1213aebf06b5ac8a625a92ba7851e0d38e96bcf8916e6b1e854c473
outputs/AURORA_TWETF/ordinal_imbalance_uncertainty/run_20260623_151920/allocation_inputs_adjusted_before_05/probabilities/P2_test_robust_reference__primary_20d__TAIEX_regime_fixed_20d__C4_calibrated_xgb_multiclass_probabilities.parquet,P2_test_robust_reference__primary_20d__TAIEX_regime_fixed_20d__C4_calibrated_xgb_multiclass_probabilities.parquet,.parquet,78152,2026-06-23T15:55:57Z,b1392f04275c835391182e663fb67b0b984500f9c297878f7f55c36af66ce012
outputs/AURORA_TWETF/ordinal_imbalance_uncertainty/run_20260623_151920/allocation_inputs_adjusted_before_05/probabilities/P2_test_robust_reference__primary_60d__TAIEX_regime_fixed_60d__R1_ridge_regression_to_ordinal_probabilities.csv,P2_test_robust_reference__primary_60d__TAIEX_regime_fixed_60d__R1_ridge_regression_to_ordinal_probabilities.csv,.csv,270819,2026-06-23T15:55:59Z,eb46fd889e0428093cbe00b7bb492b4864341eb18ab7838d6e067114eacf608a
outputs/AURORA_TWETF/ordinal_imbalance_uncertainty/run_20260623_151920/allocation_inputs_adjusted_before_05/probabilities/P2_test_robust_reference__primary_60d__TAIEX_regime_fixed_60d__R1_ridge_regression_to_ordinal_probabilities.parquet,P2_test_robust_reference__primary_60d__TAIEX_regime_fixed_60d__R1_ridge_regression_to_ordinal_probabilities.parquet,.parquet,70034,2026-06-23T15:55:59Z,be4f6cb75c953c581579a156506eddebc23b6a1ad96ef554bdeb45c43ef6f41d
outputs/AURORA_TWETF/ordinal_imbalance_uncertainty/run_20260623_151920/allocation_inputs_adjusted_before_05/probabilities/P3_conservative_ordinal_60d__primary_20d__TAIEX_regime_fixed_20d__C4_calibrated_xgb_multiclass_probabilities.csv,P3_conservative_ordinal_60d__primary_20d__TAIEX_regime_fixed_20d__C4_calibrated_xgb_multiclass_probabilities.csv,.csv,270802,2026-06-23T15:55:59Z,ab608f84c1213aebf06b5ac8a625a92ba7851e0d38e96bcf8916e6b1e854c473
outputs/AURORA_TWETF/ordinal_imbalance_uncertainty/run_20260623_151920/allocation_inputs_adjusted_before_05/probabilities/P3_conservative_ordinal_60d__primary_20d__TAIEX_regime_fixed_20d__C4_calibrated_xgb_multiclass_probabilities.parquet,P3_conservative_ordinal_60d__primary_20d__TAIEX_regime_fixed_20d__C4_calibrated_xgb_multiclass_probabilities.parquet,.parquet,78152,2026-06-23T15:55:59Z,b1392f04275c835391182e663fb67b0b984500f9c297878f7f55c36af66ce012
outputs/AURORA_TWETF/ordinal_imbalance_uncertainty/run_20260623_151920/allocation_inputs_adjusted_before_05/probabilities/P3_conservative_ordinal_60d__primary_60d__TAIEX_regime_fixed_60d__O1_cumulative_logit_balanced_probabilities.csv,P3_conservative_ordinal_60d__primary_60d__TAIEX_regime_fixed_60d__O1_cumulative_logit_balanced_probabilities.csv,.csv,279462,2026-06-23T15:56:01Z,ad9eacd38af27d11201fc12cfe14e73f8b5de9e6869d692cdc0e3918df9b26ee
outputs/AURORA_TWETF/ordinal_imbalance_uncertainty/run_20260623_151920/allocation_inputs_adjusted_before_05/probabilities/P3_conservative_ordinal_60d__primary_60d__TAIEX_regime_fixed_60d__O1_cumulative_logit_balanced_probabilities.parquet,P3_conservative_ordinal_60d__primary_60d__TAIEX_regime_fixed_60d__O1_cumulative_logit_balanced_probabilities.parquet,.parquet,78046,2026-06-23T15:56:01Z,24d5cc83a930020f4a2f150c32d31c5f8c4a97e79d03c79d9c716c1490fbee97
outputs/AURORA_TWETF/ordinal_imbalance_uncertainty/run_20260623_151920/allocation_inputs_adjusted_before_05/probabilities/P4_calibrated_linear_60d__primary_20d__TAIEX_regime_fixed_20d__C4_calibrated_xgb_multiclass_probabilities.csv,P4_calibrated_linear_60d__primary_20d__TAIEX_regime_fixed_20d__C4_calibrated_xgb_multiclass_probabilities.csv,.csv,270802,2026-06-23T15:56:01Z,ab608f84c1213aebf06b5ac8a625a92ba7851e0d38e96bcf8916e6b1e854c473
outputs/AURORA_TWETF/ordinal_imbalance_uncertainty/run_20260623_151920/allocation_inputs_adjusted_before_05/probabilities/P4_calibrated_linear_60d__primary_20d__TAIEX_regime_fixed_20d__C4_calibrated_xgb_multiclass_probabilities.parquet,P4_calibrated_linear_60d__primary_20d__TAIEX_regime_fixed_20d__C4_calibrated_xgb_multiclass_probabilities.parquet,.parquet,78152,2026-06-23T15:56:01Z,b1392f04275c835391182e663fb67b0b984500f9c297878f7f55c36af66ce012
outputs/AURORA_TWETF/ordinal_imbalance_uncertainty/run_20260623_151920/allocation_inputs_adjusted_before_05/probabilities/P4_calibrated_linear_60d__primary_60d__TAIEX_regime_fixed_60d__C1_calibrated_logistic_balanced_probabilities.csv,P4_calibrated_linear_60d__primary_60d__TAIEX_regime_fixed_60d__C1_calibrated_logistic_balanced_probabilities.csv,.csv,289676,2026-06-23T15:56:03Z,ac6499362387836cf2a669fb75c4f6071b08ec63e9ca1d7b76095fe3d15048e9
outputs/AURORA_TWETF/ordinal_imbalance_uncertainty/run_20260623_151920/allocation_inputs_adjusted_before_05/probabilities/P4_calibrated_linear_60d__primary_60d__TAIEX_regime_fixed_60d__C1_calibrated_logistic_balanced_probabilities.parquet,P4_calibrated_linear_60d__primary_60d__TAIEX_regime_fixed_60d__C1_calibrated_logistic_balanced_probabilities.parquet,.parquet,78163,2026-06-23T15:56:03Z,6ca27173d6c20729d2e76bbfcb5495151d605f769e31eda063d6b3ab50b8ad88
outputs/AURORA_TWETF/ordinal_imbalance_uncertainty/run_20260623_151920/allocation_inputs_adjusted_before_05/probabilities/P5_notebook04_probability_ensemble__primary_20d__TAIEX_regime_fixed_20d__E1_valid_model_probability_ensemble_probabilities.csv,P5_notebook04_probability_ensemble__primary_20d__TAIEX_regime_fixed_20d__E1_valid_model_probability_ensemble_probabilities.csv,.csv,279014,2026-06-23T15:56:04Z,480b4c7cbd2c8c6c71fc82a29486452347847c0210fb5a19aae2011712d69412
outputs/AURORA_TWETF/ordinal_imbalance_uncertainty/run_20260623_151920/allocation_inputs_adjusted_before_05/probabilities/P5_notebook04_probability_ensemble__primary_20d__TAIEX_regime_fixed_20d__E1_valid_model_probability_ensemble_probabilities.parquet,P5_notebook04_probability_ensemble__primary_20d__TAIEX_regime_fixed_20d__E1_valid_model_probability_ensemble_probabilities.parquet,.parquet,78187,2026-06-23T15:56:04Z,68fbbdc5e74c10e0fc38c1742552aa4e475d89ba5d435593224d4b0108b76834
outputs/AURORA_TWETF/ordinal_imbalance_uncertainty/run_20260623_151920/allocation_inputs_adjusted_before_05/probabilities/P5_notebook04_probability_ensemble__primary_60d__TAIEX_regime_fixed_60d__E1_valid_model_probability_ensemble_probabilities.csv,P5_notebook04_probability_ensemble__primary_60d__TAIEX_regime_fixed_60d__E1_valid_model_probability_ensemble_probabilities.csv,.csv,278782,2026-06-23T15:56:06Z,a2f96ab42bea16d625330cab5a817f4b6907ba55c1e7c47c13068d6815f21976
outputs/AURORA_TWETF/ordinal_imbalance_uncertainty/run_20260623_151920/allocation_inputs_adjusted_before_05/probabilities/P5_notebook04_probability_ensemble__primary_60d__TAIEX_regime_fixed_60d__E1_valid_model_probability_ensemble_probabilities.parquet,P5_notebook04_probability_ensemble__primary_60d__TAIEX_regime_fixed_60d__E1_valid_model_probability_ensemble_probabilities.parquet,.parquet,78187,2026-06-23T15:56:06Z,6008718f964fc8be10966c2f23c5d3d9c1c4dde30766c27f097a0b079c391dff
outputs/AURORA_TWETF/ordinal_imbalance_uncertainty/run_20260623_151920/allocation_inputs_adjusted_before_05/probabilities/P6_custom_robust_60d_weighted_ensemble__TAIEX_regime_fixed_60d__probabilities.csv,P6_custom_robust_60d_weighted_ensemble__TAIEX_regime_fixed_60d__probabilities.csv,.csv,295887,2026-06-23T15:56:06Z,da471eca58098c4b4e600614c44ef892a279d9114615aab7f1998bebd69a64a2
outputs/AURORA_TWETF/ordinal_imbalance_uncertainty/run_20260623_151920/allocation_inputs_adjusted_before_05/probabilities/P6_custom_robust_60d_weighted_ensemble__TAIEX_regime_fixed_60d__probabilities.parquet,P6_custom_robust_60d_weighted_ensemble__TAIEX_regime_fixed_60d__probabilities.parquet,.parquet,78228,2026-06-23T15:56:06Z,6e333ce241e4c8bb145ae235c998f952e2b3ce45c0e304f23d662602c6bd2d15
outputs/AURORA_TWETF/ordinal_imbalance_uncertainty/run_20260623_151920/allocation_inputs_adjusted_before_05/reports/AURORA_04B_adjusted_allocation_inputs_manifest_SHA256.csv,AURORA_04B_adjusted_allocation_inputs_manifest_SHA256.csv,.csv,10451,2026-06-23T15:56:06Z,416f8b63d7f6bc96c8eb4adc77b80c7692235df42703fa2d132ba06b46bc2136
outputs/AURORA_TWETF/ordinal_imbalance_uncertainty/run_20260623_151920/allocation_inputs_adjusted_before_05/reports/AURORA_04B_adjustment_report_before_05.json,AURORA_04B_adjustment_report_before_05.json,.json,2989,2026-06-23T15:56:06Z,2678b7914adf0b8ccf152f4ea488944b57dcd627b1554b3a5d32afa72963eb6a
outputs/AURORA_TWETF/ordinal_imbalance_uncertainty/run_20260623_151920/calibration/calibration_TAIEX_regime_fixed_20d_C1_calibrated_logistic_balanced_test.csv,calibration_TAIEX_regime_fixed_20d_C1_calibrated_logistic_balanced_test.csv,.csv,1949,2026-06-23T15:20:40Z,f3914f4ed100c4fd2f5a7be82a987556d8b53c8ad0fdc83e0238dd77f542b539
outputs/AURORA_TWETF/ordinal_imbalance_uncertainty/run_20260623_151920/calibration/calibration_TAIEX_regime_fixed_20d_C1_calibrated_logistic_balanced_train.csv,calibration_TAIEX_regime_fixed_20d_C1_calibrated_logistic_balanced_train.csv,.csv,1845,2026-06-23T15:20:38Z,a1f8bb38d19badb4e5ba8b56b968ef2e930f6727cc4fae5e2c7116af2ea6a2e7
outputs/AURORA_TWETF/ordinal_imbalance_uncertainty/run_20260623_151920/calibration/calibration_TAIEX_regime_fixed_20d_C1_calibrated_logistic_balanced_validation.csv,calibration_TAIEX_regime_fixed_20d_C1_calibrated_logistic_balanced_validation.csv,.csv,1993,2026-06-23T15:20:39Z,7ab90c39ec445b8d83c5437b998630c5ed1be7e042d640d11a14456544d3e542
outputs/AURORA_TWETF/ordinal_imbalance_uncertainty/run_20260623_151920/calibration/calibration_TAIEX_regime_fixed_20d_C2_calibrated_rf_balanced_test.csv,calibration_TAIEX_regime_fixed_20d_C2_calibrated_rf_balanced_test.csv,.csv,1583,2026-06-23T15:20:47Z,de8e38a389311c8939c5eb744fb408f831681a6c0d5841b3da751f93eefa64c9
outputs/AURORA_TWETF/ordinal_imbalance_uncertainty/run_20260623_151920/calibration/calibration_TAIEX_regime_fixed_20d_C2_calibrated_rf_balanced_train.csv,calibration_TAIEX_regime_fixed_20d_C2_calibrated_rf_balanced_train.csv,.csv,1813,2026-06-23T15:20:45Z,35ee0d9730a907b481beb4c69c1e061832764a3a278aa75a3553b1bdc66973a8
outputs/AURORA_TWETF/ordinal_imbalance_uncertainty/run_20260623_151920/calibration/calibration_TAIEX_regime_fixed_20d_C2_calibrated_rf_balanced_validation.csv,calibration_TAIEX_regime_fixed_20d_C2_calibrated_rf_balanced_validation.csv,.csv,1781,2026-06-23T15:20:46Z,3866970fd84d273507eb212fecc9219f2432682367bf098613eac7182f5a017c
outputs/AURORA_TWETF/ordinal_imbalance_uncertainty/run_20260623_151920/calibration/calibration_TAIEX_regime_fixed_20d_C3_calibrated_lgbm_balanced_test.csv,calibration_TAIEX_regime_fixed_20d_C3_calibrated_lgbm_balanced_test.csv,.csv,1607,2026-06-23T15:20:55Z,36a360a2edc4f63d80c558a88fbe8c444b6293001f7c498e15657ca5a9cd5b56
outputs/AURORA_TWETF/ordinal_imbalance_uncertainty/run_20260623_151920/calibration/calibration_TAIEX_regime_fixed_20d_C3_calibrated_lgbm_balanced_train.csv,calibration_TAIEX_regime_fixed_20d_C3_calibrated_lgbm_balanced_train.csv,.csv,1680,2026-06-23T15:20:53Z,600c8a219a174b4e49bef4d62d3dc8d62456eab6581b03928e225b0704fdc41f
outputs/AURORA_TWETF/ordinal_imbalance_uncertainty/run_20260623_151920/calibration/calibration_TAIEX_regime_fixed_20d_C3_calibrated_lgbm_balanced_validation.csv,calibration_TAIEX_regime_fixed_20d_C3_calibrated_lgbm_balanced_validation.csv,.csv,1656,2026-06-23T15:20:54Z,05249846aca046379657f8394844bb33856de905f9c5e89ad027e7286da3fbaa
outputs/AURORA_TWETF/ordinal_imbalance_uncertainty/run_20260623_151920/calibration/calibration_TAIEX_regime_fixed_20d_C4_calibrated_xgb_multiclass_test.csv,calibration_TAIEX_regime_fixed_20d_C4_calibrated_xgb_multiclass_test.csv,.csv,1609,2026-06-23T15:21:06Z,37e2ad91f3228cd22ee0a38c98c09807117af8332900a9c9c6abe87499b102ec
outputs/AURORA_TWETF/ordinal_imbalance_uncertainty/run_20260623_151920/calibration/calibration_TAIEX_regime_fixed_20d_C4_calibrated_xgb_multiclass_train.csv,calibration_TAIEX_regime_fixed_20d_C4_calibrated_xgb_multiclass_train.csv,.csv,1657,2026-06-23T15:21:04Z,d433c6c207e25c41f2a49f34ddcd4c5873cd11d626484b32adaaa8a080918edc
outputs/AURORA_TWETF/ordinal_imbalance_uncertainty/run_20260623_151920/calibration/calibration_TAIEX_regime_fixed_20d_C4_calibrated_xgb_multiclass_validation.csv,calibration_TAIEX_regime_fixed_20d_C4_calibrated_xgb_multiclass_validation.csv,.csv,1677,2026-06-23T15:21:05Z,326058d3193f15f51cb65b9351837bcb3b7f2d9322ecad6eb9c5cdc8fb67afb5
outputs/AURORA_TWETF/ordinal_imbalance_uncertainty/run_20260623_151920/calibration/calibration_TAIEX_regime_fixed_20d_E1_valid_model_probability_ensemble_test.csv,calibration_TAIEX_regime_fixed_20d_E1_valid_model_probability_ensemble_test.csv,.csv,1624,2026-06-23T15:21:11Z,1d84f557d960d3f3343cebb791ec6a2703e168eb98bce0c1c79b7123934a79ff
outputs/AURORA_TWETF/ordinal_imbalance_uncertainty/run_20260623_151920/calibration/calibration_TAIEX_regime_fixed_20d_E1_valid_model_probability_ensemble_train.csv,calibration_TAIEX_regime_fixed_20d_E1_valid_model_probability_ensemble_train.csv,.csv,1653,2026-06-23T15:21:09Z,e255b965eec9e0dd77cc514872b27f5dc7bfe4f4a5e56e984eb377f04b78027f
outputs/AURORA_TWETF/ordinal_imbalance_uncertainty/run_20260623_151920/calibration/calibration_TAIEX_regime_fixed_20d_E1_valid_model_probability_ensemble_validation.csv,calibration_TAIEX_regime_fixed_20d_E1_valid_model_probability_ensemble_validation.csv,.csv,1702,2026-06-23T15:21:10Z,b070080f015b631d3c018aaca80315f08b3151c849a78d48f7814d1911cc16e2
outputs/AURORA_TWETF/ordinal_imbalance_uncertainty/run_20260623_151920/calibration/calibration_TAIEX_regime_fixed_20d_O1_cumulative_logit_balanced_test.csv,calibration_TAIEX_regime_fixed_20d_O1_cumulative_logit_balanced_test.csv,.csv,1801,2026-06-23T15:19:32Z,bf88ffe164198ff1e75fc197610ccb7b60abbec57cc482a8c0626c1e60443d1f
outputs/AURORA_TWETF/ordinal_imbalance_uncertainty/run_20260623_151920/calibration/calibration_TAIEX_regime_fixed_20d_O1_cumulative_logit_balanced_train.csv,calibration_TAIEX_regime_fixed_20d_O1_cumulative_logit_balanced_train.csv,.csv,1731,2026-06-23T15:19:30Z,6e85c6c24a0484787bed32610c46874041af0915fe9a6a0d8235d6a66ee57d84
outputs/AURORA_TWETF/ordinal_imbalance_uncertainty/run_20260623_151920/calibration/calibration_TAIEX_regime_fixed_20d_O1_cumulative_logit_balanced_validation.csv,calibration_TAIEX_regime_fixed_20d_O1_cumulative_logit_balanced_validation.csv,.csv,1871,2026-06-23T15:19:31Z,0652eb479efc034f63624779f56e2ec4dedaccf0952b47658308a2e1bea51bd2
outputs/AURORA_TWETF/ordinal_imbalance_uncertainty/run_20260623_151920/calibration/calibration_TAIEX_regime_fixed_20d_O2_cumulative_rf_balanced_test.csv,calibration_TAIEX_regime_fixed_20d_O2_cumulative_rf_balanced_test.csv,.csv,1462,2026-06-23T15:19:45Z,d101755c14d0293fb6d584205723acc248da6dce2d857cc25eff5a18541bc088
outputs/AURORA_TWETF/ordinal_imbalance_uncertainty/run_20260623_151920/calibration/calibration_TAIEX_regime_fixed_20d_O2_cumulative_rf_balanced_train.csv,calibration_TAIEX_regime_fixed_20d_O2_cumulative_rf_balanced_train.csv,.csv,1569,2026-06-23T15:19:43Z,510dc19a946a2031bbf8dad1318db654b4253bcbd9f4ca2ab44c18488c552610
outputs/AURORA_TWETF/ordinal_imbalance_uncertainty/run_20260623_151920/calibration/calibration_TAIEX_regime_fixed_20d_O2_cumulative_rf_balanced_validation.csv,calibration_TAIEX_regime_fixed_20d_O2_cumulative_rf_balanced_validation.csv,.csv,1526,2026-06-23T15:19:43Z,b572b7929be98206401fb8c9fc1dad15044bbc99c6c7f60e134f88e124214525
outputs/AURORA_TWETF/ordinal_imbalance_uncertainty/run_20260623_151920/calibration/calibration_TAIEX_regime_fixed_20d_O3_cumulative_et_balanced_test.csv,calibration_TAIEX_regime_fixed_20d_O3_cumulative_et_balanced_test.csv,.csv,1389,2026-06-23T15:19:55Z,67a7e69bc0f7598ab3fdbb041c4b3aa1dc2d4efd0568a5815362f8c5ce808eb7
outputs/AURORA_TWETF/ordinal_imbalance_uncertainty/run_20260623_151920/calibration/calibration_TAIEX_regime_fixed_20d_O3_cumulative_et_balanced_train.csv,calibration_TAIEX_regime_fixed_20d_O3_cumulative_et_balanced_train.csv,.csv,1565,2026-06-23T15:19:53Z,b3c1a86b1993356125f3ed9985c7f9fb9c426caa0e67d86f6ce87580d5fc924e
outputs/AURORA_TWETF/ordinal_imbalance_uncertainty/run_20260623_151920/calibration/calibration_TAIEX_regime_fixed_20d_O3_cumulative_et_balanced_validation.csv,calibration_TAIEX_regime_fixed_20d_O3_cumulative_et_balanced_validation.csv,.csv,1504,2026-06-23T15:19:54Z,75631eb2ba678a50e1bea6c658473b13aefa9abf20405c9a5f96417de03797bf
outputs/AURORA_TWETF/ordinal_imbalance_uncertainty/run_20260623_151920/calibration/calibration_TAIEX_regime_fixed_20d_O4_cumulative_lgbm_balanced_test.csv,calibration_TAIEX_regime_fixed_20d_O4_cumulative_lgbm_balanced_test.csv,.csv,1621,2026-06-23T15:20:02Z,e941775afa3e7c03e0951e1a2ee97f924947f90c8f6efb5ba5da466acb52e8fc
outputs/AURORA_TWETF/ordinal_imbalance_uncertainty/run_20260623_151920/calibration/calibration_TAIEX_regime_fixed_20d_O4_cumulative_lgbm_balanced_train.csv,calibration_TAIEX_regime_fixed_20d_O4_cumulative_lgbm_balanced_train.csv,.csv,1666,2026-06-23T15:20:00Z,626473ca8b9e4aade7e113e44fe55acdcf2ec7d9045c0900ac85b9cd1ed54e98
outputs/AURORA_TWETF/ordinal_imbalance_uncertainty/run_20260623_151920/calibration/calibration_TAIEX_regime_fixed_20d_O4_cumulative_lgbm_balanced_validation.csv,calibration_TAIEX_regime_fixed_20d_O4_cumulative_lgbm_balanced_validation.csv,.csv,1608,2026-06-23T15:20:01Z,de02d5e9726d57568e9587d4c23997354c4aed59a29590c17b47eadd3dc4238e
outputs/AURORA_TWETF/ordinal_imbalance_uncertainty/run_20260623_151920/calibration/calibration_TAIEX_regime_fixed_20d_R1_ridge_regression_to_ordinal_test.csv,calibration_TAIEX_regime_fixed_20d_R1_ridge_regression_to_ordinal_test.csv,.csv,1512,2026-06-23T15:20:07Z,b9726c6d3257be26f7c876acde12f5443679a5c190e235e4a4547019b7108114
outputs/AURORA_TWETF/ordinal_imbalance_uncertainty/run_20260623_151920/calibration/calibration_TAIEX_regime_fixed_20d_R1_ridge_regression_to_ordinal_train.csv,calibration_TAIEX_regime_fixed_20d_R1_ridge_regression_to_ordinal_train.csv,.csv,1503,2026-06-23T15:20:05Z,40b352b7f21b1a2ec170bb1d2d5095f03de12ceab6779b67e6d43f32429a0df6
outputs/AURORA_TWETF/ordinal_imbalance_uncertainty/run_20260623_151920/calibration/calibration_TAIEX_regime_fixed_20d_R1_ridge_regression_to_ordinal_validation.csv,calibration_TAIEX_regime_fixed_20d_R1_ridge_regression_to_ordinal_validation.csv,.csv,1572,2026-06-23T15:20:06Z,434c4ce89eed09fd8365abf0922c8820b9f4ec80b2025bfa6d44f6a074fd0ddf
outputs/AURORA_TWETF/ordinal_imbalance_uncertainty/run_20260623_151920/calibration/calibration_TAIEX_regime_fixed_20d_R2_rf_regression_to_ordinal_test.csv,calibration_TAIEX_regime_fixed_20d_R2_rf_regression_to_ordinal_test.csv,.csv,1661,2026-06-23T15:20:13Z,0162f2cdad31d3f3f2e57d54d7ee3d528e505fd212fd1367b0b4460dc4656fe5
outputs/AURORA_TWETF/ordinal_imbalance_uncertainty/run_20260623_151920/calibration/calibration_TAIEX_regime_fixed_20d_R2_rf_regression_to_ordinal_train.csv,calibration_TAIEX_regime_fixed_20d_R2_rf_regression_to_ordinal_train.csv,.csv,1673,2026-06-23T15:20:11Z,9acc204f99c9cc8b8cf75becc1e6c685be5def13a32ca5cb6daf619d80392634
outputs/AURORA_TWETF/ordinal_imbalance_uncertainty/run_20260623_151920/calibration/calibration_TAIEX_regime_fixed_20d_R2_rf_regression_to_ordinal_validation.csv,calibration_TAIEX_regime_fixed_20d_R2_rf_regression_to_ordinal_validation.csv,.csv,1705,2026-06-23T15:20:12Z,b2c0ff18b59a1979a34c0361427bf2f9ba6f6906bf1210afacbff36cb4c5ee08
outputs/AURORA_TWETF/ordinal_imbalance_uncertainty/run_20260623_151920/calibration/calibration_TAIEX_regime_fixed_20d_R3_et_regression_to_ordinal_test.csv,calibration_TAIEX_regime_fixed_20d_R3_et_regression_to_ordinal_test.csv,.csv,1626,2026-06-23T15:20:19Z,9b72b60ab345c84207e6a78872fb44c8ec8fe49219a4cd6b8fdc1037fa3f1b35
outputs/AURORA_TWETF/ordinal_imbalance_uncertainty/run_20260623_151920/calibration/calibration_TAIEX_regime_fixed_20d_R3_et_regression_to_ordinal_train.csv,calibration_TAIEX_regime_fixed_20d_R3_et_regression_to_ordinal_train.csv,.csv,1652,2026-06-23T15:20:17Z,feecc68801df6c873205553f0d7ca7dec525a3d4d283dc629ece42ecb096e61e
outputs/AURORA_TWETF/ordinal_imbalance_uncertainty/run_20260623_151920/calibration/calibration_TAIEX_regime_fixed_20d_R3_et_regression_to_ordinal_validation.csv,calibration_TAIEX_regime_fixed_20d_R3_et_regression_to_ordinal_validation.csv,.csv,1702,2026-06-23T15:20:18Z,67cd83d9d58129b8fab3766df70b291c14e1180e7493e61da5014b6fdd455c30
outputs/AURORA_TWETF/ordinal_imbalance_uncertainty/run_20260623_151920/calibration/calibration_TAIEX_regime_fixed_20d_R4_lgbm_regression_to_ordinal_test.csv,calibration_TAIEX_regime_fixed_20d_R4_lgbm_regression_to_ordinal_test.csv,.csv,1574,2026-06-23T15:20:25Z,48b05899962c804f48d8f55170463b6183b181fae0d49421cdba490f222f84d7
outputs/AURORA_TWETF/ordinal_imbalance_uncertainty/run_20260623_151920/calibration/calibration_TAIEX_regime_fixed_20d_R4_lgbm_regression_to_ordinal_train.csv,calibration_TAIEX_regime_fixed_20d_R4_lgbm_regression_to_ordinal_train.csv,.csv,1664,2026-06-23T15:20:23Z,fb0212007a6b9d15b3d0d0d51b98b470f731eff36970f4c2689f2f9c09affd8e
outputs/AURORA_TWETF/ordinal_imbalance_uncertainty/run_20260623_151920/calibration/calibration_TAIEX_regime_fixed_20d_R4_lgbm_regression_to_ordinal_validation.csv,calibration_TAIEX_regime_fixed_20d_R4_lgbm_regression_to_ordinal_validation.csv,.csv,1636,2026-06-23T15:20:24Z,8f6c5a0838913e401a8fe9501f4f7a9ee2a06d710a35d5b3d0730fe3f14b08a9
outputs/AURORA_TWETF/ordinal_imbalance_uncertainty/run_20260623_151920/calibration/calibration_TAIEX_regime_fixed_20d_R5_xgb_regression_to_ordinal_test.csv,calibration_TAIEX_regime_fixed_20d_R5_xgb_regression_to_ordinal_test.csv,.csv,1555,2026-06-23T15:20:33Z,459bb07ee24656c2f56effc1abf8fd29eea566bca0e9ca8e4541d66b2a4d2c41
outputs/AURORA_TWETF/ordinal_imbalance_uncertainty/run_20260623_151920/calibration/calibration_TAIEX_regime_fixed_20d_R5_xgb_regression_to_ordinal_train.csv,calibration_TAIEX_regime_fixed_20d_R5_xgb_regression_to_ordinal_train.csv,.csv,1621,2026-06-23T15:20:32Z,c803a84b8315f30522945f1ddb506e64006b7e1f243f5bf29620a5e395bf586b
outputs/AURORA_TWETF/ordinal_imbalance_uncertainty/run_20260623_151920/calibration/calibration_TAIEX_regime_fixed_20d_R5_xgb_regression_to_ordinal_validation.csv,calibration_TAIEX_regime_fixed_20d_R5_xgb_regression_to_ordinal_validation.csv,.csv,1654,2026-06-23T15:20:33Z,5ffa5ba7bbc3193fd26be03ca1b895134a09d0389dc11c55f4fe2e9032c3e4ee
outputs/AURORA_TWETF/ordinal_imbalance_uncertainty/run_20260623_151920/calibration/calibration_TAIEX_regime_fixed_60d_C1_calibrated_logistic_balanced_test.csv,calibration_TAIEX_regime_fixed_60d_C1_calibrated_logistic_balanced_test.csv,.csv,1920,2026-06-23T15:22:26Z,70fe087348141fb2aceecac4c8ea7a034f4de1d03ef7b4be6d29381c0ec1ce4e
outputs/AURORA_TWETF/ordinal_imbalance_uncertainty/run_20260623_151920/calibration/calibration_TAIEX_regime_fixed_60d_C1_calibrated_logistic_balanced_train.csv,calibration_TAIEX_regime_fixed_60d_C1_calibrated_logistic_balanced_train.csv,.csv,1855,2026-06-23T15:22:24Z,18c690cd7092b27eb6dd73b3dc5b3c2deed514e544c72d7067620004234e3ce1
outputs/AURORA_TWETF/ordinal_imbalance_uncertainty/run_20260623_151920/calibration/calibration_TAIEX_regime_fixed_60d_C1_calibrated_logistic_balanced_validation.csv,calibration_TAIEX_regime_fixed_60d_C1_calibrated_logistic_balanced_validation.csv,.csv,1991,2026-06-23T15:22:25Z,700ea701d577215948329191d611fcda187d162ab6dfabb26514974335e06697
outputs/AURORA_TWETF/ordinal_imbalance_uncertainty/run_20260623_151920/calibration/calibration_TAIEX_regime_fixed_60d_C2_calibrated_rf_balanced_test.csv,calibration_TAIEX_regime_fixed_60d_C2_calibrated_rf_balanced_test.csv,.csv,1485,2026-06-23T15:22:33Z,fdd18febf393fad8ab831769f1904690ccc4af2ddc9a62aa71744bd446489fe9
outputs/AURORA_TWETF/ordinal_imbalance_uncertainty/run_20260623_151920/calibration/calibration_TAIEX_regime_fixed_60d_C2_calibrated_rf_balanced_train.csv,calibration_TAIEX_regime_fixed_60d_C2_calibrated_rf_balanced_train.csv,.csv,1532,2026-06-23T15:22:31Z,24b8b1e050ff1ac2c557bedf8574f54c4c97adaae6f0b0978b86ef9472fbfdac
outputs/AURORA_TWETF/ordinal_imbalance_uncertainty/run_20260623_151920/calibration/calibration_TAIEX_regime_fixed_60d_C2_calibrated_rf_balanced_validation.csv,calibration_TAIEX_regime_fixed_60d_C2_calibrated_rf_balanced_validation.csv,.csv,1545,2026-06-23T15:22:32Z,33e88c436dbaa9bb4a7595d5664ff8e217bf6713cb7655d895508912b55c4746
outputs/AURORA_TWETF/ordinal_imbalance_uncertainty/run_20260623_151920/calibration/calibration_TAIEX_regime_fixed_60d_C3_calibrated_lgbm_balanced_test.csv,calibration_TAIEX_regime_fixed_60d_C3_calibrated_lgbm_balanced_test.csv,.csv,1513,2026-06-23T15:22:41Z,32f8437d3c33b1fbd33ec51043841a3a5f801d3294c7997dceb5ac8042d0fa27
outputs/AURORA_TWETF/ordinal_imbalance_uncertainty/run_20260623_151920/calibration/calibration_TAIEX_regime_fixed_60d_C3_calibrated_lgbm_balanced_train.csv,calibration_TAIEX_regime_fixed_60d_C3_calibrated_lgbm_balanced_train.csv,.csv,1598,2026-06-23T15:22:39Z,3f82f957262f01772e34ed8ec84f5bc0d8b747534519539b4fa9e849201205b5
outputs/AURORA_TWETF/ordinal_imbalance_uncertainty/run_20260623_151920/calibration/calibration_TAIEX_regime_fixed_60d_C3_calibrated_lgbm_balanced_validation.csv,calibration_TAIEX_regime_fixed_60d_C3_calibrated_lgbm_balanced_validation.csv,.csv,1573,2026-06-23T15:22:40Z,fdbef28de052fe81367b22ca0a54786ccdcdafa08b30c663910a2386eb470871
outputs/AURORA_TWETF/ordinal_imbalance_uncertainty/run_20260623_151920/calibration/calibration_TAIEX_regime_fixed_60d_C4_calibrated_xgb_multiclass_test.csv,calibration_TAIEX_regime_fixed_60d_C4_calibrated_xgb_multiclass_test.csv,.csv,1495,2026-06-23T15:22:53Z,2e60eb3fe5ceb88d0765189aa1fb82dba15a0d2abae1837aca68d2c4a17d1a75
outputs/AURORA_TWETF/ordinal_imbalance_uncertainty/run_20260623_151920/calibration/calibration_TAIEX_regime_fixed_60d_C4_calibrated_xgb_multiclass_train.csv,calibration_TAIEX_regime_fixed_60d_C4_calibrated_xgb_multiclass_train.csv,.csv,1520,2026-06-23T15:22:50Z,7c0010d87a05991235f937cb0d9f445ceebb1d182464dfeda14475b3994ec6dc
outputs/AURORA_TWETF/ordinal_imbalance_uncertainty/run_20260623_151920/calibration/calibration_TAIEX_regime_fixed_60d_C4_calibrated_xgb_multiclass_validation.csv,calibration_TAIEX_regime_fixed_60d_C4_calibrated_xgb_multiclass_validation.csv,.csv,1515,2026-06-23T15:22:52Z,722deb2e39f8d84882d09c9fb25af4cc4ccdd324a623ae58937401f653e96dee
outputs/AURORA_TWETF/ordinal_imbalance_uncertainty/run_20260623_151920/calibration/calibration_TAIEX_regime_fixed_60d_E1_valid_model_probability_ensemble_test.csv,calibration_TAIEX_regime_fixed_60d_E1_valid_model_probability_ensemble_test.csv,.csv,1584,2026-06-23T15:22:57Z,6e98d5ffb606145254c7715f9590b5a9f8990ec0bb31d23c0b19b09c69b8e092
outputs/AURORA_TWETF/ordinal_imbalance_uncertainty/run_20260623_151920/calibration/calibration_TAIEX_regime_fixed_60d_E1_valid_model_probability_ensemble_train.csv,calibration_TAIEX_regime_fixed_60d_E1_valid_model_probability_ensemble_train.csv,.csv,1667,2026-06-23T15:22:55Z,47ab0592c7159edd0825f277d588877ecc27eaee009f8ed1bb62837af168f8ba
outputs/AURORA_TWETF/ordinal_imbalance_uncertainty/run_20260623_151920/calibration/calibration_TAIEX_regime_fixed_60d_E1_valid_model_probability_ensemble_validation.csv,calibration_TAIEX_regime_fixed_60d_E1_valid_model_probability_ensemble_validation.csv,.csv,1644,2026-06-23T15:22:56Z,e9c73fa00452e4dc5ee43c48728740be96bd93ffe25087d0e30615e30b7f0a59
outputs/AURORA_TWETF/ordinal_imbalance_uncertainty/run_20260623_151920/calibration/calibration_TAIEX_regime_fixed_60d_O1_cumulative_logit_balanced_test.csv,calibration_TAIEX_regime_fixed_60d_O1_cumulative_logit_balanced_test.csv,.csv,1829,2026-06-23T15:21:20Z,0b74238a83a43a52882f3b73b0cb9c8d02c0f692bd91223ec90a883cb6c2f366
outputs/AURORA_TWETF/ordinal_imbalance_uncertainty/run_20260623_151920/calibration/calibration_TAIEX_regime_fixed_60d_O1_cumulative_logit_balanced_train.csv,calibration_TAIEX_regime_fixed_60d_O1_cumulative_logit_balanced_train.csv,.csv,1821,2026-06-23T15:21:18Z,2d4bb67208cea575499761d33c6db4e35ade53eef4b92d5af58bb89a5d0a5e7d
outputs/AURORA_TWETF/ordinal_imbalance_uncertainty/run_20260623_151920/calibration/calibration_TAIEX_regime_fixed_60d_O1_cumulative_logit_balanced_validation.csv,calibration_TAIEX_regime_fixed_60d_O1_cumulative_logit_balanced_validation.csv,.csv,1886,2026-06-23T15:21:19Z,10cb693eb746076d0d343a4c0d19d8dcadba3ee572e03c23e46a700341df60a9
outputs/AURORA_TWETF/ordinal_imbalance_uncertainty/run_20260623_151920/calibration/calibration_TAIEX_regime_fixed_60d_O2_cumulative_rf_balanced_test.csv,calibration_TAIEX_regime_fixed_60d_O2_cumulative_rf_balanced_test.csv,.csv,1461,2026-06-23T15:21:32Z,fa7831157acb779ae6291835b908d3dc9718375061b9fde55d5183d1d674ba87
outputs/AURORA_TWETF/ordinal_imbalance_uncertainty/run_20260623_151920/calibration/calibration_TAIEX_regime_fixed_60d_O2_cumulative_rf_balanced_train.csv,calibration_TAIEX_regime_fixed_60d_O2_cumulative_rf_balanced_train.csv,.csv,1617,2026-06-23T15:21:30Z,0bceaae15497d73f53ab2180894df26f950b90bfab2847a67412673904e56fcb
outputs/AURORA_TWETF/ordinal_imbalance_uncertainty/run_20260623_151920/calibration/calibration_TAIEX_regime_fixed_60d_O2_cumulative_rf_balanced_validation.csv,calibration_TAIEX_regime_fixed_60d_O2_cumulative_rf_balanced_validation.csv,.csv,1526,2026-06-23T15:21:31Z,42a72827c72bc490533f5bd0216676bc7444b1aec3a94cdab75105a93b36c2eb
outputs/AURORA_TWETF/ordinal_imbalance_uncertainty/run_20260623_151920/calibration/calibration_TAIEX_regime_fixed_60d_O3_cumulative_et_balanced_test.csv,calibration_TAIEX_regime_fixed_60d_O3_cumulative_et_balanced_test.csv,.csv,1459,2026-06-23T15:21:42Z,a380b8b9c7357d999bb17d53edd07f6f605b8946a804cb1efbeaeb90209672b7
outputs/AURORA_TWETF/ordinal_imbalance_uncertainty/run_20260623_151920/calibration/calibration_TAIEX_regime_fixed_60d_O3_cumulative_et_balanced_train.csv,calibration_TAIEX_regime_fixed_60d_O3_cumulative_et_balanced_train.csv,.csv,1571,2026-06-23T15:21:40Z,d67dc2fe06c86af79b6b4f835aadbce4ead2aec35c5740260f960892a805ff3c
outputs/AURORA_TWETF/ordinal_imbalance_uncertainty/run_20260623_151920/calibration/calibration_TAIEX_regime_fixed_60d_O3_cumulative_et_balanced_validation.csv,calibration_TAIEX_regime_fixed_60d_O3_cumulative_et_balanced_validation.csv,.csv,1507,2026-06-23T15:21:41Z,725f593f5957672fa0d9ab43886deabe09192ed8ba5e21155b33cbeaf17db98e
outputs/AURORA_TWETF/ordinal_imbalance_uncertainty/run_20260623_151920/calibration/calibration_TAIEX_regime_fixed_60d_O4_cumulative_lgbm_balanced_test.csv,calibration_TAIEX_regime_fixed_60d_O4_cumulative_lgbm_balanced_test.csv,.csv,1506,2026-06-23T15:21:50Z,3ac8fb79182a5e5d28606d1554a2abe54336c7cc435dac9eb4bebf3b7b32ced9
outputs/AURORA_TWETF/ordinal_imbalance_uncertainty/run_20260623_151920/calibration/calibration_TAIEX_regime_fixed_60d_O4_cumulative_lgbm_balanced_train.csv,calibration_TAIEX_regime_fixed_60d_O4_cumulative_lgbm_balanced_train.csv,.csv,1619,2026-06-23T15:21:48Z,c0b83be8436546c701f145c613630f4c910b65cbf5c10750381552ec26062cd5
outputs/AURORA_TWETF/ordinal_imbalance_uncertainty/run_20260623_151920/calibration/calibration_TAIEX_regime_fixed_60d_O4_cumulative_lgbm_balanced_validation.csv,calibration_TAIEX_regime_fixed_60d_O4_cumulative_lgbm_balanced_validation.csv,.csv,1554,2026-06-23T15:21:49Z,2bbb506788ab8bce2a57422d6c2c209aa3059785733d8b6edaa7279f073faa48
outputs/AURORA_TWETF/ordinal_imbalance_uncertainty/run_20260623_151920/calibration/calibration_TAIEX_regime_fixed_60d_R1_ridge_regression_to_ordinal_test.csv,calibration_TAIEX_regime_fixed_60d_R1_ridge_regression_to_ordinal_test.csv,.csv,1497,2026-06-23T15:21:55Z,09097682cafd8aa3fe20f53d05c31117caaa15ee9153767e335929287f193f7c
outputs/AURORA_TWETF/ordinal_imbalance_uncertainty/run_20260623_151920/calibration/calibration_TAIEX_regime_fixed_60d_R1_ridge_regression_to_ordinal_train.csv,calibration_TAIEX_regime_fixed_60d_R1_ridge_regression_to_ordinal_train.csv,.csv,1520,2026-06-23T15:21:53Z,e88c60047dcb620a802f253c88636591f55fc314c754cf0d633584ce6cfb7974
outputs/AURORA_TWETF/ordinal_imbalance_uncertainty/run_20260623_151920/calibration/calibration_TAIEX_regime_fixed_60d_R1_ridge_regression_to_ordinal_validation.csv,calibration_TAIEX_regime_fixed_60d_R1_ridge_regression_to_ordinal_validation.csv,.csv,1568,2026-06-23T15:21:54Z,21685af0101e827cc55ccb516a67f61fd2526920ec327ce9bd8ae41b112110c4
outputs/AURORA_TWETF/ordinal_imbalance_uncertainty/run_20260623_151920/calibration/calibration_TAIEX_regime_fixed_60d_R2_rf_regression_to_ordinal_test.csv,calibration_TAIEX_regime_fixed_60d_R2_rf_regression_to_ordinal_test.csv,.csv,1606,2026-06-23T15:22:00Z,a5606b6fa16fa8028da67cd241aba9d56d665aa0dbad6b90c4e4711d8ebec486
outputs/AURORA_TWETF/ordinal_imbalance_uncertainty/run_20260623_151920/calibration/calibration_TAIEX_regime_fixed_60d_R2_rf_regression_to_ordinal_train.csv,calibration_TAIEX_regime_fixed_60d_R2_rf_regression_to_ordinal_train.csv,.csv,1614,2026-06-23T15:21:59Z,7930a46bd42f286a12ff701e45e15756f2cd41145a33fd9d8ada8a99ea350a0f
outputs/AURORA_TWETF/ordinal_imbalance_uncertainty/run_20260623_151920/calibration/calibration_TAIEX_regime_fixed_60d_R2_rf_regression_to_ordinal_validation.csv,calibration_TAIEX_regime_fixed_60d_R2_rf_regression_to_ordinal_validation.csv,.csv,1666,2026-06-23T15:22:00Z,e2b6bd6ad928bc05fe394bc5ef1c313832a4db957ad35fafd6b913a9d1d1e370
outputs/AURORA_TWETF/ordinal_imbalance_uncertainty/run_20260623_151920/calibration/calibration_TAIEX_regime_fixed_60d_R3_et_regression_to_ordinal_test.csv,calibration_TAIEX_regime_fixed_60d_R3_et_regression_to_ordinal_test.csv,.csv,1586,2026-06-23T15:22:07Z,28c3378aef4059c8cf6e6d1a6bc3c144b67db17e327a4000544a8920dba42c25
outputs/AURORA_TWETF/ordinal_imbalance_uncertainty/run_20260623_151920/calibration/calibration_TAIEX_regime_fixed_60d_R3_et_regression_to_ordinal_train.csv,calibration_TAIEX_regime_fixed_60d_R3_et_regression_to_ordinal_train.csv,.csv,1596,2026-06-23T15:22:04Z,410b4e30efbfd3961caf2ca1eb258b7c369ffa54020a785dbf8e4bef74f5c6fe
outputs/AURORA_TWETF/ordinal_imbalance_uncertainty/run_20260623_151920/calibration/calibration_TAIEX_regime_fixed_60d_R3_et_regression_to_ordinal_validation.csv,calibration_TAIEX_regime_fixed_60d_R3_et_regression_to_ordinal_validation.csv,.csv,1643,2026-06-23T15:22:05Z,d8c3f931016c5c192b3f3eea74209b4c7c62c120d6160dbba512ed2757b5751c
outputs/AURORA_TWETF/ordinal_imbalance_uncertainty/run_20260623_151920/calibration/calibration_TAIEX_regime_fixed_60d_R4_lgbm_regression_to_ordinal_test.csv,calibration_TAIEX_regime_fixed_60d_R4_lgbm_regression_to_ordinal_test.csv,.csv,1575,2026-06-23T15:22:12Z,0d31649c0df6c7820d30f8a2a7137ec2430dbfe8e81fb90d7875d2ee50258623
outputs/AURORA_TWETF/ordinal_imbalance_uncertainty/run_20260623_151920/calibration/calibration_TAIEX_regime_fixed_60d_R4_lgbm_regression_to_ordinal_train.csv,calibration_TAIEX_regime_fixed_60d_R4_lgbm_regression_to_ordinal_train.csv,.csv,1624,2026-06-23T15:22:10Z,c6fa73a29b42d58fcacdfaedfae8170e6ced96d04d4c613f74e61dbe07440d1e
outputs/AURORA_TWETF/ordinal_imbalance_uncertainty/run_20260623_151920/calibration/calibration_TAIEX_regime_fixed_60d_R4_lgbm_regression_to_ordinal_validation.csv,calibration_TAIEX_regime_fixed_60d_R4_lgbm_regression_to_ordinal_validation.csv,.csv,1636,2026-06-23T15:22:11Z,c75e7d24ba10b872ac103b1064e3a87be308629224b70ad9d3251fa832d9f33d
outputs/AURORA_TWETF/ordinal_imbalance_uncertainty/run_20260623_151920/calibration/calibration_TAIEX_regime_fixed_60d_R5_xgb_regression_to_ordinal_test.csv,calibration_TAIEX_regime_fixed_60d_R5_xgb_regression_to_ordinal_test.csv,.csv,1538,2026-06-23T15:22:20Z,3cead7f298b0dcf9a20fc325f3bcf9d1b52e3a50bcc31a40a872436befa7ad0c
outputs/AURORA_TWETF/ordinal_imbalance_uncertainty/run_20260623_151920/calibration/calibration_TAIEX_regime_fixed_60d_R5_xgb_regression_to_ordinal_train.csv,calibration_TAIEX_regime_fixed_60d_R5_xgb_regression_to_ordinal_train.csv,.csv,1604,2026-06-23T15:22:18Z,38ecc6633399a400cf2ace858694b11bf3592069368354dda440d5666b8ed001
outputs/AURORA_TWETF/ordinal_imbalance_uncertainty/run_20260623_151920/calibration/calibration_TAIEX_regime_fixed_60d_R5_xgb_regression_to_ordinal_validation.csv,calibration_TAIEX_regime_fixed_60d_R5_xgb_regression_to_ordinal_validation.csv,.csv,1614,2026-06-23T15:22:19Z,df8b1f1bb096f4701648a9c39edf5ee2a22ccdffad91251d98e1c25e9c686f01
outputs/AURORA_TWETF/ordinal_imbalance_uncertainty/run_20260623_151920/calibration/calibration_all_ordinal_uncertainty_models.csv,calibration_all_ordinal_uncertainty_models.csv,.csv,126757,2026-06-23T15:23:00Z,00c173ac593b840c5bafe9fe0b03ef7d598685f170c82903a3eb45491e4b5de9
outputs/AURORA_TWETF/ordinal_imbalance_uncertainty/run_20260623_151920/calibration/calibration_all_ordinal_uncertainty_models.parquet,calibration_all_ordinal_uncertainty_models.parquet,.parquet,16788,2026-06-23T15:23:00Z,9648c433dd4b843b23de451173c6555359303c64ca86e2fa4cdf3551b6fbadf8
outputs/AURORA_TWETF/ordinal_imbalance_uncertainty/run_20260623_151920/dataset_summary.json,dataset_summary.json,.json,522,2026-06-23T15:19:23Z,b339733c09436f8fb95e2d3dc30a25a2d625bd50ad4629218bc0f54ab6805f0f
outputs/AURORA_TWETF/ordinal_imbalance_uncertainty/run_20260623_151920/feature_importance/feature_importance_TAIEX_regime_fixed_20d_C1_calibrated_logistic_balanced.csv,feature_importance_TAIEX_regime_fixed_20d_C1_calibrated_logistic_balanced.csv,.csv,65463,2026-06-23T15:20:41Z,b41da888e4c3d48e4b351899204ed50885263c7bf36bcb9143f1b971a00dacc0
outputs/AURORA_TWETF/ordinal_imbalance_uncertainty/run_20260623_151920/feature_importance/feature_importance_TAIEX_regime_fixed_20d_C2_calibrated_rf_balanced.csv,feature_importance_TAIEX_regime_fixed_20d_C2_calibrated_rf_balanced.csv,.csv,61122,2026-06-23T15:20:48Z,50d61e9101adbc34da9187de6eddf66a4b070e6a0d879f2e77acdf03e32258cf
outputs/AURORA_TWETF/ordinal_imbalance_uncertainty/run_20260623_151920/feature_importance/feature_importance_TAIEX_regime_fixed_20d_C3_calibrated_lgbm_balanced.csv,feature_importance_TAIEX_regime_fixed_20d_C3_calibrated_lgbm_balanced.csv,.csv,52927,2026-06-23T15:20:56Z,3b6bd653ec38240b539779cecd78a8b503cc875c3332018390aa6be7aeed8eb1
outputs/AURORA_TWETF/ordinal_imbalance_uncertainty/run_20260623_151920/feature_importance/feature_importance_TAIEX_regime_fixed_20d_C4_calibrated_xgb_multiclass.csv,feature_importance_TAIEX_regime_fixed_20d_C4_calibrated_xgb_multiclass.csv,.csv,58331,2026-06-23T15:21:08Z,3da9796702ae862d88ff4c28c7fd5be34c69133f5643d23714020f4bd71dae48
outputs/AURORA_TWETF/ordinal_imbalance_uncertainty/run_20260623_151920/feature_importance/feature_importance_TAIEX_regime_fixed_20d_O1_cumulative_logit_balanced.csv,feature_importance_TAIEX_regime_fixed_20d_O1_cumulative_logit_balanced.csv,.csv,61693,2026-06-23T15:19:33Z,593ddbc9bdfc728e4f3ae97abbb3c256a4fb2f767d0a06c467837b8b14ed10cd
outputs/AURORA_TWETF/ordinal_imbalance_uncertainty/run_20260623_151920/feature_importance/feature_importance_TAIEX_regime_fixed_20d_O2_cumulative_rf_balanced.csv,feature_importance_TAIEX_regime_fixed_20d_O2_cumulative_rf_balanced.csv,.csv,58848,2026-06-23T15:19:46Z,3a5c97c65fdf2c8c63728129a339e15bcc98e6d5cbb72bd9cbc38be701964774
outputs/AURORA_TWETF/ordinal_imbalance_uncertainty/run_20260623_151920/feature_importance/feature_importance_TAIEX_regime_fixed_20d_O3_cumulative_et_balanced.csv,feature_importance_TAIEX_regime_fixed_20d_O3_cumulative_et_balanced.csv,.csv,57989,2026-06-23T15:19:56Z,80580fbefb457f152659ddf59766e5eac65f1b730fb73644d29b6c2e67df78d9
outputs/AURORA_TWETF/ordinal_imbalance_uncertainty/run_20260623_151920/feature_importance/feature_importance_TAIEX_regime_fixed_20d_O4_cumulative_lgbm_balanced.csv,feature_importance_TAIEX_regime_fixed_20d_O4_cumulative_lgbm_balanced.csv,.csv,50403,2026-06-23T15:20:04Z,a86e95da3f5bc562c5ee34558736908bdb3155076abaf47f6fe3ee6eceda5632
outputs/AURORA_TWETF/ordinal_imbalance_uncertainty/run_20260623_151920/feature_importance/feature_importance_TAIEX_regime_fixed_20d_R1_ridge_regression_to_ordinal.csv,feature_importance_TAIEX_regime_fixed_20d_R1_ridge_regression_to_ordinal.csv,.csv,59456,2026-06-23T15:20:09Z,2eb9eef6dd99f94baeccb7b60437e87d92fb1e8941dea9c1d8c71528f20f45d6
outputs/AURORA_TWETF/ordinal_imbalance_uncertainty/run_20260623_151920/feature_importance/feature_importance_TAIEX_regime_fixed_20d_R2_rf_regression_to_ordinal.csv,feature_importance_TAIEX_regime_fixed_20d_R2_rf_regression_to_ordinal.csv,.csv,65235,2026-06-23T15:20:15Z,b18e56f02093b4cca8d84f8fbb05f0a4ee8577912b9262ebfe6c03d3b91dead3
outputs/AURORA_TWETF/ordinal_imbalance_uncertainty/run_20260623_151920/feature_importance/feature_importance_TAIEX_regime_fixed_20d_R3_et_regression_to_ordinal.csv,feature_importance_TAIEX_regime_fixed_20d_R3_et_regression_to_ordinal.csv,.csv,65389,2026-06-23T15:20:21Z,205c590c2fe90fcdc01d04b6eb859a3bdbac400681126b017ac07b1a65b50e13
outputs/AURORA_TWETF/ordinal_imbalance_uncertainty/run_20260623_151920/feature_importance/feature_importance_TAIEX_regime_fixed_20d_R4_lgbm_regression_to_ordinal.csv,feature_importance_TAIEX_regime_fixed_20d_R4_lgbm_regression_to_ordinal.csv,.csv,57726,2026-06-23T15:20:26Z,420805cd48e8268587f4ee44093d4cb03bc99ad1747c579171d8f9bfa4f00330
outputs/AURORA_TWETF/ordinal_imbalance_uncertainty/run_20260623_151920/feature_importance/feature_importance_TAIEX_regime_fixed_20d_R5_xgb_regression_to_ordinal.csv,feature_importance_TAIEX_regime_fixed_20d_R5_xgb_regression_to_ordinal.csv,.csv,59290,2026-06-23T15:20:35Z,97e092c887ed4cd0b6dff65d91f3b3676c1d0fc1dd76e83794ab841c3666cd96
outputs/AURORA_TWETF/ordinal_imbalance_uncertainty/run_20260623_151920/feature_importance/feature_importance_TAIEX_regime_fixed_60d_C1_calibrated_logistic_balanced.csv,feature_importance_TAIEX_regime_fixed_60d_C1_calibrated_logistic_balanced.csv,.csv,65458,2026-06-23T15:22:27Z,85cc85330ef009d673ab39dd82c01f2f795cdd10d90f639ba2479097b73fc599
outputs/AURORA_TWETF/ordinal_imbalance_uncertainty/run_20260623_151920/feature_importance/feature_importance_TAIEX_regime_fixed_60d_C2_calibrated_rf_balanced.csv,feature_importance_TAIEX_regime_fixed_60d_C2_calibrated_rf_balanced.csv,.csv,60957,2026-06-23T15:22:35Z,739309b217052bd6b919261cac9cf6b9d085d522490153296b23636e6d6428f1
outputs/AURORA_TWETF/ordinal_imbalance_uncertainty/run_20260623_151920/feature_importance/feature_importance_TAIEX_regime_fixed_60d_C3_calibrated_lgbm_balanced.csv,feature_importance_TAIEX_regime_fixed_60d_C3_calibrated_lgbm_balanced.csv,.csv,52926,2026-06-23T15:22:42Z,f7c2b0c3b4b9b58cedb8afcf3d48cf466009ed91570c835657d14a11da7ba1ad
outputs/AURORA_TWETF/ordinal_imbalance_uncertainty/run_20260623_151920/feature_importance/feature_importance_TAIEX_regime_fixed_60d_C4_calibrated_xgb_multiclass.csv,feature_importance_TAIEX_regime_fixed_60d_C4_calibrated_xgb_multiclass.csv,.csv,58121,2026-06-23T15:22:54Z,d3bdd8d2e97a3f6df6c0c64ec6898aca23cbee01e783c3ecc24b65926000c367
outputs/AURORA_TWETF/ordinal_imbalance_uncertainty/run_20260623_151920/feature_importance/feature_importance_TAIEX_regime_fixed_60d_O1_cumulative_logit_balanced.csv,feature_importance_TAIEX_regime_fixed_60d_O1_cumulative_logit_balanced.csv,.csv,61693,2026-06-23T15:21:21Z,c9581a5da3449df27eb2a9537687e75fe9f87f179dae899aaa479e9e5f3547cd
outputs/AURORA_TWETF/ordinal_imbalance_uncertainty/run_20260623_151920/feature_importance/feature_importance_TAIEX_regime_fixed_60d_O2_cumulative_rf_balanced.csv,feature_importance_TAIEX_regime_fixed_60d_O2_cumulative_rf_balanced.csv,.csv,58896,2026-06-23T15:21:34Z,f67f106bb9a20c70447e7ed46e04514ca5850d902d6ae5f2529f9c425ebd35e3
outputs/AURORA_TWETF/ordinal_imbalance_uncertainty/run_20260623_151920/feature_importance/feature_importance_TAIEX_regime_fixed_60d_O3_cumulative_et_balanced.csv,feature_importance_TAIEX_regime_fixed_60d_O3_cumulative_et_balanced.csv,.csv,58036,2026-06-23T15:21:44Z,2af60e60f4ee91f19340e49cc0dff39fc7c8dfcc6c7c99b171e6ab389f19309b
outputs/AURORA_TWETF/ordinal_imbalance_uncertainty/run_20260623_151920/feature_importance/feature_importance_TAIEX_regime_fixed_60d_O4_cumulative_lgbm_balanced.csv,feature_importance_TAIEX_regime_fixed_60d_O4_cumulative_lgbm_balanced.csv,.csv,50408,2026-06-23T15:21:51Z,156729520fa188a0e8685ba76541b3d717ebe4016299378873c81e597c06226a
outputs/AURORA_TWETF/ordinal_imbalance_uncertainty/run_20260623_151920/feature_importance/feature_importance_TAIEX_regime_fixed_60d_R1_ridge_regression_to_ordinal.csv,feature_importance_TAIEX_regime_fixed_60d_R1_ridge_regression_to_ordinal.csv,.csv,59459,2026-06-23T15:21:56Z,1aec2b9af707c8eda7b57dec010186554c8551822ae77b7a1feb9e872a685d6e
outputs/AURORA_TWETF/ordinal_imbalance_uncertainty/run_20260623_151920/feature_importance/feature_importance_TAIEX_regime_fixed_60d_R2_rf_regression_to_ordinal.csv,feature_importance_TAIEX_regime_fixed_60d_R2_rf_regression_to_ordinal.csv,.csv,65158,2026-06-23T15:22:02Z,60c972ad7818fb2e646d83dabc0850c0a1d6ae8342ea2a73fc3c5ebe9e0f0bfc
outputs/AURORA_TWETF/ordinal_imbalance_uncertainty/run_20260623_151920/feature_importance/feature_importance_TAIEX_regime_fixed_60d_R3_et_regression_to_ordinal.csv,feature_importance_TAIEX_regime_fixed_60d_R3_et_regression_to_ordinal.csv,.csv,65416,2026-06-23T15:22:08Z,d46bebe06d3bd0156ad9a400f0bc3e17e5077c34bd1afffc83f240f685bca6b3
outputs/AURORA_TWETF/ordinal_imbalance_uncertainty/run_20260623_151920/feature_importance/feature_importance_TAIEX_regime_fixed_60d_R4_lgbm_regression_to_ordinal.csv,feature_importance_TAIEX_regime_fixed_60d_R4_lgbm_regression_to_ordinal.csv,.csv,57722,2026-06-23T15:22:13Z,29d3c5f66de3620b8a87b604ccc7812cbad6e0f1939471f84022fc6bdbf8acf4
outputs/AURORA_TWETF/ordinal_imbalance_uncertainty/run_20260623_151920/feature_importance/feature_importance_TAIEX_regime_fixed_60d_R5_xgb_regression_to_ordinal.csv,feature_importance_TAIEX_regime_fixed_60d_R5_xgb_regression_to_ordinal.csv,.csv,59191,2026-06-23T15:22:21Z,58d7e6f7fda6a953003ab71a532431d874b9f54e810c77daf2212c355f6b3414
outputs/AURORA_TWETF/ordinal_imbalance_uncertainty/run_20260623_151920/feature_importance/feature_importance_all_ordinal_uncertainty_models.csv,feature_importance_all_ordinal_uncertainty_models.csv,.csv,1545588,2026-06-23T15:23:00Z,a781feb821ac4e56a01e523206a798664829c44227b1b7ade0f9ae4b2abb2531
outputs/AURORA_TWETF/ordinal_imbalance_uncertainty/run_20260623_151920/feature_importance/feature_importance_all_ordinal_uncertainty_models.parquet,feature_importance_all_ordinal_uncertainty_models.parquet,.parquet,94764,2026-06-23T15:23:00Z,260883fd5798bdcdddca812e0726579b110f56b6841d8f1352e68756f92bf5d6
outputs/AURORA_TWETF/ordinal_imbalance_uncertainty/run_20260623_151920/metrics/confusion_matrix_TAIEX_regime_fixed_20d_C1_calibrated_logistic_balanced_test.csv,confusion_matrix_TAIEX_regime_fixed_20d_C1_calibrated_logistic_balanced_test.csv,.csv,125,2026-06-23T15:20:39Z,d05e7498b4a6338ab7ea6f87dd564c623704d94d6b56e69e8e56b9a44a1b1811
outputs/AURORA_TWETF/ordinal_imbalance_uncertainty/run_20260623_151920/metrics/confusion_matrix_TAIEX_regime_fixed_20d_C1_calibrated_logistic_balanced_train.csv,confusion_matrix_TAIEX_regime_fixed_20d_C1_calibrated_logistic_balanced_train.csv,.csv,130,2026-06-23T15:20:37Z,5aa166c5b4588251970ceb5971f9a8768c36431dd04c095922355ca258da6d05
outputs/AURORA_TWETF/ordinal_imbalance_uncertainty/run_20260623_151920/metrics/confusion_matrix_TAIEX_regime_fixed_20d_C1_calibrated_logistic_balanced_validation.csv,confusion_matrix_TAIEX_regime_fixed_20d_C1_calibrated_logistic_balanced_validation.csv,.csv,129,2026-06-23T15:20:38Z,05b7f5da84dc2cc7493f1134104b36d339819783016ff4bf365fcfb698951589
outputs/AURORA_TWETF/ordinal_imbalance_uncertainty/run_20260623_151920/metrics/confusion_matrix_TAIEX_regime_fixed_20d_C2_calibrated_rf_balanced_test.csv,confusion_matrix_TAIEX_regime_fixed_20d_C2_calibrated_rf_balanced_test.csv,.csv,128,2026-06-23T15:20:46Z,d3b16ab11d2c485e987e48a5bcdcea58c386bd6c41379e754ae68dc7d59d97c4
outputs/AURORA_TWETF/ordinal_imbalance_uncertainty/run_20260623_151920/metrics/confusion_matrix_TAIEX_regime_fixed_20d_C2_calibrated_rf_balanced_train.csv,confusion_matrix_TAIEX_regime_fixed_20d_C2_calibrated_rf_balanced_train.csv,.csv,134,2026-06-23T15:20:45Z,842c7912940781260a39aa3398b468c8c1d3d47cde9c5a9792be23dbd1862eee
outputs/AURORA_TWETF/ordinal_imbalance_uncertainty/run_20260623_151920/metrics/confusion_matrix_TAIEX_regime_fixed_20d_C2_calibrated_rf_balanced_validation.csv,confusion_matrix_TAIEX_regime_fixed_20d_C2_calibrated_rf_balanced_validation.csv,.csv,128,2026-06-23T15:20:46Z,37daf135cc4be827c55fac4bd84b6579d50208ef7758694276750f9408fa2811
outputs/AURORA_TWETF/ordinal_imbalance_uncertainty/run_20260623_151920/metrics/confusion_matrix_TAIEX_regime_fixed_20d_C3_calibrated_lgbm_balanced_test.csv,confusion_matrix_TAIEX_regime_fixed_20d_C3_calibrated_lgbm_balanced_test.csv,.csv,127,2026-06-23T15:20:54Z,6f21ffa48ede9bd82778c7d017b6d2ba168e17790609b3697d5c11cf3d7d34df
outputs/AURORA_TWETF/ordinal_imbalance_uncertainty/run_20260623_151920/metrics/confusion_matrix_TAIEX_regime_fixed_20d_C3_calibrated_lgbm_balanced_train.csv,confusion_matrix_TAIEX_regime_fixed_20d_C3_calibrated_lgbm_balanced_train.csv,.csv,129,2026-06-23T15:20:52Z,addd5e1ad13192e5184d9de05588d74be585cf7ca62ba3e35b47131c1ff04251
outputs/AURORA_TWETF/ordinal_imbalance_uncertainty/run_20260623_151920/metrics/confusion_matrix_TAIEX_regime_fixed_20d_C3_calibrated_lgbm_balanced_validation.csv,confusion_matrix_TAIEX_regime_fixed_20d_C3_calibrated_lgbm_balanced_validation.csv,.csv,126,2026-06-23T15:20:53Z,c3af55d52ce7499a1743205f2a02abc1efc76cae302caba6a623292ef62098de
outputs/AURORA_TWETF/ordinal_imbalance_uncertainty/run_20260623_151920/metrics/confusion_matrix_TAIEX_regime_fixed_20d_C4_calibrated_xgb_multiclass_test.csv,confusion_matrix_TAIEX_regime_fixed_20d_C4_calibrated_xgb_multiclass_test.csv,.csv,128,2026-06-23T15:21:05Z,6d430b916efb24e6eb6cfa8c2c081a39e8df91371f9eb13fc27bd8494d92332d
outputs/AURORA_TWETF/ordinal_imbalance_uncertainty/run_20260623_151920/metrics/confusion_matrix_TAIEX_regime_fixed_20d_C4_calibrated_xgb_multiclass_train.csv,confusion_matrix_TAIEX_regime_fixed_20d_C4_calibrated_xgb_multiclass_train.csv,.csv,132,2026-06-23T15:21:03Z,6e7b2d09a8c4c78501d1b14045e39b48e6b0478ab34e71ffa38df4ceb758dfe4
outputs/AURORA_TWETF/ordinal_imbalance_uncertainty/run_20260623_151920/metrics/confusion_matrix_TAIEX_regime_fixed_20d_C4_calibrated_xgb_multiclass_validation.csv,confusion_matrix_TAIEX_regime_fixed_20d_C4_calibrated_xgb_multiclass_validation.csv,.csv,127,2026-06-23T15:21:04Z,4cddf6f62ef5a0b781b766652701ab97e550ff4093e848412fd17dddd0cf8f3d
outputs/AURORA_TWETF/ordinal_imbalance_uncertainty/run_20260623_151920/metrics/confusion_matrix_TAIEX_regime_fixed_20d_E1_valid_model_probability_ensemble_test.csv,confusion_matrix_TAIEX_regime_fixed_20d_E1_valid_model_probability_ensemble_test.csv,.csv,126,2026-06-23T15:21:10Z,08909226f31f61f7e1a4f6bc7c4d10f216b55f81b3070e38756ff8e53a285dc1
outputs/AURORA_TWETF/ordinal_imbalance_uncertainty/run_20260623_151920/metrics/confusion_matrix_TAIEX_regime_fixed_20d_E1_valid_model_probability_ensemble_train.csv,confusion_matrix_TAIEX_regime_fixed_20d_E1_valid_model_probability_ensemble_train.csv,.csv,130,2026-06-23T15:21:08Z,22e3c6bdb7582d7b928e33ae299c6045c1fc2cc911ce5733aca49120141ad494
outputs/AURORA_TWETF/ordinal_imbalance_uncertainty/run_20260623_151920/metrics/confusion_matrix_TAIEX_regime_fixed_20d_E1_valid_model_probability_ensemble_validation.csv,confusion_matrix_TAIEX_regime_fixed_20d_E1_valid_model_probability_ensemble_validation.csv,.csv,129,2026-06-23T15:21:09Z,6afc931738123c74b768aa4f7defd9021b3b3d437ce712b358674501c373c9e2
outputs/AURORA_TWETF/ordinal_imbalance_uncertainty/run_20260623_151920/metrics/confusion_matrix_TAIEX_regime_fixed_20d_O1_cumulative_logit_balanced_test.csv,confusion_matrix_TAIEX_regime_fixed_20d_O1_cumulative_logit_balanced_test.csv,.csv,127,2026-06-23T15:19:31Z,0d7ac370be7c62e8db7d0da667913c0d2bfdf606a47589dc0d3ba10f425ea301
outputs/AURORA_TWETF/ordinal_imbalance_uncertainty/run_20260623_151920/metrics/confusion_matrix_TAIEX_regime_fixed_20d_O1_cumulative_logit_balanced_train.csv,confusion_matrix_TAIEX_regime_fixed_20d_O1_cumulative_logit_balanced_train.csv,.csv,131,2026-06-23T15:19:29Z,6a0790970212f75ea2e3e64e4def7cb1ce7816390e0ba39a96529f5c0881784e
outputs/AURORA_TWETF/ordinal_imbalance_uncertainty/run_20260623_151920/metrics/confusion_matrix_TAIEX_regime_fixed_20d_O1_cumulative_logit_balanced_validation.csv,confusion_matrix_TAIEX_regime_fixed_20d_O1_cumulative_logit_balanced_validation.csv,.csv,128,2026-06-23T15:19:30Z,fc881405ddc43319efbd30e9263dd2aa9bdd6476858ba073023bc184eea676c2
outputs/AURORA_TWETF/ordinal_imbalance_uncertainty/run_20260623_151920/metrics/confusion_matrix_TAIEX_regime_fixed_20d_O2_cumulative_rf_balanced_test.csv,confusion_matrix_TAIEX_regime_fixed_20d_O2_cumulative_rf_balanced_test.csv,.csv,126,2026-06-23T15:19:44Z,1ed0d245b214ea479399203d862c479fa1c0f3c8dbf84b4a09ee910f265c6b71
outputs/AURORA_TWETF/ordinal_imbalance_uncertainty/run_20260623_151920/metrics/confusion_matrix_TAIEX_regime_fixed_20d_O2_cumulative_rf_balanced_train.csv,confusion_matrix_TAIEX_regime_fixed_20d_O2_cumulative_rf_balanced_train.csv,.csv,132,2026-06-23T15:19:42Z,7c75305ac2f654cf2c5534bba88d23b598cb2ba76fccbf55ae4e84a693829d0e
outputs/AURORA_TWETF/ordinal_imbalance_uncertainty/run_20260623_151920/metrics/confusion_matrix_TAIEX_regime_fixed_20d_O2_cumulative_rf_balanced_validation.csv,confusion_matrix_TAIEX_regime_fixed_20d_O2_cumulative_rf_balanced_validation.csv,.csv,128,2026-06-23T15:19:43Z,8725acf71c4ef517ca89ac68a1889864c231a47ce4c67fa2c9f5f548e9221a99
outputs/AURORA_TWETF/ordinal_imbalance_uncertainty/run_20260623_151920/metrics/confusion_matrix_TAIEX_regime_fixed_20d_O3_cumulative_et_balanced_test.csv,confusion_matrix_TAIEX_regime_fixed_20d_O3_cumulative_et_balanced_test.csv,.csv,126,2026-06-23T15:19:54Z,9c80b625bb45a9f12158d0322b0c0def30d45a641cc85da22c68673da1a8ab48
outputs/AURORA_TWETF/ordinal_imbalance_uncertainty/run_20260623_151920/metrics/confusion_matrix_TAIEX_regime_fixed_20d_O3_cumulative_et_balanced_train.csv,confusion_matrix_TAIEX_regime_fixed_20d_O3_cumulative_et_balanced_train.csv,.csv,135,2026-06-23T15:19:52Z,3c860d19d5b43f9493f21a5933aa5a9be39908321f99159a8d22f5131fae787c
outputs/AURORA_TWETF/ordinal_imbalance_uncertainty/run_20260623_151920/metrics/confusion_matrix_TAIEX_regime_fixed_20d_O3_cumulative_et_balanced_validation.csv,confusion_matrix_TAIEX_regime_fixed_20d_O3_cumulative_et_balanced_validation.csv,.csv,128,2026-06-23T15:19:53Z,5d72be8b394a9d02d5f280c707af2aff8c17095aa0c0c813a32301329444ca53
outputs/AURORA_TWETF/ordinal_imbalance_uncertainty/run_20260623_151920/metrics/confusion_matrix_TAIEX_regime_fixed_20d_O4_cumulative_lgbm_balanced_test.csv,confusion_matrix_TAIEX_regime_fixed_20d_O4_cumulative_lgbm_balanced_test.csv,.csv,126,2026-06-23T15:20:02Z,f1c6bc27ab8b167a47153527c92b8c5a4a3a4d49a836912ddd7616af52580ec3
outputs/AURORA_TWETF/ordinal_imbalance_uncertainty/run_20260623_151920/metrics/confusion_matrix_TAIEX_regime_fixed_20d_O4_cumulative_lgbm_balanced_train.csv,confusion_matrix_TAIEX_regime_fixed_20d_O4_cumulative_lgbm_balanced_train.csv,.csv,131,2026-06-23T15:20:00Z,7935732c9f280034bfed480fd6bf503436d7abe9b8e52f25a46ba790b22c38f2
outputs/AURORA_TWETF/ordinal_imbalance_uncertainty/run_20260623_151920/metrics/confusion_matrix_TAIEX_regime_fixed_20d_O4_cumulative_lgbm_balanced_validation.csv,confusion_matrix_TAIEX_regime_fixed_20d_O4_cumulative_lgbm_balanced_validation.csv,.csv,126,2026-06-23T15:20:01Z,ec9143c6ed24571b89caf87122449d6c78ebc923c205dd606074032ead3e8efb
outputs/AURORA_TWETF/ordinal_imbalance_uncertainty/run_20260623_151920/metrics/confusion_matrix_TAIEX_regime_fixed_20d_R1_ridge_regression_to_ordinal_test.csv,confusion_matrix_TAIEX_regime_fixed_20d_R1_ridge_regression_to_ordinal_test.csv,.csv,127,2026-06-23T15:20:07Z,0930634cf32e19b08072727e0d330abd4ca5e3e34414a2cfd5330eff39d5e52f
outputs/AURORA_TWETF/ordinal_imbalance_uncertainty/run_20260623_151920/metrics/confusion_matrix_TAIEX_regime_fixed_20d_R1_ridge_regression_to_ordinal_train.csv,confusion_matrix_TAIEX_regime_fixed_20d_R1_ridge_regression_to_ordinal_train.csv,.csv,135,2026-06-23T15:20:05Z,7be2483aa2f0c9dc167138e78fdd6e9aecde774f5a19959b254d9e54be747371
outputs/AURORA_TWETF/ordinal_imbalance_uncertainty/run_20260623_151920/metrics/confusion_matrix_TAIEX_regime_fixed_20d_R1_ridge_regression_to_ordinal_validation.csv,confusion_matrix_TAIEX_regime_fixed_20d_R1_ridge_regression_to_ordinal_validation.csv,.csv,129,2026-06-23T15:20:06Z,14a0edcac19df5bda98ea4309560db167fe2ab355f84fe2c7663b6b2ff909ad0
outputs/AURORA_TWETF/ordinal_imbalance_uncertainty/run_20260623_151920/metrics/confusion_matrix_TAIEX_regime_fixed_20d_R2_rf_regression_to_ordinal_test.csv,confusion_matrix_TAIEX_regime_fixed_20d_R2_rf_regression_to_ordinal_test.csv,.csv,126,2026-06-23T15:20:13Z,c656eb579c9d2ee3c9b644594e71c94059395a7a62b20ce7102905f2902ef753
outputs/AURORA_TWETF/ordinal_imbalance_uncertainty/run_20260623_151920/metrics/confusion_matrix_TAIEX_regime_fixed_20d_R2_rf_regression_to_ordinal_train.csv,confusion_matrix_TAIEX_regime_fixed_20d_R2_rf_regression_to_ordinal_train.csv,.csv,131,2026-06-23T15:20:11Z,cab54457954ddf92002c5fb2bd290dfd09b075cfeb75ab6f819779911c8f0c21
outputs/AURORA_TWETF/ordinal_imbalance_uncertainty/run_20260623_151920/metrics/confusion_matrix_TAIEX_regime_fixed_20d_R2_rf_regression_to_ordinal_validation.csv,confusion_matrix_TAIEX_regime_fixed_20d_R2_rf_regression_to_ordinal_validation.csv,.csv,126,2026-06-23T15:20:12Z,3e93f491ea925421fd96b24009326084e35eb51c738feb7e3bee303879513124
outputs/AURORA_TWETF/ordinal_imbalance_uncertainty/run_20260623_151920/metrics/confusion_matrix_TAIEX_regime_fixed_20d_R3_et_regression_to_ordinal_test.csv,confusion_matrix_TAIEX_regime_fixed_20d_R3_et_regression_to_ordinal_test.csv,.csv,126,2026-06-23T15:20:18Z,c656eb579c9d2ee3c9b644594e71c94059395a7a62b20ce7102905f2902ef753
outputs/AURORA_TWETF/ordinal_imbalance_uncertainty/run_20260623_151920/metrics/confusion_matrix_TAIEX_regime_fixed_20d_R3_et_regression_to_ordinal_train.csv,confusion_matrix_TAIEX_regime_fixed_20d_R3_et_regression_to_ordinal_train.csv,.csv,129,2026-06-23T15:20:16Z,faf0fdd1e31f07189b2473fa1f7782fd57a7db090613f2ada8cf2eddeb57c29f
outputs/AURORA_TWETF/ordinal_imbalance_uncertainty/run_20260623_151920/metrics/confusion_matrix_TAIEX_regime_fixed_20d_R3_et_regression_to_ordinal_validation.csv,confusion_matrix_TAIEX_regime_fixed_20d_R3_et_regression_to_ordinal_validation.csv,.csv,126,2026-06-23T15:20:17Z,a649e250c77b2cc574b25f6ad756b0dfd0b7394856e42af7e877ce972b535fb9
outputs/AURORA_TWETF/ordinal_imbalance_uncertainty/run_20260623_151920/metrics/confusion_matrix_TAIEX_regime_fixed_20d_R4_lgbm_regression_to_ordinal_test.csv,confusion_matrix_TAIEX_regime_fixed_20d_R4_lgbm_regression_to_ordinal_test.csv,.csv,126,2026-06-23T15:20:24Z,b23d2cc1dec9ed407f2a24dd342ee22b57785205d9f19d7edcb21372aab8e922
outputs/AURORA_TWETF/ordinal_imbalance_uncertainty/run_20260623_151920/metrics/confusion_matrix_TAIEX_regime_fixed_20d_R4_lgbm_regression_to_ordinal_train.csv,confusion_matrix_TAIEX_regime_fixed_20d_R4_lgbm_regression_to_ordinal_train.csv,.csv,131,2026-06-23T15:20:22Z,9ab495b86276111050e284c3e2d26ea329abacaae684b35b2f3f9c066364d3f8
outputs/AURORA_TWETF/ordinal_imbalance_uncertainty/run_20260623_151920/metrics/confusion_matrix_TAIEX_regime_fixed_20d_R4_lgbm_regression_to_ordinal_validation.csv,confusion_matrix_TAIEX_regime_fixed_20d_R4_lgbm_regression_to_ordinal_validation.csv,.csv,127,2026-06-23T15:20:23Z,da0e2fd210b2931340c51a1a1b53d3ff714844e766f460ff557236f590847b2a
outputs/AURORA_TWETF/ordinal_imbalance_uncertainty/run_20260623_151920/metrics/confusion_matrix_TAIEX_regime_fixed_20d_R5_xgb_regression_to_ordinal_test.csv,confusion_matrix_TAIEX_regime_fixed_20d_R5_xgb_regression_to_ordinal_test.csv,.csv,126,2026-06-23T15:20:33Z,3aa20373b55d4ad67c84a10f9c2a7c059bafdc022478a6324008fda862b932a2
outputs/AURORA_TWETF/ordinal_imbalance_uncertainty/run_20260623_151920/metrics/confusion_matrix_TAIEX_regime_fixed_20d_R5_xgb_regression_to_ordinal_train.csv,confusion_matrix_TAIEX_regime_fixed_20d_R5_xgb_regression_to_ordinal_train.csv,.csv,132,2026-06-23T15:20:31Z,c8e361e8800362a2e26a30efd02b212af473cbc4ba1e85461f375fa59f0ebb3d
outputs/AURORA_TWETF/ordinal_imbalance_uncertainty/run_20260623_151920/metrics/confusion_matrix_TAIEX_regime_fixed_20d_R5_xgb_regression_to_ordinal_validation.csv,confusion_matrix_TAIEX_regime_fixed_20d_R5_xgb_regression_to_ordinal_validation.csv,.csv,127,2026-06-23T15:20:32Z,4c80cec4cc7b578c244568bd56df1f03f869b7a23c77a6cc5096ebae470bb0bc
outputs/AURORA_TWETF/ordinal_imbalance_uncertainty/run_20260623_151920/metrics/confusion_matrix_TAIEX_regime_fixed_60d_C1_calibrated_logistic_balanced_test.csv,confusion_matrix_TAIEX_regime_fixed_60d_C1_calibrated_logistic_balanced_test.csv,.csv,125,2026-06-23T15:22:25Z,b17fecb345ca42f13c7327fd83145ef56e32b96d48d7550fc11b14f0c60576f4
outputs/AURORA_TWETF/ordinal_imbalance_uncertainty/run_20260623_151920/metrics/confusion_matrix_TAIEX_regime_fixed_60d_C1_calibrated_logistic_balanced_train.csv,confusion_matrix_TAIEX_regime_fixed_60d_C1_calibrated_logistic_balanced_train.csv,.csv,130,2026-06-23T15:22:23Z,973e1280d4dde37daabd28bacb62eb0d41a3906a97fd0a1ba6a4f08f4201bfd4
outputs/AURORA_TWETF/ordinal_imbalance_uncertainty/run_20260623_151920/metrics/confusion_matrix_TAIEX_regime_fixed_60d_C1_calibrated_logistic_balanced_validation.csv,confusion_matrix_TAIEX_regime_fixed_60d_C1_calibrated_logistic_balanced_validation.csv,.csv,129,2026-06-23T15:22:24Z,f840a398658e886d26b46e1fd93b3aa0e0e7344ad59a419072da23e014045c67
outputs/AURORA_TWETF/ordinal_imbalance_uncertainty/run_20260623_151920/metrics/confusion_matrix_TAIEX_regime_fixed_60d_C2_calibrated_rf_balanced_test.csv,confusion_matrix_TAIEX_regime_fixed_60d_C2_calibrated_rf_balanced_test.csv,.csv,125,2026-06-23T15:22:33Z,3f5deba30fb3d1e7db71ee19304961063ebcf0fd95a4caaf1af4a411df04d94f
outputs/AURORA_TWETF/ordinal_imbalance_uncertainty/run_20260623_151920/metrics/confusion_matrix_TAIEX_regime_fixed_60d_C2_calibrated_rf_balanced_train.csv,confusion_matrix_TAIEX_regime_fixed_60d_C2_calibrated_rf_balanced_train.csv,.csv,136,2026-06-23T15:22:31Z,e6d57905f4ccf9e4f6b37b0b669279573849da4022c8c9e9dbc8b469adf04c34
outputs/AURORA_TWETF/ordinal_imbalance_uncertainty/run_20260623_151920/metrics/confusion_matrix_TAIEX_regime_fixed_60d_C2_calibrated_rf_balanced_validation.csv,confusion_matrix_TAIEX_regime_fixed_60d_C2_calibrated_rf_balanced_validation.csv,.csv,129,2026-06-23T15:22:32Z,170dd639ce73b54b38bcda1d1d6cff4e31785f84c89813067f11bb40d2fff80a
outputs/AURORA_TWETF/ordinal_imbalance_uncertainty/run_20260623_151920/metrics/confusion_matrix_TAIEX_regime_fixed_60d_C3_calibrated_lgbm_balanced_test.csv,confusion_matrix_TAIEX_regime_fixed_60d_C3_calibrated_lgbm_balanced_test.csv,.csv,125,2026-06-23T15:22:40Z,dafef9823e4dac5bfd010530b418aaa55d6fd62254b4a9a7bc5dd6d187847474
outputs/AURORA_TWETF/ordinal_imbalance_uncertainty/run_20260623_151920/metrics/confusion_matrix_TAIEX_regime_fixed_60d_C3_calibrated_lgbm_balanced_train.csv,confusion_matrix_TAIEX_regime_fixed_60d_C3_calibrated_lgbm_balanced_train.csv,.csv,130,2026-06-23T15:22:39Z,01de5d21b23476061ab60d12d8b983bb9c4791f201d06c12f753a162611d7ee4
outputs/AURORA_TWETF/ordinal_imbalance_uncertainty/run_20260623_151920/metrics/confusion_matrix_TAIEX_regime_fixed_60d_C3_calibrated_lgbm_balanced_validation.csv,confusion_matrix_TAIEX_regime_fixed_60d_C3_calibrated_lgbm_balanced_validation.csv,.csv,129,2026-06-23T15:22:40Z,c0c163658e1e7110ed3214f2ed85199122ae5e78a4126d31abf9ab53d2a52154
outputs/AURORA_TWETF/ordinal_imbalance_uncertainty/run_20260623_151920/metrics/confusion_matrix_TAIEX_regime_fixed_60d_C4_calibrated_xgb_multiclass_test.csv,confusion_matrix_TAIEX_regime_fixed_60d_C4_calibrated_xgb_multiclass_test.csv,.csv,125,2026-06-23T15:22:52Z,1b219c0dee03a51100470a672a72e1f9206bac50f4f6060826487f369758f821
outputs/AURORA_TWETF/ordinal_imbalance_uncertainty/run_20260623_151920/metrics/confusion_matrix_TAIEX_regime_fixed_60d_C4_calibrated_xgb_multiclass_train.csv,confusion_matrix_TAIEX_regime_fixed_60d_C4_calibrated_xgb_multiclass_train.csv,.csv,134,2026-06-23T15:22:49Z,3cc098ab001b33ed07975829255622dce6e564deddaeb576f4977421155ed730
outputs/AURORA_TWETF/ordinal_imbalance_uncertainty/run_20260623_151920/metrics/confusion_matrix_TAIEX_regime_fixed_60d_C4_calibrated_xgb_multiclass_validation.csv,confusion_matrix_TAIEX_regime_fixed_60d_C4_calibrated_xgb_multiclass_validation.csv,.csv,127,2026-06-23T15:22:50Z,62bb47946370b46e8d360376349f5cfadd6b51946aa91fb4873959b7b6dff4ab
outputs/AURORA_TWETF/ordinal_imbalance_uncertainty/run_20260623_151920/metrics/confusion_matrix_TAIEX_regime_fixed_60d_E1_valid_model_probability_ensemble_test.csv,confusion_matrix_TAIEX_regime_fixed_60d_E1_valid_model_probability_ensemble_test.csv,.csv,125,2026-06-23T15:22:57Z,87c873e8c02b12736de8c2e5ba2fc0f0a941b84df58ee128a84f952220a5eb15
outputs/AURORA_TWETF/ordinal_imbalance_uncertainty/run_20260623_151920/metrics/confusion_matrix_TAIEX_regime_fixed_60d_E1_valid_model_probability_ensemble_train.csv,confusion_matrix_TAIEX_regime_fixed_60d_E1_valid_model_probability_ensemble_train.csv,.csv,130,2026-06-23T15:22:55Z,09dd6373959b056f7d095647d84083b35598404ee6295805ca32410c87f55371
outputs/AURORA_TWETF/ordinal_imbalance_uncertainty/run_20260623_151920/metrics/confusion_matrix_TAIEX_regime_fixed_60d_E1_valid_model_probability_ensemble_validation.csv,confusion_matrix_TAIEX_regime_fixed_60d_E1_valid_model_probability_ensemble_validation.csv,.csv,127,2026-06-23T15:22:56Z,40dcc15706dc0c84ef17cf3692346fe3db929737bfd400ed177b34263f0f08ee
outputs/AURORA_TWETF/ordinal_imbalance_uncertainty/run_20260623_151920/metrics/confusion_matrix_TAIEX_regime_fixed_60d_O1_cumulative_logit_balanced_test.csv,confusion_matrix_TAIEX_regime_fixed_60d_O1_cumulative_logit_balanced_test.csv,.csv,125,2026-06-23T15:21:19Z,db8f29949b03fc9dfa13f7a77283b626854ee01faa764da516a9552d33e9dc93
outputs/AURORA_TWETF/ordinal_imbalance_uncertainty/run_20260623_151920/metrics/confusion_matrix_TAIEX_regime_fixed_60d_O1_cumulative_logit_balanced_train.csv,confusion_matrix_TAIEX_regime_fixed_60d_O1_cumulative_logit_balanced_train.csv,.csv,130,2026-06-23T15:21:17Z,c67e20eb3aa34e4f454ab42ded404a2a07a1c53e5a9a20ffbb32abf90668e0da
outputs/AURORA_TWETF/ordinal_imbalance_uncertainty/run_20260623_151920/metrics/confusion_matrix_TAIEX_regime_fixed_60d_O1_cumulative_logit_balanced_validation.csv,confusion_matrix_TAIEX_regime_fixed_60d_O1_cumulative_logit_balanced_validation.csv,.csv,129,2026-06-23T15:21:18Z,b34ed62e7b05ee6fd0adaad2c4750505cd29cb2c30e202402341123226694680
outputs/AURORA_TWETF/ordinal_imbalance_uncertainty/run_20260623_151920/metrics/confusion_matrix_TAIEX_regime_fixed_60d_O2_cumulative_rf_balanced_test.csv,confusion_matrix_TAIEX_regime_fixed_60d_O2_cumulative_rf_balanced_test.csv,.csv,126,2026-06-23T15:21:31Z,479f4abf4f6d4907bfdc77677e88494d3a3a0b4e5249c4e1645679aa87af2d62
outputs/AURORA_TWETF/ordinal_imbalance_uncertainty/run_20260623_151920/metrics/confusion_matrix_TAIEX_regime_fixed_60d_O2_cumulative_rf_balanced_train.csv,confusion_matrix_TAIEX_regime_fixed_60d_O2_cumulative_rf_balanced_train.csv,.csv,134,2026-06-23T15:21:29Z,16411952a885ec2941561a5ba205cb59f0290f9b542a6d72baeb6161eb563bcc
outputs/AURORA_TWETF/ordinal_imbalance_uncertainty/run_20260623_151920/metrics/confusion_matrix_TAIEX_regime_fixed_60d_O2_cumulative_rf_balanced_validation.csv,confusion_matrix_TAIEX_regime_fixed_60d_O2_cumulative_rf_balanced_validation.csv,.csv,127,2026-06-23T15:21:30Z,5a23396dc4b0cf908092c95236e08ab2570d81d4c4f9c4afeba3f3630564dc69
outputs/AURORA_TWETF/ordinal_imbalance_uncertainty/run_20260623_151920/metrics/confusion_matrix_TAIEX_regime_fixed_60d_O3_cumulative_et_balanced_test.csv,confusion_matrix_TAIEX_regime_fixed_60d_O3_cumulative_et_balanced_test.csv,.csv,124,2026-06-23T15:21:42Z,9d0ae27a939eccbb812b3ae0ee573c8251302d1e6b897cc3a6828004d0224826
outputs/AURORA_TWETF/ordinal_imbalance_uncertainty/run_20260623_151920/metrics/confusion_matrix_TAIEX_regime_fixed_60d_O3_cumulative_et_balanced_train.csv,confusion_matrix_TAIEX_regime_fixed_60d_O3_cumulative_et_balanced_train.csv,.csv,137,2026-06-23T15:21:40Z,f8a91a3d04407982521b6f2cf4a1b928db6b37e5d2802ccd962d7c9e97255b4a
outputs/AURORA_TWETF/ordinal_imbalance_uncertainty/run_20260623_151920/metrics/confusion_matrix_TAIEX_regime_fixed_60d_O3_cumulative_et_balanced_validation.csv,confusion_matrix_TAIEX_regime_fixed_60d_O3_cumulative_et_balanced_validation.csv,.csv,128,2026-06-23T15:21:41Z,a12561da89b88dbaa686f3e51cb6b811b7fa3b098a54dbaf420f1442ed0d0e9d
outputs/AURORA_TWETF/ordinal_imbalance_uncertainty/run_20260623_151920/metrics/confusion_matrix_TAIEX_regime_fixed_60d_O4_cumulative_lgbm_balanced_test.csv,confusion_matrix_TAIEX_regime_fixed_60d_O4_cumulative_lgbm_balanced_test.csv,.csv,124,2026-06-23T15:21:49Z,5768a899fc53c3a5fc03a3b76c6b198627231f8a9b3d3a2bc1108ff6fb3ae5e9
outputs/AURORA_TWETF/ordinal_imbalance_uncertainty/run_20260623_151920/metrics/confusion_matrix_TAIEX_regime_fixed_60d_O4_cumulative_lgbm_balanced_train.csv,confusion_matrix_TAIEX_regime_fixed_60d_O4_cumulative_lgbm_balanced_train.csv,.csv,131,2026-06-23T15:21:47Z,b820862fc0b0e1ed6af278bfc3a0c120b7f5663f3c9f25f972f5e1975bcf2821
outputs/AURORA_TWETF/ordinal_imbalance_uncertainty/run_20260623_151920/metrics/confusion_matrix_TAIEX_regime_fixed_60d_O4_cumulative_lgbm_balanced_validation.csv,confusion_matrix_TAIEX_regime_fixed_60d_O4_cumulative_lgbm_balanced_validation.csv,.csv,133,2026-06-23T15:21:48Z,5dc88301cad784465bc50e689401b4ae57804936d463886357b67d5613116f94
outputs/AURORA_TWETF/ordinal_imbalance_uncertainty/run_20260623_151920/metrics/confusion_matrix_TAIEX_regime_fixed_60d_R1_ridge_regression_to_ordinal_test.csv,confusion_matrix_TAIEX_regime_fixed_60d_R1_ridge_regression_to_ordinal_test.csv,.csv,125,2026-06-23T15:21:54Z,01c09151176c61e01e9bf0685460f50e17db10b694b442b90013451394860141
outputs/AURORA_TWETF/ordinal_imbalance_uncertainty/run_20260623_151920/metrics/confusion_matrix_TAIEX_regime_fixed_60d_R1_ridge_regression_to_ordinal_train.csv,confusion_matrix_TAIEX_regime_fixed_60d_R1_ridge_regression_to_ordinal_train.csv,.csv,137,2026-06-23T15:21:52Z,890cb06d8bce9f2a85b436938862cc46105dcc56e3128c212cb21a77a9ed32b0
outputs/AURORA_TWETF/ordinal_imbalance_uncertainty/run_20260623_151920/metrics/confusion_matrix_TAIEX_regime_fixed_60d_R1_ridge_regression_to_ordinal_validation.csv,confusion_matrix_TAIEX_regime_fixed_60d_R1_ridge_regression_to_ordinal_validation.csv,.csv,128,2026-06-23T15:21:53Z,659ff23146830bc6f4b7894cd07ba435bb52506454edbb28197076294bb5bf96
outputs/AURORA_TWETF/ordinal_imbalance_uncertainty/run_20260623_151920/metrics/confusion_matrix_TAIEX_regime_fixed_60d_R2_rf_regression_to_ordinal_test.csv,confusion_matrix_TAIEX_regime_fixed_60d_R2_rf_regression_to_ordinal_test.csv,.csv,125,2026-06-23T15:22:00Z,e2e0aaa56e1156755102230ffa85649c1db6a510dc870cef91608eb5872debd7
outputs/AURORA_TWETF/ordinal_imbalance_uncertainty/run_20260623_151920/metrics/confusion_matrix_TAIEX_regime_fixed_60d_R2_rf_regression_to_ordinal_train.csv,confusion_matrix_TAIEX_regime_fixed_60d_R2_rf_regression_to_ordinal_train.csv,.csv,132,2026-06-23T15:21:58Z,d4ff4dbc06ab135639df032b030bc9bd94eb3257782b39988b505829370e9f51
outputs/AURORA_TWETF/ordinal_imbalance_uncertainty/run_20260623_151920/metrics/confusion_matrix_TAIEX_regime_fixed_60d_R2_rf_regression_to_ordinal_validation.csv,confusion_matrix_TAIEX_regime_fixed_60d_R2_rf_regression_to_ordinal_validation.csv,.csv,128,2026-06-23T15:21:59Z,56d5ae9c5a0b08fc00a40b78e095b4ecccecc942dbe8737c7f5712a2872340fe
outputs/AURORA_TWETF/ordinal_imbalance_uncertainty/run_20260623_151920/metrics/confusion_matrix_TAIEX_regime_fixed_60d_R3_et_regression_to_ordinal_test.csv,confusion_matrix_TAIEX_regime_fixed_60d_R3_et_regression_to_ordinal_test.csv,.csv,125,2026-06-23T15:22:05Z,17601a850d8724069a6e84718fd3f9c82f115a68e16c8211aa9011213a74692f
outputs/AURORA_TWETF/ordinal_imbalance_uncertainty/run_20260623_151920/metrics/confusion_matrix_TAIEX_regime_fixed_60d_R3_et_regression_to_ordinal_train.csv,confusion_matrix_TAIEX_regime_fixed_60d_R3_et_regression_to_ordinal_train.csv,.csv,135,2026-06-23T15:22:04Z,08770931c88bc48ca410d6c50c7157184b3075a5c7171fd4c987a3a9ec587af8
outputs/AURORA_TWETF/ordinal_imbalance_uncertainty/run_20260623_151920/metrics/confusion_matrix_TAIEX_regime_fixed_60d_R3_et_regression_to_ordinal_validation.csv,confusion_matrix_TAIEX_regime_fixed_60d_R3_et_regression_to_ordinal_validation.csv,.csv,127,2026-06-23T15:22:04Z,09ecdb1636d298af999007706c1afb7dd02e12527f6593bb78667886d6966ca5
outputs/AURORA_TWETF/ordinal_imbalance_uncertainty/run_20260623_151920/metrics/confusion_matrix_TAIEX_regime_fixed_60d_R4_lgbm_regression_to_ordinal_test.csv,confusion_matrix_TAIEX_regime_fixed_60d_R4_lgbm_regression_to_ordinal_test.csv,.csv,124,2026-06-23T15:22:11Z,b8b21606ef3fa10d547efd8a92eaeb5cc46e294edf6ea63e612769dc3bebfffb
outputs/AURORA_TWETF/ordinal_imbalance_uncertainty/run_20260623_151920/metrics/confusion_matrix_TAIEX_regime_fixed_60d_R4_lgbm_regression_to_ordinal_train.csv,confusion_matrix_TAIEX_regime_fixed_60d_R4_lgbm_regression_to_ordinal_train.csv,.csv,132,2026-06-23T15:22:10Z,b2802b2cefefef2e59f4cb67631bdac028a6a6ace7980a8594daa6325b93421c
outputs/AURORA_TWETF/ordinal_imbalance_uncertainty/run_20260623_151920/metrics/confusion_matrix_TAIEX_regime_fixed_60d_R4_lgbm_regression_to_ordinal_validation.csv,confusion_matrix_TAIEX_regime_fixed_60d_R4_lgbm_regression_to_ordinal_validation.csv,.csv,128,2026-06-23T15:22:11Z,ed49890f395252b4617a9cd42513145f1ac3f555d0c275d685543868fff42460
outputs/AURORA_TWETF/ordinal_imbalance_uncertainty/run_20260623_151920/metrics/confusion_matrix_TAIEX_regime_fixed_60d_R5_xgb_regression_to_ordinal_test.csv,confusion_matrix_TAIEX_regime_fixed_60d_R5_xgb_regression_to_ordinal_test.csv,.csv,124,2026-06-23T15:22:20Z,21f54a35b1078a7bf563a509e352118314740fc6ee69e310eaf1055ccdcf6426
outputs/AURORA_TWETF/ordinal_imbalance_uncertainty/run_20260623_151920/metrics/confusion_matrix_TAIEX_regime_fixed_60d_R5_xgb_regression_to_ordinal_train.csv,confusion_matrix_TAIEX_regime_fixed_60d_R5_xgb_regression_to_ordinal_train.csv,.csv,136,2026-06-23T15:22:18Z,043928c1d01dc4c2c4ba9d1aa29eeb33aec8b3a9d9f8552256413ddf56d3ffa6
outputs/AURORA_TWETF/ordinal_imbalance_uncertainty/run_20260623_151920/metrics/confusion_matrix_TAIEX_regime_fixed_60d_R5_xgb_regression_to_ordinal_validation.csv,confusion_matrix_TAIEX_regime_fixed_60d_R5_xgb_regression_to_ordinal_validation.csv,.csv,128,2026-06-23T15:22:19Z,b4bc60cece8333ba69dac4de332b76e65d57be9fdd94179825b3ed99e521c18c
outputs/AURORA_TWETF/ordinal_imbalance_uncertainty/run_20260623_151920/metrics/ensemble_weights_TAIEX_regime_fixed_20d_E1_valid_model_probability_ensemble.csv,ensemble_weights_TAIEX_regime_fixed_20d_E1_valid_model_probability_ensemble.csv,.csv,1439,2026-06-23T15:21:08Z,7c479598c50d23ddca89fccb844ce5320bea198f9aa80aca01fdf298308961ac
outputs/AURORA_TWETF/ordinal_imbalance_uncertainty/run_20260623_151920/metrics/ensemble_weights_TAIEX_regime_fixed_60d_E1_valid_model_probability_ensemble.csv,ensemble_weights_TAIEX_regime_fixed_60d_E1_valid_model_probability_ensemble.csv,.csv,1443,2026-06-23T15:22:55Z,44bd0c8214d564b77e22e45e3edfa9024ccaff228c8d283c36ab63e02d448843
outputs/AURORA_TWETF/ordinal_imbalance_uncertainty/run_20260623_151920/metrics/leaderboard_TAIEX_regime_fixed_20d_test.csv,leaderboard_TAIEX_regime_fixed_20d_test.csv,.csv,9266,2026-06-23T15:23:00Z,99a1160fc3e7dc1fceb68e3abae431538a1f1452e58b87cef0ca7db291cf4af5
outputs/AURORA_TWETF/ordinal_imbalance_uncertainty/run_20260623_151920/metrics/leaderboard_TAIEX_regime_fixed_20d_validation.csv,leaderboard_TAIEX_regime_fixed_20d_validation.csv,.csv,9636,2026-06-23T15:23:00Z,fd1e2e785c9b9618dd5c4ab406c6906d962d98e39550f9b1152b880a5d89a64d
outputs/AURORA_TWETF/ordinal_imbalance_uncertainty/run_20260623_151920/metrics/leaderboard_TAIEX_regime_fixed_60d_test.csv,leaderboard_TAIEX_regime_fixed_60d_test.csv,.csv,9167,2026-06-23T15:23:00Z,dca6555fa7daa8e4bbfd652614ce5dbd6b79b9c238eebd63b91ce61d37196894
outputs/AURORA_TWETF/ordinal_imbalance_uncertainty/run_20260623_151920/metrics/leaderboard_TAIEX_regime_fixed_60d_validation.csv,leaderboard_TAIEX_regime_fixed_60d_validation.csv,.csv,9651,2026-06-23T15:23:00Z,8fa0a2d0b5c475d6c1d9fd45ff25f0baa88080a8231fb02212205cb72255a9f7
outputs/AURORA_TWETF/ordinal_imbalance_uncertainty/run_20260623_151920/metrics/leaderboards_all.csv,leaderboards_all.csv,.csv,35920,2026-06-23T15:23:00Z,6581733dae1763da7f5ba2dfc885d525e2bb8b5f20cff49753a0fa895f37fa58
outputs/AURORA_TWETF/ordinal_imbalance_uncertainty/run_20260623_151920/metrics/leaderboards_all.parquet,leaderboards_all.parquet,.parquet,35976,2026-06-23T15:23:00Z,f2c69799a630c5dc054ca24e8e4b83302a199569a0beaf47c9486780f0ba8b9b
outputs/AURORA_TWETF/ordinal_imbalance_uncertainty/run_20260623_151920/metrics/ordinal_uncertainty_classification_reports_all.csv,ordinal_uncertainty_classification_reports_all.csv,.csv,114182,2026-06-23T15:22:59Z,9543db68024173d91bfc9bc0e2facf6616ad5bc3034b293d9bc8e5237f591a82
outputs/AURORA_TWETF/ordinal_imbalance_uncertainty/run_20260623_151920/metrics/ordinal_uncertainty_classification_reports_all.parquet,ordinal_uncertainty_classification_reports_all.parquet,.parquet,20234,2026-06-23T15:22:59Z,c68d05924d634ab26287fd224528529bcd78663598c51daca28bd56e6ed25741
outputs/AURORA_TWETF/ordinal_imbalance_uncertainty/run_20260623_151920/metrics/ordinal_uncertainty_metrics_all.csv,ordinal_uncertainty_metrics_all.csv,.csv,48040,2026-06-23T15:22:59Z,add7b4757d5485071c40e7e18ea20d6bc4cf3839eab006e0dedd166ef163e0e0
outputs/AURORA_TWETF/ordinal_imbalance_uncertainty/run_20260623_151920/metrics/ordinal_uncertainty_metrics_all.parquet,ordinal_uncertainty_metrics_all.parquet,.parquet,36402,2026-06-23T15:22:59Z,b69233c75e41b789d583172702c1d28e38f8ac290f28799e9f5da828a290355a
outputs/AURORA_TWETF/ordinal_imbalance_uncertainty/run_20260623_151920/metrics/ordinal_uncertainty_model_training_summary.csv,ordinal_uncertainty_model_training_summary.csv,.csv,9414,2026-06-23T15:23:00Z,815295cceed4a3157e13c6900fd9d662ae5253825b8c3026d19d0dd0a6e4859a
outputs/AURORA_TWETF/ordinal_imbalance_uncertainty/run_20260623_151920/models/model_TAIEX_regime_fixed_20d_C1_calibrated_logistic_balanced.joblib,model_TAIEX_regime_fixed_20d_C1_calibrated_logistic_balanced.joblib,.joblib,55275,2026-06-23T15:20:37Z,0ba4761b7948760d8f0db6774e8776dfc0094cecb603ec8a8f99d3aa85c4827d
outputs/AURORA_TWETF/ordinal_imbalance_uncertainty/run_20260623_151920/models/model_TAIEX_regime_fixed_20d_C2_calibrated_rf_balanced.joblib,model_TAIEX_regime_fixed_20d_C2_calibrated_rf_balanced.joblib,.joblib,1675865,2026-06-23T15:20:44Z,916697f6051db0fbb73e8b24b33453b1749f57691574e0fc99d8b8fa45e00a56
outputs/AURORA_TWETF/ordinal_imbalance_uncertainty/run_20260623_151920/models/model_TAIEX_regime_fixed_20d_C3_calibrated_lgbm_balanced.joblib,model_TAIEX_regime_fixed_20d_C3_calibrated_lgbm_balanced.joblib,.joblib,1449601,2026-06-23T15:20:52Z,6a10662d3091579503dad73775f451ae907d484a19a6648e2b771ec23ab599a4
outputs/AURORA_TWETF/ordinal_imbalance_uncertainty/run_20260623_151920/models/model_TAIEX_regime_fixed_20d_C4_calibrated_xgb_multiclass.joblib,model_TAIEX_regime_fixed_20d_C4_calibrated_xgb_multiclass.joblib,.joblib,1332540,2026-06-23T15:21:03Z,b8b9d95b2ea1258b954a1cf9c08b18aadab92dc74bd64f6350f2515f41687f79
outputs/AURORA_TWETF/ordinal_imbalance_uncertainty/run_20260623_151920/models/model_TAIEX_regime_fixed_20d_E1_valid_model_probability_ensemble.joblib,model_TAIEX_regime_fixed_20d_E1_valid_model_probability_ensemble.joblib,.joblib,1275,2026-06-23T15:21:08Z,e92880981568ba17540bfc2e129d90f39e44c4d7a58872c497a8a45816dac74d
outputs/AURORA_TWETF/ordinal_imbalance_uncertainty/run_20260623_151920/models/model_TAIEX_regime_fixed_20d_O1_cumulative_logit_balanced.joblib,model_TAIEX_regime_fixed_20d_O1_cumulative_logit_balanced.joblib,.joblib,128288,2026-06-23T15:19:29Z,1fa662747e265abbfef3c0bd9668dbb182c700587b9195ba0c059c6ce95a7fa9
outputs/AURORA_TWETF/ordinal_imbalance_uncertainty/run_20260623_151920/models/model_TAIEX_regime_fixed_20d_O2_cumulative_rf_balanced.joblib,model_TAIEX_regime_fixed_20d_O2_cumulative_rf_balanced.joblib,.joblib,3260285,2026-06-23T15:19:41Z,6642e79695a1bdab48ce7cf28dbb9c021cb952ecb9a668260d0dece7acd4e63c
outputs/AURORA_TWETF/ordinal_imbalance_uncertainty/run_20260623_151920/models/model_TAIEX_regime_fixed_20d_O3_cumulative_et_balanced.joblib,model_TAIEX_regime_fixed_20d_O3_cumulative_et_balanced.joblib,.joblib,4081705,2026-06-23T15:19:51Z,a9637bd96b3e7fc1de1f8c0303f50dce907cabbeb2f4da89eb7a33439a21ef14
outputs/AURORA_TWETF/ordinal_imbalance_uncertainty/run_20260623_151920/models/model_TAIEX_regime_fixed_20d_O4_cumulative_lgbm_balanced.joblib,model_TAIEX_regime_fixed_20d_O4_cumulative_lgbm_balanced.joblib,.joblib,1109253,2026-06-23T15:20:00Z,a68a3240a9a6a52dd1536068e4d6e867e28b67b73dbe8f9cede3119560b774c9
outputs/AURORA_TWETF/ordinal_imbalance_uncertainty/run_20260623_151920/models/model_TAIEX_regime_fixed_20d_R1_ridge_regression_to_ordinal.joblib,model_TAIEX_regime_fixed_20d_R1_ridge_regression_to_ordinal.joblib,.joblib,41924,2026-06-23T15:20:04Z,b2625e6b6f391dd6d7b1cfcd5f40dc2a63deea57e912aea6123de0e73e661c2f
outputs/AURORA_TWETF/ordinal_imbalance_uncertainty/run_20260623_151920/models/model_TAIEX_regime_fixed_20d_R2_rf_regression_to_ordinal.joblib,model_TAIEX_regime_fixed_20d_R2_rf_regression_to_ordinal.joblib,.joblib,849784,2026-06-23T15:20:11Z,ada472ccf1b6a09917b54521974a7ccb3c02777d32b4a460016e47eb00d5c119
outputs/AURORA_TWETF/ordinal_imbalance_uncertainty/run_20260623_151920/models/model_TAIEX_regime_fixed_20d_R3_et_regression_to_ordinal.joblib,model_TAIEX_regime_fixed_20d_R3_et_regression_to_ordinal.joblib,.joblib,964996,2026-06-23T15:20:16Z,7b163a3e67aa1dad00a80e2e314ba263145de2a67bafa4ce9f4a39ab27b3b2e2
outputs/AURORA_TWETF/ordinal_imbalance_uncertainty/run_20260623_151920/models/model_TAIEX_regime_fixed_20d_R4_lgbm_regression_to_ordinal.joblib,model_TAIEX_regime_fixed_20d_R4_lgbm_regression_to_ordinal.joblib,.joblib,292080,2026-06-23T15:20:22Z,753bd05ec716c23ff70e7af38805c783f418debdf98e85906ab1bb20569301e6
outputs/AURORA_TWETF/ordinal_imbalance_uncertainty/run_20260623_151920/models/model_TAIEX_regime_fixed_20d_R5_xgb_regression_to_ordinal.joblib,model_TAIEX_regime_fixed_20d_R5_xgb_regression_to_ordinal.joblib,.joblib,300829,2026-06-23T15:20:31Z,318a2347dc7730ff0b789035bd82b9a9ac5efb7bda948a85aeab4d03a24083df
outputs/AURORA_TWETF/ordinal_imbalance_uncertainty/run_20260623_151920/models/model_TAIEX_regime_fixed_60d_C1_calibrated_logistic_balanced.joblib,model_TAIEX_regime_fixed_60d_C1_calibrated_logistic_balanced.joblib,.joblib,55275,2026-06-23T15:22:23Z,313a3328937bc20032e425120cdb64417c7d6e7aae00de6b3d3acaa8f301fe62
outputs/AURORA_TWETF/ordinal_imbalance_uncertainty/run_20260623_151920/models/model_TAIEX_regime_fixed_60d_C2_calibrated_rf_balanced.joblib,model_TAIEX_regime_fixed_60d_C2_calibrated_rf_balanced.joblib,.joblib,2062537,2026-06-23T15:22:31Z,3dd22bd4d1f875edc73dde8f7e5c04a9168bea0c518243209bb53f5cd2ce6292
outputs/AURORA_TWETF/ordinal_imbalance_uncertainty/run_20260623_151920/models/model_TAIEX_regime_fixed_60d_C3_calibrated_lgbm_balanced.joblib,model_TAIEX_regime_fixed_60d_C3_calibrated_lgbm_balanced.joblib,.joblib,1467553,2026-06-23T15:22:39Z,a15c48e3542c54389a52eb08fc99b4b61f5c70f92059e1851ded8591ae50ed30
outputs/AURORA_TWETF/ordinal_imbalance_uncertainty/run_20260623_151920/models/model_TAIEX_regime_fixed_60d_C4_calibrated_xgb_multiclass.joblib,model_TAIEX_regime_fixed_60d_C4_calibrated_xgb_multiclass.joblib,.joblib,1353628,2026-06-23T15:22:49Z,552d04094531996046bd1c9cd39355552c6fe08344a83693c58c777e1d7eca86
outputs/AURORA_TWETF/ordinal_imbalance_uncertainty/run_20260623_151920/models/model_TAIEX_regime_fixed_60d_E1_valid_model_probability_ensemble.joblib,model_TAIEX_regime_fixed_60d_E1_valid_model_probability_ensemble.joblib,.joblib,1275,2026-06-23T15:22:55Z,cee3e1ad9f304dd5df3c7485c1572e44cac46530421da774fa93729cf1f3f4b2
outputs/AURORA_TWETF/ordinal_imbalance_uncertainty/run_20260623_151920/models/model_TAIEX_regime_fixed_60d_O1_cumulative_logit_balanced.joblib,model_TAIEX_regime_fixed_60d_O1_cumulative_logit_balanced.joblib,.joblib,128288,2026-06-23T15:21:17Z,444e41839d3e1b8d9b086994f6921aa396e4d3952aa599b5bb872e68177b1d8c
outputs/AURORA_TWETF/ordinal_imbalance_uncertainty/run_20260623_151920/models/model_TAIEX_regime_fixed_60d_O2_cumulative_rf_balanced.joblib,model_TAIEX_regime_fixed_60d_O2_cumulative_rf_balanced.joblib,.joblib,3753405,2026-06-23T15:21:29Z,742ee340f85bbb1606752725fc0fa0e558574851d55d3db413f59e05de3df22a
outputs/AURORA_TWETF/ordinal_imbalance_uncertainty/run_20260623_151920/models/model_TAIEX_regime_fixed_60d_O3_cumulative_et_balanced.joblib,model_TAIEX_regime_fixed_60d_O3_cumulative_et_balanced.joblib,.joblib,4358825,2026-06-23T15:21:39Z,d0adabbe521d37fce4723f903976f09436d0aa208a0d09f7eff30efb056dd8b3
outputs/AURORA_TWETF/ordinal_imbalance_uncertainty/run_20260623_151920/models/model_TAIEX_regime_fixed_60d_O4_cumulative_lgbm_balanced.joblib,model_TAIEX_regime_fixed_60d_O4_cumulative_lgbm_balanced.joblib,.joblib,1151941,2026-06-23T15:21:47Z,18647095024fc4f7cb44d1853eb3409493f99bfc570fa9dfb859cd9a8e1aa99b
outputs/AURORA_TWETF/ordinal_imbalance_uncertainty/run_20260623_151920/models/model_TAIEX_regime_fixed_60d_R1_ridge_regression_to_ordinal.joblib,model_TAIEX_regime_fixed_60d_R1_ridge_regression_to_ordinal.joblib,.joblib,41924,2026-06-23T15:21:52Z,c68b2ca64cf00a32fa3d1039737227e872af6cfea2c23130dff9bfe359fd415e
outputs/AURORA_TWETF/ordinal_imbalance_uncertainty/run_20260623_151920/models/model_TAIEX_regime_fixed_60d_R2_rf_regression_to_ordinal.joblib,model_TAIEX_regime_fixed_60d_R2_rf_regression_to_ordinal.joblib,.joblib,963256,2026-06-23T15:21:58Z,63ac3e87ded5b2eea475eae948ef03612d59773ac0ca35f8040163a7fc6ae4ef
outputs/AURORA_TWETF/ordinal_imbalance_uncertainty/run_20260623_151920/models/model_TAIEX_regime_fixed_60d_R3_et_regression_to_ordinal.joblib,model_TAIEX_regime_fixed_60d_R3_et_regression_to_ordinal.joblib,.joblib,1036852,2026-06-23T15:22:03Z,d97795b93435ac1069e550aee4476e8186cda08b2667d8a736c6893806d44b48
outputs/AURORA_TWETF/ordinal_imbalance_uncertainty/run_20260623_151920/models/model_TAIEX_regime_fixed_60d_R4_lgbm_regression_to_ordinal.joblib,model_TAIEX_regime_fixed_60d_R4_lgbm_regression_to_ordinal.joblib,.joblib,311504,2026-06-23T15:22:10Z,5da60397ae5265bce450a2b925e4c937346b5eebf538fd9c247df33d4ad4ff12
outputs/AURORA_TWETF/ordinal_imbalance_uncertainty/run_20260623_151920/models/model_TAIEX_regime_fixed_60d_R5_xgb_regression_to_ordinal.joblib,model_TAIEX_regime_fixed_60d_R5_xgb_regression_to_ordinal.joblib,.joblib,301245,2026-06-23T15:22:18Z,828515de23d3f7e2d75eb780fd4cc4d76dc698c717d46c70effb6cd943b2c765
outputs/AURORA_TWETF/ordinal_imbalance_uncertainty/run_20260623_151920/plots/confusion_matrix_TAIEX_regime_fixed_20d_C1_calibrated_logistic_balanced_test.png,confusion_matrix_TAIEX_regime_fixed_20d_C1_calibrated_logistic_balanced_test.png,.png,82570,2026-06-23T15:20:39Z,1e232b824d5fb527cf113b0729742f01475b8733c9c13edaede37e3ef47f0d5e
outputs/AURORA_TWETF/ordinal_imbalance_uncertainty/run_20260623_151920/plots/confusion_matrix_TAIEX_regime_fixed_20d_C1_calibrated_logistic_balanced_train.png,confusion_matrix_TAIEX_regime_fixed_20d_C1_calibrated_logistic_balanced_train.png,.png,89822,2026-06-23T15:20:37Z,db41b48f3d37154b843c0fd941808807a55c5ebe9f120cf96e61b5575cefc110
outputs/AURORA_TWETF/ordinal_imbalance_uncertainty/run_20260623_151920/plots/confusion_matrix_TAIEX_regime_fixed_20d_C1_calibrated_logistic_balanced_validation.png,confusion_matrix_TAIEX_regime_fixed_20d_C1_calibrated_logistic_balanced_validation.png,.png,83105,2026-06-23T15:20:38Z,6a9cec29cc77cdfaf91eaf743e7fba4debf0efd2bfb914ab7ee25fcb165c32ac
outputs/AURORA_TWETF/ordinal_imbalance_uncertainty/run_20260623_151920/plots/confusion_matrix_TAIEX_regime_fixed_20d_C2_calibrated_rf_balanced_test.png,confusion_matrix_TAIEX_regime_fixed_20d_C2_calibrated_rf_balanced_test.png,.png,82835,2026-06-23T15:20:47Z,0a9c693d1f1fae12c5510bd1e05d4ab899ef374cd3388c03d87b5f9f8256d6eb
outputs/AURORA_TWETF/ordinal_imbalance_uncertainty/run_20260623_151920/plots/confusion_matrix_TAIEX_regime_fixed_20d_C2_calibrated_rf_balanced_train.png,confusion_matrix_TAIEX_regime_fixed_20d_C2_calibrated_rf_balanced_train.png,.png,87643,2026-06-23T15:20:45Z,cbbb2dae15faf474e3df42817ef7839d90dfa47a18b224a3602f967365e39cf0
outputs/AURORA_TWETF/ordinal_imbalance_uncertainty/run_20260623_151920/plots/confusion_matrix_TAIEX_regime_fixed_20d_C2_calibrated_rf_balanced_validation.png,confusion_matrix_TAIEX_regime_fixed_20d_C2_calibrated_rf_balanced_validation.png,.png,86301,2026-06-23T15:20:46Z,31a7741a3945bc50c104040ca5fab09089e7fb05cce0a2ef839795075f9e7539
outputs/AURORA_TWETF/ordinal_imbalance_uncertainty/run_20260623_151920/plots/confusion_matrix_TAIEX_regime_fixed_20d_C3_calibrated_lgbm_balanced_test.png,confusion_matrix_TAIEX_regime_fixed_20d_C3_calibrated_lgbm_balanced_test.png,.png,82333,2026-06-23T15:20:55Z,0b2ffb39cc700eff396cbe6afb3f0daba2456179964f1d1fdc01e70503b5a1a5
outputs/AURORA_TWETF/ordinal_imbalance_uncertainty/run_20260623_151920/plots/confusion_matrix_TAIEX_regime_fixed_20d_C3_calibrated_lgbm_balanced_train.png,confusion_matrix_TAIEX_regime_fixed_20d_C3_calibrated_lgbm_balanced_train.png,.png,89258,2026-06-23T15:20:53Z,1ec067e97bbfa4286a65a295d015e7b00e0291223c81dd0bdcb5b4c48507cf4b
outputs/AURORA_TWETF/ordinal_imbalance_uncertainty/run_20260623_151920/plots/confusion_matrix_TAIEX_regime_fixed_20d_C3_calibrated_lgbm_balanced_validation.png,confusion_matrix_TAIEX_regime_fixed_20d_C3_calibrated_lgbm_balanced_validation.png,.png,84619,2026-06-23T15:20:54Z,50bc7590e7d699faa9e753ee2cdf4c151c9702f2e85a009f5e08a666cfe8fe77
outputs/AURORA_TWETF/ordinal_imbalance_uncertainty/run_20260623_151920/plots/confusion_matrix_TAIEX_regime_fixed_20d_C4_calibrated_xgb_multiclass_test.png,confusion_matrix_TAIEX_regime_fixed_20d_C4_calibrated_xgb_multiclass_test.png,.png,81284,2026-06-23T15:21:06Z,198e0a419a23d257060ea9e12e52b78046a907d96be17b714e06fe0e322ca4bf
outputs/AURORA_TWETF/ordinal_imbalance_uncertainty/run_20260623_151920/plots/confusion_matrix_TAIEX_regime_fixed_20d_C4_calibrated_xgb_multiclass_train.png,confusion_matrix_TAIEX_regime_fixed_20d_C4_calibrated_xgb_multiclass_train.png,.png,91653,2026-06-23T15:21:04Z,73d899ce40f045a0c8b737cb405b1c675e59eea6df73985acb69d7d9986f0350
outputs/AURORA_TWETF/ordinal_imbalance_uncertainty/run_20260623_151920/plots/confusion_matrix_TAIEX_regime_fixed_20d_C4_calibrated_xgb_multiclass_validation.png,confusion_matrix_TAIEX_regime_fixed_20d_C4_calibrated_xgb_multiclass_validation.png,.png,87217,2026-06-23T15:21:04Z,f5383495fca43239f6649284cf0b405bdb5a9be80052e0d5c07e7e49bd4b2602
outputs/AURORA_TWETF/ordinal_imbalance_uncertainty/run_20260623_151920/plots/confusion_matrix_TAIEX_regime_fixed_20d_E1_valid_model_probability_ensemble_test.png,confusion_matrix_TAIEX_regime_fixed_20d_E1_valid_model_probability_ensemble_test.png,.png,83079,2026-06-23T15:21:11Z,c8911fe9c1057394d143e77c2ae06717d344b7a91854d47480dead8bef3c6bd5
outputs/AURORA_TWETF/ordinal_imbalance_uncertainty/run_20260623_151920/plots/confusion_matrix_TAIEX_regime_fixed_20d_E1_valid_model_probability_ensemble_train.png,confusion_matrix_TAIEX_regime_fixed_20d_E1_valid_model_probability_ensemble_train.png,.png,90282,2026-06-23T15:21:09Z,d251527dda4e6429a1252b39cc8bb49945c5a411d970c1967d53e576905f3a4d
outputs/AURORA_TWETF/ordinal_imbalance_uncertainty/run_20260623_151920/plots/confusion_matrix_TAIEX_regime_fixed_20d_E1_valid_model_probability_ensemble_validation.png,confusion_matrix_TAIEX_regime_fixed_20d_E1_valid_model_probability_ensemble_validation.png,.png,83778,2026-06-23T15:21:10Z,1c7ffedbc5a6a4c0f7608f9641212e9c46608a97daa1b9b16ae15013ad3ee751
outputs/AURORA_TWETF/ordinal_imbalance_uncertainty/run_20260623_151920/plots/confusion_matrix_TAIEX_regime_fixed_20d_O1_cumulative_logit_balanced_test.png,confusion_matrix_TAIEX_regime_fixed_20d_O1_cumulative_logit_balanced_test.png,.png,84532,2026-06-23T15:19:31Z,9ab480d7f0e60468e26cc352dcd30a5bc124ad2baf50cc6fda2096ec6b5302bd
outputs/AURORA_TWETF/ordinal_imbalance_uncertainty/run_20260623_151920/plots/confusion_matrix_TAIEX_regime_fixed_20d_O1_cumulative_logit_balanced_train.png,confusion_matrix_TAIEX_regime_fixed_20d_O1_cumulative_logit_balanced_train.png,.png,89375,2026-06-23T15:19:29Z,067c29387aa9410a039d1887847f6f05b26673771a16c2a3a8448d3d4c918b20
outputs/AURORA_TWETF/ordinal_imbalance_uncertainty/run_20260623_151920/plots/confusion_matrix_TAIEX_regime_fixed_20d_O1_cumulative_logit_balanced_validation.png,confusion_matrix_TAIEX_regime_fixed_20d_O1_cumulative_logit_balanced_validation.png,.png,84261,2026-06-23T15:19:30Z,811289e5846a0395931fff12052b22c0894a648d964196481ea5259d63735bd7
outputs/AURORA_TWETF/ordinal_imbalance_uncertainty/run_20260623_151920/plots/confusion_matrix_TAIEX_regime_fixed_20d_O2_cumulative_rf_balanced_test.png,confusion_matrix_TAIEX_regime_fixed_20d_O2_cumulative_rf_balanced_test.png,.png,84522,2026-06-23T15:19:44Z,6f465fd4c737c71561380237fd1cec107fc4662163de7768cf858a9c282a84fd
outputs/AURORA_TWETF/ordinal_imbalance_uncertainty/run_20260623_151920/plots/confusion_matrix_TAIEX_regime_fixed_20d_O2_cumulative_rf_balanced_train.png,confusion_matrix_TAIEX_regime_fixed_20d_O2_cumulative_rf_balanced_train.png,.png,87411,2026-06-23T15:19:42Z,86c1d19fa95c7c4b700e39e4b9359a7c7e99cb4bf7a7ed189f6f3282a8728bf5
outputs/AURORA_TWETF/ordinal_imbalance_uncertainty/run_20260623_151920/plots/confusion_matrix_TAIEX_regime_fixed_20d_O2_cumulative_rf_balanced_validation.png,confusion_matrix_TAIEX_regime_fixed_20d_O2_cumulative_rf_balanced_validation.png,.png,83367,2026-06-23T15:19:43Z,c9bae96ae21e26df1254304bced9763915a2d1262fc134c270c320e858e3840d
outputs/AURORA_TWETF/ordinal_imbalance_uncertainty/run_20260623_151920/plots/confusion_matrix_TAIEX_regime_fixed_20d_O3_cumulative_et_balanced_test.png,confusion_matrix_TAIEX_regime_fixed_20d_O3_cumulative_et_balanced_test.png,.png,80221,2026-06-23T15:19:54Z,181c7b24a3c497708abcb6da12bfe1144b8413d7252a2a5cc26ab12a3ec823be
outputs/AURORA_TWETF/ordinal_imbalance_uncertainty/run_20260623_151920/plots/confusion_matrix_TAIEX_regime_fixed_20d_O3_cumulative_et_balanced_train.png,confusion_matrix_TAIEX_regime_fixed_20d_O3_cumulative_et_balanced_train.png,.png,90735,2026-06-23T15:19:52Z,58527ccebc762d83affd55a8470b65116cd3ed0fb5ba1c2c99986f2913a9a52f
outputs/AURORA_TWETF/ordinal_imbalance_uncertainty/run_20260623_151920/plots/confusion_matrix_TAIEX_regime_fixed_20d_O3_cumulative_et_balanced_validation.png,confusion_matrix_TAIEX_regime_fixed_20d_O3_cumulative_et_balanced_validation.png,.png,86032,2026-06-23T15:19:53Z,85645db04ae5c49f93f354bc5c0d3bc1d33c19cb99b31d2c226d1af92f12ff1b
outputs/AURORA_TWETF/ordinal_imbalance_uncertainty/run_20260623_151920/plots/confusion_matrix_TAIEX_regime_fixed_20d_O4_cumulative_lgbm_balanced_test.png,confusion_matrix_TAIEX_regime_fixed_20d_O4_cumulative_lgbm_balanced_test.png,.png,84946,2026-06-23T15:20:02Z,ee96f51e03e186a2fe197e9d59d4ddc6915a3256c7f9ee202671d98d234bb33b
outputs/AURORA_TWETF/ordinal_imbalance_uncertainty/run_20260623_151920/plots/confusion_matrix_TAIEX_regime_fixed_20d_O4_cumulative_lgbm_balanced_train.png,confusion_matrix_TAIEX_regime_fixed_20d_O4_cumulative_lgbm_balanced_train.png,.png,89818,2026-06-23T15:20:00Z,911f53abf05634c7324de1f8655fa281de997ed81b52aac3b35c7b277a705047
outputs/AURORA_TWETF/ordinal_imbalance_uncertainty/run_20260623_151920/plots/confusion_matrix_TAIEX_regime_fixed_20d_O4_cumulative_lgbm_balanced_validation.png,confusion_matrix_TAIEX_regime_fixed_20d_O4_cumulative_lgbm_balanced_validation.png,.png,85065,2026-06-23T15:20:01Z,451ecad84b491c333bf243597a3941b8b4e1a278fab7c80ffcc0851122808871
outputs/AURORA_TWETF/ordinal_imbalance_uncertainty/run_20260623_151920/plots/confusion_matrix_TAIEX_regime_fixed_20d_R1_ridge_regression_to_ordinal_test.png,confusion_matrix_TAIEX_regime_fixed_20d_R1_ridge_regression_to_ordinal_test.png,.png,82552,2026-06-23T15:20:07Z,2475f3a1781a4116da9cbb302981df190fe95b2eda3b9a75ace04bba946fab56
outputs/AURORA_TWETF/ordinal_imbalance_uncertainty/run_20260623_151920/plots/confusion_matrix_TAIEX_regime_fixed_20d_R1_ridge_regression_to_ordinal_train.png,confusion_matrix_TAIEX_regime_fixed_20d_R1_ridge_regression_to_ordinal_train.png,.png,90149,2026-06-23T15:20:05Z,b184b9c448c2b6ca455ec34e988fe745381340b87b1645f1444bfc328a8f00a0
outputs/AURORA_TWETF/ordinal_imbalance_uncertainty/run_20260623_151920/plots/confusion_matrix_TAIEX_regime_fixed_20d_R1_ridge_regression_to_ordinal_validation.png,confusion_matrix_TAIEX_regime_fixed_20d_R1_ridge_regression_to_ordinal_validation.png,.png,86153,2026-06-23T15:20:06Z,fe7e1f9a7c9588310f6bb10d780ff182a651856f43a4c433844dd3cb7e032450
outputs/AURORA_TWETF/ordinal_imbalance_uncertainty/run_20260623_151920/plots/confusion_matrix_TAIEX_regime_fixed_20d_R2_rf_regression_to_ordinal_test.png,confusion_matrix_TAIEX_regime_fixed_20d_R2_rf_regression_to_ordinal_test.png,.png,80616,2026-06-23T15:20:13Z,71755abd9aad9450e81bac25f837c2dd3fa6cb4c8adfb6f92a054b6de27d5527
outputs/AURORA_TWETF/ordinal_imbalance_uncertainty/run_20260623_151920/plots/confusion_matrix_TAIEX_regime_fixed_20d_R2_rf_regression_to_ordinal_train.png,confusion_matrix_TAIEX_regime_fixed_20d_R2_rf_regression_to_ordinal_train.png,.png,91676,2026-06-23T15:20:11Z,339c582ee3a2289d47ae9d2ea01046cdfada4d4811e091b669a4fdc16c02348f
outputs/AURORA_TWETF/ordinal_imbalance_uncertainty/run_20260623_151920/plots/confusion_matrix_TAIEX_regime_fixed_20d_R2_rf_regression_to_ordinal_validation.png,confusion_matrix_TAIEX_regime_fixed_20d_R2_rf_regression_to_ordinal_validation.png,.png,85385,2026-06-23T15:20:12Z,c033ceaa24c9f76290ef5ad07011ecb6c65811947a9a083d33593d351c4ae4a9
outputs/AURORA_TWETF/ordinal_imbalance_uncertainty/run_20260623_151920/plots/confusion_matrix_TAIEX_regime_fixed_20d_R3_et_regression_to_ordinal_test.png,confusion_matrix_TAIEX_regime_fixed_20d_R3_et_regression_to_ordinal_test.png,.png,80982,2026-06-23T15:20:19Z,2afd1033f710657b0d3149fe22aea6ffdee42f122c90612422f88505c55d0d89
outputs/AURORA_TWETF/ordinal_imbalance_uncertainty/run_20260623_151920/plots/confusion_matrix_TAIEX_regime_fixed_20d_R3_et_regression_to_ordinal_train.png,confusion_matrix_TAIEX_regime_fixed_20d_R3_et_regression_to_ordinal_train.png,.png,90246,2026-06-23T15:20:17Z,8c8970f36a1d095f2ec46d389cdda4f12555fbf51975060f7f597903be54e7f9
outputs/AURORA_TWETF/ordinal_imbalance_uncertainty/run_20260623_151920/plots/confusion_matrix_TAIEX_regime_fixed_20d_R3_et_regression_to_ordinal_validation.png,confusion_matrix_TAIEX_regime_fixed_20d_R3_et_regression_to_ordinal_validation.png,.png,86170,2026-06-23T15:20:18Z,97afdf60edb29361023402c7ce9c4438a67c0486ed77fe2287669a68f478b2f5
outputs/AURORA_TWETF/ordinal_imbalance_uncertainty/run_20260623_151920/plots/confusion_matrix_TAIEX_regime_fixed_20d_R4_lgbm_regression_to_ordinal_test.png,confusion_matrix_TAIEX_regime_fixed_20d_R4_lgbm_regression_to_ordinal_test.png,.png,81792,2026-06-23T15:20:24Z,8a296266ad5312a97c9fc0e098356251595a148867d21e120dd5344b3f8d76b1
outputs/AURORA_TWETF/ordinal_imbalance_uncertainty/run_20260623_151920/plots/confusion_matrix_TAIEX_regime_fixed_20d_R4_lgbm_regression_to_ordinal_train.png,confusion_matrix_TAIEX_regime_fixed_20d_R4_lgbm_regression_to_ordinal_train.png,.png,91808,2026-06-23T15:20:22Z,d155de338de4b08ddc0b2eb31331b3678787fa13ea008a23a2a6deef40f372d6
outputs/AURORA_TWETF/ordinal_imbalance_uncertainty/run_20260623_151920/plots/confusion_matrix_TAIEX_regime_fixed_20d_R4_lgbm_regression_to_ordinal_validation.png,confusion_matrix_TAIEX_regime_fixed_20d_R4_lgbm_regression_to_ordinal_validation.png,.png,87114,2026-06-23T15:20:23Z,536ba283c7e5a0a4f61358c93f62a6832653d5217f62e5a7c4d977e01cdd4aee
outputs/AURORA_TWETF/ordinal_imbalance_uncertainty/run_20260623_151920/plots/confusion_matrix_TAIEX_regime_fixed_20d_R5_xgb_regression_to_ordinal_test.png,confusion_matrix_TAIEX_regime_fixed_20d_R5_xgb_regression_to_ordinal_test.png,.png,81086,2026-06-23T15:20:33Z,3aa36239d0596e33eb1dc07a29e68f0c5f3709fb37b9e2c6a5b76d0c1c39a493
outputs/AURORA_TWETF/ordinal_imbalance_uncertainty/run_20260623_151920/plots/confusion_matrix_TAIEX_regime_fixed_20d_R5_xgb_regression_to_ordinal_train.png,confusion_matrix_TAIEX_regime_fixed_20d_R5_xgb_regression_to_ordinal_train.png,.png,92118,2026-06-23T15:20:31Z,495d5fd0ada0e920bf688f9ce7acdfecc8d3107802a8ce5d9ec23bb1d979e95c
outputs/AURORA_TWETF/ordinal_imbalance_uncertainty/run_20260623_151920/plots/confusion_matrix_TAIEX_regime_fixed_20d_R5_xgb_regression_to_ordinal_validation.png,confusion_matrix_TAIEX_regime_fixed_20d_R5_xgb_regression_to_ordinal_validation.png,.png,88591,2026-06-23T15:20:32Z,ef33ed1cad14b7125f95f703593d9df9cd6187a3f7290b1bad42538ff427967b
outputs/AURORA_TWETF/ordinal_imbalance_uncertainty/run_20260623_151920/plots/confusion_matrix_TAIEX_regime_fixed_60d_C1_calibrated_logistic_balanced_test.png,confusion_matrix_TAIEX_regime_fixed_60d_C1_calibrated_logistic_balanced_test.png,.png,84209,2026-06-23T15:22:26Z,a99d65dbd0cb5f43794fa232ca35c9cc8d7235b49abd0e2133b1be31ee959618
outputs/AURORA_TWETF/ordinal_imbalance_uncertainty/run_20260623_151920/plots/confusion_matrix_TAIEX_regime_fixed_60d_C1_calibrated_logistic_balanced_train.png,confusion_matrix_TAIEX_regime_fixed_60d_C1_calibrated_logistic_balanced_train.png,.png,85142,2026-06-23T15:22:24Z,42f3aac9a50a5c20b47c01f7713d4c2e59fbdc1961de0ba877ad19922e73fd79
outputs/AURORA_TWETF/ordinal_imbalance_uncertainty/run_20260623_151920/plots/confusion_matrix_TAIEX_regime_fixed_60d_C1_calibrated_logistic_balanced_validation.png,confusion_matrix_TAIEX_regime_fixed_60d_C1_calibrated_logistic_balanced_validation.png,.png,86938,2026-06-23T15:22:25Z,8f2cf9b7d38d02d8b67a18d64d1bbd2d0418e60ab84aed3ee39e9b57f25464b6
outputs/AURORA_TWETF/ordinal_imbalance_uncertainty/run_20260623_151920/plots/confusion_matrix_TAIEX_regime_fixed_60d_C2_calibrated_rf_balanced_test.png,confusion_matrix_TAIEX_regime_fixed_60d_C2_calibrated_rf_balanced_test.png,.png,80728,2026-06-23T15:22:33Z,8337278dc4fd95337141bbb254265ef2d0a1bf6efc10cc8d59bda86a71ac3760
outputs/AURORA_TWETF/ordinal_imbalance_uncertainty/run_20260623_151920/plots/confusion_matrix_TAIEX_regime_fixed_60d_C2_calibrated_rf_balanced_train.png,confusion_matrix_TAIEX_regime_fixed_60d_C2_calibrated_rf_balanced_train.png,.png,87226,2026-06-23T15:22:31Z,49819a19f2388af827791156966965c8407e7c2f3e3eba91580d679b14a3532f
outputs/AURORA_TWETF/ordinal_imbalance_uncertainty/run_20260623_151920/plots/confusion_matrix_TAIEX_regime_fixed_60d_C2_calibrated_rf_balanced_validation.png,confusion_matrix_TAIEX_regime_fixed_60d_C2_calibrated_rf_balanced_validation.png,.png,85239,2026-06-23T15:22:32Z,261a69170e5ff1510db9d0568ded8ba2c42fa67b03ec784bb009d5ba5a375cfd
outputs/AURORA_TWETF/ordinal_imbalance_uncertainty/run_20260623_151920/plots/confusion_matrix_TAIEX_regime_fixed_60d_C3_calibrated_lgbm_balanced_test.png,confusion_matrix_TAIEX_regime_fixed_60d_C3_calibrated_lgbm_balanced_test.png,.png,83365,2026-06-23T15:22:41Z,2631ca0daa35aa29f070163dde78f0ae7b5ca6429218149eff6c53c271887b6f
outputs/AURORA_TWETF/ordinal_imbalance_uncertainty/run_20260623_151920/plots/confusion_matrix_TAIEX_regime_fixed_60d_C3_calibrated_lgbm_balanced_train.png,confusion_matrix_TAIEX_regime_fixed_60d_C3_calibrated_lgbm_balanced_train.png,.png,82517,2026-06-23T15:22:39Z,d6b9b10e414abab6529561cc120b14e48ebf9fc24232a58747e6f46c8edf82ce
outputs/AURORA_TWETF/ordinal_imbalance_uncertainty/run_20260623_151920/plots/confusion_matrix_TAIEX_regime_fixed_60d_C3_calibrated_lgbm_balanced_validation.png,confusion_matrix_TAIEX_regime_fixed_60d_C3_calibrated_lgbm_balanced_validation.png,.png,82600,2026-06-23T15:22:40Z,936580d750521183575397acb081514aed1af4469ebf834dbcc318533c239f68
outputs/AURORA_TWETF/ordinal_imbalance_uncertainty/run_20260623_151920/plots/confusion_matrix_TAIEX_regime_fixed_60d_C4_calibrated_xgb_multiclass_test.png,confusion_matrix_TAIEX_regime_fixed_60d_C4_calibrated_xgb_multiclass_test.png,.png,79709,2026-06-23T15:22:52Z,0787fde768dda47d1a5d2f1a134b4c559f2f1a9ebff0d57ee9f87c6c2ebccb4c
outputs/AURORA_TWETF/ordinal_imbalance_uncertainty/run_20260623_151920/plots/confusion_matrix_TAIEX_regime_fixed_60d_C4_calibrated_xgb_multiclass_train.png,confusion_matrix_TAIEX_regime_fixed_60d_C4_calibrated_xgb_multiclass_train.png,.png,86767,2026-06-23T15:22:49Z,8ad7d70058801376cf998f3a25a342c15a1350bb6c049fa2900cc7a5dc675421
outputs/AURORA_TWETF/ordinal_imbalance_uncertainty/run_20260623_151920/plots/confusion_matrix_TAIEX_regime_fixed_60d_C4_calibrated_xgb_multiclass_validation.png,confusion_matrix_TAIEX_regime_fixed_60d_C4_calibrated_xgb_multiclass_validation.png,.png,88847,2026-06-23T15:22:50Z,03c2fb864bc7d97d37e0022782544a2eabdeb01ba5280d00855d1011285d5615
outputs/AURORA_TWETF/ordinal_imbalance_uncertainty/run_20260623_151920/plots/confusion_matrix_TAIEX_regime_fixed_60d_E1_valid_model_probability_ensemble_test.png,confusion_matrix_TAIEX_regime_fixed_60d_E1_valid_model_probability_ensemble_test.png,.png,82558,2026-06-23T15:22:57Z,44a660b8ab2e148d14eccca729fed8433a1df2ca207189dab09c0dd8b3b6d046
outputs/AURORA_TWETF/ordinal_imbalance_uncertainty/run_20260623_151920/plots/confusion_matrix_TAIEX_regime_fixed_60d_E1_valid_model_probability_ensemble_train.png,confusion_matrix_TAIEX_regime_fixed_60d_E1_valid_model_probability_ensemble_train.png,.png,87018,2026-06-23T15:22:55Z,69652ff056eef4120ec5cffc7e8deefac7d9200669b7fd4c5724b0d3ea0e1d8e
outputs/AURORA_TWETF/ordinal_imbalance_uncertainty/run_20260623_151920/plots/confusion_matrix_TAIEX_regime_fixed_60d_E1_valid_model_probability_ensemble_validation.png,confusion_matrix_TAIEX_regime_fixed_60d_E1_valid_model_probability_ensemble_validation.png,.png,84058,2026-06-23T15:22:56Z,6ca96de7745c6112c35bc85564a027945f3afc729bc4c36a0c8db8f474d4c0fa
outputs/AURORA_TWETF/ordinal_imbalance_uncertainty/run_20260623_151920/plots/confusion_matrix_TAIEX_regime_fixed_60d_O1_cumulative_logit_balanced_test.png,confusion_matrix_TAIEX_regime_fixed_60d_O1_cumulative_logit_balanced_test.png,.png,83326,2026-06-23T15:21:19Z,1369986f74477f56ea6d71699c8edbb4119d7fe12195d43a9bcc2546179ecd48
outputs/AURORA_TWETF/ordinal_imbalance_uncertainty/run_20260623_151920/plots/confusion_matrix_TAIEX_regime_fixed_60d_O1_cumulative_logit_balanced_train.png,confusion_matrix_TAIEX_regime_fixed_60d_O1_cumulative_logit_balanced_train.png,.png,85521,2026-06-23T15:21:17Z,06b11a9b5281836ef869d330788854a146e37a24bb97c5539adbd7537bc9d1ea
outputs/AURORA_TWETF/ordinal_imbalance_uncertainty/run_20260623_151920/plots/confusion_matrix_TAIEX_regime_fixed_60d_O1_cumulative_logit_balanced_validation.png,confusion_matrix_TAIEX_regime_fixed_60d_O1_cumulative_logit_balanced_validation.png,.png,85659,2026-06-23T15:21:18Z,0a4bbc1b93521818e28e5c27dca66bd2c5ef71f411c47e3fe9d7e430187d9331
outputs/AURORA_TWETF/ordinal_imbalance_uncertainty/run_20260623_151920/plots/confusion_matrix_TAIEX_regime_fixed_60d_O2_cumulative_rf_balanced_test.png,confusion_matrix_TAIEX_regime_fixed_60d_O2_cumulative_rf_balanced_test.png,.png,81385,2026-06-23T15:21:32Z,e9cd95db0eb35aab9ed6bd8ffe725fbe5a5b4feadf0a13b82583b1842682f90a
outputs/AURORA_TWETF/ordinal_imbalance_uncertainty/run_20260623_151920/plots/confusion_matrix_TAIEX_regime_fixed_60d_O2_cumulative_rf_balanced_train.png,confusion_matrix_TAIEX_regime_fixed_60d_O2_cumulative_rf_balanced_train.png,.png,88983,2026-06-23T15:21:30Z,489ee3792833bc71e8a6a3626e1034e4154b575c3e48057e4ca3c044f87008c5
outputs/AURORA_TWETF/ordinal_imbalance_uncertainty/run_20260623_151920/plots/confusion_matrix_TAIEX_regime_fixed_60d_O2_cumulative_rf_balanced_validation.png,confusion_matrix_TAIEX_regime_fixed_60d_O2_cumulative_rf_balanced_validation.png,.png,86735,2026-06-23T15:21:31Z,0d1fc3319a8ec5fc6a8b353aae0f06b9ad62127ac433f287550f296a4a16ffd5
outputs/AURORA_TWETF/ordinal_imbalance_uncertainty/run_20260623_151920/plots/confusion_matrix_TAIEX_regime_fixed_60d_O3_cumulative_et_balanced_test.png,confusion_matrix_TAIEX_regime_fixed_60d_O3_cumulative_et_balanced_test.png,.png,81788,2026-06-23T15:21:42Z,34787a21d46b54b62222211d748736441c7a5a7fde733996cda258c50cfe18ea
outputs/AURORA_TWETF/ordinal_imbalance_uncertainty/run_20260623_151920/plots/confusion_matrix_TAIEX_regime_fixed_60d_O3_cumulative_et_balanced_train.png,confusion_matrix_TAIEX_regime_fixed_60d_O3_cumulative_et_balanced_train.png,.png,86676,2026-06-23T15:21:40Z,b4be0f51e72876526c0cb7e8f3db28b27191597703f59db8b87d5d8708a73639
outputs/AURORA_TWETF/ordinal_imbalance_uncertainty/run_20260623_151920/plots/confusion_matrix_TAIEX_regime_fixed_60d_O3_cumulative_et_balanced_validation.png,confusion_matrix_TAIEX_regime_fixed_60d_O3_cumulative_et_balanced_validation.png,.png,84014,2026-06-23T15:21:41Z,416e9eefaa8d63f95a9dac87a4bb35cb62afbdb8023cf96c075349cd91db8807
outputs/AURORA_TWETF/ordinal_imbalance_uncertainty/run_20260623_151920/plots/confusion_matrix_TAIEX_regime_fixed_60d_O4_cumulative_lgbm_balanced_test.png,confusion_matrix_TAIEX_regime_fixed_60d_O4_cumulative_lgbm_balanced_test.png,.png,86401,2026-06-23T15:21:49Z,15e33a469bb9050cca0d3fe5e29d1a6484ffd4879d24cdeadce134133dd72a7c
outputs/AURORA_TWETF/ordinal_imbalance_uncertainty/run_20260623_151920/plots/confusion_matrix_TAIEX_regime_fixed_60d_O4_cumulative_lgbm_balanced_train.png,confusion_matrix_TAIEX_regime_fixed_60d_O4_cumulative_lgbm_balanced_train.png,.png,85403,2026-06-23T15:21:48Z,3ff11d091dfcf55b0e366afaa4ecd26bd4f0d1724ffa9b6b792f037900ca5441
outputs/AURORA_TWETF/ordinal_imbalance_uncertainty/run_20260623_151920/plots/confusion_matrix_TAIEX_regime_fixed_60d_O4_cumulative_lgbm_balanced_validation.png,confusion_matrix_TAIEX_regime_fixed_60d_O4_cumulative_lgbm_balanced_validation.png,.png,84422,2026-06-23T15:21:48Z,910e590e5012fcfe4e79aa1708f910e147da85b3fc1335cdabad549f6594cfa5
outputs/AURORA_TWETF/ordinal_imbalance_uncertainty/run_20260623_151920/plots/confusion_matrix_TAIEX_regime_fixed_60d_R1_ridge_regression_to_ordinal_test.png,confusion_matrix_TAIEX_regime_fixed_60d_R1_ridge_regression_to_ordinal_test.png,.png,84296,2026-06-23T15:21:54Z,09db9bf82fddbe1ee7ce67a5c1a0d0136e7bef67d860fb6c832316c490df7721
outputs/AURORA_TWETF/ordinal_imbalance_uncertainty/run_20260623_151920/plots/confusion_matrix_TAIEX_regime_fixed_60d_R1_ridge_regression_to_ordinal_train.png,confusion_matrix_TAIEX_regime_fixed_60d_R1_ridge_regression_to_ordinal_train.png,.png,86870,2026-06-23T15:21:52Z,c22513bbc8d78cff802d6c031d8073ce201922dc094f5d66b0a6ad4c8a068914
outputs/AURORA_TWETF/ordinal_imbalance_uncertainty/run_20260623_151920/plots/confusion_matrix_TAIEX_regime_fixed_60d_R1_ridge_regression_to_ordinal_validation.png,confusion_matrix_TAIEX_regime_fixed_60d_R1_ridge_regression_to_ordinal_validation.png,.png,88599,2026-06-23T15:21:53Z,760c897f776b7a4cfc0cb0e849310f7cd45b507c75bac205ea89cf873a712d0c
outputs/AURORA_TWETF/ordinal_imbalance_uncertainty/run_20260623_151920/plots/confusion_matrix_TAIEX_regime_fixed_60d_R2_rf_regression_to_ordinal_test.png,confusion_matrix_TAIEX_regime_fixed_60d_R2_rf_regression_to_ordinal_test.png,.png,78800,2026-06-23T15:22:00Z,fdeb04eb8cfc1c67ec36eb8ceae7b5a6f5f4ff5251bcfa6818a0ea2b3f49169e
outputs/AURORA_TWETF/ordinal_imbalance_uncertainty/run_20260623_151920/plots/confusion_matrix_TAIEX_regime_fixed_60d_R2_rf_regression_to_ordinal_train.png,confusion_matrix_TAIEX_regime_fixed_60d_R2_rf_regression_to_ordinal_train.png,.png,85964,2026-06-23T15:21:58Z,34becc1054b9fb9c63617266ca4292f30023c6dd61ff87a675a984bd4cd08b38
outputs/AURORA_TWETF/ordinal_imbalance_uncertainty/run_20260623_151920/plots/confusion_matrix_TAIEX_regime_fixed_60d_R2_rf_regression_to_ordinal_validation.png,confusion_matrix_TAIEX_regime_fixed_60d_R2_rf_regression_to_ordinal_validation.png,.png,85885,2026-06-23T15:21:59Z,7f7f383b6d63c454f0e584eb8ec5d2e116a721a1729861dd78a379728ebfc067
outputs/AURORA_TWETF/ordinal_imbalance_uncertainty/run_20260623_151920/plots/confusion_matrix_TAIEX_regime_fixed_60d_R3_et_regression_to_ordinal_test.png,confusion_matrix_TAIEX_regime_fixed_60d_R3_et_regression_to_ordinal_test.png,.png,81035,2026-06-23T15:22:06Z,20fddfed9ae70c0b480cd7657064d98cbd6e477e59a136f7841721280d862dda
outputs/AURORA_TWETF/ordinal_imbalance_uncertainty/run_20260623_151920/plots/confusion_matrix_TAIEX_regime_fixed_60d_R3_et_regression_to_ordinal_train.png,confusion_matrix_TAIEX_regime_fixed_60d_R3_et_regression_to_ordinal_train.png,.png,91751,2026-06-23T15:22:04Z,d48e006631296dfb0ecb21ba94a723c3650351ac82e8b12cd6775f479aae4294
outputs/AURORA_TWETF/ordinal_imbalance_uncertainty/run_20260623_151920/plots/confusion_matrix_TAIEX_regime_fixed_60d_R3_et_regression_to_ordinal_validation.png,confusion_matrix_TAIEX_regime_fixed_60d_R3_et_regression_to_ordinal_validation.png,.png,86815,2026-06-23T15:22:05Z,504dfb95753ccccd28043bde77e45825e0afa6fa4c9b75f96d6316854af22343
outputs/AURORA_TWETF/ordinal_imbalance_uncertainty/run_20260623_151920/plots/confusion_matrix_TAIEX_regime_fixed_60d_R4_lgbm_regression_to_ordinal_test.png,confusion_matrix_TAIEX_regime_fixed_60d_R4_lgbm_regression_to_ordinal_test.png,.png,81166,2026-06-23T15:22:12Z,f0fd5b5711ed1272b4076bad36f304c5802798da587ae7d0d92bac00fcb93b3f
outputs/AURORA_TWETF/ordinal_imbalance_uncertainty/run_20260623_151920/plots/confusion_matrix_TAIEX_regime_fixed_60d_R4_lgbm_regression_to_ordinal_train.png,confusion_matrix_TAIEX_regime_fixed_60d_R4_lgbm_regression_to_ordinal_train.png,.png,87564,2026-06-23T15:22:10Z,29ad96e6f176b08f329f1c7e4bdcd7d8bf33a0205924022a91903536ed547eff
outputs/AURORA_TWETF/ordinal_imbalance_uncertainty/run_20260623_151920/plots/confusion_matrix_TAIEX_regime_fixed_60d_R4_lgbm_regression_to_ordinal_validation.png,confusion_matrix_TAIEX_regime_fixed_60d_R4_lgbm_regression_to_ordinal_validation.png,.png,87262,2026-06-23T15:22:11Z,3a67a22a0ac00e98de512e8380f85810c4bd957fb454a5012e9ee43c63d2f60e
outputs/AURORA_TWETF/ordinal_imbalance_uncertainty/run_20260623_151920/plots/confusion_matrix_TAIEX_regime_fixed_60d_R5_xgb_regression_to_ordinal_test.png,confusion_matrix_TAIEX_regime_fixed_60d_R5_xgb_regression_to_ordinal_test.png,.png,83918,2026-06-23T15:22:20Z,80b3904cf75f9df3a38a8f47e9f714dd654a05e7edd5c7dda96c61204a32c82b
outputs/AURORA_TWETF/ordinal_imbalance_uncertainty/run_20260623_151920/plots/confusion_matrix_TAIEX_regime_fixed_60d_R5_xgb_regression_to_ordinal_train.png,confusion_matrix_TAIEX_regime_fixed_60d_R5_xgb_regression_to_ordinal_train.png,.png,87877,2026-06-23T15:22:18Z,9650a74a18beb1ada3c0e06145a5433a6763c97cce299bf39f4eb0a1874a7ad7
outputs/AURORA_TWETF/ordinal_imbalance_uncertainty/run_20260623_151920/plots/confusion_matrix_TAIEX_regime_fixed_60d_R5_xgb_regression_to_ordinal_validation.png,confusion_matrix_TAIEX_regime_fixed_60d_R5_xgb_regression_to_ordinal_validation.png,.png,85511,2026-06-23T15:22:19Z,7f8004025f92cb8fcdc35096247316f672d4606e960b9ef40a08dba152b4bdd3
outputs/AURORA_TWETF/ordinal_imbalance_uncertainty/run_20260623_151920/plots/confusion_matrix_normalized_TAIEX_regime_fixed_20d_C1_calibrated_logistic_balanced_test.png,confusion_matrix_normalized_TAIEX_regime_fixed_20d_C1_calibrated_logistic_balanced_test.png,.png,101453,2026-06-23T15:20:40Z,eabfcae8ca1c23113ee820e6de8ae20f67dae527f242ed2fda03ac76f96a4b5a
outputs/AURORA_TWETF/ordinal_imbalance_uncertainty/run_20260623_151920/plots/confusion_matrix_normalized_TAIEX_regime_fixed_20d_C1_calibrated_logistic_balanced_train.png,confusion_matrix_normalized_TAIEX_regime_fixed_20d_C1_calibrated_logistic_balanced_train.png,.png,97650,2026-06-23T15:20:37Z,e5192d6e9e25cf56e51efafd2bd0fea80da7efe43a6aee5fb5cfca0f150fe607
outputs/AURORA_TWETF/ordinal_imbalance_uncertainty/run_20260623_151920/plots/confusion_matrix_normalized_TAIEX_regime_fixed_20d_C1_calibrated_logistic_balanced_validation.png,confusion_matrix_normalized_TAIEX_regime_fixed_20d_C1_calibrated_logistic_balanced_validation.png,.png,104776,2026-06-23T15:20:39Z,272871e39748cecdc7df837085a0677d9072ba475269b7d3c19cf67191ed80a3
outputs/AURORA_TWETF/ordinal_imbalance_uncertainty/run_20260623_151920/plots/confusion_matrix_normalized_TAIEX_regime_fixed_20d_C2_calibrated_rf_balanced_test.png,confusion_matrix_normalized_TAIEX_regime_fixed_20d_C2_calibrated_rf_balanced_test.png,.png,98081,2026-06-23T15:20:47Z,dc8d79d2a3c826b7dd9670226e8625b859038c3e683429b57d37ec3ed6a4e319
outputs/AURORA_TWETF/ordinal_imbalance_uncertainty/run_20260623_151920/plots/confusion_matrix_normalized_TAIEX_regime_fixed_20d_C2_calibrated_rf_balanced_train.png,confusion_matrix_normalized_TAIEX_regime_fixed_20d_C2_calibrated_rf_balanced_train.png,.png,104059,2026-06-23T15:20:45Z,ee468b80f6c9cc20832ed61f4110d6ce51dcf5b9c10d83c315d45b846c8af302
outputs/AURORA_TWETF/ordinal_imbalance_uncertainty/run_20260623_151920/plots/confusion_matrix_normalized_TAIEX_regime_fixed_20d_C2_calibrated_rf_balanced_validation.png,confusion_matrix_normalized_TAIEX_regime_fixed_20d_C2_calibrated_rf_balanced_validation.png,.png,106825,2026-06-23T15:20:46Z,d6a7d65cea70ffdff0789909b6396339375cbfa19669b540468de14a4825e1b4
outputs/AURORA_TWETF/ordinal_imbalance_uncertainty/run_20260623_151920/plots/confusion_matrix_normalized_TAIEX_regime_fixed_20d_C3_calibrated_lgbm_balanced_test.png,confusion_matrix_normalized_TAIEX_regime_fixed_20d_C3_calibrated_lgbm_balanced_test.png,.png,100562,2026-06-23T15:20:55Z,de3c53075b49f468cf07c9ad8a72d083c3ecdc098a9f2a4ff1eaa9d4694d3d1f
outputs/AURORA_TWETF/ordinal_imbalance_uncertainty/run_20260623_151920/plots/confusion_matrix_normalized_TAIEX_regime_fixed_20d_C3_calibrated_lgbm_balanced_train.png,confusion_matrix_normalized_TAIEX_regime_fixed_20d_C3_calibrated_lgbm_balanced_train.png,.png,94043,2026-06-23T15:20:53Z,7d8f473b1582c6e7a8b8dfe8031f7cbf6bb2313e4394765c25b335cb37549553
outputs/AURORA_TWETF/ordinal_imbalance_uncertainty/run_20260623_151920/plots/confusion_matrix_normalized_TAIEX_regime_fixed_20d_C3_calibrated_lgbm_balanced_validation.png,confusion_matrix_normalized_TAIEX_regime_fixed_20d_C3_calibrated_lgbm_balanced_validation.png,.png,109242,2026-06-23T15:20:54Z,869aa874e2daa3b65945015316c25cfa5e8e0af2d4548e77db4f9dbc099ade60
outputs/AURORA_TWETF/ordinal_imbalance_uncertainty/run_20260623_151920/plots/confusion_matrix_normalized_TAIEX_regime_fixed_20d_C4_calibrated_xgb_multiclass_test.png,confusion_matrix_normalized_TAIEX_regime_fixed_20d_C4_calibrated_xgb_multiclass_test.png,.png,98745,2026-06-23T15:21:06Z,bcf816366a392898f7127d7a92fbfe5c7e563244d6c3956c028b24b570abbc41
outputs/AURORA_TWETF/ordinal_imbalance_uncertainty/run_20260623_151920/plots/confusion_matrix_normalized_TAIEX_regime_fixed_20d_C4_calibrated_xgb_multiclass_train.png,confusion_matrix_normalized_TAIEX_regime_fixed_20d_C4_calibrated_xgb_multiclass_train.png,.png,102864,2026-06-23T15:21:04Z,0a72bc23ebf9f26167586a0d49cbd29ab4d98b2bb15256d10147124c223dfb27
outputs/AURORA_TWETF/ordinal_imbalance_uncertainty/run_20260623_151920/plots/confusion_matrix_normalized_TAIEX_regime_fixed_20d_C4_calibrated_xgb_multiclass_validation.png,confusion_matrix_normalized_TAIEX_regime_fixed_20d_C4_calibrated_xgb_multiclass_validation.png,.png,108722,2026-06-23T15:21:05Z,8c6eb7494eff52af30340c26ca0584d3e2e15125c9d3673d9bfda3b1fc23be01
outputs/AURORA_TWETF/ordinal_imbalance_uncertainty/run_20260623_151920/plots/confusion_matrix_normalized_TAIEX_regime_fixed_20d_E1_valid_model_probability_ensemble_test.png,confusion_matrix_normalized_TAIEX_regime_fixed_20d_E1_valid_model_probability_ensemble_test.png,.png,100330,2026-06-23T15:21:11Z,0b833657f2802c7c9eb41bd057ce11164036524c282396bf4fb951ba17f512b0
outputs/AURORA_TWETF/ordinal_imbalance_uncertainty/run_20260623_151920/plots/confusion_matrix_normalized_TAIEX_regime_fixed_20d_E1_valid_model_probability_ensemble_train.png,confusion_matrix_normalized_TAIEX_regime_fixed_20d_E1_valid_model_probability_ensemble_train.png,.png,99438,2026-06-23T15:21:09Z,b60cbc3a2d05ed728b005be29bc4ff44445fa7a7b63e5fc5127a2e75b55b9212
outputs/AURORA_TWETF/ordinal_imbalance_uncertainty/run_20260623_151920/plots/confusion_matrix_normalized_TAIEX_regime_fixed_20d_E1_valid_model_probability_ensemble_validation.png,confusion_matrix_normalized_TAIEX_regime_fixed_20d_E1_valid_model_probability_ensemble_validation.png,.png,104004,2026-06-23T15:21:10Z,ade2e64818759bdb6a3b7fc664fe0a674efa27f18a8047024a6f28595404e6f6
outputs/AURORA_TWETF/ordinal_imbalance_uncertainty/run_20260623_151920/plots/confusion_matrix_normalized_TAIEX_regime_fixed_20d_O1_cumulative_logit_balanced_test.png,confusion_matrix_normalized_TAIEX_regime_fixed_20d_O1_cumulative_logit_balanced_test.png,.png,97610,2026-06-23T15:19:31Z,ca2f92f0e046e3ffb56d379961b7c8b81183a85ec7dfba2a87d8738c7c275eb1
outputs/AURORA_TWETF/ordinal_imbalance_uncertainty/run_20260623_151920/plots/confusion_matrix_normalized_TAIEX_regime_fixed_20d_O1_cumulative_logit_balanced_train.png,confusion_matrix_normalized_TAIEX_regime_fixed_20d_O1_cumulative_logit_balanced_train.png,.png,97484,2026-06-23T15:19:29Z,f197f968a5ef1f2805ebbef930b2da3a29abb49a08111dba9f9df1ffe7086261
outputs/AURORA_TWETF/ordinal_imbalance_uncertainty/run_20260623_151920/plots/confusion_matrix_normalized_TAIEX_regime_fixed_20d_O1_cumulative_logit_balanced_validation.png,confusion_matrix_normalized_TAIEX_regime_fixed_20d_O1_cumulative_logit_balanced_validation.png,.png,106647,2026-06-23T15:19:30Z,c5806934d65ae3b488dc4954486af363d5c4e47a6a23b8a531038e1609e66961
outputs/AURORA_TWETF/ordinal_imbalance_uncertainty/run_20260623_151920/plots/confusion_matrix_normalized_TAIEX_regime_fixed_20d_O2_cumulative_rf_balanced_test.png,confusion_matrix_normalized_TAIEX_regime_fixed_20d_O2_cumulative_rf_balanced_test.png,.png,97364,2026-06-23T15:19:44Z,775fb1d372623af7a0e6ef091152a93fb8a483a33aa878e6192135f1d462ee5e
outputs/AURORA_TWETF/ordinal_imbalance_uncertainty/run_20260623_151920/plots/confusion_matrix_normalized_TAIEX_regime_fixed_20d_O2_cumulative_rf_balanced_train.png,confusion_matrix_normalized_TAIEX_regime_fixed_20d_O2_cumulative_rf_balanced_train.png,.png,103275,2026-06-23T15:19:42Z,69fcbccbd30ecbcde5315d50fc266411b1a8e95d4902f046d7270a889edcedf4
outputs/AURORA_TWETF/ordinal_imbalance_uncertainty/run_20260623_151920/plots/confusion_matrix_normalized_TAIEX_regime_fixed_20d_O2_cumulative_rf_balanced_validation.png,confusion_matrix_normalized_TAIEX_regime_fixed_20d_O2_cumulative_rf_balanced_validation.png,.png,101690,2026-06-23T15:19:43Z,43610fd2ea82ea0c58433353c1e9579134ba6d2bf78828c6a48f7ca197174f2d
outputs/AURORA_TWETF/ordinal_imbalance_uncertainty/run_20260623_151920/plots/confusion_matrix_normalized_TAIEX_regime_fixed_20d_O3_cumulative_et_balanced_test.png,confusion_matrix_normalized_TAIEX_regime_fixed_20d_O3_cumulative_et_balanced_test.png,.png,99329,2026-06-23T15:19:55Z,f1860a68914f5b62bf4a8148e89015a397ff82c7aeea7c41c43745df9a31d8c5
outputs/AURORA_TWETF/ordinal_imbalance_uncertainty/run_20260623_151920/plots/confusion_matrix_normalized_TAIEX_regime_fixed_20d_O3_cumulative_et_balanced_train.png,confusion_matrix_normalized_TAIEX_regime_fixed_20d_O3_cumulative_et_balanced_train.png,.png,102834,2026-06-23T15:19:52Z,c96916ff9daa04a8a68633be65ddf7700572f1b19c49f7bf58dcae01a858124a
outputs/AURORA_TWETF/ordinal_imbalance_uncertainty/run_20260623_151920/plots/confusion_matrix_normalized_TAIEX_regime_fixed_20d_O3_cumulative_et_balanced_validation.png,confusion_matrix_normalized_TAIEX_regime_fixed_20d_O3_cumulative_et_balanced_validation.png,.png,106112,2026-06-23T15:19:53Z,03162dbaaafff6c0d393f99cee59c413e7f6c65939cd050b5a0a6f494137972f
outputs/AURORA_TWETF/ordinal_imbalance_uncertainty/run_20260623_151920/plots/confusion_matrix_normalized_TAIEX_regime_fixed_20d_O4_cumulative_lgbm_balanced_test.png,confusion_matrix_normalized_TAIEX_regime_fixed_20d_O4_cumulative_lgbm_balanced_test.png,.png,104591,2026-06-23T15:20:02Z,fbc2e8dc9858cc1cdf5e098986cab1e3a11c09c0ae6a6fd226935908f99e0c99
outputs/AURORA_TWETF/ordinal_imbalance_uncertainty/run_20260623_151920/plots/confusion_matrix_normalized_TAIEX_regime_fixed_20d_O4_cumulative_lgbm_balanced_train.png,confusion_matrix_normalized_TAIEX_regime_fixed_20d_O4_cumulative_lgbm_balanced_train.png,.png,99775,2026-06-23T15:20:00Z,8a36de40664337c6c46ae150b033065b5c6b8fda21290413c7d95a3378c8786d
outputs/AURORA_TWETF/ordinal_imbalance_uncertainty/run_20260623_151920/plots/confusion_matrix_normalized_TAIEX_regime_fixed_20d_O4_cumulative_lgbm_balanced_validation.png,confusion_matrix_normalized_TAIEX_regime_fixed_20d_O4_cumulative_lgbm_balanced_validation.png,.png,108270,2026-06-23T15:20:01Z,62a174a92cd7d57e1471befb1361ab5bdfc52dc191c89540746171659de63509
outputs/AURORA_TWETF/ordinal_imbalance_uncertainty/run_20260623_151920/plots/confusion_matrix_normalized_TAIEX_regime_fixed_20d_R1_ridge_regression_to_ordinal_test.png,confusion_matrix_normalized_TAIEX_regime_fixed_20d_R1_ridge_regression_to_ordinal_test.png,.png,104832,2026-06-23T15:20:07Z,4edaf28ab21ba098e534ad6e5ef935f447ec52966ac3fde3f421b2451dd2822b
outputs/AURORA_TWETF/ordinal_imbalance_uncertainty/run_20260623_151920/plots/confusion_matrix_normalized_TAIEX_regime_fixed_20d_R1_ridge_regression_to_ordinal_train.png,confusion_matrix_normalized_TAIEX_regime_fixed_20d_R1_ridge_regression_to_ordinal_train.png,.png,102865,2026-06-23T15:20:05Z,ffd6a494e7f504f0df5eb5452841f1c05ac84bf219dbd73a6b4d527576fcf09c
outputs/AURORA_TWETF/ordinal_imbalance_uncertainty/run_20260623_151920/plots/confusion_matrix_normalized_TAIEX_regime_fixed_20d_R1_ridge_regression_to_ordinal_validation.png,confusion_matrix_normalized_TAIEX_regime_fixed_20d_R1_ridge_regression_to_ordinal_validation.png,.png,106799,2026-06-23T15:20:06Z,bee392ab01243a4fc59bd8dec4c280d9177b84ec0dda21259967f4608b791174
outputs/AURORA_TWETF/ordinal_imbalance_uncertainty/run_20260623_151920/plots/confusion_matrix_normalized_TAIEX_regime_fixed_20d_R2_rf_regression_to_ordinal_test.png,confusion_matrix_normalized_TAIEX_regime_fixed_20d_R2_rf_regression_to_ordinal_test.png,.png,90691,2026-06-23T15:20:13Z,c2cc29cea3567f75881bee5e91cfc66b7d91bde50d1275dcbfcc987595270f16
outputs/AURORA_TWETF/ordinal_imbalance_uncertainty/run_20260623_151920/plots/confusion_matrix_normalized_TAIEX_regime_fixed_20d_R2_rf_regression_to_ordinal_train.png,confusion_matrix_normalized_TAIEX_regime_fixed_20d_R2_rf_regression_to_ordinal_train.png,.png,98548,2026-06-23T15:20:11Z,da5b7bf26e950de8d358d4413a65eedd074183587f4e5cd8e06357a39ff402cc
outputs/AURORA_TWETF/ordinal_imbalance_uncertainty/run_20260623_151920/plots/confusion_matrix_normalized_TAIEX_regime_fixed_20d_R2_rf_regression_to_ordinal_validation.png,confusion_matrix_normalized_TAIEX_regime_fixed_20d_R2_rf_regression_to_ordinal_validation.png,.png,97587,2026-06-23T15:20:12Z,fb2046fc9b59c2f26227bb71e1ddd9f1145032b57b9beea046db57c4f5e404f4
outputs/AURORA_TWETF/ordinal_imbalance_uncertainty/run_20260623_151920/plots/confusion_matrix_normalized_TAIEX_regime_fixed_20d_R3_et_regression_to_ordinal_test.png,confusion_matrix_normalized_TAIEX_regime_fixed_20d_R3_et_regression_to_ordinal_test.png,.png,90874,2026-06-23T15:20:19Z,893b71d82e2a545163d81820a38a3a77e53d83b9b668555257e9d546588a7ddd
outputs/AURORA_TWETF/ordinal_imbalance_uncertainty/run_20260623_151920/plots/confusion_matrix_normalized_TAIEX_regime_fixed_20d_R3_et_regression_to_ordinal_train.png,confusion_matrix_normalized_TAIEX_regime_fixed_20d_R3_et_regression_to_ordinal_train.png,.png,96160,2026-06-23T15:20:17Z,4ccc54bac64fdd211af22cb7094f4901f11fbe7661de3352dcaeec735ca32397
outputs/AURORA_TWETF/ordinal_imbalance_uncertainty/run_20260623_151920/plots/confusion_matrix_normalized_TAIEX_regime_fixed_20d_R3_et_regression_to_ordinal_validation.png,confusion_matrix_normalized_TAIEX_regime_fixed_20d_R3_et_regression_to_ordinal_validation.png,.png,97257,2026-06-23T15:20:18Z,f35e8e29e441c5df792c5042b627f00af06642ec4950614d661904cb1196dc2d
outputs/AURORA_TWETF/ordinal_imbalance_uncertainty/run_20260623_151920/plots/confusion_matrix_normalized_TAIEX_regime_fixed_20d_R4_lgbm_regression_to_ordinal_test.png,confusion_matrix_normalized_TAIEX_regime_fixed_20d_R4_lgbm_regression_to_ordinal_test.png,.png,94461,2026-06-23T15:20:25Z,fc3f6408355c61dd3b1803d934e38f71d8c311938c2516f3ca9e6dd83cefcad2
outputs/AURORA_TWETF/ordinal_imbalance_uncertainty/run_20260623_151920/plots/confusion_matrix_normalized_TAIEX_regime_fixed_20d_R4_lgbm_regression_to_ordinal_train.png,confusion_matrix_normalized_TAIEX_regime_fixed_20d_R4_lgbm_regression_to_ordinal_train.png,.png,102012,2026-06-23T15:20:23Z,cea42fe4be208cb9c87d90a8909969494369cbaf4d971cb93acdae7099f2f492
outputs/AURORA_TWETF/ordinal_imbalance_uncertainty/run_20260623_151920/plots/confusion_matrix_normalized_TAIEX_regime_fixed_20d_R4_lgbm_regression_to_ordinal_validation.png,confusion_matrix_normalized_TAIEX_regime_fixed_20d_R4_lgbm_regression_to_ordinal_validation.png,.png,101498,2026-06-23T15:20:24Z,9a03903022a4b94e3630eaae68cdec6b34cef1424bc9f4cf77afd2d10638183b
outputs/AURORA_TWETF/ordinal_imbalance_uncertainty/run_20260623_151920/plots/confusion_matrix_normalized_TAIEX_regime_fixed_20d_R5_xgb_regression_to_ordinal_test.png,confusion_matrix_normalized_TAIEX_regime_fixed_20d_R5_xgb_regression_to_ordinal_test.png,.png,92474,2026-06-23T15:20:33Z,8ca82ac65fbefd9ae5d17860065272915cb82db079b37b618b71a8876c1b9148
outputs/AURORA_TWETF/ordinal_imbalance_uncertainty/run_20260623_151920/plots/confusion_matrix_normalized_TAIEX_regime_fixed_20d_R5_xgb_regression_to_ordinal_train.png,confusion_matrix_normalized_TAIEX_regime_fixed_20d_R5_xgb_regression_to_ordinal_train.png,.png,101382,2026-06-23T15:20:31Z,177ae566c60daa1c028933daeedbd3e1a7bd283579aefe7eea1e52fd25ddf40a
outputs/AURORA_TWETF/ordinal_imbalance_uncertainty/run_20260623_151920/plots/confusion_matrix_normalized_TAIEX_regime_fixed_20d_R5_xgb_regression_to_ordinal_validation.png,confusion_matrix_normalized_TAIEX_regime_fixed_20d_R5_xgb_regression_to_ordinal_validation.png,.png,101831,2026-06-23T15:20:32Z,4d0feb99caa223833400406f136283c490a74385dd305bff348a9471a0ed8507
outputs/AURORA_TWETF/ordinal_imbalance_uncertainty/run_20260623_151920/plots/confusion_matrix_normalized_TAIEX_regime_fixed_60d_C1_calibrated_logistic_balanced_test.png,confusion_matrix_normalized_TAIEX_regime_fixed_60d_C1_calibrated_logistic_balanced_test.png,.png,100662,2026-06-23T15:22:26Z,ac9b575a4831064773daa5021d6600a4632165ae884fddcf02a6fa0e167db5e4
outputs/AURORA_TWETF/ordinal_imbalance_uncertainty/run_20260623_151920/plots/confusion_matrix_normalized_TAIEX_regime_fixed_60d_C1_calibrated_logistic_balanced_train.png,confusion_matrix_normalized_TAIEX_regime_fixed_60d_C1_calibrated_logistic_balanced_train.png,.png,95772,2026-06-23T15:22:24Z,54807b7f90d0d668c57cb30f3ceceb2d5cea7b46c7509fecf2bc21d101759118
outputs/AURORA_TWETF/ordinal_imbalance_uncertainty/run_20260623_151920/plots/confusion_matrix_normalized_TAIEX_regime_fixed_60d_C1_calibrated_logistic_balanced_validation.png,confusion_matrix_normalized_TAIEX_regime_fixed_60d_C1_calibrated_logistic_balanced_validation.png,.png,109248,2026-06-23T15:22:25Z,4fc75656dd060cc64362bbe4475d91b5bfba8b5e7aba6f2b0e2bf5d826cc4442
outputs/AURORA_TWETF/ordinal_imbalance_uncertainty/run_20260623_151920/plots/confusion_matrix_normalized_TAIEX_regime_fixed_60d_C2_calibrated_rf_balanced_test.png,confusion_matrix_normalized_TAIEX_regime_fixed_60d_C2_calibrated_rf_balanced_test.png,.png,94133,2026-06-23T15:22:33Z,4e08e517d9e4f73c8055d9df1bd35eeab7273cccd637714401d25dbe67a8b890
outputs/AURORA_TWETF/ordinal_imbalance_uncertainty/run_20260623_151920/plots/confusion_matrix_normalized_TAIEX_regime_fixed_60d_C2_calibrated_rf_balanced_train.png,confusion_matrix_normalized_TAIEX_regime_fixed_60d_C2_calibrated_rf_balanced_train.png,.png,106661,2026-06-23T15:22:31Z,286d1c097b20cddbf97178b3eff287ac3c951fde10a07fb8744c2d051b1d4d8c
outputs/AURORA_TWETF/ordinal_imbalance_uncertainty/run_20260623_151920/plots/confusion_matrix_normalized_TAIEX_regime_fixed_60d_C2_calibrated_rf_balanced_validation.png,confusion_matrix_normalized_TAIEX_regime_fixed_60d_C2_calibrated_rf_balanced_validation.png,.png,106812,2026-06-23T15:22:32Z,8404fef700e8c8095072ddc68daca6ac57f756f6a694c5b9fcbcc5877edb3f88
outputs/AURORA_TWETF/ordinal_imbalance_uncertainty/run_20260623_151920/plots/confusion_matrix_normalized_TAIEX_regime_fixed_60d_C3_calibrated_lgbm_balanced_test.png,confusion_matrix_normalized_TAIEX_regime_fixed_60d_C3_calibrated_lgbm_balanced_test.png,.png,90860,2026-06-23T15:22:41Z,81df74c1f847e8a3997d3c985b8d5db24479a18389804d5ea4db9c0c3915aacd
outputs/AURORA_TWETF/ordinal_imbalance_uncertainty/run_20260623_151920/plots/confusion_matrix_normalized_TAIEX_regime_fixed_60d_C3_calibrated_lgbm_balanced_train.png,confusion_matrix_normalized_TAIEX_regime_fixed_60d_C3_calibrated_lgbm_balanced_train.png,.png,92432,2026-06-23T15:22:39Z,f1103d8a7faeff6d830c249ebc29d3b4f36fe51b5e8a4e3f153901e96da0bcb7
outputs/AURORA_TWETF/ordinal_imbalance_uncertainty/run_20260623_151920/plots/confusion_matrix_normalized_TAIEX_regime_fixed_60d_C3_calibrated_lgbm_balanced_validation.png,confusion_matrix_normalized_TAIEX_regime_fixed_60d_C3_calibrated_lgbm_balanced_validation.png,.png,107030,2026-06-23T15:22:40Z,1df83eca0da35efed23e8cdc09f8b53f2c114ab720604ff2664b0fa8f8808711
outputs/AURORA_TWETF/ordinal_imbalance_uncertainty/run_20260623_151920/plots/confusion_matrix_normalized_TAIEX_regime_fixed_60d_C4_calibrated_xgb_multiclass_test.png,confusion_matrix_normalized_TAIEX_regime_fixed_60d_C4_calibrated_xgb_multiclass_test.png,.png,95455,2026-06-23T15:22:52Z,4f404247b9fd3ebf9c944f4706c2a7b5792aaa23400e9a8a81d8c50779b99b39
outputs/AURORA_TWETF/ordinal_imbalance_uncertainty/run_20260623_151920/plots/confusion_matrix_normalized_TAIEX_regime_fixed_60d_C4_calibrated_xgb_multiclass_train.png,confusion_matrix_normalized_TAIEX_regime_fixed_60d_C4_calibrated_xgb_multiclass_train.png,.png,104880,2026-06-23T15:22:50Z,acc89060676da49125454210dd28abb42dddc0fbe2be42711ecd76d6fb1c87a6
outputs/AURORA_TWETF/ordinal_imbalance_uncertainty/run_20260623_151920/plots/confusion_matrix_normalized_TAIEX_regime_fixed_60d_C4_calibrated_xgb_multiclass_validation.png,confusion_matrix_normalized_TAIEX_regime_fixed_60d_C4_calibrated_xgb_multiclass_validation.png,.png,109370,2026-06-23T15:22:51Z,7ded6103f0cf1570725684b9404a126d60d411335c154a69ef3f26cf7331b718
outputs/AURORA_TWETF/ordinal_imbalance_uncertainty/run_20260623_151920/plots/confusion_matrix_normalized_TAIEX_regime_fixed_60d_E1_valid_model_probability_ensemble_test.png,confusion_matrix_normalized_TAIEX_regime_fixed_60d_E1_valid_model_probability_ensemble_test.png,.png,94745,2026-06-23T15:22:57Z,eb160717fccc09f76a9fe8b3f33cfe84e7e0441aac6afc9cc75cdcc50850241a
outputs/AURORA_TWETF/ordinal_imbalance_uncertainty/run_20260623_151920/plots/confusion_matrix_normalized_TAIEX_regime_fixed_60d_E1_valid_model_probability_ensemble_train.png,confusion_matrix_normalized_TAIEX_regime_fixed_60d_E1_valid_model_probability_ensemble_train.png,.png,100703,2026-06-23T15:22:55Z,e1e69018b3c33aa35d8b9c6e4bef940972256ab1b970d81fbdb4d8d7fcd3f4ad
outputs/AURORA_TWETF/ordinal_imbalance_uncertainty/run_20260623_151920/plots/confusion_matrix_normalized_TAIEX_regime_fixed_60d_E1_valid_model_probability_ensemble_validation.png,confusion_matrix_normalized_TAIEX_regime_fixed_60d_E1_valid_model_probability_ensemble_validation.png,.png,105830,2026-06-23T15:22:56Z,be18587a54c466b8fe8fb3b7f546bc11153e744f269629e01429b3f061c71135
outputs/AURORA_TWETF/ordinal_imbalance_uncertainty/run_20260623_151920/plots/confusion_matrix_normalized_TAIEX_regime_fixed_60d_O1_cumulative_logit_balanced_test.png,confusion_matrix_normalized_TAIEX_regime_fixed_60d_O1_cumulative_logit_balanced_test.png,.png,98252,2026-06-23T15:21:19Z,f48fdb20d2e6e2cbf36456a872d04fb41aa7bda1ff16c74092c753dabd51a351
outputs/AURORA_TWETF/ordinal_imbalance_uncertainty/run_20260623_151920/plots/confusion_matrix_normalized_TAIEX_regime_fixed_60d_O1_cumulative_logit_balanced_train.png,confusion_matrix_normalized_TAIEX_regime_fixed_60d_O1_cumulative_logit_balanced_train.png,.png,97721,2026-06-23T15:21:18Z,170c127f4799a8e8f2b9fa4163e8d9bb077d5557659ce4833885d676779c02c6
outputs/AURORA_TWETF/ordinal_imbalance_uncertainty/run_20260623_151920/plots/confusion_matrix_normalized_TAIEX_regime_fixed_60d_O1_cumulative_logit_balanced_validation.png,confusion_matrix_normalized_TAIEX_regime_fixed_60d_O1_cumulative_logit_balanced_validation.png,.png,116027,2026-06-23T15:21:19Z,46d8bc7936212a5f055213d7d2df066eb20ff12398f2a3af571c426abe80f823
outputs/AURORA_TWETF/ordinal_imbalance_uncertainty/run_20260623_151920/plots/confusion_matrix_normalized_TAIEX_regime_fixed_60d_O2_cumulative_rf_balanced_test.png,confusion_matrix_normalized_TAIEX_regime_fixed_60d_O2_cumulative_rf_balanced_test.png,.png,94827,2026-06-23T15:21:32Z,c60116001d811c60dd99e005d68a03e816da49704cfc828fbbbe228fa1ac76a9
outputs/AURORA_TWETF/ordinal_imbalance_uncertainty/run_20260623_151920/plots/confusion_matrix_normalized_TAIEX_regime_fixed_60d_O2_cumulative_rf_balanced_train.png,confusion_matrix_normalized_TAIEX_regime_fixed_60d_O2_cumulative_rf_balanced_train.png,.png,104836,2026-06-23T15:21:30Z,2f333fe107d769e4795760bf4723234f21759b24a14f73370e6e3c7a28ede75f
outputs/AURORA_TWETF/ordinal_imbalance_uncertainty/run_20260623_151920/plots/confusion_matrix_normalized_TAIEX_regime_fixed_60d_O2_cumulative_rf_balanced_validation.png,confusion_matrix_normalized_TAIEX_regime_fixed_60d_O2_cumulative_rf_balanced_validation.png,.png,108496,2026-06-23T15:21:31Z,b3327da56a2567e9654404d10885f2426047cd40188460b0d53f513cfae435ce
outputs/AURORA_TWETF/ordinal_imbalance_uncertainty/run_20260623_151920/plots/confusion_matrix_normalized_TAIEX_regime_fixed_60d_O3_cumulative_et_balanced_test.png,confusion_matrix_normalized_TAIEX_regime_fixed_60d_O3_cumulative_et_balanced_test.png,.png,87371,2026-06-23T15:21:42Z,0308834d754843067f96e69533a080fb14459863dd9228f62cab9d7c3cd770be
outputs/AURORA_TWETF/ordinal_imbalance_uncertainty/run_20260623_151920/plots/confusion_matrix_normalized_TAIEX_regime_fixed_60d_O3_cumulative_et_balanced_train.png,confusion_matrix_normalized_TAIEX_regime_fixed_60d_O3_cumulative_et_balanced_train.png,.png,105634,2026-06-23T15:21:40Z,be8e8eb59cd21a557778fa1d75f31029abe377b1cf0140254d110a7a8f474785
outputs/AURORA_TWETF/ordinal_imbalance_uncertainty/run_20260623_151920/plots/confusion_matrix_normalized_TAIEX_regime_fixed_60d_O3_cumulative_et_balanced_validation.png,confusion_matrix_normalized_TAIEX_regime_fixed_60d_O3_cumulative_et_balanced_validation.png,.png,96518,2026-06-23T15:21:41Z,2be972d979656e26f8e5c44ded2256986775fb6c6268dd14487823ebd6faf78e
outputs/AURORA_TWETF/ordinal_imbalance_uncertainty/run_20260623_151920/plots/confusion_matrix_normalized_TAIEX_regime_fixed_60d_O4_cumulative_lgbm_balanced_test.png,confusion_matrix_normalized_TAIEX_regime_fixed_60d_O4_cumulative_lgbm_balanced_test.png,.png,95990,2026-06-23T15:21:50Z,6b97f2aa130fc4f31afb9983efa7622c55d0320f2cdd202fa6fa8f9bd42b1a90
outputs/AURORA_TWETF/ordinal_imbalance_uncertainty/run_20260623_151920/plots/confusion_matrix_normalized_TAIEX_regime_fixed_60d_O4_cumulative_lgbm_balanced_train.png,confusion_matrix_normalized_TAIEX_regime_fixed_60d_O4_cumulative_lgbm_balanced_train.png,.png,98905,2026-06-23T15:21:48Z,ed20892f8d5a2784b86ef13001aec744342a339388e4c6a7e7f56ce4c335ed4a
outputs/AURORA_TWETF/ordinal_imbalance_uncertainty/run_20260623_151920/plots/confusion_matrix_normalized_TAIEX_regime_fixed_60d_O4_cumulative_lgbm_balanced_validation.png,confusion_matrix_normalized_TAIEX_regime_fixed_60d_O4_cumulative_lgbm_balanced_validation.png,.png,108928,2026-06-23T15:21:49Z,0d96deb94a31e98c8f3bf586e1f4f58d2b8ab724f7ba0805f31f0d7c9344b870
outputs/AURORA_TWETF/ordinal_imbalance_uncertainty/run_20260623_151920/plots/confusion_matrix_normalized_TAIEX_regime_fixed_60d_R1_ridge_regression_to_ordinal_test.png,confusion_matrix_normalized_TAIEX_regime_fixed_60d_R1_ridge_regression_to_ordinal_test.png,.png,97280,2026-06-23T15:21:55Z,4e8ab4db10077d5e358f13db6babee1061f34e1e39f9c3cf19b5ceaf13543247
outputs/AURORA_TWETF/ordinal_imbalance_uncertainty/run_20260623_151920/plots/confusion_matrix_normalized_TAIEX_regime_fixed_60d_R1_ridge_regression_to_ordinal_train.png,confusion_matrix_normalized_TAIEX_regime_fixed_60d_R1_ridge_regression_to_ordinal_train.png,.png,109354,2026-06-23T15:21:53Z,bf15eecc6dde2392cc3a0848c834f6ce8d22860f3690793adfa126fcc75c1dd2
outputs/AURORA_TWETF/ordinal_imbalance_uncertainty/run_20260623_151920/plots/confusion_matrix_normalized_TAIEX_regime_fixed_60d_R1_ridge_regression_to_ordinal_validation.png,confusion_matrix_normalized_TAIEX_regime_fixed_60d_R1_ridge_regression_to_ordinal_validation.png,.png,110268,2026-06-23T15:21:54Z,f394c0122a058152906c3d0bc3a4530cc4ece3f5291eed0e78adec23f4e8e663
outputs/AURORA_TWETF/ordinal_imbalance_uncertainty/run_20260623_151920/plots/confusion_matrix_normalized_TAIEX_regime_fixed_60d_R2_rf_regression_to_ordinal_test.png,confusion_matrix_normalized_TAIEX_regime_fixed_60d_R2_rf_regression_to_ordinal_test.png,.png,91313,2026-06-23T15:22:00Z,e2351381d8afa991e28f337696a1e380222a297de370ebfb6f438e261f01cf48
outputs/AURORA_TWETF/ordinal_imbalance_uncertainty/run_20260623_151920/plots/confusion_matrix_normalized_TAIEX_regime_fixed_60d_R2_rf_regression_to_ordinal_train.png,confusion_matrix_normalized_TAIEX_regime_fixed_60d_R2_rf_regression_to_ordinal_train.png,.png,103206,2026-06-23T15:21:58Z,c05f3aa07356c3d83a1004cca6706fc7fe073329540f7d7f3f562f03c3179e24
outputs/AURORA_TWETF/ordinal_imbalance_uncertainty/run_20260623_151920/plots/confusion_matrix_normalized_TAIEX_regime_fixed_60d_R2_rf_regression_to_ordinal_validation.png,confusion_matrix_normalized_TAIEX_regime_fixed_60d_R2_rf_regression_to_ordinal_validation.png,.png,100642,2026-06-23T15:21:59Z,11a2ac4e1e1cef09c0f5889a1cbf35dfdafbd5f1e1a968c11cb531fc0b6628d4
outputs/AURORA_TWETF/ordinal_imbalance_uncertainty/run_20260623_151920/plots/confusion_matrix_normalized_TAIEX_regime_fixed_60d_R3_et_regression_to_ordinal_test.png,confusion_matrix_normalized_TAIEX_regime_fixed_60d_R3_et_regression_to_ordinal_test.png,.png,89489,2026-06-23T15:22:07Z,9818648bb9f381746a2ca19d0644865c27200f413b8daada25f503be7444b473
outputs/AURORA_TWETF/ordinal_imbalance_uncertainty/run_20260623_151920/plots/confusion_matrix_normalized_TAIEX_regime_fixed_60d_R3_et_regression_to_ordinal_train.png,confusion_matrix_normalized_TAIEX_regime_fixed_60d_R3_et_regression_to_ordinal_train.png,.png,102120,2026-06-23T15:22:04Z,4e992a168221ecece2a09ba7aa0f761ef428fdd4d9cf457bbd7659fd88f1c1a9
outputs/AURORA_TWETF/ordinal_imbalance_uncertainty/run_20260623_151920/plots/confusion_matrix_normalized_TAIEX_regime_fixed_60d_R3_et_regression_to_ordinal_validation.png,confusion_matrix_normalized_TAIEX_regime_fixed_60d_R3_et_regression_to_ordinal_validation.png,.png,100690,2026-06-23T15:22:05Z,e0f65b0621510cc1d5a394d106111ae8e23422ad6022705c6bc10a281d733894
outputs/AURORA_TWETF/ordinal_imbalance_uncertainty/run_20260623_151920/plots/confusion_matrix_normalized_TAIEX_regime_fixed_60d_R4_lgbm_regression_to_ordinal_test.png,confusion_matrix_normalized_TAIEX_regime_fixed_60d_R4_lgbm_regression_to_ordinal_test.png,.png,93739,2026-06-23T15:22:12Z,fe0499a452464c9ecfa9061b2abeba5abb97c019132a1b76a92b71a708fa24fb
outputs/AURORA_TWETF/ordinal_imbalance_uncertainty/run_20260623_151920/plots/confusion_matrix_normalized_TAIEX_regime_fixed_60d_R4_lgbm_regression_to_ordinal_train.png,confusion_matrix_normalized_TAIEX_regime_fixed_60d_R4_lgbm_regression_to_ordinal_train.png,.png,103913,2026-06-23T15:22:10Z,8f218f98e2d438206f72dde6003be6cda5008af012232aa8a3959b929033b40d
outputs/AURORA_TWETF/ordinal_imbalance_uncertainty/run_20260623_151920/plots/confusion_matrix_normalized_TAIEX_regime_fixed_60d_R4_lgbm_regression_to_ordinal_validation.png,confusion_matrix_normalized_TAIEX_regime_fixed_60d_R4_lgbm_regression_to_ordinal_validation.png,.png,103176,2026-06-23T15:22:11Z,234a97bb5a262f6aebc8b2ef7b2f957c99c85cbf4fcaab0397d15f2a4a9781ab
outputs/AURORA_TWETF/ordinal_imbalance_uncertainty/run_20260623_151920/plots/confusion_matrix_normalized_TAIEX_regime_fixed_60d_R5_xgb_regression_to_ordinal_test.png,confusion_matrix_normalized_TAIEX_regime_fixed_60d_R5_xgb_regression_to_ordinal_test.png,.png,89250,2026-06-23T15:22:20Z,6f7d9f4672bef18e576be5991612aadb733171a25425c4af0625f1f73473526f
outputs/AURORA_TWETF/ordinal_imbalance_uncertainty/run_20260623_151920/plots/confusion_matrix_normalized_TAIEX_regime_fixed_60d_R5_xgb_regression_to_ordinal_train.png,confusion_matrix_normalized_TAIEX_regime_fixed_60d_R5_xgb_regression_to_ordinal_train.png,.png,104568,2026-06-23T15:22:18Z,a7e8440a4607a75086058bce8993fcfccb249353d77bdada3b1dc5402dc78ee5
outputs/AURORA_TWETF/ordinal_imbalance_uncertainty/run_20260623_151920/plots/confusion_matrix_normalized_TAIEX_regime_fixed_60d_R5_xgb_regression_to_ordinal_validation.png,confusion_matrix_normalized_TAIEX_regime_fixed_60d_R5_xgb_regression_to_ordinal_validation.png,.png,101533,2026-06-23T15:22:19Z,eb5d2a908b1f613c6053fe81c0c983a3b606a0df0aea30177e94d8af7951a274
outputs/AURORA_TWETF/ordinal_imbalance_uncertainty/run_20260623_151920/plots/feature_importance_TAIEX_regime_fixed_20d_C1_calibrated_logistic_balanced.png,feature_importance_TAIEX_regime_fixed_20d_C1_calibrated_logistic_balanced.png,.png,309578,2026-06-23T15:20:41Z,d19498037978b74668b494e7a98f6f8756b1304dbc77b882873261bebdaa980d
outputs/AURORA_TWETF/ordinal_imbalance_uncertainty/run_20260623_151920/plots/feature_importance_TAIEX_regime_fixed_20d_C2_calibrated_rf_balanced.png,feature_importance_TAIEX_regime_fixed_20d_C2_calibrated_rf_balanced.png,.png,289781,2026-06-23T15:20:49Z,e46d221dee7dca62d3e08cdc03ae44ad94f49f4c5c2cd217c4b6af7376195d13
outputs/AURORA_TWETF/ordinal_imbalance_uncertainty/run_20260623_151920/plots/feature_importance_TAIEX_regime_fixed_20d_C3_calibrated_lgbm_balanced.png,feature_importance_TAIEX_regime_fixed_20d_C3_calibrated_lgbm_balanced.png,.png,295321,2026-06-23T15:20:57Z,40f0ddaa89f80923feb4ca88993c6c225fb27903191e05d1beea15406ed45670
outputs/AURORA_TWETF/ordinal_imbalance_uncertainty/run_20260623_151920/plots/feature_importance_TAIEX_regime_fixed_20d_C4_calibrated_xgb_multiclass.png,feature_importance_TAIEX_regime_fixed_20d_C4_calibrated_xgb_multiclass.png,.png,289839,2026-06-23T15:21:08Z,474fdfc0014c31adf264b84501bf588fa502ead4e1beaf9c34417afa9df7f488
outputs/AURORA_TWETF/ordinal_imbalance_uncertainty/run_20260623_151920/plots/feature_importance_TAIEX_regime_fixed_20d_O1_cumulative_logit_balanced.png,feature_importance_TAIEX_regime_fixed_20d_O1_cumulative_logit_balanced.png,.png,304841,2026-06-23T15:19:33Z,bfa3f6ef3d9d137529ed51f8a1d19b0a3a164abd39d7146dddf19826b41780a1
outputs/AURORA_TWETF/ordinal_imbalance_uncertainty/run_20260623_151920/plots/feature_importance_TAIEX_regime_fixed_20d_O2_cumulative_rf_balanced.png,feature_importance_TAIEX_regime_fixed_20d_O2_cumulative_rf_balanced.png,.png,290448,2026-06-23T15:19:47Z,280745086188d53641732fbcc3e9ee41f8adc910e1711c8b02d8b39dd20fc529
outputs/AURORA_TWETF/ordinal_imbalance_uncertainty/run_20260623_151920/plots/feature_importance_TAIEX_regime_fixed_20d_O3_cumulative_et_balanced.png,feature_importance_TAIEX_regime_fixed_20d_O3_cumulative_et_balanced.png,.png,295402,2026-06-23T15:19:57Z,11f62697ff9f2a3a6d665af76c4f5e79f6e8ae1bca38d6bf041bae9e8f7fe6c1
outputs/AURORA_TWETF/ordinal_imbalance_uncertainty/run_20260623_151920/plots/feature_importance_TAIEX_regime_fixed_20d_O4_cumulative_lgbm_balanced.png,feature_importance_TAIEX_regime_fixed_20d_O4_cumulative_lgbm_balanced.png,.png,295484,2026-06-23T15:20:04Z,033fdd46f628d947614040502d13e0688c770419c2382ebd7ec1879c67ca732a
outputs/AURORA_TWETF/ordinal_imbalance_uncertainty/run_20260623_151920/plots/feature_importance_TAIEX_regime_fixed_20d_R1_ridge_regression_to_ordinal.png,feature_importance_TAIEX_regime_fixed_20d_R1_ridge_regression_to_ordinal.png,.png,291287,2026-06-23T15:20:09Z,b33e366bebd36145e3f9ba9fea5c36d9aa0e7b8895ef4763536ccde39cb51a49
outputs/AURORA_TWETF/ordinal_imbalance_uncertainty/run_20260623_151920/plots/feature_importance_TAIEX_regime_fixed_20d_R2_rf_regression_to_ordinal.png,feature_importance_TAIEX_regime_fixed_20d_R2_rf_regression_to_ordinal.png,.png,291762,2026-06-23T15:20:15Z,9f534e380ffd70e5242f915516012c18f903fc175ce9d60dc6829079cff278af
outputs/AURORA_TWETF/ordinal_imbalance_uncertainty/run_20260623_151920/plots/feature_importance_TAIEX_regime_fixed_20d_R3_et_regression_to_ordinal.png,feature_importance_TAIEX_regime_fixed_20d_R3_et_regression_to_ordinal.png,.png,292368,2026-06-23T15:20:21Z,1b5aa22c75c97c9989a0bd36eeda23571108d9a43342eff7532e6940085cdc68
outputs/AURORA_TWETF/ordinal_imbalance_uncertainty/run_20260623_151920/plots/feature_importance_TAIEX_regime_fixed_20d_R4_lgbm_regression_to_ordinal.png,feature_importance_TAIEX_regime_fixed_20d_R4_lgbm_regression_to_ordinal.png,.png,296971,2026-06-23T15:20:26Z,f9496326ae5fa4ed0c5551b544ed0fb45a649823c4f0140eab1533a2eb7369e9
outputs/AURORA_TWETF/ordinal_imbalance_uncertainty/run_20260623_151920/plots/feature_importance_TAIEX_regime_fixed_20d_R5_xgb_regression_to_ordinal.png,feature_importance_TAIEX_regime_fixed_20d_R5_xgb_regression_to_ordinal.png,.png,289127,2026-06-23T15:20:35Z,ea84438fafbfecc291c13ba9a0aa8f82c2601b779d0ad096c42b53d93528cd13
outputs/AURORA_TWETF/ordinal_imbalance_uncertainty/run_20260623_151920/plots/feature_importance_TAIEX_regime_fixed_60d_C1_calibrated_logistic_balanced.png,feature_importance_TAIEX_regime_fixed_60d_C1_calibrated_logistic_balanced.png,.png,293300,2026-06-23T15:22:28Z,360b55a2663a0cc48ec5877937ac34e4033d3d2d6ad7bff5053d2e52ebb01c5f
outputs/AURORA_TWETF/ordinal_imbalance_uncertainty/run_20260623_151920/plots/feature_importance_TAIEX_regime_fixed_60d_C2_calibrated_rf_balanced.png,feature_importance_TAIEX_regime_fixed_60d_C2_calibrated_rf_balanced.png,.png,291912,2026-06-23T15:22:35Z,3cd9e5997d5efacc1905dd4fd9108c6a6e338d3880d90451439eb3b1939ce44b
outputs/AURORA_TWETF/ordinal_imbalance_uncertainty/run_20260623_151920/plots/feature_importance_TAIEX_regime_fixed_60d_C3_calibrated_lgbm_balanced.png,feature_importance_TAIEX_regime_fixed_60d_C3_calibrated_lgbm_balanced.png,.png,293322,2026-06-23T15:22:43Z,46d966e2cde0d2c5f6edbcb721447155fc950e1e1807d507c0fe2c67e5310187
outputs/AURORA_TWETF/ordinal_imbalance_uncertainty/run_20260623_151920/plots/feature_importance_TAIEX_regime_fixed_60d_C4_calibrated_xgb_multiclass.png,feature_importance_TAIEX_regime_fixed_60d_C4_calibrated_xgb_multiclass.png,.png,297752,2026-06-23T15:22:54Z,65335c36eeef2cc1ba3ee7c91e1260c46c23e03dfa9ff8ae4ff4b2405b9c56a5
outputs/AURORA_TWETF/ordinal_imbalance_uncertainty/run_20260623_151920/plots/feature_importance_TAIEX_regime_fixed_60d_O1_cumulative_logit_balanced.png,feature_importance_TAIEX_regime_fixed_60d_O1_cumulative_logit_balanced.png,.png,300152,2026-06-23T15:21:21Z,cb141aa1e991ec81eda6ae8241894ee976a1ce08c35145fdf732d0b822d93fac
outputs/AURORA_TWETF/ordinal_imbalance_uncertainty/run_20260623_151920/plots/feature_importance_TAIEX_regime_fixed_60d_O2_cumulative_rf_balanced.png,feature_importance_TAIEX_regime_fixed_60d_O2_cumulative_rf_balanced.png,.png,296791,2026-06-23T15:21:34Z,87638c325b17e07ff72b21e4b4015e17a3bb5382ce28b2e427141dfa96e0c1c4
outputs/AURORA_TWETF/ordinal_imbalance_uncertainty/run_20260623_151920/plots/feature_importance_TAIEX_regime_fixed_60d_O3_cumulative_et_balanced.png,feature_importance_TAIEX_regime_fixed_60d_O3_cumulative_et_balanced.png,.png,293777,2026-06-23T15:21:44Z,168420601d97284939592b1d488d5c11ff2c1b662705461600d19d7c44b61778
outputs/AURORA_TWETF/ordinal_imbalance_uncertainty/run_20260623_151920/plots/feature_importance_TAIEX_regime_fixed_60d_O4_cumulative_lgbm_balanced.png,feature_importance_TAIEX_regime_fixed_60d_O4_cumulative_lgbm_balanced.png,.png,294603,2026-06-23T15:21:52Z,b67e4f5f11b401d5b505fe88d68ca9b6335be39c7d46be3d286cb6c227a562b2
outputs/AURORA_TWETF/ordinal_imbalance_uncertainty/run_20260623_151920/plots/feature_importance_TAIEX_regime_fixed_60d_R1_ridge_regression_to_ordinal.png,feature_importance_TAIEX_regime_fixed_60d_R1_ridge_regression_to_ordinal.png,.png,286929,2026-06-23T15:21:56Z,69b3a692df91f673ecd886e1ea315a8c45db8fdb237e179af9a14ed0273eb70c
outputs/AURORA_TWETF/ordinal_imbalance_uncertainty/run_20260623_151920/plots/feature_importance_TAIEX_regime_fixed_60d_R2_rf_regression_to_ordinal.png,feature_importance_TAIEX_regime_fixed_60d_R2_rf_regression_to_ordinal.png,.png,297933,2026-06-23T15:22:02Z,bd0d82547157dc934accd7268bf5e12929b6ddad7574073ff9d92c67b9eb7d7b
outputs/AURORA_TWETF/ordinal_imbalance_uncertainty/run_20260623_151920/plots/feature_importance_TAIEX_regime_fixed_60d_R3_et_regression_to_ordinal.png,feature_importance_TAIEX_regime_fixed_60d_R3_et_regression_to_ordinal.png,.png,295551,2026-06-23T15:22:08Z,e356fa8e00f723d11d408519df01cbbdce412b3da0ca6fd54a15eb306b05dbe8
outputs/AURORA_TWETF/ordinal_imbalance_uncertainty/run_20260623_151920/plots/feature_importance_TAIEX_regime_fixed_60d_R4_lgbm_regression_to_ordinal.png,feature_importance_TAIEX_regime_fixed_60d_R4_lgbm_regression_to_ordinal.png,.png,295228,2026-06-23T15:22:14Z,352b65aaf5acf58e631913b06fc6234515e66e788535a1234417b7a0091b5250
outputs/AURORA_TWETF/ordinal_imbalance_uncertainty/run_20260623_151920/plots/feature_importance_TAIEX_regime_fixed_60d_R5_xgb_regression_to_ordinal.png,feature_importance_TAIEX_regime_fixed_60d_R5_xgb_regression_to_ordinal.png,.png,296919,2026-06-23T15:22:22Z,e729d24a5c86865e8b907ce1c3ced30f12484e9e9d28821f7f698d1ab2e15b75
outputs/AURORA_TWETF/ordinal_imbalance_uncertainty/run_20260623_151920/plots/model_comparison_TAIEX_regime_fixed_20d_test_adjacent_accuracy_tol_1.png,model_comparison_TAIEX_regime_fixed_20d_test_adjacent_accuracy_tol_1.png,.png,154119,2026-06-23T15:23:02Z,1cbbaf43763908224cda6b814871ee0de384530ca77db374b24ced0fd316d2ad
outputs/AURORA_TWETF/ordinal_imbalance_uncertainty/run_20260623_151920/plots/model_comparison_TAIEX_regime_fixed_20d_test_balanced_accuracy.png,model_comparison_TAIEX_regime_fixed_20d_test_balanced_accuracy.png,.png,154265,2026-06-23T15:23:01Z,218c490603b8c42d4cf41befef8d8b539c79a6ac5c116169504ac27d0bfdfc8b
outputs/AURORA_TWETF/ordinal_imbalance_uncertainty/run_20260623_151920/plots/model_comparison_TAIEX_regime_fixed_20d_test_ece_10bin.png,model_comparison_TAIEX_regime_fixed_20d_test_ece_10bin.png,.png,148273,2026-06-23T15:23:03Z,8bf63f3b699f2450bc7a2bc009491f980f2528ffd090ae59af6aa9fbd2719dea
outputs/AURORA_TWETF/ordinal_imbalance_uncertainty/run_20260623_151920/plots/model_comparison_TAIEX_regime_fixed_20d_test_macro_f1.png,model_comparison_TAIEX_regime_fixed_20d_test_macro_f1.png,.png,151656,2026-06-23T15:23:01Z,b6d6c009b0e7f25198b55a94c9c86b1dd127870de8f18cd21cfa5261b8ba7224
outputs/AURORA_TWETF/ordinal_imbalance_uncertainty/run_20260623_151920/plots/model_comparison_TAIEX_regime_fixed_20d_test_mean_normalized_entropy.png,model_comparison_TAIEX_regime_fixed_20d_test_mean_normalized_entropy.png,.png,156251,2026-06-23T15:23:03Z,7d174ce72930dc1035e726af0b5cc530e436bb1978cb973b329d29f65d248a20
outputs/AURORA_TWETF/ordinal_imbalance_uncertainty/run_20260623_151920/plots/model_comparison_TAIEX_regime_fixed_20d_test_multiclass_brier.png,model_comparison_TAIEX_regime_fixed_20d_test_multiclass_brier.png,.png,152655,2026-06-23T15:23:03Z,5e673ad445f5bc36a908d1d9139fe4eb785b1b8b77c5d856396af1ae763d6d1c
outputs/AURORA_TWETF/ordinal_imbalance_uncertainty/run_20260623_151920/plots/model_comparison_TAIEX_regime_fixed_20d_test_ordinal_mae.png,model_comparison_TAIEX_regime_fixed_20d_test_ordinal_mae.png,.png,149587,2026-06-23T15:23:02Z,1f5d6f6fdb4c89185895e33cbdfaec0702b35eb356f00762d4604404bc4a1017
outputs/AURORA_TWETF/ordinal_imbalance_uncertainty/run_20260623_151920/plots/model_comparison_TAIEX_regime_fixed_20d_test_quadratic_weighted_kappa.png,model_comparison_TAIEX_regime_fixed_20d_test_quadratic_weighted_kappa.png,.png,158695,2026-06-23T15:23:01Z,477e6a0a3ffda4ffe1ff67c78322dbf1db696016833dd22c1c55ec5d78065385
outputs/AURORA_TWETF/ordinal_imbalance_uncertainty/run_20260623_151920/plots/model_comparison_TAIEX_regime_fixed_60d_test_adjacent_accuracy_tol_1.png,model_comparison_TAIEX_regime_fixed_60d_test_adjacent_accuracy_tol_1.png,.png,154979,2026-06-23T15:23:05Z,1ed26756f34996d74189dd974061e958f5516529e1397c980d1a6493f8276bac
outputs/AURORA_TWETF/ordinal_imbalance_uncertainty/run_20260623_151920/plots/model_comparison_TAIEX_regime_fixed_60d_test_balanced_accuracy.png,model_comparison_TAIEX_regime_fixed_60d_test_balanced_accuracy.png,.png,153222,2026-06-23T15:23:04Z,427d62417c8c737486528b0e610e85efadba95809b844546681f85fa15a8bfb7
outputs/AURORA_TWETF/ordinal_imbalance_uncertainty/run_20260623_151920/plots/model_comparison_TAIEX_regime_fixed_60d_test_ece_10bin.png,model_comparison_TAIEX_regime_fixed_60d_test_ece_10bin.png,.png,149133,2026-06-23T15:23:06Z,afced750632c03eb3a873d5c77f856450cf9f1c8baf7a15eb22315e59b0fd44f
outputs/AURORA_TWETF/ordinal_imbalance_uncertainty/run_20260623_151920/plots/model_comparison_TAIEX_regime_fixed_60d_test_macro_f1.png,model_comparison_TAIEX_regime_fixed_60d_test_macro_f1.png,.png,148184,2026-06-23T15:23:04Z,6e39411ba99621e1f478473bac40d20ba3228e1ee44452ec5bbc3986985461cf
outputs/AURORA_TWETF/ordinal_imbalance_uncertainty/run_20260623_151920/plots/model_comparison_TAIEX_regime_fixed_60d_test_mean_normalized_entropy.png,model_comparison_TAIEX_regime_fixed_60d_test_mean_normalized_entropy.png,.png,156469,2026-06-23T15:23:06Z,2ead8a1020e71f7e2a27eef8088d8efdb71d2196eea1a176466aec405d97f87b
outputs/AURORA_TWETF/ordinal_imbalance_uncertainty/run_20260623_151920/plots/model_comparison_TAIEX_regime_fixed_60d_test_multiclass_brier.png,model_comparison_TAIEX_regime_fixed_60d_test_multiclass_brier.png,.png,151086,2026-06-23T15:23:06Z,d27cac6180198e0477475ad45459b0720d1bc8bcdd7c37b1672e0ec9a1e3436c
outputs/AURORA_TWETF/ordinal_imbalance_uncertainty/run_20260623_151920/plots/model_comparison_TAIEX_regime_fixed_60d_test_ordinal_mae.png,model_comparison_TAIEX_regime_fixed_60d_test_ordinal_mae.png,.png,151549,2026-06-23T15:23:05Z,92f694cf1943b43ccf0b89d257398e16e03b9d1ff0800ac884617b78a7879fdb
outputs/AURORA_TWETF/ordinal_imbalance_uncertainty/run_20260623_151920/plots/model_comparison_TAIEX_regime_fixed_60d_test_quadratic_weighted_kappa.png,model_comparison_TAIEX_regime_fixed_60d_test_quadratic_weighted_kappa.png,.png,158211,2026-06-23T15:23:04Z,c74c1bd4fa9ae81269151e23721bd1fd62fbea84874982b0e32d6bff45f729ef
outputs/AURORA_TWETF/ordinal_imbalance_uncertainty/run_20260623_151920/plots/probability_heatmap_TAIEX_regime_fixed_20d_C1_calibrated_logistic_balanced_test.png,probability_heatmap_TAIEX_regime_fixed_20d_C1_calibrated_logistic_balanced_test.png,.png,93521,2026-06-23T15:20:41Z,f61ba3b1b87dbf3d55e710fea4c2c5c052d62d99f1e7717554efea0453508f9e
outputs/AURORA_TWETF/ordinal_imbalance_uncertainty/run_20260623_151920/plots/probability_heatmap_TAIEX_regime_fixed_20d_C2_calibrated_rf_balanced_test.png,probability_heatmap_TAIEX_regime_fixed_20d_C2_calibrated_rf_balanced_test.png,.png,92944,2026-06-23T15:20:48Z,ff4c903248f56ed3c3e8124381cf756b99c94f014e1947c1a593e60c6454fa22
outputs/AURORA_TWETF/ordinal_imbalance_uncertainty/run_20260623_151920/plots/probability_heatmap_TAIEX_regime_fixed_20d_C3_calibrated_lgbm_balanced_test.png,probability_heatmap_TAIEX_regime_fixed_20d_C3_calibrated_lgbm_balanced_test.png,.png,93612,2026-06-23T15:20:56Z,2415a0d1e418105ff2181a3bf6a8445ded7d9027a391c7f47bd565e935cf99d8
outputs/AURORA_TWETF/ordinal_imbalance_uncertainty/run_20260623_151920/plots/probability_heatmap_TAIEX_regime_fixed_20d_C4_calibrated_xgb_multiclass_test.png,probability_heatmap_TAIEX_regime_fixed_20d_C4_calibrated_xgb_multiclass_test.png,.png,93509,2026-06-23T15:21:07Z,0fecc81f0e1a9625c29f042e7c4cbffaad0de67451ee6fd02c53aa6b35a785c4
outputs/AURORA_TWETF/ordinal_imbalance_uncertainty/run_20260623_151920/plots/probability_heatmap_TAIEX_regime_fixed_20d_E1_valid_model_probability_ensemble_test.png,probability_heatmap_TAIEX_regime_fixed_20d_E1_valid_model_probability_ensemble_test.png,.png,104318,2026-06-23T15:21:12Z,1761cae83d6d28b6d68e5b52e78e20b4d1973d302b97a7942ec74c3963e04aa3
outputs/AURORA_TWETF/ordinal_imbalance_uncertainty/run_20260623_151920/plots/probability_heatmap_TAIEX_regime_fixed_20d_O1_cumulative_logit_balanced_test.png,probability_heatmap_TAIEX_regime_fixed_20d_O1_cumulative_logit_balanced_test.png,.png,93288,2026-06-23T15:19:33Z,755092d1ff5c45c215116d888cb6359c211441c651302836d90cd9935617207e
outputs/AURORA_TWETF/ordinal_imbalance_uncertainty/run_20260623_151920/plots/probability_heatmap_TAIEX_regime_fixed_20d_O2_cumulative_rf_balanced_test.png,probability_heatmap_TAIEX_regime_fixed_20d_O2_cumulative_rf_balanced_test.png,.png,97425,2026-06-23T15:19:45Z,0c644c5b9e54164cae5654d693d48582ed982eff20a2e9a9af3149b3bde1a237
outputs/AURORA_TWETF/ordinal_imbalance_uncertainty/run_20260623_151920/plots/probability_heatmap_TAIEX_regime_fixed_20d_O3_cumulative_et_balanced_test.png,probability_heatmap_TAIEX_regime_fixed_20d_O3_cumulative_et_balanced_test.png,.png,95153,2026-06-23T15:19:56Z,620d5f717fc33abf3c70f64a27b872beb2f5bb9d82d8ac69530f6c20fdc5c12f
outputs/AURORA_TWETF/ordinal_imbalance_uncertainty/run_20260623_151920/plots/probability_heatmap_TAIEX_regime_fixed_20d_O4_cumulative_lgbm_balanced_test.png,probability_heatmap_TAIEX_regime_fixed_20d_O4_cumulative_lgbm_balanced_test.png,.png,96374,2026-06-23T15:20:03Z,f967eade731c352b90f8e7f1d03d32b23fd31f47f0073694b4f3df9421caf3f6
outputs/AURORA_TWETF/ordinal_imbalance_uncertainty/run_20260623_151920/plots/probability_heatmap_TAIEX_regime_fixed_20d_R1_ridge_regression_to_ordinal_test.png,probability_heatmap_TAIEX_regime_fixed_20d_R1_ridge_regression_to_ordinal_test.png,.png,91044,2026-06-23T15:20:08Z,ebed006667a632e8ee5188de3a2a7a8b600316e1cc4d75eb2d6549909def146c
outputs/AURORA_TWETF/ordinal_imbalance_uncertainty/run_20260623_151920/plots/probability_heatmap_TAIEX_regime_fixed_20d_R2_rf_regression_to_ordinal_test.png,probability_heatmap_TAIEX_regime_fixed_20d_R2_rf_regression_to_ordinal_test.png,.png,103261,2026-06-23T15:20:14Z,6c1d9c8e851529f532a0ed602dcdc5c4a705f8c0e9aba4a6b0263b4d4b91d9e7
outputs/AURORA_TWETF/ordinal_imbalance_uncertainty/run_20260623_151920/plots/probability_heatmap_TAIEX_regime_fixed_20d_R3_et_regression_to_ordinal_test.png,probability_heatmap_TAIEX_regime_fixed_20d_R3_et_regression_to_ordinal_test.png,.png,105366,2026-06-23T15:20:20Z,fe2f4e860d2fbb76d5a2bf01ce7add73ec510a2cf552e9b614a71f8f821e319b
outputs/AURORA_TWETF/ordinal_imbalance_uncertainty/run_20260623_151920/plots/probability_heatmap_TAIEX_regime_fixed_20d_R4_lgbm_regression_to_ordinal_test.png,probability_heatmap_TAIEX_regime_fixed_20d_R4_lgbm_regression_to_ordinal_test.png,.png,101382,2026-06-23T15:20:26Z,d3cf09ff54583ceaa325e9d6fd9d8d82ecb06d5b1f86cbec985af70a2b18f903
outputs/AURORA_TWETF/ordinal_imbalance_uncertainty/run_20260623_151920/plots/probability_heatmap_TAIEX_regime_fixed_20d_R5_xgb_regression_to_ordinal_test.png,probability_heatmap_TAIEX_regime_fixed_20d_R5_xgb_regression_to_ordinal_test.png,.png,99009,2026-06-23T15:20:34Z,dcf81b0bd8cf4a60f346c62fc7fc755d1908de155733ad0582c2548aba4765b2
outputs/AURORA_TWETF/ordinal_imbalance_uncertainty/run_20260623_151920/plots/probability_heatmap_TAIEX_regime_fixed_60d_C1_calibrated_logistic_balanced_test.png,probability_heatmap_TAIEX_regime_fixed_60d_C1_calibrated_logistic_balanced_test.png,.png,93909,2026-06-23T15:22:27Z,ff235062577cae6fcaa21ae446d2a7d315f4c5fabb2f871e08e55e02eca5e274
outputs/AURORA_TWETF/ordinal_imbalance_uncertainty/run_20260623_151920/plots/probability_heatmap_TAIEX_regime_fixed_60d_C2_calibrated_rf_balanced_test.png,probability_heatmap_TAIEX_regime_fixed_60d_C2_calibrated_rf_balanced_test.png,.png,99805,2026-06-23T15:22:34Z,ad6659b392ef362868cf580bd9c19735c696490a783dddb6af1ddbe7c3b91357
outputs/AURORA_TWETF/ordinal_imbalance_uncertainty/run_20260623_151920/plots/probability_heatmap_TAIEX_regime_fixed_60d_C3_calibrated_lgbm_balanced_test.png,probability_heatmap_TAIEX_regime_fixed_60d_C3_calibrated_lgbm_balanced_test.png,.png,96650,2026-06-23T15:22:42Z,0387104bd44790843907d4d834e141e5c9ba739aecdd0d649335e606a2447fe0
outputs/AURORA_TWETF/ordinal_imbalance_uncertainty/run_20260623_151920/plots/probability_heatmap_TAIEX_regime_fixed_60d_C4_calibrated_xgb_multiclass_test.png,probability_heatmap_TAIEX_regime_fixed_60d_C4_calibrated_xgb_multiclass_test.png,.png,108292,2026-06-23T15:22:53Z,cc84402cb9c19c1ddf348ce7d22389d10187a5cae5e2f74550281154084857cc
outputs/AURORA_TWETF/ordinal_imbalance_uncertainty/run_20260623_151920/plots/probability_heatmap_TAIEX_regime_fixed_60d_E1_valid_model_probability_ensemble_test.png,probability_heatmap_TAIEX_regime_fixed_60d_E1_valid_model_probability_ensemble_test.png,.png,98575,2026-06-23T15:22:58Z,a995a1bd83a81e7d6fa24386293aea334f9ed9584fa97abffc492f26c78d2726
outputs/AURORA_TWETF/ordinal_imbalance_uncertainty/run_20260623_151920/plots/probability_heatmap_TAIEX_regime_fixed_60d_O1_cumulative_logit_balanced_test.png,probability_heatmap_TAIEX_regime_fixed_60d_O1_cumulative_logit_balanced_test.png,.png,93998,2026-06-23T15:21:20Z,7381f7274e26a5c8fb2aac426974f8192a09c806410656e592ce068255e182fd
outputs/AURORA_TWETF/ordinal_imbalance_uncertainty/run_20260623_151920/plots/probability_heatmap_TAIEX_regime_fixed_60d_O2_cumulative_rf_balanced_test.png,probability_heatmap_TAIEX_regime_fixed_60d_O2_cumulative_rf_balanced_test.png,.png,97986,2026-06-23T15:21:33Z,6f574b7785be73164896df31d396afcf61c6a902f22ab346294b3d7bdff11a7f
outputs/AURORA_TWETF/ordinal_imbalance_uncertainty/run_20260623_151920/plots/probability_heatmap_TAIEX_regime_fixed_60d_O3_cumulative_et_balanced_test.png,probability_heatmap_TAIEX_regime_fixed_60d_O3_cumulative_et_balanced_test.png,.png,98961,2026-06-23T15:21:43Z,a207e4d9936f11867752b3afbeea1f08377a3354da80416eb12f4142516c285a
outputs/AURORA_TWETF/ordinal_imbalance_uncertainty/run_20260623_151920/plots/probability_heatmap_TAIEX_regime_fixed_60d_O4_cumulative_lgbm_balanced_test.png,probability_heatmap_TAIEX_regime_fixed_60d_O4_cumulative_lgbm_balanced_test.png,.png,93363,2026-06-23T15:21:51Z,3df921fb6a4d86a2fcf415387f1f62fb0792dd04f7f8931dc522c2388bb23e67
outputs/AURORA_TWETF/ordinal_imbalance_uncertainty/run_20260623_151920/plots/probability_heatmap_TAIEX_regime_fixed_60d_R1_ridge_regression_to_ordinal_test.png,probability_heatmap_TAIEX_regime_fixed_60d_R1_ridge_regression_to_ordinal_test.png,.png,90925,2026-06-23T15:21:56Z,0b203e2b63ffa004671923bec4011854c297c6709083964b3e1d081616c695bd
outputs/AURORA_TWETF/ordinal_imbalance_uncertainty/run_20260623_151920/plots/probability_heatmap_TAIEX_regime_fixed_60d_R2_rf_regression_to_ordinal_test.png,probability_heatmap_TAIEX_regime_fixed_60d_R2_rf_regression_to_ordinal_test.png,.png,99483,2026-06-23T15:22:01Z,03a82b63f4f6e09a2f20ea9a5eb71cec0683d3f78dd73bb095b23599e8f41c29
outputs/AURORA_TWETF/ordinal_imbalance_uncertainty/run_20260623_151920/plots/probability_heatmap_TAIEX_regime_fixed_60d_R3_et_regression_to_ordinal_test.png,probability_heatmap_TAIEX_regime_fixed_60d_R3_et_regression_to_ordinal_test.png,.png,99963,2026-06-23T15:22:08Z,583c60871888d11febc6b178cb82f4430a3c86f25f58829f63ee79d90bde9e70
outputs/AURORA_TWETF/ordinal_imbalance_uncertainty/run_20260623_151920/plots/probability_heatmap_TAIEX_regime_fixed_60d_R4_lgbm_regression_to_ordinal_test.png,probability_heatmap_TAIEX_regime_fixed_60d_R4_lgbm_regression_to_ordinal_test.png,.png,100131,2026-06-23T15:22:13Z,4a6c6aa0d0ff424750a3de8edf3a5b93d05593c16b8ca291dcb750fc416c02a9
outputs/AURORA_TWETF/ordinal_imbalance_uncertainty/run_20260623_151920/plots/probability_heatmap_TAIEX_regime_fixed_60d_R5_xgb_regression_to_ordinal_test.png,probability_heatmap_TAIEX_regime_fixed_60d_R5_xgb_regression_to_ordinal_test.png,.png,99722,2026-06-23T15:22:21Z,d3e151eb37af88478b24604a5d04706463e58bc4fb27fe18a96c63f61a17c911
outputs/AURORA_TWETF/ordinal_imbalance_uncertainty/run_20260623_151920/plots/reliability_TAIEX_regime_fixed_20d_C1_calibrated_logistic_balanced_test.png,reliability_TAIEX_regime_fixed_20d_C1_calibrated_logistic_balanced_test.png,.png,105792,2026-06-23T15:20:40Z,9b49f405d628afc8738c9d59ad5ee9f537e211cebf3a6f489efeae39b510b921
outputs/AURORA_TWETF/ordinal_imbalance_uncertainty/run_20260623_151920/plots/reliability_TAIEX_regime_fixed_20d_C1_calibrated_logistic_balanced_train.png,reliability_TAIEX_regime_fixed_20d_C1_calibrated_logistic_balanced_train.png,.png,85874,2026-06-23T15:20:38Z,a2fc3bf56fb23d3850193d4f6e9115883a2062d2a4f652456a6eb8f7404705ad
outputs/AURORA_TWETF/ordinal_imbalance_uncertainty/run_20260623_151920/plots/reliability_TAIEX_regime_fixed_20d_C1_calibrated_logistic_balanced_validation.png,reliability_TAIEX_regime_fixed_20d_C1_calibrated_logistic_balanced_validation.png,.png,103652,2026-06-23T15:20:39Z,525087be8ae96da8a4f854844c6be5bce9ddde06add6f5b7203b2bb4f32d57c5
outputs/AURORA_TWETF/ordinal_imbalance_uncertainty/run_20260623_151920/plots/reliability_TAIEX_regime_fixed_20d_C2_calibrated_rf_balanced_test.png,reliability_TAIEX_regime_fixed_20d_C2_calibrated_rf_balanced_test.png,.png,85608,2026-06-23T15:20:47Z,b5479b8725a1523c339f459c7357f2ef9fdc7ffeddcbecee101daad492145aa3
outputs/AURORA_TWETF/ordinal_imbalance_uncertainty/run_20260623_151920/plots/reliability_TAIEX_regime_fixed_20d_C2_calibrated_rf_balanced_train.png,reliability_TAIEX_regime_fixed_20d_C2_calibrated_rf_balanced_train.png,.png,87909,2026-06-23T15:20:45Z,3e5cb646577aed0e557297a045d4b3dcfb460e0ac37e5e180ea92ac608d8d61a
outputs/AURORA_TWETF/ordinal_imbalance_uncertainty/run_20260623_151920/plots/reliability_TAIEX_regime_fixed_20d_C2_calibrated_rf_balanced_validation.png,reliability_TAIEX_regime_fixed_20d_C2_calibrated_rf_balanced_validation.png,.png,93963,2026-06-23T15:20:46Z,1dbb2e8bc6ef41e31718820aec06a4dfb41381b42ba5c5c709a8a2843975726b
outputs/AURORA_TWETF/ordinal_imbalance_uncertainty/run_20260623_151920/plots/reliability_TAIEX_regime_fixed_20d_C3_calibrated_lgbm_balanced_test.png,reliability_TAIEX_regime_fixed_20d_C3_calibrated_lgbm_balanced_test.png,.png,91423,2026-06-23T15:20:55Z,a46d6c249deaeadd84203aba4ca44989ad46971901d8423147c01adc9665350f
outputs/AURORA_TWETF/ordinal_imbalance_uncertainty/run_20260623_151920/plots/reliability_TAIEX_regime_fixed_20d_C3_calibrated_lgbm_balanced_train.png,reliability_TAIEX_regime_fixed_20d_C3_calibrated_lgbm_balanced_train.png,.png,83571,2026-06-23T15:20:53Z,7c3a62ce77424dd3e2f58f54b61d077f7027050e78bb1c442e1267a9e9f0381d
outputs/AURORA_TWETF/ordinal_imbalance_uncertainty/run_20260623_151920/plots/reliability_TAIEX_regime_fixed_20d_C3_calibrated_lgbm_balanced_validation.png,reliability_TAIEX_regime_fixed_20d_C3_calibrated_lgbm_balanced_validation.png,.png,89586,2026-06-23T15:20:54Z,0d78ec554f170d787aac6a3bbbd105b7108f0fd71769911bd4d920e0942ae429
outputs/AURORA_TWETF/ordinal_imbalance_uncertainty/run_20260623_151920/plots/reliability_TAIEX_regime_fixed_20d_C4_calibrated_xgb_multiclass_test.png,reliability_TAIEX_regime_fixed_20d_C4_calibrated_xgb_multiclass_test.png,.png,89899,2026-06-23T15:21:07Z,f68989555a1f9d2c72ec3071fb8995dac00309fdbe87a207c1a2541e0828a0e7
outputs/AURORA_TWETF/ordinal_imbalance_uncertainty/run_20260623_151920/plots/reliability_TAIEX_regime_fixed_20d_C4_calibrated_xgb_multiclass_train.png,reliability_TAIEX_regime_fixed_20d_C4_calibrated_xgb_multiclass_train.png,.png,89693,2026-06-23T15:21:04Z,0c55d11c91523aed12677d38192c000f423b3f3c59b0c108d5706404d2fc0185
outputs/AURORA_TWETF/ordinal_imbalance_uncertainty/run_20260623_151920/plots/reliability_TAIEX_regime_fixed_20d_C4_calibrated_xgb_multiclass_validation.png,reliability_TAIEX_regime_fixed_20d_C4_calibrated_xgb_multiclass_validation.png,.png,89155,2026-06-23T15:21:05Z,858bfa9a30c6a2eaf18121a6fbd67f4fcf592ce87763729a1499be2cf21736a4
outputs/AURORA_TWETF/ordinal_imbalance_uncertainty/run_20260623_151920/plots/reliability_TAIEX_regime_fixed_20d_E1_valid_model_probability_ensemble_test.png,reliability_TAIEX_regime_fixed_20d_E1_valid_model_probability_ensemble_test.png,.png,83815,2026-06-23T15:21:11Z,20d86f6df2a8e33b652f19e21422b91e1afa609bd921ce568f1b086ac626c1b4
outputs/AURORA_TWETF/ordinal_imbalance_uncertainty/run_20260623_151920/plots/reliability_TAIEX_regime_fixed_20d_E1_valid_model_probability_ensemble_train.png,reliability_TAIEX_regime_fixed_20d_E1_valid_model_probability_ensemble_train.png,.png,82249,2026-06-23T15:21:09Z,67cb9698fa54e5702b1f4bfde4709b6bed982fe5a35d29f9ced42d4c213c9e22
outputs/AURORA_TWETF/ordinal_imbalance_uncertainty/run_20260623_151920/plots/reliability_TAIEX_regime_fixed_20d_E1_valid_model_probability_ensemble_validation.png,reliability_TAIEX_regime_fixed_20d_E1_valid_model_probability_ensemble_validation.png,.png,83243,2026-06-23T15:21:10Z,11c1946bc9d8ad67897ae5181824b02c7ff1008d311b16c3bbf6ee3acfc55f49
outputs/AURORA_TWETF/ordinal_imbalance_uncertainty/run_20260623_151920/plots/reliability_TAIEX_regime_fixed_20d_O1_cumulative_logit_balanced_test.png,reliability_TAIEX_regime_fixed_20d_O1_cumulative_logit_balanced_test.png,.png,101889,2026-06-23T15:19:32Z,b1f63108fa81cdea6165d76f69c32c683925f82d72b4add8964789957022a979
outputs/AURORA_TWETF/ordinal_imbalance_uncertainty/run_20260623_151920/plots/reliability_TAIEX_regime_fixed_20d_O1_cumulative_logit_balanced_train.png,reliability_TAIEX_regime_fixed_20d_O1_cumulative_logit_balanced_train.png,.png,88354,2026-06-23T15:19:30Z,f7259eaa0f105b77fa869b27cfe9197caf14449053cd73e91d02204b7e80613b
outputs/AURORA_TWETF/ordinal_imbalance_uncertainty/run_20260623_151920/plots/reliability_TAIEX_regime_fixed_20d_O1_cumulative_logit_balanced_validation.png,reliability_TAIEX_regime_fixed_20d_O1_cumulative_logit_balanced_validation.png,.png,96056,2026-06-23T15:19:31Z,e63b2df61f31d5e71696f3ee2a8325609d0043696d76f303fbed13c6e7480a71
outputs/AURORA_TWETF/ordinal_imbalance_uncertainty/run_20260623_151920/plots/reliability_TAIEX_regime_fixed_20d_O2_cumulative_rf_balanced_test.png,reliability_TAIEX_regime_fixed_20d_O2_cumulative_rf_balanced_test.png,.png,81418,2026-06-23T15:19:45Z,cec452de492ee89c69370f5cba33348fe6bac1ba6637b09907b1ee9169d559fc
outputs/AURORA_TWETF/ordinal_imbalance_uncertainty/run_20260623_151920/plots/reliability_TAIEX_regime_fixed_20d_O2_cumulative_rf_balanced_train.png,reliability_TAIEX_regime_fixed_20d_O2_cumulative_rf_balanced_train.png,.png,84533,2026-06-23T15:19:43Z,555454fa345ddd307b85e88584a453eaab3f24bad4d8a44797205c8b6b9ccf09
outputs/AURORA_TWETF/ordinal_imbalance_uncertainty/run_20260623_151920/plots/reliability_TAIEX_regime_fixed_20d_O2_cumulative_rf_balanced_validation.png,reliability_TAIEX_regime_fixed_20d_O2_cumulative_rf_balanced_validation.png,.png,86857,2026-06-23T15:19:44Z,b040a7cf836f66f7cb9370754e01297be3db8b082c3b50f10f6f85a65cb7a6bb
outputs/AURORA_TWETF/ordinal_imbalance_uncertainty/run_20260623_151920/plots/reliability_TAIEX_regime_fixed_20d_O3_cumulative_et_balanced_test.png,reliability_TAIEX_regime_fixed_20d_O3_cumulative_et_balanced_test.png,.png,79777,2026-06-23T15:19:55Z,96cbeaefe511686e606e75731fb7e6a9f0dac35637b57d792b9b9468163ebeef
outputs/AURORA_TWETF/ordinal_imbalance_uncertainty/run_20260623_151920/plots/reliability_TAIEX_regime_fixed_20d_O3_cumulative_et_balanced_train.png,reliability_TAIEX_regime_fixed_20d_O3_cumulative_et_balanced_train.png,.png,89683,2026-06-23T15:19:53Z,4979e0d2b547c855ed81055a7d5a610554adb0978cb981104f055065d21187e1
outputs/AURORA_TWETF/ordinal_imbalance_uncertainty/run_20260623_151920/plots/reliability_TAIEX_regime_fixed_20d_O3_cumulative_et_balanced_validation.png,reliability_TAIEX_regime_fixed_20d_O3_cumulative_et_balanced_validation.png,.png,84610,2026-06-23T15:19:54Z,98158b77fb75ee2cde6d2425045e4cac45f881420799f4f7c32dd30f26849b3a
outputs/AURORA_TWETF/ordinal_imbalance_uncertainty/run_20260623_151920/plots/reliability_TAIEX_regime_fixed_20d_O4_cumulative_lgbm_balanced_test.png,reliability_TAIEX_regime_fixed_20d_O4_cumulative_lgbm_balanced_test.png,.png,102548,2026-06-23T15:20:03Z,49c2f011131d25bde1b5a0091539281885d360e14eb795ae4047d6754b0c5049
outputs/AURORA_TWETF/ordinal_imbalance_uncertainty/run_20260623_151920/plots/reliability_TAIEX_regime_fixed_20d_O4_cumulative_lgbm_balanced_train.png,reliability_TAIEX_regime_fixed_20d_O4_cumulative_lgbm_balanced_train.png,.png,85470,2026-06-23T15:20:01Z,57c23f213d47dddbafd8a16c848304bb7a4113ad3be12f455a704cc785c8fc36
outputs/AURORA_TWETF/ordinal_imbalance_uncertainty/run_20260623_151920/plots/reliability_TAIEX_regime_fixed_20d_O4_cumulative_lgbm_balanced_validation.png,reliability_TAIEX_regime_fixed_20d_O4_cumulative_lgbm_balanced_validation.png,.png,89461,2026-06-23T15:20:02Z,2ad92381a24964bfe705c384ee9277ad75e4642f9fa1b60bfa38353b37dca72e
outputs/AURORA_TWETF/ordinal_imbalance_uncertainty/run_20260623_151920/plots/reliability_TAIEX_regime_fixed_20d_R1_ridge_regression_to_ordinal_test.png,reliability_TAIEX_regime_fixed_20d_R1_ridge_regression_to_ordinal_test.png,.png,86197,2026-06-23T15:20:08Z,3d4ab3feaebb30e532dff44ed5efda3404aaa58087116d239c4a987ee6d081da
outputs/AURORA_TWETF/ordinal_imbalance_uncertainty/run_20260623_151920/plots/reliability_TAIEX_regime_fixed_20d_R1_ridge_regression_to_ordinal_train.png,reliability_TAIEX_regime_fixed_20d_R1_ridge_regression_to_ordinal_train.png,.png,81889,2026-06-23T15:20:05Z,655a5f34559e1858f13c5acc383f0a62158757f32be7f5bdbe4f9eba64774e24
outputs/AURORA_TWETF/ordinal_imbalance_uncertainty/run_20260623_151920/plots/reliability_TAIEX_regime_fixed_20d_R1_ridge_regression_to_ordinal_validation.png,reliability_TAIEX_regime_fixed_20d_R1_ridge_regression_to_ordinal_validation.png,.png,83275,2026-06-23T15:20:07Z,76ba07af9932b3071bf69ee806e8f764805b26e7a452b1f0b4629f6e0e8fd39d
outputs/AURORA_TWETF/ordinal_imbalance_uncertainty/run_20260623_151920/plots/reliability_TAIEX_regime_fixed_20d_R2_rf_regression_to_ordinal_test.png,reliability_TAIEX_regime_fixed_20d_R2_rf_regression_to_ordinal_test.png,.png,82879,2026-06-23T15:20:14Z,abea357167f75e274a770194aa2e4c8eb4f421112cdd8c9d5dc1e62cf3ba798f
outputs/AURORA_TWETF/ordinal_imbalance_uncertainty/run_20260623_151920/plots/reliability_TAIEX_regime_fixed_20d_R2_rf_regression_to_ordinal_train.png,reliability_TAIEX_regime_fixed_20d_R2_rf_regression_to_ordinal_train.png,.png,83533,2026-06-23T15:20:12Z,bea9f80767be765b8e40cd936053c04605c435ed049f4d92adf0cf6bfa3eae18
outputs/AURORA_TWETF/ordinal_imbalance_uncertainty/run_20260623_151920/plots/reliability_TAIEX_regime_fixed_20d_R2_rf_regression_to_ordinal_validation.png,reliability_TAIEX_regime_fixed_20d_R2_rf_regression_to_ordinal_validation.png,.png,82175,2026-06-23T15:20:13Z,5749b4eff0739939d7aef2db8a51c7bd305cbe5dd439f7f66659e495716463ef
outputs/AURORA_TWETF/ordinal_imbalance_uncertainty/run_20260623_151920/plots/reliability_TAIEX_regime_fixed_20d_R3_et_regression_to_ordinal_test.png,reliability_TAIEX_regime_fixed_20d_R3_et_regression_to_ordinal_test.png,.png,82639,2026-06-23T15:20:20Z,feb4e611c128bb79898111cf9883d36e22c3b6081335832b3bf91f58b63b2907
outputs/AURORA_TWETF/ordinal_imbalance_uncertainty/run_20260623_151920/plots/reliability_TAIEX_regime_fixed_20d_R3_et_regression_to_ordinal_train.png,reliability_TAIEX_regime_fixed_20d_R3_et_regression_to_ordinal_train.png,.png,84211,2026-06-23T15:20:17Z,24c2ac6072d9394a229ad8cb8f7e96db835dfb99bdb1b4e7e51c10d8b559fda1
outputs/AURORA_TWETF/ordinal_imbalance_uncertainty/run_20260623_151920/plots/reliability_TAIEX_regime_fixed_20d_R3_et_regression_to_ordinal_validation.png,reliability_TAIEX_regime_fixed_20d_R3_et_regression_to_ordinal_validation.png,.png,84945,2026-06-23T15:20:18Z,9a879933a84525e35f5f5422f472f80dc9ee2a549c50aa6d528f4bce4304dc56
outputs/AURORA_TWETF/ordinal_imbalance_uncertainty/run_20260623_151920/plots/reliability_TAIEX_regime_fixed_20d_R4_lgbm_regression_to_ordinal_test.png,reliability_TAIEX_regime_fixed_20d_R4_lgbm_regression_to_ordinal_test.png,.png,81397,2026-06-23T15:20:25Z,cbb69fe28c9daa22ff3c1c06777e56d4555ca2e62a4d46c2953f3cec0a778a05
outputs/AURORA_TWETF/ordinal_imbalance_uncertainty/run_20260623_151920/plots/reliability_TAIEX_regime_fixed_20d_R4_lgbm_regression_to_ordinal_train.png,reliability_TAIEX_regime_fixed_20d_R4_lgbm_regression_to_ordinal_train.png,.png,82990,2026-06-23T15:20:23Z,a3a16e51d37bf643222b234efe1b2064fa7fb872ba1ca1277973626b22acba56
outputs/AURORA_TWETF/ordinal_imbalance_uncertainty/run_20260623_151920/plots/reliability_TAIEX_regime_fixed_20d_R4_lgbm_regression_to_ordinal_validation.png,reliability_TAIEX_regime_fixed_20d_R4_lgbm_regression_to_ordinal_validation.png,.png,81186,2026-06-23T15:20:24Z,bb0c42936b741be1980a1f043185002ea7473cd83e0d05de6639d409c7340d82
outputs/AURORA_TWETF/ordinal_imbalance_uncertainty/run_20260623_151920/plots/reliability_TAIEX_regime_fixed_20d_R5_xgb_regression_to_ordinal_test.png,reliability_TAIEX_regime_fixed_20d_R5_xgb_regression_to_ordinal_test.png,.png,80976,2026-06-23T15:20:34Z,d054fa42f9b7fb54ecb0b3f277f8aa0f1749e3965df2a68aa87bb77d991be483
outputs/AURORA_TWETF/ordinal_imbalance_uncertainty/run_20260623_151920/plots/reliability_TAIEX_regime_fixed_20d_R5_xgb_regression_to_ordinal_train.png,reliability_TAIEX_regime_fixed_20d_R5_xgb_regression_to_ordinal_train.png,.png,82947,2026-06-23T15:20:32Z,f0439f04cf0da09fc86ac935812f5ad33d7e28a487d751699333bffa23eb24d0
outputs/AURORA_TWETF/ordinal_imbalance_uncertainty/run_20260623_151920/plots/reliability_TAIEX_regime_fixed_20d_R5_xgb_regression_to_ordinal_validation.png,reliability_TAIEX_regime_fixed_20d_R5_xgb_regression_to_ordinal_validation.png,.png,84198,2026-06-23T15:20:33Z,200e2072ec0cc775e17418e0586eff8144dfd92b5259a0379f5a53d712595c73
outputs/AURORA_TWETF/ordinal_imbalance_uncertainty/run_20260623_151920/plots/reliability_TAIEX_regime_fixed_60d_C1_calibrated_logistic_balanced_test.png,reliability_TAIEX_regime_fixed_60d_C1_calibrated_logistic_balanced_test.png,.png,94288,2026-06-23T15:22:26Z,aba7ad7c05a962760a77317b40f18c093a5535293b7764d286a5c76e1d33006d
outputs/AURORA_TWETF/ordinal_imbalance_uncertainty/run_20260623_151920/plots/reliability_TAIEX_regime_fixed_60d_C1_calibrated_logistic_balanced_train.png,reliability_TAIEX_regime_fixed_60d_C1_calibrated_logistic_balanced_train.png,.png,85356,2026-06-23T15:22:24Z,502651f9d686528ff18e85245b654327646c8881dd599c072b6c1809845c5bcf
outputs/AURORA_TWETF/ordinal_imbalance_uncertainty/run_20260623_151920/plots/reliability_TAIEX_regime_fixed_60d_C1_calibrated_logistic_balanced_validation.png,reliability_TAIEX_regime_fixed_60d_C1_calibrated_logistic_balanced_validation.png,.png,96686,2026-06-23T15:22:25Z,81451670298b3dade111ad2ad780dd8cce47ecd556148e7079510217a14175dc
outputs/AURORA_TWETF/ordinal_imbalance_uncertainty/run_20260623_151920/plots/reliability_TAIEX_regime_fixed_60d_C2_calibrated_rf_balanced_test.png,reliability_TAIEX_regime_fixed_60d_C2_calibrated_rf_balanced_test.png,.png,79953,2026-06-23T15:22:33Z,6cda661c85ee3cc36033c3968c477521053c6c7aa3d303af96b637fc75ebf9bf
outputs/AURORA_TWETF/ordinal_imbalance_uncertainty/run_20260623_151920/plots/reliability_TAIEX_regime_fixed_60d_C2_calibrated_rf_balanced_train.png,reliability_TAIEX_regime_fixed_60d_C2_calibrated_rf_balanced_train.png,.png,81273,2026-06-23T15:22:31Z,8ead2877a904342f7f83b2d75edc89c353162e316613c8eeb1fc72332d8b13e2
outputs/AURORA_TWETF/ordinal_imbalance_uncertainty/run_20260623_151920/plots/reliability_TAIEX_regime_fixed_60d_C2_calibrated_rf_balanced_validation.png,reliability_TAIEX_regime_fixed_60d_C2_calibrated_rf_balanced_validation.png,.png,79923,2026-06-23T15:22:32Z,acfaabe1ac943b16470f652c0d489713ac5bf8b1ecfc5d5b4b12e21ab63d11ac
outputs/AURORA_TWETF/ordinal_imbalance_uncertainty/run_20260623_151920/plots/reliability_TAIEX_regime_fixed_60d_C3_calibrated_lgbm_balanced_test.png,reliability_TAIEX_regime_fixed_60d_C3_calibrated_lgbm_balanced_test.png,.png,81649,2026-06-23T15:22:41Z,fa49e2bbc9b3ff9ad22667254b886ffebcee225022dc26cec208d707732e65de
outputs/AURORA_TWETF/ordinal_imbalance_uncertainty/run_20260623_151920/plots/reliability_TAIEX_regime_fixed_60d_C3_calibrated_lgbm_balanced_train.png,reliability_TAIEX_regime_fixed_60d_C3_calibrated_lgbm_balanced_train.png,.png,82168,2026-06-23T15:22:39Z,4412b1da0ccac58ee0b526e7ca5d3fa6239e30d1eb95b0e9400c4708c79423ae
outputs/AURORA_TWETF/ordinal_imbalance_uncertainty/run_20260623_151920/plots/reliability_TAIEX_regime_fixed_60d_C3_calibrated_lgbm_balanced_validation.png,reliability_TAIEX_regime_fixed_60d_C3_calibrated_lgbm_balanced_validation.png,.png,80500,2026-06-23T15:22:40Z,3b69b024811640493b541c27f98d85badf72b28704f48e00825b28fcab3112e6
outputs/AURORA_TWETF/ordinal_imbalance_uncertainty/run_20260623_151920/plots/reliability_TAIEX_regime_fixed_60d_C4_calibrated_xgb_multiclass_test.png,reliability_TAIEX_regime_fixed_60d_C4_calibrated_xgb_multiclass_test.png,.png,82202,2026-06-23T15:22:53Z,1544d27b6ba9bc30b8034933348856e359474f1bcad23002841d648eb65ec510
outputs/AURORA_TWETF/ordinal_imbalance_uncertainty/run_20260623_151920/plots/reliability_TAIEX_regime_fixed_60d_C4_calibrated_xgb_multiclass_train.png,reliability_TAIEX_regime_fixed_60d_C4_calibrated_xgb_multiclass_train.png,.png,82635,2026-06-23T15:22:50Z,b5484a451317c047b6ce677b19e77d6005e6e19c26cb72200bb164a14cbe30d2
outputs/AURORA_TWETF/ordinal_imbalance_uncertainty/run_20260623_151920/plots/reliability_TAIEX_regime_fixed_60d_C4_calibrated_xgb_multiclass_validation.png,reliability_TAIEX_regime_fixed_60d_C4_calibrated_xgb_multiclass_validation.png,.png,81248,2026-06-23T15:22:52Z,ecf825f77a7a83653c39518bf867460ee622d77ff2d2ebb9ea04bce8fb2a0b28
outputs/AURORA_TWETF/ordinal_imbalance_uncertainty/run_20260623_151920/plots/reliability_TAIEX_regime_fixed_60d_E1_valid_model_probability_ensemble_test.png,reliability_TAIEX_regime_fixed_60d_E1_valid_model_probability_ensemble_test.png,.png,83310,2026-06-23T15:22:57Z,6ea127d5049473037d21ec140d94581cce93de848b0a622d2ef8c345e13f530f
outputs/AURORA_TWETF/ordinal_imbalance_uncertainty/run_20260623_151920/plots/reliability_TAIEX_regime_fixed_60d_E1_valid_model_probability_ensemble_train.png,reliability_TAIEX_regime_fixed_60d_E1_valid_model_probability_ensemble_train.png,.png,82306,2026-06-23T15:22:55Z,84fb6ebfa502c77cc59f3ecd3b561aa12a1cc7a644e1b2e2d76a4737f14283dd
outputs/AURORA_TWETF/ordinal_imbalance_uncertainty/run_20260623_151920/plots/reliability_TAIEX_regime_fixed_60d_E1_valid_model_probability_ensemble_validation.png,reliability_TAIEX_regime_fixed_60d_E1_valid_model_probability_ensemble_validation.png,.png,81783,2026-06-23T15:22:56Z,d721a57e95bf52c25afb54a4c6102c43b5e4bd8722b4f24bbe13ca54a41eb377
outputs/AURORA_TWETF/ordinal_imbalance_uncertainty/run_20260623_151920/plots/reliability_TAIEX_regime_fixed_60d_O1_cumulative_logit_balanced_test.png,reliability_TAIEX_regime_fixed_60d_O1_cumulative_logit_balanced_test.png,.png,94291,2026-06-23T15:21:20Z,051a5562be813731a2b3af422e2edc54fb805ecdc737f7aed9df4f51aeab62b1
outputs/AURORA_TWETF/ordinal_imbalance_uncertainty/run_20260623_151920/plots/reliability_TAIEX_regime_fixed_60d_O1_cumulative_logit_balanced_train.png,reliability_TAIEX_regime_fixed_60d_O1_cumulative_logit_balanced_train.png,.png,87798,2026-06-23T15:21:18Z,6c23d2f35034cf8729296d657142830b2de909ec8c2d5208c7a620c57644770b
outputs/AURORA_TWETF/ordinal_imbalance_uncertainty/run_20260623_151920/plots/reliability_TAIEX_regime_fixed_60d_O1_cumulative_logit_balanced_validation.png,reliability_TAIEX_regime_fixed_60d_O1_cumulative_logit_balanced_validation.png,.png,94586,2026-06-23T15:21:19Z,6fe2be0e55f7d9684ac0d3e0dea969bfb08cace5053a27b02d15e097fd989c77
outputs/AURORA_TWETF/ordinal_imbalance_uncertainty/run_20260623_151920/plots/reliability_TAIEX_regime_fixed_60d_O2_cumulative_rf_balanced_test.png,reliability_TAIEX_regime_fixed_60d_O2_cumulative_rf_balanced_test.png,.png,83730,2026-06-23T15:21:32Z,e4ed7eae72d267c4ad5b3f3cf49cf41a1fde38140b631f41ec91815fee6b9443
outputs/AURORA_TWETF/ordinal_imbalance_uncertainty/run_20260623_151920/plots/reliability_TAIEX_regime_fixed_60d_O2_cumulative_rf_balanced_train.png,reliability_TAIEX_regime_fixed_60d_O2_cumulative_rf_balanced_train.png,.png,85656,2026-06-23T15:21:30Z,d239cc2d31e7ff8bb0cfa60cf5bdcdb6d6fb9eafce1f057ce4c173f493d3f422
outputs/AURORA_TWETF/ordinal_imbalance_uncertainty/run_20260623_151920/plots/reliability_TAIEX_regime_fixed_60d_O2_cumulative_rf_balanced_validation.png,reliability_TAIEX_regime_fixed_60d_O2_cumulative_rf_balanced_validation.png,.png,88192,2026-06-23T15:21:31Z,c27a62cba0dd9d3a6ca49cfc2d1d1ed4eefeaa064c7af10b0f7481651dc375cf
outputs/AURORA_TWETF/ordinal_imbalance_uncertainty/run_20260623_151920/plots/reliability_TAIEX_regime_fixed_60d_O3_cumulative_et_balanced_test.png,reliability_TAIEX_regime_fixed_60d_O3_cumulative_et_balanced_test.png,.png,83233,2026-06-23T15:21:42Z,b205fd37a37b13953363fbc000605e525306a4223343615def9da90afdd14fad
outputs/AURORA_TWETF/ordinal_imbalance_uncertainty/run_20260623_151920/plots/reliability_TAIEX_regime_fixed_60d_O3_cumulative_et_balanced_train.png,reliability_TAIEX_regime_fixed_60d_O3_cumulative_et_balanced_train.png,.png,91073,2026-06-23T15:21:41Z,a4df898a6b189d19807eb3a03b8a603879c2dbc8bcf86a95aa63b8f200fcdf17
outputs/AURORA_TWETF/ordinal_imbalance_uncertainty/run_20260623_151920/plots/reliability_TAIEX_regime_fixed_60d_O3_cumulative_et_balanced_validation.png,reliability_TAIEX_regime_fixed_60d_O3_cumulative_et_balanced_validation.png,.png,84823,2026-06-23T15:21:41Z,a6d54186c8ebfa7ce0efd9558a31d20838c3148082e53a95a0630bdf3af3a892
outputs/AURORA_TWETF/ordinal_imbalance_uncertainty/run_20260623_151920/plots/reliability_TAIEX_regime_fixed_60d_O4_cumulative_lgbm_balanced_test.png,reliability_TAIEX_regime_fixed_60d_O4_cumulative_lgbm_balanced_test.png,.png,86201,2026-06-23T15:21:50Z,acf8e65b76db2ad52aaa00b49b0e001a18147ddcb27735135e38e4ae0d4d30aa
outputs/AURORA_TWETF/ordinal_imbalance_uncertainty/run_20260623_151920/plots/reliability_TAIEX_regime_fixed_60d_O4_cumulative_lgbm_balanced_train.png,reliability_TAIEX_regime_fixed_60d_O4_cumulative_lgbm_balanced_train.png,.png,84537,2026-06-23T15:21:48Z,a2d7676e4ad84cf0c8e3be37d93895648724b658aa48b215e4512a9835132b8d
outputs/AURORA_TWETF/ordinal_imbalance_uncertainty/run_20260623_151920/plots/reliability_TAIEX_regime_fixed_60d_O4_cumulative_lgbm_balanced_validation.png,reliability_TAIEX_regime_fixed_60d_O4_cumulative_lgbm_balanced_validation.png,.png,89919,2026-06-23T15:21:49Z,8bc1c13d732bf87d7a89731ba33f4d260cafed0628687536b7932a8bef8e10ad
outputs/AURORA_TWETF/ordinal_imbalance_uncertainty/run_20260623_151920/plots/reliability_TAIEX_regime_fixed_60d_R1_ridge_regression_to_ordinal_test.png,reliability_TAIEX_regime_fixed_60d_R1_ridge_regression_to_ordinal_test.png,.png,88520,2026-06-23T15:21:55Z,c05899216a180a34b90bbd761839a246bd160570059489fd3972a1721ae60ddd
outputs/AURORA_TWETF/ordinal_imbalance_uncertainty/run_20260623_151920/plots/reliability_TAIEX_regime_fixed_60d_R1_ridge_regression_to_ordinal_train.png,reliability_TAIEX_regime_fixed_60d_R1_ridge_regression_to_ordinal_train.png,.png,84035,2026-06-23T15:21:53Z,54c1ecd7fc7a40e81e0ff4f905b8d612046b4ef46b1ae1aa6c345f5d74a7288a
outputs/AURORA_TWETF/ordinal_imbalance_uncertainty/run_20260623_151920/plots/reliability_TAIEX_regime_fixed_60d_R1_ridge_regression_to_ordinal_validation.png,reliability_TAIEX_regime_fixed_60d_R1_ridge_regression_to_ordinal_validation.png,.png,81140,2026-06-23T15:21:54Z,c86554f9624e47492d0a6abb419b7bf83b9ce6776b935688867dfa2c588c10dd
outputs/AURORA_TWETF/ordinal_imbalance_uncertainty/run_20260623_151920/plots/reliability_TAIEX_regime_fixed_60d_R2_rf_regression_to_ordinal_test.png,reliability_TAIEX_regime_fixed_60d_R2_rf_regression_to_ordinal_test.png,.png,80642,2026-06-23T15:22:01Z,d158c3c4f3ccc9fc0acb8b0e2698655223848398265ae98a7505bf6773643136
outputs/AURORA_TWETF/ordinal_imbalance_uncertainty/run_20260623_151920/plots/reliability_TAIEX_regime_fixed_60d_R2_rf_regression_to_ordinal_train.png,reliability_TAIEX_regime_fixed_60d_R2_rf_regression_to_ordinal_train.png,.png,80154,2026-06-23T15:21:59Z,0932defc9ef003ea71cc12a43c3a04c8ef8846c433644c0ebe3f45feae29f5d8
outputs/AURORA_TWETF/ordinal_imbalance_uncertainty/run_20260623_151920/plots/reliability_TAIEX_regime_fixed_60d_R2_rf_regression_to_ordinal_validation.png,reliability_TAIEX_regime_fixed_60d_R2_rf_regression_to_ordinal_validation.png,.png,81027,2026-06-23T15:22:00Z,c0e489ebfd0436960e92a2fbe6c219d368cdff5fa94aa63a87dbe5396700852f
outputs/AURORA_TWETF/ordinal_imbalance_uncertainty/run_20260623_151920/plots/reliability_TAIEX_regime_fixed_60d_R3_et_regression_to_ordinal_test.png,reliability_TAIEX_regime_fixed_60d_R3_et_regression_to_ordinal_test.png,.png,81065,2026-06-23T15:22:07Z,1c525afd4ed398f83e2dd0ab77b52539663baf9695f0694b24e64d42d5fdb8cb
outputs/AURORA_TWETF/ordinal_imbalance_uncertainty/run_20260623_151920/plots/reliability_TAIEX_regime_fixed_60d_R3_et_regression_to_ordinal_train.png,reliability_TAIEX_regime_fixed_60d_R3_et_regression_to_ordinal_train.png,.png,80686,2026-06-23T15:22:04Z,7ce74eb0989a1d3785710014cb3c4b0d7a8a8dfb8eb502c2c488bbd82dbe35ab
outputs/AURORA_TWETF/ordinal_imbalance_uncertainty/run_20260623_151920/plots/reliability_TAIEX_regime_fixed_60d_R3_et_regression_to_ordinal_validation.png,reliability_TAIEX_regime_fixed_60d_R3_et_regression_to_ordinal_validation.png,.png,81499,2026-06-23T15:22:05Z,c4a1a36112b024649c4fee34db3d69a03025938a07957dd62f65cab587968813
outputs/AURORA_TWETF/ordinal_imbalance_uncertainty/run_20260623_151920/plots/reliability_TAIEX_regime_fixed_60d_R4_lgbm_regression_to_ordinal_test.png,reliability_TAIEX_regime_fixed_60d_R4_lgbm_regression_to_ordinal_test.png,.png,80761,2026-06-23T15:22:12Z,ec8d23453812df66b3051dbea557406aba0f82b2e069642742f21f1a6dd75332
outputs/AURORA_TWETF/ordinal_imbalance_uncertainty/run_20260623_151920/plots/reliability_TAIEX_regime_fixed_60d_R4_lgbm_regression_to_ordinal_train.png,reliability_TAIEX_regime_fixed_60d_R4_lgbm_regression_to_ordinal_train.png,.png,82620,2026-06-23T15:22:10Z,facaeddde8450216dcce3d2c2f66c2fbf600b8619179dd121db04d71f72b4dfe
outputs/AURORA_TWETF/ordinal_imbalance_uncertainty/run_20260623_151920/plots/reliability_TAIEX_regime_fixed_60d_R4_lgbm_regression_to_ordinal_validation.png,reliability_TAIEX_regime_fixed_60d_R4_lgbm_regression_to_ordinal_validation.png,.png,80977,2026-06-23T15:22:11Z,6cb4ed0bdb707c51ddde704a97621a02b79e8742bd859b3aadf196267746146c
outputs/AURORA_TWETF/ordinal_imbalance_uncertainty/run_20260623_151920/plots/reliability_TAIEX_regime_fixed_60d_R5_xgb_regression_to_ordinal_test.png,reliability_TAIEX_regime_fixed_60d_R5_xgb_regression_to_ordinal_test.png,.png,79980,2026-06-23T15:22:20Z,c66f6ecb4f094817f0920b1a7c9a3ddd09d8eacc2ed71b917841b1c8baafb6d6
outputs/AURORA_TWETF/ordinal_imbalance_uncertainty/run_20260623_151920/plots/reliability_TAIEX_regime_fixed_60d_R5_xgb_regression_to_ordinal_train.png,reliability_TAIEX_regime_fixed_60d_R5_xgb_regression_to_ordinal_train.png,.png,84121,2026-06-23T15:22:18Z,158b335c339d2bc1c5485bab45dac20b6fc2a9eec985ba2cdbde30770e2df004
outputs/AURORA_TWETF/ordinal_imbalance_uncertainty/run_20260623_151920/plots/reliability_TAIEX_regime_fixed_60d_R5_xgb_regression_to_ordinal_validation.png,reliability_TAIEX_regime_fixed_60d_R5_xgb_regression_to_ordinal_validation.png,.png,80708,2026-06-23T15:22:19Z,af70fa94679241a9fd84c7554eb9e6395fdbb936c08008ea41234e467fdfcc49
outputs/AURORA_TWETF/ordinal_imbalance_uncertainty/run_20260623_151920/plots/uncertainty_error_TAIEX_regime_fixed_20d_C1_calibrated_logistic_balanced_test.png,uncertainty_error_TAIEX_regime_fixed_20d_C1_calibrated_logistic_balanced_test.png,.png,89501,2026-06-23T15:20:40Z,75b34806973fa05d14932a8c384bb8e80e85db4b849c8fbde260768500158b98
outputs/AURORA_TWETF/ordinal_imbalance_uncertainty/run_20260623_151920/plots/uncertainty_error_TAIEX_regime_fixed_20d_C2_calibrated_rf_balanced_test.png,uncertainty_error_TAIEX_regime_fixed_20d_C2_calibrated_rf_balanced_test.png,.png,85294,2026-06-23T15:20:48Z,1ab59dbcb41dee4429a2a8c6c8ec00b5ef7af0cb3a7b1e695088c65c34f10e54
outputs/AURORA_TWETF/ordinal_imbalance_uncertainty/run_20260623_151920/plots/uncertainty_error_TAIEX_regime_fixed_20d_C3_calibrated_lgbm_balanced_test.png,uncertainty_error_TAIEX_regime_fixed_20d_C3_calibrated_lgbm_balanced_test.png,.png,96842,2026-06-23T15:20:55Z,9b3c78d8189813e3ed14d1c7482e51cb1521c4beb0ec2999b0735ac80cbaab89
outputs/AURORA_TWETF/ordinal_imbalance_uncertainty/run_20260623_151920/plots/uncertainty_error_TAIEX_regime_fixed_20d_C4_calibrated_xgb_multiclass_test.png,uncertainty_error_TAIEX_regime_fixed_20d_C4_calibrated_xgb_multiclass_test.png,.png,98740,2026-06-23T15:21:07Z,9f8eeffac44e3f5c99de5c5b172650f88022f7ad3f1e3d6eb1e1ed8d8a4577e3
outputs/AURORA_TWETF/ordinal_imbalance_uncertainty/run_20260623_151920/plots/uncertainty_error_TAIEX_regime_fixed_20d_E1_valid_model_probability_ensemble_test.png,uncertainty_error_TAIEX_regime_fixed_20d_E1_valid_model_probability_ensemble_test.png,.png,97182,2026-06-23T15:21:11Z,20bdbeac4cdcb00d6ffd0293fd53ebd3b764c7d9f66de9f2cae831edb887280a
outputs/AURORA_TWETF/ordinal_imbalance_uncertainty/run_20260623_151920/plots/uncertainty_error_TAIEX_regime_fixed_20d_O1_cumulative_logit_balanced_test.png,uncertainty_error_TAIEX_regime_fixed_20d_O1_cumulative_logit_balanced_test.png,.png,98026,2026-06-23T15:19:32Z,4f2a093dafe488f2467d137bad4825b9e081eb80761a1e7fc806b6902df73ec2
outputs/AURORA_TWETF/ordinal_imbalance_uncertainty/run_20260623_151920/plots/uncertainty_error_TAIEX_regime_fixed_20d_O2_cumulative_rf_balanced_test.png,uncertainty_error_TAIEX_regime_fixed_20d_O2_cumulative_rf_balanced_test.png,.png,97603,2026-06-23T15:19:45Z,b7e395921fe31d58d11ec530a69248685dec1543397b6b1f0cb94284f3c1e689
outputs/AURORA_TWETF/ordinal_imbalance_uncertainty/run_20260623_151920/plots/uncertainty_error_TAIEX_regime_fixed_20d_O3_cumulative_et_balanced_test.png,uncertainty_error_TAIEX_regime_fixed_20d_O3_cumulative_et_balanced_test.png,.png,91060,2026-06-23T15:19:55Z,32c74e94525bfd91dd913692082b7ad3c1f2d7b08fae813d132e2b40333830c8
outputs/AURORA_TWETF/ordinal_imbalance_uncertainty/run_20260623_151920/plots/uncertainty_error_TAIEX_regime_fixed_20d_O4_cumulative_lgbm_balanced_test.png,uncertainty_error_TAIEX_regime_fixed_20d_O4_cumulative_lgbm_balanced_test.png,.png,85429,2026-06-23T15:20:03Z,62c87c1e11cd00facdf0c54866a237c05197ff1618debb650a7c60b8763b918c
outputs/AURORA_TWETF/ordinal_imbalance_uncertainty/run_20260623_151920/plots/uncertainty_error_TAIEX_regime_fixed_20d_R1_ridge_regression_to_ordinal_test.png,uncertainty_error_TAIEX_regime_fixed_20d_R1_ridge_regression_to_ordinal_test.png,.png,83485,2026-06-23T15:20:08Z,78d4490377cb7e42adab720811618d927772e50208932b76006a4773ab6b105d
outputs/AURORA_TWETF/ordinal_imbalance_uncertainty/run_20260623_151920/plots/uncertainty_error_TAIEX_regime_fixed_20d_R2_rf_regression_to_ordinal_test.png,uncertainty_error_TAIEX_regime_fixed_20d_R2_rf_regression_to_ordinal_test.png,.png,76548,2026-06-23T15:20:14Z,1de6d5fe1e39abcd287e5b3d042088667a203b5fa1d7cb003c29c3e1f4c6d8e7
outputs/AURORA_TWETF/ordinal_imbalance_uncertainty/run_20260623_151920/plots/uncertainty_error_TAIEX_regime_fixed_20d_R3_et_regression_to_ordinal_test.png,uncertainty_error_TAIEX_regime_fixed_20d_R3_et_regression_to_ordinal_test.png,.png,92893,2026-06-23T15:20:20Z,8f64894d777fe13af241603dcb2e2204a6b5e516ff54a444eb010ed115745705
outputs/AURORA_TWETF/ordinal_imbalance_uncertainty/run_20260623_151920/plots/uncertainty_error_TAIEX_regime_fixed_20d_R4_lgbm_regression_to_ordinal_test.png,uncertainty_error_TAIEX_regime_fixed_20d_R4_lgbm_regression_to_ordinal_test.png,.png,100523,2026-06-23T15:20:25Z,07777b0dd5bf81ab1fa44365bcc73c1195615bacc0257def3d8321aab8813e15
outputs/AURORA_TWETF/ordinal_imbalance_uncertainty/run_20260623_151920/plots/uncertainty_error_TAIEX_regime_fixed_20d_R5_xgb_regression_to_ordinal_test.png,uncertainty_error_TAIEX_regime_fixed_20d_R5_xgb_regression_to_ordinal_test.png,.png,87834,2026-06-23T15:20:34Z,715834572b8f676dcba92370356b77f1f3ab63e69c966c11b7fcabae2f789a3d
outputs/AURORA_TWETF/ordinal_imbalance_uncertainty/run_20260623_151920/plots/uncertainty_error_TAIEX_regime_fixed_60d_C1_calibrated_logistic_balanced_test.png,uncertainty_error_TAIEX_regime_fixed_60d_C1_calibrated_logistic_balanced_test.png,.png,80726,2026-06-23T15:22:26Z,d713ba11aa3aaa8858a90c033b117ff3feec3201a7134dfe3832836f3e1a05b4
outputs/AURORA_TWETF/ordinal_imbalance_uncertainty/run_20260623_151920/plots/uncertainty_error_TAIEX_regime_fixed_60d_C2_calibrated_rf_balanced_test.png,uncertainty_error_TAIEX_regime_fixed_60d_C2_calibrated_rf_balanced_test.png,.png,84240,2026-06-23T15:22:34Z,bb907eef0f3771181559bacff836b2ee8c211c5f8bd8bdbed7467790665e53c3
outputs/AURORA_TWETF/ordinal_imbalance_uncertainty/run_20260623_151920/plots/uncertainty_error_TAIEX_regime_fixed_60d_C3_calibrated_lgbm_balanced_test.png,uncertainty_error_TAIEX_regime_fixed_60d_C3_calibrated_lgbm_balanced_test.png,.png,88670,2026-06-23T15:22:42Z,2742f41f2dcacfc8bf1dcd535f501e1d1790d00bb8fc67800a88d547081f9101
outputs/AURORA_TWETF/ordinal_imbalance_uncertainty/run_20260623_151920/plots/uncertainty_error_TAIEX_regime_fixed_60d_C4_calibrated_xgb_multiclass_test.png,uncertainty_error_TAIEX_regime_fixed_60d_C4_calibrated_xgb_multiclass_test.png,.png,79032,2026-06-23T15:22:53Z,96267a6e0838c3e9e955fd834ef482dff7088b147a00a5b5f6c43c3c486ea7bf
outputs/AURORA_TWETF/ordinal_imbalance_uncertainty/run_20260623_151920/plots/uncertainty_error_TAIEX_regime_fixed_60d_E1_valid_model_probability_ensemble_test.png,uncertainty_error_TAIEX_regime_fixed_60d_E1_valid_model_probability_ensemble_test.png,.png,80865,2026-06-23T15:22:58Z,96e39d487d57836dda9a04c53c8d4d9c1bfbf1ab1a139ea533f8e443568337fc
outputs/AURORA_TWETF/ordinal_imbalance_uncertainty/run_20260623_151920/plots/uncertainty_error_TAIEX_regime_fixed_60d_O1_cumulative_logit_balanced_test.png,uncertainty_error_TAIEX_regime_fixed_60d_O1_cumulative_logit_balanced_test.png,.png,76815,2026-06-23T15:21:20Z,3170c0e87cef9801e7f68df845450c7272e15908083cfd2640624f65c4eff77c
outputs/AURORA_TWETF/ordinal_imbalance_uncertainty/run_20260623_151920/plots/uncertainty_error_TAIEX_regime_fixed_60d_O2_cumulative_rf_balanced_test.png,uncertainty_error_TAIEX_regime_fixed_60d_O2_cumulative_rf_balanced_test.png,.png,83392,2026-06-23T15:21:33Z,f144a37caa2a74cc32e6d42992a734cf61195613d8450b72da92523ec9cc39ac
outputs/AURORA_TWETF/ordinal_imbalance_uncertainty/run_20260623_151920/plots/uncertainty_error_TAIEX_regime_fixed_60d_O3_cumulative_et_balanced_test.png,uncertainty_error_TAIEX_regime_fixed_60d_O3_cumulative_et_balanced_test.png,.png,87314,2026-06-23T15:21:43Z,ed141c6e458c6d4bb5a721df2273cba098a27f2b585ad910425456baa1de8af3
outputs/AURORA_TWETF/ordinal_imbalance_uncertainty/run_20260623_151920/plots/uncertainty_error_TAIEX_regime_fixed_60d_O4_cumulative_lgbm_balanced_test.png,uncertainty_error_TAIEX_regime_fixed_60d_O4_cumulative_lgbm_balanced_test.png,.png,72345,2026-06-23T15:21:50Z,6cbabc4932b262a516de14cc5ad674d3362ddaf431b58fb33bfea87e59f5220b
outputs/AURORA_TWETF/ordinal_imbalance_uncertainty/run_20260623_151920/plots/uncertainty_error_TAIEX_regime_fixed_60d_R1_ridge_regression_to_ordinal_test.png,uncertainty_error_TAIEX_regime_fixed_60d_R1_ridge_regression_to_ordinal_test.png,.png,82274,2026-06-23T15:21:55Z,2e6b23cd70c8e989b8468761f20cd3c7e882d9c58d1d9d5b34450e4d55a8fdab
outputs/AURORA_TWETF/ordinal_imbalance_uncertainty/run_20260623_151920/plots/uncertainty_error_TAIEX_regime_fixed_60d_R2_rf_regression_to_ordinal_test.png,uncertainty_error_TAIEX_regime_fixed_60d_R2_rf_regression_to_ordinal_test.png,.png,82476,2026-06-23T15:22:01Z,8ac670bfc81f45944e619b5840d4bb3fb8805689682b9af6284eecb54d8b1cef
outputs/AURORA_TWETF/ordinal_imbalance_uncertainty/run_20260623_151920/plots/uncertainty_error_TAIEX_regime_fixed_60d_R3_et_regression_to_ordinal_test.png,uncertainty_error_TAIEX_regime_fixed_60d_R3_et_regression_to_ordinal_test.png,.png,83990,2026-06-23T15:22:07Z,b79a6d0ba48f96ab4b223c1db8ad736a6588444eafe973f42ee059b3c3b3bb72
outputs/AURORA_TWETF/ordinal_imbalance_uncertainty/run_20260623_151920/plots/uncertainty_error_TAIEX_regime_fixed_60d_R4_lgbm_regression_to_ordinal_test.png,uncertainty_error_TAIEX_regime_fixed_60d_R4_lgbm_regression_to_ordinal_test.png,.png,76914,2026-06-23T15:22:13Z,cc0f7be2063ee874dd48f732a506868fa6ead32fa952ec08381d39f825e4b8bf
outputs/AURORA_TWETF/ordinal_imbalance_uncertainty/run_20260623_151920/plots/uncertainty_error_TAIEX_regime_fixed_60d_R5_xgb_regression_to_ordinal_test.png,uncertainty_error_TAIEX_regime_fixed_60d_R5_xgb_regression_to_ordinal_test.png,.png,75085,2026-06-23T15:22:21Z,4949b923bb750b34d1df9b92b3fb12c47b8fd07977a8e162be08fb6c6f2a08d0
outputs/AURORA_TWETF/ordinal_imbalance_uncertainty/run_20260623_151920/predictions/predictions_TAIEX_regime_fixed_20d_C1_calibrated_logistic_balanced.csv,predictions_TAIEX_regime_fixed_20d_C1_calibrated_logistic_balanced.csv,.csv,373866,2026-06-23T15:20:41Z,7f913da8283722df8f358c972ac449da8bab67e93089fd443d849bec64bdc062
outputs/AURORA_TWETF/ordinal_imbalance_uncertainty/run_20260623_151920/predictions/predictions_TAIEX_regime_fixed_20d_C1_calibrated_logistic_balanced.parquet,predictions_TAIEX_regime_fixed_20d_C1_calibrated_logistic_balanced.parquet,.parquet,120585,2026-06-23T15:20:41Z,f4cf72e8be1cb4b39308f3f7703590fb97da17fc2533c34230886afbe178ca71
outputs/AURORA_TWETF/ordinal_imbalance_uncertainty/run_20260623_151920/predictions/predictions_TAIEX_regime_fixed_20d_C2_calibrated_rf_balanced.csv,predictions_TAIEX_regime_fixed_20d_C2_calibrated_rf_balanced.csv,.csv,359120,2026-06-23T15:20:48Z,9d8db1ae14fc7b78e834beea8fef48b722645f4b08a9c3d2101b0f9717a8bac2
outputs/AURORA_TWETF/ordinal_imbalance_uncertainty/run_20260623_151920/predictions/predictions_TAIEX_regime_fixed_20d_C2_calibrated_rf_balanced.parquet,predictions_TAIEX_regime_fixed_20d_C2_calibrated_rf_balanced.parquet,.parquet,120742,2026-06-23T15:20:48Z,4e9e5a1d36ba73d08cfb6b0e1f9194726bcb5d82b672879bd2f74879b8faa603
outputs/AURORA_TWETF/ordinal_imbalance_uncertainty/run_20260623_151920/predictions/predictions_TAIEX_regime_fixed_20d_C3_calibrated_lgbm_balanced.csv,predictions_TAIEX_regime_fixed_20d_C3_calibrated_lgbm_balanced.csv,.csv,354787,2026-06-23T15:20:56Z,c4b2ebe36531bd770ec94ac5ffd2d318998f8073cab2e3aef7c8d1a0f09db4e7
outputs/AURORA_TWETF/ordinal_imbalance_uncertainty/run_20260623_151920/predictions/predictions_TAIEX_regime_fixed_20d_C3_calibrated_lgbm_balanced.parquet,predictions_TAIEX_regime_fixed_20d_C3_calibrated_lgbm_balanced.parquet,.parquet,120392,2026-06-23T15:20:56Z,db44afd84572c757beb0c300b07f82d784e82e9d00853f29b3b9fc71f80b7d72
outputs/AURORA_TWETF/ordinal_imbalance_uncertainty/run_20260623_151920/predictions/predictions_TAIEX_regime_fixed_20d_C4_calibrated_xgb_multiclass.csv,predictions_TAIEX_regime_fixed_20d_C4_calibrated_xgb_multiclass.csv,.csv,355210,2026-06-23T15:21:08Z,f5723d557831245336aa5df8e1e404f74626b3d5697d63483a24660ea8c2cd0d
outputs/AURORA_TWETF/ordinal_imbalance_uncertainty/run_20260623_151920/predictions/predictions_TAIEX_regime_fixed_20d_C4_calibrated_xgb_multiclass.parquet,predictions_TAIEX_regime_fixed_20d_C4_calibrated_xgb_multiclass.parquet,.parquet,120599,2026-06-23T15:21:07Z,0e61300ab8541f67921573483bd5d8821a11339d0a27e775ae3919110d7cc834
outputs/AURORA_TWETF/ordinal_imbalance_uncertainty/run_20260623_151920/predictions/predictions_TAIEX_regime_fixed_20d_E1_valid_model_probability_ensemble.csv,predictions_TAIEX_regime_fixed_20d_E1_valid_model_probability_ensemble.csv,.csv,364351,2026-06-23T15:21:12Z,5160127ca91f6c018693ebc0bb045eea01fb710afefcc73963fbc66a43b1b3d3
outputs/AURORA_TWETF/ordinal_imbalance_uncertainty/run_20260623_151920/predictions/predictions_TAIEX_regime_fixed_20d_E1_valid_model_probability_ensemble.parquet,predictions_TAIEX_regime_fixed_20d_E1_valid_model_probability_ensemble.parquet,.parquet,120507,2026-06-23T15:21:12Z,63a9b16ae049b3568d2887bc2800e57af618468f9a3bf4dd9fadb1b529e33728
outputs/AURORA_TWETF/ordinal_imbalance_uncertainty/run_20260623_151920/predictions/predictions_TAIEX_regime_fixed_20d_O1_cumulative_logit_balanced.csv,predictions_TAIEX_regime_fixed_20d_O1_cumulative_logit_balanced.csv,.csv,362393,2026-06-23T15:19:33Z,dea31605b1fa7f4cfcff27b738d8472528981dcc2a48351e5633c22dbf6e153b
outputs/AURORA_TWETF/ordinal_imbalance_uncertainty/run_20260623_151920/predictions/predictions_TAIEX_regime_fixed_20d_O1_cumulative_logit_balanced.parquet,predictions_TAIEX_regime_fixed_20d_O1_cumulative_logit_balanced.parquet,.parquet,120542,2026-06-23T15:19:33Z,83f9189ef3dff0f8aa38bf46350c7ae3dc9d747a45a22c10b783d2fcbea357f2
outputs/AURORA_TWETF/ordinal_imbalance_uncertainty/run_20260623_151920/predictions/predictions_TAIEX_regime_fixed_20d_O2_cumulative_rf_balanced.csv,predictions_TAIEX_regime_fixed_20d_O2_cumulative_rf_balanced.csv,.csv,353866,2026-06-23T15:19:46Z,f975426a8b56c43d6e7baf7cb05c0482ecfdd8680caf13b3f72eba5db52ae543
outputs/AURORA_TWETF/ordinal_imbalance_uncertainty/run_20260623_151920/predictions/predictions_TAIEX_regime_fixed_20d_O2_cumulative_rf_balanced.parquet,predictions_TAIEX_regime_fixed_20d_O2_cumulative_rf_balanced.parquet,.parquet,120719,2026-06-23T15:19:46Z,133a2407eb70e7ddba21e579eb7e6244dd8ee62d66cbe4738a12b740340a3ecd
outputs/AURORA_TWETF/ordinal_imbalance_uncertainty/run_20260623_151920/predictions/predictions_TAIEX_regime_fixed_20d_O3_cumulative_et_balanced.csv,predictions_TAIEX_regime_fixed_20d_O3_cumulative_et_balanced.csv,.csv,352118,2026-06-23T15:19:56Z,86eb35361d86f3051ba7a0b204b271c9086a0a66df4856c3a83a18a41d5a7196
outputs/AURORA_TWETF/ordinal_imbalance_uncertainty/run_20260623_151920/predictions/predictions_TAIEX_regime_fixed_20d_O3_cumulative_et_balanced.parquet,predictions_TAIEX_regime_fixed_20d_O3_cumulative_et_balanced.parquet,.parquet,120990,2026-06-23T15:19:56Z,b3694f5457876c3ee670e3e2f6f16f3dacba6e370af8b84a0e2d45c80452035d
outputs/AURORA_TWETF/ordinal_imbalance_uncertainty/run_20260623_151920/predictions/predictions_TAIEX_regime_fixed_20d_O4_cumulative_lgbm_balanced.csv,predictions_TAIEX_regime_fixed_20d_O4_cumulative_lgbm_balanced.csv,.csv,347148,2026-06-23T15:20:04Z,31d515010c41a19c8f9a7c0a27caae48754527815fb9823099fb7321aea707a8
outputs/AURORA_TWETF/ordinal_imbalance_uncertainty/run_20260623_151920/predictions/predictions_TAIEX_regime_fixed_20d_O4_cumulative_lgbm_balanced.parquet,predictions_TAIEX_regime_fixed_20d_O4_cumulative_lgbm_balanced.parquet,.parquet,120515,2026-06-23T15:20:04Z,2780362847d2a330c57ba818f26373138a3a08c51c537923b8dc5aa826ffc0ad
outputs/AURORA_TWETF/ordinal_imbalance_uncertainty/run_20260623_151920/predictions/predictions_TAIEX_regime_fixed_20d_R1_ridge_regression_to_ordinal.csv,predictions_TAIEX_regime_fixed_20d_R1_ridge_regression_to_ordinal.csv,.csv,356090,2026-06-23T15:20:09Z,6077e57d4bb19d946c6ff4c88d93bc9520bf505d3aee78b80506a2ce06c5e5a0
outputs/AURORA_TWETF/ordinal_imbalance_uncertainty/run_20260623_151920/predictions/predictions_TAIEX_regime_fixed_20d_R1_ridge_regression_to_ordinal.parquet,predictions_TAIEX_regime_fixed_20d_R1_ridge_regression_to_ordinal.parquet,.parquet,118367,2026-06-23T15:20:09Z,425d21ee4b4764195a3a0c68d7d6d9ff74cc18ec25b963a868a1bf5b338ba40f
outputs/AURORA_TWETF/ordinal_imbalance_uncertainty/run_20260623_151920/predictions/predictions_TAIEX_regime_fixed_20d_R2_rf_regression_to_ordinal.csv,predictions_TAIEX_regime_fixed_20d_R2_rf_regression_to_ordinal.csv,.csv,374474,2026-06-23T15:20:15Z,12a8b7a6991af271e029174a7411674b3e39cc0e5e2b15736e4878afa6a770fc
outputs/AURORA_TWETF/ordinal_imbalance_uncertainty/run_20260623_151920/predictions/predictions_TAIEX_regime_fixed_20d_R2_rf_regression_to_ordinal.parquet,predictions_TAIEX_regime_fixed_20d_R2_rf_regression_to_ordinal.parquet,.parquet,120565,2026-06-23T15:20:14Z,4947d796fa7f82e3bb709f5db7ad0803e419e472cffd42063af1cfa21a4764c5
outputs/AURORA_TWETF/ordinal_imbalance_uncertainty/run_20260623_151920/predictions/predictions_TAIEX_regime_fixed_20d_R3_et_regression_to_ordinal.csv,predictions_TAIEX_regime_fixed_20d_R3_et_regression_to_ordinal.csv,.csv,371798,2026-06-23T15:20:21Z,80bbab6bf38e9a4cde63713d0cc1bd8918a9286fe0f3dea2d6ce4635b465b428
outputs/AURORA_TWETF/ordinal_imbalance_uncertainty/run_20260623_151920/predictions/predictions_TAIEX_regime_fixed_20d_R3_et_regression_to_ordinal.parquet,predictions_TAIEX_regime_fixed_20d_R3_et_regression_to_ordinal.parquet,.parquet,120524,2026-06-23T15:20:21Z,1fcfdc6e3258dcedc910b56fe2e6b7a8a362452aa787df5ad0c29aeea1956d42
outputs/AURORA_TWETF/ordinal_imbalance_uncertainty/run_20260623_151920/predictions/predictions_TAIEX_regime_fixed_20d_R4_lgbm_regression_to_ordinal.csv,predictions_TAIEX_regime_fixed_20d_R4_lgbm_regression_to_ordinal.csv,.csv,371065,2026-06-23T15:20:26Z,e66cdb07528a1bd0619e90f6de8261f3909dedb31c85959d09cf7f655d2059f1
outputs/AURORA_TWETF/ordinal_imbalance_uncertainty/run_20260623_151920/predictions/predictions_TAIEX_regime_fixed_20d_R4_lgbm_regression_to_ordinal.parquet,predictions_TAIEX_regime_fixed_20d_R4_lgbm_regression_to_ordinal.parquet,.parquet,120540,2026-06-23T15:20:26Z,84876d2a73d078e3c40e847d14c512f2aeafab21241789411e9c01ba55af0576
outputs/AURORA_TWETF/ordinal_imbalance_uncertainty/run_20260623_151920/predictions/predictions_TAIEX_regime_fixed_20d_R5_xgb_regression_to_ordinal.csv,predictions_TAIEX_regime_fixed_20d_R5_xgb_regression_to_ordinal.csv,.csv,368360,2026-06-23T15:20:35Z,306e21c0d8763d4fd3d1cc277f0916a737350360d4d9e48f0a0534eca731a7e6
outputs/AURORA_TWETF/ordinal_imbalance_uncertainty/run_20260623_151920/predictions/predictions_TAIEX_regime_fixed_20d_R5_xgb_regression_to_ordinal.parquet,predictions_TAIEX_regime_fixed_20d_R5_xgb_regression_to_ordinal.parquet,.parquet,119876,2026-06-23T15:20:35Z,1bd65f207444448f61da73fcc5cbcc03c33fc5d4ec9c1ee7bfc4ef8469820050
outputs/AURORA_TWETF/ordinal_imbalance_uncertainty/run_20260623_151920/predictions/predictions_TAIEX_regime_fixed_60d_C1_calibrated_logistic_balanced.csv,predictions_TAIEX_regime_fixed_60d_C1_calibrated_logistic_balanced.csv,.csv,373508,2026-06-23T15:22:27Z,a9cbdfffdd9cc35c79994537e11f1ace9625b74684ae9a352a12e9f1a05e80fe
outputs/AURORA_TWETF/ordinal_imbalance_uncertainty/run_20260623_151920/predictions/predictions_TAIEX_regime_fixed_60d_C1_calibrated_logistic_balanced.parquet,predictions_TAIEX_regime_fixed_60d_C1_calibrated_logistic_balanced.parquet,.parquet,120384,2026-06-23T15:22:27Z,b09f7373e5d25fb7637bdd81e7dfefc767ec21845016ece7fdbd9f14745a4e00
outputs/AURORA_TWETF/ordinal_imbalance_uncertainty/run_20260623_151920/predictions/predictions_TAIEX_regime_fixed_60d_C2_calibrated_rf_balanced.csv,predictions_TAIEX_regime_fixed_60d_C2_calibrated_rf_balanced.csv,.csv,361558,2026-06-23T15:22:34Z,3624223f345709fe085cc24551c2d29798cc9288f577d76c67f9523226e2b0e4
outputs/AURORA_TWETF/ordinal_imbalance_uncertainty/run_20260623_151920/predictions/predictions_TAIEX_regime_fixed_60d_C2_calibrated_rf_balanced.parquet,predictions_TAIEX_regime_fixed_60d_C2_calibrated_rf_balanced.parquet,.parquet,120813,2026-06-23T15:22:34Z,dc4c10a629e7fa31fabddee0e9b5deae86e5aea9578c9a212bb3781a1106d026
outputs/AURORA_TWETF/ordinal_imbalance_uncertainty/run_20260623_151920/predictions/predictions_TAIEX_regime_fixed_60d_C3_calibrated_lgbm_balanced.csv,predictions_TAIEX_regime_fixed_60d_C3_calibrated_lgbm_balanced.csv,.csv,355257,2026-06-23T15:22:42Z,8e10bcc916241e302ceb0ab2cc0721b7851d51ef0e4d7d815d397a3dea682575
outputs/AURORA_TWETF/ordinal_imbalance_uncertainty/run_20260623_151920/predictions/predictions_TAIEX_regime_fixed_60d_C3_calibrated_lgbm_balanced.parquet,predictions_TAIEX_regime_fixed_60d_C3_calibrated_lgbm_balanced.parquet,.parquet,120271,2026-06-23T15:22:42Z,6bd754e12b55f79d86968380326bc63067a58f932e274141004c7b1276c1f405
outputs/AURORA_TWETF/ordinal_imbalance_uncertainty/run_20260623_151920/predictions/predictions_TAIEX_regime_fixed_60d_C4_calibrated_xgb_multiclass.csv,predictions_TAIEX_regime_fixed_60d_C4_calibrated_xgb_multiclass.csv,.csv,356274,2026-06-23T15:22:54Z,94e26233a944a5e21f1178f764ed48adb770fa54cd78722b5b9f5741e8de7313
outputs/AURORA_TWETF/ordinal_imbalance_uncertainty/run_20260623_151920/predictions/predictions_TAIEX_regime_fixed_60d_C4_calibrated_xgb_multiclass.parquet,predictions_TAIEX_regime_fixed_60d_C4_calibrated_xgb_multiclass.parquet,.parquet,120543,2026-06-23T15:22:54Z,de718787bf49a23f87f7e4e312f202a01ad3252ab7adaafb7e7d9cf24be4c465
outputs/AURORA_TWETF/ordinal_imbalance_uncertainty/run_20260623_151920/predictions/predictions_TAIEX_regime_fixed_60d_E1_valid_model_probability_ensemble.csv,predictions_TAIEX_regime_fixed_60d_E1_valid_model_probability_ensemble.csv,.csv,364522,2026-06-23T15:22:58Z,4dbbe25ec69009e7f6b4bd501e3e82fb26ab00cb530d880389e3b874f70d28f1
outputs/AURORA_TWETF/ordinal_imbalance_uncertainty/run_20260623_151920/predictions/predictions_TAIEX_regime_fixed_60d_E1_valid_model_probability_ensemble.parquet,predictions_TAIEX_regime_fixed_60d_E1_valid_model_probability_ensemble.parquet,.parquet,120388,2026-06-23T15:22:58Z,44127bba14761f4052775cff5ec6d6931c031069133863bba295a2c739747b66
outputs/AURORA_TWETF/ordinal_imbalance_uncertainty/run_20260623_151920/predictions/predictions_TAIEX_regime_fixed_60d_O1_cumulative_logit_balanced.csv,predictions_TAIEX_regime_fixed_60d_O1_cumulative_logit_balanced.csv,.csv,362012,2026-06-23T15:21:21Z,eb971f2d0f290f3d263620c76d5248423f914d23e025e70b1795ba94ad781b09
outputs/AURORA_TWETF/ordinal_imbalance_uncertainty/run_20260623_151920/predictions/predictions_TAIEX_regime_fixed_60d_O1_cumulative_logit_balanced.parquet,predictions_TAIEX_regime_fixed_60d_O1_cumulative_logit_balanced.parquet,.parquet,120340,2026-06-23T15:21:21Z,33d5cd46872a777d75f4e9c5f121c6c98cfe89e2a49f14dcf6083e735abc569b
outputs/AURORA_TWETF/ordinal_imbalance_uncertainty/run_20260623_151920/predictions/predictions_TAIEX_regime_fixed_60d_O2_cumulative_rf_balanced.csv,predictions_TAIEX_regime_fixed_60d_O2_cumulative_rf_balanced.csv,.csv,353053,2026-06-23T15:21:33Z,2d0474d608dc6b168d381b8c6613971d31146524f38ae70b5223400b930c860e
outputs/AURORA_TWETF/ordinal_imbalance_uncertainty/run_20260623_151920/predictions/predictions_TAIEX_regime_fixed_60d_O2_cumulative_rf_balanced.parquet,predictions_TAIEX_regime_fixed_60d_O2_cumulative_rf_balanced.parquet,.parquet,120826,2026-06-23T15:21:33Z,ffc800f0baf4615bc8004eea231230e66de0d88f2f6c8db8f9740026028f3c48
outputs/AURORA_TWETF/ordinal_imbalance_uncertainty/run_20260623_151920/predictions/predictions_TAIEX_regime_fixed_60d_O3_cumulative_et_balanced.csv,predictions_TAIEX_regime_fixed_60d_O3_cumulative_et_balanced.csv,.csv,350562,2026-06-23T15:21:43Z,7cc69a23cc7b65225a1a1461fe63cc9921c6282533c81d9667e146621a2cea29
outputs/AURORA_TWETF/ordinal_imbalance_uncertainty/run_20260623_151920/predictions/predictions_TAIEX_regime_fixed_60d_O3_cumulative_et_balanced.parquet,predictions_TAIEX_regime_fixed_60d_O3_cumulative_et_balanced.parquet,.parquet,120672,2026-06-23T15:21:43Z,f18b6834bfe8c9a961e0d331c26b0a515eae78cda7fd38757ed1c9a8a033ab72
outputs/AURORA_TWETF/ordinal_imbalance_uncertainty/run_20260623_151920/predictions/predictions_TAIEX_regime_fixed_60d_O4_cumulative_lgbm_balanced.csv,predictions_TAIEX_regime_fixed_60d_O4_cumulative_lgbm_balanced.csv,.csv,347728,2026-06-23T15:21:51Z,ce0441b096b759f64b3a7f334d84fbe61ca0b33832a497d2320f905a7417c8ea
outputs/AURORA_TWETF/ordinal_imbalance_uncertainty/run_20260623_151920/predictions/predictions_TAIEX_regime_fixed_60d_O4_cumulative_lgbm_balanced.parquet,predictions_TAIEX_regime_fixed_60d_O4_cumulative_lgbm_balanced.parquet,.parquet,120558,2026-06-23T15:21:51Z,dd741fef7470d2051bfb532764e4e283808235aa361af9a5a52da2d528b1039c
outputs/AURORA_TWETF/ordinal_imbalance_uncertainty/run_20260623_151920/predictions/predictions_TAIEX_regime_fixed_60d_R1_ridge_regression_to_ordinal.csv,predictions_TAIEX_regime_fixed_60d_R1_ridge_regression_to_ordinal.csv,.csv,355288,2026-06-23T15:21:56Z,d5790cfe52ebc0b3bd1628fcec35de533ce95a2c1fadb7c6aba39bb334bcdd64
outputs/AURORA_TWETF/ordinal_imbalance_uncertainty/run_20260623_151920/predictions/predictions_TAIEX_regime_fixed_60d_R1_ridge_regression_to_ordinal.parquet,predictions_TAIEX_regime_fixed_60d_R1_ridge_regression_to_ordinal.parquet,.parquet,107862,2026-06-23T15:21:56Z,8cba77a55047911f7a075b0e86e3bdcf19ffd44ab1b030665ac74ee84523702c
outputs/AURORA_TWETF/ordinal_imbalance_uncertainty/run_20260623_151920/predictions/predictions_TAIEX_regime_fixed_60d_R2_rf_regression_to_ordinal.csv,predictions_TAIEX_regime_fixed_60d_R2_rf_regression_to_ordinal.csv,.csv,374677,2026-06-23T15:22:02Z,4ac6d900df2f405c4e7bad296fd09e7809f5c181777b3e3f0e3e97c42fd0e1e0
outputs/AURORA_TWETF/ordinal_imbalance_uncertainty/run_20260623_151920/predictions/predictions_TAIEX_regime_fixed_60d_R2_rf_regression_to_ordinal.parquet,predictions_TAIEX_regime_fixed_60d_R2_rf_regression_to_ordinal.parquet,.parquet,120553,2026-06-23T15:22:02Z,26ccb6a7150ecf295bf2f3b297a50b84f57676ac4cebeb9d5d9e9e8238ae3ea8
outputs/AURORA_TWETF/ordinal_imbalance_uncertainty/run_20260623_151920/predictions/predictions_TAIEX_regime_fixed_60d_R3_et_regression_to_ordinal.csv,predictions_TAIEX_regime_fixed_60d_R3_et_regression_to_ordinal.csv,.csv,372278,2026-06-23T15:22:08Z,f95427846ee3bf5eb0909daaab5a57951f5ebc3b82f30f83e720f1c03e48735a
outputs/AURORA_TWETF/ordinal_imbalance_uncertainty/run_20260623_151920/predictions/predictions_TAIEX_regime_fixed_60d_R3_et_regression_to_ordinal.parquet,predictions_TAIEX_regime_fixed_60d_R3_et_regression_to_ordinal.parquet,.parquet,120623,2026-06-23T15:22:08Z,b4d27bdd979a56770c6d94b5d5e224987c6c24bb9df58224b4ba7c1998c2271c
outputs/AURORA_TWETF/ordinal_imbalance_uncertainty/run_20260623_151920/predictions/predictions_TAIEX_regime_fixed_60d_R4_lgbm_regression_to_ordinal.csv,predictions_TAIEX_regime_fixed_60d_R4_lgbm_regression_to_ordinal.csv,.csv,370828,2026-06-23T15:22:13Z,4171fd2c949c209c09d69ee62016b0c1af5b437661b229a1e2c9c73c0ee28355
outputs/AURORA_TWETF/ordinal_imbalance_uncertainty/run_20260623_151920/predictions/predictions_TAIEX_regime_fixed_60d_R4_lgbm_regression_to_ordinal.parquet,predictions_TAIEX_regime_fixed_60d_R4_lgbm_regression_to_ordinal.parquet,.parquet,119983,2026-06-23T15:22:13Z,94adbf73f245eef50233514a36881732e108672eb44a61f46b446f66e4f3009f
outputs/AURORA_TWETF/ordinal_imbalance_uncertainty/run_20260623_151920/predictions/predictions_TAIEX_regime_fixed_60d_R5_xgb_regression_to_ordinal.csv,predictions_TAIEX_regime_fixed_60d_R5_xgb_regression_to_ordinal.csv,.csv,368276,2026-06-23T15:22:21Z,9f6de1ff7bf71e2e9ad066556d286855aea450621a0fe9a18a03ed3c33e35f71
outputs/AURORA_TWETF/ordinal_imbalance_uncertainty/run_20260623_151920/predictions/predictions_TAIEX_regime_fixed_60d_R5_xgb_regression_to_ordinal.parquet,predictions_TAIEX_regime_fixed_60d_R5_xgb_regression_to_ordinal.parquet,.parquet,120156,2026-06-23T15:22:21Z,bbc98f6a22d6702fbdc95fe2ebc4f4671c07d65bda506a2dffb898d5e3676d30
outputs/AURORA_TWETF/ordinal_imbalance_uncertainty/run_20260623_151920/predictions/predictions_all_ordinal_uncertainty_models.csv,predictions_all_ordinal_uncertainty_models.csv,.csv,10122988,2026-06-23T15:22:59Z,bd94d7cb68ab4adb466c0381973ce2caeff537e560a9590b825354dadf02e8c9
outputs/AURORA_TWETF/ordinal_imbalance_uncertainty/run_20260623_151920/predictions/predictions_all_ordinal_uncertainty_models.parquet,predictions_all_ordinal_uncertainty_models.parquet,.parquet,2877483,2026-06-23T15:22:59Z,8f249d834b42442ad8b24b07e4297f8a04b4e34b1af67ef6e8af3178cb690238
outputs/AURORA_TWETF/ordinal_imbalance_uncertainty/run_20260623_151920/probabilities/probabilities_TAIEX_regime_fixed_20d_C1_calibrated_logistic_balanced.csv,probabilities_TAIEX_regime_fixed_20d_C1_calibrated_logistic_balanced.csv,.csv,289626,2026-06-23T15:20:41Z,49fa6878e6617990e754f8c259336dde6bfd66b770f648306633d83555024b6b
outputs/AURORA_TWETF/ordinal_imbalance_uncertainty/run_20260623_151920/probabilities/probabilities_TAIEX_regime_fixed_20d_C1_calibrated_logistic_balanced.parquet,probabilities_TAIEX_regime_fixed_20d_C1_calibrated_logistic_balanced.parquet,.parquet,78227,2026-06-23T15:20:41Z,ea0a0f72eff987002cb15dd2118ac61938368e5262514c10c66fc5cda0f56d71
outputs/AURORA_TWETF/ordinal_imbalance_uncertainty/run_20260623_151920/probabilities/probabilities_TAIEX_regime_fixed_20d_C2_calibrated_rf_balanced.csv,probabilities_TAIEX_regime_fixed_20d_C2_calibrated_rf_balanced.csv,.csv,274649,2026-06-23T15:20:48Z,f87f41c027666e21f2be9e7220635217e47014eee5be6db82ded1748d21717b7
outputs/AURORA_TWETF/ordinal_imbalance_uncertainty/run_20260623_151920/probabilities/probabilities_TAIEX_regime_fixed_20d_C2_calibrated_rf_balanced.parquet,probabilities_TAIEX_regime_fixed_20d_C2_calibrated_rf_balanced.parquet,.parquet,78167,2026-06-23T15:20:48Z,1407f3d42905a3c4d18822829b5ef91c1077319a44b38f47e06519ea79712e39
outputs/AURORA_TWETF/ordinal_imbalance_uncertainty/run_20260623_151920/probabilities/probabilities_TAIEX_regime_fixed_20d_C3_calibrated_lgbm_balanced.csv,probabilities_TAIEX_regime_fixed_20d_C3_calibrated_lgbm_balanced.csv,.csv,270550,2026-06-23T15:20:56Z,c78144c86b1978c8cec953867659e1f85e7b93f2552196ede2f385bf0c5e7879
outputs/AURORA_TWETF/ordinal_imbalance_uncertainty/run_20260623_151920/probabilities/probabilities_TAIEX_regime_fixed_20d_C3_calibrated_lgbm_balanced.parquet,probabilities_TAIEX_regime_fixed_20d_C3_calibrated_lgbm_balanced.parquet,.parquet,78152,2026-06-23T15:20:56Z,3ded7b8a1b19477ead9bc921f20725a82849a8119eb556bb52c73c443028c115
outputs/AURORA_TWETF/ordinal_imbalance_uncertainty/run_20260623_151920/probabilities/probabilities_TAIEX_regime_fixed_20d_C4_calibrated_xgb_multiclass.csv,probabilities_TAIEX_regime_fixed_20d_C4_calibrated_xgb_multiclass.csv,.csv,270775,2026-06-23T15:21:08Z,5948171e8e6770b7d2f871163ce29b0483fe37b9673636e6c5de8ecdbc313299
outputs/AURORA_TWETF/ordinal_imbalance_uncertainty/run_20260623_151920/probabilities/probabilities_TAIEX_regime_fixed_20d_C4_calibrated_xgb_multiclass.parquet,probabilities_TAIEX_regime_fixed_20d_C4_calibrated_xgb_multiclass.parquet,.parquet,78152,2026-06-23T15:21:08Z,2e415248bab3e3a3c0618d0653089e5423fd426e07b6bc7a8753927f61592974
outputs/AURORA_TWETF/ordinal_imbalance_uncertainty/run_20260623_151920/probabilities/probabilities_TAIEX_regime_fixed_20d_E1_valid_model_probability_ensemble.csv,probabilities_TAIEX_regime_fixed_20d_E1_valid_model_probability_ensemble.csv,.csv,279043,2026-06-23T15:21:12Z,95cd3ee277525e9507b540c986ceb50f338f799f7a23f9514782d0d0df6597d1
outputs/AURORA_TWETF/ordinal_imbalance_uncertainty/run_20260623_151920/probabilities/probabilities_TAIEX_regime_fixed_20d_E1_valid_model_probability_ensemble.parquet,probabilities_TAIEX_regime_fixed_20d_E1_valid_model_probability_ensemble.parquet,.parquet,78187,2026-06-23T15:21:12Z,dec4430d4ff669062e20f2ae9b52189ddf0599638e577cf6f22c846037907a6b
outputs/AURORA_TWETF/ordinal_imbalance_uncertainty/run_20260623_151920/probabilities/probabilities_TAIEX_regime_fixed_20d_O1_cumulative_logit_balanced.csv,probabilities_TAIEX_regime_fixed_20d_O1_cumulative_logit_balanced.csv,.csv,279205,2026-06-23T15:19:33Z,069bedee93d91ffdfd2f72ad4c1b842d440afcc51ec618d4fe693a28f938245b
outputs/AURORA_TWETF/ordinal_imbalance_uncertainty/run_20260623_151920/probabilities/probabilities_TAIEX_regime_fixed_20d_O1_cumulative_logit_balanced.parquet,probabilities_TAIEX_regime_fixed_20d_O1_cumulative_logit_balanced.parquet,.parquet,78142,2026-06-23T15:19:33Z,3f2504b1098679fa13e75b432740562e520bd3a0799094e1c040ce5257f488e9
outputs/AURORA_TWETF/ordinal_imbalance_uncertainty/run_20260623_151920/probabilities/probabilities_TAIEX_regime_fixed_20d_O2_cumulative_rf_balanced.csv,probabilities_TAIEX_regime_fixed_20d_O2_cumulative_rf_balanced.csv,.csv,266670,2026-06-23T15:19:46Z,659fbd89c7470dca184b9d7ee153c64c259ce52cf4f560709912018b5e7c16a0
outputs/AURORA_TWETF/ordinal_imbalance_uncertainty/run_20260623_151920/probabilities/probabilities_TAIEX_regime_fixed_20d_O2_cumulative_rf_balanced.parquet,probabilities_TAIEX_regime_fixed_20d_O2_cumulative_rf_balanced.parquet,.parquet,78137,2026-06-23T15:19:46Z,a88d9e93397dd1c107ad2dc8e9225b30ce252f4f580ba54769be7c03a118928f
outputs/AURORA_TWETF/ordinal_imbalance_uncertainty/run_20260623_151920/probabilities/probabilities_TAIEX_regime_fixed_20d_O3_cumulative_et_balanced.csv,probabilities_TAIEX_regime_fixed_20d_O3_cumulative_et_balanced.csv,.csv,264458,2026-06-23T15:19:56Z,7d647cc16f417672382060daef37dbb33acd9f9d7c7515f7a9d7f5835438383c
outputs/AURORA_TWETF/ordinal_imbalance_uncertainty/run_20260623_151920/probabilities/probabilities_TAIEX_regime_fixed_20d_O3_cumulative_et_balanced.parquet,probabilities_TAIEX_regime_fixed_20d_O3_cumulative_et_balanced.parquet,.parquet,78127,2026-06-23T15:19:56Z,4867835f3bfb6063c30a8a0af33e243d9a9db9032ff2d019da75cfdb93649189
outputs/AURORA_TWETF/ordinal_imbalance_uncertainty/run_20260623_151920/probabilities/probabilities_TAIEX_regime_fixed_20d_O4_cumulative_lgbm_balanced.csv,probabilities_TAIEX_regime_fixed_20d_O4_cumulative_lgbm_balanced.csv,.csv,263695,2026-06-23T15:20:04Z,a302f07bcf555c8273b0ae260769ea90389e45338cff1127d0a32c08e1652349
outputs/AURORA_TWETF/ordinal_imbalance_uncertainty/run_20260623_151920/probabilities/probabilities_TAIEX_regime_fixed_20d_O4_cumulative_lgbm_balanced.parquet,probabilities_TAIEX_regime_fixed_20d_O4_cumulative_lgbm_balanced.parquet,.parquet,78122,2026-06-23T15:20:04Z,6a308fb72b1d6b1e9cb14e445da660abbc9acd885185ba6578a9b78d300311c1
outputs/AURORA_TWETF/ordinal_imbalance_uncertainty/run_20260623_151920/probabilities/probabilities_TAIEX_regime_fixed_20d_R1_ridge_regression_to_ordinal.csv,probabilities_TAIEX_regime_fixed_20d_R1_ridge_regression_to_ordinal.csv,.csv,270376,2026-06-23T15:20:09Z,f35c6608ebdfd6232c347730e0b59c2e6a5b08b2592c7420a8ce37e6a5027d94
outputs/AURORA_TWETF/ordinal_imbalance_uncertainty/run_20260623_151920/probabilities/probabilities_TAIEX_regime_fixed_20d_R1_ridge_regression_to_ordinal.parquet,probabilities_TAIEX_regime_fixed_20d_R1_ridge_regression_to_ordinal.parquet,.parquet,76504,2026-06-23T15:20:09Z,68be74194a2d889ac89f308e4799f873e9d77284844264825fb0c79a42efd504
outputs/AURORA_TWETF/ordinal_imbalance_uncertainty/run_20260623_151920/probabilities/probabilities_TAIEX_regime_fixed_20d_R2_rf_regression_to_ordinal.csv,probabilities_TAIEX_regime_fixed_20d_R2_rf_regression_to_ordinal.csv,.csv,289829,2026-06-23T15:20:15Z,003a7f37cfe613e3d9053b0ee8a6c85abcdfb35b280f26e17d42f69885415897
outputs/AURORA_TWETF/ordinal_imbalance_uncertainty/run_20260623_151920/probabilities/probabilities_TAIEX_regime_fixed_20d_R2_rf_regression_to_ordinal.parquet,probabilities_TAIEX_regime_fixed_20d_R2_rf_regression_to_ordinal.parquet,.parquet,78187,2026-06-23T15:20:15Z,e1516ef7cf4a66d2acb11a869360d89cf8d1802e2ef65677b0d1876eac0d25a4
outputs/AURORA_TWETF/ordinal_imbalance_uncertainty/run_20260623_151920/probabilities/probabilities_TAIEX_regime_fixed_20d_R3_et_regression_to_ordinal.csv,probabilities_TAIEX_regime_fixed_20d_R3_et_regression_to_ordinal.csv,.csv,287159,2026-06-23T15:20:21Z,95d26552d1ea843d50f6ccc9885652122741ed8b67640fab215bb569bec52c89
outputs/AURORA_TWETF/ordinal_imbalance_uncertainty/run_20260623_151920/probabilities/probabilities_TAIEX_regime_fixed_20d_R3_et_regression_to_ordinal.parquet,probabilities_TAIEX_regime_fixed_20d_R3_et_regression_to_ordinal.parquet,.parquet,78217,2026-06-23T15:20:21Z,d2330318e7f390006e920e95bfda9071195c750aa442232b063636d35f91960a
outputs/AURORA_TWETF/ordinal_imbalance_uncertainty/run_20260623_151920/probabilities/probabilities_TAIEX_regime_fixed_20d_R4_lgbm_regression_to_ordinal.csv,probabilities_TAIEX_regime_fixed_20d_R4_lgbm_regression_to_ordinal.csv,.csv,285692,2026-06-23T15:20:26Z,bd7a2259f516833785ad113e37fb7b8b8b88a7b62a18ac6eaca617d668c4dc5e
outputs/AURORA_TWETF/ordinal_imbalance_uncertainty/run_20260623_151920/probabilities/probabilities_TAIEX_regime_fixed_20d_R4_lgbm_regression_to_ordinal.parquet,probabilities_TAIEX_regime_fixed_20d_R4_lgbm_regression_to_ordinal.parquet,.parquet,78132,2026-06-23T15:20:26Z,921da0fa0023dd690fad1568ac68e53b4c98c42a4be967a8a5327b03abca5910
outputs/AURORA_TWETF/ordinal_imbalance_uncertainty/run_20260623_151920/probabilities/probabilities_TAIEX_regime_fixed_20d_R5_xgb_regression_to_ordinal.csv,probabilities_TAIEX_regime_fixed_20d_R5_xgb_regression_to_ordinal.csv,.csv,283274,2026-06-23T15:20:35Z,78ff456236d4559ea4c743a658830f81c96437a9f31b9cd2de3c88069a403d85
outputs/AURORA_TWETF/ordinal_imbalance_uncertainty/run_20260623_151920/probabilities/probabilities_TAIEX_regime_fixed_20d_R5_xgb_regression_to_ordinal.parquet,probabilities_TAIEX_regime_fixed_20d_R5_xgb_regression_to_ordinal.parquet,.parquet,77667,2026-06-23T15:20:35Z,1c6de01a07ad1cea974f6e0daa5a93dfdc785ab88cf0086a0380d3a430919fa9
outputs/AURORA_TWETF/ordinal_imbalance_uncertainty/run_20260623_151920/probabilities/probabilities_TAIEX_regime_fixed_60d_C1_calibrated_logistic_balanced.csv,probabilities_TAIEX_regime_fixed_60d_C1_calibrated_logistic_balanced.csv,.csv,289745,2026-06-23T15:22:27Z,f6d2b8f22a5fec435fc9b3cbb1c719f9b934e6fda0307b1917eeec01ae3cb951
outputs/AURORA_TWETF/ordinal_imbalance_uncertainty/run_20260623_151920/probabilities/probabilities_TAIEX_regime_fixed_60d_C1_calibrated_logistic_balanced.parquet,probabilities_TAIEX_regime_fixed_60d_C1_calibrated_logistic_balanced.parquet,.parquet,78187,2026-06-23T15:22:27Z,fecb7d18f5cc8f8ef473ad403d74ebf9063a399063e8527155284bafdf6416a0
outputs/AURORA_TWETF/ordinal_imbalance_uncertainty/run_20260623_151920/probabilities/probabilities_TAIEX_regime_fixed_60d_C2_calibrated_rf_balanced.csv,probabilities_TAIEX_regime_fixed_60d_C2_calibrated_rf_balanced.csv,.csv,273945,2026-06-23T15:22:34Z,8de3fd724d5b7cc675523e4dbca9d473a65e88ee829fd6916409cf200a0a5f76
outputs/AURORA_TWETF/ordinal_imbalance_uncertainty/run_20260623_151920/probabilities/probabilities_TAIEX_regime_fixed_60d_C2_calibrated_rf_balanced.parquet,probabilities_TAIEX_regime_fixed_60d_C2_calibrated_rf_balanced.parquet,.parquet,78167,2026-06-23T15:22:34Z,81cfb8031bcc6b1f89d1fcfa8e0ccfbd452db609d674087724da13241488fad0
outputs/AURORA_TWETF/ordinal_imbalance_uncertainty/run_20260623_151920/probabilities/probabilities_TAIEX_regime_fixed_60d_C3_calibrated_lgbm_balanced.csv,probabilities_TAIEX_regime_fixed_60d_C3_calibrated_lgbm_balanced.csv,.csv,269974,2026-06-23T15:22:42Z,40b53a099bdbb011dd403e04c454f7f7d22764b997b9bbbe3e1f9db5a290cc12
outputs/AURORA_TWETF/ordinal_imbalance_uncertainty/run_20260623_151920/probabilities/probabilities_TAIEX_regime_fixed_60d_C3_calibrated_lgbm_balanced.parquet,probabilities_TAIEX_regime_fixed_60d_C3_calibrated_lgbm_balanced.parquet,.parquet,78152,2026-06-23T15:22:42Z,d73dcf103bfe0ce0a425e37256fb3126ef689a5f0e279b9d4adb13db98bb4780
outputs/AURORA_TWETF/ordinal_imbalance_uncertainty/run_20260623_151920/probabilities/probabilities_TAIEX_regime_fixed_60d_C4_calibrated_xgb_multiclass.csv,probabilities_TAIEX_regime_fixed_60d_C4_calibrated_xgb_multiclass.csv,.csv,269999,2026-06-23T15:22:54Z,a6c8982de2e7e4850be7f0429c64c6f6895d47789c014ddb1be628f77d89bc16
outputs/AURORA_TWETF/ordinal_imbalance_uncertainty/run_20260623_151920/probabilities/probabilities_TAIEX_regime_fixed_60d_C4_calibrated_xgb_multiclass.parquet,probabilities_TAIEX_regime_fixed_60d_C4_calibrated_xgb_multiclass.parquet,.parquet,78152,2026-06-23T15:22:54Z,7da33da88f167b9fb43c4eea385ff42aa3ad0ad06a02e3b191da7c1f5f6b7d21
outputs/AURORA_TWETF/ordinal_imbalance_uncertainty/run_20260623_151920/probabilities/probabilities_TAIEX_regime_fixed_60d_E1_valid_model_probability_ensemble.csv,probabilities_TAIEX_regime_fixed_60d_E1_valid_model_probability_ensemble.csv,.csv,278811,2026-06-23T15:22:58Z,80a779457ea7bf92abf5e87039637036e2fdc1f80d18e0962f22203282b2adcd
outputs/AURORA_TWETF/ordinal_imbalance_uncertainty/run_20260623_151920/probabilities/probabilities_TAIEX_regime_fixed_60d_E1_valid_model_probability_ensemble.parquet,probabilities_TAIEX_regime_fixed_60d_E1_valid_model_probability_ensemble.parquet,.parquet,78187,2026-06-23T15:22:58Z,5d1967336b1fd5fbce45d1c0ddb0501326491bb9046884ebedb50ef0d2455266
outputs/AURORA_TWETF/ordinal_imbalance_uncertainty/run_20260623_151920/probabilities/probabilities_TAIEX_regime_fixed_60d_O1_cumulative_logit_balanced.csv,probabilities_TAIEX_regime_fixed_60d_O1_cumulative_logit_balanced.csv,.csv,279458,2026-06-23T15:21:21Z,f7a305e1ecdfef92f7afea909949e8063a617aa7a8ca62d3428c15df72d4ed1c
outputs/AURORA_TWETF/ordinal_imbalance_uncertainty/run_20260623_151920/probabilities/probabilities_TAIEX_regime_fixed_60d_O1_cumulative_logit_balanced.parquet,probabilities_TAIEX_regime_fixed_60d_O1_cumulative_logit_balanced.parquet,.parquet,78102,2026-06-23T15:21:21Z,f4f3b062b86edebaab606a21f016f6b338925ad42f4a852fb5d7ce24ece46827
outputs/AURORA_TWETF/ordinal_imbalance_uncertainty/run_20260623_151920/probabilities/probabilities_TAIEX_regime_fixed_60d_O2_cumulative_rf_balanced.csv,probabilities_TAIEX_regime_fixed_60d_O2_cumulative_rf_balanced.csv,.csv,267228,2026-06-23T15:21:33Z,d28db6b127400ea991d3a8219883f27ab1c83a052c79924ca2fba730ccc1e7cc
outputs/AURORA_TWETF/ordinal_imbalance_uncertainty/run_20260623_151920/probabilities/probabilities_TAIEX_regime_fixed_60d_O2_cumulative_rf_balanced.parquet,probabilities_TAIEX_regime_fixed_60d_O2_cumulative_rf_balanced.parquet,.parquet,78137,2026-06-23T15:21:33Z,64a32acf1225b5bc79745cb30191bee660e058aaed37a9669e121d9eec6af5ff
outputs/AURORA_TWETF/ordinal_imbalance_uncertainty/run_20260623_151920/probabilities/probabilities_TAIEX_regime_fixed_60d_O3_cumulative_et_balanced.csv,probabilities_TAIEX_regime_fixed_60d_O3_cumulative_et_balanced.csv,.csv,264871,2026-06-23T15:21:43Z,9d1680b5ffbcbeab42aad53422f149c42561a031303fd0ae9027ae5455cae9b0
outputs/AURORA_TWETF/ordinal_imbalance_uncertainty/run_20260623_151920/probabilities/probabilities_TAIEX_regime_fixed_60d_O3_cumulative_et_balanced.parquet,probabilities_TAIEX_regime_fixed_60d_O3_cumulative_et_balanced.parquet,.parquet,78127,2026-06-23T15:21:43Z,0bdb0d87162cbca5e122510e6149cfd07a7dc204fb282dc94bc9cd37f7bfd11b
outputs/AURORA_TWETF/ordinal_imbalance_uncertainty/run_20260623_151920/probabilities/probabilities_TAIEX_regime_fixed_60d_O4_cumulative_lgbm_balanced.csv,probabilities_TAIEX_regime_fixed_60d_O4_cumulative_lgbm_balanced.csv,.csv,263251,2026-06-23T15:21:51Z,01d47fa8072d9b8689550f65016111f64b59b33ee3fc6d6a39c21376c098a604
outputs/AURORA_TWETF/ordinal_imbalance_uncertainty/run_20260623_151920/probabilities/probabilities_TAIEX_regime_fixed_60d_O4_cumulative_lgbm_balanced.parquet,probabilities_TAIEX_regime_fixed_60d_O4_cumulative_lgbm_balanced.parquet,.parquet,78122,2026-06-23T15:21:51Z,eb0bf767dac4964ab85a3d3b012cf8c58dbab3c4d1257e22b43528a6cef2bb9a
outputs/AURORA_TWETF/ordinal_imbalance_uncertainty/run_20260623_151920/probabilities/probabilities_TAIEX_regime_fixed_60d_R1_ridge_regression_to_ordinal.csv,probabilities_TAIEX_regime_fixed_60d_R1_ridge_regression_to_ordinal.csv,.csv,270798,2026-06-23T15:21:56Z,ec215aa319f6a01c10c022ea3add99e6f7b97ec8df4f8910b59ef1f538339131
outputs/AURORA_TWETF/ordinal_imbalance_uncertainty/run_20260623_151920/probabilities/probabilities_TAIEX_regime_fixed_60d_R1_ridge_regression_to_ordinal.parquet,probabilities_TAIEX_regime_fixed_60d_R1_ridge_regression_to_ordinal.parquet,.parquet,70034,2026-06-23T15:21:56Z,d46ad23aab40d6c2efdcb5d6d1d7d5cab39203cf042a5ec71e9fb251c78ee57c
outputs/AURORA_TWETF/ordinal_imbalance_uncertainty/run_20260623_151920/probabilities/probabilities_TAIEX_regime_fixed_60d_R2_rf_regression_to_ordinal.csv,probabilities_TAIEX_regime_fixed_60d_R2_rf_regression_to_ordinal.csv,.csv,289140,2026-06-23T15:22:02Z,8db8abeae57dc2d940ef9deff418f401032f8156d77c16fadd4d2c21c336908f
outputs/AURORA_TWETF/ordinal_imbalance_uncertainty/run_20260623_151920/probabilities/probabilities_TAIEX_regime_fixed_60d_R2_rf_regression_to_ordinal.parquet,probabilities_TAIEX_regime_fixed_60d_R2_rf_regression_to_ordinal.parquet,.parquet,78187,2026-06-23T15:22:02Z,782221a2fc861d99c7c004a384256ab2bb2bade14a132fd772b50c23c154fab9
outputs/AURORA_TWETF/ordinal_imbalance_uncertainty/run_20260623_151920/probabilities/probabilities_TAIEX_regime_fixed_60d_R3_et_regression_to_ordinal.csv,probabilities_TAIEX_regime_fixed_60d_R3_et_regression_to_ordinal.csv,.csv,286439,2026-06-23T15:22:08Z,5e9a5ebb154320ffef7e415e66a8dc091002f586a1d73858cc4fbd0cef3c6f53
outputs/AURORA_TWETF/ordinal_imbalance_uncertainty/run_20260623_151920/probabilities/probabilities_TAIEX_regime_fixed_60d_R3_et_regression_to_ordinal.parquet,probabilities_TAIEX_regime_fixed_60d_R3_et_regression_to_ordinal.parquet,.parquet,78217,2026-06-23T15:22:08Z,15684942aa17539529436f419db995f6c441e71d3a589cebc477d141b0721753
outputs/AURORA_TWETF/ordinal_imbalance_uncertainty/run_20260623_151920/probabilities/probabilities_TAIEX_regime_fixed_60d_R4_lgbm_regression_to_ordinal.csv,probabilities_TAIEX_regime_fixed_60d_R4_lgbm_regression_to_ordinal.csv,.csv,285764,2026-06-23T15:22:13Z,1ee4e7fe87255e74d67a4d8b7b584f3ebe7dc3a7572e610239dd6dd6584f802f
outputs/AURORA_TWETF/ordinal_imbalance_uncertainty/run_20260623_151920/probabilities/probabilities_TAIEX_regime_fixed_60d_R4_lgbm_regression_to_ordinal.parquet,probabilities_TAIEX_regime_fixed_60d_R4_lgbm_regression_to_ordinal.parquet,.parquet,77884,2026-06-23T15:22:13Z,eee9d9c4fe42f9b38a5057e3e35931aa6c6f2d42aa54e01e046995c1bcbf9831
outputs/AURORA_TWETF/ordinal_imbalance_uncertainty/run_20260623_151920/probabilities/probabilities_TAIEX_regime_fixed_60d_R5_xgb_regression_to_ordinal.csv,probabilities_TAIEX_regime_fixed_60d_R5_xgb_regression_to_ordinal.csv,.csv,283076,2026-06-23T15:22:21Z,b8f896accdec96265e53258602e4a02ffbd16ec1fd5ccf260fae9065eee46593
outputs/AURORA_TWETF/ordinal_imbalance_uncertainty/run_20260623_151920/probabilities/probabilities_TAIEX_regime_fixed_60d_R5_xgb_regression_to_ordinal.parquet,probabilities_TAIEX_regime_fixed_60d_R5_xgb_regression_to_ordinal.parquet,.parquet,77877,2026-06-23T15:22:21Z,7db63d344c6595d4824cae806e154a035a8ee953ac2a3d71e3c90a064e8fd510
outputs/AURORA_TWETF/ordinal_imbalance_uncertainty/run_20260623_151920/probabilities/probabilities_all_ordinal_uncertainty_models.csv,probabilities_all_ordinal_uncertainty_models.csv,.csv,7743963,2026-06-23T15:23:00Z,b1d2667bd792d57a29c89f4bb0ee8ec5b7789cfd739393546f56aa697d0fbeff
outputs/AURORA_TWETF/ordinal_imbalance_uncertainty/run_20260623_151920/probabilities/probabilities_all_ordinal_uncertainty_models.parquet,probabilities_all_ordinal_uncertainty_models.parquet,.parquet,1792692,2026-06-23T15:23:00Z,340f2faa33f1e9266a135d7a66f33fb188a2f3691bfa96a9589c68772ee6062c
outputs/AURORA_TWETF/ordinal_imbalance_uncertainty/run_20260623_151920/split_report.csv,split_report.csv,.csv,128,2026-06-23T15:19:23Z,9451aaf32552d51f0d25670fc2ce4603a42b15b7442eabb1178901a193b2db7f
outputs/AURORA_TWETF/ordinal_imbalance_uncertainty/run_20260623_151920/splits/row_split_assignment.csv,row_split_assignment.csv,.csv,22220,2026-06-23T15:19:23Z,6e9641fbb9f94bb2973002911ff7b05f17128b797cc9b2c2b2fa247a866a2fcf
outputs/AURORA_TWETF/paper_tables_figures_manuscript_assets/run_20260624_142307/NOTEBOOK12_OUTPUT_INDEX.csv,NOTEBOOK12_OUTPUT_INDEX.csv,.csv,4975,2026-06-24T14:23:15Z,cbc6ac19ea92939becf9e954dcbbb100abce33834bdcc45d4d5f8e3edcf62209
outputs/AURORA_TWETF/paper_tables_figures_manuscript_assets/run_20260624_142307/latex_tables/table_final_evidence_summary.tex,table_final_evidence_summary.tex,.tex,1366,2026-06-24T14:23:15Z,717e441bc24ee2f774e7eead61aad6f556695e1397c5ba6e153bce964f795c06
outputs/AURORA_TWETF/paper_tables_figures_manuscript_assets/run_20260624_142307/latex_tables/table_final_performance.tex,table_final_performance.tex,.tex,2145,2026-06-24T14:23:11Z,ea5d7bb63d552542588159454e06aa66b92a396755f82e5ad7d1bdeab2af7cea
outputs/AURORA_TWETF/paper_tables_figures_manuscript_assets/run_20260624_142307/latex_tables/table_methodology_progression.tex,table_methodology_progression.tex,.tex,1241,2026-06-24T14:23:12Z,41e5bbb5085a02f1e5e4bc55be8749a9c7be5584f874e48942c094468d97064d
outputs/AURORA_TWETF/paper_tables_figures_manuscript_assets/run_20260624_142307/latex_tables/table_statistical_inference.tex,table_statistical_inference.tex,.tex,4377,2026-06-24T14:23:12Z,c868adc0a668d7542828bdf040cdf993d3b711dc77f3c6d0cf2f6b8f5d4d407a
outputs/AURORA_TWETF/paper_tables_figures_manuscript_assets/run_20260624_142307/latex_tables/table_uamv_b_configuration.tex,table_uamv_b_configuration.tex,.tex,865,2026-06-24T14:23:12Z,f4367f1114434ca57c81c50fe26422f472356b108c5a6f803a579539a1182c8b
outputs/AURORA_TWETF/paper_tables_figures_manuscript_assets/run_20260624_142307/manuscript_assets/AURORA_TWETF_manuscript_assets_combined.md,AURORA_TWETF_manuscript_assets_combined.md,.md,5938,2026-06-24T14:23:15Z,0a81c65dbc6b0f1ece336292cc2290892055a4c13f06c028a2f126650a7e4fcf
outputs/AURORA_TWETF/paper_tables_figures_manuscript_assets/run_20260624_142307/manuscript_assets/claim_checklist.md,claim_checklist.md,.md,695,2026-06-24T14:23:15Z,a5a92c5d28fe6133b24019561218827e3e69bc7fe19bef732f198f70eef5d7e2
outputs/AURORA_TWETF/paper_tables_figures_manuscript_assets/run_20260624_142307/manuscript_assets/conclusion.md,conclusion.md,.md,803,2026-06-24T14:23:15Z,fc3b39cb096a7fec2947b1a59a6fa1aa284f33a6177830de9c9aa764656441cd
outputs/AURORA_TWETF/paper_tables_figures_manuscript_assets/run_20260624_142307/manuscript_assets/draft_abstract.md,draft_abstract.md,.md,1198,2026-06-24T14:23:15Z,17f80ea716a7e1d298504b7292f78d34bf5fed7939f1c82e785af3b395ec820a
outputs/AURORA_TWETF/paper_tables_figures_manuscript_assets/run_20260624_142307/manuscript_assets/figure_captions.md,figure_captions.md,.md,647,2026-06-24T14:23:15Z,7d6a097d3dfa2a1a246099fb7bfcf96e071568c99d998063a83baa3f5a326b6a
outputs/AURORA_TWETF/paper_tables_figures_manuscript_assets/run_20260624_142307/manuscript_assets/limitations.md,limitations.md,.md,698,2026-06-24T14:23:15Z,8eded6186a982a342e4ec69204b69937332fb5ab404d62d43c8026a460545d37
outputs/AURORA_TWETF/paper_tables_figures_manuscript_assets/run_20260624_142307/manuscript_assets/methods_summary.md,methods_summary.md,.md,800,2026-06-24T14:23:15Z,f51ddef153713eaeb67a59448d7415a3735aa30f0bbed4409d10fac5f690d048
outputs/AURORA_TWETF/paper_tables_figures_manuscript_assets/run_20260624_142307/manuscript_assets/results_summary.md,results_summary.md,.md,1079,2026-06-24T14:23:15Z,4acbe7c3395a778dff87c529a81ae76e7ad8fbd4a4b7308510a5ea693ed478f7
outputs/AURORA_TWETF/paper_tables_figures_manuscript_assets/run_20260624_142307/paper_figures/figure_final_drawdowns.png,figure_final_drawdowns.png,.png,341980,2026-06-24T14:23:15Z,f72a2c97e073b881ec55f4671d1a48f0b062aaec73a4212e069334ce47cd8df3
outputs/AURORA_TWETF/paper_tables_figures_manuscript_assets/run_20260624_142307/paper_figures/figure_final_equity_curves.png,figure_final_equity_curves.png,.png,309472,2026-06-24T14:23:14Z,8685fa684b365f284a353143d802dafdbb22acef1f71e8e620c226f6454efc4c
outputs/AURORA_TWETF/paper_tables_figures_manuscript_assets/run_20260624_142307/paper_figures/figure_final_max_drawdown_bar.png,figure_final_max_drawdown_bar.png,.png,123699,2026-06-24T14:23:15Z,fa73f6edd4de4c9eed040493a0667555ef833d03576ee5c5711ac887f5a4356a
outputs/AURORA_TWETF/paper_tables_figures_manuscript_assets/run_20260624_142307/paper_figures/figure_final_rolling_63d_sharpe.png,figure_final_rolling_63d_sharpe.png,.png,363492,2026-06-24T14:23:15Z,2f20a615454ba0c8801972cd7766dd74c57cf130fa990697e6b23de21656c6ad
outputs/AURORA_TWETF/paper_tables_figures_manuscript_assets/run_20260624_142307/paper_figures/figure_final_sharpe_bar.png,figure_final_sharpe_bar.png,.png,118032,2026-06-24T14:23:15Z,c30aa64b981688eb4aac76d9d5214ad02db75faf8a092ac093995f2899cf61e8
outputs/AURORA_TWETF/paper_tables_figures_manuscript_assets/run_20260624_142307/paper_figures/figure_final_statistical_difference_heatmap.png,figure_final_statistical_difference_heatmap.png,.png,171363,2026-06-24T14:23:15Z,5822bbb3dbdaae908ab636f8fc6b174ba1c2f3313408e924f01fb0731d4a6e1e
outputs/AURORA_TWETF/paper_tables_figures_manuscript_assets/run_20260624_142307/plots/figure_final_drawdowns.png,figure_final_drawdowns.png,.png,341980,2026-06-24T14:23:13Z,f72a2c97e073b881ec55f4671d1a48f0b062aaec73a4212e069334ce47cd8df3
outputs/AURORA_TWETF/paper_tables_figures_manuscript_assets/run_20260624_142307/plots/figure_final_equity_curves.png,figure_final_equity_curves.png,.png,309472,2026-06-24T14:23:12Z,8685fa684b365f284a353143d802dafdbb22acef1f71e8e620c226f6454efc4c
outputs/AURORA_TWETF/paper_tables_figures_manuscript_assets/run_20260624_142307/plots/figure_final_max_drawdown_bar.png,figure_final_max_drawdown_bar.png,.png,123699,2026-06-24T14:23:13Z,fa73f6edd4de4c9eed040493a0667555ef833d03576ee5c5711ac887f5a4356a
outputs/AURORA_TWETF/paper_tables_figures_manuscript_assets/run_20260624_142307/plots/figure_final_rolling_63d_sharpe.png,figure_final_rolling_63d_sharpe.png,.png,363492,2026-06-24T14:23:14Z,2f20a615454ba0c8801972cd7766dd74c57cf130fa990697e6b23de21656c6ad
outputs/AURORA_TWETF/paper_tables_figures_manuscript_assets/run_20260624_142307/plots/figure_final_sharpe_bar.png,figure_final_sharpe_bar.png,.png,118032,2026-06-24T14:23:13Z,c30aa64b981688eb4aac76d9d5214ad02db75faf8a092ac093995f2899cf61e8
outputs/AURORA_TWETF/paper_tables_figures_manuscript_assets/run_20260624_142307/plots/figure_final_statistical_difference_heatmap.png,figure_final_statistical_difference_heatmap.png,.png,171363,2026-06-24T14:23:14Z,5822bbb3dbdaae908ab636f8fc6b174ba1c2f3313408e924f01fb0731d4a6e1e
outputs/AURORA_TWETF/paper_tables_figures_manuscript_assets/run_20260624_142307/reports/AURORA_12_file_manifest_SHA256.csv,AURORA_12_file_manifest_SHA256.csv,.csv,4451,2026-06-24T14:23:15Z,29c889fa21e46b9d465cd5b94c269bc4d555c3b067a5a418e9fb7baa602bc18b
outputs/AURORA_TWETF/paper_tables_figures_manuscript_assets/run_20260624_142307/reports/AURORA_12_paper_assets_validation_report.json,AURORA_12_paper_assets_validation_report.json,.json,2703,2026-06-24T14:23:15Z,b03d40e4e3422ee08d2a8002ce8ca0ba23338fdef77c49e58fa87434855815e3
outputs/AURORA_TWETF/paper_tables_figures_manuscript_assets/run_20260624_142307/tables/paper_aurora10_uamv_b_configuration.csv,paper_aurora10_uamv_b_configuration.csv,.csv,585,2026-06-24T14:23:12Z,2c96d3c5726c0b792c00df339156071ebbc783173f96a7f2ee0dd3d22b54b1c1
outputs/AURORA_TWETF/paper_tables_figures_manuscript_assets/run_20260624_142307/tables/paper_figure_captions.csv,paper_figure_captions.csv,.csv,723,2026-06-24T14:23:15Z,3aad36df9ba0ea604a4d206ce3cb8856baabb6381b3aacc31b0afaeaf497e75e
outputs/AURORA_TWETF/paper_tables_figures_manuscript_assets/run_20260624_142307/tables/paper_final_evidence_summary.csv,paper_final_evidence_summary.csv,.csv,1118,2026-06-24T14:23:15Z,ed4b2a0d248822585fedf1b90fcbe84bbad9ceb05e2e8b2c8aa244a46d1ed366
outputs/AURORA_TWETF/paper_tables_figures_manuscript_assets/run_20260624_142307/tables/paper_final_performance_table.csv,paper_final_performance_table.csv,.csv,2488,2026-06-24T14:23:11Z,4e6c6a7c5b8a358fb6c237fb98af06e57fc4555254761d94eaafc583f38fdeb8
outputs/AURORA_TWETF/paper_tables_figures_manuscript_assets/run_20260624_142307/tables/paper_methodology_progression_table.csv,paper_methodology_progression_table.csv,.csv,1108,2026-06-24T14:23:12Z,15feddb6d95ec6db7f560ae8d5bb16d82601c52e46537b905becef42f0801cee
outputs/AURORA_TWETF/paper_tables_figures_manuscript_assets/run_20260624_142307/tables/paper_statistical_inference_table.csv,paper_statistical_inference_table.csv,.csv,4672,2026-06-24T14:23:11Z,9e97436d418d708868bab45e5baa83644631b3b464032ea6ead7851ceddd6870
outputs/AURORA_TWETF/probability_skill_observability_bootstrap_sensitivity/run_20260718_095752/tables/table_S25b_probability_skill_baselines.csv,table_S25b_probability_skill_baselines.csv,.csv,1,2026-07-18T09:57:56Z,01ba4719c80b6fe911b091a7c05124b64eeece964e09c058ef8f9805daca546b
outputs/AURORA_TWETF/probability_skill_observability_bootstrap_sensitivity/run_20260718_095752/tables/table_S25b_probability_skill_baselines_rounded.csv,table_S25b_probability_skill_baselines_rounded.csv,.csv,1,2026-07-18T09:57:56Z,01ba4719c80b6fe911b091a7c05124b64eeece964e09c058ef8f9805daca546b
outputs/AURORA_TWETF/probability_skill_observability_bootstrap_sensitivity/run_20260718_095752/tables/table_S41_feature_observability_lag_convention.csv,table_S41_feature_observability_lag_convention.csv,.csv,3128,2026-07-18T09:57:56Z,ac4ebf203afb2b7f0dedcae4d5e42622b4870e28a7fb28713513a70306663b7f
outputs/AURORA_TWETF/probability_skill_observability_bootstrap_sensitivity/run_20260718_101202/diagnostics/label_search_checked_TAIEX_regime_fixed_20d.csv,label_search_checked_TAIEX_regime_fixed_20d.csv,.csv,203,2026-07-18T10:12:05Z,ae8e33e9ced5944cefbef8925e140fff1bcb00d95e6b05eaaaea8e24e640b0e0
outputs/AURORA_TWETF/probability_skill_observability_bootstrap_sensitivity/run_20260718_101202/diagnostics/label_search_checked_TAIEX_regime_fixed_60d.csv,label_search_checked_TAIEX_regime_fixed_60d.csv,.csv,203,2026-07-18T10:12:05Z,ae8e33e9ced5944cefbef8925e140fff1bcb00d95e6b05eaaaea8e24e640b0e0
outputs/AURORA_TWETF/probability_skill_observability_bootstrap_sensitivity/run_20260718_101202/diagnostics/source_aware_return_file_search_checked.csv,source_aware_return_file_search_checked.csv,.csv,275,2026-07-18T10:12:32Z,c916837df70c81fa94ba3d88941e7e09d51eb755c7895e034affb141b512f941
outputs/AURORA_TWETF/probability_skill_observability_bootstrap_sensitivity/run_20260718_101202/reports/NOTEBOOK19_file_manifest_SHA256.csv,NOTEBOOK19_file_manifest_SHA256.csv,.csv,1789,2026-07-18T10:14:55Z,e07ee3eceb232ca41447cda6fe3a967b87e149c3473a1f28cb425511f2a762c0
outputs/AURORA_TWETF/probability_skill_observability_bootstrap_sensitivity/run_20260718_101202/reports/NOTEBOOK19_validation_report.json,NOTEBOOK19_validation_report.json,.json,4277,2026-07-18T10:14:55Z,15cb63307cbb566c337a7ae9a830c912104c1b2ed48fa271bfebeeae8cd6ce0c
outputs/AURORA_TWETF/probability_skill_observability_bootstrap_sensitivity/run_20260718_101202/tables/notebook19_interpretation_helper.csv,notebook19_interpretation_helper.csv,.csv,2697,2026-07-18T10:14:55Z,dc26ac6e53f208f4ba8fb0bbfc96e4114fe9cc88de03a17a15d1e1d749464bd3
outputs/AURORA_TWETF/probability_skill_observability_bootstrap_sensitivity/run_20260718_101202/tables/table_S25b_probability_skill_baselines.csv,table_S25b_probability_skill_baselines.csv,.csv,2394,2026-07-18T10:12:12Z,88556cc1060b63b698cca7bb5e671c355b4821aa88b380c77f2a08a250f6277a
outputs/AURORA_TWETF/probability_skill_observability_bootstrap_sensitivity/run_20260718_101202/tables/table_S25b_probability_skill_baselines_rounded.csv,table_S25b_probability_skill_baselines_rounded.csv,.csv,1701,2026-07-18T10:12:12Z,ca87e079736836394969d68ed11b2b186d18b13edbbb17138eeb26384982d70a
outputs/AURORA_TWETF/probability_skill_observability_bootstrap_sensitivity/run_20260718_101202/tables/table_S41_feature_observability_lag_convention.csv,table_S41_feature_observability_lag_convention.csv,.csv,3128,2026-07-18T10:12:12Z,ac4ebf203afb2b7f0dedcae4d5e42622b4870e28a7fb28713513a70306663b7f
outputs/AURORA_TWETF/probability_skill_observability_bootstrap_sensitivity/run_20260718_101202/tables/table_S42_bootstrap_block_length_sensitivity.csv,table_S42_bootstrap_block_length_sensitivity.csv,.csv,15916,2026-07-18T10:14:55Z,9567cd15716d243f2f52f59962a78840e35610068d5b7bda5c80af32a37917c4
outputs/AURORA_TWETF/probability_skill_observability_bootstrap_sensitivity/run_20260718_101202/tables/table_S42_bootstrap_block_length_sensitivity_rounded.csv,table_S42_bootstrap_block_length_sensitivity_rounded.csv,.csv,14481,2026-07-18T10:14:55Z,2a5f3ee37cbbea02d6b6d6e20ca5362a72adb161506b5cce33737c0e8b5b28ef
outputs/AURORA_TWETF/probability_skill_observability_bootstrap_sensitivity/run_20260718_101202/tables/table_S42b_bootstrap_block_length_summary.csv,table_S42b_bootstrap_block_length_summary.csv,.csv,1763,2026-07-18T10:14:55Z,4214a25f21a187b2c7cd1f8106d8bd69f7a57c1226737d7d400c23f98acf4515
outputs/AURORA_TWETF/probability_skill_observability_bootstrap_sensitivity/run_20260718_101202/tables/table_S42b_bootstrap_block_length_summary_rounded.csv,table_S42b_bootstrap_block_length_summary_rounded.csv,.csv,1763,2026-07-18T10:14:55Z,4214a25f21a187b2c7cd1f8106d8bd69f7a57c1226737d7d400c23f98acf4515
outputs/AURORA_TWETF/purged_walk_forward_models/run_20260624_031817/NOTEBOOK08_OR_ALLOCATION_INPUT_INDEX_PURGED_WF.csv,NOTEBOOK08_OR_ALLOCATION_INPUT_INDEX_PURGED_WF.csv,.csv,2250,2026-06-24T03:27:20Z,36d83eafe4e6f15f50062d40536e3dae7ba8adb61ec12485f12964eb73fa168e
outputs/AURORA_TWETF/purged_walk_forward_models/run_20260624_031817/aggregate_leaderboard_by_model.csv,aggregate_leaderboard_by_model.csv,.csv,58782,2026-06-24T03:27:20Z,7e17ecd4d4edd53b60e1a080e794dac039dcaa397070d2722dc15b10f4f682c2
outputs/AURORA_TWETF/purged_walk_forward_models/run_20260624_031817/aggregate_metrics_by_model.csv,aggregate_metrics_by_model.csv,.csv,52606,2026-06-24T03:27:20Z,5d96c75bc5dd7fa01767041aa8da703f000090035c0d4895ebc142fd632cffdb
outputs/AURORA_TWETF/purged_walk_forward_models/run_20260624_031817/calibration/temperature_scaling_calibration_summary.csv,temperature_scaling_calibration_summary.csv,.csv,44144,2026-06-24T03:27:16Z,cf58e842a5dcfa42015e688795e6b7f07833e8b368d958c1fbd1831ef87c20c8
outputs/AURORA_TWETF/purged_walk_forward_models/run_20260624_031817/leaderboard_test_by_fold.csv,leaderboard_test_by_fold.csv,.csv,83403,2026-06-24T03:27:20Z,8ff45ba29a55b73f124132144057ac8612f05424aade74ea16aab9847249dc65
outputs/AURORA_TWETF/purged_walk_forward_models/run_20260624_031817/leaderboard_validation_by_fold.csv,leaderboard_validation_by_fold.csv,.csv,85742,2026-06-24T03:27:20Z,1b58b316efb04891756e6011e74e3f64109a6edf97ee80fa112e8706fa7846ce
outputs/AURORA_TWETF/purged_walk_forward_models/run_20260624_031817/models/model_TAIEX_regime_fixed_20d_WF1_C1_calibrated_logistic_balanced.joblib,model_TAIEX_regime_fixed_20d_WF1_C1_calibrated_logistic_balanced.joblib,.joblib,139818,2026-06-24T03:19:07Z,a16eaf26fef90dbf2ca0547d435938b0364ffd5c773fb16df70bcc1f06688646
outputs/AURORA_TWETF/purged_walk_forward_models/run_20260624_031817/models/model_TAIEX_regime_fixed_20d_WF1_C2_calibrated_rf_balanced.joblib,model_TAIEX_regime_fixed_20d_WF1_C2_calibrated_rf_balanced.joblib,.joblib,2235002,2026-06-24T03:19:10Z,0f6049b7a3289b9aceeed3a9fc588890b841d145dff29cb9d6b0116cca357a65
outputs/AURORA_TWETF/purged_walk_forward_models/run_20260624_031817/models/model_TAIEX_regime_fixed_20d_WF1_C3_calibrated_lgbm_balanced.joblib,model_TAIEX_regime_fixed_20d_WF1_C3_calibrated_lgbm_balanced.joblib,.joblib,3214938,2026-06-24T03:19:15Z,e88aed2f4c2ffa95b28d204cd3e3da66bc54d0b243ac32c2544e76f1326ae326
outputs/AURORA_TWETF/purged_walk_forward_models/run_20260624_031817/models/model_TAIEX_regime_fixed_20d_WF1_C4_calibrated_xgb_multiclass.joblib,model_TAIEX_regime_fixed_20d_WF1_C4_calibrated_xgb_multiclass.joblib,.joblib,3838186,2026-06-24T03:19:40Z,d7566250e759c1802b3aebf41705d15d287765745aa0ecfe5f5f7efc9f26760b
outputs/AURORA_TWETF/purged_walk_forward_models/run_20260624_031817/models/model_TAIEX_regime_fixed_20d_WF1_M0_dummy_most_frequent.joblib,model_TAIEX_regime_fixed_20d_WF1_M0_dummy_most_frequent.joblib,.joblib,15705,2026-06-24T03:18:20Z,4f26a3f722dcd189bb2f9ac2dbe6a0466198a7c1cd95f0af31736aa72caffe4d
outputs/AURORA_TWETF/purged_walk_forward_models/run_20260624_031817/models/model_TAIEX_regime_fixed_20d_WF1_M0_dummy_stratified.joblib,model_TAIEX_regime_fixed_20d_WF1_M0_dummy_stratified.joblib,.joblib,15705,2026-06-24T03:18:20Z,9af187483767de3f214c2c45491f7c78b559cf4c702afea7cc17c9d1097103f4
outputs/AURORA_TWETF/purged_walk_forward_models/run_20260624_031817/models/model_TAIEX_regime_fixed_20d_WF1_M1_logistic_regression_balanced.joblib,model_TAIEX_regime_fixed_20d_WF1_M1_logistic_regression_balanced.joblib,.joblib,42913,2026-06-24T03:18:22Z,5693eafc0efa8f046590e337843143bb59dfcbe3062470d31a3b18b75d3ebd68
outputs/AURORA_TWETF/purged_walk_forward_models/run_20260624_031817/models/model_TAIEX_regime_fixed_20d_WF1_M2_random_forest_balanced.joblib,model_TAIEX_regime_fixed_20d_WF1_M2_random_forest_balanced.joblib,.joblib,1357850,2026-06-24T03:18:24Z,3b46e06667961d36e6be1d208e048fdff0948ae13b51636386ed32f9a1703257
outputs/AURORA_TWETF/purged_walk_forward_models/run_20260624_031817/models/model_TAIEX_regime_fixed_20d_WF1_M3_extra_trees_balanced.joblib,model_TAIEX_regime_fixed_20d_WF1_M3_extra_trees_balanced.joblib,.joblib,1784858,2026-06-24T03:18:25Z,6176cc8599e435ae26d63de692189a990fc3d0f2e641d74909d289aa8e7b45c5
outputs/AURORA_TWETF/purged_walk_forward_models/run_20260624_031817/models/model_TAIEX_regime_fixed_20d_WF1_M4_hist_gradient_boosting.joblib,model_TAIEX_regime_fixed_20d_WF1_M4_hist_gradient_boosting.joblib,.joblib,2274793,2026-06-24T03:18:31Z,7dc05bc490a2276dc1b9a51a63fa4c13766a99b85181c2fd8dab7af1b01b0c9d
outputs/AURORA_TWETF/purged_walk_forward_models/run_20260624_031817/models/model_TAIEX_regime_fixed_20d_WF1_M5_lightgbm_balanced.joblib,model_TAIEX_regime_fixed_20d_WF1_M5_lightgbm_balanced.joblib,.joblib,1904782,2026-06-24T03:18:35Z,47c38651333aea531392c3a2b40551d8a4304f0a6c80bc77b811e63ea937b821
outputs/AURORA_TWETF/purged_walk_forward_models/run_20260624_031817/models/model_TAIEX_regime_fixed_20d_WF1_M6_xgboost_multiclass.joblib,model_TAIEX_regime_fixed_20d_WF1_M6_xgboost_multiclass.joblib,.joblib,1570655,2026-06-24T03:18:46Z,73efc2ef8ce33a62994b0a9caec5be537ea4b9a24e31861dba61736996337505
outputs/AURORA_TWETF/purged_walk_forward_models/run_20260624_031817/models/model_TAIEX_regime_fixed_20d_WF1_O1_cumulative_logit_balanced.joblib,model_TAIEX_regime_fixed_20d_WF1_O1_cumulative_logit_balanced.joblib,.joblib,115807,2026-06-24T03:18:46Z,5c145495b0c8ee5df2954160f60306bb85476b7889c0ea16f6d39b0ff99b9f25
outputs/AURORA_TWETF/purged_walk_forward_models/run_20260624_031817/models/model_TAIEX_regime_fixed_20d_WF1_O2_cumulative_rf_balanced.joblib,model_TAIEX_regime_fixed_20d_WF1_O2_cumulative_rf_balanced.joblib,.joblib,2121584,2026-06-24T03:18:51Z,9d0d613fc3570fb87cd455fa86b4e397e9d8ace8e550170474493ffb953cee62
outputs/AURORA_TWETF/purged_walk_forward_models/run_20260624_031817/models/model_TAIEX_regime_fixed_20d_WF1_O3_cumulative_et_balanced.joblib,model_TAIEX_regime_fixed_20d_WF1_O3_cumulative_et_balanced.joblib,.joblib,2603328,2026-06-24T03:18:54Z,ff940f32d5e1c317bbdb8ac0b8e7a9199b43778858aedcaf48b019c0df5598f6
outputs/AURORA_TWETF/purged_walk_forward_models/run_20260624_031817/models/model_TAIEX_regime_fixed_20d_WF1_O4_cumulative_lgbm_balanced.joblib,model_TAIEX_regime_fixed_20d_WF1_O4_cumulative_lgbm_balanced.joblib,.joblib,1019996,2026-06-24T03:18:56Z,aa9359bab1b99a2d4924c740b41db574f5d8ccd26fb94db9017d32d40fae878c
outputs/AURORA_TWETF/purged_walk_forward_models/run_20260624_031817/models/model_TAIEX_regime_fixed_20d_WF1_R1_ridge_regression_to_ordinal.joblib,model_TAIEX_regime_fixed_20d_WF1_R1_ridge_regression_to_ordinal.joblib,.joblib,29515,2026-06-24T03:18:57Z,71d2750c2411ab10eca1adb313d51943a09196e5f7d410de567f359108d3ae70
outputs/AURORA_TWETF/purged_walk_forward_models/run_20260624_031817/models/model_TAIEX_regime_fixed_20d_WF1_R2_rf_regression_to_ordinal.joblib,model_TAIEX_regime_fixed_20d_WF1_R2_rf_regression_to_ordinal.joblib,.joblib,670956,2026-06-24T03:19:02Z,416f9ee897b45366c5a2628471eade07933bcbffdaf1dfe1bd93856f714e7dd1
outputs/AURORA_TWETF/purged_walk_forward_models/run_20260624_031817/models/model_TAIEX_regime_fixed_20d_WF1_R3_et_regression_to_ordinal.joblib,model_TAIEX_regime_fixed_20d_WF1_R3_et_regression_to_ordinal.joblib,.joblib,697164,2026-06-24T03:19:03Z,33e26326ec74f13d30ee1e6d8c08c7a232337c09040c5e76f2b37d7127bd244b
outputs/AURORA_TWETF/purged_walk_forward_models/run_20260624_031817/models/model_TAIEX_regime_fixed_20d_WF1_R4_lgbm_regression_to_ordinal.joblib,model_TAIEX_regime_fixed_20d_WF1_R4_lgbm_regression_to_ordinal.joblib,.joblib,216664,2026-06-24T03:19:04Z,1ade60f1c6e0a9f97b98c65a51b4f92ba1b64e5b74c0be904b85f88d9327fb3b
outputs/AURORA_TWETF/purged_walk_forward_models/run_20260624_031817/models/model_TAIEX_regime_fixed_20d_WF1_R5_xgb_regression_to_ordinal.joblib,model_TAIEX_regime_fixed_20d_WF1_R5_xgb_regression_to_ordinal.joblib,.joblib,308316,2026-06-24T03:19:06Z,ce26160c1cc48ebfcdcf7612cd6387694209584ffa6c7473fbb7e20db4e6ff4c
outputs/AURORA_TWETF/purged_walk_forward_models/run_20260624_031817/models/model_TAIEX_regime_fixed_20d_WF2_C1_calibrated_logistic_balanced.joblib,model_TAIEX_regime_fixed_20d_WF2_C1_calibrated_logistic_balanced.joblib,.joblib,139818,2026-06-24T03:20:33Z,412f79fdd71e9326b8cff951dc9df4e724df23d303e6e91ea6805217281b56bc
outputs/AURORA_TWETF/purged_walk_forward_models/run_20260624_031817/models/model_TAIEX_regime_fixed_20d_WF2_C2_calibrated_rf_balanced.joblib,model_TAIEX_regime_fixed_20d_WF2_C2_calibrated_rf_balanced.joblib,.joblib,2319242,2026-06-24T03:20:37Z,f863765dfb4ea90d60f87c16eb717e0ee814d673121555b7f865722290f983d3
outputs/AURORA_TWETF/purged_walk_forward_models/run_20260624_031817/models/model_TAIEX_regime_fixed_20d_WF2_C3_calibrated_lgbm_balanced.joblib,model_TAIEX_regime_fixed_20d_WF2_C3_calibrated_lgbm_balanced.joblib,.joblib,3324122,2026-06-24T03:20:43Z,b460b753ef3773bf99806871d6f1b0aee553a13f2c7362a032f9c7b2bd57314b
outputs/AURORA_TWETF/purged_walk_forward_models/run_20260624_031817/models/model_TAIEX_regime_fixed_20d_WF2_C4_calibrated_xgb_multiclass.joblib,model_TAIEX_regime_fixed_20d_WF2_C4_calibrated_xgb_multiclass.joblib,.joblib,3900090,2026-06-24T03:21:09Z,0dfd154ab79c5d8d7910f02a86d2b8064993ad4a4fda913385dd16a64b8a5518
outputs/AURORA_TWETF/purged_walk_forward_models/run_20260624_031817/models/model_TAIEX_regime_fixed_20d_WF2_M0_dummy_most_frequent.joblib,model_TAIEX_regime_fixed_20d_WF2_M0_dummy_most_frequent.joblib,.joblib,15705,2026-06-24T03:19:40Z,1ab217cd140dd36c6a6d9f891371a066d770d0ee1f381d14f5e43676f4371bba
outputs/AURORA_TWETF/purged_walk_forward_models/run_20260624_031817/models/model_TAIEX_regime_fixed_20d_WF2_M0_dummy_stratified.joblib,model_TAIEX_regime_fixed_20d_WF2_M0_dummy_stratified.joblib,.joblib,15705,2026-06-24T03:19:40Z,f98e11cc47d85af58869973a6c482387b033a1e5a68c79aab6b14c9e5c6c9e96
outputs/AURORA_TWETF/purged_walk_forward_models/run_20260624_031817/models/model_TAIEX_regime_fixed_20d_WF2_M1_logistic_regression_balanced.joblib,model_TAIEX_regime_fixed_20d_WF2_M1_logistic_regression_balanced.joblib,.joblib,42913,2026-06-24T03:19:44Z,93a0a68ae986a1fadbc91fc9525d432cb2dea13115708efc9ba651a13a56e71e
outputs/AURORA_TWETF/purged_walk_forward_models/run_20260624_031817/models/model_TAIEX_regime_fixed_20d_WF2_M2_random_forest_balanced.joblib,model_TAIEX_regime_fixed_20d_WF2_M2_random_forest_balanced.joblib,.joblib,1359306,2026-06-24T03:19:46Z,3b614fcd7a9e9d96d32e10fa94a6d36bf0550149835809cb3bdf2f15ad280b9b
outputs/AURORA_TWETF/purged_walk_forward_models/run_20260624_031817/models/model_TAIEX_regime_fixed_20d_WF2_M3_extra_trees_balanced.joblib,model_TAIEX_regime_fixed_20d_WF2_M3_extra_trees_balanced.joblib,.joblib,1888234,2026-06-24T03:19:47Z,6495c1e4e076049308f5f89ea854e430a6f88015065e77f9944e9f5dc56fd5fa
outputs/AURORA_TWETF/purged_walk_forward_models/run_20260624_031817/models/model_TAIEX_regime_fixed_20d_WF2_M4_hist_gradient_boosting.joblib,model_TAIEX_regime_fixed_20d_WF2_M4_hist_gradient_boosting.joblib,.joblib,2318697,2026-06-24T03:19:53Z,12de73ddadf273c95e0d222ffb622dbbb7c627511463c8d1c143645cfae2e52b
outputs/AURORA_TWETF/purged_walk_forward_models/run_20260624_031817/models/model_TAIEX_regime_fixed_20d_WF2_M5_lightgbm_balanced.joblib,model_TAIEX_regime_fixed_20d_WF2_M5_lightgbm_balanced.joblib,.joblib,2042798,2026-06-24T03:19:57Z,78e790455e1604c5e52715c3b1a13d0f16fc53add547d3739b78d4b2e233f18b
outputs/AURORA_TWETF/purged_walk_forward_models/run_20260624_031817/models/model_TAIEX_regime_fixed_20d_WF2_M6_xgboost_multiclass.joblib,model_TAIEX_regime_fixed_20d_WF2_M6_xgboost_multiclass.joblib,.joblib,1598768,2026-06-24T03:20:08Z,619d1ceec43e71d591135966cb5ec9a3eec71e3109ceaad8f05fdeb78a722ecb
outputs/AURORA_TWETF/purged_walk_forward_models/run_20260624_031817/models/model_TAIEX_regime_fixed_20d_WF2_O1_cumulative_logit_balanced.joblib,model_TAIEX_regime_fixed_20d_WF2_O1_cumulative_logit_balanced.joblib,.joblib,115807,2026-06-24T03:20:09Z,a2ea2427882eec91d83e6ceb7818978ef8c4e12d860815d25e036ea3247334f1
outputs/AURORA_TWETF/purged_walk_forward_models/run_20260624_031817/models/model_TAIEX_regime_fixed_20d_WF2_O2_cumulative_rf_balanced.joblib,model_TAIEX_regime_fixed_20d_WF2_O2_cumulative_rf_balanced.joblib,.joblib,2321104,2026-06-24T03:20:13Z,900490055852ac24b5711084e73e1bb3c703e75ce74b108a1ac70ca7f83df34f
outputs/AURORA_TWETF/purged_walk_forward_models/run_20260624_031817/models/model_TAIEX_regime_fixed_20d_WF2_O3_cumulative_et_balanced.joblib,model_TAIEX_regime_fixed_20d_WF2_O3_cumulative_et_balanced.joblib,.joblib,2878208,2026-06-24T03:20:17Z,25bdb97f889c85d0544f41ac8e52325febeb62c7060e66eb9f63273f3e801381
outputs/AURORA_TWETF/purged_walk_forward_models/run_20260624_031817/models/model_TAIEX_regime_fixed_20d_WF2_O4_cumulative_lgbm_balanced.joblib,model_TAIEX_regime_fixed_20d_WF2_O4_cumulative_lgbm_balanced.joblib,.joblib,1046316,2026-06-24T03:20:19Z,74e401f94a0192f5d8b5f29b542510bf17100dc25c8fc7a10b9b76f077d37b0b
outputs/AURORA_TWETF/purged_walk_forward_models/run_20260624_031817/models/model_TAIEX_regime_fixed_20d_WF2_R1_ridge_regression_to_ordinal.joblib,model_TAIEX_regime_fixed_20d_WF2_R1_ridge_regression_to_ordinal.joblib,.joblib,29515,2026-06-24T03:20:19Z,8dd5a0181fd3413d1091753ec0f39e32e725b6bc26df4ddd38585265dbc0ff90
outputs/AURORA_TWETF/purged_walk_forward_models/run_20260624_031817/models/model_TAIEX_regime_fixed_20d_WF2_R2_rf_regression_to_ordinal.joblib,model_TAIEX_regime_fixed_20d_WF2_R2_rf_regression_to_ordinal.joblib,.joblib,778236,2026-06-24T03:20:26Z,edfd6e91544c24ab9130fd747138cee86a075155bdf70894f166a7586759edbb
outputs/AURORA_TWETF/purged_walk_forward_models/run_20260624_031817/models/model_TAIEX_regime_fixed_20d_WF2_R3_et_regression_to_ordinal.joblib,model_TAIEX_regime_fixed_20d_WF2_R3_et_regression_to_ordinal.joblib,.joblib,743820,2026-06-24T03:20:27Z,a6aa0b9b9df97518edbd50e4fb697abb5b5f027b371feaa874960bbc98fbc9e6
outputs/AURORA_TWETF/purged_walk_forward_models/run_20260624_031817/models/model_TAIEX_regime_fixed_20d_WF2_R4_lgbm_regression_to_ordinal.joblib,model_TAIEX_regime_fixed_20d_WF2_R4_lgbm_regression_to_ordinal.joblib,.joblib,218091,2026-06-24T03:20:27Z,80c992dce35f521912e29639cca313a9c2a1c4f8d6c5a540785334a41d7aaa15
outputs/AURORA_TWETF/purged_walk_forward_models/run_20260624_031817/models/model_TAIEX_regime_fixed_20d_WF2_R5_xgb_regression_to_ordinal.joblib,model_TAIEX_regime_fixed_20d_WF2_R5_xgb_regression_to_ordinal.joblib,.joblib,307148,2026-06-24T03:20:29Z,71b1ad8c1d660bedbbe609337eef833b6ac31932279292f725434f1f1f87a6a2
outputs/AURORA_TWETF/purged_walk_forward_models/run_20260624_031817/models/model_TAIEX_regime_fixed_20d_WF3_C1_calibrated_logistic_balanced.joblib,model_TAIEX_regime_fixed_20d_WF3_C1_calibrated_logistic_balanced.joblib,.joblib,139818,2026-06-24T03:22:06Z,c18902217226c3afcde0582c5ce4fae99f23cd611c42ad80cf49299c5bed1f66
outputs/AURORA_TWETF/purged_walk_forward_models/run_20260624_031817/models/model_TAIEX_regime_fixed_20d_WF3_C2_calibrated_rf_balanced.joblib,model_TAIEX_regime_fixed_20d_WF3_C2_calibrated_rf_balanced.joblib,.joblib,2342538,2026-06-24T03:22:10Z,d29a4c9b222ec2fdd266bbeb546a823e4041a377bb0ccc268e528b3edde2650d
outputs/AURORA_TWETF/purged_walk_forward_models/run_20260624_031817/models/model_TAIEX_regime_fixed_20d_WF3_C3_calibrated_lgbm_balanced.joblib,model_TAIEX_regime_fixed_20d_WF3_C3_calibrated_lgbm_balanced.joblib,.joblib,3314186,2026-06-24T03:22:16Z,08589a50a7f946c30ef2e67059567d77a751a27ad62bc03e22e2508babe2ec9b
outputs/AURORA_TWETF/purged_walk_forward_models/run_20260624_031817/models/model_TAIEX_regime_fixed_20d_WF3_C4_calibrated_xgb_multiclass.joblib,model_TAIEX_regime_fixed_20d_WF3_C4_calibrated_xgb_multiclass.joblib,.joblib,3943418,2026-06-24T03:22:44Z,3d9d206140ced14fec3d2cf8607805981492f35474b0bb467b3bdc34e1902e2e
outputs/AURORA_TWETF/purged_walk_forward_models/run_20260624_031817/models/model_TAIEX_regime_fixed_20d_WF3_M0_dummy_most_frequent.joblib,model_TAIEX_regime_fixed_20d_WF3_M0_dummy_most_frequent.joblib,.joblib,15705,2026-06-24T03:21:09Z,83cc5136cbd88b27a3fa4614f576546a970c3f5c9f247ac4943492d4a4d9f8cb
outputs/AURORA_TWETF/purged_walk_forward_models/run_20260624_031817/models/model_TAIEX_regime_fixed_20d_WF3_M0_dummy_stratified.joblib,model_TAIEX_regime_fixed_20d_WF3_M0_dummy_stratified.joblib,.joblib,15705,2026-06-24T03:21:09Z,22be5e9bc4e8725ba94be51a316863de684df460c39cab52e6d1264fa214d334
outputs/AURORA_TWETF/purged_walk_forward_models/run_20260624_031817/models/model_TAIEX_regime_fixed_20d_WF3_M1_logistic_regression_balanced.joblib,model_TAIEX_regime_fixed_20d_WF3_M1_logistic_regression_balanced.joblib,.joblib,42913,2026-06-24T03:21:13Z,4fd6f9bf8e1bf8d66d7ef056b21615ff73be2193b62b0be4ab4b519b9463f66b
outputs/AURORA_TWETF/purged_walk_forward_models/run_20260624_031817/models/model_TAIEX_regime_fixed_20d_WF3_M2_random_forest_balanced.joblib,model_TAIEX_regime_fixed_20d_WF3_M2_random_forest_balanced.joblib,.joblib,1341002,2026-06-24T03:21:14Z,f54aac2577453c73540868af698f5a0087cda8e3f208cf82153d52ca08225d23
outputs/AURORA_TWETF/purged_walk_forward_models/run_20260624_031817/models/model_TAIEX_regime_fixed_20d_WF3_M3_extra_trees_balanced.joblib,model_TAIEX_regime_fixed_20d_WF3_M3_extra_trees_balanced.joblib,.joblib,1892394,2026-06-24T03:21:15Z,1a267c1b9b6807feeed5b5bce3d3c78cbd32a882ba79e7d1e177d53c5d98c265
outputs/AURORA_TWETF/purged_walk_forward_models/run_20260624_031817/models/model_TAIEX_regime_fixed_20d_WF3_M4_hist_gradient_boosting.joblib,model_TAIEX_regime_fixed_20d_WF3_M4_hist_gradient_boosting.joblib,.joblib,2361257,2026-06-24T03:21:22Z,2fc2bd79fbc5d43e7954ec241221145929e49933e8cbd0197757f083953014fe
outputs/AURORA_TWETF/purged_walk_forward_models/run_20260624_031817/models/model_TAIEX_regime_fixed_20d_WF3_M5_lightgbm_balanced.joblib,model_TAIEX_regime_fixed_20d_WF3_M5_lightgbm_balanced.joblib,.joblib,2054030,2026-06-24T03:21:26Z,7ec0e281cc6e64f9e951fd9f08b71acc369395d7c48d7d6501cfe455e604b128
outputs/AURORA_TWETF/purged_walk_forward_models/run_20260624_031817/models/model_TAIEX_regime_fixed_20d_WF3_M6_xgboost_multiclass.joblib,model_TAIEX_regime_fixed_20d_WF3_M6_xgboost_multiclass.joblib,.joblib,1613256,2026-06-24T03:21:38Z,8325ea2feb3421db2cc50535c0373b55f69f67e3759d50956e54ee96e3a953d3
outputs/AURORA_TWETF/purged_walk_forward_models/run_20260624_031817/models/model_TAIEX_regime_fixed_20d_WF3_O1_cumulative_logit_balanced.joblib,model_TAIEX_regime_fixed_20d_WF3_O1_cumulative_logit_balanced.joblib,.joblib,115807,2026-06-24T03:21:39Z,1d2ece78409d86dbfab1063b54bc990003d5d34de17c2866fa8690c7312f1781
outputs/AURORA_TWETF/purged_walk_forward_models/run_20260624_031817/models/model_TAIEX_regime_fixed_20d_WF3_O2_cumulative_rf_balanced.joblib,model_TAIEX_regime_fixed_20d_WF3_O2_cumulative_rf_balanced.joblib,.joblib,2419184,2026-06-24T03:21:44Z,3611364edfe9776b14a13aac82eac1067af46d39e0f9f792e4fd8a54714fa466
outputs/AURORA_TWETF/purged_walk_forward_models/run_20260624_031817/models/model_TAIEX_regime_fixed_20d_WF3_O3_cumulative_et_balanced.joblib,model_TAIEX_regime_fixed_20d_WF3_O3_cumulative_et_balanced.joblib,.joblib,2951168,2026-06-24T03:21:47Z,2001e0170a7d807c4be20410756ebaa3be9552dac1590c2044926d1dd864c682
outputs/AURORA_TWETF/purged_walk_forward_models/run_20260624_031817/models/model_TAIEX_regime_fixed_20d_WF3_O4_cumulative_lgbm_balanced.joblib,model_TAIEX_regime_fixed_20d_WF3_O4_cumulative_lgbm_balanced.joblib,.joblib,1049324,2026-06-24T03:21:50Z,7274246de8cca83e1722d67f263f9d7252650d25d5bf0cb08cfef98a480473e9
outputs/AURORA_TWETF/purged_walk_forward_models/run_20260624_031817/models/model_TAIEX_regime_fixed_20d_WF3_R1_ridge_regression_to_ordinal.joblib,model_TAIEX_regime_fixed_20d_WF3_R1_ridge_regression_to_ordinal.joblib,.joblib,29515,2026-06-24T03:21:50Z,83a62c097d58b31da736e8dda8742222e7829c52034a6ce24d24a56c12c840d0
outputs/AURORA_TWETF/purged_walk_forward_models/run_20260624_031817/models/model_TAIEX_regime_fixed_20d_WF3_R2_rf_regression_to_ordinal.joblib,model_TAIEX_regime_fixed_20d_WF3_R2_rf_regression_to_ordinal.joblib,.joblib,747996,2026-06-24T03:21:57Z,d421ee22d9234cccf57fbf3543d445ee33e8cdf38f16f3dd2c5b0e83cd18c744
outputs/AURORA_TWETF/purged_walk_forward_models/run_20260624_031817/models/model_TAIEX_regime_fixed_20d_WF3_R3_et_regression_to_ordinal.joblib,model_TAIEX_regime_fixed_20d_WF3_R3_et_regression_to_ordinal.joblib,.joblib,726828,2026-06-24T03:21:58Z,2de6e899d0e8ad7bd15dd74ed4715a1e7d8ef626c10eb05cd1bf31b007382470
outputs/AURORA_TWETF/purged_walk_forward_models/run_20260624_031817/models/model_TAIEX_regime_fixed_20d_WF3_R4_lgbm_regression_to_ordinal.joblib,model_TAIEX_regime_fixed_20d_WF3_R4_lgbm_regression_to_ordinal.joblib,.joblib,223056,2026-06-24T03:21:59Z,761d8e27da857b04f27a64a4e58021631e1bfe74288b75f8d64ae6b80654724a
outputs/AURORA_TWETF/purged_walk_forward_models/run_20260624_031817/models/model_TAIEX_regime_fixed_20d_WF3_R5_xgb_regression_to_ordinal.joblib,model_TAIEX_regime_fixed_20d_WF3_R5_xgb_regression_to_ordinal.joblib,.joblib,308184,2026-06-24T03:22:02Z,8f20fdaf7a8534399627957cdc8e40d23cb7b66b105977dd26b74ecabcac25bd
outputs/AURORA_TWETF/purged_walk_forward_models/run_20260624_031817/models/model_TAIEX_regime_fixed_60d_WF1_C1_calibrated_logistic_balanced.joblib,model_TAIEX_regime_fixed_60d_WF1_C1_calibrated_logistic_balanced.joblib,.joblib,139818,2026-06-24T03:23:33Z,3a7384de5ddab23c0da46a53ea8d457692e6a0b9d0f7c95ecbbd97a4ddb46be6
outputs/AURORA_TWETF/purged_walk_forward_models/run_20260624_031817/models/model_TAIEX_regime_fixed_60d_WF1_C2_calibrated_rf_balanced.joblib,model_TAIEX_regime_fixed_60d_WF1_C2_calibrated_rf_balanced.joblib,.joblib,2855466,2026-06-24T03:23:37Z,d1f4a7d179e47334e5952f04d44c0c6200103a3fc94bfb3abaaf8c49372c9cec
outputs/AURORA_TWETF/purged_walk_forward_models/run_20260624_031817/models/model_TAIEX_regime_fixed_60d_WF1_C3_calibrated_lgbm_balanced.joblib,model_TAIEX_regime_fixed_60d_WF1_C3_calibrated_lgbm_balanced.joblib,.joblib,3369722,2026-06-24T03:23:42Z,5a4242571c464a3a969aad0a2d661dc23754db54c5bc5efb467146bf964f594c
outputs/AURORA_TWETF/purged_walk_forward_models/run_20260624_031817/models/model_TAIEX_regime_fixed_60d_WF1_C4_calibrated_xgb_multiclass.joblib,model_TAIEX_regime_fixed_60d_WF1_C4_calibrated_xgb_multiclass.joblib,.joblib,4007194,2026-06-24T03:24:09Z,29ffa509469755f7a657b90a701d17805dc940cf7785450346885a4b673c43ff
outputs/AURORA_TWETF/purged_walk_forward_models/run_20260624_031817/models/model_TAIEX_regime_fixed_60d_WF1_M0_dummy_most_frequent.joblib,model_TAIEX_regime_fixed_60d_WF1_M0_dummy_most_frequent.joblib,.joblib,15705,2026-06-24T03:22:44Z,3434600d58d91da974d515835132c482e3daef85bd0b41fd84598c56b6095d69
outputs/AURORA_TWETF/purged_walk_forward_models/run_20260624_031817/models/model_TAIEX_regime_fixed_60d_WF1_M0_dummy_stratified.joblib,model_TAIEX_regime_fixed_60d_WF1_M0_dummy_stratified.joblib,.joblib,15705,2026-06-24T03:22:44Z,ed1feec66bdaa47fcd3c36fe2f725b901d0408880ca625adb195529052ba42fc
outputs/AURORA_TWETF/purged_walk_forward_models/run_20260624_031817/models/model_TAIEX_regime_fixed_60d_WF1_M1_logistic_regression_balanced.joblib,model_TAIEX_regime_fixed_60d_WF1_M1_logistic_regression_balanced.joblib,.joblib,42913,2026-06-24T03:22:45Z,70325ccdfda2a08873ece724637337977e2800e7dc6d014eef00b66fb848f4bc
outputs/AURORA_TWETF/purged_walk_forward_models/run_20260624_031817/models/model_TAIEX_regime_fixed_60d_WF1_M2_random_forest_balanced.joblib,model_TAIEX_regime_fixed_60d_WF1_M2_random_forest_balanced.joblib,.joblib,1735370,2026-06-24T03:22:47Z,dff72e15c0c3f1163a04c4eb4621ac86616f73d4b824739208701133a9bc65e3
outputs/AURORA_TWETF/purged_walk_forward_models/run_20260624_031817/models/model_TAIEX_regime_fixed_60d_WF1_M3_extra_trees_balanced.joblib,model_TAIEX_regime_fixed_60d_WF1_M3_extra_trees_balanced.joblib,.joblib,1893850,2026-06-24T03:22:48Z,f549c169bf669acf90bcc361ef72d663ddf6f273c00e8f1e3187e330015783eb
outputs/AURORA_TWETF/purged_walk_forward_models/run_20260624_031817/models/model_TAIEX_regime_fixed_60d_WF1_M4_hist_gradient_boosting.joblib,model_TAIEX_regime_fixed_60d_WF1_M4_hist_gradient_boosting.joblib,.joblib,2478633,2026-06-24T03:22:55Z,7c00d1e62ab75343a17f583791c38cb17a00ab526d22290412110d2cbe9f0d0b
outputs/AURORA_TWETF/purged_walk_forward_models/run_20260624_031817/models/model_TAIEX_regime_fixed_60d_WF1_M5_lightgbm_balanced.joblib,model_TAIEX_regime_fixed_60d_WF1_M5_lightgbm_balanced.joblib,.joblib,1993694,2026-06-24T03:22:59Z,69e4a7808022b47b9849cfee920fa77df6b0fbe56f9d70bce613cb728a04ea8c
outputs/AURORA_TWETF/purged_walk_forward_models/run_20260624_031817/models/model_TAIEX_regime_fixed_60d_WF1_M6_xgboost_multiclass.joblib,model_TAIEX_regime_fixed_60d_WF1_M6_xgboost_multiclass.joblib,.joblib,1659541,2026-06-24T03:23:12Z,069df9d350f1fbca9957c3261e9a0259526e15972ba6ba35879570c5c06c311b
outputs/AURORA_TWETF/purged_walk_forward_models/run_20260624_031817/models/model_TAIEX_regime_fixed_60d_WF1_O1_cumulative_logit_balanced.joblib,model_TAIEX_regime_fixed_60d_WF1_O1_cumulative_logit_balanced.joblib,.joblib,115807,2026-06-24T03:23:12Z,8d6d3c987ba003855f69bf898614353e780c1ee305700192460a722a61e72cf0
outputs/AURORA_TWETF/purged_walk_forward_models/run_20260624_031817/models/model_TAIEX_regime_fixed_60d_WF1_O2_cumulative_rf_balanced.joblib,model_TAIEX_regime_fixed_60d_WF1_O2_cumulative_rf_balanced.joblib,.joblib,2465424,2026-06-24T03:23:17Z,262598ec3821a02e0b81dfb59a40f7fca0b022def3cb3aca125f67885bd4ac0f
outputs/AURORA_TWETF/purged_walk_forward_models/run_20260624_031817/models/model_TAIEX_regime_fixed_60d_WF1_O3_cumulative_et_balanced.joblib,model_TAIEX_regime_fixed_60d_WF1_O3_cumulative_et_balanced.joblib,.joblib,3039648,2026-06-24T03:23:20Z,51c518ba22242a55669601b4f171bd0a8f41b699047d0338c46094eae3a32209
outputs/AURORA_TWETF/purged_walk_forward_models/run_20260624_031817/models/model_TAIEX_regime_fixed_60d_WF1_O4_cumulative_lgbm_balanced.joblib,model_TAIEX_regime_fixed_60d_WF1_O4_cumulative_lgbm_balanced.joblib,.joblib,1031820,2026-06-24T03:23:23Z,822e7e2af18f4e6a05278fb62b97350e4a713b6dbbc29821b00d5378c81dfba6
outputs/AURORA_TWETF/purged_walk_forward_models/run_20260624_031817/models/model_TAIEX_regime_fixed_60d_WF1_R1_ridge_regression_to_ordinal.joblib,model_TAIEX_regime_fixed_60d_WF1_R1_ridge_regression_to_ordinal.joblib,.joblib,29515,2026-06-24T03:23:23Z,d10e2633786e4b10aa422d5f39eb2a8c19d7c9c11a59ed6764bd89be0e854457
outputs/AURORA_TWETF/purged_walk_forward_models/run_20260624_031817/models/model_TAIEX_regime_fixed_60d_WF1_R2_rf_regression_to_ordinal.joblib,model_TAIEX_regime_fixed_60d_WF1_R2_rf_regression_to_ordinal.joblib,.joblib,775356,2026-06-24T03:23:28Z,7867458f6c5ef5f4fe34c604408e6c4232fa840550c95ac0478a38ecb5418087
outputs/AURORA_TWETF/purged_walk_forward_models/run_20260624_031817/models/model_TAIEX_regime_fixed_60d_WF1_R3_et_regression_to_ordinal.joblib,model_TAIEX_regime_fixed_60d_WF1_R3_et_regression_to_ordinal.joblib,.joblib,851676,2026-06-24T03:23:29Z,8242574b7f8b289b97b2b38ccf64403bb92157ea2e4334b9cbbfcbf69ba8310a
outputs/AURORA_TWETF/purged_walk_forward_models/run_20260624_031817/models/model_TAIEX_regime_fixed_60d_WF1_R4_lgbm_regression_to_ordinal.joblib,model_TAIEX_regime_fixed_60d_WF1_R4_lgbm_regression_to_ordinal.joblib,.joblib,222399,2026-06-24T03:23:30Z,78ad0d02124583d9e434f539f7dc127f1520fc132ff6a6bddd3f832a2cbc39cc
outputs/AURORA_TWETF/purged_walk_forward_models/run_20260624_031817/models/model_TAIEX_regime_fixed_60d_WF1_R5_xgb_regression_to_ordinal.joblib,model_TAIEX_regime_fixed_60d_WF1_R5_xgb_regression_to_ordinal.joblib,.joblib,309543,2026-06-24T03:23:32Z,831a52e975b15e4e427beab28372d37c5bd4518037669a591b89453e1c903d3f
outputs/AURORA_TWETF/purged_walk_forward_models/run_20260624_031817/models/model_TAIEX_regime_fixed_60d_WF2_C1_calibrated_logistic_balanced.joblib,model_TAIEX_regime_fixed_60d_WF2_C1_calibrated_logistic_balanced.joblib,.joblib,139818,2026-06-24T03:25:02Z,634d0600bfb9920bc70edf0076dfc7028517092f58decd956e57b6bcfc02a591
outputs/AURORA_TWETF/purged_walk_forward_models/run_20260624_031817/models/model_TAIEX_regime_fixed_60d_WF2_C2_calibrated_rf_balanced.joblib,model_TAIEX_regime_fixed_60d_WF2_C2_calibrated_rf_balanced.joblib,.joblib,2998986,2026-06-24T03:25:06Z,043c65937b6c6e93ded5caac6f1521d5c22342aeb4d1a016ea39c4eeb11219e7
outputs/AURORA_TWETF/purged_walk_forward_models/run_20260624_031817/models/model_TAIEX_regime_fixed_60d_WF2_C3_calibrated_lgbm_balanced.joblib,model_TAIEX_regime_fixed_60d_WF2_C3_calibrated_lgbm_balanced.joblib,.joblib,3425530,2026-06-24T03:25:12Z,bfac8c13efdd7b304d4a9094425d0e9aaf88af10c1180012823abe5cda5a5298
outputs/AURORA_TWETF/purged_walk_forward_models/run_20260624_031817/models/model_TAIEX_regime_fixed_60d_WF2_C4_calibrated_xgb_multiclass.joblib,model_TAIEX_regime_fixed_60d_WF2_C4_calibrated_xgb_multiclass.joblib,.joblib,4027402,2026-06-24T03:25:39Z,c8fc2e817608eb9e82162adaea17a781119772ec862267e52863888c4731e726
outputs/AURORA_TWETF/purged_walk_forward_models/run_20260624_031817/models/model_TAIEX_regime_fixed_60d_WF2_M0_dummy_most_frequent.joblib,model_TAIEX_regime_fixed_60d_WF2_M0_dummy_most_frequent.joblib,.joblib,15705,2026-06-24T03:24:09Z,8bda8534ba896a4f0c0334976d75dc3d3d635e8d2d98dbd1c647d9d379331ced
outputs/AURORA_TWETF/purged_walk_forward_models/run_20260624_031817/models/model_TAIEX_regime_fixed_60d_WF2_M0_dummy_stratified.joblib,model_TAIEX_regime_fixed_60d_WF2_M0_dummy_stratified.joblib,.joblib,15705,2026-06-24T03:24:09Z,842f1c25562c8eeb9fa72a97fa8a82d5565ceee4639ff223353a736436bc65b9
outputs/AURORA_TWETF/purged_walk_forward_models/run_20260624_031817/models/model_TAIEX_regime_fixed_60d_WF2_M1_logistic_regression_balanced.joblib,model_TAIEX_regime_fixed_60d_WF2_M1_logistic_regression_balanced.joblib,.joblib,42913,2026-06-24T03:24:12Z,7369e9b7eaa2092dba31cddde0b3237665945b6385515d1dc577b83aecf5ca58
outputs/AURORA_TWETF/purged_walk_forward_models/run_20260624_031817/models/model_TAIEX_regime_fixed_60d_WF2_M2_random_forest_balanced.joblib,model_TAIEX_regime_fixed_60d_WF2_M2_random_forest_balanced.joblib,.joblib,1724346,2026-06-24T03:24:14Z,5d90f1608aa754f39890567e1278d7ba8f72fc55dcd57af92d5029546eb974c1
outputs/AURORA_TWETF/purged_walk_forward_models/run_20260624_031817/models/model_TAIEX_regime_fixed_60d_WF2_M3_extra_trees_balanced.joblib,model_TAIEX_regime_fixed_60d_WF2_M3_extra_trees_balanced.joblib,.joblib,1957290,2026-06-24T03:24:15Z,b37b307d7007d75aa0178a0fcaa312280e6070dd8b3c10694de773bae37ffb52
outputs/AURORA_TWETF/purged_walk_forward_models/run_20260624_031817/models/model_TAIEX_regime_fixed_60d_WF2_M4_hist_gradient_boosting.joblib,model_TAIEX_regime_fixed_60d_WF2_M4_hist_gradient_boosting.joblib,.joblib,2528025,2026-06-24T03:24:21Z,ce08861ccfcce41c5f03dda9d01a2a11a03ef363b8fcd3387986c0b2beaf9e2c
outputs/AURORA_TWETF/purged_walk_forward_models/run_20260624_031817/models/model_TAIEX_regime_fixed_60d_WF2_M5_lightgbm_balanced.joblib,model_TAIEX_regime_fixed_60d_WF2_M5_lightgbm_balanced.joblib,.joblib,2050798,2026-06-24T03:24:25Z,8f9ba6c9a7de63ece7185f8d4c1e10374b8b5ec3756bad42e7ada7499a3f39a1
outputs/AURORA_TWETF/purged_walk_forward_models/run_20260624_031817/models/model_TAIEX_regime_fixed_60d_WF2_M6_xgboost_multiclass.joblib,model_TAIEX_regime_fixed_60d_WF2_M6_xgboost_multiclass.joblib,.joblib,1673261,2026-06-24T03:24:37Z,161e0419a92ed6d0086f715be7f248ba384235fbdd821fbaab0d5589c2695e86
outputs/AURORA_TWETF/purged_walk_forward_models/run_20260624_031817/models/model_TAIEX_regime_fixed_60d_WF2_O1_cumulative_logit_balanced.joblib,model_TAIEX_regime_fixed_60d_WF2_O1_cumulative_logit_balanced.joblib,.joblib,115807,2026-06-24T03:24:38Z,09db20ae36deaa5347e3b4e435423d34f2522cef0d657cac15b85e2e9ba39016
outputs/AURORA_TWETF/purged_walk_forward_models/run_20260624_031817/models/model_TAIEX_regime_fixed_60d_WF2_O2_cumulative_rf_balanced.joblib,model_TAIEX_regime_fixed_60d_WF2_O2_cumulative_rf_balanced.joblib,.joblib,2692304,2026-06-24T03:24:43Z,925960169010112bf38b1b459501434f20bf5b1e021739eda876fa303c030fca
outputs/AURORA_TWETF/purged_walk_forward_models/run_20260624_031817/models/model_TAIEX_regime_fixed_60d_WF2_O3_cumulative_et_balanced.joblib,model_TAIEX_regime_fixed_60d_WF2_O3_cumulative_et_balanced.joblib,.joblib,3129408,2026-06-24T03:24:46Z,825ec686d86144d8b62f8cf0b992313b4e49c5fc517c87776ae6d3ddfac26995
outputs/AURORA_TWETF/purged_walk_forward_models/run_20260624_031817/models/model_TAIEX_regime_fixed_60d_WF2_O4_cumulative_lgbm_balanced.joblib,model_TAIEX_regime_fixed_60d_WF2_O4_cumulative_lgbm_balanced.joblib,.joblib,1055548,2026-06-24T03:24:48Z,f1f019a427c29a72ec20012d3e52982345232683e6f4ce7439fa7825631827a0
outputs/AURORA_TWETF/purged_walk_forward_models/run_20260624_031817/models/model_TAIEX_regime_fixed_60d_WF2_R1_ridge_regression_to_ordinal.joblib,model_TAIEX_regime_fixed_60d_WF2_R1_ridge_regression_to_ordinal.joblib,.joblib,29515,2026-06-24T03:24:49Z,58fce2d2b7c27ff74ad97264286208ad210dd90e7442d80e5a7a962c5027da9f
outputs/AURORA_TWETF/purged_walk_forward_models/run_20260624_031817/models/model_TAIEX_regime_fixed_60d_WF2_R2_rf_regression_to_ordinal.joblib,model_TAIEX_regime_fixed_60d_WF2_R2_rf_regression_to_ordinal.joblib,.joblib,852396,2026-06-24T03:24:55Z,98805e8d102a5d19401c8cc63e55a4385c75fc7a09ef8a7de69b61a42e13a3dd
outputs/AURORA_TWETF/purged_walk_forward_models/run_20260624_031817/models/model_TAIEX_regime_fixed_60d_WF2_R3_et_regression_to_ordinal.joblib,model_TAIEX_regime_fixed_60d_WF2_R3_et_regression_to_ordinal.joblib,.joblib,939516,2026-06-24T03:24:56Z,600827985c729fd0e9d9e79687262f80732d10161b16e203b07d39cfacb4aa09
outputs/AURORA_TWETF/purged_walk_forward_models/run_20260624_031817/models/model_TAIEX_regime_fixed_60d_WF2_R4_lgbm_regression_to_ordinal.joblib,model_TAIEX_regime_fixed_60d_WF2_R4_lgbm_regression_to_ordinal.joblib,.joblib,229207,2026-06-24T03:24:57Z,09d67ea95b8fac4804946978a6bfa1a3b1aaff250210324f768d9f46cf3480fd
outputs/AURORA_TWETF/purged_walk_forward_models/run_20260624_031817/models/model_TAIEX_regime_fixed_60d_WF2_R5_xgb_regression_to_ordinal.joblib,model_TAIEX_regime_fixed_60d_WF2_R5_xgb_regression_to_ordinal.joblib,.joblib,310560,2026-06-24T03:24:59Z,4c87beb3d439cd86b4769a0aa2aec07b88048e23cb4335aaa3a7f30a75eb3082
outputs/AURORA_TWETF/purged_walk_forward_models/run_20260624_031817/models/model_TAIEX_regime_fixed_60d_WF3_C1_calibrated_logistic_balanced.joblib,model_TAIEX_regime_fixed_60d_WF3_C1_calibrated_logistic_balanced.joblib,.joblib,139818,2026-06-24T03:26:36Z,d9cbc5340214c888ec9cf04ab5109b5261c87d0d521103996fc1d67785ccaf2d
outputs/AURORA_TWETF/purged_walk_forward_models/run_20260624_031817/models/model_TAIEX_regime_fixed_60d_WF3_C2_calibrated_rf_balanced.joblib,model_TAIEX_regime_fixed_60d_WF3_C2_calibrated_rf_balanced.joblib,.joblib,3060762,2026-06-24T03:26:40Z,31ab36de2df3db2793a992fa70e729bc307e834b16c6bd38aebb5eebd9f314fd
outputs/AURORA_TWETF/purged_walk_forward_models/run_20260624_031817/models/model_TAIEX_regime_fixed_60d_WF3_C3_calibrated_lgbm_balanced.joblib,model_TAIEX_regime_fixed_60d_WF3_C3_calibrated_lgbm_balanced.joblib,.joblib,3381194,2026-06-24T03:26:46Z,730577d2f179de1666e8f6ebf915e35b18abf0159cf58eb93c6e982f64ba01a5
outputs/AURORA_TWETF/purged_walk_forward_models/run_20260624_031817/models/model_TAIEX_regime_fixed_60d_WF3_C4_calibrated_xgb_multiclass.joblib,model_TAIEX_regime_fixed_60d_WF3_C4_calibrated_xgb_multiclass.joblib,.joblib,4077690,2026-06-24T03:27:15Z,fe791b83309372f6049dd26f024307d0a142578fb20eb093f2e825a373494480
outputs/AURORA_TWETF/purged_walk_forward_models/run_20260624_031817/models/model_TAIEX_regime_fixed_60d_WF3_M0_dummy_most_frequent.joblib,model_TAIEX_regime_fixed_60d_WF3_M0_dummy_most_frequent.joblib,.joblib,15705,2026-06-24T03:25:40Z,e6fe34b17e3d7b7339873fd494991026a406e78195a0c098b1bbe2557a499d44
outputs/AURORA_TWETF/purged_walk_forward_models/run_20260624_031817/models/model_TAIEX_regime_fixed_60d_WF3_M0_dummy_stratified.joblib,model_TAIEX_regime_fixed_60d_WF3_M0_dummy_stratified.joblib,.joblib,15705,2026-06-24T03:25:40Z,e141566cc90c1deff31620a1862802654406ec2292d9e3e8ba84b56813b6524d
outputs/AURORA_TWETF/purged_walk_forward_models/run_20260624_031817/models/model_TAIEX_regime_fixed_60d_WF3_M1_logistic_regression_balanced.joblib,model_TAIEX_regime_fixed_60d_WF3_M1_logistic_regression_balanced.joblib,.joblib,42913,2026-06-24T03:25:43Z,e53c127ee781dd66b62565ba51d295fbd86b3e5b75a0e457db1813df23ed34a4
outputs/AURORA_TWETF/purged_walk_forward_models/run_20260624_031817/models/model_TAIEX_regime_fixed_60d_WF3_M2_random_forest_balanced.joblib,model_TAIEX_regime_fixed_60d_WF3_M2_random_forest_balanced.joblib,.joblib,1807338,2026-06-24T03:25:44Z,9887cac93a585a53a8e46c5c0c14af138d34ab18ba6ca407ced504d09e09cc19
outputs/AURORA_TWETF/purged_walk_forward_models/run_20260624_031817/models/model_TAIEX_regime_fixed_60d_WF3_M3_extra_trees_balanced.joblib,model_TAIEX_regime_fixed_60d_WF3_M3_extra_trees_balanced.joblib,.joblib,2026346,2026-06-24T03:25:45Z,070e412771d93e6b5ecda0deacde5be403dd3535d297041e3666a394ae867109
outputs/AURORA_TWETF/purged_walk_forward_models/run_20260624_031817/models/model_TAIEX_regime_fixed_60d_WF3_M4_hist_gradient_boosting.joblib,model_TAIEX_regime_fixed_60d_WF3_M4_hist_gradient_boosting.joblib,.joblib,2551209,2026-06-24T03:25:53Z,f56ba608da50a4a77097898e4f2753bac194f4763b87489b1c99e749ddc15f4e
outputs/AURORA_TWETF/purged_walk_forward_models/run_20260624_031817/models/model_TAIEX_regime_fixed_60d_WF3_M5_lightgbm_balanced.joblib,model_TAIEX_regime_fixed_60d_WF3_M5_lightgbm_balanced.joblib,.joblib,2062558,2026-06-24T03:25:57Z,2292941ab3f2807b64a83f0fd5c410c1e85494796956067f1cfa6e6ee9760d09
outputs/AURORA_TWETF/purged_walk_forward_models/run_20260624_031817/models/model_TAIEX_regime_fixed_60d_WF3_M6_xgboost_multiclass.joblib,model_TAIEX_regime_fixed_60d_WF3_M6_xgboost_multiclass.joblib,.joblib,1675573,2026-06-24T03:26:09Z,1f736ab7c4444eafda7eb28a8eb1ffcaa527d948be989fd3c30859455bd326a5
outputs/AURORA_TWETF/purged_walk_forward_models/run_20260624_031817/models/model_TAIEX_regime_fixed_60d_WF3_O1_cumulative_logit_balanced.joblib,model_TAIEX_regime_fixed_60d_WF3_O1_cumulative_logit_balanced.joblib,.joblib,115807,2026-06-24T03:26:10Z,36ae67f2c8f7fd91f9beab0a022223d195311aca0e9058b0440e927b5d3f0d69
outputs/AURORA_TWETF/purged_walk_forward_models/run_20260624_031817/models/model_TAIEX_regime_fixed_60d_WF3_O2_cumulative_rf_balanced.joblib,model_TAIEX_regime_fixed_60d_WF3_O2_cumulative_rf_balanced.joblib,.joblib,2757744,2026-06-24T03:26:15Z,c2b40fed2072552a861857196c84ec7a84a35405c8aefa2b752a1b49ba63766e
outputs/AURORA_TWETF/purged_walk_forward_models/run_20260624_031817/models/model_TAIEX_regime_fixed_60d_WF3_O3_cumulative_et_balanced.joblib,model_TAIEX_regime_fixed_60d_WF3_O3_cumulative_et_balanced.joblib,.joblib,3169088,2026-06-24T03:26:19Z,91f4661495f860df5650a0ba2e2cfb5b906dc47f3bd5add9b84a43afc5d33b9d
outputs/AURORA_TWETF/purged_walk_forward_models/run_20260624_031817/models/model_TAIEX_regime_fixed_60d_WF3_O4_cumulative_lgbm_balanced.joblib,model_TAIEX_regime_fixed_60d_WF3_O4_cumulative_lgbm_balanced.joblib,.joblib,1040124,2026-06-24T03:26:21Z,78f3a515891555875a5e5c0096b6395130fa8c210e42b1ff135ffc3d640e71d5
outputs/AURORA_TWETF/purged_walk_forward_models/run_20260624_031817/models/model_TAIEX_regime_fixed_60d_WF3_R1_ridge_regression_to_ordinal.joblib,model_TAIEX_regime_fixed_60d_WF3_R1_ridge_regression_to_ordinal.joblib,.joblib,29515,2026-06-24T03:26:21Z,c46127a05bd35029c85f51ae5686d836e694526352d56d709ed7c1629e74007f
outputs/AURORA_TWETF/purged_walk_forward_models/run_20260624_031817/models/model_TAIEX_regime_fixed_60d_WF3_R2_rf_regression_to_ordinal.joblib,model_TAIEX_regime_fixed_60d_WF3_R2_rf_regression_to_ordinal.joblib,.joblib,865068,2026-06-24T03:26:28Z,91dfee7c30746196af3a4915063c073f320c0b48de53233ab22a42dad9e09c8b
outputs/AURORA_TWETF/purged_walk_forward_models/run_20260624_031817/models/model_TAIEX_regime_fixed_60d_WF3_R3_et_regression_to_ordinal.joblib,model_TAIEX_regime_fixed_60d_WF3_R3_et_regression_to_ordinal.joblib,.joblib,936924,2026-06-24T03:26:29Z,72b4f09e99f5b945cee670134b05936e642152a86b1ecf2bdf12098fd74c2f94
outputs/AURORA_TWETF/purged_walk_forward_models/run_20260624_031817/models/model_TAIEX_regime_fixed_60d_WF3_R4_lgbm_regression_to_ordinal.joblib,model_TAIEX_regime_fixed_60d_WF3_R4_lgbm_regression_to_ordinal.joblib,.joblib,232181,2026-06-24T03:26:30Z,e0e6a9990393638ca202684e33dd3b4930e5ad23237fe24762cd0f0aafb4221c
outputs/AURORA_TWETF/purged_walk_forward_models/run_20260624_031817/models/model_TAIEX_regime_fixed_60d_WF3_R5_xgb_regression_to_ordinal.joblib,model_TAIEX_regime_fixed_60d_WF3_R5_xgb_regression_to_ordinal.joblib,.joblib,310832,2026-06-24T03:26:32Z,18a9e0cfe0046d4842614cdd6ef0b4a41f5bd6a600f27fd059826b338cc6dd42
outputs/AURORA_TWETF/purged_walk_forward_models/run_20260624_031817/plots/TAIEX_regime_fixed_20d_test_mean_balanced_accuracy.png,TAIEX_regime_fixed_20d_test_mean_balanced_accuracy.png,.png,236827,2026-06-24T03:27:23Z,891aa48ca65c2aadd3924221dc63cbce078049255ebd021d8dfb2216447428c1
outputs/AURORA_TWETF/purged_walk_forward_models/run_20260624_031817/plots/TAIEX_regime_fixed_20d_test_mean_macro_f1.png,TAIEX_regime_fixed_20d_test_mean_macro_f1.png,.png,230942,2026-06-24T03:27:22Z,3ebd271badafa396b522df5abb802c405bfbfd2d264acaf477992ff133e14ec4
outputs/AURORA_TWETF/purged_walk_forward_models/run_20260624_031817/plots/TAIEX_regime_fixed_20d_test_mean_quadratic_weighted_kappa.png,TAIEX_regime_fixed_20d_test_mean_quadratic_weighted_kappa.png,.png,240228,2026-06-24T03:27:24Z,4f7c6192906a491f4f296e8a26f281fc81da23df9ffaca61eea432a2644ad777
outputs/AURORA_TWETF/purged_walk_forward_models/run_20260624_031817/plots/TAIEX_regime_fixed_20d_validation_mean_balanced_accuracy.png,TAIEX_regime_fixed_20d_validation_mean_balanced_accuracy.png,.png,237368,2026-06-24T03:27:21Z,412deab9d876bdd072735205a853ec237349abf43ff8f494501210b9cd5288d7
outputs/AURORA_TWETF/purged_walk_forward_models/run_20260624_031817/plots/TAIEX_regime_fixed_20d_validation_mean_macro_f1.png,TAIEX_regime_fixed_20d_validation_mean_macro_f1.png,.png,230880,2026-06-24T03:27:21Z,664a3770392ab266eba4fc5703287d0d39d21cbd7481101baf96cc9b205801bb
outputs/AURORA_TWETF/purged_walk_forward_models/run_20260624_031817/plots/TAIEX_regime_fixed_20d_validation_mean_quadratic_weighted_kappa.png,TAIEX_regime_fixed_20d_validation_mean_quadratic_weighted_kappa.png,.png,240285,2026-06-24T03:27:22Z,7f18429ab4ae74e01f7ba3fd9f409f071d6f3aa75f0e0553ae18281b6a17bf1f
outputs/AURORA_TWETF/purged_walk_forward_models/run_20260624_031817/plots/TAIEX_regime_fixed_60d_test_mean_balanced_accuracy.png,TAIEX_regime_fixed_60d_test_mean_balanced_accuracy.png,.png,235609,2026-06-24T03:27:27Z,26d3daa78fefde92173c02d6cd69754bfe30b526bb3ba8ac2b6bad383ffc855b
outputs/AURORA_TWETF/purged_walk_forward_models/run_20260624_031817/plots/TAIEX_regime_fixed_60d_test_mean_macro_f1.png,TAIEX_regime_fixed_60d_test_mean_macro_f1.png,.png,231468,2026-06-24T03:27:26Z,582d14787f638760036fa9ab9c6055654f07f08814108088cb0172490c6d7f98
outputs/AURORA_TWETF/purged_walk_forward_models/run_20260624_031817/plots/TAIEX_regime_fixed_60d_test_mean_quadratic_weighted_kappa.png,TAIEX_regime_fixed_60d_test_mean_quadratic_weighted_kappa.png,.png,241319,2026-06-24T03:27:27Z,ecb7d17bacea6b18a5dee6982f07d8ef7418295e43f39f5ad075cf3d098af08d
outputs/AURORA_TWETF/purged_walk_forward_models/run_20260624_031817/plots/TAIEX_regime_fixed_60d_validation_mean_balanced_accuracy.png,TAIEX_regime_fixed_60d_validation_mean_balanced_accuracy.png,.png,237454,2026-06-24T03:27:25Z,a89457e5cbc2b9f5add37e874dac0ca00e69b3848235e617250fa45ad419fee2
outputs/AURORA_TWETF/purged_walk_forward_models/run_20260624_031817/plots/TAIEX_regime_fixed_60d_validation_mean_macro_f1.png,TAIEX_regime_fixed_60d_validation_mean_macro_f1.png,.png,232970,2026-06-24T03:27:24Z,f90b843588315dcf4ee77128d1cd49f6b1a76f064cd230687cf2aee077549de2
outputs/AURORA_TWETF/purged_walk_forward_models/run_20260624_031817/plots/TAIEX_regime_fixed_60d_validation_mean_quadratic_weighted_kappa.png,TAIEX_regime_fixed_60d_validation_mean_quadratic_weighted_kappa.png,.png,240987,2026-06-24T03:27:25Z,0ca6cc2b387bb35150af46678b1ed4cfc79655974a897fc5575f3a528de16e75
outputs/AURORA_TWETF/purged_walk_forward_models/run_20260624_031817/plots/reliability_test_TAIEX_regime_fixed_20d_E1_validation_weighted_probability_ensemble.png,reliability_test_TAIEX_regime_fixed_20d_E1_validation_weighted_probability_ensemble.png,.png,92432,2026-06-24T03:27:27Z,3446cf978ddceef05d1a7754200dd3d2952461a1458a9e8d70df9fc9967e4b16
outputs/AURORA_TWETF/purged_walk_forward_models/run_20260624_031817/plots/reliability_test_TAIEX_regime_fixed_60d_E1_validation_weighted_probability_ensemble.png,reliability_test_TAIEX_regime_fixed_60d_E1_validation_weighted_probability_ensemble.png,.png,91965,2026-06-24T03:27:28Z,2498df17ded12ae884830023e9d74c301a0b1fac3c8ed55becc4738654d8c502
outputs/AURORA_TWETF/purged_walk_forward_models/run_20260624_031817/predictions/predictions_all_purged_walk_forward_models.csv,predictions_all_purged_walk_forward_models.csv,.csv,31031082,2026-06-24T03:27:16Z,3cf66215b25b2d73c556a0eda74263e672a622f655a3c60d5db71dac5f641968
outputs/AURORA_TWETF/purged_walk_forward_models/run_20260624_031817/predictions/predictions_all_purged_walk_forward_models.parquet,predictions_all_purged_walk_forward_models.parquet,.parquet,8182685,2026-06-24T03:27:16Z,93ef41242e6371f2f78c046325245f861a45f8f912a285055dea21af91dd772e
outputs/AURORA_TWETF/purged_walk_forward_models/run_20260624_031817/predictions/selected_predictions_TAIEX_regime_fixed_20d_E1_validation_weighted_probability_ensemble.csv,selected_predictions_TAIEX_regime_fixed_20d_E1_validation_weighted_probability_ensemble.csv,.csv,249063,2026-06-24T03:27:20Z,9c00058711f16903749beca7286348ef08152423cb11ae9ac6827a5166b1e4af
outputs/AURORA_TWETF/purged_walk_forward_models/run_20260624_031817/predictions/selected_predictions_TAIEX_regime_fixed_20d_E1_validation_weighted_probability_ensemble.parquet,selected_predictions_TAIEX_regime_fixed_20d_E1_validation_weighted_probability_ensemble.parquet,.parquet,72390,2026-06-24T03:27:20Z,63f777b45f44d70022299d142b5a0cfa980c5a14923771ee547110c51fc1997c
outputs/AURORA_TWETF/purged_walk_forward_models/run_20260624_031817/predictions/selected_predictions_TAIEX_regime_fixed_60d_E1_validation_weighted_probability_ensemble.csv,selected_predictions_TAIEX_regime_fixed_60d_E1_validation_weighted_probability_ensemble.csv,.csv,190272,2026-06-24T03:27:20Z,9dfed473d9c6813fbeceb25d7c44e866b2f7f0eef18c1b477797c66858282961
outputs/AURORA_TWETF/purged_walk_forward_models/run_20260624_031817/predictions/selected_predictions_TAIEX_regime_fixed_60d_E1_validation_weighted_probability_ensemble.parquet,selected_predictions_TAIEX_regime_fixed_60d_E1_validation_weighted_probability_ensemble.parquet,.parquet,58205,2026-06-24T03:27:20Z,220da894db8fb5f400b7def5dc9653cf81d6eb07a44e13311fa8415dad41bc63
outputs/AURORA_TWETF/purged_walk_forward_models/run_20260624_031817/probabilities/probabilities_all_purged_walk_forward_models.csv,probabilities_all_purged_walk_forward_models.csv,.csv,28033859,2026-06-24T03:27:18Z,f897ecb605033d6bda457634150a631249947eacd4c7e1320d0ce3be7394c38d
outputs/AURORA_TWETF/purged_walk_forward_models/run_20260624_031817/probabilities/probabilities_all_purged_walk_forward_models.parquet,probabilities_all_purged_walk_forward_models.parquet,.parquet,6692120,2026-06-24T03:27:18Z,312d2ebbe876e264a28f9245f998948b6716248c3a6531d11ebc6a0293d149dc
outputs/AURORA_TWETF/purged_walk_forward_models/run_20260624_031817/probabilities/selected_probabilities_TAIEX_regime_fixed_20d_E1_validation_weighted_probability_ensemble.csv,selected_probabilities_TAIEX_regime_fixed_20d_E1_validation_weighted_probability_ensemble.csv,.csv,229792,2026-06-24T03:27:20Z,62b67d5026bf2d83943672f5b81b6c3fcdf16a082bcf5f8d9daa3ae86471ea6b
outputs/AURORA_TWETF/purged_walk_forward_models/run_20260624_031817/probabilities/selected_probabilities_TAIEX_regime_fixed_20d_E1_validation_weighted_probability_ensemble.parquet,selected_probabilities_TAIEX_regime_fixed_20d_E1_validation_weighted_probability_ensemble.parquet,.parquet,60839,2026-06-24T03:27:20Z,f18907409d31eb809b49bdf443e9be67b3d8d50c61444e40f1e62cdd4aa3e908
outputs/AURORA_TWETF/purged_walk_forward_models/run_20260624_031817/probabilities/selected_probabilities_TAIEX_regime_fixed_60d_E1_validation_weighted_probability_ensemble.csv,selected_probabilities_TAIEX_regime_fixed_60d_E1_validation_weighted_probability_ensemble.csv,.csv,175165,2026-06-24T03:27:20Z,044c872c78ab8da870bf34fa430b48b0ea31adcbf99c3fd3ee50d29e2ae1f4b2
outputs/AURORA_TWETF/purged_walk_forward_models/run_20260624_031817/probabilities/selected_probabilities_TAIEX_regime_fixed_60d_E1_validation_weighted_probability_ensemble.parquet,selected_probabilities_TAIEX_regime_fixed_60d_E1_validation_weighted_probability_ensemble.parquet,.parquet,48837,2026-06-24T03:27:20Z,12a775a0321653a13d201af732593fb9d4e80d2a3c79d55700c19529a1e24e29
outputs/AURORA_TWETF/purged_walk_forward_models/run_20260624_031817/purged_walk_forward_classification_reports.csv,purged_walk_forward_classification_reports.csv,.csv,396352,2026-06-24T03:27:15Z,09cd325ead9b229e2703d5d4ba0841b90a14140f783d60077b16a3e821379c8e
outputs/AURORA_TWETF/purged_walk_forward_models/run_20260624_031817/purged_walk_forward_confusion_counts.csv,purged_walk_forward_confusion_counts.csv,.csv,1007935,2026-06-24T03:27:15Z,6627123c502093185cd36f68dd8deb52f8a9aec766d71b2c469ab0dbccfe027e
outputs/AURORA_TWETF/purged_walk_forward_models/run_20260624_031817/purged_walk_forward_fit_times.csv,purged_walk_forward_fit_times.csv,.csv,14918,2026-06-24T03:27:16Z,e7a13fa626f17257534ecb9f670ed89ea82a361546adbfc2398fe063b5b57698
outputs/AURORA_TWETF/purged_walk_forward_models/run_20260624_031817/purged_walk_forward_metrics_all.csv,purged_walk_forward_metrics_all.csv,.csv,379011,2026-06-24T03:27:15Z,0b882d22bb5a0e66f990c261e70bb4beacda4e6fd1516088af48fb2ae1784b13
outputs/AURORA_TWETF/purged_walk_forward_models/run_20260624_031817/purged_walk_forward_split_report.csv,purged_walk_forward_split_report.csv,.csv,1198,2026-06-24T03:18:20Z,df4297ab8d437d5ec86babcd7c3a77103ee0fcf97e9feb15dda463602b4e9566
outputs/AURORA_TWETF/purged_walk_forward_models/run_20260624_031817/reports/AURORA_07_purged_walk_forward_file_manifest_SHA256.csv,AURORA_07_purged_walk_forward_file_manifest_SHA256.csv,.csv,27445,2026-06-24T03:27:30Z,86bdda5085dcf9785da5a8f24e68c8b93652dca54960c5936f7e68763f7e27b3
outputs/AURORA_TWETF/purged_walk_forward_models/run_20260624_031817/reports/AURORA_07_purged_walk_forward_validation_report.json,AURORA_07_purged_walk_forward_validation_report.json,.json,4355,2026-06-24T03:27:28Z,2b98fca4ee224caa61f8bb9d9da51d122322c4b9b5305608a5173c1bb97cde27
outputs/AURORA_TWETF/purged_walk_forward_models/run_20260624_031817/reports/dataset_report.json,dataset_report.json,.json,355,2026-06-24T03:18:20Z,817f642ff520802228f9d2a1caf6a205f8aa1da4d99625062df8bef00b016abd
outputs/AURORA_TWETF/purged_walk_forward_models/run_20260624_031817/selected_models_for_allocation_purged_walk_forward.csv,selected_models_for_allocation_purged_walk_forward.csv,.csv,743,2026-06-24T03:27:20Z,ffff65a30ae3add127e30b85ef5c088b42e1f0d1bb08ae1f1db0349046c669e5
outputs/AURORA_TWETF/reports/AURORA_03_dataset_summary_20260623_145728.json,AURORA_03_dataset_summary_20260623_145728.json,.json,13608,2026-06-23T14:57:33Z,950d22dd84cec0fbaf23338354d8a908c7367883a531d12de3d064dc12734041
outputs/AURORA_TWETF/reports/AURORA_03_model_zoo_file_manifest_SHA256_20260623_145728.csv,AURORA_03_model_zoo_file_manifest_SHA256_20260623_145728.csv,.csv,53494,2026-06-23T14:59:28Z,98da2c603d25ac1608aee93016335f08dcea39ffe7e7b70dd86d62d7c12215f5
outputs/AURORA_TWETF/reports/AURORA_03_model_zoo_validation_report_20260623_145728.json,AURORA_03_model_zoo_validation_report_20260623_145728.json,.json,10621,2026-06-23T14:59:27Z,3f890b43db21e14ae9f95ba8eaac32a0f7e468f3eccbc234120bde66468206ba
outputs/AURORA_TWETF/reports/AURORA_04B_adjusted_allocation_inputs_manifest_SHA256_20260623_155549.csv,AURORA_04B_adjusted_allocation_inputs_manifest_SHA256_20260623_155549.csv,.csv,10451,2026-06-23T15:56:06Z,416f8b63d7f6bc96c8eb4adc77b80c7692235df42703fa2d132ba06b46bc2136
outputs/AURORA_TWETF/reports/AURORA_04B_adjustment_report_before_05_20260623_155549.json,AURORA_04B_adjustment_report_before_05_20260623_155549.json,.json,2989,2026-06-23T15:56:06Z,2678b7914adf0b8ccf152f4ea488944b57dcd627b1554b3a5d32afa72963eb6a
outputs/AURORA_TWETF/reports/AURORA_04_dataset_summary_20260623_151920.json,AURORA_04_dataset_summary_20260623_151920.json,.json,522,2026-06-23T15:19:23Z,b339733c09436f8fb95e2d3dc30a25a2d625bd50ad4629218bc0f54ab6805f0f
outputs/AURORA_TWETF/reports/AURORA_04_ordinal_uncertainty_file_manifest_SHA256_20260623_151920.csv,AURORA_04_ordinal_uncertainty_file_manifest_SHA256_20260623_151920.csv,.csv,128907,2026-06-23T15:23:10Z,f08b7ff5e569a14e70328b6530452cd6da9e0f96c08ff595e7e402ffe71efa22
outputs/AURORA_TWETF/reports/AURORA_04_ordinal_uncertainty_validation_report_20260623_151920.json,AURORA_04_ordinal_uncertainty_validation_report_20260623_151920.json,.json,23845,2026-06-23T15:23:07Z,acc8564982490e910dae594ba50fd7e92ba4148dcd1cdb62293d0fa4a41cf113
outputs/AURORA_TWETF/reports/AURORA_05_allocation_file_manifest_SHA256_20260624_004516.csv,AURORA_05_allocation_file_manifest_SHA256_20260624_004516.csv,.csv,13049,2026-06-24T00:46:34Z,e65ad320cfdee0d2fe4633954808cb2800eb1099d1437762ed3d53840943ecff
outputs/AURORA_TWETF/reports/AURORA_05_allocation_validation_report_20260624_004516.json,AURORA_05_allocation_validation_report_20260624_004516.json,.json,5825,2026-06-24T00:46:34Z,10ec094c685c18a194f47d8d14db620e8963398727f85bdd57456231597e400d
outputs/AURORA_TWETF/reports/AURORA_06_stress_tests_file_manifest_SHA256_20260624_012818.csv,AURORA_06_stress_tests_file_manifest_SHA256_20260624_012818.csv,.csv,7095,2026-06-24T01:57:53Z,81a826722ff15459b5259a5fa32106b5695953662874d70a89e07a3b99f695f5
outputs/AURORA_TWETF/reports/AURORA_06_stress_tests_validation_report_20260624_012818.json,AURORA_06_stress_tests_validation_report_20260624_012818.json,.json,15233,2026-06-24T01:57:52Z,3bbd4bf3196a5e5c6ae7dcd48873cc4212fc4d5c99177ce3174b6f9aa845d972
outputs/AURORA_TWETF/reports/AURORA_07_purged_walk_forward_file_manifest_SHA256_20260624_031817.csv,AURORA_07_purged_walk_forward_file_manifest_SHA256_20260624_031817.csv,.csv,27445,2026-06-24T03:27:30Z,86bdda5085dcf9785da5a8f24e68c8b93652dca54960c5936f7e68763f7e27b3
outputs/AURORA_TWETF/reports/AURORA_07_purged_walk_forward_validation_report_20260624_031817.json,AURORA_07_purged_walk_forward_validation_report_20260624_031817.json,.json,4355,2026-06-24T03:27:28Z,2b98fca4ee224caa61f8bb9d9da51d122322c4b9b5305608a5173c1bb97cde27
outputs/AURORA_TWETF/reports/AURORA_08B_aligned_oos_validation_report_20260624_070827.json,AURORA_08B_aligned_oos_validation_report_20260624_070827.json,.json,10223,2026-06-24T07:08:47Z,7b7ef3e75c29d0390794cf12b3f9aabd8365e131a0deaf0780d835be130e9454
outputs/AURORA_TWETF/reports/AURORA_08B_file_manifest_SHA256_20260624_070827.csv,AURORA_08B_file_manifest_SHA256_20260624_070827.csv,.csv,33858,2026-06-24T07:08:48Z,86a89bf8e8fe3a933c3ab7af54cb0f77390611c013d5bd440090f3452f600f54
outputs/AURORA_TWETF/reports/AURORA_08_file_manifest_SHA256_20260624_034204.csv,AURORA_08_file_manifest_SHA256_20260624_034204.csv,.csv,25658,2026-06-24T03:42:36Z,281aad6ce63f923cfd130aacdef2c19f82da911fd61ccfc7b7bf89b6420ab377
outputs/AURORA_TWETF/reports/AURORA_08_stronger_baselines_validation_report_20260624_034204.json,AURORA_08_stronger_baselines_validation_report_20260624_034204.json,.json,7826,2026-06-24T03:42:35Z,271419261bbaa4b266b6a5f1d31868fc8b6a2c6a239395c1e999a8f90914e11a
outputs/AURORA_TWETF/reports/AURORA_09_file_manifest_SHA256_20260624_072914.csv,AURORA_09_file_manifest_SHA256_20260624_072914.csv,.csv,8554,2026-06-24T09:33:13Z,fbdcb734e5cb3e7bbc95d559ba43b140150cc8d0d6c768fd63b38048045dba71
outputs/AURORA_TWETF/reports/AURORA_09_validation_optimized_templates_report_20260624_072914.json,AURORA_09_validation_optimized_templates_report_20260624_072914.json,.json,8438,2026-06-24T09:33:13Z,cf08bb97c6e9df1e28f98947d332d595827ee4d468ee05012fc921c82c5a6154
outputs/AURORA_TWETF/reports/AURORA_10B_component_ablation_validation_report_20260711_150104.json,AURORA_10B_component_ablation_validation_report_20260711_150104.json,.json,7344,2026-07-11T15:01:37Z,ab815e6aaac4b1f43b904e573baad11eae2f11f1ffeed73ba86644ab37707709
outputs/AURORA_TWETF/reports/AURORA_10_file_manifest_SHA256_20260624_100748.csv,AURORA_10_file_manifest_SHA256_20260624_100748.csv,.csv,12516,2026-06-24T10:08:46Z,250839519b913059525aaa95b51499e984842eb6d98ecf859cc17050f97b793a
outputs/AURORA_TWETF/reports/AURORA_10_uamv_validation_report_20260624_100748.json,AURORA_10_uamv_validation_report_20260624_100748.json,.json,10108,2026-06-24T10:08:46Z,43da9abb71fce9d78b342f5983300f60466a99599b3dded7d566c853e5bd46bb
outputs/AURORA_TWETF/reports/AURORA_11_file_manifest_SHA256_20260624_124834.csv,AURORA_11_file_manifest_SHA256_20260624_124834.csv,.csv,11501,2026-06-24T13:12:36Z,7ab5b27ad474e7d69c11555067d494f283e13f9282cf2f33b8267ef275b3dc3d
outputs/AURORA_TWETF/reports/AURORA_11_statistical_significance_report_20260624_124834.json,AURORA_11_statistical_significance_report_20260624_124834.json,.json,4571,2026-06-24T13:12:35Z,1d692049fb5e171769736fd87ec1ca9677d8318d515b5a327ec93e6a48ab010c
outputs/AURORA_TWETF/reports/AURORA_12_file_manifest_SHA256_20260624_142307.csv,AURORA_12_file_manifest_SHA256_20260624_142307.csv,.csv,4451,2026-06-24T14:23:15Z,29c889fa21e46b9d465cd5b94c269bc4d555c3b067a5a418e9fb7baa602bc18b
outputs/AURORA_TWETF/reports/AURORA_12_paper_assets_validation_report_20260624_142307.json,AURORA_12_paper_assets_validation_report_20260624_142307.json,.json,2703,2026-06-24T14:23:15Z,b03d40e4e3422ee08d2a8002ce8ca0ba23338fdef77c49e58fa87434855815e3
outputs/AURORA_TWETF/reports/AURORA_data_preparation_validation_report.json,AURORA_data_preparation_validation_report.json,.json,1963,2026-06-23T13:58:49Z,75be52b7bffc9f600775dff71b0c7a055a95d8b2410ac3bd4ada40790304050e
outputs/AURORA_TWETF/reports/AURORA_dataset_download_config.json,AURORA_dataset_download_config.json,.json,2036,2026-06-23T13:35:50Z,d1a8fc48a0103fc341f2d8bc59bf718c6e13d6566dcc0819088975e5044ad674
outputs/AURORA_TWETF/reports/NOTEBOOK16_file_manifest_SHA256_20260714_084419.csv,NOTEBOOK16_file_manifest_SHA256_20260714_084419.csv,.csv,18270,2026-07-14T08:46:46Z,1618c2ea7659bfe66d1d7b9b85b9ec17c2197fa903f7c50b467811c2fab0703e
outputs/AURORA_TWETF/reports/NOTEBOOK16_mechanism_control_validation_report_20260714_084419.json,NOTEBOOK16_mechanism_control_validation_report_20260714_084419.json,.json,4567,2026-07-14T08:46:45Z,c343ce9b7846441bf80b86ebd2f1640921bff9cf40d5fec626c8a6efbc9c38b1
outputs/AURORA_TWETF/reports/NOTEBOOK17_defensive_control_validation_report_20260714_161927.json,NOTEBOOK17_defensive_control_validation_report_20260714_161927.json,.json,5015,2026-07-14T16:22:36Z,e0cb39f2e5cb831b0be10568ba496804cdb62d8f937bfcbf4df1cfd680d9b400
outputs/AURORA_TWETF/reports/NOTEBOOK17_file_manifest_SHA256_20260714_161927.csv,NOTEBOOK17_file_manifest_SHA256_20260714_161927.csv,.csv,9960,2026-07-14T16:22:36Z,8e1221baec7f533baf07628fbc1a6598d510895aa6022cf97dcf6d57f89daa0a
outputs/AURORA_TWETF/reports/NOTEBOOK18_file_manifest_SHA256_20260717_082548.csv,NOTEBOOK18_file_manifest_SHA256_20260717_082548.csv,.csv,8238,2026-07-17T08:31:37Z,979c41dd40cb5450c954d9f6f10efb967ff7f3b17b9b025ecb3a8c1d925a5fa4
outputs/AURORA_TWETF/reports/NOTEBOOK18_validation_report_20260717_082548.json,NOTEBOOK18_validation_report_20260717_082548.json,.json,6179,2026-07-17T08:31:36Z,582e8d3ea435ac7709bfe16e2d64383f2c2e460c536dbb5b40083b2b6401f5b6
outputs/AURORA_TWETF/reports/NOTEBOOK19_file_manifest_SHA256_20260718_101202.csv,NOTEBOOK19_file_manifest_SHA256_20260718_101202.csv,.csv,1789,2026-07-18T10:14:55Z,e07ee3eceb232ca41447cda6fe3a967b87e149c3473a1f28cb425511f2a762c0
outputs/AURORA_TWETF/reports/NOTEBOOK19_validation_report_20260718_101202.json,NOTEBOOK19_validation_report_20260718_101202.json,.json,4277,2026-07-18T10:14:55Z,15cb63307cbb566c337a7ae9a830c912104c1b2ed48fa271bfebeeae8cd6ce0c
outputs/AURORA_TWETF/reports/NOTEBOOK20_file_manifest_SHA256_20260718_154326.csv,NOTEBOOK20_file_manifest_SHA256_20260718_154326.csv,.csv,2243,2026-07-18T15:46:02Z,c66fda16fcc44a4ba2416377f9b4c7a4b726a5950ef10423cea1772e38c67b9c
outputs/AURORA_TWETF/reports/NOTEBOOK20_validation_report_20260718_154326.json,NOTEBOOK20_validation_report_20260718_154326.json,.json,6441,2026-07-18T15:46:02Z,0ca77e75dc123a14a415feb86da29b57b91f84a2d7289386352e73b353295589
outputs/AURORA_TWETF/reports/NOTEBOOK21_22_file_manifest_SHA256_20260722_102750.csv,NOTEBOOK21_22_file_manifest_SHA256_20260722_102750.csv,.csv,2371,2026-07-22T10:28:54Z,8e242481a6b285862d09b4c5e040a6db4cc68703d7c259a774b943d378459b26
outputs/AURORA_TWETF/reports/NOTEBOOK21_22_file_manifest_SHA256_20260722_133503.csv,NOTEBOOK21_22_file_manifest_SHA256_20260722_133503.csv,.csv,4039,2026-07-22T13:36:18Z,a1e54dddf8934003dfd2ac30d084dd28b7ef3fd135a6218c498a62299ab7a10e
outputs/AURORA_TWETF/reports/NOTEBOOK21_validation_report_20260722_102750.json,NOTEBOOK21_validation_report_20260722_102750.json,.json,3258,2026-07-22T10:28:54Z,819b8d8fdf629fe32825f35ac3c0b376f415e35ad619cfbc8567a83952c5507e
outputs/AURORA_TWETF/reports/NOTEBOOK21_validation_report_20260722_133503.json,NOTEBOOK21_validation_report_20260722_133503.json,.json,2976,2026-07-22T13:36:17Z,c4c2a06b9820595e094449644845f1b89a82fd43fbbe9a2c6977c5bd4e84f1f1
outputs/AURORA_TWETF/reports/NOTEBOOK22_validation_report_20260722_102750.json,NOTEBOOK22_validation_report_20260722_102750.json,.json,1751,2026-07-22T10:28:54Z,a9ed6d967f40786332f1182aa333bd87a05a9d31ea1e32b932b4dc4ab4bda8cf
outputs/AURORA_TWETF/reports/NOTEBOOK22_validation_report_20260722_133503.json,NOTEBOOK22_validation_report_20260722_133503.json,.json,1532,2026-07-22T13:36:17Z,f012c480b7842263b8c9d9bfca88c01597a868263a00ab510cf764e794163e24
outputs/AURORA_TWETF/reports/NOTEBOOK23_file_manifest_SHA256_20260723_034307.csv,NOTEBOOK23_file_manifest_SHA256_20260723_034307.csv,.csv,2605,2026-07-23T03:43:29Z,714263ca56b1c26c5d68418a3da02645f954a046d951f79469a96f821ba0cf56
outputs/AURORA_TWETF/reports/NOTEBOOK23_file_manifest_SHA256_20260723_035525.csv,NOTEBOOK23_file_manifest_SHA256_20260723_035525.csv,.csv,2918,2026-07-23T03:55:49Z,94dbce53a3018c5a8297dc85b0db0ada8192d63b2238579f30d0fca690e879a8
outputs/AURORA_TWETF/reports/NOTEBOOK23_validation_report_20260723_034307.json,NOTEBOOK23_validation_report_20260723_034307.json,.json,2915,2026-07-23T03:43:29Z,d9b67d981fc46499174d7ccc726eac9e09999f0dfaf63b9a392dc6be660bf455
outputs/AURORA_TWETF/reports/NOTEBOOK23_validation_report_20260723_035525.json,NOTEBOOK23_validation_report_20260723_035525.json,.json,3396,2026-07-23T03:55:49Z,b6d6c53e4f17a2f927f971a8823898b48385e81b86382ee164af471c033aca41
outputs/AURORA_TWETF/reports/figure2_canonical_passive_validation_report.json,figure2_canonical_passive_validation_report.json,.json,4223,2026-07-23T14:10:23Z,06b5716b4774f179ab58c0f84a125a0d0df9717d6e66a7f80542549c62c4d0c2
outputs/AURORA_TWETF/reports/figure2_canonical_passive_validation_report_20260723_140954.json,figure2_canonical_passive_validation_report_20260723_140954.json,.json,4223,2026-07-23T14:10:23Z,06b5716b4774f179ab58c0f84a125a0d0df9717d6e66a7f80542549c62c4d0c2
outputs/AURORA_TWETF/statistical_significance_block_bootstrap/run_20260624_124834/bootstrap_samples/bootstrap_samples_AURORA10_UAMV_B_more60_defensive_vs_B10_momentum_top2_63d_block20.csv,bootstrap_samples_AURORA10_UAMV_B_more60_defensive_vs_B10_momentum_top2_63d_block20.csv,.csv,1210762,2026-06-24T13:03:00Z,7cd3ba7fceaa8b588feeb96c44b037a65379870dfc4c485fe5e7f518cf6a926d
outputs/AURORA_TWETF/statistical_significance_block_bootstrap/run_20260624_124834/bootstrap_samples/bootstrap_samples_AURORA10_UAMV_B_more60_defensive_vs_B10_momentum_top2_63d_block20.parquet,bootstrap_samples_AURORA10_UAMV_B_more60_defensive_vs_B10_momentum_top2_63d_block20.parquet,.parquet,420488,2026-06-24T13:03:00Z,a19ff88460116f18ea185f35f2cebc4399de92f5fd6b9f9720a0ffa9049b5d0e
outputs/AURORA_TWETF/statistical_significance_block_bootstrap/run_20260624_124834/bootstrap_samples/bootstrap_samples_AURORA10_UAMV_B_more60_defensive_vs_B16_minimum_variance_126d_block20.csv,bootstrap_samples_AURORA10_UAMV_B_more60_defensive_vs_B16_minimum_variance_126d_block20.csv,.csv,1230437,2026-06-24T13:06:49Z,ddc77ebda454b5627bed5e951245b9c6e944241ac598c9b431ecc80485bab038
outputs/AURORA_TWETF/statistical_significance_block_bootstrap/run_20260624_124834/bootstrap_samples/bootstrap_samples_AURORA10_UAMV_B_more60_defensive_vs_B16_minimum_variance_126d_block20.parquet,bootstrap_samples_AURORA10_UAMV_B_more60_defensive_vs_B16_minimum_variance_126d_block20.parquet,.parquet,418617,2026-06-24T13:06:49Z,661f23afda21ee36b5d30d1cfa9c98e5bb165be373b819606d25c798aeaf67a5
outputs/AURORA_TWETF/statistical_significance_block_bootstrap/run_20260624_124834/bootstrap_samples/bootstrap_samples_AURORA10_UAMV_B_more60_defensive_vs_B1_equal_weight_all_etfs_block20.csv,bootstrap_samples_AURORA10_UAMV_B_more60_defensive_vs_B1_equal_weight_all_etfs_block20.csv,.csv,1225168,2026-06-24T12:59:12Z,d7d680200df1c4199a6a9fd09dc28d9f2c5064a58da888c0b9486d4527f44ff7
outputs/AURORA_TWETF/statistical_significance_block_bootstrap/run_20260624_124834/bootstrap_samples/bootstrap_samples_AURORA10_UAMV_B_more60_defensive_vs_B1_equal_weight_all_etfs_block20.parquet,bootstrap_samples_AURORA10_UAMV_B_more60_defensive_vs_B1_equal_weight_all_etfs_block20.parquet,.parquet,418322,2026-06-24T12:59:12Z,2fc96010d34a41ef80aa7b11816d0621ca71c9d0959bf83ebc8fe4b8b6b34453
outputs/AURORA_TWETF/statistical_significance_block_bootstrap/run_20260624_124834/bootstrap_samples/bootstrap_samples_AURORA10_UAMV_B_more60_defensive_vs_B3_0050_only_block20.csv,bootstrap_samples_AURORA10_UAMV_B_more60_defensive_vs_B3_0050_only_block20.csv,.csv,1165561,2026-06-24T12:55:20Z,9ea2b800313c0d6c090cc8fe414c7d214956e0efbb14271f9b7e71f9b2868526
outputs/AURORA_TWETF/statistical_significance_block_bootstrap/run_20260624_124834/bootstrap_samples/bootstrap_samples_AURORA10_UAMV_B_more60_defensive_vs_B3_0050_only_block20.parquet,bootstrap_samples_AURORA10_UAMV_B_more60_defensive_vs_B3_0050_only_block20.parquet,.parquet,418839,2026-06-24T12:55:20Z,2a2ac3558a47803cd820cf05a47c1dbc77e651d76cf1054f088e0c056536c195
outputs/AURORA_TWETF/statistical_significance_block_bootstrap/run_20260624_124834/bootstrap_samples/bootstrap_samples_AURORA10_UAMV_B_more60_defensive_vs_B6_00881_only_block20.csv,bootstrap_samples_AURORA10_UAMV_B_more60_defensive_vs_B6_00881_only_block20.csv,.csv,1170837,2026-06-24T12:51:28Z,2338e2c139ad9938f45e7b6fedc87535462af3aba218b1a7f1da5377bcb003ff
outputs/AURORA_TWETF/statistical_significance_block_bootstrap/run_20260624_124834/bootstrap_samples/bootstrap_samples_AURORA10_UAMV_B_more60_defensive_vs_B6_00881_only_block20.parquet,bootstrap_samples_AURORA10_UAMV_B_more60_defensive_vs_B6_00881_only_block20.parquet,.parquet,418872,2026-06-24T12:51:28Z,97dbf01269a7e0a051bd5bca2548e06a2871eb94b407ec101db1562f00fddd4e
outputs/AURORA_TWETF/statistical_significance_block_bootstrap/run_20260624_124834/diagnostics/equity_and_drawdown_diagnostics.csv,equity_and_drawdown_diagnostics.csv,.csv,259739,2026-06-24T13:12:23Z,47705ca1d2230292d6943cb3e4124816152398094f9953c31a418d86a53c4e83
outputs/AURORA_TWETF/statistical_significance_block_bootstrap/run_20260624_124834/diagnostics/rolling_performance_diagnostics.csv,rolling_performance_diagnostics.csv,.csv,600293,2026-06-24T13:12:23Z,b0d6b6c71d3088b8c2b1e0ad30db4158b4578f3d0d404039fade3f1bd045c4df
outputs/AURORA_TWETF/statistical_significance_block_bootstrap/run_20260624_124834/paper_figures/bootstrap_distribution_diff_sharpe_B10_momentum_top2_63d.png,bootstrap_distribution_diff_sharpe_B10_momentum_top2_63d.png,.png,128338,2026-06-24T13:12:35Z,d0d53dbe38f4448da3f17c7a30a59fb2ad3bcebe39a8b3e407b33df348361ba5
outputs/AURORA_TWETF/statistical_significance_block_bootstrap/run_20260624_124834/paper_figures/bootstrap_distribution_diff_sharpe_B16_minimum_variance_126d.png,bootstrap_distribution_diff_sharpe_B16_minimum_variance_126d.png,.png,121704,2026-06-24T13:12:35Z,48352a81c83502afe17a3a2dcca247faba09c3e3c6e276b48b1ff580e05dd590
outputs/AURORA_TWETF/statistical_significance_block_bootstrap/run_20260624_124834/paper_figures/bootstrap_distribution_diff_sharpe_B1_equal_weight_all_etfs.png,bootstrap_distribution_diff_sharpe_B1_equal_weight_all_etfs.png,.png,118841,2026-06-24T13:12:35Z,2165626429200ee1effa8032fed8985800cedf1ed80c08b1ade1893e27d7c863
outputs/AURORA_TWETF/statistical_significance_block_bootstrap/run_20260624_124834/paper_figures/bootstrap_distribution_diff_sharpe_B3_0050_only.png,bootstrap_distribution_diff_sharpe_B3_0050_only.png,.png,117643,2026-06-24T13:12:35Z,91a436662aa72b16d241d9216fd48f3e25a13582ae94d97295d6520306db71b0
outputs/AURORA_TWETF/statistical_significance_block_bootstrap/run_20260624_124834/paper_figures/bootstrap_distribution_diff_sharpe_B6_00881_only.png,bootstrap_distribution_diff_sharpe_B6_00881_only.png,.png,126551,2026-06-24T13:12:35Z,13379ccc03066a8547ae9a32bbbb3697df736667ae76dee80a802d4ee305c01e
outputs/AURORA_TWETF/statistical_significance_block_bootstrap/run_20260624_124834/paper_figures/bootstrap_distribution_diff_sortino_B10_momentum_top2_63d.png,bootstrap_distribution_diff_sortino_B10_momentum_top2_63d.png,.png,120275,2026-06-24T13:12:35Z,e01b7f8ec938077ca5a27aa3c4981086e7df62823ba637fa77ea918b536d6ee4
outputs/AURORA_TWETF/statistical_significance_block_bootstrap/run_20260624_124834/paper_figures/bootstrap_distribution_diff_sortino_B16_minimum_variance_126d.png,bootstrap_distribution_diff_sortino_B16_minimum_variance_126d.png,.png,118747,2026-06-24T13:12:35Z,872d929f09534eff3353ad9d7fd888662548949269150fe380f8a5d939752e5d
outputs/AURORA_TWETF/statistical_significance_block_bootstrap/run_20260624_124834/paper_figures/bootstrap_distribution_diff_sortino_B1_equal_weight_all_etfs.png,bootstrap_distribution_diff_sortino_B1_equal_weight_all_etfs.png,.png,118985,2026-06-24T13:12:35Z,34797a2823dd2d32308451e355ee361747b5fc29505f30aaab911e1b7654fb36
outputs/AURORA_TWETF/statistical_significance_block_bootstrap/run_20260624_124834/paper_figures/bootstrap_distribution_diff_sortino_B3_0050_only.png,bootstrap_distribution_diff_sortino_B3_0050_only.png,.png,118570,2026-06-24T13:12:35Z,8879514f91528be3b00ee1bb4918c166c26336686677c87a71b679f09aa2c7ff
outputs/AURORA_TWETF/statistical_significance_block_bootstrap/run_20260624_124834/paper_figures/bootstrap_distribution_diff_sortino_B6_00881_only.png,bootstrap_distribution_diff_sortino_B6_00881_only.png,.png,121230,2026-06-24T13:12:35Z,98a8fae515da6ffb7a928c898d7e1c16bc8ab2aa04915d88310f38c816ecd79b
outputs/AURORA_TWETF/statistical_significance_block_bootstrap/run_20260624_124834/paper_figures/bootstrap_distribution_diff_total_return_B10_momentum_top2_63d.png,bootstrap_distribution_diff_total_return_B10_momentum_top2_63d.png,.png,126024,2026-06-24T13:12:35Z,78c6ba5bb733cf1f71fcf99ea19e28be90d1bf74636327c8440f2ca5388b0ee3
outputs/AURORA_TWETF/statistical_significance_block_bootstrap/run_20260624_124834/paper_figures/bootstrap_distribution_diff_total_return_B16_minimum_variance_126d.png,bootstrap_distribution_diff_total_return_B16_minimum_variance_126d.png,.png,126868,2026-06-24T13:12:35Z,1e71f82205e3e89928549a8ed466473461582768bc419b97c704fc7b6c776f6a
outputs/AURORA_TWETF/statistical_significance_block_bootstrap/run_20260624_124834/paper_figures/bootstrap_distribution_diff_total_return_B1_equal_weight_all_etfs.png,bootstrap_distribution_diff_total_return_B1_equal_weight_all_etfs.png,.png,126241,2026-06-24T13:12:35Z,88a4a39fc5b94b3410fc0c93e3cd89a1aa1c56b0f619e385f25100f23fa154b8
outputs/AURORA_TWETF/statistical_significance_block_bootstrap/run_20260624_124834/paper_figures/bootstrap_distribution_diff_total_return_B3_0050_only.png,bootstrap_distribution_diff_total_return_B3_0050_only.png,.png,124940,2026-06-24T13:12:35Z,f1f8554c0d2a9f088ddb0791d0fe2ec9d4d0403b1cc016c40f0ef3ce2c057c8d
outputs/AURORA_TWETF/statistical_significance_block_bootstrap/run_20260624_124834/paper_figures/bootstrap_distribution_diff_total_return_B6_00881_only.png,bootstrap_distribution_diff_total_return_B6_00881_only.png,.png,125625,2026-06-24T13:12:35Z,417f9a0610243bf130008aec14c04cb6a9b64e42d1b498b160ba8cd1233e6510
outputs/AURORA_TWETF/statistical_significance_block_bootstrap/run_20260624_124834/paper_figures/bootstrap_distribution_drawdown_improvement_B10_momentum_top2_63d.png,bootstrap_distribution_drawdown_improvement_B10_momentum_top2_63d.png,.png,130486,2026-06-24T13:12:35Z,71f8a9ab60623cda648fbb8d135835d144ee0752ac0cf1385ee3b954ef6ea4f7
outputs/AURORA_TWETF/statistical_significance_block_bootstrap/run_20260624_124834/paper_figures/bootstrap_distribution_drawdown_improvement_B16_minimum_variance_126d.png,bootstrap_distribution_drawdown_improvement_B16_minimum_variance_126d.png,.png,124381,2026-06-24T13:12:35Z,102ff183a3b5c663db05aa22825c577e2574a028bf89131e7bd70f1297ffa020
outputs/AURORA_TWETF/statistical_significance_block_bootstrap/run_20260624_124834/paper_figures/bootstrap_distribution_drawdown_improvement_B1_equal_weight_all_etfs.png,bootstrap_distribution_drawdown_improvement_B1_equal_weight_all_etfs.png,.png,124123,2026-06-24T13:12:35Z,015ba5d7ec336db58ca6adcb1b992acb95d6943eb2dfa594c5f8ef7ef41b9f58
outputs/AURORA_TWETF/statistical_significance_block_bootstrap/run_20260624_124834/paper_figures/bootstrap_distribution_drawdown_improvement_B3_0050_only.png,bootstrap_distribution_drawdown_improvement_B3_0050_only.png,.png,120932,2026-06-24T13:12:35Z,d012a2a7fe63ebb5513f53f00fd93ba10f95ba7b0163115a5d518af933f44615
outputs/AURORA_TWETF/statistical_significance_block_bootstrap/run_20260624_124834/paper_figures/bootstrap_distribution_drawdown_improvement_B6_00881_only.png,bootstrap_distribution_drawdown_improvement_B6_00881_only.png,.png,125795,2026-06-24T13:12:35Z,102344dba8a2c09ed57c10327b7779d359457bb38327ae88583466addda7abd0
outputs/AURORA_TWETF/statistical_significance_block_bootstrap/run_20260624_124834/paper_figures/notebook11_drawdowns_primary_comparison.png,notebook11_drawdowns_primary_comparison.png,.png,320662,2026-06-24T13:12:35Z,3032bef514452dd1314ca62f311f857e5db66a5ff07bad3d291a0d778401c8fc
outputs/AURORA_TWETF/statistical_significance_block_bootstrap/run_20260624_124834/paper_figures/notebook11_equity_curves_primary_comparison.png,notebook11_equity_curves_primary_comparison.png,.png,297852,2026-06-24T13:12:35Z,0bc061cb939ac367c2b13cd58d45a049f4c3768c9507e1e6674a38e3de921fa5
outputs/AURORA_TWETF/statistical_significance_block_bootstrap/run_20260624_124834/paper_figures/notebook11_observed_difference_heatmap.png,notebook11_observed_difference_heatmap.png,.png,161898,2026-06-24T13:12:35Z,09aef2187dcde23013b1dbe3394448f2bd7133ae1c905f52794e74ba8a1584ab
outputs/AURORA_TWETF/statistical_significance_block_bootstrap/run_20260624_124834/paper_figures/notebook11_rolling_21d_sharpe.png,notebook11_rolling_21d_sharpe.png,.png,382001,2026-06-24T13:12:35Z,0efdf144c081160a62a5fe4a853a4ecddde55ee183838430d1e9c4adb34a7a20
outputs/AURORA_TWETF/statistical_significance_block_bootstrap/run_20260624_124834/paper_figures/notebook11_rolling_63d_sharpe.png,notebook11_rolling_63d_sharpe.png,.png,341569,2026-06-24T13:12:35Z,418dd82eed4cb53b63653a9c816db42b17683ced51b0c4475e005d4d007b75c5
outputs/AURORA_TWETF/statistical_significance_block_bootstrap/run_20260624_124834/plots/bootstrap_distribution_diff_sharpe_B10_momentum_top2_63d.png,bootstrap_distribution_diff_sharpe_B10_momentum_top2_63d.png,.png,128338,2026-06-24T13:12:32Z,d0d53dbe38f4448da3f17c7a30a59fb2ad3bcebe39a8b3e407b33df348361ba5
outputs/AURORA_TWETF/statistical_significance_block_bootstrap/run_20260624_124834/plots/bootstrap_distribution_diff_sharpe_B16_minimum_variance_126d.png,bootstrap_distribution_diff_sharpe_B16_minimum_variance_126d.png,.png,121704,2026-06-24T13:12:34Z,48352a81c83502afe17a3a2dcca247faba09c3e3c6e276b48b1ff580e05dd590
outputs/AURORA_TWETF/statistical_significance_block_bootstrap/run_20260624_124834/plots/bootstrap_distribution_diff_sharpe_B1_equal_weight_all_etfs.png,bootstrap_distribution_diff_sharpe_B1_equal_weight_all_etfs.png,.png,118841,2026-06-24T13:12:30Z,2165626429200ee1effa8032fed8985800cedf1ed80c08b1ade1893e27d7c863
outputs/AURORA_TWETF/statistical_significance_block_bootstrap/run_20260624_124834/plots/bootstrap_distribution_diff_sharpe_B3_0050_only.png,bootstrap_distribution_diff_sharpe_B3_0050_only.png,.png,117643,2026-06-24T13:12:28Z,91a436662aa72b16d241d9216fd48f3e25a13582ae94d97295d6520306db71b0
outputs/AURORA_TWETF/statistical_significance_block_bootstrap/run_20260624_124834/plots/bootstrap_distribution_diff_sharpe_B6_00881_only.png,bootstrap_distribution_diff_sharpe_B6_00881_only.png,.png,126551,2026-06-24T13:12:26Z,13379ccc03066a8547ae9a32bbbb3697df736667ae76dee80a802d4ee305c01e
outputs/AURORA_TWETF/statistical_significance_block_bootstrap/run_20260624_124834/plots/bootstrap_distribution_diff_sortino_B10_momentum_top2_63d.png,bootstrap_distribution_diff_sortino_B10_momentum_top2_63d.png,.png,120275,2026-06-24T13:12:32Z,e01b7f8ec938077ca5a27aa3c4981086e7df62823ba637fa77ea918b536d6ee4
outputs/AURORA_TWETF/statistical_significance_block_bootstrap/run_20260624_124834/plots/bootstrap_distribution_diff_sortino_B16_minimum_variance_126d.png,bootstrap_distribution_diff_sortino_B16_minimum_variance_126d.png,.png,118747,2026-06-24T13:12:34Z,872d929f09534eff3353ad9d7fd888662548949269150fe380f8a5d939752e5d
outputs/AURORA_TWETF/statistical_significance_block_bootstrap/run_20260624_124834/plots/bootstrap_distribution_diff_sortino_B1_equal_weight_all_etfs.png,bootstrap_distribution_diff_sortino_B1_equal_weight_all_etfs.png,.png,118985,2026-06-24T13:12:30Z,34797a2823dd2d32308451e355ee361747b5fc29505f30aaab911e1b7654fb36
outputs/AURORA_TWETF/statistical_significance_block_bootstrap/run_20260624_124834/plots/bootstrap_distribution_diff_sortino_B3_0050_only.png,bootstrap_distribution_diff_sortino_B3_0050_only.png,.png,118570,2026-06-24T13:12:28Z,8879514f91528be3b00ee1bb4918c166c26336686677c87a71b679f09aa2c7ff
outputs/AURORA_TWETF/statistical_significance_block_bootstrap/run_20260624_124834/plots/bootstrap_distribution_diff_sortino_B6_00881_only.png,bootstrap_distribution_diff_sortino_B6_00881_only.png,.png,121230,2026-06-24T13:12:27Z,98a8fae515da6ffb7a928c898d7e1c16bc8ab2aa04915d88310f38c816ecd79b
outputs/AURORA_TWETF/statistical_significance_block_bootstrap/run_20260624_124834/plots/bootstrap_distribution_diff_total_return_B10_momentum_top2_63d.png,bootstrap_distribution_diff_total_return_B10_momentum_top2_63d.png,.png,126024,2026-06-24T13:12:33Z,78c6ba5bb733cf1f71fcf99ea19e28be90d1bf74636327c8440f2ca5388b0ee3
outputs/AURORA_TWETF/statistical_significance_block_bootstrap/run_20260624_124834/plots/bootstrap_distribution_diff_total_return_B16_minimum_variance_126d.png,bootstrap_distribution_diff_total_return_B16_minimum_variance_126d.png,.png,126868,2026-06-24T13:12:35Z,1e71f82205e3e89928549a8ed466473461582768bc419b97c704fc7b6c776f6a
outputs/AURORA_TWETF/statistical_significance_block_bootstrap/run_20260624_124834/plots/bootstrap_distribution_diff_total_return_B1_equal_weight_all_etfs.png,bootstrap_distribution_diff_total_return_B1_equal_weight_all_etfs.png,.png,126241,2026-06-24T13:12:31Z,88a4a39fc5b94b3410fc0c93e3cd89a1aa1c56b0f619e385f25100f23fa154b8
outputs/AURORA_TWETF/statistical_significance_block_bootstrap/run_20260624_124834/plots/bootstrap_distribution_diff_total_return_B3_0050_only.png,bootstrap_distribution_diff_total_return_B3_0050_only.png,.png,124940,2026-06-24T13:12:29Z,f1f8554c0d2a9f088ddb0791d0fe2ec9d4d0403b1cc016c40f0ef3ce2c057c8d
outputs/AURORA_TWETF/statistical_significance_block_bootstrap/run_20260624_124834/plots/bootstrap_distribution_diff_total_return_B6_00881_only.png,bootstrap_distribution_diff_total_return_B6_00881_only.png,.png,125625,2026-06-24T13:12:27Z,417f9a0610243bf130008aec14c04cb6a9b64e42d1b498b160ba8cd1233e6510
outputs/AURORA_TWETF/statistical_significance_block_bootstrap/run_20260624_124834/plots/bootstrap_distribution_drawdown_improvement_B10_momentum_top2_63d.png,bootstrap_distribution_drawdown_improvement_B10_momentum_top2_63d.png,.png,130486,2026-06-24T13:12:33Z,71f8a9ab60623cda648fbb8d135835d144ee0752ac0cf1385ee3b954ef6ea4f7
outputs/AURORA_TWETF/statistical_significance_block_bootstrap/run_20260624_124834/plots/bootstrap_distribution_drawdown_improvement_B16_minimum_variance_126d.png,bootstrap_distribution_drawdown_improvement_B16_minimum_variance_126d.png,.png,124381,2026-06-24T13:12:34Z,102ff183a3b5c663db05aa22825c577e2574a028bf89131e7bd70f1297ffa020
outputs/AURORA_TWETF/statistical_significance_block_bootstrap/run_20260624_124834/plots/bootstrap_distribution_drawdown_improvement_B1_equal_weight_all_etfs.png,bootstrap_distribution_drawdown_improvement_B1_equal_weight_all_etfs.png,.png,124123,2026-06-24T13:12:31Z,015ba5d7ec336db58ca6adcb1b992acb95d6943eb2dfa594c5f8ef7ef41b9f58
outputs/AURORA_TWETF/statistical_significance_block_bootstrap/run_20260624_124834/plots/bootstrap_distribution_drawdown_improvement_B3_0050_only.png,bootstrap_distribution_drawdown_improvement_B3_0050_only.png,.png,120932,2026-06-24T13:12:29Z,d012a2a7fe63ebb5513f53f00fd93ba10f95ba7b0163115a5d518af933f44615
outputs/AURORA_TWETF/statistical_significance_block_bootstrap/run_20260624_124834/plots/bootstrap_distribution_drawdown_improvement_B6_00881_only.png,bootstrap_distribution_drawdown_improvement_B6_00881_only.png,.png,125795,2026-06-24T13:12:27Z,102344dba8a2c09ed57c10327b7779d359457bb38327ae88583466addda7abd0
outputs/AURORA_TWETF/statistical_significance_block_bootstrap/run_20260624_124834/plots/notebook11_drawdowns_primary_comparison.png,notebook11_drawdowns_primary_comparison.png,.png,320662,2026-06-24T13:12:24Z,3032bef514452dd1314ca62f311f857e5db66a5ff07bad3d291a0d778401c8fc
outputs/AURORA_TWETF/statistical_significance_block_bootstrap/run_20260624_124834/plots/notebook11_equity_curves_primary_comparison.png,notebook11_equity_curves_primary_comparison.png,.png,297852,2026-06-24T13:12:24Z,0bc061cb939ac367c2b13cd58d45a049f4c3768c9507e1e6674a38e3de921fa5
outputs/AURORA_TWETF/statistical_significance_block_bootstrap/run_20260624_124834/plots/notebook11_observed_difference_heatmap.png,notebook11_observed_difference_heatmap.png,.png,161898,2026-06-24T13:12:26Z,09aef2187dcde23013b1dbe3394448f2bd7133ae1c905f52794e74ba8a1584ab
outputs/AURORA_TWETF/statistical_significance_block_bootstrap/run_20260624_124834/plots/notebook11_rolling_21d_sharpe.png,notebook11_rolling_21d_sharpe.png,.png,382001,2026-06-24T13:12:25Z,0efdf144c081160a62a5fe4a853a4ecddde55ee183838430d1e9c4adb34a7a20
outputs/AURORA_TWETF/statistical_significance_block_bootstrap/run_20260624_124834/plots/notebook11_rolling_63d_sharpe.png,notebook11_rolling_63d_sharpe.png,.png,341569,2026-06-24T13:12:25Z,418dd82eed4cb53b63653a9c816db42b17683ced51b0c4475e005d4d007b75c5
outputs/AURORA_TWETF/statistical_significance_block_bootstrap/run_20260624_124834/reports/AURORA_11_file_manifest_SHA256.csv,AURORA_11_file_manifest_SHA256.csv,.csv,11501,2026-06-24T13:12:36Z,7ab5b27ad474e7d69c11555067d494f283e13f9282cf2f33b8267ef275b3dc3d
outputs/AURORA_TWETF/statistical_significance_block_bootstrap/run_20260624_124834/reports/AURORA_11_statistical_significance_report.json,AURORA_11_statistical_significance_report.json,.json,4571,2026-06-24T13:12:35Z,1d692049fb5e171769736fd87ec1ca9677d8318d515b5a327ec93e6a48ab010c
outputs/AURORA_TWETF/statistical_significance_block_bootstrap/run_20260624_124834/tables/block_bootstrap_summary_all_blocks.csv,block_bootstrap_summary_all_blocks.csv,.csv,45548,2026-06-24T13:07:46Z,049b13e3e5a9c47fc5f35d593bbe1abc2dbc8234a8d9480f09c007b849fd7fe0
outputs/AURORA_TWETF/statistical_significance_block_bootstrap/run_20260624_124834/tables/block_bootstrap_summary_primary_block.csv,block_bootstrap_summary_primary_block.csv,.csv,11566,2026-06-24T13:07:46Z,25e9c8917c042a33be6cc549fc8adfe6f5107848e1c3447f7fdabfa7de911f25
outputs/AURORA_TWETF/statistical_significance_block_bootstrap/run_20260624_124834/tables/hac_newey_west_mean_excess_return_tests.csv,hac_newey_west_mean_excess_return_tests.csv,.csv,1439,2026-06-24T12:48:37Z,a552e5389e366652299b330b6c8e456d4585fe09500be35c3cfe40c74ac3cb06
outputs/AURORA_TWETF/statistical_significance_block_bootstrap/run_20260624_124834/tables/iid_bootstrap_sensitivity_summary.csv,iid_bootstrap_sensitivity_summary.csv,.csv,9391,2026-06-24T13:12:23Z,9a12a44f3bbd4005c30128bce2e10617913b635a4d6cf01d4c8e63d2f9ecf62b
outputs/AURORA_TWETF/statistical_significance_block_bootstrap/run_20260624_124834/tables/notebook11_diagnostic_summary.csv,notebook11_diagnostic_summary.csv,.csv,1249,2026-06-24T13:12:35Z,fc8f08c49e1fc77a87c9492c2de578a5513b2ea762bbfc97657e75127997f050
outputs/AURORA_TWETF/statistical_significance_block_bootstrap/run_20260624_124834/tables/observed_paired_performance_differences.csv,observed_paired_performance_differences.csv,.csv,6297,2026-06-24T12:48:37Z,dc5233ceb33b0e4d708a9a609d6e793adede59cab204ef2e5865667cbcefaa81
outputs/AURORA_TWETF/statistical_significance_block_bootstrap/run_20260624_124834/tables/paper_statistical_decision_table.csv,paper_statistical_decision_table.csv,.csv,9698,2026-06-24T13:12:23Z,8391287ce623c98e9fcec483f82dcda766b8a1f6c7d146d5fe56e163332b2b95
outputs/AURORA_TWETF/stronger_financial_baselines_purged_allocation/run_20260624_034204/diagnostics/aurora_signal_features_all.csv,aurora_signal_features_all.csv,.csv,316444,2026-06-24T03:42:18Z,709a068c396a1e6ff23cfbe517860006374f820192f530db77a652e6a7a8e26e
outputs/AURORA_TWETF/stronger_financial_baselines_purged_allocation/run_20260624_034204/diagnostics/signal_features_AURORA_P0_purged_wf_baseline_60_40.csv,signal_features_AURORA_P0_purged_wf_baseline_60_40.csv,.csv,79388,2026-06-24T03:42:10Z,f1234b3aea18612d80c3864f1c2759aef121760dbcc64fd727f33bf1573edfac
outputs/AURORA_TWETF/stronger_financial_baselines_purged_allocation/run_20260624_034204/diagnostics/signal_features_AURORA_P0_purged_wf_baseline_60_40.parquet,signal_features_AURORA_P0_purged_wf_baseline_60_40.parquet,.parquet,34294,2026-06-24T03:42:10Z,a6a2764a80ba839a52af0bf58133a85d20462f854a2152f818f154427a9afb0d
outputs/AURORA_TWETF/stronger_financial_baselines_purged_allocation/run_20260624_034204/diagnostics/signal_features_AURORA_P1_purged_wf_more_60d_30_70.csv,signal_features_AURORA_P1_purged_wf_more_60d_30_70.csv,.csv,79333,2026-06-24T03:42:13Z,83046c4313c5c632633c2f8486d25411bd8aa1ee3ea2bf7115fa493b37ac108b
outputs/AURORA_TWETF/stronger_financial_baselines_purged_allocation/run_20260624_034204/diagnostics/signal_features_AURORA_P1_purged_wf_more_60d_30_70.parquet,signal_features_AURORA_P1_purged_wf_more_60d_30_70.parquet,.parquet,34294,2026-06-24T03:42:13Z,3df45b4ac6b33d007dc3bca42fd96c2c97ba6b288b140ee8f47cc5860ae4c2b2
outputs/AURORA_TWETF/stronger_financial_baselines_purged_allocation/run_20260624_034204/diagnostics/signal_features_AURORA_P2_purged_wf_low_cash_boost.csv,signal_features_AURORA_P2_purged_wf_low_cash_boost.csv,.csv,79333,2026-06-24T03:42:16Z,385c2341e2894abd30a002713c81e2316565dfbe4b1bf09f0d55bbc24fb6c923
outputs/AURORA_TWETF/stronger_financial_baselines_purged_allocation/run_20260624_034204/diagnostics/signal_features_AURORA_P2_purged_wf_low_cash_boost.parquet,signal_features_AURORA_P2_purged_wf_low_cash_boost.parquet,.parquet,34294,2026-06-24T03:42:16Z,bb9c6da0330d7ed0535f45a0d64597f033398dffe1e3a0a2806d3a06ed5715e3
outputs/AURORA_TWETF/stronger_financial_baselines_purged_allocation/run_20260624_034204/diagnostics/signal_features_AURORA_P3_purged_wf_no_cash_boost.csv,signal_features_AURORA_P3_purged_wf_no_cash_boost.csv,.csv,78825,2026-06-24T03:42:18Z,bf6cd08a25331c61c913a37e68ba9d85fdd221ea438f41f7e5a7360f32b1693c
outputs/AURORA_TWETF/stronger_financial_baselines_purged_allocation/run_20260624_034204/diagnostics/signal_features_AURORA_P3_purged_wf_no_cash_boost.parquet,signal_features_AURORA_P3_purged_wf_no_cash_boost.parquet,.parquet,34289,2026-06-24T03:42:18Z,0c9dd0207cd292363c237c3264db76a07f7f7ea82618e63cd374d3c44c1bdf12
outputs/AURORA_TWETF/stronger_financial_baselines_purged_allocation/run_20260624_034204/paper_figures/drawdowns_top12_oos.png,drawdowns_top12_oos.png,.png,426402,2026-06-24T03:42:35Z,a84f69aa7c61d71be04df078724d405ee64d1346ed2f96053f8ce19a95becf34
outputs/AURORA_TWETF/stronger_financial_baselines_purged_allocation/run_20260624_034204/paper_figures/equity_curves_top12_oos.png,equity_curves_top12_oos.png,.png,381106,2026-06-24T03:42:35Z,86a3aaed33cd7a36f76d1506c7d3e824566909bd75a987a8d9591604be21a59d
outputs/AURORA_TWETF/stronger_financial_baselines_purged_allocation/run_20260624_034204/paper_figures/oos_max_drawdown_by_policy.png,oos_max_drawdown_by_policy.png,.png,256236,2026-06-24T03:42:35Z,6529d48bd2bb27e5be56c603b44cc109a5a773bcd8df2cbc49efd5b39f9fda4c
outputs/AURORA_TWETF/stronger_financial_baselines_purged_allocation/run_20260624_034204/paper_figures/oos_sharpe_by_policy.png,oos_sharpe_by_policy.png,.png,253241,2026-06-24T03:42:35Z,77e0cb543d3dc79b01f8463891befb628960a3ec3578b260361a112a5d86c239
outputs/AURORA_TWETF/stronger_financial_baselines_purged_allocation/run_20260624_034204/paper_figures/oos_total_return_by_policy.png,oos_total_return_by_policy.png,.png,251646,2026-06-24T03:42:35Z,859ad02a3f4b7cf8414d2d349c3b3b6fe8f96360794636138fc486d8672a47c9
outputs/AURORA_TWETF/stronger_financial_baselines_purged_allocation/run_20260624_034204/paper_figures/test_only_sharpe_by_policy.png,test_only_sharpe_by_policy.png,.png,255134,2026-06-24T03:42:35Z,c022340d2ea33df38a9e3f70beff67719fee122228f82c3b623ca69d2dd26489
outputs/AURORA_TWETF/stronger_financial_baselines_purged_allocation/run_20260624_034204/paper_figures/test_only_total_return_by_policy.png,test_only_total_return_by_policy.png,.png,254218,2026-06-24T03:42:35Z,3462b54b906e96b4d9b149437626913f5f5157539eaea2b59a70de0bff31dbd8
outputs/AURORA_TWETF/stronger_financial_baselines_purged_allocation/run_20260624_034204/plots/drawdowns_top12_oos.png,drawdowns_top12_oos.png,.png,426402,2026-06-24T03:42:30Z,a84f69aa7c61d71be04df078724d405ee64d1346ed2f96053f8ce19a95becf34
outputs/AURORA_TWETF/stronger_financial_baselines_purged_allocation/run_20260624_034204/plots/equity_curves_top12_oos.png,equity_curves_top12_oos.png,.png,381106,2026-06-24T03:42:30Z,86a3aaed33cd7a36f76d1506c7d3e824566909bd75a987a8d9591604be21a59d
outputs/AURORA_TWETF/stronger_financial_baselines_purged_allocation/run_20260624_034204/plots/oos_max_drawdown_by_policy.png,oos_max_drawdown_by_policy.png,.png,256236,2026-06-24T03:42:32Z,6529d48bd2bb27e5be56c603b44cc109a5a773bcd8df2cbc49efd5b39f9fda4c
outputs/AURORA_TWETF/stronger_financial_baselines_purged_allocation/run_20260624_034204/plots/oos_sharpe_by_policy.png,oos_sharpe_by_policy.png,.png,253241,2026-06-24T03:42:31Z,77e0cb543d3dc79b01f8463891befb628960a3ec3578b260361a112a5d86c239
outputs/AURORA_TWETF/stronger_financial_baselines_purged_allocation/run_20260624_034204/plots/oos_total_return_by_policy.png,oos_total_return_by_policy.png,.png,251646,2026-06-24T03:42:32Z,859ad02a3f4b7cf8414d2d349c3b3b6fe8f96360794636138fc486d8672a47c9
outputs/AURORA_TWETF/stronger_financial_baselines_purged_allocation/run_20260624_034204/plots/test_only_sharpe_by_policy.png,test_only_sharpe_by_policy.png,.png,255134,2026-06-24T03:42:33Z,c022340d2ea33df38a9e3f70beff67719fee122228f82c3b623ca69d2dd26489
outputs/AURORA_TWETF/stronger_financial_baselines_purged_allocation/run_20260624_034204/plots/test_only_total_return_by_policy.png,test_only_total_return_by_policy.png,.png,254218,2026-06-24T03:42:33Z,3462b54b906e96b4d9b149437626913f5f5157539eaea2b59a70de0bff31dbd8
outputs/AURORA_TWETF/stronger_financial_baselines_purged_allocation/run_20260624_034204/plots/weights_area_AURORA_P0_purged_wf_baseline_60_40.png,weights_area_AURORA_P0_purged_wf_baseline_60_40.png,.png,83729,2026-06-24T03:42:34Z,b7386b93c81394314369932756de074a67bb55d6119b101e21fba29163be7c05
outputs/AURORA_TWETF/stronger_financial_baselines_purged_allocation/run_20260624_034204/plots/weights_area_AURORA_P1_purged_wf_more_60d_30_70.png,weights_area_AURORA_P1_purged_wf_more_60d_30_70.png,.png,82273,2026-06-24T03:42:34Z,47aed9ccb491538e5ff33a88f9c80f3f0ed05d8e9be80807a925279980358960
outputs/AURORA_TWETF/stronger_financial_baselines_purged_allocation/run_20260624_034204/plots/weights_area_AURORA_P2_purged_wf_low_cash_boost.png,weights_area_AURORA_P2_purged_wf_low_cash_boost.png,.png,78260,2026-06-24T03:42:34Z,2bc4122d4d03635f060f06642b3fae6cc8432b29d25e502ec10521651e66536f
outputs/AURORA_TWETF/stronger_financial_baselines_purged_allocation/run_20260624_034204/plots/weights_area_AURORA_P3_purged_wf_no_cash_boost.png,weights_area_AURORA_P3_purged_wf_no_cash_boost.png,.png,72922,2026-06-24T03:42:35Z,149d109bc256088e62ca613e4d2e1add0cba60dde7552b1be1fb229e8b738af8
outputs/AURORA_TWETF/stronger_financial_baselines_purged_allocation/run_20260624_034204/plots/weights_area_B4_006208_only.png,weights_area_B4_006208_only.png,.png,63574,2026-06-24T03:42:35Z,fe14b522abfc9282da350e4e9bd51626da935b6eb79906e4e2aa61aff6e2eacc
outputs/AURORA_TWETF/stronger_financial_baselines_purged_allocation/run_20260624_034204/reports/AURORA_08_file_manifest_SHA256.csv,AURORA_08_file_manifest_SHA256.csv,.csv,25658,2026-06-24T03:42:36Z,281aad6ce63f923cfd130aacdef2c19f82da911fd61ccfc7b7bf89b6420ab377
outputs/AURORA_TWETF/stronger_financial_baselines_purged_allocation/run_20260624_034204/reports/AURORA_08_stronger_baselines_validation_report.json,AURORA_08_stronger_baselines_validation_report.json,.json,7826,2026-06-24T03:42:35Z,271419261bbaa4b266b6a5f1d31868fc8b6a2c6a239395c1e999a8f90914e11a
outputs/AURORA_TWETF/stronger_financial_baselines_purged_allocation/run_20260624_034204/returns/returns_AURORA_P0_purged_wf_baseline_60_40.csv,returns_AURORA_P0_purged_wf_baseline_60_40.csv,.csv,72144,2026-06-24T03:42:27Z,f64102f787f25c5406b0f293019bf4e5a2e9160f2a87f85296db3a17ca489296
outputs/AURORA_TWETF/stronger_financial_baselines_purged_allocation/run_20260624_034204/returns/returns_AURORA_P0_purged_wf_baseline_60_40.parquet,returns_AURORA_P0_purged_wf_baseline_60_40.parquet,.parquet,29323,2026-06-24T03:42:27Z,d3211661cf6a364d247a44642b262e9749fc6f605e03e6c5e31c976064828ffe
outputs/AURORA_TWETF/stronger_financial_baselines_purged_allocation/run_20260624_034204/returns/returns_AURORA_P1_purged_wf_more_60d_30_70.csv,returns_AURORA_P1_purged_wf_more_60d_30_70.csv,.csv,72168,2026-06-24T03:42:27Z,5dfc8420afba2e495d7b3d8ec2390e71d1869db2e3e5cb93ffbbf3386f00c4aa
outputs/AURORA_TWETF/stronger_financial_baselines_purged_allocation/run_20260624_034204/returns/returns_AURORA_P1_purged_wf_more_60d_30_70.parquet,returns_AURORA_P1_purged_wf_more_60d_30_70.parquet,.parquet,29339,2026-06-24T03:42:27Z,bccfb867c8f71b68ca771098f2fe8f94ea0b535fe194cc90d0653dcff829e853
outputs/AURORA_TWETF/stronger_financial_baselines_purged_allocation/run_20260624_034204/returns/returns_AURORA_P2_purged_wf_low_cash_boost.csv,returns_AURORA_P2_purged_wf_low_cash_boost.csv,.csv,72112,2026-06-24T03:42:27Z,1c07a2fbf6e78d134a53f8de20b294e40ea1126ed8c4fe658c17047307faf69e
outputs/AURORA_TWETF/stronger_financial_baselines_purged_allocation/run_20260624_034204/returns/returns_AURORA_P2_purged_wf_low_cash_boost.parquet,returns_AURORA_P2_purged_wf_low_cash_boost.parquet,.parquet,29323,2026-06-24T03:42:27Z,07fe4f2c15d9ce44ffa44d41afa3895d901c605718304f3e474a9881019486ab
outputs/AURORA_TWETF/stronger_financial_baselines_purged_allocation/run_20260624_034204/returns/returns_AURORA_P3_purged_wf_no_cash_boost.csv,returns_AURORA_P3_purged_wf_no_cash_boost.csv,.csv,71110,2026-06-24T03:42:27Z,311a6d46a31ab8339d475c22d1485ae99cb1ebaca5ad1ee014100140f70615b2
outputs/AURORA_TWETF/stronger_financial_baselines_purged_allocation/run_20260624_034204/returns/returns_AURORA_P3_purged_wf_no_cash_boost.parquet,returns_AURORA_P3_purged_wf_no_cash_boost.parquet,.parquet,28902,2026-06-24T03:42:27Z,4d793cbf6180758665915e2ee65ef9b4ce45aa7165f6764383ff5559acd54f48
outputs/AURORA_TWETF/stronger_financial_baselines_purged_allocation/run_20260624_034204/returns/returns_B10_momentum_top2_63d.csv,returns_B10_momentum_top2_63d.csv,.csv,67985,2026-06-24T03:42:28Z,97ddb875231efe47795dacec4d80be0d566f29819e8142535641c271439e3e66
outputs/AURORA_TWETF/stronger_financial_baselines_purged_allocation/run_20260624_034204/returns/returns_B10_momentum_top2_63d.parquet,returns_B10_momentum_top2_63d.parquet,.parquet,28996,2026-06-24T03:42:28Z,7dc4bf45df9286397641a7818d516185a7a36fbe839a6d39d27373004ad7268b
outputs/AURORA_TWETF/stronger_financial_baselines_purged_allocation/run_20260624_034204/returns/returns_B11_momentum_top1_63d_20pct_cash.csv,returns_B11_momentum_top1_63d_20pct_cash.csv,.csv,73931,2026-06-24T03:42:28Z,8c7fa46d4108d175bbdfb6c67eb9bb431ac95e5549d1fc8e4b1ae7a36ade8f98
outputs/AURORA_TWETF/stronger_financial_baselines_purged_allocation/run_20260624_034204/returns/returns_B11_momentum_top1_63d_20pct_cash.parquet,returns_B11_momentum_top1_63d_20pct_cash.parquet,.parquet,28847,2026-06-24T03:42:28Z,ccef669200da8835a4bf1bb8edc77d80de8efec7bde4c4a95f5a351a98e6efe9
outputs/AURORA_TWETF/stronger_financial_baselines_purged_allocation/run_20260624_034204/returns/returns_B12_ma_timing_equal_weight.csv,returns_B12_ma_timing_equal_weight.csv,.csv,71118,2026-06-24T03:42:28Z,df630bdaba3c89af2ce51ef43492d22e2a21098f52ce2e8d6a387e3a0bb715b9
outputs/AURORA_TWETF/stronger_financial_baselines_purged_allocation/run_20260624_034204/returns/returns_B12_ma_timing_equal_weight.parquet,returns_B12_ma_timing_equal_weight.parquet,.parquet,28868,2026-06-24T03:42:28Z,5171a1bccef5ce8c5783f5c8944210e6195ffb667c699df3a84064776838abb5
outputs/AURORA_TWETF/stronger_financial_baselines_purged_allocation/run_20260624_034204/returns/returns_B13_ma_timing_constrained.csv,returns_B13_ma_timing_constrained.csv,.csv,70621,2026-06-24T03:42:28Z,a0b6846abf3a94f4506f9e49a286fa2439b9350f4aeceade77541a7d3f117977
outputs/AURORA_TWETF/stronger_financial_baselines_purged_allocation/run_20260624_034204/returns/returns_B13_ma_timing_constrained.parquet,returns_B13_ma_timing_constrained.parquet,.parquet,28865,2026-06-24T03:42:28Z,3cf4e52a7ca0f4d54df24877239898225a49d3534d369d0b5b5af93120dc777b
outputs/AURORA_TWETF/stronger_financial_baselines_purged_allocation/run_20260624_034204/returns/returns_B14_inverse_volatility_63d.csv,returns_B14_inverse_volatility_63d.csv,.csv,71426,2026-06-24T03:42:28Z,875cee143f2ba05e39c7842a60c2ff493e161176bca3f86ab50863b6fe9a4f85
outputs/AURORA_TWETF/stronger_financial_baselines_purged_allocation/run_20260624_034204/returns/returns_B14_inverse_volatility_63d.parquet,returns_B14_inverse_volatility_63d.parquet,.parquet,29576,2026-06-24T03:42:28Z,4550cfc085fc7c6157eeea8a7ad27d3ac5f46b1b253d36d82a13fa914078fef3
outputs/AURORA_TWETF/stronger_financial_baselines_purged_allocation/run_20260624_034204/returns/returns_B15_inverse_volatility_63d_20pct_cash.csv,returns_B15_inverse_volatility_63d_20pct_cash.csv,.csv,77637,2026-06-24T03:42:28Z,94e11d05eabdca7d3d4f260806635a1743200df943ee35506ecc90e0f0b3ee60
outputs/AURORA_TWETF/stronger_financial_baselines_purged_allocation/run_20260624_034204/returns/returns_B15_inverse_volatility_63d_20pct_cash.parquet,returns_B15_inverse_volatility_63d_20pct_cash.parquet,.parquet,29632,2026-06-24T03:42:28Z,dad7990c014dacf3929c9c0b34572b8a50a0e51b109b9a1ceac831cb6c12f35a
outputs/AURORA_TWETF/stronger_financial_baselines_purged_allocation/run_20260624_034204/returns/returns_B16_minimum_variance_126d.csv,returns_B16_minimum_variance_126d.csv,.csv,70212,2026-06-24T03:42:28Z,a254361db43895b07e4b95f2c0c8b5fdc8d3b5cbf47148282d53636f31c721f3
outputs/AURORA_TWETF/stronger_financial_baselines_purged_allocation/run_20260624_034204/returns/returns_B16_minimum_variance_126d.parquet,returns_B16_minimum_variance_126d.parquet,.parquet,28890,2026-06-24T03:42:28Z,101e83ce21d7100a1abfb4b600b4821978369a3772398bb46938fee202f2019e
outputs/AURORA_TWETF/stronger_financial_baselines_purged_allocation/run_20260624_034204/returns/returns_B17_risk_parity_proxy_126d.csv,returns_B17_risk_parity_proxy_126d.csv,.csv,71377,2026-06-24T03:42:29Z,99ec1fc569c3b44c5016de5ea52f1ebee24158006781f6a84209484a7c63917a
outputs/AURORA_TWETF/stronger_financial_baselines_purged_allocation/run_20260624_034204/returns/returns_B17_risk_parity_proxy_126d.parquet,returns_B17_risk_parity_proxy_126d.parquet,.parquet,29486,2026-06-24T03:42:29Z,136ecc6f90741551a8ce5ca626a7b834086d4f83545bcda6bf1bdbc2905625b7
outputs/AURORA_TWETF/stronger_financial_baselines_purged_allocation/run_20260624_034204/returns/returns_B18_vol_target_equal_weight_18pct.csv,returns_B18_vol_target_equal_weight_18pct.csv,.csv,75472,2026-06-24T03:42:29Z,0202919b7acfce23b17fe2864813c7450cc0d9b9f4804328aff70bd2804e8f04
outputs/AURORA_TWETF/stronger_financial_baselines_purged_allocation/run_20260624_034204/returns/returns_B18_vol_target_equal_weight_18pct.parquet,returns_B18_vol_target_equal_weight_18pct.parquet,.parquet,29628,2026-06-24T03:42:29Z,aca50ea487f9c250399245fe5fd111750bb821f0aae00a3e7c472556d30a4e9b
outputs/AURORA_TWETF/stronger_financial_baselines_purged_allocation/run_20260624_034204/returns/returns_B19_vol_target_constrained_18pct.csv,returns_B19_vol_target_constrained_18pct.csv,.csv,74897,2026-06-24T03:42:29Z,ff1b79b62e8c501eaf3c178bd513bcb65c14b29511ac374d96aaf0d0fdef961a
outputs/AURORA_TWETF/stronger_financial_baselines_purged_allocation/run_20260624_034204/returns/returns_B19_vol_target_constrained_18pct.parquet,returns_B19_vol_target_constrained_18pct.parquet,.parquet,29596,2026-06-24T03:42:29Z,2ac92d5e135033ee778e724ee69f9de33cb20c5d5357d89bdf5a46a64b4bf443
outputs/AURORA_TWETF/stronger_financial_baselines_purged_allocation/run_20260624_034204/returns/returns_B1_equal_weight_all_etfs.csv,returns_B1_equal_weight_all_etfs.csv,.csv,69667,2026-06-24T03:42:27Z,0c49c3b5520f2c75cb5295d1581defa3f2324b07198a38610d71753f29c5c969
outputs/AURORA_TWETF/stronger_financial_baselines_purged_allocation/run_20260624_034204/returns/returns_B1_equal_weight_all_etfs.parquet,returns_B1_equal_weight_all_etfs.parquet,.parquet,28885,2026-06-24T03:42:27Z,f60446d7a8eaf89dbf34dfe5b44b56223dbc16d4ef8c7847898fe9ddb06456d1
outputs/AURORA_TWETF/stronger_financial_baselines_purged_allocation/run_20260624_034204/returns/returns_B2_equal_weight_constrained.csv,returns_B2_equal_weight_constrained.csv,.csv,71207,2026-06-24T03:42:27Z,c84d0881f57efb5e973c37408de35ab0e76233de4f28f84c586d6a4015875553
outputs/AURORA_TWETF/stronger_financial_baselines_purged_allocation/run_20260624_034204/returns/returns_B2_equal_weight_constrained.parquet,returns_B2_equal_weight_constrained.parquet,.parquet,28891,2026-06-24T03:42:27Z,f846b7da7e0c536ecd02b9cbc25f7db4b597411724dc832fb878c22b074c6d4a
outputs/AURORA_TWETF/stronger_financial_baselines_purged_allocation/run_20260624_034204/returns/returns_B3_0050_only.csv,returns_B3_0050_only.csv,.csv,62359,2026-06-24T03:42:27Z,aaf7240388d8ec5847172c45f5a03ed877cb5adfe206a1852aa0fd9f99f58559
outputs/AURORA_TWETF/stronger_financial_baselines_purged_allocation/run_20260624_034204/returns/returns_B3_0050_only.parquet,returns_B3_0050_only.parquet,.parquet,28136,2026-06-24T03:42:27Z,7fb4e816411a085b0370b9f73f8be8f65a6112c359d064eefb08140e08a6a0d8
outputs/AURORA_TWETF/stronger_financial_baselines_purged_allocation/run_20260624_034204/returns/returns_B4_006208_only.csv,returns_B4_006208_only.csv,.csv,63714,2026-06-24T03:42:27Z,e1e9e189cdc13466107e4be2f2a83685fb66aa1460aa64d36f9d18fb0436f94f
outputs/AURORA_TWETF/stronger_financial_baselines_purged_allocation/run_20260624_034204/returns/returns_B4_006208_only.parquet,returns_B4_006208_only.parquet,.parquet,28434,2026-06-24T03:42:27Z,91b8a8ab1c9c93b52aa6bb48ffa3038394f0827564a10eb26feac53fd02980a6
outputs/AURORA_TWETF/stronger_financial_baselines_purged_allocation/run_20260624_034204/returns/returns_B5_00692_only.csv,returns_B5_00692_only.csv,.csv,63316,2026-06-24T03:42:27Z,7acc0aebfe0ca3f0a123b007c39f531b1a0394791be4e884e24ab13534485720
outputs/AURORA_TWETF/stronger_financial_baselines_purged_allocation/run_20260624_034204/returns/returns_B5_00692_only.parquet,returns_B5_00692_only.parquet,.parquet,28380,2026-06-24T03:42:27Z,46e6f30ff4a191b343a710a6b71227ce641b07c4a3c7eca09755deeba28ebb84
outputs/AURORA_TWETF/stronger_financial_baselines_purged_allocation/run_20260624_034204/returns/returns_B6_00881_only.csv,returns_B6_00881_only.csv,.csv,63333,2026-06-24T03:42:28Z,624a30c9efc1654f4318a30cd4304974ddbedece77a72342e564f77692ad3900
outputs/AURORA_TWETF/stronger_financial_baselines_purged_allocation/run_20260624_034204/returns/returns_B6_00881_only.parquet,returns_B6_00881_only.parquet,.parquet,28414,2026-06-24T03:42:28Z,533f206f224f005a5efa6f485b2b0758ecb941101ee829c09d81ed7e343ec58a
outputs/AURORA_TWETF/stronger_financial_baselines_purged_allocation/run_20260624_034204/returns/returns_B7_equal_weight_60_40_cash.csv,returns_B7_equal_weight_60_40_cash.csv,.csv,70938,2026-06-24T03:42:28Z,265880f44ba29aefccba5dddf44da078ca80b89b471d349bdbf3f5744700987d
outputs/AURORA_TWETF/stronger_financial_baselines_purged_allocation/run_20260624_034204/returns/returns_B7_equal_weight_60_40_cash.parquet,returns_B7_equal_weight_60_40_cash.parquet,.parquet,28870,2026-06-24T03:42:28Z,962fa2adb1f5d43aefa6f78a302516a6a53947a70d24dcb97d427bc5ff5637bb
outputs/AURORA_TWETF/stronger_financial_baselines_purged_allocation/run_20260624_034204/returns/returns_B8_constrained_80_20_cash.csv,returns_B8_constrained_80_20_cash.csv,.csv,70318,2026-06-24T03:42:28Z,cc1ec04638180e133fae1a9891b9fcbc810964e52fba330890308076ebe1e839
outputs/AURORA_TWETF/stronger_financial_baselines_purged_allocation/run_20260624_034204/returns/returns_B8_constrained_80_20_cash.parquet,returns_B8_constrained_80_20_cash.parquet,.parquet,28881,2026-06-24T03:42:28Z,8fd28d91401c069ebc1b7c0a1069d5547977f39d9779e050d5e9200b46176575
outputs/AURORA_TWETF/stronger_financial_baselines_purged_allocation/run_20260624_034204/returns/returns_B9_momentum_top1_63d.csv,returns_B9_momentum_top1_63d.csv,.csv,67279,2026-06-24T03:42:28Z,a7a3778c92f90754d8625127337b8df3c419c559dc8f2f1cc31261256fc33c0b
outputs/AURORA_TWETF/stronger_financial_baselines_purged_allocation/run_20260624_034204/returns/returns_B9_momentum_top1_63d.parquet,returns_B9_momentum_top1_63d.parquet,.parquet,28639,2026-06-24T03:42:28Z,580f7e762df13da392f1d219b4a1c09fef21956590a4b3c10bc9401810be693c
outputs/AURORA_TWETF/stronger_financial_baselines_purged_allocation/run_20260624_034204/returns/returns_all_policies.csv,returns_all_policies.csv,.csv,1612119,2026-06-24T03:42:29Z,d53b87f42d30d12c9fc636aed78b00c5718f6e61226685a8913ef40801b489f5
outputs/AURORA_TWETF/stronger_financial_baselines_purged_allocation/run_20260624_034204/returns/returns_all_policies.parquet,returns_all_policies.parquet,.parquet,411853,2026-06-24T03:42:29Z,b3ff453e78c0eadfeb7c54d75fca3efc3555eaafd203fc3f0ce96e247eb0005a
outputs/AURORA_TWETF/stronger_financial_baselines_purged_allocation/run_20260624_034204/tables/allocation_performance_oos_validation_and_test.csv,allocation_performance_oos_validation_and_test.csv,.csv,8824,2026-06-24T03:42:29Z,2949328b30b937057c0dd150359e4fdafe660c042a09138a1c95c2d4d9773fbf
outputs/AURORA_TWETF/stronger_financial_baselines_purged_allocation/run_20260624_034204/tables/allocation_performance_strict_test_only.csv,allocation_performance_strict_test_only.csv,.csv,8421,2026-06-24T03:42:29Z,96103b91f7ef67754b2da3e7c260a835772d180e1f486d0c10c2800bb85b5656
outputs/AURORA_TWETF/stronger_financial_baselines_purged_allocation/run_20260624_034204/tables/allocation_rankings_oos_validation_and_test.csv,allocation_rankings_oos_validation_and_test.csv,.csv,9554,2026-06-24T03:42:29Z,548ad108db860a02f523fd377100082985011528d43f6f1463f85ffdccdbfff4
outputs/AURORA_TWETF/stronger_financial_baselines_purged_allocation/run_20260624_034204/tables/allocation_rankings_strict_test_only.csv,allocation_rankings_strict_test_only.csv,.csv,9152,2026-06-24T03:42:29Z,3aa15097da20a88cefef66c233d25fb6c790ae16d3b4e9fcd3b58a092aa207c3
outputs/AURORA_TWETF/stronger_financial_baselines_purged_allocation/run_20260624_034204/tables/aurora_vs_best_benchmark.csv,aurora_vs_best_benchmark.csv,.csv,2197,2026-06-24T03:42:29Z,9f91f0c2f22181962d3a22a6e09eacd17faf07aee9f2d217a5eb334bcdeb4725
outputs/AURORA_TWETF/stronger_financial_baselines_purged_allocation/run_20260624_034204/tables/notebook08_diagnostic_summary.csv,notebook08_diagnostic_summary.csv,.csv,566,2026-06-24T03:42:35Z,5691e7e127764ec30fb07fc9a106c69965615ed89a2deaa2854eb4f6ffc2a7bf
outputs/AURORA_TWETF/stronger_financial_baselines_purged_allocation/run_20260624_034204/tables/policy_descriptions.csv,policy_descriptions.csv,.csv,3494,2026-06-24T03:42:29Z,6711f619d59cc1f3a812034222ab7d3b2e3fd916f3b539d567f6ac549de4af1b
outputs/AURORA_TWETF/stronger_financial_baselines_purged_allocation/run_20260624_034204/weights/daily_weights_AURORA_P0_purged_wf_baseline_60_40.csv,daily_weights_AURORA_P0_purged_wf_baseline_60_40.csv,.csv,55559,2026-06-24T03:42:27Z,daa913bec51646d3e7aa62f7ca762b3b9a74b00f5cbb59ce275f0a77cfcb704e
outputs/AURORA_TWETF/stronger_financial_baselines_purged_allocation/run_20260624_034204/weights/daily_weights_AURORA_P0_purged_wf_baseline_60_40.parquet,daily_weights_AURORA_P0_purged_wf_baseline_60_40.parquet,.parquet,9975,2026-06-24T03:42:27Z,dc6f1ae96014dccc38f2f8445b6bb25ef4b5c5ab81565560de3b927adffb56ca
outputs/AURORA_TWETF/stronger_financial_baselines_purged_allocation/run_20260624_034204/weights/daily_weights_AURORA_P1_purged_wf_more_60d_30_70.csv,daily_weights_AURORA_P1_purged_wf_more_60d_30_70.csv,.csv,55622,2026-06-24T03:42:27Z,daf5e4b84f1dc36b2ce55e5da66aa002fd31c7b171f6bfaadfded5fa63262a45
outputs/AURORA_TWETF/stronger_financial_baselines_purged_allocation/run_20260624_034204/weights/daily_weights_AURORA_P1_purged_wf_more_60d_30_70.parquet,daily_weights_AURORA_P1_purged_wf_more_60d_30_70.parquet,.parquet,9975,2026-06-24T03:42:27Z,b3291123599d81f119b627b8d9f196b43d5c9b4d5e22cfefeaf7f5d4040aadcf
outputs/AURORA_TWETF/stronger_financial_baselines_purged_allocation/run_20260624_034204/weights/daily_weights_AURORA_P2_purged_wf_low_cash_boost.csv,daily_weights_AURORA_P2_purged_wf_low_cash_boost.csv,.csv,55764,2026-06-24T03:42:27Z,223fc57cb42e5e44ced6e6c9cf624484cc763f42f1afc7b7e08ab3febf1ab810
outputs/AURORA_TWETF/stronger_financial_baselines_purged_allocation/run_20260624_034204/weights/daily_weights_AURORA_P2_purged_wf_low_cash_boost.parquet,daily_weights_AURORA_P2_purged_wf_low_cash_boost.parquet,.parquet,9975,2026-06-24T03:42:27Z,7df9c21d0413f96035a23bc4ea816e7e2ba0c76bcedfea212edb6c160e287e3a
outputs/AURORA_TWETF/stronger_financial_baselines_purged_allocation/run_20260624_034204/weights/daily_weights_AURORA_P3_purged_wf_no_cash_boost.csv,daily_weights_AURORA_P3_purged_wf_no_cash_boost.csv,.csv,31433,2026-06-24T03:42:27Z,e19e7394787f77c8beac784901d117c18b5a50ebdfec32115beee7128c160788
outputs/AURORA_TWETF/stronger_financial_baselines_purged_allocation/run_20260624_034204/weights/daily_weights_AURORA_P3_purged_wf_no_cash_boost.parquet,daily_weights_AURORA_P3_purged_wf_no_cash_boost.parquet,.parquet,9222,2026-06-24T03:42:27Z,d355ae7d68d8d44aea7f6c64cc0e8bbaf1d2723875b0d9d7830e4961b2f24ada
outputs/AURORA_TWETF/stronger_financial_baselines_purged_allocation/run_20260624_034204/weights/daily_weights_B10_momentum_top2_63d.csv,daily_weights_B10_momentum_top2_63d.csv,.csv,17225,2026-06-24T03:42:28Z,fadcd80aa9ea5fdc83c47b967e653f99a4e3ae5940d3caeba9f1a4a37e831fea
outputs/AURORA_TWETF/stronger_financial_baselines_purged_allocation/run_20260624_034204/weights/daily_weights_B10_momentum_top2_63d.parquet,daily_weights_B10_momentum_top2_63d.parquet,.parquet,8970,2026-06-24T03:42:28Z,d939d37ff470c7910cd975cc71de247c75ad97b0859f7f1e0933864c6a429a3b
outputs/AURORA_TWETF/stronger_financial_baselines_purged_allocation/run_20260624_034204/weights/daily_weights_B11_momentum_top1_63d_20pct_cash.csv,daily_weights_B11_momentum_top1_63d_20pct_cash.csv,.csv,17225,2026-06-24T03:42:28Z,8387c18c7005c724a104698825a42b60ca67e62936112eaf9e9cb0b8f83ec126
outputs/AURORA_TWETF/stronger_financial_baselines_purged_allocation/run_20260624_034204/weights/daily_weights_B11_momentum_top1_63d_20pct_cash.parquet,daily_weights_B11_momentum_top1_63d_20pct_cash.parquet,.parquet,8959,2026-06-24T03:42:28Z,d46c88065417d09f493b2e6c72c04ee67f58deac27203ae5944f75bb4c6811eb
outputs/AURORA_TWETF/stronger_financial_baselines_purged_allocation/run_20260624_034204/weights/daily_weights_B12_ma_timing_equal_weight.csv,daily_weights_B12_ma_timing_equal_weight.csv,.csv,21289,2026-06-24T03:42:28Z,79b70d6b5604a425f02e08a03dba3b24f22647244dadc9c71f825d367fddf758
outputs/AURORA_TWETF/stronger_financial_baselines_purged_allocation/run_20260624_034204/weights/daily_weights_B12_ma_timing_equal_weight.parquet,daily_weights_B12_ma_timing_equal_weight.parquet,.parquet,8846,2026-06-24T03:42:28Z,6dce1ac3d05d9964ddc294cbffbdac9822920abeb1f035de22d95af7537f1e1e
outputs/AURORA_TWETF/stronger_financial_baselines_purged_allocation/run_20260624_034204/weights/daily_weights_B13_ma_timing_constrained.csv,daily_weights_B13_ma_timing_constrained.csv,.csv,20199,2026-06-24T03:42:28Z,03966b2709b9b83b87a09f4a916cf8d6b08ce60e79fe2fe6f81fbb31ba93c509
outputs/AURORA_TWETF/stronger_financial_baselines_purged_allocation/run_20260624_034204/weights/daily_weights_B13_ma_timing_constrained.parquet,daily_weights_B13_ma_timing_constrained.parquet,.parquet,8846,2026-06-24T03:42:28Z,df00f3e5f6c36718d6fed37f26a210f80ae08f0b1f8eb68e2eeee0e8a3dc8981
outputs/AURORA_TWETF/stronger_financial_baselines_purged_allocation/run_20260624_034204/weights/daily_weights_B14_inverse_volatility_63d.csv,daily_weights_B14_inverse_volatility_63d.csv,.csv,46545,2026-06-24T03:42:28Z,2543f69deb62c4edf617ccbe63fddde78b6e83ccc53721ec9f2cc716d0a62899
outputs/AURORA_TWETF/stronger_financial_baselines_purged_allocation/run_20260624_034204/weights/daily_weights_B14_inverse_volatility_63d.parquet,daily_weights_B14_inverse_volatility_63d.parquet,.parquet,9735,2026-06-24T03:42:28Z,2b74dbf7842c48ef81342c4041b1229420d178e2f1c34939724c772b1742b863
outputs/AURORA_TWETF/stronger_financial_baselines_purged_allocation/run_20260624_034204/weights/daily_weights_B15_inverse_volatility_63d_20pct_cash.csv,daily_weights_B15_inverse_volatility_63d_20pct_cash.csv,.csv,47829,2026-06-24T03:42:28Z,49ab3fc0438372e5fa887009f8ac1c7cfaabbe90cc56f08a5d46d56d70908e8f
outputs/AURORA_TWETF/stronger_financial_baselines_purged_allocation/run_20260624_034204/weights/daily_weights_B15_inverse_volatility_63d_20pct_cash.parquet,daily_weights_B15_inverse_volatility_63d_20pct_cash.parquet,.parquet,9772,2026-06-24T03:42:28Z,98a2fade499d05c00907ed5c6f4080453058709bdc694779f33662435e3424ad
outputs/AURORA_TWETF/stronger_financial_baselines_purged_allocation/run_20260624_034204/weights/daily_weights_B16_minimum_variance_126d.csv,daily_weights_B16_minimum_variance_126d.csv,.csv,19109,2026-06-24T03:42:28Z,a8a5502f58c4deb81721e67ff13416775a9a9bef51220ad37287b7d178a973db
outputs/AURORA_TWETF/stronger_financial_baselines_purged_allocation/run_20260624_034204/weights/daily_weights_B16_minimum_variance_126d.parquet,daily_weights_B16_minimum_variance_126d.parquet,.parquet,8846,2026-06-24T03:42:28Z,132124019cb5fcd5a6e49a38ecd33e23583f10046e403aeabf35c5cb0a603388
outputs/AURORA_TWETF/stronger_financial_baselines_purged_allocation/run_20260624_034204/weights/daily_weights_B17_risk_parity_proxy_126d.csv,daily_weights_B17_risk_parity_proxy_126d.csv,.csv,42684,2026-06-24T03:42:29Z,583fcc91aa5c06206cd49321647e6a3a62dc418a9043ae4814ba33845a32d975
outputs/AURORA_TWETF/stronger_financial_baselines_purged_allocation/run_20260624_034204/weights/daily_weights_B17_risk_parity_proxy_126d.parquet,daily_weights_B17_risk_parity_proxy_126d.parquet,.parquet,9615,2026-06-24T03:42:29Z,3dda0f9634779d7b7762295efb0529de170ae7f06a9fb7f1dbbcba3a597af0e8
outputs/AURORA_TWETF/stronger_financial_baselines_purged_allocation/run_20260624_034204/weights/daily_weights_B18_vol_target_equal_weight_18pct.csv,daily_weights_B18_vol_target_equal_weight_18pct.csv,.csv,41741,2026-06-24T03:42:29Z,cc5af18b406c6ed8568ae733d2e4457bab6872e778d10d096d0ec1a305337f49
outputs/AURORA_TWETF/stronger_financial_baselines_purged_allocation/run_20260624_034204/weights/daily_weights_B18_vol_target_equal_weight_18pct.parquet,daily_weights_B18_vol_target_equal_weight_18pct.parquet,.parquet,9585,2026-06-24T03:42:29Z,122728e617463182da27c1d5f105a3226ea26d254e6b98f6d2ceb683f3dc4b6f
outputs/AURORA_TWETF/stronger_financial_baselines_purged_allocation/run_20260624_034204/weights/daily_weights_B19_vol_target_constrained_18pct.csv,daily_weights_B19_vol_target_constrained_18pct.csv,.csv,41099,2026-06-24T03:42:29Z,b8d089b924a14595a06d9ae5a76f19a18d002735b96c142ee9494d2663aebe4f
outputs/AURORA_TWETF/stronger_financial_baselines_purged_allocation/run_20260624_034204/weights/daily_weights_B19_vol_target_constrained_18pct.parquet,daily_weights_B19_vol_target_constrained_18pct.parquet,.parquet,9585,2026-06-24T03:42:29Z,8e535d177042435655e3ba6c33d57c896cb8d5469129f099491f119ff9b6fe66
outputs/AURORA_TWETF/stronger_financial_baselines_purged_allocation/run_20260624_034204/weights/daily_weights_B1_equal_weight_all_etfs.csv,daily_weights_B1_equal_weight_all_etfs.csv,.csv,19109,2026-06-24T03:42:27Z,a8a5502f58c4deb81721e67ff13416775a9a9bef51220ad37287b7d178a973db
outputs/AURORA_TWETF/stronger_financial_baselines_purged_allocation/run_20260624_034204/weights/daily_weights_B1_equal_weight_all_etfs.parquet,daily_weights_B1_equal_weight_all_etfs.parquet,.parquet,8846,2026-06-24T03:42:27Z,132124019cb5fcd5a6e49a38ecd33e23583f10046e403aeabf35c5cb0a603388
outputs/AURORA_TWETF/stronger_financial_baselines_purged_allocation/run_20260624_034204/weights/daily_weights_B2_equal_weight_constrained.csv,daily_weights_B2_equal_weight_constrained.csv,.csv,18019,2026-06-24T03:42:27Z,987b096be23561e838ba39f569571f239135ab99ad72820351637d5723737298
outputs/AURORA_TWETF/stronger_financial_baselines_purged_allocation/run_20260624_034204/weights/daily_weights_B2_equal_weight_constrained.parquet,daily_weights_B2_equal_weight_constrained.parquet,.parquet,8846,2026-06-24T03:42:27Z,d5b93cd988bcbdbfe79e921411accf54fe9d1b8dafdee5c3fe6a734dbc65f791
outputs/AURORA_TWETF/stronger_financial_baselines_purged_allocation/run_20260624_034204/weights/daily_weights_B3_0050_only.csv,daily_weights_B3_0050_only.csv,.csv,16929,2026-06-24T03:42:27Z,6aee5b75da3830fc91b9877791075f5f1d1f488ea4c28473a6b754afd6ff47d8
outputs/AURORA_TWETF/stronger_financial_baselines_purged_allocation/run_20260624_034204/weights/daily_weights_B3_0050_only.parquet,daily_weights_B3_0050_only.parquet,.parquet,8846,2026-06-24T03:42:27Z,02ba112835f9ff90188b01b040ca10826ec326a08ac4b20216e0a6d25a2d9c4c
outputs/AURORA_TWETF/stronger_financial_baselines_purged_allocation/run_20260624_034204/weights/daily_weights_B4_006208_only.csv,daily_weights_B4_006208_only.csv,.csv,16929,2026-06-24T03:42:27Z,d340c1e031fa00258f4d266b42f9429acfa58d7f65c1ee5661159233e99cdae1
outputs/AURORA_TWETF/stronger_financial_baselines_purged_allocation/run_20260624_034204/weights/daily_weights_B4_006208_only.parquet,daily_weights_B4_006208_only.parquet,.parquet,8846,2026-06-24T03:42:27Z,ff2f6ebc9fd8cbc81f817e52624b52e0030da9a0e85a2739dfc66d60080bc7d3
outputs/AURORA_TWETF/stronger_financial_baselines_purged_allocation/run_20260624_034204/weights/daily_weights_B5_00692_only.csv,daily_weights_B5_00692_only.csv,.csv,16929,2026-06-24T03:42:27Z,9b466834a96db278ae350387eb68ad3acfbbbbff13756ceedc9f116f38aa4ca1
outputs/AURORA_TWETF/stronger_financial_baselines_purged_allocation/run_20260624_034204/weights/daily_weights_B5_00692_only.parquet,daily_weights_B5_00692_only.parquet,.parquet,8846,2026-06-24T03:42:27Z,fb2ca221f10c3cce8f3181786fadc4d1bbddc510009cb5387527ab903112bfd0
outputs/AURORA_TWETF/stronger_financial_baselines_purged_allocation/run_20260624_034204/weights/daily_weights_B6_00881_only.csv,daily_weights_B6_00881_only.csv,.csv,16929,2026-06-24T03:42:28Z,9658813b9624392708e313f527b35739da4da49eb16e6004dc47c7c18b228c20
outputs/AURORA_TWETF/stronger_financial_baselines_purged_allocation/run_20260624_034204/weights/daily_weights_B6_00881_only.parquet,daily_weights_B6_00881_only.parquet,.parquet,8846,2026-06-24T03:42:28Z,659ca1de377cce5639bb61fe7b252faf1a680d00924033f7d25019525b405078
outputs/AURORA_TWETF/stronger_financial_baselines_purged_allocation/run_20260624_034204/weights/daily_weights_B7_equal_weight_60_40_cash.csv,daily_weights_B7_equal_weight_60_40_cash.csv,.csv,19109,2026-06-24T03:42:28Z,6b23ee28f05867fec9577ae5a69d3780fd0e1eb4c059a2df75f80b426073cc62
outputs/AURORA_TWETF/stronger_financial_baselines_purged_allocation/run_20260624_034204/weights/daily_weights_B7_equal_weight_60_40_cash.parquet,daily_weights_B7_equal_weight_60_40_cash.parquet,.parquet,8846,2026-06-24T03:42:28Z,343daaac30deca904999a91382cfe44f2814c71cc31294e0f010b927cb389e9f
outputs/AURORA_TWETF/stronger_financial_baselines_purged_allocation/run_20260624_034204/weights/daily_weights_B8_constrained_80_20_cash.csv,daily_weights_B8_constrained_80_20_cash.csv,.csv,18564,2026-06-24T03:42:28Z,d74faf25a5fe7cd7b60fb0e78961efa216bba0be0bf9bd912bb12217fe0c87c7
outputs/AURORA_TWETF/stronger_financial_baselines_purged_allocation/run_20260624_034204/weights/daily_weights_B8_constrained_80_20_cash.parquet,daily_weights_B8_constrained_80_20_cash.parquet,.parquet,8846,2026-06-24T03:42:28Z,f3fd35dbca668305fe965fd9b29329e1674a689aafdcdf6c87da5613b9e15910
outputs/AURORA_TWETF/stronger_financial_baselines_purged_allocation/run_20260624_034204/weights/daily_weights_B9_momentum_top1_63d.csv,daily_weights_B9_momentum_top1_63d.csv,.csv,17225,2026-06-24T03:42:28Z,6ec2d561baa12ffa9382d98211d4677e78359c6a4e69e8dd484eb3d3a8f52e76
outputs/AURORA_TWETF/stronger_financial_baselines_purged_allocation/run_20260624_034204/weights/daily_weights_B9_momentum_top1_63d.parquet,daily_weights_B9_momentum_top1_63d.parquet,.parquet,8946,2026-06-24T03:42:28Z,da25175ca69251a4554648f695a1e9e6a0e316854437b1069b5593fdd1f1c227
outputs/AURORA_TWETF/stronger_financial_baselines_purged_allocation/run_20260624_034204/weights/daily_weights_all_policies.csv,daily_weights_all_policies.csv,.csv,1002361,2026-06-24T03:42:29Z,9a7b633467b812c2b4b77112412da06ef63fab1deb2298767bcf94cb0e385017
outputs/AURORA_TWETF/stronger_financial_baselines_purged_allocation/run_20260624_034204/weights/daily_weights_all_policies.parquet,daily_weights_all_policies.parquet,.parquet,22622,2026-06-24T03:42:29Z,5f54fedfe101332614e47b158b7a608889ec2d0757fd622580983a4b048ac39d
outputs/AURORA_TWETF/stronger_financial_baselines_purged_allocation/run_20260624_034204/weights/signal_weights_AURORA_P0_purged_wf_baseline_60_40.csv,signal_weights_AURORA_P0_purged_wf_baseline_60_40.csv,.csv,55432,2026-06-24T03:42:35Z,5401e15fd479c21714a3d627568be21123cdac099d182857575cfe2ef7938631
outputs/AURORA_TWETF/stronger_financial_baselines_purged_allocation/run_20260624_034204/weights/signal_weights_AURORA_P0_purged_wf_baseline_60_40.parquet,signal_weights_AURORA_P0_purged_wf_baseline_60_40.parquet,.parquet,31906,2026-06-24T03:42:33Z,52951b37b9bfac48903404c24c8c800cade7c4b5682ab97ddeb556c56d0f92e8
outputs/AURORA_TWETF/stronger_financial_baselines_purged_allocation/run_20260624_034204/weights/signal_weights_AURORA_P1_purged_wf_more_60d_30_70.csv,signal_weights_AURORA_P1_purged_wf_more_60d_30_70.csv,.csv,55471,2026-06-24T03:42:36Z,d8d1020821d2368ef604e511363adccb92ccd3da14809d96a26c9cacb20780bd
outputs/AURORA_TWETF/stronger_financial_baselines_purged_allocation/run_20260624_034204/weights/signal_weights_AURORA_P1_purged_wf_more_60d_30_70.parquet,signal_weights_AURORA_P1_purged_wf_more_60d_30_70.parquet,.parquet,31906,2026-06-24T03:42:35Z,399bd8c7bdcebf9c452b3905243be076772cf1e382667f2bff79ef0c9468f724
outputs/AURORA_TWETF/stronger_financial_baselines_purged_allocation/run_20260624_034204/weights/signal_weights_AURORA_P2_purged_wf_low_cash_boost.csv,signal_weights_AURORA_P2_purged_wf_low_cash_boost.csv,.csv,55679,2026-06-24T03:42:37Z,5d0ce89780c64f2abdc2aaee4b8bad9901f9915af3347b89f30490332e9e5c08
outputs/AURORA_TWETF/stronger_financial_baselines_purged_allocation/run_20260624_034204/weights/signal_weights_AURORA_P2_purged_wf_low_cash_boost.parquet,signal_weights_AURORA_P2_purged_wf_low_cash_boost.parquet,.parquet,31906,2026-06-24T03:42:37Z,2d5156ee5b35ba7626275edc364e76571a45db6a7189518882ded9cfeb571739
outputs/AURORA_TWETF/stronger_financial_baselines_purged_allocation/run_20260624_034204/weights/signal_weights_AURORA_P3_purged_wf_no_cash_boost.csv,signal_weights_AURORA_P3_purged_wf_no_cash_boost.csv,.csv,29859,2026-06-24T03:42:33Z,7e6812c3f39bb47892e77489beb370ed29948dd2f457dfcf3f265eebb180735b
outputs/AURORA_TWETF/stronger_financial_baselines_purged_allocation/run_20260624_034204/weights/signal_weights_AURORA_P3_purged_wf_no_cash_boost.parquet,signal_weights_AURORA_P3_purged_wf_no_cash_boost.parquet,.parquet,16654,2026-06-24T03:42:33Z,42884887988f03604c8f50f8f3182c640242146c6ba5a14aff5078b67bdb84e2
outputs/AURORA_TWETF/stronger_financial_baselines_purged_allocation/run_20260624_034204/weights/signal_weights_B10_momentum_top2_63d.csv,signal_weights_B10_momentum_top2_63d.csv,.csv,17177,2026-06-24T03:42:26Z,12e9beb872a3e36932f0e16aa40d2650ea936eae64ca1ea71dd0502d11ba3468
outputs/AURORA_TWETF/stronger_financial_baselines_purged_allocation/run_20260624_034204/weights/signal_weights_B10_momentum_top2_63d.parquet,signal_weights_B10_momentum_top2_63d.parquet,.parquet,9206,2026-06-24T03:42:26Z,90843e779ed650cab0c2d7a981c899449ff16fee1850dec5fe4c5cfadd0939e6
outputs/AURORA_TWETF/stronger_financial_baselines_purged_allocation/run_20260624_034204/weights/signal_weights_B11_momentum_top1_63d_20pct_cash.csv,signal_weights_B11_momentum_top1_63d_20pct_cash.csv,.csv,17177,2026-06-24T03:42:26Z,129e5050ef66e73d8e0064f58580c2208f0baad908e4b1c62966ab990bcc73ec
outputs/AURORA_TWETF/stronger_financial_baselines_purged_allocation/run_20260624_034204/weights/signal_weights_B11_momentum_top1_63d_20pct_cash.parquet,signal_weights_B11_momentum_top1_63d_20pct_cash.parquet,.parquet,9182,2026-06-24T03:42:26Z,cc223966dcc616e4a2e11d53837e8c75d5f2f5348ac3b9bae43ede18f9063336
outputs/AURORA_TWETF/stronger_financial_baselines_purged_allocation/run_20260624_034204/weights/signal_weights_B12_ma_timing_equal_weight.csv,signal_weights_B12_ma_timing_equal_weight.csv,.csv,21289,2026-06-24T03:42:26Z,79b70d6b5604a425f02e08a03dba3b24f22647244dadc9c71f825d367fddf758
outputs/AURORA_TWETF/stronger_financial_baselines_purged_allocation/run_20260624_034204/weights/signal_weights_B12_ma_timing_equal_weight.parquet,signal_weights_B12_ma_timing_equal_weight.parquet,.parquet,8846,2026-06-24T03:42:26Z,6dce1ac3d05d9964ddc294cbffbdac9822920abeb1f035de22d95af7537f1e1e
outputs/AURORA_TWETF/stronger_financial_baselines_purged_allocation/run_20260624_034204/weights/signal_weights_B13_ma_timing_constrained.csv,signal_weights_B13_ma_timing_constrained.csv,.csv,20199,2026-06-24T03:42:26Z,03966b2709b9b83b87a09f4a916cf8d6b08ce60e79fe2fe6f81fbb31ba93c509
outputs/AURORA_TWETF/stronger_financial_baselines_purged_allocation/run_20260624_034204/weights/signal_weights_B13_ma_timing_constrained.parquet,signal_weights_B13_ma_timing_constrained.parquet,.parquet,8846,2026-06-24T03:42:26Z,df00f3e5f6c36718d6fed37f26a210f80ae08f0b1f8eb68e2eeee0e8a3dc8981
outputs/AURORA_TWETF/stronger_financial_baselines_purged_allocation/run_20260624_034204/weights/signal_weights_B14_inverse_volatility_63d.csv,signal_weights_B14_inverse_volatility_63d.csv,.csv,47200,2026-06-24T03:42:26Z,7ebfcc7e9cd1f60336413704747bdcbf0e79edef8b0ab308937d0788a01a0cb2
outputs/AURORA_TWETF/stronger_financial_baselines_purged_allocation/run_20260624_034204/weights/signal_weights_B14_inverse_volatility_63d.parquet,signal_weights_B14_inverse_volatility_63d.parquet,.parquet,26486,2026-06-24T03:42:26Z,aa22bc47e7b8c7cea187163ffc137840f349ad2c4f90aa7388a41d56287ec20f
outputs/AURORA_TWETF/stronger_financial_baselines_purged_allocation/run_20260624_034204/weights/signal_weights_B15_inverse_volatility_63d_20pct_cash.csv,signal_weights_B15_inverse_volatility_63d_20pct_cash.csv,.csv,48705,2026-06-24T03:42:26Z,7e038d4b745f7a35188ff136f24ad1ee41497b87a87f643d73f709d6a006ea89
outputs/AURORA_TWETF/stronger_financial_baselines_purged_allocation/run_20260624_034204/weights/signal_weights_B15_inverse_volatility_63d_20pct_cash.parquet,signal_weights_B15_inverse_volatility_63d_20pct_cash.parquet,.parquet,26634,2026-06-24T03:42:26Z,c6b398e5fecfff8467f23185b0274ffa8554eb8f82d8917fb6029fff0d8ec6be
outputs/AURORA_TWETF/stronger_financial_baselines_purged_allocation/run_20260624_034204/weights/signal_weights_B16_minimum_variance_126d.csv,signal_weights_B16_minimum_variance_126d.csv,.csv,19109,2026-06-24T03:42:27Z,a8a5502f58c4deb81721e67ff13416775a9a9bef51220ad37287b7d178a973db
outputs/AURORA_TWETF/stronger_financial_baselines_purged_allocation/run_20260624_034204/weights/signal_weights_B16_minimum_variance_126d.parquet,signal_weights_B16_minimum_variance_126d.parquet,.parquet,8846,2026-06-24T03:42:27Z,132124019cb5fcd5a6e49a38ecd33e23583f10046e403aeabf35c5cb0a603388
outputs/AURORA_TWETF/stronger_financial_baselines_purged_allocation/run_20260624_034204/weights/signal_weights_B17_risk_parity_proxy_126d.csv,signal_weights_B17_risk_parity_proxy_126d.csv,.csv,43470,2026-06-24T03:42:27Z,43748faea7d99f6214233157986e6e2cacc6b7218a7f382b4c14298f3756ceaf
outputs/AURORA_TWETF/stronger_financial_baselines_purged_allocation/run_20260624_034204/weights/signal_weights_B17_risk_parity_proxy_126d.parquet,signal_weights_B17_risk_parity_proxy_126d.parquet,.parquet,24183,2026-06-24T03:42:27Z,fefa668ab30aee4c796bee216ebbdf27d65f719fc89201c44a74592187b68dd6
outputs/AURORA_TWETF/stronger_financial_baselines_purged_allocation/run_20260624_034204/weights/signal_weights_B18_vol_target_equal_weight_18pct.csv,signal_weights_B18_vol_target_equal_weight_18pct.csv,.csv,42920,2026-06-24T03:42:27Z,155afb8479208bf47efdd658f57654b44ba402dbc66a5974c10b559ef8ff8598
outputs/AURORA_TWETF/stronger_financial_baselines_purged_allocation/run_20260624_034204/weights/signal_weights_B18_vol_target_equal_weight_18pct.parquet,signal_weights_B18_vol_target_equal_weight_18pct.parquet,.parquet,23694,2026-06-24T03:42:27Z,0e30a93c98d0a5ccf7a33a749547f6979a0981e56021f4b7e5b5dd0264584fc4
outputs/AURORA_TWETF/stronger_financial_baselines_purged_allocation/run_20260624_034204/weights/signal_weights_B19_vol_target_constrained_18pct.csv,signal_weights_B19_vol_target_constrained_18pct.csv,.csv,42106,2026-06-24T03:42:27Z,df0db230626f2f2fcaca4ebb73e3a8bd565a1062da8f13676a319e19b3a02a7c
outputs/AURORA_TWETF/stronger_financial_baselines_purged_allocation/run_20260624_034204/weights/signal_weights_B19_vol_target_constrained_18pct.parquet,signal_weights_B19_vol_target_constrained_18pct.parquet,.parquet,23504,2026-06-24T03:42:27Z,8c9fefa765c5ed7775eae35eea86afdf61745bd90904155d7cf9dce34a556514
outputs/AURORA_TWETF/stronger_financial_baselines_purged_allocation/run_20260624_034204/weights/signal_weights_B1_equal_weight_all_etfs.csv,signal_weights_B1_equal_weight_all_etfs.csv,.csv,19109,2026-06-24T03:42:26Z,a8a5502f58c4deb81721e67ff13416775a9a9bef51220ad37287b7d178a973db
outputs/AURORA_TWETF/stronger_financial_baselines_purged_allocation/run_20260624_034204/weights/signal_weights_B1_equal_weight_all_etfs.parquet,signal_weights_B1_equal_weight_all_etfs.parquet,.parquet,8846,2026-06-24T03:42:26Z,132124019cb5fcd5a6e49a38ecd33e23583f10046e403aeabf35c5cb0a603388
outputs/AURORA_TWETF/stronger_financial_baselines_purged_allocation/run_20260624_034204/weights/signal_weights_B2_equal_weight_constrained.csv,signal_weights_B2_equal_weight_constrained.csv,.csv,18019,2026-06-24T03:42:26Z,987b096be23561e838ba39f569571f239135ab99ad72820351637d5723737298
outputs/AURORA_TWETF/stronger_financial_baselines_purged_allocation/run_20260624_034204/weights/signal_weights_B2_equal_weight_constrained.parquet,signal_weights_B2_equal_weight_constrained.parquet,.parquet,8846,2026-06-24T03:42:26Z,d5b93cd988bcbdbfe79e921411accf54fe9d1b8dafdee5c3fe6a734dbc65f791
outputs/AURORA_TWETF/stronger_financial_baselines_purged_allocation/run_20260624_034204/weights/signal_weights_B3_0050_only.csv,signal_weights_B3_0050_only.csv,.csv,16929,2026-06-24T03:42:26Z,6aee5b75da3830fc91b9877791075f5f1d1f488ea4c28473a6b754afd6ff47d8
outputs/AURORA_TWETF/stronger_financial_baselines_purged_allocation/run_20260624_034204/weights/signal_weights_B3_0050_only.parquet,signal_weights_B3_0050_only.parquet,.parquet,8846,2026-06-24T03:42:26Z,02ba112835f9ff90188b01b040ca10826ec326a08ac4b20216e0a6d25a2d9c4c
outputs/AURORA_TWETF/stronger_financial_baselines_purged_allocation/run_20260624_034204/weights/signal_weights_B4_006208_only.csv,signal_weights_B4_006208_only.csv,.csv,16929,2026-06-24T03:42:26Z,d340c1e031fa00258f4d266b42f9429acfa58d7f65c1ee5661159233e99cdae1
outputs/AURORA_TWETF/stronger_financial_baselines_purged_allocation/run_20260624_034204/weights/signal_weights_B4_006208_only.parquet,signal_weights_B4_006208_only.parquet,.parquet,8846,2026-06-24T03:42:26Z,ff2f6ebc9fd8cbc81f817e52624b52e0030da9a0e85a2739dfc66d60080bc7d3
outputs/AURORA_TWETF/stronger_financial_baselines_purged_allocation/run_20260624_034204/weights/signal_weights_B5_00692_only.csv,signal_weights_B5_00692_only.csv,.csv,16929,2026-06-24T03:42:26Z,9b466834a96db278ae350387eb68ad3acfbbbbff13756ceedc9f116f38aa4ca1
outputs/AURORA_TWETF/stronger_financial_baselines_purged_allocation/run_20260624_034204/weights/signal_weights_B5_00692_only.parquet,signal_weights_B5_00692_only.parquet,.parquet,8846,2026-06-24T03:42:26Z,fb2ca221f10c3cce8f3181786fadc4d1bbddc510009cb5387527ab903112bfd0
outputs/AURORA_TWETF/stronger_financial_baselines_purged_allocation/run_20260624_034204/weights/signal_weights_B6_00881_only.csv,signal_weights_B6_00881_only.csv,.csv,16929,2026-06-24T03:42:26Z,9658813b9624392708e313f527b35739da4da49eb16e6004dc47c7c18b228c20
outputs/AURORA_TWETF/stronger_financial_baselines_purged_allocation/run_20260624_034204/weights/signal_weights_B6_00881_only.parquet,signal_weights_B6_00881_only.parquet,.parquet,8846,2026-06-24T03:42:26Z,659ca1de377cce5639bb61fe7b252faf1a680d00924033f7d25019525b405078
outputs/AURORA_TWETF/stronger_financial_baselines_purged_allocation/run_20260624_034204/weights/signal_weights_B7_equal_weight_60_40_cash.csv,signal_weights_B7_equal_weight_60_40_cash.csv,.csv,19109,2026-06-24T03:42:26Z,6b23ee28f05867fec9577ae5a69d3780fd0e1eb4c059a2df75f80b426073cc62
outputs/AURORA_TWETF/stronger_financial_baselines_purged_allocation/run_20260624_034204/weights/signal_weights_B7_equal_weight_60_40_cash.parquet,signal_weights_B7_equal_weight_60_40_cash.parquet,.parquet,8846,2026-06-24T03:42:26Z,343daaac30deca904999a91382cfe44f2814c71cc31294e0f010b927cb389e9f
outputs/AURORA_TWETF/stronger_financial_baselines_purged_allocation/run_20260624_034204/weights/signal_weights_B8_constrained_80_20_cash.csv,signal_weights_B8_constrained_80_20_cash.csv,.csv,18564,2026-06-24T03:42:26Z,d74faf25a5fe7cd7b60fb0e78961efa216bba0be0bf9bd912bb12217fe0c87c7
outputs/AURORA_TWETF/stronger_financial_baselines_purged_allocation/run_20260624_034204/weights/signal_weights_B8_constrained_80_20_cash.parquet,signal_weights_B8_constrained_80_20_cash.parquet,.parquet,8846,2026-06-24T03:42:26Z,f3fd35dbca668305fe965fd9b29329e1674a689aafdcdf6c87da5613b9e15910
outputs/AURORA_TWETF/stronger_financial_baselines_purged_allocation/run_20260624_034204/weights/signal_weights_B9_momentum_top1_63d.csv,signal_weights_B9_momentum_top1_63d.csv,.csv,17177,2026-06-24T03:42:26Z,e1a2140e8d3f91d32f5c831c6845a3f8b7b45714dbdfde3621f953677913baca
outputs/AURORA_TWETF/stronger_financial_baselines_purged_allocation/run_20260624_034204/weights/signal_weights_B9_momentum_top1_63d.parquet,signal_weights_B9_momentum_top1_63d.parquet,.parquet,9170,2026-06-24T03:42:26Z,9cb3e397021c7bf74b4a3419bfcad0a8ee57934a16cd70f5880a3cb3fa9d9fc9
outputs/AURORA_TWETF/supplementary_probability_stress_diagnostics/run_20260712_094904/figures/figure_S24_reliability_TAIEX_regime_fixed_20d.png,figure_S24_reliability_TAIEX_regime_fixed_20d.png,.png,91561,2026-07-12T09:49:12Z,2d243a1e18b2ac46927432fc739afd8274b680f1cd1ba2bb47f9e0da60f9559d
outputs/AURORA_TWETF/supplementary_probability_stress_diagnostics/run_20260712_094904/figures/figure_S24_reliability_TAIEX_regime_fixed_60d.png,figure_S24_reliability_TAIEX_regime_fixed_60d.png,.png,90246,2026-07-12T09:49:12Z,3f5692c16ffbff9bbaca09dbba1094393f98d37705b9e040c480637e044c38ef
outputs/AURORA_TWETF/supplementary_probability_stress_diagnostics/run_20260712_094904/figures/figure_S25_stress_period_drawdown_diagnostic.png,figure_S25_stress_period_drawdown_diagnostic.png,.png,294717,2026-07-12T09:49:13Z,b3b079cbacc01654481bbdadfa961a55a2e3d36d837dc534261959444ea1f957
outputs/AURORA_TWETF/supplementary_probability_stress_diagnostics/run_20260712_094904/reports/NOTEBOOK15B_file_manifest_SHA256.csv,NOTEBOOK15B_file_manifest_SHA256.csv,.csv,1161,2026-07-12T09:49:13Z,a6bd34b1cabaec03fe3905777ca1c30b53750324be72b0f8b45fec1b5f1e24b2
outputs/AURORA_TWETF/supplementary_probability_stress_diagnostics/run_20260712_094904/reports/NOTEBOOK15B_validation_report.json,NOTEBOOK15B_validation_report.json,.json,4947,2026-07-12T09:49:13Z,0a0e18e6cd25a8480147a857531953b4fe8f10775aa672df3c6b3a0a1f28381c
outputs/AURORA_TWETF/supplementary_probability_stress_diagnostics/run_20260712_094904/tables/notebook15B_output_index.csv,notebook15B_output_index.csv,.csv,1720,2026-07-12T09:49:13Z,beb4710f22afec34b947796f34d1813ea8e89d4bac498d23e99524f59f1f42c9
outputs/AURORA_TWETF/supplementary_probability_stress_diagnostics/run_20260712_094904/tables/table_S24_probability_quality_diagnostics.csv,table_S24_probability_quality_diagnostics.csv,.csv,1489,2026-07-12T09:49:12Z,ac82f4c256fb377968d8eeb36944ad605a2e409a50034f63e46f916b398e257e
outputs/AURORA_TWETF/supplementary_probability_stress_diagnostics/run_20260712_094904/tables/table_S24b_reliability_bins.csv,table_S24b_reliability_bins.csv,.csv,2168,2026-07-12T09:49:12Z,228f4229c411d20ed9e1564e329852f57caa6b7e58b5f8ee782f37bbb161dc64
outputs/AURORA_TWETF/supplementary_probability_stress_diagnostics/run_20260712_094904/tables/table_S25_stress_period_decomposition.csv,table_S25_stress_period_decomposition.csv,.csv,4389,2026-07-12T09:49:12Z,f389c01bc8ab0a6a77be02f8d2a03105d3f7f16a075e998ffb0e4c6caa44b8dd
outputs/AURORA_TWETF/tables/figure2_return_matrix_canonical_passive.csv,figure2_return_matrix_canonical_passive.csv,.csv,29534,2026-07-23T14:10:20Z,32238546bc258a55e3b6d6a34bc6afe03f40c2d301be55d39465f17b068cc181
outputs/AURORA_TWETF/tables/figure2_return_matrix_canonical_passive_20260723_140954.csv,figure2_return_matrix_canonical_passive_20260723_140954.csv,.csv,29534,2026-07-23T14:10:20Z,32238546bc258a55e3b6d6a34bc6afe03f40c2d301be55d39465f17b068cc181
outputs/AURORA_TWETF/tables/notebook16_interpretation_helper_20260714_084419.csv,notebook16_interpretation_helper_20260714_084419.csv,.csv,584,2026-07-14T08:46:45Z,fee6274f91a5d380d93b9062b12249139f6d26ebbc9a46e4360983d197c373d3
outputs/AURORA_TWETF/tables/notebook17_interpretation_helper_20260714_161927.csv,notebook17_interpretation_helper_20260714_161927.csv,.csv,1160,2026-07-14T16:22:36Z,c82ccfdba45775eafc8409f2eacc14884d402db322ae9c447ed8943db2af0d91
outputs/AURORA_TWETF/tables/notebook18_interpretation_helper_20260717_082548.csv,notebook18_interpretation_helper_20260717_082548.csv,.csv,902,2026-07-17T08:31:36Z,b92051d300eba57b3a1ce8bb1426895d0a25d3a1c46aac3d36fcd84fa4c495de
outputs/AURORA_TWETF/tables/notebook19_interpretation_helper_20260718_101202.csv,notebook19_interpretation_helper_20260718_101202.csv,.csv,2697,2026-07-18T10:14:55Z,dc26ac6e53f208f4ba8fb0bbfc96e4114fe9cc88de03a17a15d1e1d749464bd3
outputs/AURORA_TWETF/tables/notebook21_22_interpretation_helper_20260722_102750.csv,notebook21_22_interpretation_helper_20260722_102750.csv,.csv,3391,2026-07-22T10:28:54Z,e4ccd44512db17d1948aaa6f393e3b462f248df3bf27a2b9346daba22edc1b7c
outputs/AURORA_TWETF/tables/notebook21_22_interpretation_helper_20260722_133503.csv,notebook21_22_interpretation_helper_20260722_133503.csv,.csv,3260,2026-07-22T13:36:17Z,e313f9b91612493ae0a3937423913c5878f98ab9ffbdcf3750f7c5a7f2397bb2
outputs/AURORA_TWETF/tables/notebook21_etf_price_source_inventory_20260722_133503.csv,notebook21_etf_price_source_inventory_20260722_133503.csv,.csv,530,2026-07-22T13:36:03Z,414250ed1f8016ccf9a24916c551ca49a023fab3a6c75db94e04c690a0a04fe7
outputs/AURORA_TWETF/tables/notebook23_interpretation_helper_20260723_034307.csv,notebook23_interpretation_helper_20260723_034307.csv,.csv,2349,2026-07-23T03:43:29Z,cec15d3b1eaa8f382a8eebaeb5e62662a1602220f821a7f0c4020b84321f5a11
outputs/AURORA_TWETF/tables/notebook23_interpretation_helper_20260723_035525.csv,notebook23_interpretation_helper_20260723_035525.csv,.csv,2357,2026-07-23T03:55:49Z,f82110313beb6c6238914d2756aa91165aa6d0b0e904f4cbf2ce496baf6d2013
outputs/AURORA_TWETF/tables/notebook23_main_text_benchmark_recommendations_20260723_034307.csv,notebook23_main_text_benchmark_recommendations_20260723_034307.csv,.csv,777,2026-07-23T03:43:29Z,386bd2708a14c5138af1f7bd2e0b3a66a118e247e6ef03915a4af6e27062864f
outputs/AURORA_TWETF/tables/notebook23_main_text_benchmark_recommendations_20260723_035525.csv,notebook23_main_text_benchmark_recommendations_20260723_035525.csv,.csv,815,2026-07-23T03:55:49Z,9e5a01d2f4b61afc1772b8b75e2037a64fe3bb4a7257424a0e0ea81b46d4ee64
outputs/AURORA_TWETF/tables/table_01_raw_data_inventory.csv,table_01_raw_data_inventory.csv,.csv,3320,2026-06-23T13:35:49Z,c9cdf40ded450f82a80dc92cf56c7936e4fe5ac18bc6ccd0384abc4dd9e8892d
outputs/AURORA_TWETF/tables/table_02_data_coverage_report.csv,table_02_data_coverage_report.csv,.csv,987,2026-06-23T13:35:50Z,ed9c8a1959ec0ad53405804e654c1ceee290cba8f829561ee2e252089f42bc58
outputs/AURORA_TWETF/tables/table_03_missing_symbols_by_date.csv,table_03_missing_symbols_by_date.csv,.csv,18573,2026-06-23T13:35:50Z,57b01003095e78405118e61c6c8c633ebe69d9e963f553fff662715f9e2bc4da
outputs/AURORA_TWETF/tables/table_04_modeling_calendar_report.csv,table_04_modeling_calendar_report.csv,.csv,223,2026-06-23T13:58:47Z,b93bae6ea590f7f695054e00a1888fdc5d2eecfd4755695cd884c272162dd995
outputs/AURORA_TWETF/tables/table_05_alignment_report.csv,table_05_alignment_report.csv,.csv,800,2026-06-23T13:58:47Z,63cccbec6728e447fea80a8c9bfb4a7d97aaa4cdaa3fb5f023d82ceda6b09ef1
outputs/AURORA_TWETF/tables/table_06_target_distribution_20d_60d.csv,table_06_target_distribution_20d_60d.csv,.csv,861,2026-06-23T13:58:48Z,97b3f239caf6f8ca1bfee7373bc37605434d97fedfb7d6d8a042e493921149f6
outputs/AURORA_TWETF/tables/table_07_leakage_audit.csv,table_07_leakage_audit.csv,.csv,15567,2026-06-23T13:58:48Z,33f76998427ea6a7ec8bfad3c25763c76a29882a57a3068af56ab775f2017e38
outputs/AURORA_TWETF/tables/table_08_feature_inventory.csv,table_08_feature_inventory.csv,.csv,56886,2026-06-23T13:58:48Z,a0d2347eb613828ecaa0d7c6a78961b6bfba216af84a748e709f03d7f93549ec
outputs/AURORA_TWETF/tables/table_09_feature_metadata.csv,table_09_feature_metadata.csv,.csv,41238,2026-06-23T13:58:48Z,29af1f3d7b38ec040957b36b1df04f954a3521ed12abbb3ea7e10a1ea93afb31
outputs/AURORA_TWETF/tables/table_100_block_bootstrap_summary_primary_block_20260624_124834.csv,table_100_block_bootstrap_summary_primary_block_20260624_124834.csv,.csv,11566,2026-06-24T13:07:46Z,25e9c8917c042a33be6cc549fc8adfe6f5107848e1c3447f7fdabfa7de911f25
outputs/AURORA_TWETF/tables/table_101_iid_bootstrap_sensitivity_summary_20260624_124834.csv,table_101_iid_bootstrap_sensitivity_summary_20260624_124834.csv,.csv,9391,2026-06-24T13:12:23Z,9a12a44f3bbd4005c30128bce2e10617913b635a4d6cf01d4c8e63d2f9ecf62b
outputs/AURORA_TWETF/tables/table_102_paper_statistical_decision_table_20260624_124834.csv,table_102_paper_statistical_decision_table_20260624_124834.csv,.csv,9698,2026-06-24T13:12:23Z,8391287ce623c98e9fcec483f82dcda766b8a1f6c7d146d5fe56e163332b2b95
outputs/AURORA_TWETF/tables/table_103_rolling_performance_diagnostics_20260624_124834.csv,table_103_rolling_performance_diagnostics_20260624_124834.csv,.csv,600293,2026-06-24T13:12:23Z,b0d6b6c71d3088b8c2b1e0ad30db4158b4578f3d0d404039fade3f1bd045c4df
outputs/AURORA_TWETF/tables/table_104_equity_and_drawdown_diagnostics_20260624_124834.csv,table_104_equity_and_drawdown_diagnostics_20260624_124834.csv,.csv,259739,2026-06-24T13:12:23Z,47705ca1d2230292d6943cb3e4124816152398094f9953c31a418d86a53c4e83
outputs/AURORA_TWETF/tables/table_105_notebook11_diagnostic_summary_20260624_124834.csv,table_105_notebook11_diagnostic_summary_20260624_124834.csv,.csv,1249,2026-06-24T13:12:35Z,fc8f08c49e1fc77a87c9492c2de578a5513b2ea762bbfc97657e75127997f050
outputs/AURORA_TWETF/tables/table_106_paper_final_performance_table_20260624_142307.csv,table_106_paper_final_performance_table_20260624_142307.csv,.csv,2488,2026-06-24T14:23:11Z,4e6c6a7c5b8a358fb6c237fb98af06e57fc4555254761d94eaafc583f38fdeb8
outputs/AURORA_TWETF/tables/table_107_paper_statistical_inference_table_20260624_142307.csv,table_107_paper_statistical_inference_table_20260624_142307.csv,.csv,4672,2026-06-24T14:23:11Z,9e97436d418d708868bab45e5baa83644631b3b464032ea6ead7851ceddd6870
outputs/AURORA_TWETF/tables/table_108_paper_methodology_progression_table_20260624_142307.csv,table_108_paper_methodology_progression_table_20260624_142307.csv,.csv,1108,2026-06-24T14:23:12Z,15feddb6d95ec6db7f560ae8d5bb16d82601c52e46537b905becef42f0801cee
outputs/AURORA_TWETF/tables/table_109_paper_aurora10_uamv_b_configuration_20260624_142307.csv,table_109_paper_aurora10_uamv_b_configuration_20260624_142307.csv,.csv,585,2026-06-24T14:23:12Z,2c96d3c5726c0b792c00df339156071ebbc783173f96a7f2ee0dd3d22b54b1c1
outputs/AURORA_TWETF/tables/table_10_model_zoo_split_report_20260623_145728.csv,table_10_model_zoo_split_report_20260623_145728.csv,.csv,128,2026-06-23T14:57:33Z,9451aaf32552d51f0d25670fc2ce4603a42b15b7442eabb1178901a193b2db7f
outputs/AURORA_TWETF/tables/table_10_modeling_missing_by_date.csv,table_10_modeling_missing_by_date.csv,.csv,23070,2026-06-23T13:58:48Z,298b46e40d46b105d936cf153c694a4c6907d74fb3995c8a996a88d0c0ae240e
outputs/AURORA_TWETF/tables/table_110_paper_figure_captions_20260624_142307.csv,table_110_paper_figure_captions_20260624_142307.csv,.csv,723,2026-06-24T14:23:15Z,3aad36df9ba0ea604a4d206ce3cb8856baabb6381b3aacc31b0afaeaf497e75e
outputs/AURORA_TWETF/tables/table_111_paper_final_evidence_summary_20260624_142307.csv,table_111_paper_final_evidence_summary_20260624_142307.csv,.csv,1118,2026-06-24T14:23:15Z,ed4b2a0d248822585fedf1b90fcbe84bbad9ceb05e2e8b2c8aa244a46d1ed366
outputs/AURORA_TWETF/tables/table_112_notebook12_output_index_20260624_142307.csv,table_112_notebook12_output_index_20260624_142307.csv,.csv,4975,2026-06-24T14:23:15Z,cbc6ac19ea92939becf9e954dcbbb100abce33834bdcc45d4d5f8e3edcf62209
outputs/AURORA_TWETF/tables/table_11_data_preparation_summary.csv,table_11_data_preparation_summary.csv,.csv,312,2026-06-23T13:58:49Z,85f7615d44b36e7faf3516091e8f88fec9aa1b5d1d76e90c6621ad1c7958b080
outputs/AURORA_TWETF/tables/table_11_target_split_distribution_TAIEX_regime_fixed_20d_20260623_145728.csv,table_11_target_split_distribution_TAIEX_regime_fixed_20d_20260623_145728.csv,.csv,983,2026-06-23T14:57:35Z,822f9b87c64f97b97b1ee73724ae6b8d31bbf5b33d1102da7c3ea3d423b20a0f
outputs/AURORA_TWETF/tables/table_11_target_split_distribution_TAIEX_regime_fixed_60d_20260623_145728.csv,table_11_target_split_distribution_TAIEX_regime_fixed_60d_20260623_145728.csv,.csv,951,2026-06-23T14:58:29Z,1b2c0045afba1d66b1615776bc266665134bdb080d1abda63e1d2c5f5cfac7f5
outputs/AURORA_TWETF/tables/table_12_model_zoo_metrics_all_20260623_145728.csv,table_12_model_zoo_metrics_all_20260623_145728.csv,.csv,21661,2026-06-23T14:59:24Z,1779c5ae6e0262c987361e35d8eb1a3c6d1d34097bbe2be4ceca65037de10469
outputs/AURORA_TWETF/tables/table_13_model_zoo_classification_reports_all_20260623_145728.csv,table_13_model_zoo_classification_reports_all_20260623_145728.csv,.csv,56319,2026-06-23T14:59:24Z,486eec0fa71ce0dcec80fa0abc0024329c447431cad1bd47fa7dabd3b690e869
outputs/AURORA_TWETF/tables/table_14_feature_importance_all_models_20260623_145728.csv,table_14_feature_importance_all_models_20260623_145728.csv,.csv,495611,2026-06-23T14:59:24Z,286722ebb398cf1fb2d5e7b6cd7b01ab07143259b445c899e89392ac1ca64e10
outputs/AURORA_TWETF/tables/table_15_model_zoo_leaderboards_20260623_145728.csv,table_15_model_zoo_leaderboards_20260623_145728.csv,.csv,17119,2026-06-23T14:59:24Z,7d3ef47410541369d2a1722ef3364dc39a869534847c3948096a7840e4fe1502
outputs/AURORA_TWETF/tables/table_16_ordinal_split_report_20260623_151920.csv,table_16_ordinal_split_report_20260623_151920.csv,.csv,128,2026-06-23T15:19:23Z,9451aaf32552d51f0d25670fc2ce4603a42b15b7442eabb1178901a193b2db7f
outputs/AURORA_TWETF/tables/table_17_ordinal_target_split_distribution_TAIEX_regime_fixed_20d_20260623_151920.csv,table_17_ordinal_target_split_distribution_TAIEX_regime_fixed_20d_20260623_151920.csv,.csv,983,2026-06-23T15:19:23Z,822f9b87c64f97b97b1ee73724ae6b8d31bbf5b33d1102da7c3ea3d423b20a0f
outputs/AURORA_TWETF/tables/table_17_ordinal_target_split_distribution_TAIEX_regime_fixed_60d_20260623_151920.csv,table_17_ordinal_target_split_distribution_TAIEX_regime_fixed_60d_20260623_151920.csv,.csv,951,2026-06-23T15:21:12Z,1b2c0045afba1d66b1615776bc266665134bdb080d1abda63e1d2c5f5cfac7f5
outputs/AURORA_TWETF/tables/table_18_ordinal_uncertainty_metrics_all_20260623_151920.csv,table_18_ordinal_uncertainty_metrics_all_20260623_151920.csv,.csv,48040,2026-06-23T15:22:59Z,add7b4757d5485071c40e7e18ea20d6bc4cf3839eab006e0dedd166ef163e0e0
outputs/AURORA_TWETF/tables/table_19_ordinal_uncertainty_classification_reports_all_20260623_151920.csv,table_19_ordinal_uncertainty_classification_reports_all_20260623_151920.csv,.csv,114182,2026-06-23T15:22:59Z,9543db68024173d91bfc9bc0e2facf6616ad5bc3034b293d9bc8e5237f591a82
outputs/AURORA_TWETF/tables/table_20_ordinal_feature_importance_all_20260623_151920.csv,table_20_ordinal_feature_importance_all_20260623_151920.csv,.csv,1545588,2026-06-23T15:23:00Z,a781feb821ac4e56a01e523206a798664829c44227b1b7ade0f9ae4b2abb2531
outputs/AURORA_TWETF/tables/table_21_calibration_all_ordinal_uncertainty_models_20260623_151920.csv,table_21_calibration_all_ordinal_uncertainty_models_20260623_151920.csv,.csv,126757,2026-06-23T15:23:00Z,00c173ac593b840c5bafe9fe0b03ef7d598685f170c82903a3eb45491e4b5de9
outputs/AURORA_TWETF/tables/table_22_ordinal_model_training_summary_20260623_151920.csv,table_22_ordinal_model_training_summary_20260623_151920.csv,.csv,9414,2026-06-23T15:23:00Z,815295cceed4a3157e13c6900fd9d662ae5253825b8c3026d19d0dd0a6e4859a
outputs/AURORA_TWETF/tables/table_23_ordinal_uncertainty_leaderboards_20260623_151920.csv,table_23_ordinal_uncertainty_leaderboards_20260623_151920.csv,.csv,35920,2026-06-23T15:23:00Z,6581733dae1763da7f5ba2dfc885d525e2bb8b5f20cff49753a0fa895f37fa58
outputs/AURORA_TWETF/tables/table_24_selected_models_for_allocation_20260623_151920.csv,table_24_selected_models_for_allocation_20260623_151920.csv,.csv,528,2026-06-23T15:23:07Z,45af9fbab1dcd233ce006a591ddfcd8ef9a7ff03047bcd4b8283ee508c4776d5
outputs/AURORA_TWETF/tables/table_25_adjusted_model_selection_policy_before_05_20260623_155549.csv,table_25_adjusted_model_selection_policy_before_05_20260623_155549.csv,.csv,1594,2026-06-23T15:56:12Z,0c00fe16e619ca368f605c24587e090f166fd7d1dc211fd001f572c77342e0f4
outputs/AURORA_TWETF/tables/table_26_notebook05_input_index_20260623_155549.csv,table_26_notebook05_input_index_20260623_155549.csv,.csv,13279,2026-06-23T15:56:06Z,5a4cab43134c36cb80ed0ea86542618e1c3d1294e26b53ff096e141179e6d7c5
outputs/AURORA_TWETF/tables/table_27_adjusted_model_comparison_before_05_20260623_155549.csv,table_27_adjusted_model_comparison_before_05_20260623_155549.csv,.csv,6651,2026-06-23T15:56:06Z,e4fba7679a19b477d4d3691bf780459f6e6ffdb5cb2b7b6733d159deb046ff6e
outputs/AURORA_TWETF/tables/table_28_policy_components_20260624_004516.csv,table_28_policy_components_20260624_004516.csv,.csv,1138,2026-06-24T00:46:17Z,2d905175b48d0a51b85215606018a5b7ec47050095d681b2347471b4216fb78f
outputs/AURORA_TWETF/tables/table_29_allocation_performance_20260624_004516.csv,table_29_allocation_performance_20260624_004516.csv,.csv,3348,2026-06-24T00:46:28Z,539b75e656269acf8762def4e6649760e2f2eef04180f9b04d9fb3e2cbc888e6
outputs/AURORA_TWETF/tables/table_30_allocation_test_only_performance_20260624_004516.csv,table_30_allocation_test_only_performance_20260624_004516.csv,.csv,3103,2026-06-24T00:46:28Z,5cdac889cd466d0b2f21e9a588410f6bf0c2e89040d793654c0e18500e426d2f
outputs/AURORA_TWETF/tables/table_31_allocation_policy_rankings_20260624_004516.csv,table_31_allocation_policy_rankings_20260624_004516.csv,.csv,3659,2026-06-24T00:46:34Z,42d57175b5644480f4795c23f55ef19d84489772b9e93821abce7114a119d657
outputs/AURORA_TWETF/tables/table_32_allocation_robustness_policies_20260624_004516.csv,table_32_allocation_robustness_policies_20260624_004516.csv,.csv,2645,2026-06-24T00:46:34Z,f7f036111a4da791079dca8e9f16d306cf379e06257a924e135c4697b44f4c0d
outputs/AURORA_TWETF/tables/table_33_stress_test_metrics_all_20260624_012818.csv,table_33_stress_test_metrics_all_20260624_012818.csv,.csv,80077,2026-06-24T01:43:17Z,0eda00b1039be7fb3b0535528b36483cb98105b58d8577bb8828e4db8b72ee7c
outputs/AURORA_TWETF/tables/table_34_stress_test_policy_components_20260624_012818.csv,table_34_stress_test_policy_components_20260624_012818.csv,.csv,30203,2026-06-24T01:43:17Z,01d8cd7c38644f502d958da6f4b5ec193d0bd90b49c9343aa028696ecb7f811c
outputs/AURORA_TWETF/tables/table_35_stress_test_feature_weight_summary_20260624_012818.csv,table_35_stress_test_feature_weight_summary_20260624_012818.csv,.csv,36712,2026-06-24T01:43:17Z,a46bfdf58f949b1a5e9378a84f3b2e6e09c1e961259eee19424e752bcecfb77b
outputs/AURORA_TWETF/tables/table_36_stress_test_metrics_test_only_20260624_012818.csv,table_36_stress_test_metrics_test_only_20260624_012818.csv,.csv,80374,2026-06-24T01:57:46Z,328e289994a20c08819e2b86a3c8c0da0950e44ff9d381770388faa9a41c1ffa
outputs/AURORA_TWETF/tables/table_37_stress_test_rankings_full_period_20260624_012818.csv,table_37_stress_test_rankings_full_period_20260624_012818.csv,.csv,87688,2026-06-24T01:57:46Z,1d9efe628466a1a0c01d14ef6d16296ddb984191cf30935eab2b552a58a1aa8a
outputs/AURORA_TWETF/tables/table_38_stress_test_rankings_test_only_20260624_012818.csv,table_38_stress_test_rankings_test_only_20260624_012818.csv,.csv,85915,2026-06-24T01:57:46Z,c878c4feb7f94ce3fdd482a5aa8fd92678c7b6f25aaea3c924c845c9a13bf164
outputs/AURORA_TWETF/tables/table_39_best_active_policy_by_scenario_full_20260624_012818.csv,table_39_best_active_policy_by_scenario_full_20260624_012818.csv,.csv,10363,2026-06-24T01:57:46Z,25100e263385fde2b1819e1be78e826f955e27961da5af0b0734b5f8ffca0c05
outputs/AURORA_TWETF/tables/table_40_best_active_policy_by_scenario_test_20260624_012818.csv,table_40_best_active_policy_by_scenario_test_20260624_012818.csv,.csv,10266,2026-06-24T01:57:46Z,8507ecc624a53b7b11fe91574036f03d93e426105fa8e53d0b42f245677be3dd
outputs/AURORA_TWETF/tables/table_41_primary_policy_vs_b1_by_scenario_20260624_012818.csv,table_41_primary_policy_vs_b1_by_scenario_20260624_012818.csv,.csv,4515,2026-06-24T01:57:46Z,05810a4d6c9d763cb19e62f98d81e7fe454e2eb5a68a250b8a8ef0eb5fca04bf
outputs/AURORA_TWETF/tables/table_42_paper_baseline_allocation_results_20260624_012818.csv,table_42_paper_baseline_allocation_results_20260624_012818.csv,.csv,1886,2026-06-24T01:57:52Z,2104a1d0088bcae5cee4b8b4ebcf2fd69db1d95753efa91009b0bc0d97910abf
outputs/AURORA_TWETF/tables/table_43_paper_primary_policy_stress_tests_20260624_012818.csv,table_43_paper_primary_policy_stress_tests_20260624_012818.csv,.csv,4431,2026-06-24T01:57:52Z,b3f49032bdcf712623900902b24f391d8f91e8395551f0605995c6324c6ab7b1
outputs/AURORA_TWETF/tables/table_44_paper_best_active_policy_by_scenario_20260624_012818.csv,table_44_paper_best_active_policy_by_scenario_20260624_012818.csv,.csv,3379,2026-06-24T01:57:52Z,a4c8c74c8f861dec0dfe76831a62fd3b8e3c8a7a49408ba6053f469cc0d1726a
outputs/AURORA_TWETF/tables/table_45_paper_primary_vs_b1_20260624_012818.csv,table_45_paper_primary_vs_b1_20260624_012818.csv,.csv,4515,2026-06-24T01:57:52Z,05810a4d6c9d763cb19e62f98d81e7fe454e2eb5a68a250b8a8ef0eb5fca04bf
outputs/AURORA_TWETF/tables/table_46_underperformance_diagnosis_20260624_012818.csv,table_46_underperformance_diagnosis_20260624_012818.csv,.csv,848,2026-06-24T01:57:52Z,7b170c5b633f1fbddfa1cc27dd448607ccc6c323100ee3eedd09ef6c15412efc
outputs/AURORA_TWETF/tables/table_47_purged_walk_forward_split_report_20260624_031817.csv,table_47_purged_walk_forward_split_report_20260624_031817.csv,.csv,1198,2026-06-24T03:18:20Z,df4297ab8d437d5ec86babcd7c3a77103ee0fcf97e9feb15dda463602b4e9566
outputs/AURORA_TWETF/tables/table_48_purged_walk_forward_metrics_all_20260624_031817.csv,table_48_purged_walk_forward_metrics_all_20260624_031817.csv,.csv,379011,2026-06-24T03:27:15Z,0b882d22bb5a0e66f990c261e70bb4beacda4e6fd1516088af48fb2ae1784b13
outputs/AURORA_TWETF/tables/table_49_purged_walk_forward_classification_reports_20260624_031817.csv,table_49_purged_walk_forward_classification_reports_20260624_031817.csv,.csv,396352,2026-06-24T03:27:15Z,09cd325ead9b229e2703d5d4ba0841b90a14140f783d60077b16a3e821379c8e
outputs/AURORA_TWETF/tables/table_50_purged_walk_forward_confusion_counts_20260624_031817.csv,table_50_purged_walk_forward_confusion_counts_20260624_031817.csv,.csv,1007935,2026-06-24T03:27:15Z,6627123c502093185cd36f68dd8deb52f8a9aec766d71b2c469ab0dbccfe027e
outputs/AURORA_TWETF/tables/table_51_temperature_scaling_calibration_summary_20260624_031817.csv,table_51_temperature_scaling_calibration_summary_20260624_031817.csv,.csv,44144,2026-06-24T03:27:16Z,cf58e842a5dcfa42015e688795e6b7f07833e8b368d958c1fbd1831ef87c20c8
outputs/AURORA_TWETF/tables/table_52_purged_walk_forward_fit_times_20260624_031817.csv,table_52_purged_walk_forward_fit_times_20260624_031817.csv,.csv,14918,2026-06-24T03:27:16Z,e7a13fa626f17257534ecb9f670ed89ea82a361546adbfc2398fe063b5b57698
outputs/AURORA_TWETF/tables/table_53_leaderboard_validation_by_fold_20260624_031817.csv,table_53_leaderboard_validation_by_fold_20260624_031817.csv,.csv,85742,2026-06-24T03:27:20Z,1b58b316efb04891756e6011e74e3f64109a6edf97ee80fa112e8706fa7846ce
outputs/AURORA_TWETF/tables/table_54_leaderboard_test_by_fold_20260624_031817.csv,table_54_leaderboard_test_by_fold_20260624_031817.csv,.csv,83403,2026-06-24T03:27:20Z,8ff45ba29a55b73f124132144057ac8612f05424aade74ea16aab9847249dc65
outputs/AURORA_TWETF/tables/table_55_aggregate_metrics_by_model_20260624_031817.csv,table_55_aggregate_metrics_by_model_20260624_031817.csv,.csv,52606,2026-06-24T03:27:20Z,5d96c75bc5dd7fa01767041aa8da703f000090035c0d4895ebc142fd632cffdb
outputs/AURORA_TWETF/tables/table_56_aggregate_leaderboard_by_model_20260624_031817.csv,table_56_aggregate_leaderboard_by_model_20260624_031817.csv,.csv,58782,2026-06-24T03:27:20Z,7e17ecd4d4edd53b60e1a080e794dac039dcaa397070d2722dc15b10f4f682c2
outputs/AURORA_TWETF/tables/table_57_selected_models_for_allocation_purged_walk_forward_20260624_031817.csv,table_57_selected_models_for_allocation_purged_walk_forward_20260624_031817.csv,.csv,743,2026-06-24T03:27:20Z,ffff65a30ae3add127e30b85ef5c088b42e1f0d1bb08ae1f1db0349046c669e5
outputs/AURORA_TWETF/tables/table_58_allocation_input_index_purged_wf_20260624_031817.csv,table_58_allocation_input_index_purged_wf_20260624_031817.csv,.csv,2250,2026-06-24T03:27:20Z,36d83eafe4e6f15f50062d40536e3dae7ba8adb61ec12485f12964eb73fa168e
outputs/AURORA_TWETF/tables/table_59_stronger_baseline_allocation_performance_oos_20260624_034204.csv,table_59_stronger_baseline_allocation_performance_oos_20260624_034204.csv,.csv,8824,2026-06-24T03:42:29Z,2949328b30b937057c0dd150359e4fdafe660c042a09138a1c95c2d4d9773fbf
outputs/AURORA_TWETF/tables/table_60_stronger_baseline_allocation_performance_test_only_20260624_034204.csv,table_60_stronger_baseline_allocation_performance_test_only_20260624_034204.csv,.csv,8421,2026-06-24T03:42:29Z,96103b91f7ef67754b2da3e7c260a835772d180e1f486d0c10c2800bb85b5656
outputs/AURORA_TWETF/tables/table_61_allocation_rankings_oos_20260624_034204.csv,table_61_allocation_rankings_oos_20260624_034204.csv,.csv,9554,2026-06-24T03:42:29Z,548ad108db860a02f523fd377100082985011528d43f6f1463f85ffdccdbfff4
outputs/AURORA_TWETF/tables/table_62_allocation_rankings_test_only_20260624_034204.csv,table_62_allocation_rankings_test_only_20260624_034204.csv,.csv,9152,2026-06-24T03:42:29Z,3aa15097da20a88cefef66c233d25fb6c790ae16d3b4e9fcd3b58a092aa207c3
outputs/AURORA_TWETF/tables/table_63_aurora_vs_best_benchmark_20260624_034204.csv,table_63_aurora_vs_best_benchmark_20260624_034204.csv,.csv,2197,2026-06-24T03:42:29Z,9f91f0c2f22181962d3a22a6e09eacd17faf07aee9f2d217a5eb334bcdeb4725
outputs/AURORA_TWETF/tables/table_64_policy_descriptions_stronger_baselines_20260624_034204.csv,table_64_policy_descriptions_stronger_baselines_20260624_034204.csv,.csv,3494,2026-06-24T03:42:29Z,6711f619d59cc1f3a812034222ab7d3b2e3fd916f3b539d567f6ac549de4af1b
outputs/AURORA_TWETF/tables/table_65_notebook08_diagnostic_summary_20260624_034204.csv,table_65_notebook08_diagnostic_summary_20260624_034204.csv,.csv,566,2026-06-24T03:42:35Z,5691e7e127764ec30fb07fc9a106c69965615ed89a2deaa2854eb4f6ffc2a7bf
outputs/AURORA_TWETF/tables/table_66_aligned_evaluation_date_report_20260624_070827.csv,table_66_aligned_evaluation_date_report_20260624_070827.csv,.csv,394,2026-06-24T07:08:35Z,52a53621940ac6c33c1fdd40c38a968f9131c877fa9ddc9af6419bede79addc8
outputs/AURORA_TWETF/tables/table_67_aligned_oos_performance_20260624_070827.csv,table_67_aligned_oos_performance_20260624_070827.csv,.csv,8990,2026-06-24T07:08:40Z,df0028bb4209949b8497f0eae48bf15c73848af69f98308214f4a606f29ec2d8
outputs/AURORA_TWETF/tables/table_68_aligned_test_only_performance_20260624_070827.csv,table_68_aligned_test_only_performance_20260624_070827.csv,.csv,8802,2026-06-24T07:08:40Z,10cbdc2d93b37ba4df12d79418a1ac46ff63e6d1ccc6b00f521f124bc4078ff5
outputs/AURORA_TWETF/tables/table_69_aligned_oos_rankings_20260624_070827.csv,table_69_aligned_oos_rankings_20260624_070827.csv,.csv,9720,2026-06-24T07:08:40Z,8665c97a732f848ab93b10317850240bc9ef6804b49e7f0969562ff0592dd000
outputs/AURORA_TWETF/tables/table_70_aligned_test_only_rankings_20260624_070827.csv,table_70_aligned_test_only_rankings_20260624_070827.csv,.csv,9534,2026-06-24T07:08:40Z,9c92c3de69ce03165b09bb8397a45a1af0baa7ae09de81c8b02b1467bdaf3745
outputs/AURORA_TWETF/tables/table_71_aligned_aurora_vs_best_benchmark_20260624_070827.csv,table_71_aligned_aurora_vs_best_benchmark_20260624_070827.csv,.csv,3499,2026-06-24T07:08:40Z,98d3fe41862f7b472e26311eacb070d2be6da91d49e52997c45e4f98483259eb
outputs/AURORA_TWETF/tables/table_72_notebook08_vs_08B_alignment_comparison_20260624_070827.csv,table_72_notebook08_vs_08B_alignment_comparison_20260624_070827.csv,.csv,10042,2026-06-24T07:08:41Z,0617f183986bf9f84e9c7ef9f53c9a4d59ef15d63cc1a55f622083a815d24241
outputs/AURORA_TWETF/tables/table_73_aligned_diagnostic_summary_20260624_070827.csv,table_73_aligned_diagnostic_summary_20260624_070827.csv,.csv,1057,2026-06-24T07:08:41Z,80c6a2032bd68b4476843d4d3aab6459173c2f5659c50ebe893a193491ede11e
outputs/AURORA_TWETF/tables/table_74_candidate_template_metadata_20260624_072914.csv,table_74_candidate_template_metadata_20260624_072914.csv,.csv,73075,2026-06-24T07:29:31Z,36c835f90d5407673eec89e0c12c4627eea2daa358a874775fa064286dd107ca
outputs/AURORA_TWETF/tables/table_75_validation_template_search_samples_20260624_072914.csv,table_75_validation_template_search_samples_20260624_072914.csv,.csv,78783,2026-06-24T09:33:06Z,ef6a8523fc25fd56b406fef57fde7ea80e77cb173b446881340c93256a917634
outputs/AURORA_TWETF/tables/table_76_selected_validation_optimized_templates_20260624_072914.csv,table_76_selected_validation_optimized_templates_20260624_072914.csv,.csv,5367,2026-06-24T09:33:06Z,5b870ad89240910a21283e2f9585dbdd458eeac85d6ef83885dd62d8bfa4cb96
outputs/AURORA_TWETF/tables/table_77_fold_validation_metrics_optimized_templates_20260624_072914.csv,table_77_fold_validation_metrics_optimized_templates_20260624_072914.csv,.csv,5945,2026-06-24T09:33:06Z,368c7fe52ab84cd3b1a50ae45e28e2444fab26c61090f47b1d2e0d892237cc9a
outputs/AURORA_TWETF/tables/table_78_fold_test_metrics_optimized_templates_20260624_072914.csv,table_78_fold_test_metrics_optimized_templates_20260624_072914.csv,.csv,5876,2026-06-24T09:33:06Z,0a69c4cb8e4a30b9bb9addd808536ea35038e463b6af7a0b226ec0e420690521
outputs/AURORA_TWETF/tables/table_79_selected_templates_long_format_20260624_072914.csv,table_79_selected_templates_long_format_20260624_072914.csv,.csv,34281,2026-06-24T09:33:06Z,ddc1fc52e97293ec964b8fc6c76ac9d0108b6fea8edaf02daee5c828576a48e9
outputs/AURORA_TWETF/tables/table_80_aggregate_test_metrics_optimized_templates_20260624_072914.csv,table_80_aggregate_test_metrics_optimized_templates_20260624_072914.csv,.csv,2087,2026-06-24T09:33:06Z,39221dd5b37bbeebff9160cea1bebea0682e803524cc4985dd7ec8a673a53424
outputs/AURORA_TWETF/tables/table_81_comparison_metrics_optimized_vs_benchmarks_20260624_072914.csv,table_81_comparison_metrics_optimized_vs_benchmarks_20260624_072914.csv,.csv,8501,2026-06-24T09:33:07Z,7c722bf000266a62863994975b327038b5d1d0450abe672bc528844434ba6557
outputs/AURORA_TWETF/tables/table_82_comparison_rankings_optimized_vs_benchmarks_20260624_072914.csv,table_82_comparison_rankings_optimized_vs_benchmarks_20260624_072914.csv,.csv,9231,2026-06-24T09:33:08Z,52bcdfcd43a56c83055ee759609d703eec0b5f60a283615b3a131b2f677fff87
outputs/AURORA_TWETF/tables/table_83_optimized_aurora_vs_best_benchmark_20260624_072914.csv,table_83_optimized_aurora_vs_best_benchmark_20260624_072914.csv,.csv,2027,2026-06-24T09:33:08Z,7e472b863053487893292d10af41e8765fcd3ac17022e9fc532e918037a05d64
outputs/AURORA_TWETF/tables/table_84_notebook09_diagnostic_summary_20260624_072914.csv,table_84_notebook09_diagnostic_summary_20260624_072914.csv,.csv,758,2026-06-24T09:33:08Z,43d66b5e6c8a4d0539ab5f6abccf96b840552afacfa21ec1162cc3586cbb059b
outputs/AURORA_TWETF/tables/table_85_selected_optimized_template_policy_for_future_allocation_20260624_072914.csv,table_85_selected_optimized_template_policy_for_future_allocation_20260624_072914.csv,.csv,1704,2026-06-24T09:33:08Z,745506d1508ce36c45a8e7cfdad6fe1be2894174b3960178f09ec1f8fdd9198f
outputs/AURORA_TWETF/tables/table_86_notebook10_optimized_template_index_20260624_072914.csv,table_86_notebook10_optimized_template_index_20260624_072914.csv,.csv,1099,2026-06-24T09:33:08Z,264c457e87b6ad1b679095e63106ad77aa0d288ffde77b72e4f3627a347ad811
outputs/AURORA_TWETF/tables/table_87_fold_validation_metrics_uamv_20260624_100748.csv,table_87_fold_validation_metrics_uamv_20260624_100748.csv,.csv,6936,2026-06-24T10:08:39Z,f170152aca33c8a17278658459e390248d8cc49435ad805cd39b3aa71d6db72a
outputs/AURORA_TWETF/tables/table_88_fold_test_metrics_uamv_20260624_100748.csv,table_88_fold_test_metrics_uamv_20260624_100748.csv,.csv,7035,2026-06-24T10:08:39Z,36170efa1f4250de981e0f337e91c10389148f6d8a9bded9b0fa5112d6463113
outputs/AURORA_TWETF/tables/table_89_fold_selected_uamv_strategies_20260624_100748.csv,table_89_fold_selected_uamv_strategies_20260624_100748.csv,.csv,837,2026-06-24T10:08:39Z,b61dae712982300c6f28827fdf752c2531493d679caca0d8e54f30f4f6563641
outputs/AURORA_TWETF/tables/table_90_aggregate_test_metrics_uamv_20260624_100748.csv,table_90_aggregate_test_metrics_uamv_20260624_100748.csv,.csv,2337,2026-06-24T10:08:40Z,b3f96ace686b48eed7da3e2711a4bc78aa9858173a89cfe9f40c9eac71a8eb17
outputs/AURORA_TWETF/tables/table_91_aggregate_test_metrics_validation_selected_uamv_20260624_100748.csv,table_91_aggregate_test_metrics_validation_selected_uamv_20260624_100748.csv,.csv,694,2026-06-24T10:08:40Z,c61eabd7167afeaa07834bfc8258c9d277dff155cccc33c71f1da6a5dd0945e7
outputs/AURORA_TWETF/tables/table_92_comparison_metrics_uamv_vs_benchmarks_20260624_100748.csv,table_92_comparison_metrics_uamv_vs_benchmarks_20260624_100748.csv,.csv,9877,2026-06-24T10:08:41Z,69a81fa62696368f3e2a007f20a04fb8e3c243a4c2dc13e26ef6e48d4788f5be
outputs/AURORA_TWETF/tables/table_93_comparison_rankings_uamv_vs_benchmarks_20260624_100748.csv,table_93_comparison_rankings_uamv_vs_benchmarks_20260624_100748.csv,.csv,10669,2026-06-24T10:08:41Z,5de94e09c5f6fb54fd4d849b3c510d48e18839187114dbeba6360a2840caef79
outputs/AURORA_TWETF/tables/table_94_uamv_aurora_vs_best_benchmark_20260624_100748.csv,table_94_uamv_aurora_vs_best_benchmark_20260624_100748.csv,.csv,2813,2026-06-24T10:08:41Z,89046094bbb6a1b1db3a6bf29ed9eb165c95b9a187fc41f169efc7726d8eeb75
outputs/AURORA_TWETF/tables/table_95_notebook10_diagnostic_summary_20260624_100748.csv,table_95_notebook10_diagnostic_summary_20260624_100748.csv,.csv,805,2026-06-24T10:08:41Z,a05b8245e30258c925f7f52eb5603016175358e016f37f1156277c6c4d30abf6
outputs/AURORA_TWETF/tables/table_96_notebook11_uamv_index_20260624_100748.csv,table_96_notebook11_uamv_index_20260624_100748.csv,.csv,1297,2026-06-24T10:08:41Z,c3c6c263053d243cace54bb73e7bea381ff0b490e2a0519bb08afdc3b7c39af6
outputs/AURORA_TWETF/tables/table_97_observed_paired_performance_differences_20260624_124834.csv,table_97_observed_paired_performance_differences_20260624_124834.csv,.csv,6297,2026-06-24T12:48:37Z,dc5233ceb33b0e4d708a9a609d6e793adede59cab204ef2e5865667cbcefaa81
outputs/AURORA_TWETF/tables/table_98_hac_newey_west_mean_excess_return_tests_20260624_124834.csv,table_98_hac_newey_west_mean_excess_return_tests_20260624_124834.csv,.csv,1439,2026-06-24T12:48:37Z,a552e5389e366652299b330b6c8e456d4585fe09500be35c3cfe40c74ac3cb06
outputs/AURORA_TWETF/tables/table_99_block_bootstrap_summary_all_blocks_20260624_124834.csv,table_99_block_bootstrap_summary_all_blocks_20260624_124834.csv,.csv,45548,2026-06-24T13:07:46Z,049b13e3e5a9c47fc5f35d593bbe1abc2dbc8234a8d9480f09c007b849fd7fe0
outputs/AURORA_TWETF/tables/table_S22_aurora_component_ablation_results_20260711_150104.csv,table_S22_aurora_component_ablation_results_20260711_150104.csv,.csv,3755,2026-07-11T15:01:37Z,2fdf961438100d87152b29a05d126193fb235575202c7776489f405bb13660f4
outputs/AURORA_TWETF/tables/table_S23_cash_turnover_diagnostics_ablation_20260711_150104.csv,table_S23_cash_turnover_diagnostics_ablation_20260711_150104.csv,.csv,2249,2026-07-11T15:01:37Z,5513caabb741e650dabde79207c5cf85cb7f4ad4b0f8a471da56e98146a1dc54
outputs/AURORA_TWETF/tables/table_S25b_probability_skill_baselines_20260718_095752.csv,table_S25b_probability_skill_baselines_20260718_095752.csv,.csv,1,2026-07-18T09:57:56Z,01ba4719c80b6fe911b091a7c05124b64eeece964e09c058ef8f9805daca546b
outputs/AURORA_TWETF/tables/table_S25b_probability_skill_baselines_20260718_101202.csv,table_S25b_probability_skill_baselines_20260718_101202.csv,.csv,2394,2026-07-18T10:12:12Z,88556cc1060b63b698cca7bb5e671c355b4821aa88b380c77f2a08a250f6277a
outputs/AURORA_TWETF/tables/table_S25b_probability_skill_baselines_rounded_20260718_095752.csv,table_S25b_probability_skill_baselines_rounded_20260718_095752.csv,.csv,1,2026-07-18T09:57:56Z,01ba4719c80b6fe911b091a7c05124b64eeece964e09c058ef8f9805daca546b
outputs/AURORA_TWETF/tables/table_S25b_probability_skill_baselines_rounded_20260718_101202.csv,table_S25b_probability_skill_baselines_rounded_20260718_101202.csv,.csv,1701,2026-07-18T10:12:12Z,ca87e079736836394969d68ed11b2b186d18b13edbbb17138eeb26384982d70a
outputs/AURORA_TWETF/tables/table_S27_mechanism_control_performance_20260714_084419.csv,table_S27_mechanism_control_performance_20260714_084419.csv,.csv,7331,2026-07-14T08:46:43Z,983fcb743e392cbbaa0494c5b5048feb46ef6f66d806d78301327ac78a44e741
outputs/AURORA_TWETF/tables/table_S27_mechanism_control_performance_rounded_20260714_084419.csv,table_S27_mechanism_control_performance_rounded_20260714_084419.csv,.csv,4917,2026-07-14T08:46:43Z,52570c793db85db81fea283d1d0b8915a84bfff3d4b681dd8a0f8512cefd68c7
outputs/AURORA_TWETF/tables/table_S28_canonical_passive_benchmark_performance_20260723_034307.csv,table_S28_canonical_passive_benchmark_performance_20260723_034307.csv,.csv,1401,2026-07-23T03:43:27Z,c5eccb7d7e765a33205ddd5d01af7a94c5f70dba80fe178187f26456db959332
outputs/AURORA_TWETF/tables/table_S28_canonical_passive_benchmark_performance_20260723_035525.csv,table_S28_canonical_passive_benchmark_performance_20260723_035525.csv,.csv,1401,2026-07-23T03:55:47Z,c5eccb7d7e765a33205ddd5d01af7a94c5f70dba80fe178187f26456db959332
outputs/AURORA_TWETF/tables/table_S28_canonical_passive_benchmark_performance_rounded_20260723_034307.csv,table_S28_canonical_passive_benchmark_performance_rounded_20260723_034307.csv,.csv,1115,2026-07-23T03:43:27Z,fb8dcb0b74f34abb8dbc89a034c13407798887a3737f15a6643feefb383d4f4e
outputs/AURORA_TWETF/tables/table_S28_canonical_passive_benchmark_performance_rounded_20260723_035525.csv,table_S28_canonical_passive_benchmark_performance_rounded_20260723_035525.csv,.csv,1115,2026-07-23T03:55:47Z,fb8dcb0b74f34abb8dbc89a034c13407798887a3737f15a6643feefb383d4f4e
outputs/AURORA_TWETF/tables/table_S28_mechanism_control_bootstrap_20260714_084419.csv,table_S28_mechanism_control_bootstrap_20260714_084419.csv,.csv,5465,2026-07-14T08:46:43Z,5b567174c7cd6eb803da9a9f5597c4caaf07739ce9aa900b02613be62bcca332
outputs/AURORA_TWETF/tables/table_S28_mechanism_control_bootstrap_rounded_20260714_084419.csv,table_S28_mechanism_control_bootstrap_rounded_20260714_084419.csv,.csv,4545,2026-07-14T08:46:43Z,3347477686e07c90d315cc5e3a39f0d5cb61e9195f3ddbc92d8a452fc825f1d6
outputs/AURORA_TWETF/tables/table_S29_probability_control_diagnostics_20260714_084419.csv,table_S29_probability_control_diagnostics_20260714_084419.csv,.csv,3594,2026-07-14T08:46:43Z,4d1b8b0e4fb029625216f663ea2db66ef91a04bcbddf2f973624287a82b51876
outputs/AURORA_TWETF/tables/table_S29_probability_control_diagnostics_rounded_20260714_084419.csv,table_S29_probability_control_diagnostics_rounded_20260714_084419.csv,.csv,2058,2026-07-14T08:46:43Z,06a6eef54cc89d070297f5ff22f6f50461c6720c8ef1135563a408345db67db8
outputs/AURORA_TWETF/tables/table_S29_source_aware_vs_canonical_passive_reconciliation_20260723_034307.csv,table_S29_source_aware_vs_canonical_passive_reconciliation_20260723_034307.csv,.csv,3646,2026-07-23T03:43:27Z,6ecc4a0b9825227605b0d9913b09eb3eb36cf2792e0060069fd6cc9eb5c0f9e1
outputs/AURORA_TWETF/tables/table_S29_source_aware_vs_canonical_passive_reconciliation_20260723_035525.csv,table_S29_source_aware_vs_canonical_passive_reconciliation_20260723_035525.csv,.csv,3051,2026-07-23T03:55:47Z,0dbff72b281b3e6d6d032316e11dc0a8535d7825de6ca4602a2d6dce4fbd2f3b
outputs/AURORA_TWETF/tables/table_S29_source_aware_vs_canonical_passive_reconciliation_rounded_20260723_034307.csv,table_S29_source_aware_vs_canonical_passive_reconciliation_rounded_20260723_034307.csv,.csv,2807,2026-07-23T03:43:27Z,a091c396a56236c6354859f3d50e588d50bc35ab85983900c0f89e88c5ca38ec
outputs/AURORA_TWETF/tables/table_S29_source_aware_vs_canonical_passive_reconciliation_rounded_20260723_035525.csv,table_S29_source_aware_vs_canonical_passive_reconciliation_rounded_20260723_035525.csv,.csv,2338,2026-07-23T03:55:47Z,279c52bfb29e07a25106faae220466dbcf715cdfbabaec6f2e6bb1bfa5655441
outputs/AURORA_TWETF/tables/table_S29b_source_aware_passive_reconciliation_skipped_20260723_035525.csv,table_S29b_source_aware_passive_reconciliation_skipped_20260723_035525.csv,.csv,896,2026-07-23T03:55:47Z,19bb246f3e362e69b678f81081806cc117a5f75206c167379bffa7643d98fd53
outputs/AURORA_TWETF/tables/table_S29c_source_aware_return_matrix_column_inventory_20260723_035525.csv,table_S29c_source_aware_return_matrix_column_inventory_20260723_035525.csv,.csv,3976,2026-07-23T03:55:47Z,f723de567bc128f9dede2bed2eb8f3a2d73ecabb9c171148114821d8b6f08f89
outputs/AURORA_TWETF/tables/table_S30_canonical_passive_benchmark_design_20260723_034307.csv,table_S30_canonical_passive_benchmark_design_20260723_034307.csv,.csv,1105,2026-07-23T03:43:27Z,994f37eeb797e819573f8d1a7787749027abf5253a2c9c8535e621f2baa0a911
outputs/AURORA_TWETF/tables/table_S30_canonical_passive_benchmark_design_20260723_035525.csv,table_S30_canonical_passive_benchmark_design_20260723_035525.csv,.csv,1070,2026-07-23T03:55:47Z,07614ff28680b1fb08307768b26775cc76b5ab879708676d3f0d08f5e7aae836
outputs/AURORA_TWETF/tables/table_S30_canonical_passive_price_source_inventory_20260723_034307.csv,table_S30_canonical_passive_price_source_inventory_20260723_034307.csv,.csv,709,2026-07-23T03:43:10Z,94ac67911ae2629e11ff17d4129c81cbbe3283aa1290e7f9e51b9bbe6fca5deb
outputs/AURORA_TWETF/tables/table_S30_canonical_passive_price_source_inventory_20260723_035525.csv,table_S30_canonical_passive_price_source_inventory_20260723_035525.csv,.csv,709,2026-07-23T03:55:28Z,94ac67911ae2629e11ff17d4129c81cbbe3283aa1290e7f9e51b9bbe6fca5deb
outputs/AURORA_TWETF/tables/table_S30_canonical_passive_price_source_inventory_rounded_20260723_034307.csv,table_S30_canonical_passive_price_source_inventory_rounded_20260723_034307.csv,.csv,709,2026-07-23T03:43:10Z,94ac67911ae2629e11ff17d4129c81cbbe3283aa1290e7f9e51b9bbe6fca5deb
outputs/AURORA_TWETF/tables/table_S30_canonical_passive_price_source_inventory_rounded_20260723_035525.csv,table_S30_canonical_passive_price_source_inventory_rounded_20260723_035525.csv,.csv,709,2026-07-23T03:55:28Z,94ac67911ae2629e11ff17d4129c81cbbe3283aa1290e7f9e51b9bbe6fca5deb
outputs/AURORA_TWETF/tables/table_S30_exposure_control_diagnostics_20260714_084419.csv,table_S30_exposure_control_diagnostics_20260714_084419.csv,.csv,5295,2026-07-14T08:46:43Z,276ec984339ec00ce6cd389a660a675614ad0c26c540c10c68894f3e0bc8ca70
outputs/AURORA_TWETF/tables/table_S30_exposure_control_diagnostics_rounded_20260714_084419.csv,table_S30_exposure_control_diagnostics_rounded_20260714_084419.csv,.csv,2954,2026-07-14T08:46:43Z,ecad685b66af4f4758affd859156d7915016c4ac702fb1bf1e4fd49543e8f7bb
outputs/AURORA_TWETF/tables/table_S31_defensive_control_performance_20260714_161927.csv,table_S31_defensive_control_performance_20260714_161927.csv,.csv,4677,2026-07-14T16:22:33Z,b89d0a6fe6cd3ffc1e2691e0298aa4222c70c06c6cbad82bffffe52b3c9d8fe5
outputs/AURORA_TWETF/tables/table_S31_defensive_control_performance_rounded_20260714_161927.csv,table_S31_defensive_control_performance_rounded_20260714_161927.csv,.csv,2984,2026-07-14T16:22:33Z,5d8212b7a5c822fba80e25bdcb615378168c2ba544d9523077538e17f51eadbe
outputs/AURORA_TWETF/tables/table_S32_defensive_control_bootstrap_20260714_161927.csv,table_S32_defensive_control_bootstrap_20260714_161927.csv,.csv,9673,2026-07-14T16:22:33Z,c27abe4e3489c7df95aca09375d8107b5d19676e8a28552357920de662ab0c70
outputs/AURORA_TWETF/tables/table_S32_defensive_control_bootstrap_rounded_20260714_161927.csv,table_S32_defensive_control_bootstrap_rounded_20260714_161927.csv,.csv,8175,2026-07-14T16:22:33Z,06e6f7e8904abaf09dfdaf25987136d0fe56f500331850454da323e6e1739aad
outputs/AURORA_TWETF/tables/table_S33_cash_cap_sensitivity_20260714_161927.csv,table_S33_cash_cap_sensitivity_20260714_161927.csv,.csv,1297,2026-07-14T16:22:33Z,9f9122dea3fa2c38c1236149079fa5143fe8fd6d3226c335553cb33dfcca6ef5
outputs/AURORA_TWETF/tables/table_S33_cash_cap_sensitivity_rounded_20260714_161927.csv,table_S33_cash_cap_sensitivity_rounded_20260714_161927.csv,.csv,794,2026-07-14T16:22:33Z,7dcc51d7de81a4de53bfe941bf1b8ac79ba8111e6c36311548a53b8ac04a311d
outputs/AURORA_TWETF/tables/table_S34_defensive_exposure_diagnostics_20260714_161927.csv,table_S34_defensive_exposure_diagnostics_20260714_161927.csv,.csv,3684,2026-07-14T16:22:33Z,053b55b094b271a8f350d65171c2c3c4d956ffcf74a7bd702a5f6b7250615421
outputs/AURORA_TWETF/tables/table_S34_defensive_exposure_diagnostics_rounded_20260714_161927.csv,table_S34_defensive_exposure_diagnostics_rounded_20260714_161927.csv,.csv,2129,2026-07-14T16:22:33Z,ce056d8e8bbbf29732d98b34460a13e09e8b4760607bb3b43a5abc8c443229f3
outputs/AURORA_TWETF/tables/table_S35_constant_lambda_exposure_match_20260717_082548.csv,table_S35_constant_lambda_exposure_match_20260717_082548.csv,.csv,1136,2026-07-17T08:31:36Z,7524bc04d9a86357850cac2b017bc3740ea46f0448eb80030473d55c370aa53e
outputs/AURORA_TWETF/tables/table_S35_constant_lambda_exposure_match_rounded_20260717_082548.csv,table_S35_constant_lambda_exposure_match_rounded_20260717_082548.csv,.csv,710,2026-07-17T08:31:36Z,b5b05bf1a49fc8538ee30d9c27f2efebef925fd9f0bde5078b2d07a00b5b28cf
outputs/AURORA_TWETF/tables/table_S36_reduced_universe_sensitivity_20260717_082548.csv,table_S36_reduced_universe_sensitivity_20260717_082548.csv,.csv,1393,2026-07-17T08:31:36Z,a3c86c9538e41c51ad0f6da1a0876c7426b4c3e3d67612c4914fe835a7e1e325
outputs/AURORA_TWETF/tables/table_S36_reduced_universe_sensitivity_rounded_20260717_082548.csv,table_S36_reduced_universe_sensitivity_rounded_20260717_082548.csv,.csv,1042,2026-07-17T08:31:36Z,1681952822d1b8e0b59e591c3ae1e36b119c56d9c3f13c3965d5d71a7ef54adb
outputs/AURORA_TWETF/tables/table_S37_reduced_universe_exposure_diagnostics_20260717_082548.csv,table_S37_reduced_universe_exposure_diagnostics_20260717_082548.csv,.csv,1483,2026-07-17T08:31:36Z,ccfb9e6d7cd91f9b2b1a44fbbb37de8fccc55a6dfeec851550d7fe724ad9a389
outputs/AURORA_TWETF/tables/table_S37_reduced_universe_exposure_diagnostics_rounded_20260717_082548.csv,table_S37_reduced_universe_exposure_diagnostics_rounded_20260717_082548.csv,.csv,1031,2026-07-17T08:31:36Z,5af9afe3e54dc03e3e745ad19572d5f7a4a5031dc1d5a57eed40b164b99d607d
outputs/AURORA_TWETF/tables/table_S38_constant_lambda_bootstrap_20260717_082548.csv,table_S38_constant_lambda_bootstrap_20260717_082548.csv,.csv,3230,2026-07-17T08:31:36Z,39da2319fc25024efb2cb2e3b74acc6161cae81f87a08d35003b1a9470b5ef54
outputs/AURORA_TWETF/tables/table_S38_constant_lambda_bootstrap_rounded_20260717_082548.csv,table_S38_constant_lambda_bootstrap_rounded_20260717_082548.csv,.csv,2772,2026-07-17T08:31:36Z,831c0c1ffcc5be852edd478dd07fb65cf056030c48959eb1435701d6fc6faca4
outputs/AURORA_TWETF/tables/table_S39_constant_lambda_grid_search_20260717_082548.csv,table_S39_constant_lambda_grid_search_20260717_082548.csv,.csv,16388,2026-07-17T08:31:36Z,5798a54b9c02ac5f8ab246282f5b54a50228dc198a70ab1d6e3f14b63372ebb0
outputs/AURORA_TWETF/tables/table_S39_constant_lambda_grid_search_rounded_20260717_082548.csv,table_S39_constant_lambda_grid_search_rounded_20260717_082548.csv,.csv,9481,2026-07-17T08:31:36Z,9dc84e5070ace851c9710a8fdd125d8570eebbc286740555a9ef3011e8265226
outputs/AURORA_TWETF/tables/table_S41_feature_observability_lag_convention_20260718_095752.csv,table_S41_feature_observability_lag_convention_20260718_095752.csv,.csv,3128,2026-07-18T09:57:56Z,ac4ebf203afb2b7f0dedcae4d5e42622b4870e28a7fb28713513a70306663b7f
outputs/AURORA_TWETF/tables/table_S41_feature_observability_lag_convention_20260718_101202.csv,table_S41_feature_observability_lag_convention_20260718_101202.csv,.csv,3128,2026-07-18T10:12:12Z,ac4ebf203afb2b7f0dedcae4d5e42622b4870e28a7fb28713513a70306663b7f
outputs/AURORA_TWETF/tables/table_S41_metadata_file_inventory_20260718_154326.csv,table_S41_metadata_file_inventory_20260718_154326.csv,.csv,200,2026-07-18T15:43:54Z,b7cb495a94f341fd6ea23f47a5a36ae110497b2ee5774315f91bd1bf91f8686a
outputs/AURORA_TWETF/tables/table_S41_policy_observability_rules_20260718_154326.csv,table_S41_policy_observability_rules_20260718_154326.csv,.csv,4160,2026-07-18T15:43:29Z,b6de1ea628fa6f416ee00c2e7f2e1361fc1388cf22e8522513ef8799f105c3af
outputs/AURORA_TWETF/tables/table_S41a_feature_observability_audit_summary_20260718_154326.csv,table_S41a_feature_observability_audit_summary_20260718_154326.csv,.csv,6038,2026-07-18T15:46:02Z,c311c907e8e577f32c2abda1992078bddda94f45645ab81faa3fbb7683e71358
outputs/AURORA_TWETF/tables/table_S41b_feature_column_lag_audit_20260718_154326.csv,table_S41b_feature_column_lag_audit_20260718_154326.csv,.csv,263053,2026-07-18T15:46:01Z,8a95f34cab419a726a7a6c19478eec7552da0f16489b452482e2faf3195f01ac
outputs/AURORA_TWETF/tables/table_S41b_feature_column_lag_audit_initial_20260718_154326.csv,table_S41b_feature_column_lag_audit_initial_20260718_154326.csv,.csv,157404,2026-07-18T15:43:54Z,22cde6d976b7b1b41ac080e3f54f37aeb6de9df58fe9a4ca6dcbe277cfc68739
outputs/AURORA_TWETF/tables/table_S41c_empirical_source_match_audit_20260718_154326.csv,table_S41c_empirical_source_match_audit_20260718_154326.csv,.csv,90883,2026-07-18T15:46:01Z,c52fa6f88450027b6d48de4ae3415f5ae8ab5fa637ff885c6c1f9ed154738c76
outputs/AURORA_TWETF/tables/table_S41d_feature_corrections_20260718_154326.csv,table_S41d_feature_corrections_20260718_154326.csv,.csv,267,2026-07-18T15:46:01Z,2c05ea4cc35929f2c16b5576d60b4b4cb109e17a43642c8a1790c2de509cf809
outputs/AURORA_TWETF/tables/table_S41d_rows_changed_after_correction_20260718_154326.csv,table_S41d_rows_changed_after_correction_20260718_154326.csv,.csv,450,2026-07-18T15:46:01Z,987fce7a48ef37b5f1a7c9e2338855bb921fc203c48eadbfa3ab98ed0e5b5aae
outputs/AURORA_TWETF/tables/table_S41e_source_panel_inventory_20260718_154326.csv,table_S41e_source_panel_inventory_20260718_154326.csv,.csv,32718,2026-07-18T15:44:28Z,405b968fc02f5891a14004398797e242f5f0a2b6b0373148a3087903e9c15eb8
outputs/AURORA_TWETF/tables/table_S41f_observability_status_for_manuscript_20260718_154326.csv,table_S41f_observability_status_for_manuscript_20260718_154326.csv,.csv,577,2026-07-18T15:46:02Z,bf78e5be12dc7a96137ba51ed43b3ea1eb6eb5a7db04a8ce4fa676fcbd259f30
outputs/AURORA_TWETF/tables/table_S41g_violation_and_ambiguous_feature_details_20260718_154326.csv,table_S41g_violation_and_ambiguous_feature_details_20260718_154326.csv,.csv,740,2026-07-18T15:46:02Z,c22cfe1814a1d3c87b68404a18eeaa7fe407d8ee31eb02e5aa2746a5000ed0b1
outputs/AURORA_TWETF/tables/table_S41h_correction_changed_row_examples_20260718_154326.csv,table_S41h_correction_changed_row_examples_20260718_154326.csv,.csv,5,2026-07-18T15:46:02Z,426e0b848d77d7b3d778187d006056ee406221ca567ce2844ca403dc834ff8f1
outputs/AURORA_TWETF/tables/table_S42_bootstrap_block_length_sensitivity_20260718_101202.csv,table_S42_bootstrap_block_length_sensitivity_20260718_101202.csv,.csv,15916,2026-07-18T10:14:55Z,9567cd15716d243f2f52f59962a78840e35610068d5b7bda5c80af32a37917c4
outputs/AURORA_TWETF/tables/table_S42_bootstrap_block_length_sensitivity_rounded_20260718_101202.csv,table_S42_bootstrap_block_length_sensitivity_rounded_20260718_101202.csv,.csv,14481,2026-07-18T10:14:55Z,2a5f3ee37cbbea02d6b6d6e20ca5362a72adb161506b5cce33737c0e8b5b28ef
outputs/AURORA_TWETF/tables/table_S42b_bootstrap_block_length_summary_20260718_101202.csv,table_S42b_bootstrap_block_length_summary_20260718_101202.csv,.csv,1763,2026-07-18T10:14:55Z,4214a25f21a187b2c7cd1f8106d8bd69f7a57c1226737d7d400c23f98acf4515
outputs/AURORA_TWETF/tables/table_S42b_bootstrap_block_length_summary_rounded_20260718_101202.csv,table_S42b_bootstrap_block_length_summary_rounded_20260718_101202.csv,.csv,1763,2026-07-18T10:14:55Z,4214a25f21a187b2c7cd1f8106d8bd69f7a57c1226737d7d400c23f98acf4515
outputs/AURORA_TWETF/tables/table_S43_constant_lambda_equivalence_tests_20260722_102750.csv,table_S43_constant_lambda_equivalence_tests_20260722_102750.csv,.csv,1999,2026-07-22T10:28:49Z,7e08ea42e0280b64daeef99405ff5baff88cc91ad7c441453342aec889a88e8c
outputs/AURORA_TWETF/tables/table_S43_constant_lambda_equivalence_tests_20260722_133503.csv,table_S43_constant_lambda_equivalence_tests_20260722_133503.csv,.csv,1988,2026-07-22T13:36:02Z,7d406c4fadd15df51d7c7a97754cefeb10bb995fcb025519b544fea98216a277
outputs/AURORA_TWETF/tables/table_S43_constant_lambda_equivalence_tests_rounded_20260722_102750.csv,table_S43_constant_lambda_equivalence_tests_rounded_20260722_102750.csv,.csv,1580,2026-07-22T10:28:49Z,cce8087eb2d124ed4b13226bbf595020af83e4a0e18ab6b8d7621d755050775e
outputs/AURORA_TWETF/tables/table_S43_constant_lambda_equivalence_tests_rounded_20260722_133503.csv,table_S43_constant_lambda_equivalence_tests_rounded_20260722_133503.csv,.csv,1581,2026-07-22T13:36:02Z,363f2ad0cb0bbc1e33291fcb8c115b7495a11149538c20e3e45f4b7717731ed5
outputs/AURORA_TWETF/tables/table_S43b_constant_lambda_equivalence_summary_20260722_102750.csv,table_S43b_constant_lambda_equivalence_summary_20260722_102750.csv,.csv,642,2026-07-22T10:28:49Z,6aa6d8fc8e9674eb3155a556bd74b3f02246a9337c79e9ed587a2fe9ce7e9f6d
outputs/AURORA_TWETF/tables/table_S43b_constant_lambda_equivalence_summary_20260722_133503.csv,table_S43b_constant_lambda_equivalence_summary_20260722_133503.csv,.csv,642,2026-07-22T13:36:02Z,6aa6d8fc8e9674eb3155a556bd74b3f02246a9337c79e9ed587a2fe9ce7e9f6d
outputs/AURORA_TWETF/tables/table_S44_pre_evaluation_constant_lambda_calibration_20260722_102750.csv,table_S44_pre_evaluation_constant_lambda_calibration_20260722_102750.csv,.csv,378,2026-07-22T10:28:50Z,ca8c246131d4241b6c2d43103c9f8dec5def03dc9d2a8dff332e0f01d09bd740
outputs/AURORA_TWETF/tables/table_S44_pre_evaluation_constant_lambda_calibration_20260722_133503.csv,table_S44_pre_evaluation_constant_lambda_calibration_20260722_133503.csv,.csv,528,2026-07-22T13:36:17Z,312c580a00ffae4bb17b833f3d089adf4a5ba8d20c3b74785e1ede87c05074a5
outputs/AURORA_TWETF/tables/table_S44_pre_evaluation_constant_lambda_calibration_rounded_20260722_133503.csv,table_S44_pre_evaluation_constant_lambda_calibration_rounded_20260722_133503.csv,.csv,513,2026-07-22T13:36:17Z,a7b8c82c1fe3d78c1f5d5fc9831880091120b97d33ea12c2f3d833e2a8116588
outputs/AURORA_TWETF/tables/table_S44_pre_evaluation_constant_lambda_grid_search_20260722_133503.csv,table_S44_pre_evaluation_constant_lambda_grid_search_20260722_133503.csv,.csv,13167,2026-07-22T13:36:16Z,383b28a15fc479aa265be1d6220ee6fdd19f8b6c31f5af5e6c5253210391ec94
outputs/AURORA_TWETF/tables/table_S44_pre_evaluation_constant_lambda_grid_search_rounded_20260722_133503.csv,table_S44_pre_evaluation_constant_lambda_grid_search_rounded_20260722_133503.csv,.csv,5779,2026-07-22T13:36:16Z,e9577e051aeabd0d66645c4a7f4386e7b53ec4dd6ad9c638184db0c61e26cc12
outputs/AURORA_TWETF/tables/table_S44b_pre_evaluation_lambda_performance_20260722_133503.csv,table_S44b_pre_evaluation_lambda_performance_20260722_133503.csv,.csv,681,2026-07-22T13:36:17Z,c2bfe6a7ad52a84d3e7515d403e2dc2a0810b02df0715c6e8a218f021b999887
outputs/AURORA_TWETF/tables/table_S44b_pre_evaluation_lambda_performance_rounded_20260722_133503.csv,table_S44b_pre_evaluation_lambda_performance_rounded_20260722_133503.csv,.csv,561,2026-07-22T13:36:17Z,1d94a2f1968457c12ffeab8218ee8a016f87440b4cee7c3f49d3fd4ae05a0ca5
outputs/AURORA_TWETF/tables/table_S45_optimizer_reliability_diagnostics_20260722_102750.csv,table_S45_optimizer_reliability_diagnostics_20260722_102750.csv,.csv,965,2026-07-22T10:28:51Z,5d6d0a29f87f1ff3d536decd0afc0567679eda9aa309c0d86b0476bd034c048d
outputs/AURORA_TWETF/tables/table_S45_optimizer_reliability_diagnostics_20260722_133503.csv,table_S45_optimizer_reliability_diagnostics_20260722_133503.csv,.csv,1206,2026-07-22T13:36:17Z,7277f67a99768d88010ea57aa0ce65e93d18b1b4e31e208d8498ee7a2ec48940
outputs/AURORA_TWETF/tables/table_S45_optimizer_reliability_diagnostics_rounded_20260722_102750.csv,table_S45_optimizer_reliability_diagnostics_rounded_20260722_102750.csv,.csv,965,2026-07-22T10:28:51Z,5d6d0a29f87f1ff3d536decd0afc0567679eda9aa309c0d86b0476bd034c048d
outputs/AURORA_TWETF/tables/table_S45_optimizer_reliability_diagnostics_rounded_20260722_133503.csv,table_S45_optimizer_reliability_diagnostics_rounded_20260722_133503.csv,.csv,1093,2026-07-22T13:36:17Z,aae8f012e50875b5aedfd02080aba5ce801d381d23d5f296c63c3a0a67539b87
outputs/AURORA_TWETF/tables/table_S45b_constraint_binding_diagnostics_20260722_102750.csv,table_S45b_constraint_binding_diagnostics_20260722_102750.csv,.csv,648,2026-07-22T10:28:51Z,95f126048d3d1f7db5176a48b2ef7bc6e3ffd4a2eb729ce38a5bf709b1862824
outputs/AURORA_TWETF/tables/table_S45b_constraint_binding_diagnostics_20260722_133503.csv,table_S45b_constraint_binding_diagnostics_20260722_133503.csv,.csv,1037,2026-07-22T13:36:17Z,56c3c72e7ce0d33dac131a3ba824d12393b74a8f698bf1414aeea460ef335c64
outputs/AURORA_TWETF/tables/table_S45b_constraint_binding_diagnostics_rounded_20260722_102750.csv,table_S45b_constraint_binding_diagnostics_rounded_20260722_102750.csv,.csv,554,2026-07-22T10:28:51Z,36e815e8204b407ae9d9f63235b9eee738d0c395615da71b83429938ccd57da4
outputs/AURORA_TWETF/tables/table_S45b_constraint_binding_diagnostics_rounded_20260722_133503.csv,table_S45b_constraint_binding_diagnostics_rounded_20260722_133503.csv,.csv,895,2026-07-22T13:36:17Z,9e7187cf5aba9077bac9c25b87906b15ad6d4cb096f74c9062eb661c61a6c422
outputs/AURORA_TWETF/tables/table_S46_cash_return_risk_free_sensitivity_20260722_102750.csv,table_S46_cash_return_risk_free_sensitivity_20260722_102750.csv,.csv,8594,2026-07-22T10:28:54Z,262e0adcc8f0a63601f32f09d246b285e4f0b53b2f629afdc1c61ad36e624eeb
outputs/AURORA_TWETF/tables/table_S46_cash_return_risk_free_sensitivity_20260722_133503.csv,table_S46_cash_return_risk_free_sensitivity_20260722_133503.csv,.csv,3490,2026-07-22T13:36:17Z,c2eb9489dde31178858834be241cf9b1f248be2a7d3305ce2ccb74ba18185646
outputs/AURORA_TWETF/tables/table_S46_cash_return_risk_free_sensitivity_rounded_20260722_102750.csv,table_S46_cash_return_risk_free_sensitivity_rounded_20260722_102750.csv,.csv,6439,2026-07-22T10:28:54Z,ff33b8717dd89fac99629b8f0b9f84923e6717c5eb7b0e3dccec3fbe5e16f4b1
outputs/AURORA_TWETF/tables/table_S46_cash_return_risk_free_sensitivity_rounded_20260722_133503.csv,table_S46_cash_return_risk_free_sensitivity_rounded_20260722_133503.csv,.csv,2387,2026-07-22T13:36:17Z,b551f69de6bc86a1f78a1e56d3f448ca3f33e787b4416f45ba503b605634f518
outputs/AURORA_TWETF/tables/table_S46b_cash_return_sensitivity_summary_20260722_102750.csv,table_S46b_cash_return_sensitivity_summary_20260722_102750.csv,.csv,1698,2026-07-22T10:28:54Z,188690f32fd21ddefe5807d99490f6e8abec47245ae5b4f91129b20780b4d752
outputs/AURORA_TWETF/tables/table_S46b_cash_return_sensitivity_summary_20260722_133503.csv,table_S46b_cash_return_sensitivity_summary_20260722_133503.csv,.csv,1025,2026-07-22T13:36:17Z,04cecd6c1d39b76bdf669a72e17125579c59598686c263409e3c056069dbc3dc
outputs/AURORA_TWETF/tables/table_S46b_cash_return_sensitivity_summary_rounded_20260722_102750.csv,table_S46b_cash_return_sensitivity_summary_rounded_20260722_102750.csv,.csv,1339,2026-07-22T10:28:54Z,d214a43f8d6569aea3bfd4d941ab5b7fbc12e205f6d5841c724a541616f11184
outputs/AURORA_TWETF/tables/table_S46b_cash_return_sensitivity_summary_rounded_20260722_133503.csv,table_S46b_cash_return_sensitivity_summary_rounded_20260722_133503.csv,.csv,836,2026-07-22T13:36:17Z,5c7ec270bbc5065116520e013ba642b20c7c4cac353d989ec861057119c38feb
outputs/AURORA_TWETF/tables/table_figure2_drawdown_summary.csv,table_figure2_drawdown_summary.csv,.csv,449,2026-07-23T14:10:20Z,da00308897ac49661796511ccd5ea6952ee8ea3c128ea01c59aeb5788c868a0b
outputs/AURORA_TWETF/tables/table_figure2_drawdown_summary_20260723_140954.csv,table_figure2_drawdown_summary_20260723_140954.csv,.csv,449,2026-07-23T14:10:20Z,da00308897ac49661796511ccd5ea6952ee8ea3c128ea01c59aeb5788c868a0b
outputs/AURORA_TWETF/tables/table_figure2_series_mapping.csv,table_figure2_series_mapping.csv,.csv,1088,2026-07-23T14:10:20Z,d8c58aa2b76da6ce43236e13c9b8984fcabad55454ac5379b9058e0ecdce6fc8
outputs/AURORA_TWETF/tables/table_figure2_series_mapping_20260723_140954.csv,table_figure2_series_mapping_20260723_140954.csv,.csv,1088,2026-07-23T14:10:20Z,d8c58aa2b76da6ce43236e13c9b8984fcabad55454ac5379b9058e0ecdce6fc8
outputs/AURORA_TWETF/uncertainty_aware_etf_allocation/run_20260624_004516/allocation_performance.csv,allocation_performance.csv,.csv,3348,2026-06-24T00:46:28Z,539b75e656269acf8762def4e6649760e2f2eef04180f9b04d9fb3e2cbc888e6
outputs/AURORA_TWETF/uncertainty_aware_etf_allocation/run_20260624_004516/allocation_performance.parquet,allocation_performance.parquet,.parquet,14708,2026-06-24T00:46:28Z,b012552f65ca115ce5384dbaa9ebc4f3ea70bed37ead09dfbadfaae32138cb3b
outputs/AURORA_TWETF/uncertainty_aware_etf_allocation/run_20260624_004516/allocation_policy_rankings.csv,allocation_policy_rankings.csv,.csv,3659,2026-06-24T00:46:34Z,42d57175b5644480f4795c23f55ef19d84489772b9e93821abce7114a119d657
outputs/AURORA_TWETF/uncertainty_aware_etf_allocation/run_20260624_004516/allocation_test_only_performance.csv,allocation_test_only_performance.csv,.csv,3103,2026-06-24T00:46:28Z,5cdac889cd466d0b2f21e9a588410f6bf0c2e89040d793654c0e18500e426d2f
outputs/AURORA_TWETF/uncertainty_aware_etf_allocation/run_20260624_004516/diagnostics/signal_features_P1_validation_selected.csv,signal_features_P1_validation_selected.csv,.csv,494840,2026-06-24T00:46:18Z,d4a38dc3e716733aaf0b7de6669fb0b3a73eac2f421e3da487da42dad6ad3f12
outputs/AURORA_TWETF/uncertainty_aware_etf_allocation/run_20260624_004516/diagnostics/signal_features_P1_validation_selected.parquet,signal_features_P1_validation_selected.parquet,.parquet,202705,2026-06-24T00:46:18Z,919d42b5044621b054668e5ec6a77c283f230016c166671ddb0c4127ce925704
outputs/AURORA_TWETF/uncertainty_aware_etf_allocation/run_20260624_004516/diagnostics/signal_features_P2_test_robust_reference.csv,signal_features_P2_test_robust_reference.csv,.csv,501277,2026-06-24T00:46:19Z,352212ce452e58420144388440114ad091088d365474cb6c095e87c1077dc6ab
outputs/AURORA_TWETF/uncertainty_aware_etf_allocation/run_20260624_004516/diagnostics/signal_features_P2_test_robust_reference.parquet,signal_features_P2_test_robust_reference.parquet,.parquet,194612,2026-06-24T00:46:19Z,05a8bca02a3a1fa8f34378035415381da6b8bf6d2b7e80eb500f81956acafc8f
outputs/AURORA_TWETF/uncertainty_aware_etf_allocation/run_20260624_004516/diagnostics/signal_features_P3_conservative_ordinal_60d.csv,signal_features_P3_conservative_ordinal_60d.csv,.csv,502103,2026-06-24T00:46:21Z,ecf0be95045f1dab4001646ae21006f8dd430aa1a7737c451d1486c18395f3c8
outputs/AURORA_TWETF/uncertainty_aware_etf_allocation/run_20260624_004516/diagnostics/signal_features_P3_conservative_ordinal_60d.parquet,signal_features_P3_conservative_ordinal_60d.parquet,.parquet,202623,2026-06-24T00:46:21Z,1041ca49b9d9db56d5062536768319738bcffda09578a301f7026c5c35832e41
outputs/AURORA_TWETF/uncertainty_aware_etf_allocation/run_20260624_004516/diagnostics/signal_features_P4_calibrated_linear_60d.csv,signal_features_P4_calibrated_linear_60d.csv,.csv,502358,2026-06-24T00:46:22Z,a97092c7122c6f60ecd2f4827ac4b8d6747e617c8283309b51da1788c31aecb8
outputs/AURORA_TWETF/uncertainty_aware_etf_allocation/run_20260624_004516/diagnostics/signal_features_P4_calibrated_linear_60d.parquet,signal_features_P4_calibrated_linear_60d.parquet,.parquet,202671,2026-06-24T00:46:22Z,44a3fe4ef9abb6f25f31411b30e3abe8012d73fddeab26a4b6f82805d9a7715f
outputs/AURORA_TWETF/uncertainty_aware_etf_allocation/run_20260624_004516/diagnostics/signal_features_P5_notebook04_probability_ensemble.csv,signal_features_P5_notebook04_probability_ensemble.csv,.csv,529299,2026-06-24T00:46:24Z,be815d2fe2617b6c521a9e5ec4aa28fb29d975f443574d482037ca19bffc0a39
outputs/AURORA_TWETF/uncertainty_aware_etf_allocation/run_20260624_004516/diagnostics/signal_features_P5_notebook04_probability_ensemble.parquet,signal_features_P5_notebook04_probability_ensemble.parquet,.parquet,202840,2026-06-24T00:46:24Z,0f59015074e349cb5a2d800461351fce044727d5012173d2a4f35552edb238d9
outputs/AURORA_TWETF/uncertainty_aware_etf_allocation/run_20260624_004516/diagnostics/signal_features_P6_custom_robust_60d_weighted_ensemble.csv,signal_features_P6_custom_robust_60d_weighted_ensemble.csv,.csv,511463,2026-06-24T00:46:25Z,9d2bd47a46a9be47bd0eeacc3a1fadd23c8bc312ed0f905dd2c131a5c269509a
outputs/AURORA_TWETF/uncertainty_aware_etf_allocation/run_20260624_004516/diagnostics/signal_features_P6_custom_robust_60d_weighted_ensemble.parquet,signal_features_P6_custom_robust_60d_weighted_ensemble.parquet,.parquet,202762,2026-06-24T00:46:25Z,fd2c450814ccd2a3dc89ab5c556df80d616d7badaeafd7dda292c1b88b1ea67d
outputs/AURORA_TWETF/uncertainty_aware_etf_allocation/run_20260624_004516/plots/drawdowns_all_policies.png,drawdowns_all_policies.png,.png,389845,2026-06-24T00:46:29Z,25df3927085e77279bf6166739017e60a486dd7a4f163d352b62a0c4e584aab4
outputs/AURORA_TWETF/uncertainty_aware_etf_allocation/run_20260624_004516/plots/equity_curves_all_policies.png,equity_curves_all_policies.png,.png,234016,2026-06-24T00:46:28Z,d92ce13eca025125eda5ea24ea8030e7bb1724e82393f2b1dba563b56bc0c0a0
outputs/AURORA_TWETF/uncertainty_aware_etf_allocation/run_20260624_004516/plots/performance_bar_annual_return.png,performance_bar_annual_return.png,.png,102406,2026-06-24T00:46:29Z,260541ac907458f884b82962b109c2b833949aa049ab4d0fa29663452665a304
outputs/AURORA_TWETF/uncertainty_aware_etf_allocation/run_20260624_004516/plots/performance_bar_annual_volatility.png,performance_bar_annual_volatility.png,.png,103304,2026-06-24T00:46:30Z,95631154337a63139b07e80f1732d1745368eee358aa937b68e390d8048b2afb
outputs/AURORA_TWETF/uncertainty_aware_etf_allocation/run_20260624_004516/plots/performance_bar_calmar_ratio.png,performance_bar_calmar_ratio.png,.png,101855,2026-06-24T00:46:31Z,052bae60f617b1b7377937836bbe697a401137357f024f9eeb1e602c946f2cf0
outputs/AURORA_TWETF/uncertainty_aware_etf_allocation/run_20260624_004516/plots/performance_bar_final_equity.png,performance_bar_final_equity.png,.png,100272,2026-06-24T00:46:31Z,b25eefaac5e91037295da77e51e01c4a8e55700fdb8cac2cb91c0f8919a1b092
outputs/AURORA_TWETF/uncertainty_aware_etf_allocation/run_20260624_004516/plots/performance_bar_max_drawdown.png,performance_bar_max_drawdown.png,.png,105015,2026-06-24T00:46:31Z,423c0e889c22a2a39130092ffdc8c8881df8a63c4c14b990552eac9bf2b7ca62
outputs/AURORA_TWETF/uncertainty_aware_etf_allocation/run_20260624_004516/plots/performance_bar_sharpe_ratio.png,performance_bar_sharpe_ratio.png,.png,104381,2026-06-24T00:46:30Z,7858dc3c562cf3871aa1abe85e90529a9201a56f02b8a91fb9b03c52210ef23b
outputs/AURORA_TWETF/uncertainty_aware_etf_allocation/run_20260624_004516/plots/performance_bar_sortino_ratio.png,performance_bar_sortino_ratio.png,.png,104888,2026-06-24T00:46:30Z,224a4d4ae1044ce3d1b3524e400326837df3a2f66297a1fc431c5e75e2d386f8
outputs/AURORA_TWETF/uncertainty_aware_etf_allocation/run_20260624_004516/plots/performance_bar_total_return.png,performance_bar_total_return.png,.png,101108,2026-06-24T00:46:29Z,454d5ce0332f37ae46c8f5ec862fbc2a6298c8f4ddec2c73644564dd4612ce16
outputs/AURORA_TWETF/uncertainty_aware_etf_allocation/run_20260624_004516/plots/performance_bar_total_transaction_cost.png,performance_bar_total_transaction_cost.png,.png,107936,2026-06-24T00:46:31Z,9b1d95f5f09bc674e1fc5e136ecc44325e7d22a68326b21c2e7619b4ee07fb50
outputs/AURORA_TWETF/uncertainty_aware_etf_allocation/run_20260624_004516/plots/signal_diagnostics_P1_validation_selected.png,signal_diagnostics_P1_validation_selected.png,.png,532009,2026-06-24T00:46:18Z,da5841f35bec29ed447e99b04de6409b6204ffa36384efdec66d62e845594ee9
outputs/AURORA_TWETF/uncertainty_aware_etf_allocation/run_20260624_004516/plots/signal_diagnostics_P2_test_robust_reference.png,signal_diagnostics_P2_test_robust_reference.png,.png,560896,2026-06-24T00:46:20Z,09942252c81ef2e0b0cf200a37fd7d2c3d7065c36950182271b3dc39a6859d47
outputs/AURORA_TWETF/uncertainty_aware_etf_allocation/run_20260624_004516/plots/signal_diagnostics_P3_conservative_ordinal_60d.png,signal_diagnostics_P3_conservative_ordinal_60d.png,.png,588938,2026-06-24T00:46:21Z,b244df2dee4b141af848b7201ee12a92babf046087b4e423356de31de3ccae7d
outputs/AURORA_TWETF/uncertainty_aware_etf_allocation/run_20260624_004516/plots/signal_diagnostics_P4_calibrated_linear_60d.png,signal_diagnostics_P4_calibrated_linear_60d.png,.png,565676,2026-06-24T00:46:23Z,a0193fb64e8478f829148aa05060685ec00d914b0b5cf43091f2a6b83f9150b2
outputs/AURORA_TWETF/uncertainty_aware_etf_allocation/run_20260624_004516/plots/signal_diagnostics_P5_notebook04_probability_ensemble.png,signal_diagnostics_P5_notebook04_probability_ensemble.png,.png,541573,2026-06-24T00:46:24Z,1ca1d5c4b5a22b3d9a2bad5c97aec9935d92e9073ffe5aba50e1afd8c512257a
outputs/AURORA_TWETF/uncertainty_aware_etf_allocation/run_20260624_004516/plots/signal_diagnostics_P6_custom_robust_60d_weighted_ensemble.png,signal_diagnostics_P6_custom_robust_60d_weighted_ensemble.png,.png,582480,2026-06-24T00:46:26Z,a2c46b9dccac3988b70f2a377c7a6325d698338a0d5adcef0b93df2e7e17e628
outputs/AURORA_TWETF/uncertainty_aware_etf_allocation/run_20260624_004516/plots/test_only_performance_bar_annual_return.png,test_only_performance_bar_annual_return.png,.png,101950,2026-06-24T00:46:32Z,c60a3b030e5875024ae889f30e4f815eaada6c1faebd06ef2f5d9cee0bd31355
outputs/AURORA_TWETF/uncertainty_aware_etf_allocation/run_20260624_004516/plots/test_only_performance_bar_annual_volatility.png,test_only_performance_bar_annual_volatility.png,.png,106605,2026-06-24T00:46:32Z,919e07a7b8bb2183b2fdf03ee53be76b776640dc2bcb087b2e8c68fdb9fa99ca
outputs/AURORA_TWETF/uncertainty_aware_etf_allocation/run_20260624_004516/plots/test_only_performance_bar_calmar_ratio.png,test_only_performance_bar_calmar_ratio.png,.png,101743,2026-06-24T00:46:34Z,11fb16ea23cc499c642292d77f37402aae91a8fb90ef6b313507ae04f47d6ef3
outputs/AURORA_TWETF/uncertainty_aware_etf_allocation/run_20260624_004516/plots/test_only_performance_bar_final_equity.png,test_only_performance_bar_final_equity.png,.png,103495,2026-06-24T00:46:34Z,a4a23e50827dadfc883c4a0db56d6f5e8372c8233f3f8a21bcbab61dde594995
outputs/AURORA_TWETF/uncertainty_aware_etf_allocation/run_20260624_004516/plots/test_only_performance_bar_max_drawdown.png,test_only_performance_bar_max_drawdown.png,.png,104168,2026-06-24T00:46:33Z,1253a2586698c707e33dc7735609a1b9a70a97f25a98139e411dd237d42bf10b
outputs/AURORA_TWETF/uncertainty_aware_etf_allocation/run_20260624_004516/plots/test_only_performance_bar_sharpe_ratio.png,test_only_performance_bar_sharpe_ratio.png,.png,101546,2026-06-24T00:46:33Z,3940fb14b98d778579b075441358e95d1dc20e644d1bd0a94ef6c3914e4a6331
outputs/AURORA_TWETF/uncertainty_aware_etf_allocation/run_20260624_004516/plots/test_only_performance_bar_sortino_ratio.png,test_only_performance_bar_sortino_ratio.png,.png,101512,2026-06-24T00:46:33Z,4559f54418bbbe6814f3151ca1d4051a235487e4ea1c85e763dda81923771862
outputs/AURORA_TWETF/uncertainty_aware_etf_allocation/run_20260624_004516/plots/test_only_performance_bar_total_return.png,test_only_performance_bar_total_return.png,.png,101443,2026-06-24T00:46:32Z,24f22bfb604e9fa29732ba08e11d5963b77431c244aebb106e14907a34fa4d5e
outputs/AURORA_TWETF/uncertainty_aware_etf_allocation/run_20260624_004516/plots/weights_area_B1_equal_weight_all_etfs.png,weights_area_B1_equal_weight_all_etfs.png,.png,56610,2026-06-24T00:46:26Z,7863ec4f00ca68571b19e48a29f70f8bff20050894b2611d9af5a39203e1394b
outputs/AURORA_TWETF/uncertainty_aware_etf_allocation/run_20260624_004516/plots/weights_area_B2_equal_weight_constrained.png,weights_area_B2_equal_weight_constrained.png,.png,58922,2026-06-24T00:46:27Z,7be6abbe99585e38091f4c5890d5ce18a18b6a38f3bf3f4301eba14c71654a28
outputs/AURORA_TWETF/uncertainty_aware_etf_allocation/run_20260624_004516/plots/weights_area_B3_0050_only.png,weights_area_B3_0050_only.png,.png,56117,2026-06-24T00:46:27Z,578d712d47c9a5dbca0b0e53396f0e9388962482c1a6b2dc45916be07ab36bef
outputs/AURORA_TWETF/uncertainty_aware_etf_allocation/run_20260624_004516/plots/weights_area_P1_validation_selected.png,weights_area_P1_validation_selected.png,.png,66785,2026-06-24T00:46:17Z,51122b4cb1b4608ab3a22d099ed5e40c45449d94e6dfc2de2652deae61e25e66
outputs/AURORA_TWETF/uncertainty_aware_etf_allocation/run_20260624_004516/plots/weights_area_P2_test_robust_reference.png,weights_area_P2_test_robust_reference.png,.png,69968,2026-06-24T00:46:19Z,b2a840b55d1be2bc01b05873587d045f5a4e829645fa8bd3d6d897390f849bcb
outputs/AURORA_TWETF/uncertainty_aware_etf_allocation/run_20260624_004516/plots/weights_area_P3_conservative_ordinal_60d.png,weights_area_P3_conservative_ordinal_60d.png,.png,70208,2026-06-24T00:46:20Z,f48930ff046e819ef79688f7f7b2369594c7a4b1e52e0945b847826891f58244
outputs/AURORA_TWETF/uncertainty_aware_etf_allocation/run_20260624_004516/plots/weights_area_P4_calibrated_linear_60d.png,weights_area_P4_calibrated_linear_60d.png,.png,68422,2026-06-24T00:46:22Z,48403b6768b27929c9990ac996167b48724fc5024f309e23ec67905ca272966d
outputs/AURORA_TWETF/uncertainty_aware_etf_allocation/run_20260624_004516/plots/weights_area_P5_notebook04_probability_ensemble.png,weights_area_P5_notebook04_probability_ensemble.png,.png,70552,2026-06-24T00:46:23Z,b74f21c495e42e5ef5b9f392a2680043483f158094b01de43cf553c97e3c5a1d
outputs/AURORA_TWETF/uncertainty_aware_etf_allocation/run_20260624_004516/plots/weights_area_P6_custom_robust_60d_weighted_ensemble.png,weights_area_P6_custom_robust_60d_weighted_ensemble.png,.png,73935,2026-06-24T00:46:25Z,d5b301c3e128009dfe24ab69e6f09aa24045b8b32345ec07dc38914aafe3a78c
outputs/AURORA_TWETF/uncertainty_aware_etf_allocation/run_20260624_004516/policies/policy_components.csv,policy_components.csv,.csv,1138,2026-06-24T00:46:17Z,2d905175b48d0a51b85215606018a5b7ec47050095d681b2347471b4216fb78f
outputs/AURORA_TWETF/uncertainty_aware_etf_allocation/run_20260624_004516/reports/AURORA_05_allocation_file_manifest_SHA256.csv,AURORA_05_allocation_file_manifest_SHA256.csv,.csv,13049,2026-06-24T00:46:34Z,e65ad320cfdee0d2fe4633954808cb2800eb1099d1437762ed3d53840943ecff
outputs/AURORA_TWETF/uncertainty_aware_etf_allocation/run_20260624_004516/reports/AURORA_05_allocation_validation_report.json,AURORA_05_allocation_validation_report.json,.json,5825,2026-06-24T00:46:34Z,10ec094c685c18a194f47d8d14db620e8963398727f85bdd57456231597e400d
outputs/AURORA_TWETF/uncertainty_aware_etf_allocation/run_20260624_004516/returns/returns_B1_equal_weight_all_etfs.csv,returns_B1_equal_weight_all_etfs.csv,.csv,183552,2026-06-24T00:46:26Z,8fc8d4c673f0020fb87b28b01a08f8b3142be9292932910b19c9e0c65003e342
outputs/AURORA_TWETF/uncertainty_aware_etf_allocation/run_20260624_004516/returns/returns_B1_equal_weight_all_etfs.parquet,returns_B1_equal_weight_all_etfs.parquet,.parquet,67701,2026-06-24T00:46:26Z,f230d67b7f9dcf661d41e8441c69b30f16dba54efd692679f561b33104a71887
outputs/AURORA_TWETF/uncertainty_aware_etf_allocation/run_20260624_004516/returns/returns_B2_equal_weight_constrained.csv,returns_B2_equal_weight_constrained.csv,.csv,187873,2026-06-24T00:46:27Z,e69b45baabe480fd1170c16494abc9ac860150f8a607f59aa0c0ac07df491f26
outputs/AURORA_TWETF/uncertainty_aware_etf_allocation/run_20260624_004516/returns/returns_B2_equal_weight_constrained.parquet,returns_B2_equal_weight_constrained.parquet,.parquet,67742,2026-06-24T00:46:27Z,5b69e4c9e5b53f8c5fbcf93ef4e2e521fb85a10f47f9d2cb78e860bdec490d75
outputs/AURORA_TWETF/uncertainty_aware_etf_allocation/run_20260624_004516/returns/returns_B3_0050_only.csv,returns_B3_0050_only.csv,.csv,164918,2026-06-24T00:46:27Z,0ceadea7612f875641225e65a3888c6100f79a529ae59ff69320b09cd7ebdca7
outputs/AURORA_TWETF/uncertainty_aware_etf_allocation/run_20260624_004516/returns/returns_B3_0050_only.parquet,returns_B3_0050_only.parquet,.parquet,65616,2026-06-24T00:46:27Z,4be767106daf078350996caae7d0f0b5d7701479d3d188676d8c2ed9703baf17
outputs/AURORA_TWETF/uncertainty_aware_etf_allocation/run_20260624_004516/returns/returns_P1_validation_selected.csv,returns_P1_validation_selected.csv,.csv,164346,2026-06-24T00:46:17Z,2c363c6bda4c5c319fe14ce4bcebb18ad45788ac87944abca31e6aaaf3d20286
outputs/AURORA_TWETF/uncertainty_aware_etf_allocation/run_20260624_004516/returns/returns_P1_validation_selected.parquet,returns_P1_validation_selected.parquet,.parquet,64274,2026-06-24T00:46:17Z,d9215d3df6df2c0d097bd2d30be8862f8cd77df4a513ca66a24335be9bb2b01d
outputs/AURORA_TWETF/uncertainty_aware_etf_allocation/run_20260624_004516/returns/returns_P2_test_robust_reference.csv,returns_P2_test_robust_reference.csv,.csv,166806,2026-06-24T00:46:19Z,f381f646edfbba62256ef0b4638ee11e91e2a5e13091311ece778b3e86c37a11
outputs/AURORA_TWETF/uncertainty_aware_etf_allocation/run_20260624_004516/returns/returns_P2_test_robust_reference.parquet,returns_P2_test_robust_reference.parquet,.parquet,64276,2026-06-24T00:46:19Z,36dac71f5c0c03223bcf0240fcae4459958c025e7d540e09905369066c0e19a7
outputs/AURORA_TWETF/uncertainty_aware_etf_allocation/run_20260624_004516/returns/returns_P3_conservative_ordinal_60d.csv,returns_P3_conservative_ordinal_60d.csv,.csv,170631,2026-06-24T00:46:20Z,4b37ebb83e6f1e860ffcd4526bb061b1fbae6935296129105a14e655615edf3b
outputs/AURORA_TWETF/uncertainty_aware_etf_allocation/run_20260624_004516/returns/returns_P3_conservative_ordinal_60d.parquet,returns_P3_conservative_ordinal_60d.parquet,.parquet,64298,2026-06-24T00:46:20Z,64c4eae9e439c16321e54192aafe47221c09e4edb39b0acddb4f4ca18710e23a
outputs/AURORA_TWETF/uncertainty_aware_etf_allocation/run_20260624_004516/returns/returns_P4_calibrated_linear_60d.csv,returns_P4_calibrated_linear_60d.csv,.csv,166808,2026-06-24T00:46:22Z,a083a3022f6bc216131134c617c781f557241d7651da284a109302f9e03b8906
outputs/AURORA_TWETF/uncertainty_aware_etf_allocation/run_20260624_004516/returns/returns_P4_calibrated_linear_60d.parquet,returns_P4_calibrated_linear_60d.parquet,.parquet,64284,2026-06-24T00:46:22Z,c0583dbfed2fc6db2607224bf7fea5daabdf7e7901eea68c8e0cb666560feedf
outputs/AURORA_TWETF/uncertainty_aware_etf_allocation/run_20260624_004516/returns/returns_P5_notebook04_probability_ensemble.csv,returns_P5_notebook04_probability_ensemble.csv,.csv,179480,2026-06-24T00:46:23Z,35d0291647c021e318931b3d2bc579bac9a2dfe6a059f7ce3618512c3a6234c1
outputs/AURORA_TWETF/uncertainty_aware_etf_allocation/run_20260624_004516/returns/returns_P5_notebook04_probability_ensemble.parquet,returns_P5_notebook04_probability_ensemble.parquet,.parquet,64334,2026-06-24T00:46:23Z,1e61a75fdfff99f86d39c08de8ad968c09d851a0e46fa659d42e01d548882e89
outputs/AURORA_TWETF/uncertainty_aware_etf_allocation/run_20260624_004516/returns/returns_P6_custom_robust_60d_weighted_ensemble.csv,returns_P6_custom_robust_60d_weighted_ensemble.csv,.csv,184457,2026-06-24T00:46:25Z,f5092b45adf8efce5aae19abb518d5f22d73df84eecbc3a203afc5cc5d2651f3
outputs/AURORA_TWETF/uncertainty_aware_etf_allocation/run_20260624_004516/returns/returns_P6_custom_robust_60d_weighted_ensemble.parquet,returns_P6_custom_robust_60d_weighted_ensemble.parquet,.parquet,64354,2026-06-24T00:46:25Z,65cdbbc571cc1e31be7181c169a208b59ea11ed6c9d5f99fa37e7f9cc4bce5bb
outputs/AURORA_TWETF/uncertainty_aware_etf_allocation/run_20260624_004516/returns/returns_all_policies.csv,returns_all_policies.csv,.csv,1568087,2026-06-24T00:46:27Z,35f1eb84e01c0951ebb61825b6e10f4fd7e7f048104bf3cee8971098d455f305
outputs/AURORA_TWETF/uncertainty_aware_etf_allocation/run_20260624_004516/returns/returns_all_policies.parquet,returns_all_policies.parquet,.parquet,478023,2026-06-24T00:46:27Z,e1e25bc7151e2b9ecef13e5425cce910cfa55569157801872334f52b864f631a
outputs/AURORA_TWETF/uncertainty_aware_etf_allocation/run_20260624_004516/weights/weights_B1_equal_weight_all_etfs.csv,weights_B1_equal_weight_all_etfs.csv,.csv,49944,2026-06-24T00:46:26Z,40d0744f71dac86611333f4d9ba20fb29fa75cb6dbcd47802beeed53cc4aba38
outputs/AURORA_TWETF/uncertainty_aware_etf_allocation/run_20260624_004516/weights/weights_B1_equal_weight_all_etfs.parquet,weights_B1_equal_weight_all_etfs.parquet,.parquet,16589,2026-06-24T00:46:26Z,be2a6c413dfd94bee53b8932d50726c69ec7df481e2f18c57d79bb6771ea02e9
outputs/AURORA_TWETF/uncertainty_aware_etf_allocation/run_20260624_004516/weights/weights_B2_equal_weight_constrained.csv,weights_B2_equal_weight_constrained.csv,.csv,47092,2026-06-24T00:46:27Z,1f20088d74dd0513606c4d6f5cf86379c6c0166a3dbb0fa4fdb3d3215fac367b
outputs/AURORA_TWETF/uncertainty_aware_etf_allocation/run_20260624_004516/weights/weights_B2_equal_weight_constrained.parquet,weights_B2_equal_weight_constrained.parquet,.parquet,16589,2026-06-24T00:46:27Z,1853caad8440a2e75f9d6e8ca06f914f79b82c096cdc9d4a61e9b4f25f9d47c3
outputs/AURORA_TWETF/uncertainty_aware_etf_allocation/run_20260624_004516/weights/weights_B3_0050_only.csv,weights_B3_0050_only.csv,.csv,44240,2026-06-24T00:46:27Z,4c6d718da484402be3ff3d56111ce8f188497710b6bf0b14f6b2d5b8eeaf662f
outputs/AURORA_TWETF/uncertainty_aware_etf_allocation/run_20260624_004516/weights/weights_B3_0050_only.parquet,weights_B3_0050_only.parquet,.parquet,16589,2026-06-24T00:46:27Z,912f73e84adc632f6e2a5a7b3568dcd41b692c87f430db023e91c2345e940458
outputs/AURORA_TWETF/uncertainty_aware_etf_allocation/run_20260624_004516/weights/weights_P1_validation_selected.csv,weights_P1_validation_selected.csv,.csv,136650,2026-06-24T00:46:17Z,901cb17181d411ac6494aaaa89d4ce661f219efbbdcb6e927c6a100075537189
outputs/AURORA_TWETF/uncertainty_aware_etf_allocation/run_20260624_004516/weights/weights_P1_validation_selected.parquet,weights_P1_validation_selected.parquet,.parquet,16320,2026-06-24T00:46:17Z,d7af33eed52fccaa0e1a57d2d2fa13874a6a34141f471a01e27f1d456df290e5
outputs/AURORA_TWETF/uncertainty_aware_etf_allocation/run_20260624_004516/weights/weights_P2_test_robust_reference.csv,weights_P2_test_robust_reference.csv,.csv,138607,2026-06-24T00:46:19Z,84498aa875ea470fc01bda51ed8087c825bf969eb94235058b89967a5ea9a9d4
outputs/AURORA_TWETF/uncertainty_aware_etf_allocation/run_20260624_004516/weights/weights_P2_test_robust_reference.parquet,weights_P2_test_robust_reference.parquet,.parquet,16320,2026-06-24T00:46:19Z,a382deae5f70da595dde75a397e57206216bd8426458aa0de25a5a9a63c2f9c0
outputs/AURORA_TWETF/uncertainty_aware_etf_allocation/run_20260624_004516/weights/weights_P3_conservative_ordinal_60d.csv,weights_P3_conservative_ordinal_60d.csv,.csv,137897,2026-06-24T00:46:20Z,8bc605330c128056fa24c9c0512e9c18d0ee970750d9890fd8572dcb08dfd4d2
outputs/AURORA_TWETF/uncertainty_aware_etf_allocation/run_20260624_004516/weights/weights_P3_conservative_ordinal_60d.parquet,weights_P3_conservative_ordinal_60d.parquet,.parquet,16320,2026-06-24T00:46:20Z,3134f4ddf56d0a1e2f8584e968c26d406266b5a0f4815d551c7661a57cf75e82
outputs/AURORA_TWETF/uncertainty_aware_etf_allocation/run_20260624_004516/weights/weights_P4_calibrated_linear_60d.csv,weights_P4_calibrated_linear_60d.csv,.csv,138109,2026-06-24T00:46:22Z,c73d09492683e9de3a7880da1a4bb7956c6e4131e62b95371df2cf2f535346c0
outputs/AURORA_TWETF/uncertainty_aware_etf_allocation/run_20260624_004516/weights/weights_P4_calibrated_linear_60d.parquet,weights_P4_calibrated_linear_60d.parquet,.parquet,16320,2026-06-24T00:46:22Z,5cbd41b25c3f29edc21c875351cc9bf6f5b0c2ca3422ce41c5896180523d7174
outputs/AURORA_TWETF/uncertainty_aware_etf_allocation/run_20260624_004516/weights/weights_P5_notebook04_probability_ensemble.csv,weights_P5_notebook04_probability_ensemble.csv,.csv,137601,2026-06-24T00:46:23Z,5c8fa0ee89f517cff921db69812bd8424ffb52d852ecae18312745e471a41bdc
outputs/AURORA_TWETF/uncertainty_aware_etf_allocation/run_20260624_004516/weights/weights_P5_notebook04_probability_ensemble.parquet,weights_P5_notebook04_probability_ensemble.parquet,.parquet,16320,2026-06-24T00:46:23Z,1002587bcb0d0b8706f77454eb6ccb823ea349a9d1590c35aeb466401faac56e
outputs/AURORA_TWETF/uncertainty_aware_etf_allocation/run_20260624_004516/weights/weights_P6_custom_robust_60d_weighted_ensemble.csv,weights_P6_custom_robust_60d_weighted_ensemble.csv,.csv,137289,2026-06-24T00:46:25Z,d1987e139248a6ce55824fb40911d4c092398b8e66eb64cba67a624f89cfa7b3
outputs/AURORA_TWETF/uncertainty_aware_etf_allocation/run_20260624_004516/weights/weights_P6_custom_robust_60d_weighted_ensemble.parquet,weights_P6_custom_robust_60d_weighted_ensemble.parquet,.parquet,16320,2026-06-24T00:46:25Z,b1778a1052e21a1afb00087795874014d91e45518b45f72d628d89dbe5115702
outputs/AURORA_TWETF/uncertainty_aware_etf_allocation/run_20260624_004516/weights/weights_all_policies.csv,weights_all_policies.csv,.csv,1282159,2026-06-24T00:46:28Z,331508a1d80c8fff19c002a3dc5f7740ad2fca3ceb7dc1c6df3ddfe5e8598b41
outputs/AURORA_TWETF/uncertainty_aware_etf_allocation/run_20260624_004516/weights/weights_all_policies.parquet,weights_all_policies.parquet,.parquet,38500,2026-06-24T00:46:28Z,c1d567ada25f60b042f922e5a526b7f0f39661e3397cda0a8fcc83f7dedf7d19
outputs/AURORA_TWETF/uncertainty_aware_mean_variance_allocation/run_20260624_100748/NOTEBOOK11_UAMV_INDEX.csv,NOTEBOOK11_UAMV_INDEX.csv,.csv,1297,2026-06-24T10:08:41Z,c3c6c263053d243cace54bb73e7bea381ff0b490e2a0519bb08afdc3b7c39af6
outputs/AURORA_TWETF/uncertainty_aware_mean_variance_allocation/run_20260624_100748/diagnostics/uamv_optimization_diagnostics_by_fold.csv,uamv_optimization_diagnostics_by_fold.csv,.csv,1434267,2026-06-24T10:08:39Z,b6930f338c13b42c88a0a74994f0c90b7a16a681a06bc2b3a47c30fcdf3cc4cc
outputs/AURORA_TWETF/uncertainty_aware_mean_variance_allocation/run_20260624_100748/diagnostics/uamv_optimization_diagnostics_by_fold.parquet,uamv_optimization_diagnostics_by_fold.parquet,.parquet,404323,2026-06-24T10:08:39Z,3e74733e93f3a261d758f29ff62b58ee2955d76d7223bab95b60b7f72fd3b5d8
outputs/AURORA_TWETF/uncertainty_aware_mean_variance_allocation/run_20260624_100748/paper_figures/figure_6_3_6_4_aurora_uamv_summary_check.csv,figure_6_3_6_4_aurora_uamv_summary_check.csv,.csv,483,2026-06-28T03:02:25Z,2fe62ec3482dc27243cef96ee38deb8d86afd3592ebd55f3b253df1e132070d5
outputs/AURORA_TWETF/uncertainty_aware_mean_variance_allocation/run_20260624_100748/paper_figures/figure_6_3_aurora_uamv_cumulative_wealth.pdf,figure_6_3_aurora_uamv_cumulative_wealth.pdf,.pdf,28371,2026-06-28T03:02:24Z,98d4a87b3d6afc0db749667bb3fb15f922c6280a0311b63ab9ff725855332f96
outputs/AURORA_TWETF/uncertainty_aware_mean_variance_allocation/run_20260624_100748/paper_figures/figure_6_3_aurora_uamv_cumulative_wealth.png,figure_6_3_aurora_uamv_cumulative_wealth.png,.png,309168,2026-06-28T03:02:23Z,cceb5cf848479039040c87f455f6975119609f3ec8cbfa000ee2347c642c906b
outputs/AURORA_TWETF/uncertainty_aware_mean_variance_allocation/run_20260624_100748/paper_figures/figure_6_3_aurora_uamv_cumulative_wealth_data.csv,figure_6_3_aurora_uamv_cumulative_wealth_data.csv,.csv,33545,2026-06-28T03:02:25Z,1010a4fe517884db111967919e39b81e3df551a5cf7cc3537e3fd39bc7bdd1f7
outputs/AURORA_TWETF/uncertainty_aware_mean_variance_allocation/run_20260624_100748/paper_figures/figure_6_4_aurora_uamv_drawdown.pdf,figure_6_4_aurora_uamv_drawdown.pdf,.pdf,26108,2026-06-28T03:02:25Z,cad33a31c7bea2d7b00e5f03ed12bfdb50e29b1a8d69559cee2b220651c1d590
outputs/AURORA_TWETF/uncertainty_aware_mean_variance_allocation/run_20260624_100748/paper_figures/figure_6_4_aurora_uamv_drawdown.png,figure_6_4_aurora_uamv_drawdown.png,.png,392157,2026-06-28T03:02:25Z,926cc0454b7f91245a3a703d45bcbe7a82068fc7b2d9a0caae4e74c7f00d7f56
outputs/AURORA_TWETF/uncertainty_aware_mean_variance_allocation/run_20260624_100748/paper_figures/figure_6_4_aurora_uamv_drawdown_data.csv,figure_6_4_aurora_uamv_drawdown_data.csv,.csv,31947,2026-06-28T03:02:25Z,9548842e71c144937839b0e7eabead8660bc6224b96e8bd72968634b2454471c
outputs/AURORA_TWETF/uncertainty_aware_mean_variance_allocation/run_20260624_100748/paper_figures/uamv_vs_benchmarks_test_drawdowns_top12.png,uamv_vs_benchmarks_test_drawdowns_top12.png,.png,496031,2026-06-24T10:08:46Z,a689967b2782efcfd09108ef303f086ce8c1c16ef7c12387014d9e1ffd14df29
outputs/AURORA_TWETF/uncertainty_aware_mean_variance_allocation/run_20260624_100748/paper_figures/uamv_vs_benchmarks_test_equity_curves_top12.png,uamv_vs_benchmarks_test_equity_curves_top12.png,.png,444094,2026-06-24T10:08:46Z,e1fa01133d1a4b0601c5cce69a4a3b5ae402707abc2ea7c5e6665ed906b56915
outputs/AURORA_TWETF/uncertainty_aware_mean_variance_allocation/run_20260624_100748/paper_figures/uamv_vs_benchmarks_test_max_drawdown.png,uamv_vs_benchmarks_test_max_drawdown.png,.png,286562,2026-06-24T10:08:46Z,10a39c1ce63991ff198f0d1ae177892992bc985eca47755bfec96b544c6a6f99
outputs/AURORA_TWETF/uncertainty_aware_mean_variance_allocation/run_20260624_100748/paper_figures/uamv_vs_benchmarks_test_sharpe.png,uamv_vs_benchmarks_test_sharpe.png,.png,282508,2026-06-24T10:08:46Z,38cbd038bf31ec542e92819962926c1c0d533b765f38caa9751735314e0d89ea
outputs/AURORA_TWETF/uncertainty_aware_mean_variance_allocation/run_20260624_100748/paper_figures/uamv_vs_benchmarks_test_total_return.png,uamv_vs_benchmarks_test_total_return.png,.png,284264,2026-06-24T10:08:46Z,0811af79c00f5d9ab62d02edaadb06631943eb87794470a22aaf9596e211f107
outputs/AURORA_TWETF/uncertainty_aware_mean_variance_allocation/run_20260624_100748/paper_figures/weights_area_AURORA10_UAMV_A_balanced.png,weights_area_AURORA10_UAMV_A_balanced.png,.png,101230,2026-06-24T10:08:46Z,73292f11cd0e3e205212379b4f02ba2c2bb153bcdf283a4667e7ef7c5b7c73c6
outputs/AURORA_TWETF/uncertainty_aware_mean_variance_allocation/run_20260624_100748/paper_figures/weights_area_AURORA10_UAMV_B_more60_defensive.png,weights_area_AURORA10_UAMV_B_more60_defensive.png,.png,106604,2026-06-24T10:08:46Z,6943a926df4e4423a388fa304ff2bbec158c7a552c3229d9e5a3dbe55688732f
outputs/AURORA_TWETF/uncertainty_aware_mean_variance_allocation/run_20260624_100748/paper_figures/weights_area_AURORA10_UAMV_C_more60_growth.png,weights_area_AURORA10_UAMV_C_more60_growth.png,.png,99158,2026-06-24T10:08:46Z,2f3f708da9e5321fba370d7ffc8dc36847bfabed529c65a0ece785386c71ca13
outputs/AURORA_TWETF/uncertainty_aware_mean_variance_allocation/run_20260624_100748/paper_figures/weights_area_AURORA10_UAMV_D_low_turnover.png,weights_area_AURORA10_UAMV_D_low_turnover.png,.png,107199,2026-06-24T10:08:46Z,8fdb0fdc8c7c60ee3e7ed2768b643ba456eec56325f1698d9f9555d14c2bbd00
outputs/AURORA_TWETF/uncertainty_aware_mean_variance_allocation/run_20260624_100748/paper_figures/weights_area_AURORA10_UAMV_E_no_regime_tilt_control.png,weights_area_AURORA10_UAMV_E_no_regime_tilt_control.png,.png,103371,2026-06-24T10:08:46Z,4065381de75670a18b7def40bf10f1f5e8db33702ee91dfd9e0c9e3d421e4ef8
outputs/AURORA_TWETF/uncertainty_aware_mean_variance_allocation/run_20260624_100748/plots/uamv_vs_benchmarks_test_drawdowns_top12.png,uamv_vs_benchmarks_test_drawdowns_top12.png,.png,496031,2026-06-24T10:08:44Z,a689967b2782efcfd09108ef303f086ce8c1c16ef7c12387014d9e1ffd14df29
outputs/AURORA_TWETF/uncertainty_aware_mean_variance_allocation/run_20260624_100748/plots/uamv_vs_benchmarks_test_equity_curves_top12.png,uamv_vs_benchmarks_test_equity_curves_top12.png,.png,444094,2026-06-24T10:08:43Z,e1fa01133d1a4b0601c5cce69a4a3b5ae402707abc2ea7c5e6665ed906b56915
outputs/AURORA_TWETF/uncertainty_aware_mean_variance_allocation/run_20260624_100748/plots/uamv_vs_benchmarks_test_max_drawdown.png,uamv_vs_benchmarks_test_max_drawdown.png,.png,286562,2026-06-24T10:08:43Z,10a39c1ce63991ff198f0d1ae177892992bc985eca47755bfec96b544c6a6f99
outputs/AURORA_TWETF/uncertainty_aware_mean_variance_allocation/run_20260624_100748/plots/uamv_vs_benchmarks_test_sharpe.png,uamv_vs_benchmarks_test_sharpe.png,.png,282508,2026-06-24T10:08:41Z,38cbd038bf31ec542e92819962926c1c0d533b765f38caa9751735314e0d89ea
outputs/AURORA_TWETF/uncertainty_aware_mean_variance_allocation/run_20260624_100748/plots/uamv_vs_benchmarks_test_total_return.png,uamv_vs_benchmarks_test_total_return.png,.png,284264,2026-06-24T10:08:42Z,0811af79c00f5d9ab62d02edaadb06631943eb87794470a22aaf9596e211f107
outputs/AURORA_TWETF/uncertainty_aware_mean_variance_allocation/run_20260624_100748/plots/weights_area_AURORA10_UAMV_A_balanced.png,weights_area_AURORA10_UAMV_A_balanced.png,.png,101230,2026-06-24T10:08:44Z,73292f11cd0e3e205212379b4f02ba2c2bb153bcdf283a4667e7ef7c5b7c73c6
outputs/AURORA_TWETF/uncertainty_aware_mean_variance_allocation/run_20260624_100748/plots/weights_area_AURORA10_UAMV_B_more60_defensive.png,weights_area_AURORA10_UAMV_B_more60_defensive.png,.png,106604,2026-06-24T10:08:45Z,6943a926df4e4423a388fa304ff2bbec158c7a552c3229d9e5a3dbe55688732f
outputs/AURORA_TWETF/uncertainty_aware_mean_variance_allocation/run_20260624_100748/plots/weights_area_AURORA10_UAMV_C_more60_growth.png,weights_area_AURORA10_UAMV_C_more60_growth.png,.png,99158,2026-06-24T10:08:45Z,2f3f708da9e5321fba370d7ffc8dc36847bfabed529c65a0ece785386c71ca13
outputs/AURORA_TWETF/uncertainty_aware_mean_variance_allocation/run_20260624_100748/plots/weights_area_AURORA10_UAMV_D_low_turnover.png,weights_area_AURORA10_UAMV_D_low_turnover.png,.png,107199,2026-06-24T10:08:46Z,8fdb0fdc8c7c60ee3e7ed2768b643ba456eec56325f1698d9f9555d14c2bbd00
outputs/AURORA_TWETF/uncertainty_aware_mean_variance_allocation/run_20260624_100748/plots/weights_area_AURORA10_UAMV_E_no_regime_tilt_control.png,weights_area_AURORA10_UAMV_E_no_regime_tilt_control.png,.png,103371,2026-06-24T10:08:46Z,4065381de75670a18b7def40bf10f1f5e8db33702ee91dfd9e0c9e3d421e4ef8
outputs/AURORA_TWETF/uncertainty_aware_mean_variance_allocation/run_20260624_100748/reports/AURORA_10_file_manifest_SHA256.csv,AURORA_10_file_manifest_SHA256.csv,.csv,12516,2026-06-24T10:08:46Z,250839519b913059525aaa95b51499e984842eb6d98ecf859cc17050f97b793a
outputs/AURORA_TWETF/uncertainty_aware_mean_variance_allocation/run_20260624_100748/reports/AURORA_10_uamv_validation_report.json,AURORA_10_uamv_validation_report.json,.json,10108,2026-06-24T10:08:46Z,43da9abb71fce9d78b342f5983300f60466a99599b3dded7d566c853e5bd46bb
outputs/AURORA_TWETF/uncertainty_aware_mean_variance_allocation/run_20260624_100748/returns/aggregate_test_returns_UAMV_A_balanced.csv,aggregate_test_returns_UAMV_A_balanced.csv,.csv,56853,2026-06-24T10:08:39Z,400aea6cc1c597412749b93c1822617fb1598b1f151f7fdf5cbd7997db949065
outputs/AURORA_TWETF/uncertainty_aware_mean_variance_allocation/run_20260624_100748/returns/aggregate_test_returns_UAMV_A_balanced.parquet,aggregate_test_returns_UAMV_A_balanced.parquet,.parquet,22641,2026-06-24T10:08:39Z,b914994c573a810ba63ddd53a2643dcbc0acd54c98fa7c4236f4e733ff9fab41
outputs/AURORA_TWETF/uncertainty_aware_mean_variance_allocation/run_20260624_100748/returns/aggregate_test_returns_UAMV_B_more60_defensive.csv,aggregate_test_returns_UAMV_B_more60_defensive.csv,.csv,62027,2026-06-24T10:08:39Z,824a65e72a9600ddfc4bc517f3a3f647c85ff0cee03882f0adabff64deb431ab
outputs/AURORA_TWETF/uncertainty_aware_mean_variance_allocation/run_20260624_100748/returns/aggregate_test_returns_UAMV_B_more60_defensive.parquet,aggregate_test_returns_UAMV_B_more60_defensive.parquet,.parquet,22721,2026-06-24T10:08:39Z,b6c54cb523f7cda088717ea2e16e0c67c046d0ee67943c661321fb4ee04313a5
outputs/AURORA_TWETF/uncertainty_aware_mean_variance_allocation/run_20260624_100748/returns/aggregate_test_returns_UAMV_C_more60_growth.csv,aggregate_test_returns_UAMV_C_more60_growth.csv,.csv,60070,2026-06-24T10:08:39Z,d82cb9845c6698bb267a1f43e8329f0fbba1c4134d1320df89ae272a72d6b27b
outputs/AURORA_TWETF/uncertainty_aware_mean_variance_allocation/run_20260624_100748/returns/aggregate_test_returns_UAMV_C_more60_growth.parquet,aggregate_test_returns_UAMV_C_more60_growth.parquet,.parquet,22735,2026-06-24T10:08:39Z,2e4444e3e00526e6dfd1f1682357191057a6f66326d90a1c9e9926d982ec4ceb
outputs/AURORA_TWETF/uncertainty_aware_mean_variance_allocation/run_20260624_100748/returns/aggregate_test_returns_UAMV_D_low_turnover.csv,aggregate_test_returns_UAMV_D_low_turnover.csv,.csv,59451,2026-06-24T10:08:39Z,04ef9a7ea00822ae660bcbaad3cbae396fe7e343a4733f87564bc64bce38f621
outputs/AURORA_TWETF/uncertainty_aware_mean_variance_allocation/run_20260624_100748/returns/aggregate_test_returns_UAMV_D_low_turnover.parquet,aggregate_test_returns_UAMV_D_low_turnover.parquet,.parquet,22732,2026-06-24T10:08:39Z,df04b064b683a0e5e0479c7139b92f947c0c9ddd5d80eb9eb1c7353ecdf4306f
outputs/AURORA_TWETF/uncertainty_aware_mean_variance_allocation/run_20260624_100748/returns/aggregate_test_returns_UAMV_E_no_regime_tilt_control.csv,aggregate_test_returns_UAMV_E_no_regime_tilt_control.csv,.csv,65780,2026-06-24T10:08:40Z,4d0115498b3b0fd4b5f922c0145e7722079338d4839a062e28f6712f2990ad80
outputs/AURORA_TWETF/uncertainty_aware_mean_variance_allocation/run_20260624_100748/returns/aggregate_test_returns_UAMV_E_no_regime_tilt_control.parquet,aggregate_test_returns_UAMV_E_no_regime_tilt_control.parquet,.parquet,22857,2026-06-24T10:08:40Z,8259f2735b4a4a7a4f4e8841fb028fbd93f57feddd3587eab13236567d161263
outputs/AURORA_TWETF/uncertainty_aware_mean_variance_allocation/run_20260624_100748/returns/aggregate_test_returns_validation_selected_UAMV.csv,aggregate_test_returns_validation_selected_UAMV.csv,.csv,62896,2026-06-24T10:08:40Z,83e87d383c06867e9c2f5f5f492bdb3f421b61de8d66420c954f471c5c59ba1d
outputs/AURORA_TWETF/uncertainty_aware_mean_variance_allocation/run_20260624_100748/returns/aggregate_test_returns_validation_selected_UAMV.parquet,aggregate_test_returns_validation_selected_UAMV.parquet,.parquet,22868,2026-06-24T10:08:40Z,20d00f478b2236d2cf91b7a846cc5deb7ff92acf6180bd3d6d37579d833c447d
outputs/AURORA_TWETF/uncertainty_aware_mean_variance_allocation/run_20260624_100748/returns/comparison_returns_uamv_vs_benchmarks.csv,comparison_returns_uamv_vs_benchmarks.csv,.csv,1182806,2026-06-24T10:08:41Z,8db6b3b0e036469da32424ad35d40f5e6fc6eb6ca7a54fe6b1ecea780b03f1ad
outputs/AURORA_TWETF/uncertainty_aware_mean_variance_allocation/run_20260624_100748/returns/comparison_returns_uamv_vs_benchmarks.parquet,comparison_returns_uamv_vs_benchmarks.parquet,.parquet,285515,2026-06-24T10:08:41Z,e1148081d21d5a9b294535b98e9fa4e864950b3c5b7a2de35d3000d2f969542f
outputs/AURORA_TWETF/uncertainty_aware_mean_variance_allocation/run_20260624_100748/returns/uamv_returns_by_fold.csv,uamv_returns_by_fold.csv,.csv,749823,2026-06-24T10:08:39Z,564a3c61fd263b3f2eb5d7441b8e232fdbf5ee425e177868fae4f04f5ed50191
outputs/AURORA_TWETF/uncertainty_aware_mean_variance_allocation/run_20260624_100748/returns/uamv_returns_by_fold.parquet,uamv_returns_by_fold.parquet,.parquet,158707,2026-06-24T10:08:39Z,3a498af60f239576d87eb3ed06846ea60245cb88fb180654313de6debf3d435b
outputs/AURORA_TWETF/uncertainty_aware_mean_variance_allocation/run_20260624_100748/tables/aggregate_test_metrics_uamv.csv,aggregate_test_metrics_uamv.csv,.csv,2337,2026-06-24T10:08:40Z,b3f96ace686b48eed7da3e2711a4bc78aa9858173a89cfe9f40c9eac71a8eb17
outputs/AURORA_TWETF/uncertainty_aware_mean_variance_allocation/run_20260624_100748/tables/aggregate_test_metrics_validation_selected_uamv.csv,aggregate_test_metrics_validation_selected_uamv.csv,.csv,694,2026-06-24T10:08:40Z,c61eabd7167afeaa07834bfc8258c9d277dff155cccc33c71f1da6a5dd0945e7
outputs/AURORA_TWETF/uncertainty_aware_mean_variance_allocation/run_20260624_100748/tables/comparison_metrics_uamv_vs_benchmarks.csv,comparison_metrics_uamv_vs_benchmarks.csv,.csv,9877,2026-06-24T10:08:41Z,69a81fa62696368f3e2a007f20a04fb8e3c243a4c2dc13e26ef6e48d4788f5be
outputs/AURORA_TWETF/uncertainty_aware_mean_variance_allocation/run_20260624_100748/tables/comparison_rankings_uamv_vs_benchmarks.csv,comparison_rankings_uamv_vs_benchmarks.csv,.csv,10669,2026-06-24T10:08:41Z,5de94e09c5f6fb54fd4d849b3c510d48e18839187114dbeba6360a2840caef79
outputs/AURORA_TWETF/uncertainty_aware_mean_variance_allocation/run_20260624_100748/tables/fold_selected_uamv_strategies.csv,fold_selected_uamv_strategies.csv,.csv,837,2026-06-24T10:08:39Z,b61dae712982300c6f28827fdf752c2531493d679caca0d8e54f30f4f6563641
outputs/AURORA_TWETF/uncertainty_aware_mean_variance_allocation/run_20260624_100748/tables/fold_test_metrics_uamv.csv,fold_test_metrics_uamv.csv,.csv,7035,2026-06-24T10:08:39Z,36170efa1f4250de981e0f337e91c10389148f6d8a9bded9b0fa5112d6463113
outputs/AURORA_TWETF/uncertainty_aware_mean_variance_allocation/run_20260624_100748/tables/fold_validation_metrics_uamv.csv,fold_validation_metrics_uamv.csv,.csv,6936,2026-06-24T10:08:39Z,f170152aca33c8a17278658459e390248d8cc49435ad805cd39b3aa71d6db72a
outputs/AURORA_TWETF/uncertainty_aware_mean_variance_allocation/run_20260624_100748/tables/notebook10_diagnostic_summary.csv,notebook10_diagnostic_summary.csv,.csv,805,2026-06-24T10:08:41Z,a05b8245e30258c925f7f52eb5603016175358e016f37f1156277c6c4d30abf6
outputs/AURORA_TWETF/uncertainty_aware_mean_variance_allocation/run_20260624_100748/tables/uamv_aurora_vs_best_benchmark.csv,uamv_aurora_vs_best_benchmark.csv,.csv,2813,2026-06-24T10:08:41Z,89046094bbb6a1b1db3a6bf29ed9eb165c95b9a187fc41f169efc7726d8eeb75
outputs/AURORA_TWETF/uncertainty_aware_mean_variance_allocation/run_20260624_100748/weights/signal_weights_test_AURORA10_UAMV_A_balanced_fold_WF1.parquet,signal_weights_test_AURORA10_UAMV_A_balanced_fold_WF1.parquet,.parquet,10143,2026-06-24T10:07:57Z,c8ad555a39a3f65daf10b9864d2cd3bdf64a750f8f02dfad0a0d34eaab28b752
outputs/AURORA_TWETF/uncertainty_aware_mean_variance_allocation/run_20260624_100748/weights/signal_weights_test_AURORA10_UAMV_A_balanced_fold_WF2.parquet,signal_weights_test_AURORA10_UAMV_A_balanced_fold_WF2.parquet,.parquet,10103,2026-06-24T10:08:12Z,27a69a134d94613efef6688f3c8b9eab37ff6f2af79b135aa22ff8f5aaa14907
outputs/AURORA_TWETF/uncertainty_aware_mean_variance_allocation/run_20260624_100748/weights/signal_weights_test_AURORA10_UAMV_A_balanced_fold_WF3.parquet,signal_weights_test_AURORA10_UAMV_A_balanced_fold_WF3.parquet,.parquet,10263,2026-06-24T10:08:27Z,f51e790427b3e6a5c1cff678e8bd3b55e9be14a0e9c82974760723ee61dc222e
outputs/AURORA_TWETF/uncertainty_aware_mean_variance_allocation/run_20260624_100748/weights/signal_weights_test_AURORA10_UAMV_B_more60_defensive_fold_WF1.parquet,signal_weights_test_AURORA10_UAMV_B_more60_defensive_fold_WF1.parquet,.parquet,10126,2026-06-24T10:08:00Z,d8774a1c31f7c0530d4eb208a85d9031470fc5be1ed8e05fe8266f3aad7c8305
outputs/AURORA_TWETF/uncertainty_aware_mean_variance_allocation/run_20260624_100748/weights/signal_weights_test_AURORA10_UAMV_B_more60_defensive_fold_WF2.parquet,signal_weights_test_AURORA10_UAMV_B_more60_defensive_fold_WF2.parquet,.parquet,9924,2026-06-24T10:08:15Z,920e3118b8d2f9b7b9c55cd645acf0043952bec5858cfc8323dd1f8c38066be6
outputs/AURORA_TWETF/uncertainty_aware_mean_variance_allocation/run_20260624_100748/weights/signal_weights_test_AURORA10_UAMV_B_more60_defensive_fold_WF3.parquet,signal_weights_test_AURORA10_UAMV_B_more60_defensive_fold_WF3.parquet,.parquet,10030,2026-06-24T10:08:30Z,9214aacef9d5e5223dc23edaadb79d020d31d951204bd101899d57857a0bbc8c
outputs/AURORA_TWETF/uncertainty_aware_mean_variance_allocation/run_20260624_100748/weights/signal_weights_test_AURORA10_UAMV_C_more60_growth_fold_WF1.parquet,signal_weights_test_AURORA10_UAMV_C_more60_growth_fold_WF1.parquet,.parquet,10134,2026-06-24T10:08:03Z,18a3cbc40160920be2b85030abdb097d11bd37fa653326075db59d81955c3e9e
outputs/AURORA_TWETF/uncertainty_aware_mean_variance_allocation/run_20260624_100748/weights/signal_weights_test_AURORA10_UAMV_C_more60_growth_fold_WF2.parquet,signal_weights_test_AURORA10_UAMV_C_more60_growth_fold_WF2.parquet,.parquet,10311,2026-06-24T10:08:18Z,9157c4052314aadf87ffc280fd3c37e9d76da68171aaa38c3385228a621d2d21
outputs/AURORA_TWETF/uncertainty_aware_mean_variance_allocation/run_20260624_100748/weights/signal_weights_test_AURORA10_UAMV_C_more60_growth_fold_WF3.parquet,signal_weights_test_AURORA10_UAMV_C_more60_growth_fold_WF3.parquet,.parquet,10655,2026-06-24T10:08:33Z,d71a9d5e89f0bce296444f480e4243738157ae934f6e578ece93f3ebe225335a
outputs/AURORA_TWETF/uncertainty_aware_mean_variance_allocation/run_20260624_100748/weights/signal_weights_test_AURORA10_UAMV_D_low_turnover_fold_WF1.parquet,signal_weights_test_AURORA10_UAMV_D_low_turnover_fold_WF1.parquet,.parquet,10581,2026-06-24T10:08:06Z,52907e510f811beae392fb39bac3d679493c1e33060038f4570838154d17e413
outputs/AURORA_TWETF/uncertainty_aware_mean_variance_allocation/run_20260624_100748/weights/signal_weights_test_AURORA10_UAMV_D_low_turnover_fold_WF2.parquet,signal_weights_test_AURORA10_UAMV_D_low_turnover_fold_WF2.parquet,.parquet,10427,2026-06-24T10:08:21Z,771dc298e540e9448a906d5365b91ea7ad1d7ee458f25d92125b633e70b2c8c4
outputs/AURORA_TWETF/uncertainty_aware_mean_variance_allocation/run_20260624_100748/weights/signal_weights_test_AURORA10_UAMV_D_low_turnover_fold_WF3.parquet,signal_weights_test_AURORA10_UAMV_D_low_turnover_fold_WF3.parquet,.parquet,10630,2026-06-24T10:08:36Z,1a7578c65a2252667ad8a3245f61263c534973269ed48f02e037605a9f6c3d85
outputs/AURORA_TWETF/uncertainty_aware_mean_variance_allocation/run_20260624_100748/weights/signal_weights_test_AURORA10_UAMV_E_no_regime_tilt_control_fold_WF1.parquet,signal_weights_test_AURORA10_UAMV_E_no_regime_tilt_control_fold_WF1.parquet,.parquet,10755,2026-06-24T10:08:09Z,29e65be26aa1e61ef559e913bfdd006b0020d7153c298e6fc692974636fb336f
outputs/AURORA_TWETF/uncertainty_aware_mean_variance_allocation/run_20260624_100748/weights/signal_weights_test_AURORA10_UAMV_E_no_regime_tilt_control_fold_WF2.parquet,signal_weights_test_AURORA10_UAMV_E_no_regime_tilt_control_fold_WF2.parquet,.parquet,11061,2026-06-24T10:08:24Z,ca40492b45efad405fb28b8a0735c455c50bd27b72ff5c9190d78bdbc3a8e49d
outputs/AURORA_TWETF/uncertainty_aware_mean_variance_allocation/run_20260624_100748/weights/signal_weights_test_AURORA10_UAMV_E_no_regime_tilt_control_fold_WF3.parquet,signal_weights_test_AURORA10_UAMV_E_no_regime_tilt_control_fold_WF3.parquet,.parquet,11111,2026-06-24T10:08:39Z,dc5026802acaf295ac2d9ff7d73b736f1bd6e3626ded229ac2e46f7604cedbae
outputs/AURORA_TWETF/uncertainty_aware_mean_variance_allocation/run_20260624_100748/weights/signal_weights_validation_AURORA10_UAMV_A_balanced_fold_WF1.parquet,signal_weights_validation_AURORA10_UAMV_A_balanced_fold_WF1.parquet,.parquet,10875,2026-06-24T10:07:57Z,856f2574c96d78e5be699d061726ad904e49b3d313afdddbc0006e6fb0af40af
outputs/AURORA_TWETF/uncertainty_aware_mean_variance_allocation/run_20260624_100748/weights/signal_weights_validation_AURORA10_UAMV_A_balanced_fold_WF2.parquet,signal_weights_validation_AURORA10_UAMV_A_balanced_fold_WF2.parquet,.parquet,10076,2026-06-24T10:08:12Z,94e497a3320b6ad316c298be0e86108491c9d69b984657f939a48a8ab8db7ee2
outputs/AURORA_TWETF/uncertainty_aware_mean_variance_allocation/run_20260624_100748/weights/signal_weights_validation_AURORA10_UAMV_A_balanced_fold_WF3.parquet,signal_weights_validation_AURORA10_UAMV_A_balanced_fold_WF3.parquet,.parquet,10127,2026-06-24T10:08:27Z,28bf3cfff8a91941a17ddb9776ad197eb9738c545aa31c946a38b1109359fa80
outputs/AURORA_TWETF/uncertainty_aware_mean_variance_allocation/run_20260624_100748/weights/signal_weights_validation_AURORA10_UAMV_B_more60_defensive_fold_WF1.parquet,signal_weights_validation_AURORA10_UAMV_B_more60_defensive_fold_WF1.parquet,.parquet,10874,2026-06-24T10:08:00Z,9635adcfb93c8922e97da0c982b722b887d03fb0e9972769454ada89c99e77c6
outputs/AURORA_TWETF/uncertainty_aware_mean_variance_allocation/run_20260624_100748/weights/signal_weights_validation_AURORA10_UAMV_B_more60_defensive_fold_WF2.parquet,signal_weights_validation_AURORA10_UAMV_B_more60_defensive_fold_WF2.parquet,.parquet,10065,2026-06-24T10:08:15Z,5f703dd0b795e0116e8438abbfcaccbcfbe2712af17ebfe023dadc3a434c3a50
outputs/AURORA_TWETF/uncertainty_aware_mean_variance_allocation/run_20260624_100748/weights/signal_weights_validation_AURORA10_UAMV_B_more60_defensive_fold_WF3.parquet,signal_weights_validation_AURORA10_UAMV_B_more60_defensive_fold_WF3.parquet,.parquet,10159,2026-06-24T10:08:30Z,7c2278755ebbab8b6029545aa0002dae7465ee660ea5b3f1bdd9be0929562536
outputs/AURORA_TWETF/uncertainty_aware_mean_variance_allocation/run_20260624_100748/weights/signal_weights_validation_AURORA10_UAMV_C_more60_growth_fold_WF1.parquet,signal_weights_validation_AURORA10_UAMV_C_more60_growth_fold_WF1.parquet,.parquet,10954,2026-06-24T10:08:03Z,c703b8994b40d4bc8f476520da46365ba54be9cd55f5ae6d7c6c9be3bdee8685
outputs/AURORA_TWETF/uncertainty_aware_mean_variance_allocation/run_20260624_100748/weights/signal_weights_validation_AURORA10_UAMV_C_more60_growth_fold_WF2.parquet,signal_weights_validation_AURORA10_UAMV_C_more60_growth_fold_WF2.parquet,.parquet,10167,2026-06-24T10:08:18Z,992542adc0a8a088404d9e6cf4048a8711d2269fc5d52db757b6fb083f830fce
outputs/AURORA_TWETF/uncertainty_aware_mean_variance_allocation/run_20260624_100748/weights/signal_weights_validation_AURORA10_UAMV_C_more60_growth_fold_WF3.parquet,signal_weights_validation_AURORA10_UAMV_C_more60_growth_fold_WF3.parquet,.parquet,10124,2026-06-24T10:08:33Z,0c308085d433a8cd3e32a0b892b403f530b532cfebb0b8073a2e7a54c1c05284
outputs/AURORA_TWETF/uncertainty_aware_mean_variance_allocation/run_20260624_100748/weights/signal_weights_validation_AURORA10_UAMV_D_low_turnover_fold_WF1.parquet,signal_weights_validation_AURORA10_UAMV_D_low_turnover_fold_WF1.parquet,.parquet,11001,2026-06-24T10:08:06Z,94b85056937c5cba419f5d279b23ef584514b0c66706b0eee4fd8b37d6124159
outputs/AURORA_TWETF/uncertainty_aware_mean_variance_allocation/run_20260624_100748/weights/signal_weights_validation_AURORA10_UAMV_D_low_turnover_fold_WF2.parquet,signal_weights_validation_AURORA10_UAMV_D_low_turnover_fold_WF2.parquet,.parquet,10719,2026-06-24T10:08:21Z,ab89c2074f7a56f11ba77edc379bd0d905be0d6116bbbb67d398c0067156448a
outputs/AURORA_TWETF/uncertainty_aware_mean_variance_allocation/run_20260624_100748/weights/signal_weights_validation_AURORA10_UAMV_D_low_turnover_fold_WF3.parquet,signal_weights_validation_AURORA10_UAMV_D_low_turnover_fold_WF3.parquet,.parquet,10573,2026-06-24T10:08:36Z,789c6c4b05143fb12e50eecc752fdc3ec0749e7603830e80cf2777cd3b1b5ea9
outputs/AURORA_TWETF/uncertainty_aware_mean_variance_allocation/run_20260624_100748/weights/signal_weights_validation_AURORA10_UAMV_E_no_regime_tilt_control_fold_WF1.parquet,signal_weights_validation_AURORA10_UAMV_E_no_regime_tilt_control_fold_WF1.parquet,.parquet,10951,2026-06-24T10:08:09Z,79fbc9ef73d371b3e03e50fb8adba8a4c02eed57c54bff239db32615aadf7ef6
outputs/AURORA_TWETF/uncertainty_aware_mean_variance_allocation/run_20260624_100748/weights/signal_weights_validation_AURORA10_UAMV_E_no_regime_tilt_control_fold_WF2.parquet,signal_weights_validation_AURORA10_UAMV_E_no_regime_tilt_control_fold_WF2.parquet,.parquet,10500,2026-06-24T10:08:24Z,6ebbbc037c27697e9ceda21df5d4322f528d0a467098eff5a1428bae8a2e15b7
outputs/AURORA_TWETF/uncertainty_aware_mean_variance_allocation/run_20260624_100748/weights/signal_weights_validation_AURORA10_UAMV_E_no_regime_tilt_control_fold_WF3.parquet,signal_weights_validation_AURORA10_UAMV_E_no_regime_tilt_control_fold_WF3.parquet,.parquet,10755,2026-06-24T10:08:39Z,29e65be26aa1e61ef559e913bfdd006b0020d7153c298e6fc692974636fb336f
outputs/AURORA_TWETF/uncertainty_aware_mean_variance_allocation/run_20260624_100748/weights/uamv_weights_by_fold.csv,uamv_weights_by_fold.csv,.csv,734423,2026-06-24T10:08:39Z,84860271baad88ac6e813298df8bbd03f4932b0d993dc6ff4d33c2f303b20ac5
outputs/AURORA_TWETF/uncertainty_aware_mean_variance_allocation/run_20260624_100748/weights/uamv_weights_by_fold.parquet,uamv_weights_by_fold.parquet,.parquet,25071,2026-06-24T10:08:39Z,8c7d7509e5f2fc542e71830108f1777d9db0798a6607e9780127c9c366220074
outputs/AURORA_TWETF/validation_optimized_regime_templates/run_20260624_072914/NOTEBOOK10_OPTIMIZED_TEMPLATE_INDEX.csv,NOTEBOOK10_OPTIMIZED_TEMPLATE_INDEX.csv,.csv,1099,2026-06-24T09:33:08Z,264c457e87b6ad1b679095e63106ad77aa0d288ffde77b72e4f3627a347ad811
outputs/AURORA_TWETF/validation_optimized_regime_templates/run_20260624_072914/diagnostics/optimized_template_signal_features_test.csv,optimized_template_signal_features_test.csv,.csv,325048,2026-06-24T09:33:06Z,b4e8214f291e4f0ddd31d3761829399059df328eb5f6e457710a3cfe2a9d441a
outputs/AURORA_TWETF/validation_optimized_regime_templates/run_20260624_072914/diagnostics/optimized_template_signal_features_test.parquet,optimized_template_signal_features_test.parquet,.parquet,52353,2026-06-24T09:33:06Z,b1f5dab38bdd7b5716610a7432a974038e228e53dbc4274f650e879b30c0c801
outputs/AURORA_TWETF/validation_optimized_regime_templates/run_20260624_072914/paper_figures/optimized_template_heatmap_VOT_A_baseline_60_40_cash20.png,optimized_template_heatmap_VOT_A_baseline_60_40_cash20.png,.png,114596,2026-06-24T09:33:13Z,720118961b1a977c3d83d999d219948758bbb955b73c192d90e5190b2e28960f
outputs/AURORA_TWETF/validation_optimized_regime_templates/run_20260624_072914/paper_figures/optimized_template_heatmap_VOT_B_more60_30_70_cash20.png,optimized_template_heatmap_VOT_B_more60_30_70_cash20.png,.png,115098,2026-06-24T09:33:13Z,7d66b90ec57f1a2096bf3845a81af793dd834b7ceff62452b430db50c49b6e1c
outputs/AURORA_TWETF/validation_optimized_regime_templates/run_20260624_072914/paper_figures/optimized_template_heatmap_VOT_C_more60_30_70_cash10.png,optimized_template_heatmap_VOT_C_more60_30_70_cash10.png,.png,114808,2026-06-24T09:33:13Z,03b177bd8d6455748d52c21d4416ec754cd7ad860508110aa43fa863ede95c69
outputs/AURORA_TWETF/validation_optimized_regime_templates/run_20260624_072914/paper_figures/optimized_template_heatmap_VOT_D_more60_30_70_no_cash_boost.png,optimized_template_heatmap_VOT_D_more60_30_70_no_cash_boost.png,.png,116599,2026-06-24T09:33:13Z,405cfd4776ae324a5b2931f01172de2ab70c0fb5575d52eb8d39ad5a522c68ff
outputs/AURORA_TWETF/validation_optimized_regime_templates/run_20260624_072914/paper_figures/optimized_vs_benchmarks_test_equity_curves_top12.png,optimized_vs_benchmarks_test_equity_curves_top12.png,.png,394720,2026-06-24T09:33:13Z,427093f4fa2f8d8d6fcba5b3042bbef04b29083e7e3e48d0384a22e031b9cab6
outputs/AURORA_TWETF/validation_optimized_regime_templates/run_20260624_072914/paper_figures/optimized_vs_benchmarks_test_max_drawdown.png,optimized_vs_benchmarks_test_max_drawdown.png,.png,274039,2026-06-24T09:33:13Z,02063338ad74915788c298f68cf5788dbf780af70f5ddb03951773484a1ab7da
outputs/AURORA_TWETF/validation_optimized_regime_templates/run_20260624_072914/paper_figures/optimized_vs_benchmarks_test_sharpe.png,optimized_vs_benchmarks_test_sharpe.png,.png,271601,2026-06-24T09:33:13Z,32929bfddd0f3f1bcc9824298141817a09de183c6bcfa72ce1a8539f459fe876
outputs/AURORA_TWETF/validation_optimized_regime_templates/run_20260624_072914/paper_figures/optimized_vs_benchmarks_test_total_return.png,optimized_vs_benchmarks_test_total_return.png,.png,271570,2026-06-24T09:33:13Z,ec10cf0f3e6e2c5b2d380409bfc8c6796ccf2942eed7301aadff1566c147d3ea
outputs/AURORA_TWETF/validation_optimized_regime_templates/run_20260624_072914/plots/optimized_template_heatmap_VOT_A_baseline_60_40_cash20.png,optimized_template_heatmap_VOT_A_baseline_60_40_cash20.png,.png,114596,2026-06-24T09:33:11Z,720118961b1a977c3d83d999d219948758bbb955b73c192d90e5190b2e28960f
outputs/AURORA_TWETF/validation_optimized_regime_templates/run_20260624_072914/plots/optimized_template_heatmap_VOT_B_more60_30_70_cash20.png,optimized_template_heatmap_VOT_B_more60_30_70_cash20.png,.png,115098,2026-06-24T09:33:12Z,7d66b90ec57f1a2096bf3845a81af793dd834b7ceff62452b430db50c49b6e1c
outputs/AURORA_TWETF/validation_optimized_regime_templates/run_20260624_072914/plots/optimized_template_heatmap_VOT_C_more60_30_70_cash10.png,optimized_template_heatmap_VOT_C_more60_30_70_cash10.png,.png,114808,2026-06-24T09:33:12Z,03b177bd8d6455748d52c21d4416ec754cd7ad860508110aa43fa863ede95c69
outputs/AURORA_TWETF/validation_optimized_regime_templates/run_20260624_072914/plots/optimized_template_heatmap_VOT_D_more60_30_70_no_cash_boost.png,optimized_template_heatmap_VOT_D_more60_30_70_no_cash_boost.png,.png,116599,2026-06-24T09:33:13Z,405cfd4776ae324a5b2931f01172de2ab70c0fb5575d52eb8d39ad5a522c68ff
outputs/AURORA_TWETF/validation_optimized_regime_templates/run_20260624_072914/plots/optimized_vs_benchmarks_test_equity_curves_top12.png,optimized_vs_benchmarks_test_equity_curves_top12.png,.png,394720,2026-06-24T09:33:11Z,427093f4fa2f8d8d6fcba5b3042bbef04b29083e7e3e48d0384a22e031b9cab6
outputs/AURORA_TWETF/validation_optimized_regime_templates/run_20260624_072914/plots/optimized_vs_benchmarks_test_max_drawdown.png,optimized_vs_benchmarks_test_max_drawdown.png,.png,274039,2026-06-24T09:33:10Z,02063338ad74915788c298f68cf5788dbf780af70f5ddb03951773484a1ab7da
outputs/AURORA_TWETF/validation_optimized_regime_templates/run_20260624_072914/plots/optimized_vs_benchmarks_test_sharpe.png,optimized_vs_benchmarks_test_sharpe.png,.png,271601,2026-06-24T09:33:08Z,32929bfddd0f3f1bcc9824298141817a09de183c6bcfa72ce1a8539f459fe876
outputs/AURORA_TWETF/validation_optimized_regime_templates/run_20260624_072914/plots/optimized_vs_benchmarks_test_total_return.png,optimized_vs_benchmarks_test_total_return.png,.png,271570,2026-06-24T09:33:09Z,ec10cf0f3e6e2c5b2d380409bfc8c6796ccf2942eed7301aadff1566c147d3ea
outputs/AURORA_TWETF/validation_optimized_regime_templates/run_20260624_072914/reports/AURORA_09_file_manifest_SHA256.csv,AURORA_09_file_manifest_SHA256.csv,.csv,8554,2026-06-24T09:33:13Z,fbdcb734e5cb3e7bbc95d559ba43b140150cc8d0d6c768fd63b38048045dba71
outputs/AURORA_TWETF/validation_optimized_regime_templates/run_20260624_072914/reports/AURORA_09_validation_optimized_templates_report.json,AURORA_09_validation_optimized_templates_report.json,.json,8438,2026-06-24T09:33:13Z,cf08bb97c6e9df1e28f98947d332d595827ee4d468ee05012fc921c82c5a6154
outputs/AURORA_TWETF/validation_optimized_regime_templates/run_20260624_072914/returns/aggregate_test_returns_VOT_A_baseline_60_40_cash20.csv,aggregate_test_returns_VOT_A_baseline_60_40_cash20.csv,.csv,67562,2026-06-24T09:33:06Z,9874baf23b930bad99f22f956244566077a47f9d15f7fcd4f880dedfabc76f52
outputs/AURORA_TWETF/validation_optimized_regime_templates/run_20260624_072914/returns/aggregate_test_returns_VOT_A_baseline_60_40_cash20.parquet,aggregate_test_returns_VOT_A_baseline_60_40_cash20.parquet,.parquet,22994,2026-06-24T09:33:06Z,ff51ce21945df4346cc5643c76f1d64a8f291fadbdc3fa5829838e4a17b19c5d
outputs/AURORA_TWETF/validation_optimized_regime_templates/run_20260624_072914/returns/aggregate_test_returns_VOT_B_more60_30_70_cash20.csv,aggregate_test_returns_VOT_B_more60_30_70_cash20.csv,.csv,66236,2026-06-24T09:33:06Z,72e08c55e8d0eaf5bfec50136ff296c5e53dcb1707ae4e0a532b4223d787c1cb
outputs/AURORA_TWETF/validation_optimized_regime_templates/run_20260624_072914/returns/aggregate_test_returns_VOT_B_more60_30_70_cash20.parquet,aggregate_test_returns_VOT_B_more60_30_70_cash20.parquet,.parquet,22962,2026-06-24T09:33:06Z,f59707b9e6fc148c1b7bbf63c83ef0fdd7339304d9f24440ec7e82bc5c691615
outputs/AURORA_TWETF/validation_optimized_regime_templates/run_20260624_072914/returns/aggregate_test_returns_VOT_C_more60_30_70_cash10.csv,aggregate_test_returns_VOT_C_more60_30_70_cash10.csv,.csv,66243,2026-06-24T09:33:06Z,bde13cda165c702f96f8623cc85f3db8572d37cfefa31813948caa5934ba19fb
outputs/AURORA_TWETF/validation_optimized_regime_templates/run_20260624_072914/returns/aggregate_test_returns_VOT_C_more60_30_70_cash10.parquet,aggregate_test_returns_VOT_C_more60_30_70_cash10.parquet,.parquet,22963,2026-06-24T09:33:06Z,24b89e40b22cdf910d65ff7e01ad4a97704aa95ae58ea3c8d43bce6553855253
outputs/AURORA_TWETF/validation_optimized_regime_templates/run_20260624_072914/returns/aggregate_test_returns_VOT_D_more60_30_70_no_cash_boost.csv,aggregate_test_returns_VOT_D_more60_30_70_no_cash_boost.csv,.csv,70268,2026-06-24T09:33:06Z,b1ae260aed428e8252b2844e3e74563deece7531e48657726a1a589098a7d19c
outputs/AURORA_TWETF/validation_optimized_regime_templates/run_20260624_072914/returns/aggregate_test_returns_VOT_D_more60_30_70_no_cash_boost.parquet,aggregate_test_returns_VOT_D_more60_30_70_no_cash_boost.parquet,.parquet,22672,2026-06-24T09:33:06Z,cd83445632965064aef49cafae6ea0124b8de85d36f8c47dc41fe7e33d14a5f0
outputs/AURORA_TWETF/validation_optimized_regime_templates/run_20260624_072914/returns/optimized_template_returns_by_fold.csv,optimized_template_returns_by_fold.csv,.csv,649410,2026-06-24T09:33:06Z,a393ac73f09dcdcac43b1781a5089c23d3287a8b435272fdcd4551ce2b2ef98e
outputs/AURORA_TWETF/validation_optimized_regime_templates/run_20260624_072914/returns/optimized_template_returns_by_fold.parquet,optimized_template_returns_by_fold.parquet,.parquet,131674,2026-06-24T09:33:06Z,792c15681b1f3bbf8674d4a23c738576a01a7419f5523dd23a42adf33d8a8d6c
outputs/AURORA_TWETF/validation_optimized_regime_templates/run_20260624_072914/tables/aggregate_test_metrics_optimized_templates.csv,aggregate_test_metrics_optimized_templates.csv,.csv,2087,2026-06-24T09:33:06Z,39221dd5b37bbeebff9160cea1bebea0682e803524cc4985dd7ec8a673a53424
outputs/AURORA_TWETF/validation_optimized_regime_templates/run_20260624_072914/tables/candidate_template_metadata.csv,candidate_template_metadata.csv,.csv,73075,2026-06-24T07:29:31Z,36c835f90d5407673eec89e0c12c4627eea2daa358a874775fa064286dd107ca
outputs/AURORA_TWETF/validation_optimized_regime_templates/run_20260624_072914/tables/comparison_metrics_optimized_vs_benchmarks.csv,comparison_metrics_optimized_vs_benchmarks.csv,.csv,8501,2026-06-24T09:33:07Z,7c722bf000266a62863994975b327038b5d1d0450abe672bc528844434ba6557
outputs/AURORA_TWETF/validation_optimized_regime_templates/run_20260624_072914/tables/comparison_rankings_optimized_vs_benchmarks.csv,comparison_rankings_optimized_vs_benchmarks.csv,.csv,9231,2026-06-24T09:33:07Z,52bcdfcd43a56c83055ee759609d703eec0b5f60a283615b3a131b2f677fff87
outputs/AURORA_TWETF/validation_optimized_regime_templates/run_20260624_072914/tables/fold_test_metrics_optimized_templates.csv,fold_test_metrics_optimized_templates.csv,.csv,5876,2026-06-24T09:33:06Z,0a69c4cb8e4a30b9bb9addd808536ea35038e463b6af7a0b226ec0e420690521
outputs/AURORA_TWETF/validation_optimized_regime_templates/run_20260624_072914/tables/fold_validation_metrics_optimized_templates.csv,fold_validation_metrics_optimized_templates.csv,.csv,5945,2026-06-24T09:33:06Z,368c7fe52ab84cd3b1a50ae45e28e2444fab26c61090f47b1d2e0d892237cc9a
outputs/AURORA_TWETF/validation_optimized_regime_templates/run_20260624_072914/tables/notebook09_diagnostic_summary.csv,notebook09_diagnostic_summary.csv,.csv,758,2026-06-24T09:33:08Z,43d66b5e6c8a4d0539ab5f6abccf96b840552afacfa21ec1162cc3586cbb059b
outputs/AURORA_TWETF/validation_optimized_regime_templates/run_20260624_072914/tables/optimized_aurora_vs_best_benchmark.csv,optimized_aurora_vs_best_benchmark.csv,.csv,2027,2026-06-24T09:33:08Z,7e472b863053487893292d10af41e8765fcd3ac17022e9fc532e918037a05d64
outputs/AURORA_TWETF/validation_optimized_regime_templates/run_20260624_072914/tables/selected_optimized_template_policy_for_future_allocation.csv,selected_optimized_template_policy_for_future_allocation.csv,.csv,1704,2026-06-24T09:33:08Z,745506d1508ce36c45a8e7cfdad6fe1be2894174b3960178f09ec1f8fdd9198f
outputs/AURORA_TWETF/validation_optimized_regime_templates/run_20260624_072914/tables/selected_templates_long_format.csv,selected_templates_long_format.csv,.csv,34281,2026-06-24T09:33:06Z,ddc1fc52e97293ec964b8fc6c76ac9d0108b6fea8edaf02daee5c828576a48e9
outputs/AURORA_TWETF/validation_optimized_regime_templates/run_20260624_072914/tables/selected_validation_optimized_templates.csv,selected_validation_optimized_templates.csv,.csv,5367,2026-06-24T09:33:06Z,5b870ad89240910a21283e2f9585dbdd458eeac85d6ef83885dd62d8bfa4cb96
outputs/AURORA_TWETF/validation_optimized_regime_templates/run_20260624_072914/tables/validation_template_search_samples.csv,validation_template_search_samples.csv,.csv,78783,2026-06-24T09:33:06Z,ef6a8523fc25fd56b406fef57fde7ea80e77cb173b446881340c93256a917634
outputs/AURORA_TWETF/validation_optimized_regime_templates/run_20260624_072914/templates/template_AURORA09_VOT_A_baseline_60_40_cash20_fold_WF1.json,template_AURORA09_VOT_A_baseline_60_40_cash20_fold_WF1.json,.json,893,2026-06-24T07:40:41Z,48bd15cbbb509efcd14eba0720749112b03e14f0d2d800b0a39fc71b47afdd5d
outputs/AURORA_TWETF/validation_optimized_regime_templates/run_20260624_072914/templates/template_AURORA09_VOT_A_baseline_60_40_cash20_fold_WF2.json,template_AURORA09_VOT_A_baseline_60_40_cash20_fold_WF2.json,.json,896,2026-06-24T08:22:14Z,dde91169a9266cd73f417eb4a126de9581fd3abacfbef6cd8db88f1fbb6a48ef
outputs/AURORA_TWETF/validation_optimized_regime_templates/run_20260624_072914/templates/template_AURORA09_VOT_A_baseline_60_40_cash20_fold_WF3.json,template_AURORA09_VOT_A_baseline_60_40_cash20_fold_WF3.json,.json,896,2026-06-24T09:04:14Z,dde91169a9266cd73f417eb4a126de9581fd3abacfbef6cd8db88f1fbb6a48ef
outputs/AURORA_TWETF/validation_optimized_regime_templates/run_20260624_072914/templates/template_AURORA09_VOT_B_more60_30_70_cash20_fold_WF1.json,template_AURORA09_VOT_B_more60_30_70_cash20_fold_WF1.json,.json,893,2026-06-24T07:51:48Z,48bd15cbbb509efcd14eba0720749112b03e14f0d2d800b0a39fc71b47afdd5d
outputs/AURORA_TWETF/validation_optimized_regime_templates/run_20260624_072914/templates/template_AURORA09_VOT_B_more60_30_70_cash20_fold_WF2.json,template_AURORA09_VOT_B_more60_30_70_cash20_fold_WF2.json,.json,896,2026-06-24T08:33:51Z,dde91169a9266cd73f417eb4a126de9581fd3abacfbef6cd8db88f1fbb6a48ef
outputs/AURORA_TWETF/validation_optimized_regime_templates/run_20260624_072914/templates/template_AURORA09_VOT_B_more60_30_70_cash20_fold_WF3.json,template_AURORA09_VOT_B_more60_30_70_cash20_fold_WF3.json,.json,896,2026-06-24T09:15:00Z,dde91169a9266cd73f417eb4a126de9581fd3abacfbef6cd8db88f1fbb6a48ef
outputs/AURORA_TWETF/validation_optimized_regime_templates/run_20260624_072914/templates/template_AURORA09_VOT_C_more60_30_70_cash10_fold_WF1.json,template_AURORA09_VOT_C_more60_30_70_cash10_fold_WF1.json,.json,893,2026-06-24T08:02:50Z,48bd15cbbb509efcd14eba0720749112b03e14f0d2d800b0a39fc71b47afdd5d
outputs/AURORA_TWETF/validation_optimized_regime_templates/run_20260624_072914/templates/template_AURORA09_VOT_C_more60_30_70_cash10_fold_WF2.json,template_AURORA09_VOT_C_more60_30_70_cash10_fold_WF2.json,.json,896,2026-06-24T08:45:26Z,dde91169a9266cd73f417eb4a126de9581fd3abacfbef6cd8db88f1fbb6a48ef
outputs/AURORA_TWETF/validation_optimized_regime_templates/run_20260624_072914/templates/template_AURORA09_VOT_C_more60_30_70_cash10_fold_WF3.json,template_AURORA09_VOT_C_more60_30_70_cash10_fold_WF3.json,.json,896,2026-06-24T09:25:42Z,dde91169a9266cd73f417eb4a126de9581fd3abacfbef6cd8db88f1fbb6a48ef
outputs/AURORA_TWETF/validation_optimized_regime_templates/run_20260624_072914/templates/template_AURORA09_VOT_D_more60_30_70_no_cash_boost_fold_WF1.json,template_AURORA09_VOT_D_more60_30_70_no_cash_boost_fold_WF1.json,.json,893,2026-06-24T08:10:37Z,48bd15cbbb509efcd14eba0720749112b03e14f0d2d800b0a39fc71b47afdd5d
outputs/AURORA_TWETF/validation_optimized_regime_templates/run_20260624_072914/templates/template_AURORA09_VOT_D_more60_30_70_no_cash_boost_fold_WF2.json,template_AURORA09_VOT_D_more60_30_70_no_cash_boost_fold_WF2.json,.json,896,2026-06-24T08:53:21Z,dde91169a9266cd73f417eb4a126de9581fd3abacfbef6cd8db88f1fbb6a48ef
outputs/AURORA_TWETF/validation_optimized_regime_templates/run_20260624_072914/templates/template_AURORA09_VOT_D_more60_30_70_no_cash_boost_fold_WF3.json,template_AURORA09_VOT_D_more60_30_70_no_cash_boost_fold_WF3.json,.json,896,2026-06-24T09:33:05Z,dde91169a9266cd73f417eb4a126de9581fd3abacfbef6cd8db88f1fbb6a48ef
outputs/AURORA_TWETF/validation_optimized_regime_templates/run_20260624_072914/weights/optimized_template_weights_by_fold.csv,optimized_template_weights_by_fold.csv,.csv,659771,2026-06-24T09:33:06Z,bf9b2e3c85542811a2c6d0d6c0f2915579cc0c4b548f4b1eda58fc1a65d4aa62
outputs/AURORA_TWETF/validation_optimized_regime_templates/run_20260624_072914/weights/optimized_template_weights_by_fold.parquet,optimized_template_weights_by_fold.parquet,.parquet,22304,2026-06-24T09:33:06Z,b85333e7c041e715d1fda7a65790fd81dfa979376c6a3d0e1bee10ad60d8ede5
reproducibility/README.md,README.md,.md,1148,2026-07-24T09:15:24Z,7537f6e61bcd591f7cda2ba07cfe0a2a5ef6f8b1bc933c01858572abef81a31e
reproducibility/pipeline_metadata_AURORA_TWETF.csv,pipeline_metadata_AURORA_TWETF.csv,.csv,7009,2026-07-24T09:14:53Z,0a8c3839d009c9dd8e42ac7416632a686f586859ba54d7b07671c48f05eba2a0
reproducibility/random_seeds.md,random_seeds.md,.md,1023,2026-07-24T09:14:53Z,7a47f3f806c769191874a0d4e0e8870b04071152c060da71da69a63cbdb87c09
reproducibility/validation_reports/AURORA_03_model_zoo_validation_report.json,AURORA_03_model_zoo_validation_report.json,.json,10621,2026-06-23T14:59:27Z,3f890b43db21e14ae9f95ba8eaac32a0f7e468f3eccbc234120bde66468206ba
reproducibility/validation_reports/AURORA_03_model_zoo_validation_report_20260623_145728.json,AURORA_03_model_zoo_validation_report_20260623_145728.json,.json,10621,2026-06-23T14:59:27Z,3f890b43db21e14ae9f95ba8eaac32a0f7e468f3eccbc234120bde66468206ba
reproducibility/validation_reports/AURORA_04_ordinal_uncertainty_validation_report.json,AURORA_04_ordinal_uncertainty_validation_report.json,.json,23845,2026-06-23T15:23:07Z,acc8564982490e910dae594ba50fd7e92ba4148dcd1cdb62293d0fa4a41cf113
reproducibility/validation_reports/AURORA_04_ordinal_uncertainty_validation_report_20260623_151920.json,AURORA_04_ordinal_uncertainty_validation_report_20260623_151920.json,.json,23845,2026-06-23T15:23:07Z,acc8564982490e910dae594ba50fd7e92ba4148dcd1cdb62293d0fa4a41cf113
reproducibility/validation_reports/AURORA_05_allocation_validation_report.json,AURORA_05_allocation_validation_report.json,.json,5825,2026-06-24T00:46:34Z,10ec094c685c18a194f47d8d14db620e8963398727f85bdd57456231597e400d
reproducibility/validation_reports/AURORA_05_allocation_validation_report_20260624_004516.json,AURORA_05_allocation_validation_report_20260624_004516.json,.json,5825,2026-06-24T00:46:34Z,10ec094c685c18a194f47d8d14db620e8963398727f85bdd57456231597e400d
reproducibility/validation_reports/AURORA_06_stress_tests_validation_report.json,AURORA_06_stress_tests_validation_report.json,.json,15233,2026-06-24T01:57:52Z,3bbd4bf3196a5e5c6ae7dcd48873cc4212fc4d5c99177ce3174b6f9aa845d972
reproducibility/validation_reports/AURORA_06_stress_tests_validation_report_20260624_012818.json,AURORA_06_stress_tests_validation_report_20260624_012818.json,.json,15233,2026-06-24T01:57:52Z,3bbd4bf3196a5e5c6ae7dcd48873cc4212fc4d5c99177ce3174b6f9aa845d972
reproducibility/validation_reports/AURORA_07_purged_walk_forward_validation_report.json,AURORA_07_purged_walk_forward_validation_report.json,.json,4355,2026-06-24T03:27:28Z,2b98fca4ee224caa61f8bb9d9da51d122322c4b9b5305608a5173c1bb97cde27
reproducibility/validation_reports/AURORA_07_purged_walk_forward_validation_report_20260624_031817.json,AURORA_07_purged_walk_forward_validation_report_20260624_031817.json,.json,4355,2026-06-24T03:27:28Z,2b98fca4ee224caa61f8bb9d9da51d122322c4b9b5305608a5173c1bb97cde27
reproducibility/validation_reports/AURORA_08B_aligned_oos_validation_report.json,AURORA_08B_aligned_oos_validation_report.json,.json,10223,2026-06-24T07:08:47Z,7b7ef3e75c29d0390794cf12b3f9aabd8365e131a0deaf0780d835be130e9454
reproducibility/validation_reports/AURORA_08B_aligned_oos_validation_report_20260624_070827.json,AURORA_08B_aligned_oos_validation_report_20260624_070827.json,.json,10223,2026-06-24T07:08:47Z,7b7ef3e75c29d0390794cf12b3f9aabd8365e131a0deaf0780d835be130e9454
reproducibility/validation_reports/AURORA_08_stronger_baselines_validation_report.json,AURORA_08_stronger_baselines_validation_report.json,.json,7826,2026-06-24T03:42:35Z,271419261bbaa4b266b6a5f1d31868fc8b6a2c6a239395c1e999a8f90914e11a
reproducibility/validation_reports/AURORA_08_stronger_baselines_validation_report_20260624_034204.json,AURORA_08_stronger_baselines_validation_report_20260624_034204.json,.json,7826,2026-06-24T03:42:35Z,271419261bbaa4b266b6a5f1d31868fc8b6a2c6a239395c1e999a8f90914e11a
reproducibility/validation_reports/AURORA_09_validation_optimized_templates_report.json,AURORA_09_validation_optimized_templates_report.json,.json,8438,2026-06-24T09:33:13Z,cf08bb97c6e9df1e28f98947d332d595827ee4d468ee05012fc921c82c5a6154
reproducibility/validation_reports/AURORA_09_validation_optimized_templates_report_20260624_072914.json,AURORA_09_validation_optimized_templates_report_20260624_072914.json,.json,8438,2026-06-24T09:33:13Z,cf08bb97c6e9df1e28f98947d332d595827ee4d468ee05012fc921c82c5a6154
reproducibility/validation_reports/AURORA_10B_component_ablation_validation_report.json,AURORA_10B_component_ablation_validation_report.json,.json,7344,2026-07-11T15:01:37Z,ab815e6aaac4b1f43b904e573baad11eae2f11f1ffeed73ba86644ab37707709
reproducibility/validation_reports/AURORA_10B_component_ablation_validation_report_20260711_150104.json,AURORA_10B_component_ablation_validation_report_20260711_150104.json,.json,7344,2026-07-11T15:01:37Z,ab815e6aaac4b1f43b904e573baad11eae2f11f1ffeed73ba86644ab37707709
reproducibility/validation_reports/AURORA_10_uamv_validation_report.json,AURORA_10_uamv_validation_report.json,.json,10108,2026-06-24T10:08:46Z,43da9abb71fce9d78b342f5983300f60466a99599b3dded7d566c853e5bd46bb
reproducibility/validation_reports/AURORA_10_uamv_validation_report_20260624_100748.json,AURORA_10_uamv_validation_report_20260624_100748.json,.json,10108,2026-06-24T10:08:46Z,43da9abb71fce9d78b342f5983300f60466a99599b3dded7d566c853e5bd46bb
reproducibility/validation_reports/AURORA_12_paper_assets_validation_report.json,AURORA_12_paper_assets_validation_report.json,.json,2703,2026-06-24T14:23:15Z,b03d40e4e3422ee08d2a8002ce8ca0ba23338fdef77c49e58fa87434855815e3
reproducibility/validation_reports/AURORA_12_paper_assets_validation_report_20260624_142307.json,AURORA_12_paper_assets_validation_report_20260624_142307.json,.json,2703,2026-06-24T14:23:15Z,b03d40e4e3422ee08d2a8002ce8ca0ba23338fdef77c49e58fa87434855815e3
reproducibility/validation_reports/AURORA_data_preparation_validation_report.json,AURORA_data_preparation_validation_report.json,.json,1963,2026-06-23T13:58:49Z,75be52b7bffc9f600775dff71b0c7a055a95d8b2410ac3bd4ada40790304050e
reproducibility/validation_reports/NOTEBOOK13B_validation_report.json,NOTEBOOK13B_validation_report.json,.json,3828,2026-06-25T06:59:39Z,f9f794bba761d2fe744f83784d708cb283533cb8995d7e1417a8f09752b40a86
reproducibility/validation_reports/NOTEBOOK13B_validation_report_20260625_065916.json,NOTEBOOK13B_validation_report_20260625_065916.json,.json,3828,2026-06-25T06:59:39Z,f9f794bba761d2fe744f83784d708cb283533cb8995d7e1417a8f09752b40a86
reproducibility/validation_reports/NOTEBOOK13_validation_report.json,NOTEBOOK13_validation_report.json,.json,3266,2026-06-25T06:48:12Z,068278b4d27236549fe3e76f1d2d50939f5fb1987a18f0ce5ff9f336e3ffc84a
reproducibility/validation_reports/NOTEBOOK13_validation_report_20260625_064802.json,NOTEBOOK13_validation_report_20260625_064802.json,.json,3266,2026-06-25T06:48:12Z,068278b4d27236549fe3e76f1d2d50939f5fb1987a18f0ce5ff9f336e3ffc84a
reproducibility/validation_reports/NOTEBOOK14B_validation_report.json,NOTEBOOK14B_validation_report.json,.json,5361,2026-06-26T00:41:12Z,ef66a0e86bdbaef064b63e6787d0865203fcdb1206dfd15262e73de4a64a3425
reproducibility/validation_reports/NOTEBOOK14B_validation_report_20260626_004004.json,NOTEBOOK14B_validation_report_20260626_004004.json,.json,5361,2026-06-26T00:41:12Z,ef66a0e86bdbaef064b63e6787d0865203fcdb1206dfd15262e73de4a64a3425
reproducibility/validation_reports/NOTEBOOK14_validation_report.json,NOTEBOOK14_validation_report.json,.json,3800,2026-06-26T00:16:12Z,0bb93797d405fd6a4fcf23a4f76cd7f1f3181262d4e0f035dbad05b1bed758ae
reproducibility/validation_reports/NOTEBOOK14_validation_report_20260626_001558.json,NOTEBOOK14_validation_report_20260626_001558.json,.json,3800,2026-06-26T00:16:12Z,0bb93797d405fd6a4fcf23a4f76cd7f1f3181262d4e0f035dbad05b1bed758ae
reproducibility/validation_reports/NOTEBOOK15B_validation_report.json,NOTEBOOK15B_validation_report.json,.json,4947,2026-07-12T09:49:13Z,0a0e18e6cd25a8480147a857531953b4fe8f10775aa672df3c6b3a0a1f28381c
reproducibility/validation_reports/NOTEBOOK15_validation_report.json,NOTEBOOK15_validation_report.json,.json,51977,2026-06-26T01:20:07Z,611272233cbf171e56732ddb182f3ca7339d47e63108656677758522dba77ed7
reproducibility/validation_reports/NOTEBOOK15_validation_report_20260626_010749.json,NOTEBOOK15_validation_report_20260626_010749.json,.json,51977,2026-06-26T01:20:07Z,611272233cbf171e56732ddb182f3ca7339d47e63108656677758522dba77ed7
reproducibility/validation_reports/NOTEBOOK16_mechanism_control_validation_report.json,NOTEBOOK16_mechanism_control_validation_report.json,.json,4567,2026-07-14T08:46:45Z,c343ce9b7846441bf80b86ebd2f1640921bff9cf40d5fec626c8a6efbc9c38b1
reproducibility/validation_reports/NOTEBOOK16_mechanism_control_validation_report_20260714_084419.json,NOTEBOOK16_mechanism_control_validation_report_20260714_084419.json,.json,4567,2026-07-14T08:46:45Z,c343ce9b7846441bf80b86ebd2f1640921bff9cf40d5fec626c8a6efbc9c38b1
reproducibility/validation_reports/NOTEBOOK17_defensive_control_validation_report.json,NOTEBOOK17_defensive_control_validation_report.json,.json,5015,2026-07-14T16:22:36Z,e0cb39f2e5cb831b0be10568ba496804cdb62d8f937bfcbf4df1cfd680d9b400
reproducibility/validation_reports/NOTEBOOK17_defensive_control_validation_report_20260714_161927.json,NOTEBOOK17_defensive_control_validation_report_20260714_161927.json,.json,5015,2026-07-14T16:22:36Z,e0cb39f2e5cb831b0be10568ba496804cdb62d8f937bfcbf4df1cfd680d9b400
reproducibility/validation_reports/NOTEBOOK18_validation_report.json,NOTEBOOK18_validation_report.json,.json,6179,2026-07-17T08:31:36Z,582e8d3ea435ac7709bfe16e2d64383f2c2e460c536dbb5b40083b2b6401f5b6
reproducibility/validation_reports/NOTEBOOK18_validation_report_20260717_082548.json,NOTEBOOK18_validation_report_20260717_082548.json,.json,6179,2026-07-17T08:31:36Z,582e8d3ea435ac7709bfe16e2d64383f2c2e460c536dbb5b40083b2b6401f5b6
reproducibility/validation_reports/NOTEBOOK19_validation_report.json,NOTEBOOK19_validation_report.json,.json,4277,2026-07-18T10:14:55Z,15cb63307cbb566c337a7ae9a830c912104c1b2ed48fa271bfebeeae8cd6ce0c
reproducibility/validation_reports/NOTEBOOK19_validation_report_20260718_101202.json,NOTEBOOK19_validation_report_20260718_101202.json,.json,4277,2026-07-18T10:14:55Z,15cb63307cbb566c337a7ae9a830c912104c1b2ed48fa271bfebeeae8cd6ce0c
reproducibility/validation_reports/NOTEBOOK20_validation_report.json,NOTEBOOK20_validation_report.json,.json,6441,2026-07-18T15:46:02Z,0ca77e75dc123a14a415feb86da29b57b91f84a2d7289386352e73b353295589
reproducibility/validation_reports/NOTEBOOK20_validation_report_20260718_154326.json,NOTEBOOK20_validation_report_20260718_154326.json,.json,6441,2026-07-18T15:46:02Z,0ca77e75dc123a14a415feb86da29b57b91f84a2d7289386352e73b353295589
reproducibility/validation_reports/NOTEBOOK21_validation_report.json,NOTEBOOK21_validation_report.json,.json,3258,2026-07-22T10:28:54Z,819b8d8fdf629fe32825f35ac3c0b376f415e35ad619cfbc8567a83952c5507e
reproducibility/validation_reports/NOTEBOOK21_validation_report_20260722_102750.json,NOTEBOOK21_validation_report_20260722_102750.json,.json,3258,2026-07-22T10:28:54Z,819b8d8fdf629fe32825f35ac3c0b376f415e35ad619cfbc8567a83952c5507e
reproducibility/validation_reports/NOTEBOOK21_validation_report_20260722_133503.json,NOTEBOOK21_validation_report_20260722_133503.json,.json,2976,2026-07-22T13:36:17Z,c4c2a06b9820595e094449644845f1b89a82fd43fbbe9a2c6977c5bd4e84f1f1
reproducibility/validation_reports/NOTEBOOK22_validation_report.json,NOTEBOOK22_validation_report.json,.json,1751,2026-07-22T10:28:54Z,a9ed6d967f40786332f1182aa333bd87a05a9d31ea1e32b932b4dc4ab4bda8cf
reproducibility/validation_reports/NOTEBOOK22_validation_report_20260722_102750.json,NOTEBOOK22_validation_report_20260722_102750.json,.json,1751,2026-07-22T10:28:54Z,a9ed6d967f40786332f1182aa333bd87a05a9d31ea1e32b932b4dc4ab4bda8cf
reproducibility/validation_reports/NOTEBOOK22_validation_report_20260722_133503.json,NOTEBOOK22_validation_report_20260722_133503.json,.json,1532,2026-07-22T13:36:17Z,f012c480b7842263b8c9d9bfca88c01597a868263a00ab510cf764e794163e24
reproducibility/validation_reports/NOTEBOOK23_validation_report.json,NOTEBOOK23_validation_report.json,.json,2915,2026-07-23T03:43:29Z,d9b67d981fc46499174d7ccc726eac9e09999f0dfaf63b9a392dc6be660bf455
reproducibility/validation_reports/NOTEBOOK23_validation_report_20260723_034307.json,NOTEBOOK23_validation_report_20260723_034307.json,.json,2915,2026-07-23T03:43:29Z,d9b67d981fc46499174d7ccc726eac9e09999f0dfaf63b9a392dc6be660bf455
reproducibility/validation_reports/NOTEBOOK23_validation_report_20260723_035525.json,NOTEBOOK23_validation_report_20260723_035525.json,.json,3396,2026-07-23T03:55:49Z,b6d6c53e4f17a2f927f971a8823898b48385e81b86382ee164af471c033aca41
reproducibility/validation_reports/ROMA_R1_validation_report.json,ROMA_R1_validation_report.json,.json,4941,2026-06-25T02:39:53Z,fd9ff6a72ffee1076ac887d9d9d9ad309b3534f05b58bebfa42048ed844cb66a
reproducibility/validation_reports/ROMA_R1_validation_report_20260625_023629.json,ROMA_R1_validation_report_20260625_023629.json,.json,4941,2026-06-25T02:39:53Z,fd9ff6a72ffee1076ac887d9d9d9ad309b3534f05b58bebfa42048ed844cb66a
reproducibility/validation_reports/ROMA_R2_validation_report.json,ROMA_R2_validation_report.json,.json,8300,2026-06-25T02:54:03Z,c9ad3702dffa204051c5fa986b55e498bf1d48454377fb73b936ca45da3c9fa2
reproducibility/validation_reports/ROMA_R2_validation_report_20260625_025314.json,ROMA_R2_validation_report_20260625_025314.json,.json,8300,2026-06-25T02:54:03Z,c9ad3702dffa204051c5fa986b55e498bf1d48454377fb73b936ca45da3c9fa2
reproducibility/validation_reports/ROMA_R3_validation_report.json,ROMA_R3_validation_report.json,.json,3528,2026-06-25T03:37:01Z,738016d6634ba4bf75795b7347dd6b1cccf9c01fc33813caa27606428d71718a
reproducibility/validation_reports/ROMA_R3_validation_report_20260625_031440.json,ROMA_R3_validation_report_20260625_031440.json,.json,3528,2026-06-25T03:37:01Z,738016d6634ba4bf75795b7347dd6b1cccf9c01fc33813caa27606428d71718a
reproducibility/validation_reports/figure2_canonical_passive_validation_report.json,figure2_canonical_passive_validation_report.json,.json,4223,2026-07-23T14:10:23Z,06b5716b4774f179ab58c0f84a125a0d0df9717d6e66a7f80542549c62c4d0c2
reproducibility/validation_reports/figure2_canonical_passive_validation_report_20260723_140954.json,figure2_canonical_passive_validation_report_20260723_140954.json,.json,4223,2026-07-23T14:10:23Z,06b5716b4774f179ab58c0f84a125a0d0df9717d6e66a7f80542549c62c4d0c2
reproducibility/validation_reports/reports_AURORA_03_model_zoo_validation_report_20260623_145728.json,reports_AURORA_03_model_zoo_validation_report_20260623_145728.json,.json,10621,2026-06-23T14:59:27Z,3f890b43db21e14ae9f95ba8eaac32a0f7e468f3eccbc234120bde66468206ba
reproducibility/validation_reports/reports_AURORA_04_ordinal_uncertainty_validation_report_20260623_151920.json,reports_AURORA_04_ordinal_uncertainty_validation_report_20260623_151920.json,.json,23845,2026-06-23T15:23:07Z,acc8564982490e910dae594ba50fd7e92ba4148dcd1cdb62293d0fa4a41cf113
reproducibility/validation_reports/reports_AURORA_05_allocation_validation_report.json,reports_AURORA_05_allocation_validation_report.json,.json,5825,2026-06-24T00:46:34Z,10ec094c685c18a194f47d8d14db620e8963398727f85bdd57456231597e400d
reproducibility/validation_reports/reports_AURORA_05_allocation_validation_report_20260624_004516.json,reports_AURORA_05_allocation_validation_report_20260624_004516.json,.json,5825,2026-06-24T00:46:34Z,10ec094c685c18a194f47d8d14db620e8963398727f85bdd57456231597e400d
reproducibility/validation_reports/reports_AURORA_06_stress_tests_validation_report.json,reports_AURORA_06_stress_tests_validation_report.json,.json,15233,2026-06-24T01:57:52Z,3bbd4bf3196a5e5c6ae7dcd48873cc4212fc4d5c99177ce3174b6f9aa845d972
reproducibility/validation_reports/reports_AURORA_06_stress_tests_validation_report_20260624_012818.json,reports_AURORA_06_stress_tests_validation_report_20260624_012818.json,.json,15233,2026-06-24T01:57:52Z,3bbd4bf3196a5e5c6ae7dcd48873cc4212fc4d5c99177ce3174b6f9aa845d972
reproducibility/validation_reports/reports_AURORA_07_purged_walk_forward_validation_report.json,reports_AURORA_07_purged_walk_forward_validation_report.json,.json,4355,2026-06-24T03:27:28Z,2b98fca4ee224caa61f8bb9d9da51d122322c4b9b5305608a5173c1bb97cde27
reproducibility/validation_reports/reports_AURORA_07_purged_walk_forward_validation_report_20260624_031817.json,reports_AURORA_07_purged_walk_forward_validation_report_20260624_031817.json,.json,4355,2026-06-24T03:27:28Z,2b98fca4ee224caa61f8bb9d9da51d122322c4b9b5305608a5173c1bb97cde27
reproducibility/validation_reports/reports_AURORA_08B_aligned_oos_validation_report.json,reports_AURORA_08B_aligned_oos_validation_report.json,.json,10223,2026-06-24T07:08:47Z,7b7ef3e75c29d0390794cf12b3f9aabd8365e131a0deaf0780d835be130e9454
reproducibility/validation_reports/reports_AURORA_08B_aligned_oos_validation_report_20260624_070827.json,reports_AURORA_08B_aligned_oos_validation_report_20260624_070827.json,.json,10223,2026-06-24T07:08:47Z,7b7ef3e75c29d0390794cf12b3f9aabd8365e131a0deaf0780d835be130e9454
reproducibility/validation_reports/reports_AURORA_08_stronger_baselines_validation_report.json,reports_AURORA_08_stronger_baselines_validation_report.json,.json,7826,2026-06-24T03:42:35Z,271419261bbaa4b266b6a5f1d31868fc8b6a2c6a239395c1e999a8f90914e11a
reproducibility/validation_reports/reports_AURORA_08_stronger_baselines_validation_report_20260624_034204.json,reports_AURORA_08_stronger_baselines_validation_report_20260624_034204.json,.json,7826,2026-06-24T03:42:35Z,271419261bbaa4b266b6a5f1d31868fc8b6a2c6a239395c1e999a8f90914e11a
reproducibility/validation_reports/reports_AURORA_10B_component_ablation_validation_report.json,reports_AURORA_10B_component_ablation_validation_report.json,.json,7344,2026-07-11T15:01:37Z,ab815e6aaac4b1f43b904e573baad11eae2f11f1ffeed73ba86644ab37707709
reproducibility/validation_reports/reports_AURORA_10B_component_ablation_validation_report_20260711_150104.json,reports_AURORA_10B_component_ablation_validation_report_20260711_150104.json,.json,7344,2026-07-11T15:01:37Z,ab815e6aaac4b1f43b904e573baad11eae2f11f1ffeed73ba86644ab37707709
reproducibility/validation_reports/reports_AURORA_10_uamv_validation_report.json,reports_AURORA_10_uamv_validation_report.json,.json,10108,2026-06-24T10:08:46Z,43da9abb71fce9d78b342f5983300f60466a99599b3dded7d566c853e5bd46bb
reproducibility/validation_reports/reports_AURORA_10_uamv_validation_report_20260624_100748.json,reports_AURORA_10_uamv_validation_report_20260624_100748.json,.json,10108,2026-06-24T10:08:46Z,43da9abb71fce9d78b342f5983300f60466a99599b3dded7d566c853e5bd46bb
reproducibility/validation_reports/reports_AURORA_12_paper_assets_validation_report.json,reports_AURORA_12_paper_assets_validation_report.json,.json,2703,2026-06-24T14:23:15Z,b03d40e4e3422ee08d2a8002ce8ca0ba23338fdef77c49e58fa87434855815e3
reproducibility/validation_reports/reports_AURORA_12_paper_assets_validation_report_20260624_142307.json,reports_AURORA_12_paper_assets_validation_report_20260624_142307.json,.json,2703,2026-06-24T14:23:15Z,b03d40e4e3422ee08d2a8002ce8ca0ba23338fdef77c49e58fa87434855815e3
reproducibility/validation_reports/reports_AURORA_data_preparation_validation_report.json,reports_AURORA_data_preparation_validation_report.json,.json,1963,2026-06-23T13:58:49Z,75be52b7bffc9f600775dff71b0c7a055a95d8b2410ac3bd4ada40790304050e
reproducibility/validation_reports/reports_NOTEBOOK13B_validation_report.json,reports_NOTEBOOK13B_validation_report.json,.json,3828,2026-06-25T06:59:39Z,f9f794bba761d2fe744f83784d708cb283533cb8995d7e1417a8f09752b40a86
reproducibility/validation_reports/reports_NOTEBOOK13B_validation_report_20260625_065916.json,reports_NOTEBOOK13B_validation_report_20260625_065916.json,.json,3828,2026-06-25T06:59:39Z,f9f794bba761d2fe744f83784d708cb283533cb8995d7e1417a8f09752b40a86
reproducibility/validation_reports/reports_NOTEBOOK13_validation_report.json,reports_NOTEBOOK13_validation_report.json,.json,3266,2026-06-25T06:48:12Z,068278b4d27236549fe3e76f1d2d50939f5fb1987a18f0ce5ff9f336e3ffc84a
reproducibility/validation_reports/reports_NOTEBOOK13_validation_report_20260625_064802.json,reports_NOTEBOOK13_validation_report_20260625_064802.json,.json,3266,2026-06-25T06:48:12Z,068278b4d27236549fe3e76f1d2d50939f5fb1987a18f0ce5ff9f336e3ffc84a
reproducibility/validation_reports/reports_NOTEBOOK14B_validation_report.json,reports_NOTEBOOK14B_validation_report.json,.json,5361,2026-06-26T00:41:12Z,ef66a0e86bdbaef064b63e6787d0865203fcdb1206dfd15262e73de4a64a3425
reproducibility/validation_reports/reports_NOTEBOOK14B_validation_report_20260626_004004.json,reports_NOTEBOOK14B_validation_report_20260626_004004.json,.json,5361,2026-06-26T00:41:12Z,ef66a0e86bdbaef064b63e6787d0865203fcdb1206dfd15262e73de4a64a3425
reproducibility/validation_reports/reports_NOTEBOOK14_validation_report.json,reports_NOTEBOOK14_validation_report.json,.json,3800,2026-06-26T00:16:12Z,0bb93797d405fd6a4fcf23a4f76cd7f1f3181262d4e0f035dbad05b1bed758ae
reproducibility/validation_reports/reports_NOTEBOOK14_validation_report_20260626_001558.json,reports_NOTEBOOK14_validation_report_20260626_001558.json,.json,3800,2026-06-26T00:16:12Z,0bb93797d405fd6a4fcf23a4f76cd7f1f3181262d4e0f035dbad05b1bed758ae
reproducibility/validation_reports/reports_NOTEBOOK15B_validation_report.json,reports_NOTEBOOK15B_validation_report.json,.json,4947,2026-07-12T09:49:13Z,0a0e18e6cd25a8480147a857531953b4fe8f10775aa672df3c6b3a0a1f28381c
reproducibility/validation_reports/reports_NOTEBOOK15_validation_report.json,reports_NOTEBOOK15_validation_report.json,.json,51977,2026-06-26T01:20:07Z,611272233cbf171e56732ddb182f3ca7339d47e63108656677758522dba77ed7
reproducibility/validation_reports/reports_NOTEBOOK15_validation_report_20260626_010749.json,reports_NOTEBOOK15_validation_report_20260626_010749.json,.json,51977,2026-06-26T01:20:07Z,611272233cbf171e56732ddb182f3ca7339d47e63108656677758522dba77ed7
reproducibility/validation_reports/reports_NOTEBOOK16_mechanism_control_validation_report.json,reports_NOTEBOOK16_mechanism_control_validation_report.json,.json,4567,2026-07-14T08:46:45Z,c343ce9b7846441bf80b86ebd2f1640921bff9cf40d5fec626c8a6efbc9c38b1
reproducibility/validation_reports/reports_NOTEBOOK16_mechanism_control_validation_report_20260714_084419.json,reports_NOTEBOOK16_mechanism_control_validation_report_20260714_084419.json,.json,4567,2026-07-14T08:46:45Z,c343ce9b7846441bf80b86ebd2f1640921bff9cf40d5fec626c8a6efbc9c38b1
reproducibility/validation_reports/reports_NOTEBOOK17_defensive_control_validation_report.json,reports_NOTEBOOK17_defensive_control_validation_report.json,.json,5015,2026-07-14T16:22:36Z,e0cb39f2e5cb831b0be10568ba496804cdb62d8f937bfcbf4df1cfd680d9b400
reproducibility/validation_reports/reports_NOTEBOOK17_defensive_control_validation_report_20260714_161927.json,reports_NOTEBOOK17_defensive_control_validation_report_20260714_161927.json,.json,5015,2026-07-14T16:22:36Z,e0cb39f2e5cb831b0be10568ba496804cdb62d8f937bfcbf4df1cfd680d9b400
reproducibility/validation_reports/reports_NOTEBOOK18_validation_report.json,reports_NOTEBOOK18_validation_report.json,.json,6179,2026-07-17T08:31:36Z,582e8d3ea435ac7709bfe16e2d64383f2c2e460c536dbb5b40083b2b6401f5b6
reproducibility/validation_reports/reports_NOTEBOOK18_validation_report_20260717_082548.json,reports_NOTEBOOK18_validation_report_20260717_082548.json,.json,6179,2026-07-17T08:31:36Z,582e8d3ea435ac7709bfe16e2d64383f2c2e460c536dbb5b40083b2b6401f5b6
reproducibility/validation_reports/reports_NOTEBOOK19_validation_report.json,reports_NOTEBOOK19_validation_report.json,.json,4277,2026-07-18T10:14:55Z,15cb63307cbb566c337a7ae9a830c912104c1b2ed48fa271bfebeeae8cd6ce0c
reproducibility/validation_reports/reports_NOTEBOOK19_validation_report_20260718_101202.json,reports_NOTEBOOK19_validation_report_20260718_101202.json,.json,4277,2026-07-18T10:14:55Z,15cb63307cbb566c337a7ae9a830c912104c1b2ed48fa271bfebeeae8cd6ce0c
reproducibility/validation_reports/reports_NOTEBOOK20_validation_report.json,reports_NOTEBOOK20_validation_report.json,.json,6441,2026-07-18T15:46:02Z,0ca77e75dc123a14a415feb86da29b57b91f84a2d7289386352e73b353295589
reproducibility/validation_reports/reports_NOTEBOOK20_validation_report_20260718_154326.json,reports_NOTEBOOK20_validation_report_20260718_154326.json,.json,6441,2026-07-18T15:46:02Z,0ca77e75dc123a14a415feb86da29b57b91f84a2d7289386352e73b353295589
reproducibility/validation_reports/reports_NOTEBOOK21_validation_report.json,reports_NOTEBOOK21_validation_report.json,.json,2976,2026-07-22T13:36:17Z,c4c2a06b9820595e094449644845f1b89a82fd43fbbe9a2c6977c5bd4e84f1f1
reproducibility/validation_reports/reports_NOTEBOOK21_validation_report_20260722_102750.json,reports_NOTEBOOK21_validation_report_20260722_102750.json,.json,3258,2026-07-22T10:28:54Z,819b8d8fdf629fe32825f35ac3c0b376f415e35ad619cfbc8567a83952c5507e
reproducibility/validation_reports/reports_NOTEBOOK21_validation_report_20260722_133503.json,reports_NOTEBOOK21_validation_report_20260722_133503.json,.json,2976,2026-07-22T13:36:17Z,c4c2a06b9820595e094449644845f1b89a82fd43fbbe9a2c6977c5bd4e84f1f1
reproducibility/validation_reports/reports_NOTEBOOK22_validation_report.json,reports_NOTEBOOK22_validation_report.json,.json,1532,2026-07-22T13:36:17Z,f012c480b7842263b8c9d9bfca88c01597a868263a00ab510cf764e794163e24
reproducibility/validation_reports/reports_NOTEBOOK22_validation_report_20260722_102750.json,reports_NOTEBOOK22_validation_report_20260722_102750.json,.json,1751,2026-07-22T10:28:54Z,a9ed6d967f40786332f1182aa333bd87a05a9d31ea1e32b932b4dc4ab4bda8cf
reproducibility/validation_reports/reports_NOTEBOOK22_validation_report_20260722_133503.json,reports_NOTEBOOK22_validation_report_20260722_133503.json,.json,1532,2026-07-22T13:36:17Z,f012c480b7842263b8c9d9bfca88c01597a868263a00ab510cf764e794163e24
reproducibility/validation_reports/reports_NOTEBOOK23_validation_report.json,reports_NOTEBOOK23_validation_report.json,.json,3396,2026-07-23T03:55:49Z,b6d6c53e4f17a2f927f971a8823898b48385e81b86382ee164af471c033aca41
reproducibility/validation_reports/reports_NOTEBOOK23_validation_report_20260723_034307.json,reports_NOTEBOOK23_validation_report_20260723_034307.json,.json,2915,2026-07-23T03:43:29Z,d9b67d981fc46499174d7ccc726eac9e09999f0dfaf63b9a392dc6be660bf455
reproducibility/validation_reports/reports_NOTEBOOK23_validation_report_20260723_035525.json,reports_NOTEBOOK23_validation_report_20260723_035525.json,.json,3396,2026-07-23T03:55:49Z,b6d6c53e4f17a2f927f971a8823898b48385e81b86382ee164af471c033aca41
reproducibility/validation_reports/reports_ROMA_R1_validation_report.json,reports_ROMA_R1_validation_report.json,.json,4941,2026-06-25T02:39:53Z,fd9ff6a72ffee1076ac887d9d9d9ad309b3534f05b58bebfa42048ed844cb66a
reproducibility/validation_reports/reports_ROMA_R1_validation_report_20260625_023629.json,reports_ROMA_R1_validation_report_20260625_023629.json,.json,4941,2026-06-25T02:39:53Z,fd9ff6a72ffee1076ac887d9d9d9ad309b3534f05b58bebfa42048ed844cb66a
reproducibility/validation_reports/reports_ROMA_R2_validation_report.json,reports_ROMA_R2_validation_report.json,.json,8300,2026-06-25T02:54:03Z,c9ad3702dffa204051c5fa986b55e498bf1d48454377fb73b936ca45da3c9fa2
reproducibility/validation_reports/reports_ROMA_R2_validation_report_20260625_025314.json,reports_ROMA_R2_validation_report_20260625_025314.json,.json,8300,2026-06-25T02:54:03Z,c9ad3702dffa204051c5fa986b55e498bf1d48454377fb73b936ca45da3c9fa2
reproducibility/validation_reports/reports_ROMA_R3_validation_report.json,reports_ROMA_R3_validation_report.json,.json,3528,2026-06-25T03:37:01Z,738016d6634ba4bf75795b7347dd6b1cccf9c01fc33813caa27606428d71718a
reproducibility/validation_reports/reports_ROMA_R3_validation_report_20260625_031440.json,reports_ROMA_R3_validation_report_20260625_031440.json,.json,3528,2026-06-25T03:37:01Z,738016d6634ba4bf75795b7347dd6b1cccf9c01fc33813caa27606428d71718a
reproducibility/validation_reports/reports_figure2_canonical_passive_validation_report.json,reports_figure2_canonical_passive_validation_report.json,.json,4223,2026-07-23T14:10:23Z,06b5716b4774f179ab58c0f84a125a0d0df9717d6e66a7f80542549c62c4d0c2
reproducibility/validation_reports/reports_figure2_canonical_passive_validation_report_20260723_140954.json,reports_figure2_canonical_passive_validation_report_20260723_140954.json,.json,4223,2026-07-23T14:10:23Z,06b5716b4774f179ab58c0f84a125a0d0df9717d6e66a7f80542549c62c4d0c2
reproducibility/validation_reports/run_20260623_145728_AURORA_03_model_zoo_validation_report.json,run_20260623_145728_AURORA_03_model_zoo_validation_report.json,.json,10621,2026-06-23T14:59:27Z,3f890b43db21e14ae9f95ba8eaac32a0f7e468f3eccbc234120bde66468206ba
reproducibility/validation_reports/run_20260623_151920_AURORA_04_ordinal_uncertainty_validation_report.json,run_20260623_151920_AURORA_04_ordinal_uncertainty_validation_report.json,.json,23845,2026-06-23T15:23:07Z,acc8564982490e910dae594ba50fd7e92ba4148dcd1cdb62293d0fa4a41cf113
requirements.txt,requirements.txt,.txt,106,2026-07-24T09:14:52Z,8a5e15f8ee6817d48397d4dc954be8b8822ecab0b3b6f4462a9024f0593c65b7
requirements_colab_full.txt,requirements_colab_full.txt,.txt,14001,2026-07-24T00:18:43Z,18b79ab1cf1aaeb2dcec50fda07da8cd7fd749d6c34775b534dd984ed08b8bf8
requirements_project_versions.txt,requirements_project_versions.txt,.txt,203,2026-07-24T00:18:41Z,dbe653abda0d57e594683a5f13de80ec1f3083fbb1ebfbc440638a31d4ce873d
