date,policy_name,0050,006208,00692,00881,cash,is_rebalance
2024-11-27,AURORA_fold_rule_latest,0.1,0.1,0.1,0.1,0.6,False
2024-11-28,AURORA_fold_rule_latest,0.09916926977685048,0.09939076639180097,0.09870972305149397,0.0989690864252587,0.6037611543545959,False
2024-11-29,AURORA_fold_rule_latest,0.09954377663678242,0.10074293680191167,0.10086331973215672,0.09884996682914923,0.6,True
2024-12-02,AURORA_fold_rule_latest,0.09971197632780462,0.10062417965405718,0.10102460209768045,0.09906969723680002,0.5995695446836576,False
2024-12-03,AURORA_fold_rule_latest,0.10113934888811528,0.10236616183908682,0.10208278423364821,0.10037665472292964,0.5940350503162202,False
2024-12-04,AURORA_fold_rule_latest,0.10210749075199081,0.10315569293856373,0.10264927858619255,0.10039122573546058,0.5916963119877924,False
2024-12-05,AURORA_fold_rule_latest,0.10237480540668197,0.10364012033270957,0.10302488514894084,0.10120538544134615,0.5897548036703214,False
2024-12-06,AURORA_fold_rule_latest,0.10278400139767958,0.10395489400878193,0.10320525290227055,0.10110774794298916,0.5889481037482789,False
2024-12-09,AURORA_fold_rule_latest,0.10250936384898936,0.10375440725127291,0.1032549114440975,0.10085642911779236,0.5896248883378479,False
2024-12-10,AURORA_fold_rule_latest,0.102612226068824,0.10381743706010178,0.10331857299376818,0.10078803814353464,0.5894637257337715,False
2024-12-11,AURORA_fold_rule_latest,0.10211309546859414,0.10359769994994986,0.10302615838415702,0.10044652432408022,0.5908165218732188,False
2024-12-12,AURORA_fold_rule_latest,0.10158388372051085,0.102865946795372,0.10242507813513953,0.10019067574647658,0.592934415602501,False
2024-12-13,AURORA_fold_rule_latest,0.10232638964658963,0.10356728285013089,0.10306542883576009,0.10065886716057959,0.5903820315069399,False
2024-12-16,AURORA_fold_rule_latest,0.10235816466242588,0.10379433120586108,0.1030412441133567,0.100694505230305,0.5901117547880514,False
2024-12-17,AURORA_fold_rule_latest,0.10273555646914635,0.1040263750783632,0.10336701127406198,0.0999998677959115,0.5898711893825169,False
2024-12-18,AURORA_fold_rule_latest,0.10305621438626528,0.10423235853454861,0.10330120752510072,0.10069997722422856,0.5887102423298569,False
2024-12-19,AURORA_fold_rule_latest,0.10302611550408035,0.10438440734783096,0.10333984892264803,0.10071132623252009,0.5885383019929207,False
2024-12-20,AURORA_fold_rule_latest,0.10205774166365492,0.10364807930663651,0.10277683003373832,0.1004135142161308,0.5911038347798395,False
2024-12-23,AURORA_fold_rule_latest,0.10147424856139772,0.10291496502179841,0.10219647826582955,0.10019734429664168,0.5932169638543326,False
2024-12-24,AURORA_fold_rule_latest,0.10305177293163394,0.10423980782498198,0.10324113355591434,0.10123010657043664,0.588237179117033,False
2024-12-25,AURORA_fold_rule_latest,0.103259857751299,0.10438768792017282,0.10341390291590935,0.10115247587192248,0.5877860755406964,False
2024-12-26,AURORA_fold_rule_latest,0.10342401653003869,0.1045559389482141,0.10358527128278151,0.1014946563391087,0.5869401168998571,False
2024-12-27,AURORA_fold_rule_latest,0.10333137831788396,0.10463229869335229,0.10361652334883072,0.10156174406006363,0.5868580555798695,False
2024-12-30,AURORA_fold_rule_latest,0.10355551951292438,0.10478924467024044,0.10375319838876156,0.10169299805647185,0.5862090393716017,False
2024-12-31,AURORA_fold_rule_latest,0.09951702598265146,0.10201698137650636,0.10132630354832853,0.0981842743675067,0.5989554147250069,True
2025-01-02,AURORA_fold_rule_latest,0.09870837228945616,0.10149163859424887,0.10108363661728241,0.09840632965271133,0.6003100228463013,False
2025-01-03,AURORA_fold_rule_latest,0.09833327019087562,0.10082967126164653,0.10038501940159117,0.09718413163953989,0.6032679075063467,False
2025-01-06,AURORA_fold_rule_latest,0.0990132390404842,0.10114058319787422,0.10097389765833278,0.09747621974305319,0.6013960603602555,False
2025-01-07,AURORA_fold_rule_latest,0.10097326390897184,0.103088655577787,0.10264424041756777,0.09865123943318241,0.594642600662491,False
2025-01-08,AURORA_fold_rule_latest,0.10163108293636178,0.1037144446642633,0.10308402485621096,0.09964220382065953,0.5919282437225045,False
2025-01-09,AURORA_fold_rule_latest,0.10062975879483546,0.10296984248431508,0.1023674695196465,0.09905865841711024,0.5949742707840928,False
2025-01-10,AURORA_fold_rule_latest,0.09997876344391536,0.1023339926862947,0.10167189936629858,0.09805974025239075,0.5979556042511006,False
2025-01-13,AURORA_fold_rule_latest,0.0999966622485241,0.10206779644093475,0.10158131315279446,0.09814129980129975,0.598212928356447,False
2025-01-14,AURORA_fold_rule_latest,0.09861949283994495,0.10094110435015367,0.1004055506463848,0.09609923608528294,0.6039346160782336,False
2025-01-15,AURORA_fold_rule_latest,0.09898396526202437,0.10109428198056908,0.10069950987217496,0.09677449059947489,0.6024477522857565,False
2025-01-16,AURORA_fold_rule_latest,0.09851181570906772,0.10094196005950186,0.10031525474146215,0.0960233886272234,0.6042075808627448,False
2025-01-17,AURORA_fold_rule_latest,0.09975255295070254,0.10199606965989053,0.10152766228232227,0.09710864542129372,0.5996150696857908,False
2025-01-20,AURORA_fold_rule_latest,0.1000693981295386,0.10226835941180192,0.10178293224009041,0.09727069633989441,0.5986086138786747,False
2025-01-21,AURORA_fold_rule_latest,0.10068119094644946,0.10296008462488367,0.10215334789623882,0.09801140123140337,0.5961939753010246,False
2025-01-22,AURORA_fold_rule_latest,0.09920467501375405,0.10229048508616702,0.10184818002644101,0.09665665987363797,0.6,True
2025-02-03,AURORA_fold_rule_latest,0.09999291431858177,0.10325409466787834,0.10267993433228038,0.09711688813153971,0.5969561685497198,False
2025-02-04,AURORA_fold_rule_latest,0.09740970396402163,0.1004165364613697,0.10032975354827302,0.09435626908494517,0.6074877369413906,False
2025-02-05,AURORA_fold_rule_latest,0.09784751305990101,0.10062392410147065,0.10063205637799,0.09429855528275476,0.6065979511778835,False
2025-02-06,AURORA_fold_rule_latest,0.0987480064647831,0.10170148668119408,0.1012862900878337,0.09526018835008122,0.6030040284161079,False
2025-02-07,AURORA_fold_rule_latest,0.0990030373693333,0.1019213774162428,0.1015792812913298,0.09553482115857755,0.6019614827645164,False
2025-02-10,AURORA_fold_rule_latest,0.09919589498624422,0.10222714840957918,0.10189387761323888,0.09628292374781902,0.6004001552431187,False
2025-02-11,AURORA_fold_rule_latest,0.0984832458726612,0.10168716809017761,0.10138366048890458,0.09552679429880695,0.6029191312494496,False
2025-02-12,AURORA_fold_rule_latest,0.098870011813658,0.101905669767937,0.10149756096583135,0.0961175651740161,0.6016091922785575,False
2025-02-13,AURORA_fold_rule_latest,0.09879952968992467,0.10194397793996272,0.10144572978177882,0.09571579806449847,0.6020949645238353,False
2025-02-14,AURORA_fold_rule_latest,0.0984322124545259,0.10152057874818637,0.10146147727645863,0.09613250132170091,0.6024532301991282,False
2025-02-17,AURORA_fold_rule_latest,0.09769718334023364,0.10078949738995557,0.10066868995667454,0.09564689710323253,0.6051977322099037,False
2025-02-18,AURORA_fold_rule_latest,0.09861893072674814,0.1016230683640205,0.10150024608926897,0.09650054693595946,0.601757207884003,False
2025-02-19,AURORA_fold_rule_latest,0.09881143367819278,0.10194355259448441,0.10178314857820321,0.09666537736947206,0.6007964877796476,False
2025-02-20,AURORA_fold_rule_latest,0.09873945599220804,0.10147889551256106,0.10171125626240214,0.09664659193207041,0.6014238003007584,False
2025-02-21,AURORA_fold_rule_latest,0.09847152813830382,0.1015897107978808,0.10146559205974018,0.09639261194919786,0.6020805570548774,False
2025-02-24,AURORA_fold_rule_latest,0.09890798248651754,0.10188850796052543,0.10183935922346818,0.09689206386715861,0.6004720864623302,False
2025-02-25,AURORA_fold_rule_latest,0.09829660698210727,0.10132629622893857,0.1014214622562686,0.09687240772966886,0.6020832268030166,False
2025-02-26,AURORA_fold_rule_latest,0.0974750243047967,0.10047695987735715,0.10109172555043282,0.09604336899415294,0.6049129212732604,False
2025-02-27,AURORA_fold_rule_latest,0.09866184859631871,0.10159024155544442,0.10249270873162691,0.09725520111660996,0.6,True
2025-03-03,AURORA_fold_rule_latest,0.09795471333335388,0.10129862534621004,0.10187247775122354,0.09636653183544809,0.6025076517337645,False
2025-03-04,AURORA_fold_rule_latest,0.09653565348588772,0.09975495683148643,0.10070274018212878,0.09517632442250057,0.6078303250779966,False
2025-03-05,AURORA_fold_rule_latest,0.09608894836131858,0.09927903216479605,0.10040053606235469,0.09516527333081377,0.609066210080717,False
2025-03-06,AURORA_fold_rule_latest,0.09689408805903027,0.10007597081586256,0.10103206753016879,0.09577913954101219,0.6062187340539261,False
2025-03-07,AURORA_fold_rule_latest,0.09650344034090408,0.09955977426690997,0.1007802647708417,0.09569056150141496,0.6074659591199293,False
2025-03-10,AURORA_fold_rule_latest,0.0959935344576738,0.09905743982173197,0.10012766676086497,0.09489063060423077,0.6099307283554984,False
2025-03-11,AURORA_fold_rule_latest,0.09561838821675162,0.09875676001035372,0.10000489138539152,0.09446523862349904,0.6111547217640042,False
2025-03-12,AURORA_fold_rule_latest,0.09464921995208975,0.09753425798963276,0.09877871829788373,0.09327481345214002,0.6157629903082537,False
2025-03-13,AURORA_fold_rule_latest,0.0948728748335378,0.09774778137300813,0.09895081697245983,0.09391165054009491,0.6145168762808993,False
2025-03-14,AURORA_fold_rule_latest,0.09425491139696947,0.0973817085709337,0.09864622823250303,0.09347203890415369,0.6162451128954402,False
2025-03-17,AURORA_fold_rule_latest,0.09405752664501897,0.09708825773869205,0.09839338020553894,0.09346201505270282,0.6169988203580472,False
2025-03-18,AURORA_fold_rule_latest,0.09456447036007426,0.09774002417053831,0.09882606418326653,0.09382674654418063,0.6150426947419403,False
2025-03-19,AURORA_fold_rule_latest,0.09476570998283096,0.09791098517943461,0.09911772330112832,0.09438284053324547,0.6138227410033607,False
2025-03-20,AURORA_fold_rule_latest,0.09402655234079182,0.09716683532508551,0.09840371648231201,0.09377814633978547,0.6166247495120252,False
2025-03-21,AURORA_fold_rule_latest,0.0953506551969327,0.09849811185033544,0.09957847016094366,0.09448596116705218,0.6120868016247362,False
2025-03-24,AURORA_fold_rule_latest,0.0948222093639066,0.09807142316519166,0.09914195252989579,0.09427924387456266,0.6136851710664433,False
2025-03-25,AURORA_fold_rule_latest,0.09480181702822385,0.09779256479087389,0.09906642835200793,0.09411454759832036,0.6142246422305739,False
2025-03-26,AURORA_fold_rule_latest,0.09539149842266045,0.09875168626534139,0.09958264450448331,0.09458841947909766,0.6116857513284173,False
2025-03-27,AURORA_fold_rule_latest,0.09533865121632755,0.09854993198261149,0.09965468067647969,0.09461286970750295,0.6118438664170783,False
2025-03-28,AURORA_fold_rule_latest,0.09424128178043924,0.09732982300570106,0.09854651317566668,0.09338591878515563,0.6164964632530374,False
2025-03-31,AURORA_fold_rule_latest,0.09876153519810531,0.10198821644867831,0.10370804614550345,0.09554220220771302,0.6,True
2025-04-01,AURORA_fold_rule_latest,0.09661666752282286,0.09990585806313587,0.10174243112290535,0.09284980986661666,0.6088852334245193,False
2025-04-02,AURORA_fold_rule_latest,0.09776382336453705,0.10125230211611454,0.10287548884670243,0.0943998312538913,0.6037085544187546,False
2025-04-07,AURORA_fold_rule_latest,0.0976425624195009,0.10125026182343434,0.103022976138951,0.09409670746561638,0.6039874921524974,False
2025-04-08,AURORA_fold_rule_latest,0.09149890721794494,0.09489994704300789,0.09654858712990469,0.0881806736949506,0.6288718849141919,False
2025-04-09,AURORA_fold_rule_latest,0.08984935417528651,0.09276092721845809,0.0946404274206764,0.084462415246583,0.638286875938996,False
2025-04-10,AURORA_fold_rule_latest,0.0872508086333297,0.09022070156731317,0.09187311292640477,0.08093939446608275,0.6497159824068697,False
2025-04-11,AURORA_fold_rule_latest,0.09272552034729573,0.09585308803693922,0.09762921850578325,0.08600174900123196,0.6277904241087497,False
2025-04-14,AURORA_fold_rule_latest,0.09388417440567225,0.09719876148858125,0.09857512138739884,0.08919277083242658,0.6211491718859211,False
2025-04-15,AURORA_fold_rule_latest,0.09350091219345535,0.09645018324029415,0.0982194087376777,0.09000386725271482,0.621825628575858,False
2025-04-16,AURORA_fold_rule_latest,0.09406386418658111,0.09711387303584423,0.09887525473062928,0.0906199748581473,0.6193270331887981,False
2025-04-17,AURORA_fold_rule_latest,0.0929982703205066,0.09587249075785768,0.09791034970424295,0.08959314396684064,0.6236257452505521,False
2025-04-18,AURORA_fold_rule_latest,0.09224480256457428,0.09550463098780122,0.09750719807093393,0.08923516597975165,0.6255082023969389,False
2025-04-21,AURORA_fold_rule_latest,0.0923383010532689,0.0954944927968061,0.097807294421033,0.08957965830190752,0.6247802534269844,False
2025-04-22,AURORA_fold_rule_latest,0.09151491583462643,0.09464452185073925,0.09675555931157515,0.08889629925004847,0.6281887037530107,False
2025-04-23,AURORA_fold_rule_latest,0.09054724346477233,0.09365117927374379,0.0959209383983007,0.08777259304871228,0.6321080458144709,False
2025-04-24,AURORA_fold_rule_latest,0.09305304141626528,0.09618751137624611,0.09828487968302951,0.09039740058772805,0.622077166936731,False
2025-04-25,AURORA_fold_rule_latest,0.09276441287327684,0.09589721011088044,0.09793559449010161,0.08961624427994015,0.623786538245801,False
2025-04-28,AURORA_fold_rule_latest,0.09408029886559999,0.09739590454399419,0.09919073855692134,0.09139264385519813,0.6179404141782863,False
2025-04-29,AURORA_fold_rule_latest,0.09462430740485461,0.09773638308909036,0.09969362090722445,0.09163770095117288,0.6163079876476577,False
2025-04-30,AURORA_fold_rule_latest,0.09897432916566491,0.10241148520628672,0.10492411429805998,0.09369007132998836,0.6,True
2025-05-02,AURORA_fold_rule_latest,0.09942694424971131,0.10259915139660701,0.10495722865326804,0.09313281707119535,0.5998838586292183,False
2025-05-05,AURORA_fold_rule_latest,0.1011599438318738,0.1046189225330893,0.10672884041656168,0.0943897763305417,0.5931025168879336,False
2025-05-06,AURORA_fold_rule_latest,0.10069423284551521,0.10373679444478116,0.10605448219996805,0.09382069187403308,0.5956937986357026,False
2025-05-07,AURORA_fold_rule_latest,0.1002779694367654,0.10331449818008279,0.10588404184237252,0.09399658258206155,0.5965269079587178,False
2025-05-08,AURORA_fold_rule_latest,0.09998082878913127,0.10329817082953095,0.10584018444260104,0.09385208961267484,0.5970287263260619,False
2025-05-09,AURORA_fold_rule_latest,0.10076709269405217,0.10424252398132487,0.10641914170765268,0.09469140111078189,0.5938798405061885,False
2025-05-12,AURORA_fold_rule_latest,0.10156643241495075,0.10474803681906039,0.10712837400138951,0.09533096518804636,0.591226191576553,False
2025-05-13,AURORA_fold_rule_latest,0.10225621327540516,0.10541543214149963,0.10776666275391521,0.09588912014133374,0.5886725716878463,False
2025-05-14,AURORA_fold_rule_latest,0.10289555986001524,0.10636807340749735,0.10846597111372441,0.09703807570106784,0.5852323199176951,False
2025-05-15,AURORA_fold_rule_latest,0.10426773298315933,0.10770638855456424,0.10975113213457056,0.09836969788242171,0.5799050484452842,False
2025-05-16,AURORA_fold_rule_latest,0.10414700235836644,0.1077170842296809,0.10968335814188516,0.09794945396101122,0.5805031013090564,False
2025-05-19,AURORA_fold_rule_latest,0.10436865699480936,0.10775172040999938,0.10979732458909937,0.0979331770208681,0.5801491209852239,False
2025-05-20,AURORA_fold_rule_latest,0.10355167229667317,0.10695525954030859,0.10904758864469855,0.09670352558927159,0.583741953929048,False
2025-05-21,AURORA_fold_rule_latest,0.10368271593718992,0.10708506246330063,0.1090261647470986,0.09685689022932448,0.5833491666230863,False
2025-05-22,AURORA_fold_rule_latest,0.1046592847503828,0.10784908043775833,0.10974325538948887,0.09788495026746906,0.579863429154901,False
2025-05-23,AURORA_fold_rule_latest,0.10399568670972065,0.10713660556616653,0.10900322064160715,0.09733206501502448,0.5825324220674811,False
2025-05-26,AURORA_fold_rule_latest,0.10368549081883256,0.10700788564785947,0.1089210217600833,0.09718212786970916,0.5832034739035156,False
2025-05-27,AURORA_fold_rule_latest,0.10366036226252939,0.1068480365892256,0.10891121137368752,0.09687270834324448,0.583707681431313,False
2025-05-28,AURORA_fold_rule_latest,0.10313888277950452,0.10614586371510014,0.10820964697995862,0.0965445405725765,0.5859610659528602,False
2025-05-29,AURORA_fold_rule_latest,0.09946590464246871,0.10295208842191068,0.10546764654124284,0.09211436039437786,0.6,True
2025-06-02,AURORA_fold_rule_latest,0.09959097242022737,0.10290094608447387,0.10544114913231727,0.09264927553296227,0.5994176568300191,False
2025-06-03,AURORA_fold_rule_latest,0.09828117523968323,0.10160527336363959,0.10421493535850045,0.09141724659417587,0.6044813694440009,False
2025-06-04,AURORA_fold_rule_latest,0.09871590021687618,0.10197254133757261,0.10447148768493095,0.09196906718502999,0.6028710035755904,False
2025-06-05,AURORA_fold_rule_latest,0.10010759624551278,0.10362018887737111,0.10606499729295467,0.09283142864301507,0.5973757889411464,False
2025-06-06,AURORA_fold_rule_latest,0.10020656321680797,0.10391140949663695,0.10611638157819935,0.0929513823104676,0.5968142633978882,False
2025-06-09,AURORA_fold_rule_latest,0.10031305285779923,0.10399597747472804,0.10633083547720863,0.09289673642257225,0.5964633977676919,False
2025-06-10,AURORA_fold_rule_latest,0.10092343631347177,0.10459965621149264,0.10678633823446958,0.09331451994248682,0.5943760492980793,False
2025-06-11,AURORA_fold_rule_latest,0.10259173419101408,0.1059811701253729,0.10826019634479492,0.09481925067593433,0.5883476486628838,False
2025-06-12,AURORA_fold_rule_latest,0.10232214341443131,0.10670572713718786,0.10886704494626864,0.09530349703757367,0.5868015874645386,False
2025-06-13,AURORA_fold_rule_latest,0.10246667146779154,0.1065694540263485,0.10842576144076255,0.0949076796800679,0.5876304333850295,False
2025-06-16,AURORA_fold_rule_latest,0.10279672805377128,0.10547315462331114,0.10773029567499406,0.09447656504649989,0.5895232566014236,False
2025-06-17,AURORA_fold_rule_latest,0.10272661055676806,0.10573687463022483,0.10788052266039802,0.09453484849739197,0.5891211436552172,False
2025-06-18,AURORA_fold_rule_latest,0.10261797004572697,0.10605617931442872,0.10818856261646521,0.0946391808118344,0.5884981072115447,False
2025-06-19,AURORA_fold_rule_latest,0.10318774437552934,0.1064955684503601,0.10882276449071067,0.09479755909582625,0.5866963635875736,False
2025-06-20,AURORA_fold_rule_latest,0.10257622068570593,0.10591396061009885,0.10798979135427228,0.09448079318047087,0.5890392341694521,False
2025-06-23,AURORA_fold_rule_latest,0.10250735647206949,0.10595241930038006,0.10795355691868763,0.09406669331144353,0.5895199739974192,False
2025-06-24,AURORA_fold_rule_latest,0.10191839275660355,0.10526235335542883,0.10768216766971939,0.09410308849310567,0.5910339977251426,False
2025-06-25,AURORA_fold_rule_latest,0.10300030174264377,0.10643344451666022,0.10863481432630132,0.09531428604107343,0.5866171533733214,False
2025-06-26,AURORA_fold_rule_latest,0.103943532209073,0.10729478761403018,0.10926601680776733,0.09598459001250627,0.5835110733566232,False
2025-06-27,AURORA_fold_rule_latest,0.10403900368229685,0.10721227145627832,0.10935340372754682,0.09607476052623942,0.5833205606076386,False
2025-06-30,AURORA_fold_rule_latest,0.1004287609057293,0.10368520491292779,0.1060934892310188,0.09120618104086932,0.5985863639094549,True
2025-07-01,AURORA_fold_rule_latest,0.10055266825355819,0.10347979230768133,0.10628529386076402,0.091224909423706,0.5984573361542905,False
2025-07-02,AURORA_fold_rule_latest,0.1008670270078323,0.10411868009466009,0.10662233685560393,0.09151943188887089,0.5968725241530327,False
2025-07-03,AURORA_fold_rule_latest,0.10082199792021172,0.10423325696208592,0.10669546602466892,0.09176589731128403,0.5964833817817493,False
2025-07-04,AURORA_fold_rule_latest,0.10172357497325268,0.10473547780166138,0.10727554946445608,0.0926236349799112,0.5936417627807187,False
2025-07-07,AURORA_fold_rule_latest,0.1010848844487146,0.10428357617034527,0.10675122550039741,0.09241199801689161,0.5954683158636511,False
2025-07-08,AURORA_fold_rule_latest,0.10071648189765829,0.104067467606963,0.10659285611852132,0.09178257233940207,0.5968406220374552,False
2025-07-09,AURORA_fold_rule_latest,0.10042678904675813,0.10360022835031295,0.10643628528384312,0.09170487831078292,0.5978318190083028,False
2025-07-10,AURORA_fold_rule_latest,0.10100435170923401,0.104176318514003,0.10673545077625719,0.09296815693708992,0.5951157220634158,False
2025-07-11,AURORA_fold_rule_latest,0.10170923713910077,0.10489243987163656,0.10730118026650402,0.09362022419950014,0.5924769185232586,False
2025-07-14,AURORA_fold_rule_latest,0.10198754401241758,0.10518674059005823,0.10761100146222559,0.09363091175340116,0.5915838021818973,False
2025-07-15,AURORA_fold_rule_latest,0.10171885876927712,0.10470939025087614,0.10724882923170011,0.09282902347294075,0.5934938982752058,False
2025-07-16,AURORA_fold_rule_latest,0.10251477753591093,0.10560390883680774,0.10798027641182051,0.09377827115153366,0.5901227660639271,False
2025-07-17,AURORA_fold_rule_latest,0.10291845718826409,0.10625630231808157,0.10877536371455925,0.09430531211851347,0.5877445646605817,False
2025-07-18,AURORA_fold_rule_latest,0.10341582894991701,0.10645500468587026,0.10872546861765801,0.09431333646421446,0.5870903612823403,False
2025-07-21,AURORA_fold_rule_latest,0.10435264869049116,0.10738431860208816,0.10936135263193647,0.09512869529542242,0.5837729847800619,False
2025-07-22,AURORA_fold_rule_latest,0.10409357928738457,0.1070667601783353,0.10909553324179945,0.09524674023029313,0.5844973870621876,False
2025-07-23,AURORA_fold_rule_latest,0.10371413104754756,0.10669144864652859,0.10869220548558087,0.09450323481659346,0.5863989800037495,False
2025-07-24,AURORA_fold_rule_latest,0.10381007024458108,0.10710608630679369,0.10896746693332493,0.09491150010792275,0.5852048764073775,False
2025-07-25,AURORA_fold_rule_latest,0.10416079217382673,0.10728600268053516,0.10932933579096772,0.09549586310548112,0.5837280062491892,False
2025-07-28,AURORA_fold_rule_latest,0.10404583802627725,0.10715283808299818,0.10906910892422166,0.09550290056127748,0.5842293144052254,False
2025-07-29,AURORA_fold_rule_latest,0.10416841791048255,0.10732371273536485,0.10930094855318415,0.09600795274957692,0.5831989680513915,False
2025-07-30,AURORA_fold_rule_latest,0.10343915253848768,0.10648390448498558,0.10861889814919552,0.09545456095958446,0.5860034838677467,False
2025-07-31,AURORA_fold_rule_latest,0.1010581294480727,0.10390983421051667,0.10631573606761376,0.09186309466903322,0.5968532056047637,True
2025-08-01,AURORA_fold_rule_latest,0.10161642095924207,0.1046709869437997,0.10690439257948553,0.09306088124464708,0.5937473182728255,False
2025-08-04,AURORA_fold_rule_latest,0.10107478926318712,0.10394131451591662,0.1062855857859161,0.09291488920696618,0.5957834212280141,False
2025-08-05,AURORA_fold_rule_latest,0.10070274513633835,0.10355930918794275,0.10606038619520367,0.0925817196162099,0.5970958398643053,False
2025-08-06,AURORA_fold_rule_latest,0.10140963830817433,0.10435728304268882,0.10684853578766078,0.09369376138669908,0.5936907814747769,False
2025-08-07,AURORA_fold_rule_latest,0.10086534160343946,0.10371160618984131,0.10641078832261132,0.09329767071655669,0.5957145931675513,False
2025-08-08,AURORA_fold_rule_latest,0.10253799325179966,0.10587373687739696,0.1080386989640904,0.0946981107235055,0.5888514601832076,False
2025-08-11,AURORA_fold_rule_latest,0.10251747917877534,0.10580952288872522,0.10783592718271187,0.09510341803941613,0.5887336527103715,False
2025-08-12,AURORA_fold_rule_latest,0.10295945178545654,0.1061476170047101,0.10824854622932098,0.09584767314130131,0.5867967118392111,False
2025-08-13,AURORA_fold_rule_latest,0.1030315282007767,0.10625015935365628,0.10831219155268428,0.09575365016109574,0.5866524707317871,False
2025-08-14,AURORA_fold_rule_latest,0.1035595702580692,0.10679130222363199,0.10875864808969585,0.09620503623441017,0.5846854431941928,False
2025-08-15,AURORA_fold_rule_latest,0.10333848453643357,0.10636506383805952,0.10861947488812575,0.09604436866065322,0.5856326080767279,False
2025-08-18,AURORA_fold_rule_latest,0.10322985729945575,0.10625325512470815,0.10857279379567658,0.09692709035822089,0.5850170034219386,False
2025-08-19,AURORA_fold_rule_latest,0.10333357309076148,0.10644481034768116,0.10869048510429516,0.09757438672031084,0.5839567447369512,False
2025-08-20,AURORA_fold_rule_latest,0.10332125513864863,0.10637564649946912,0.10861179545187306,0.09670666040993477,0.5849846425000744,False
2025-08-21,AURORA_fold_rule_latest,0.10165844087892578,0.10449703460801857,0.10700279645873281,0.09457225528549798,0.5922694727688248,False
2025-08-22,AURORA_fold_rule_latest,0.10191246935340331,0.10493040403041398,0.1073779144727785,0.09545524386610629,0.5903239682772978,False
2025-08-25,AURORA_fold_rule_latest,0.10162970739297815,0.10449626635962306,0.10716497309051927,0.09517907298338005,0.5915299801734996,False
2025-08-26,AURORA_fold_rule_latest,0.1026478336898031,0.10582740053156842,0.10831835194581035,0.09652057649846961,0.5866858373343485,False
2025-08-27,AURORA_fold_rule_latest,0.10271145545672439,0.1057497577464218,0.10830532121112721,0.09674040832688384,0.5864930572588427,False
2025-08-28,AURORA_fold_rule_latest,0.10287390224180219,0.10618655988973741,0.10870703403680797,0.09758271595016299,0.5846497878814895,False
2025-08-29,AURORA_fold_rule_latest,0.09929099656684458,0.10204133043734026,0.10548426717926622,0.093183405816549,0.6,True
2025-09-01,AURORA_fold_rule_latest,0.0993370841948175,0.10196409259704119,0.10515915830900492,0.09326116455429256,0.6002785003448438,False
2025-09-02,AURORA_fold_rule_latest,0.09889848654022829,0.10152979854947615,0.1046398725411719,0.09155728426839872,0.603374558100725,False
2025-09-03,AURORA_fold_rule_latest,0.09891758050313117,0.10150764857315697,0.10468219996901156,0.09140152157254167,0.6034910493821586,False
2025-09-04,AURORA_fold_rule_latest,0.09882491856294327,0.1013848959525847,0.10470692371992411,0.09157723377680424,0.6035060279877437,False
2025-09-05,AURORA_fold_rule_latest,0.09924646796845747,0.1018024501844366,0.1050898417594757,0.09183685351166959,0.6020243865759607,False
2025-09-08,AURORA_fold_rule_latest,0.0998303899924261,0.1022893884400656,0.10568445007166577,0.09293137800755245,0.5992643934882902,False
2025-09-09,AURORA_fold_rule_latest,0.10041374688695537,0.10316228733290203,0.10615940103934622,0.09314751650039217,0.5971170482404043,False
2025-09-10,AURORA_fold_rule_latest,0.10099883918471526,0.10352719832603573,0.1067343833093148,0.0942718375052005,0.5944677416747337,False
2025-09-11,AURORA_fold_rule_latest,0.10212990118035024,0.10484844168919105,0.10787746086074095,0.09550560479501144,0.5896385914747063,False
2025-09-12,AURORA_fold_rule_latest,0.10271469271126764,0.10539249343482822,0.1084647026698892,0.09576057703098724,0.5876675341530279,False
2025-09-15,AURORA_fold_rule_latest,0.10336498607350182,0.10594995597817533,0.10904533081484832,0.09605988590328488,0.5855798412301896,False
2025-09-16,AURORA_fold_rule_latest,0.10339071180396422,0.10593579585781221,0.10896511861519707,0.095982791950203,0.5857255817728235,False
2025-09-17,AURORA_fold_rule_latest,0.1042247994102244,0.1068303751223035,0.10978076840520722,0.09651655950074954,0.5826474975615153,False
2025-09-18,AURORA_fold_rule_latest,0.10379373986214152,0.106335104242885,0.10935306057772332,0.09616150383779735,0.5843565914794528,False
2025-09-19,AURORA_fold_rule_latest,0.10441118703687406,0.10684678689681562,0.11001728886001914,0.0970851047550426,0.5816396324512486,False
2025-09-22,AURORA_fold_rule_latest,0.10454990452997387,0.10685463151224318,0.11006682563620186,0.0966271147385814,0.5819015235829996,False
2025-09-23,AURORA_fold_rule_latest,0.10502949624818046,0.10740004062749907,0.11054596273504713,0.09652737137570234,0.580497129013571,False
2025-09-24,AURORA_fold_rule_latest,0.10619819556513042,0.10871816837396749,0.1115641051557538,0.09710712845140279,0.5764124024537455,False
2025-09-25,AURORA_fold_rule_latest,0.10613605066400753,0.10878746497101598,0.11180563071111628,0.09670256999871818,0.576568283655142,False
2025-09-26,AURORA_fold_rule_latest,0.1059023483887237,0.10844165114519876,0.11162539975305799,0.09675486397124311,0.5772757367417765,False
2025-09-30,AURORA_fold_rule_latest,0.10208377772000332,0.10407272230800863,0.10765399445129735,0.0912493398714939,0.5949401656491968,True
2025-10-01,AURORA_fold_rule_latest,0.10260236428521566,0.10469339198567472,0.10841265164839663,0.09201909757685119,0.5922724945038618,False
2025-10-02,AURORA_fold_rule_latest,0.10299096921460837,0.10497385972528324,0.10857125696519661,0.09201795906061536,0.5914459550342964,False
2025-10-03,AURORA_fold_rule_latest,0.10409813544745639,0.10632346040119398,0.1096463454108442,0.09323586532535963,0.5866961934151459,False
2025-10-07,AURORA_fold_rule_latest,0.1049330864206942,0.10734118011484238,0.11028515071270852,0.09440982408394229,0.5830307586678127,False
2025-10-08,AURORA_fold_rule_latest,0.10671247532094424,0.10900417555835493,0.11197813059848188,0.09524378375724421,0.5770614347649748,False
2025-10-09,AURORA_fold_rule_latest,0.106184247792082,0.10818659514663186,0.11141408065859582,0.09484552481417767,0.5793695515885127,False
2025-10-13,AURORA_fold_rule_latest,0.1066013742429466,0.1089160400843285,0.11194230493675551,0.0951437741280629,0.5773965066079064,False
2025-10-14,AURORA_fold_rule_latest,0.10608787443488156,0.10808788502653453,0.11128263586349975,0.0942744808917495,0.5802671237833347,False
2025-10-15,AURORA_fold_rule_latest,0.10580575296898537,0.10814256474246288,0.11123048906009941,0.09323695837458484,0.5815842348538675,False
2025-10-16,AURORA_fold_rule_latest,0.106912189749587,0.1094856073958537,0.11230861613656083,0.09408765443518344,0.577205932282815,False
2025-10-17,AURORA_fold_rule_latest,0.10807250886867584,0.11059225134600881,0.1134644212787713,0.09551416337050295,0.5723566551360412,False
2025-10-20,AURORA_fold_rule_latest,0.10708819999987253,0.10956381240274546,0.11254314716301694,0.09497805092259279,0.5758267895117724,False
2025-10-21,AURORA_fold_rule_latest,0.10814249029760648,0.11056346013803714,0.11355770168305378,0.09591673404135583,0.5718196138399466,False
2025-10-22,AURORA_fold_rule_latest,0.10823571463154583,0.11059607783199217,0.11357556394914325,0.0961856656408882,0.5714069779464306,False
2025-10-23,AURORA_fold_rule_latest,0.10765863744248698,0.11032023537782627,0.1133705829170152,0.09575773193906845,0.572892812323603,False
2025-10-27,AURORA_fold_rule_latest,0.1073869954743373,0.10979299554341873,0.11291636862730724,0.09524851501568803,0.5746551253392487,False
2025-10-28,AURORA_fold_rule_latest,0.10874083512236973,0.11137227122092398,0.11432374713596859,0.09688829548043779,0.5686748510402999,False
2025-10-29,AURORA_fold_rule_latest,0.10820801655918143,0.11094120516055485,0.11387489055381154,0.09706775435501586,0.5699081333714363,False
2025-10-30,AURORA_fold_rule_latest,0.10924329378451751,0.1120319383194635,0.11467163930474793,0.09807332005862453,0.5659798085326464,False
2025-10-31,AURORA_fold_rule_latest,0.10872921550256816,0.1112101688467446,0.11404344000791977,0.09692508373540691,0.5690920919073607,True
2025-11-03,AURORA_fold_rule_latest,0.10907703169425417,0.11162468429621913,0.11428115747065191,0.09719055303454899,0.5678265735043259,False
2025-11-04,AURORA_fold_rule_latest,0.10846881548880907,0.11085954258128332,0.11372053802627198,0.09700944327141431,0.5699416606322213,False
2025-11-05,AURORA_fold_rule_latest,0.10831045599949099,0.11071121082621793,0.11361326350781836,0.09647560885738306,0.5708894608090898,False
2025-11-06,AURORA_fold_rule_latest,0.10755824611579269,0.1096994608385851,0.11286259803372867,0.09577309954565048,0.574106595466243,False
2025-11-07,AURORA_fold_rule_latest,0.10764270537902582,0.1101563964386594,0.11308034488079095,0.09592464412880515,0.5731959091727186,False
2025-11-10,AURORA_fold_rule_latest,0.10695100805468344,0.10915619475252775,0.11250402778249767,0.0950474372468648,0.5763413321634263,False
2025-11-11,AURORA_fold_rule_latest,0.1077496854885855,0.10988186820084601,0.11320259904361511,0.09585313200407748,0.573312715262876,False
2025-11-12,AURORA_fold_rule_latest,0.10733412946088827,0.10957078895644148,0.11277646162483676,0.09513120486835269,0.5751874150894808,False
2025-11-13,AURORA_fold_rule_latest,0.10755957072146939,0.10998547195294854,0.11337033442845616,0.09542516888756265,0.5736594540095633,False
2025-11-14,AURORA_fold_rule_latest,0.1072915055810675,0.10949004536737895,0.11283117977568094,0.09542826913118464,0.5749590001446879,False
2025-11-17,AURORA_fold_rule_latest,0.10615129111345477,0.10829297225071098,0.11169574783772121,0.09394773943720322,0.5799122493609098,False
2025-11-18,AURORA_fold_rule_latest,0.10633554321550977,0.1085803658442383,0.11192892302252679,0.094113291135385,0.5790418767823401,False
2025-11-19,AURORA_fold_rule_latest,0.10486076257800805,0.10723668558571132,0.11054415359229644,0.09265059671576074,0.5847078015282234,False
2025-11-20,AURORA_fold_rule_latest,0.1044772752933522,0.10681712959993477,0.11004301803400388,0.09221256117187712,0.586450015900832,False
2025-11-21,AURORA_fold_rule_latest,0.10627333351485925,0.10866884722372117,0.11186753647656397,0.0944871640577195,0.5787031187271361,False
2025-11-24,AURORA_fold_rule_latest,0.10426212720157002,0.10636915182501326,0.10987154407194936,0.09229909542778335,0.587198081473684,False
2025-11-25,AURORA_fold_rule_latest,0.10395109674546929,0.10607872331244345,0.10967900498087087,0.0918954713493853,0.5883957036118311,False
2025-11-26,AURORA_fold_rule_latest,0.10466526289240016,0.10717534154904818,0.11041740107549462,0.09315723522145154,0.5845847592616054,False
2025-11-27,AURORA_fold_rule_latest,0.1056312426635929,0.10824920709982006,0.11136659559626477,0.09438953595423333,0.580363418686089,False
2025-11-28,AURORA_fold_rule_latest,0.1054025666910636,0.10755096559158095,0.11113093876743123,0.09319950753869788,0.5827160214112265,True
2025-12-01,AURORA_fold_rule_latest,0.10584558705542436,0.10809373498079096,0.1116042746203719,0.09351444277992331,0.5809419605634895,False
2025-12-02,AURORA_fold_rule_latest,0.10497261522903474,0.10704809577200906,0.11068339715128506,0.0931822567478535,0.5841136350998176,False
2025-12-03,AURORA_fold_rule_latest,0.10518631192186192,0.10741225346378731,0.11095675987284825,0.09303922402774129,0.5834054507137613,False
2025-12-04,AURORA_fold_rule_latest,0.10581121660325885,0.10784253136940297,0.11165757670756184,0.09346925747125398,0.5812194178485224,False
2025-12-05,AURORA_fold_rule_latest,0.10570021957199469,0.10782685740515334,0.11161820656119197,0.0933115674161638,0.5815431490454962,False
2025-12-08,AURORA_fold_rule_latest,0.1062146536681523,0.10830733102790331,0.11208882174427845,0.09413773804938332,0.5792514555102827,False
2025-12-09,AURORA_fold_rule_latest,0.10719290437838538,0.10928739708813982,0.11314384829649272,0.09450774477428421,0.5758681054626978,False
2025-12-10,AURORA_fold_rule_latest,0.10711535676615036,0.10919237482057201,0.11283714408717234,0.09449877606685096,0.5763563482592543,False
2025-12-11,AURORA_fold_rule_latest,0.10755505699713286,0.1096562132589054,0.11290574116082287,0.09522677671589333,0.5746562118672456,False
2025-12-12,AURORA_fold_rule_latest,0.10690977354369034,0.10884870368124801,0.11235898825656072,0.09436227329203808,0.5775202612264628,False
2025-12-15,AURORA_fold_rule_latest,0.10692243179352255,0.10929093249572192,0.11249732176009646,0.09461099455679306,0.5766783193938659,False
2025-12-16,AURORA_fold_rule_latest,0.10634182143361189,0.10853937276992597,0.11172886204758742,0.09390667897350516,0.5794832647753696,False
2025-12-17,AURORA_fold_rule_latest,0.10585929755310293,0.10797819002043661,0.11098495471336255,0.09322700492941896,0.5819505527836789,False
2025-12-18,AURORA_fold_rule_latest,0.10542327398267612,0.10783780342859567,0.11105098474784723,0.0928574365743582,0.5828305012665227,False
2025-12-19,AURORA_fold_rule_latest,0.10545723256708969,0.1075687734753002,0.11118857560030956,0.09276717772328952,0.5830182406340111,False
2025-12-22,AURORA_fold_rule_latest,0.10606034796584268,0.10820438113635521,0.1115623215401646,0.09344937025623985,0.5807235791013976,False
2025-12-23,AURORA_fold_rule_latest,0.10692140700051814,0.10915055727743557,0.11238338303958183,0.09441706328532752,0.5771275893971369,False
2025-12-24,AURORA_fold_rule_latest,0.10722782080008737,0.10954809687729525,0.11277828133267334,0.09439011544690742,0.5760556855430365,False
2025-12-26,AURORA_fold_rule_latest,0.10734884608881559,0.10963892859428734,0.1129417853630565,0.09471935857508579,0.5753510813787549,False
2025-12-29,AURORA_fold_rule_latest,0.10788879291580077,0.11018275317001165,0.11344156326595581,0.09518036760975146,0.5733065230384803,False
2025-12-30,AURORA_fold_rule_latest,0.10877747977674902,0.11086928637105414,0.11408165381055338,0.09577253230107059,0.5704990477405728,False
2025-12-31,AURORA_fold_rule_latest,0.10757536531363865,0.10944617178116194,0.1133630232698677,0.09338882630668074,0.5762266133286509,True
2026-01-02,AURORA_fold_rule_latest,0.10805334833048325,0.10987377625376743,0.11357902370369322,0.09367722962874567,0.5748166220833105,False
2026-01-05,AURORA_fold_rule_latest,0.10934500779885517,0.11101376357861371,0.11457601555314327,0.09510658721010222,0.5699586258592857,False
2026-01-06,AURORA_fold_rule_latest,0.11183512359409067,0.11345207439222485,0.11693450064604621,0.09622839597319043,0.5615499053944478,False
2026-01-07,AURORA_fold_rule_latest,0.11269210096384998,0.11417599794642977,0.11747496936359145,0.09703786289267342,0.5586190688334555,False
2026-01-08,AURORA_fold_rule_latest,0.11217078523626726,0.11347218669291917,0.1169863905261918,0.09695753981123459,0.5604130977333872,False
2026-01-09,AURORA_fold_rule_latest,0.1124747127560507,0.11376603935583834,0.11746175607380092,0.09636999007830616,0.559927501736004,False
2026-01-12,AURORA_fold_rule_latest,0.11219687243275793,0.11360564632410003,0.11720605865493502,0.09644799139441182,0.5605434311937951,False
2026-01-13,AURORA_fold_rule_latest,0.11265542185773723,0.11397087099545597,0.11752019456481635,0.09701938806532912,0.5588341245166613,False
2026-01-14,AURORA_fold_rule_latest,0.11296189729427462,0.11421223348639693,0.11783086411232073,0.09741457844507977,0.557580426661928,False
2026-01-15,AURORA_fold_rule_latest,0.11289210820230745,0.11448646072730284,0.11777042921405707,0.09800889808054873,0.5568421037757839,False
2026-01-16,AURORA_fold_rule_latest,0.11286592462023777,0.1142669434169828,0.11790977399380058,0.09745640425250643,0.5575009537164725,False
2026-01-19,AURORA_fold_rule_latest,0.1140041516102587,0.11554209840084126,0.11914236380572527,0.09874675490695682,0.552564631276218,False
2026-01-20,AURORA_fold_rule_latest,0.11465434094681892,0.11615311079457881,0.11930465823351513,0.09876452371039024,0.551123366314697,False
2026-01-21,AURORA_fold_rule_latest,0.1145815601364891,0.1160793785882258,0.11941803198542485,0.09914750760259586,0.5507735216872643,False
2026-01-22,AURORA_fold_rule_latest,0.11385695748362444,0.11556341667743956,0.11895215930648625,0.09862412783471709,0.5530033386977327,False
2026-01-23,AURORA_fold_rule_latest,0.11475422502021823,0.11615870474147699,0.11953069413633062,0.09956960193090789,0.5499867741710662,False
2026-01-26,AURORA_fold_rule_latest,0.11504822771418974,0.11663811535803686,0.11993716682536941,0.1004149145913302,0.5479615755110739,False
2026-01-27,AURORA_fold_rule_latest,0.11501517004111077,0.11670924792394335,0.11999674427843235,0.10047471216868464,0.5478041255878289,False
2026-01-28,AURORA_fold_rule_latest,0.11570662764417984,0.11730506089848515,0.12042538781074923,0.10150077764795983,0.5450621459986259,False
2026-01-29,AURORA_fold_rule_latest,0.1167638896858544,0.11840417091531324,0.12112969170030898,0.10218450495380828,0.5415177427447152,False
2026-01-30,AURORA_fold_rule_latest,0.11517766539100434,0.11651721858823731,0.12015792046188704,0.09949088636469905,0.5486563091941723,True
2026-02-02,AURORA_fold_rule_latest,0.11417757154382263,0.11547975790926636,0.11932470429207968,0.098510283762106,0.5525076824927253,False
2026-02-03,AURORA_fold_rule_latest,0.1132350052922425,0.11442002231646282,0.1182842091299825,0.09768424302672941,0.5563765202345828,False
2026-02-04,AURORA_fold_rule_latest,0.1144360800092805,0.11569998288429433,0.11957854299311055,0.09918359900013164,0.551101795113183,False
2026-02-05,AURORA_fold_rule_latest,0.11435681518215329,0.11573340881123009,0.11948476392013559,0.0993272525212031,0.5510977595652778,False
2026-02-06,AURORA_fold_rule_latest,0.11364974807120486,0.11486924744562715,0.11882793567897364,0.09811660079613309,0.5545364680080613,False
2026-02-09,AURORA_fold_rule_latest,0.11353869326587782,0.11488210370997413,0.1190639899881756,0.09775012456154332,0.5547650884744292,False
2026-02-10,AURORA_fold_rule_latest,0.1154201923712087,0.11678776935490726,0.12063995632075045,0.09882743908875775,0.5483246428643758,False
2026-02-11,AURORA_fold_rule_latest,0.11672705880248892,0.1180834890294327,0.12169887910454492,0.1003419010343987,0.5431486720291347,False
2026-02-23,AURORA_fold_rule_latest,0.11823946513732278,0.11955598695076998,0.12301042206374206,0.10112347458890089,0.5380706512592642,False
2026-02-24,AURORA_fold_rule_latest,0.1183907567284217,0.11966697419029892,0.12330253292723542,0.10127277869976122,0.5373669574542829,False
2026-02-25,AURORA_fold_rule_latest,0.11997079047287017,0.1214775383092992,0.12457510490470954,0.10315428927095084,0.5308222770421702,False
2026-02-26,AURORA_fold_rule_latest,0.1202682012495463,0.1214069737549881,0.12491794871053265,0.10317669970837455,0.5302301765765585,True
2026-03-02,AURORA_fold_rule_latest,0.12020005127096604,0.12142488152395108,0.1251219567623586,0.103649921188067,0.5296031892546573,False
2026-03-03,AURORA_fold_rule_latest,0.11950714804444766,0.12085681347251839,0.12457977429667903,0.10326343036697765,0.5317928338193773,False
2026-03-04,AURORA_fold_rule_latest,0.11832692293155876,0.11950650525927409,0.12326890539767363,0.10165873126805135,0.5372389351434421,False
2026-03-05,AURORA_fold_rule_latest,0.11581217438551887,0.11693062475387324,0.12058366249559746,0.09894306983689354,0.5477304685281168,False
2026-03-06,AURORA_fold_rule_latest,0.11724115894253125,0.11846068726691056,0.12202012600528327,0.1006843266503018,0.5415937011349731,False
2026-03-09,AURORA_fold_rule_latest,0.11665678099428291,0.11795260479196837,0.12174019456176556,0.10089946455790913,0.5427509550940741,False
2026-03-10,AURORA_fold_rule_latest,0.11407076887018087,0.11519331589501235,0.11868580271844337,0.09789539509716141,0.5541547174192021,False
2026-03-11,AURORA_fold_rule_latest,0.11533080112338959,0.11636180587325819,0.12044806783586053,0.09950413681002061,0.548355188357471,False
2026-03-12,AURORA_fold_rule_latest,0.11772589811014117,0.11894801001616057,0.12279042067737156,0.10226620183645375,0.538269469359873,False
2026-03-13,AURORA_fold_rule_latest,0.11624035602478837,0.11768355345961883,0.12152135353236522,0.10197616070066495,0.5425785762825627,False
2026-03-16,AURORA_fold_rule_latest,0.11564997216082223,0.11702552982100568,0.12094457501560565,0.10193714288854717,0.5444427801140193,False
2026-03-17,AURORA_fold_rule_latest,0.11533215925422312,0.11674531884140785,0.1208083474500709,0.1016539241839782,0.5454602502703199,False
2026-03-18,AURORA_fold_rule_latest,0.11625871310198038,0.1175592133833448,0.1212811837045139,0.10259063767897215,0.5423102521311888,False
2026-03-19,AURORA_fold_rule_latest,0.1171128053355645,0.11847744911505799,0.12242153904964911,0.10376893832751921,0.5382192681722092,False
2026-03-20,AURORA_fold_rule_latest,0.1154784990332622,0.11700703407907383,0.12068579595738449,0.10355080780302903,0.5432778631272505,False
2026-03-23,AURORA_fold_rule_latest,0.11544758850717435,0.11686452445897963,0.12054157021588544,0.10329829615869279,0.5438480206592679,False
2026-03-24,AURORA_fold_rule_latest,0.11415135047445518,0.1154722278600274,0.11891633597419078,0.10176852803801369,0.5496915576533129,False
2026-03-25,AURORA_fold_rule_latest,0.11214609925160908,0.11332952819215673,0.11757446251065624,0.09870801332977097,0.558241896715807,True
2024-11-27,AURORA_fold_rule_earliest,0.1,0.1,0.1,0.1,0.6,False
2024-11-28,AURORA_fold_rule_earliest,0.09916926977685048,0.09939076639180097,0.09870972305149397,0.0989690864252587,0.6037611543545959,False
2024-11-29,AURORA_fold_rule_earliest,0.09957000932860866,0.1007360709845961,0.10082955526223232,0.09886436442456296,0.6,True
2024-12-02,AURORA_fold_rule_earliest,0.09973825030982962,0.10061731886817676,0.10099078056427734,0.09908412382074064,0.5995695264369757,False
2024-12-03,AURORA_fold_rule_earliest,0.10116598951561961,0.10235917270383413,0.1020485988886143,0.10039126223380707,0.5940349766581248,False
2024-12-04,AURORA_fold_rule_earliest,0.10213438498246159,0.10314864847280017,0.10261490211705081,0.10040583398007999,0.5916962304476074,False
2024-12-05,AURORA_fold_rule_earliest,0.10240176694503259,0.103633039647801,0.1029903797736829,0.10122010909220643,0.5897547045412771,False
2024-12-06,AURORA_fold_rule_earliest,0.10281106949092919,0.10394779059377149,0.10317068590212065,0.10112245619776626,0.5889479978154124,False
2024-12-09,AURORA_fold_rule_earliest,0.1025363710945292,0.10374732914931073,0.10322033936604401,0.10087111210442846,0.5896248482856876,False
2024-12-10,AURORA_fold_rule_earliest,0.1026392612829645,0.10381035553655983,0.10328398047423495,0.10080271202645696,0.5894636906797838,False
2024-12-11,AURORA_fold_rule_earliest,0.10214000616481009,0.10359064050208239,0.10299167081531058,0.10046115535850433,0.5908165271592927,False
2024-12-12,AURORA_fold_rule_earliest,0.1016106473937365,0.10285892956296312,0.10239078416183846,0.10020526206300824,0.5929343768184536,False
2024-12-13,AURORA_fold_rule_earliest,0.1023533487685327,0.10356021759774751,0.10303092028433201,0.10067352146719682,0.590381991882191,False
2024-12-16,AURORA_fold_rule_earliest,0.10238513152246966,0.10378724982239002,0.10300674302224447,0.1007091641022079,0.5901117115306879,False
2024-12-17,AURORA_fold_rule_earliest,0.10276263576371025,0.10401929103117202,0.10333241418754832,0.10001443820465626,0.589871220812913,False
2024-12-18,AURORA_fold_rule_earliest,0.10308335815460805,0.10422524019208791,0.10326661238152378,0.10071463005651089,0.5887101592152693,False
2024-12-19,AURORA_fold_rule_earliest,0.10305325439271786,0.10437728170863673,0.1033052438936598,0.10072598369533972,0.5885382363096459,False
2024-12-20,AURORA_fold_rule_earliest,0.10208463158212056,0.1036410101414914,0.10274241969670198,0.10042813435283555,0.5911038042268505,False
2024-12-23,AURORA_fold_rule_earliest,0.10150097875545043,0.10290793978753658,0.10216225620814402,0.10021192704808457,0.5932168982007844,False
2024-12-24,AURORA_fold_rule_earliest,0.10307890567109096,0.10423267900437325,0.10320654865959066,0.10124482685808933,0.5882370398068558,False
2024-12-25,AURORA_fold_rule_earliest,0.1032870477964624,0.10438055153148032,0.10337926266415032,0.10116718733785704,0.58778595067005,False
2024-12-26,AURORA_fold_rule_earliest,0.10345124729054374,0.10454878852012184,0.10355057111544648,0.10150941510797754,0.5869399779659105,False
2024-12-27,AURORA_fold_rule_earliest,0.10335858781996965,0.10462514621403496,0.1035818158516106,0.10157651566295348,0.5868579344514314,False
2024-12-30,AURORA_fold_rule_earliest,0.1035827857849833,0.1047820791848036,0.10371844285627953,0.10170778653879523,0.5862089056351385,False
2024-12-31,AURORA_fold_rule_earliest,0.0995472814968417,0.10201224260213435,0.10129346023013168,0.09820155683913416,0.5989454588317581,True
2025-01-02,AURORA_fold_rule_earliest,0.09873839441673717,0.10148693703222632,0.10105088471042974,0.09842366363376966,0.6003001202068372,False
2025-01-03,AURORA_fold_rule_earliest,0.09836319014702438,0.10082501257932544,0.10035250600937709,0.09720126210938755,0.6032580291548856,False
2025-01-06,AURORA_fold_rule_earliest,0.09904335757804537,0.10113590166135128,0.10094118506352605,0.09749339351549141,0.6013861621815859,False
2025-01-07,AURORA_fold_rule_earliest,0.10100395006903515,0.10308385468972506,0.10261095763404188,0.09866859229510284,0.5946326453120951,False
2025-01-08,AURORA_fold_rule_earliest,0.1016619438057593,0.10370958892086722,0.10305057392226458,0.0996597062863338,0.5919181870647752,False
2025-01-09,AURORA_fold_rule_earliest,0.10066033482500746,0.1029650412606967,0.10233427064734518,0.09907607729740144,0.5949642759695492,False
2025-01-10,AURORA_fold_rule_earliest,0.10000915850381342,0.10232923833381967,0.10163894318177528,0.09807699998619755,0.597945659994394,False
2025-01-13,AURORA_fold_rule_earliest,0.10002705702361192,0.10206304861284259,0.10154838051770318,0.09815856827124993,0.5982029455745923,False
2025-01-14,AURORA_fold_rule_earliest,0.09864951239989599,0.10093645332392318,0.10037304333758382,0.09611618751576173,0.6039248034228353,False
2025-01-15,AURORA_fold_rule_earliest,0.09901408071799685,0.10108960853238712,0.10066689209131674,0.09679154643071033,0.6024378722275888,False
2025-01-16,AURORA_fold_rule_earliest,0.09854180460074564,0.10093731115350994,0.10028277881253263,0.09604032873347569,0.6041977766997362,False
2025-01-17,AURORA_fold_rule_earliest,0.0997828993275304,0.10199135153999543,0.10149477328415406,0.09712575730399402,0.599605218544326,False
2025-01-20,AURORA_fold_rule_earliest,0.1000998362720685,0.1022636239725723,0.10174995584938631,0.09728783228425165,0.5985987516217213,False
2025-01-21,AURORA_fold_rule_earliest,0.10071179460081038,0.10295529612018767,0.10212023063035075,0.09802864763478128,0.5961840310138701,False
2025-01-22,AURORA_fold_rule_earliest,0.09924441079601855,0.10227901871421488,0.10179976731139244,0.09667680317837422,0.6,True
2025-02-03,AURORA_fold_rule_earliest,0.10003297500283367,0.10324252975135305,0.10263113566577628,0.0971371362603268,0.5969562233197102,False
2025-02-04,AURORA_fold_rule_earliest,0.097448746755644,0.10040530691315183,0.10028208933348838,0.09437595814113649,0.6074878988565793,False
2025-02-05,AURORA_fold_rule_earliest,0.09788673168325496,0.1006126717244347,0.10058424890968724,0.0943182326365166,0.6065981150461066,False
2025-02-06,AURORA_fold_rule_earliest,0.09878757324338577,0.1016901006543946,0.10123815871969813,0.09528005404731041,0.6030041133352111,False
2025-02-07,AURORA_fold_rule_earliest,0.09904270678401415,0.10190996723369194,0.10153101115389516,0.0955547445615017,0.6019615702668971,False
2025-02-10,AURORA_fold_rule_earliest,0.09923563678090698,0.10221569895276963,0.10184545295599952,0.0963029984132987,0.600400212897025,False
2025-02-11,AURORA_fold_rule_earliest,0.09852271594190368,0.10167579334254813,0.10133549249397783,0.09554672468727075,0.6029192735342996,False
2025-02-12,AURORA_fold_rule_earliest,0.09890961716832174,0.10189425026108087,0.10144931862722888,0.09613759964920954,0.601609214294159,False
2025-02-13,AURORA_fold_rule_earliest,0.09883911586613155,0.10193256347899514,0.10139752136848566,0.09573575756744236,0.6020950417189453,False
2025-02-14,AURORA_fold_rule_earliest,0.09847165345700194,0.10150921375595338,0.10141326343937328,0.09615254967207901,0.6024533196755925,False
2025-02-17,AURORA_fold_rule_earliest,0.09773632364691434,0.10077820787288343,0.10062084648923986,0.09566683813653834,0.6051977838544241,False
2025-02-18,AURORA_fold_rule_earliest,0.09865843455158599,0.10161167954511952,0.10145200149571294,0.09652066030766754,0.601757224099914,False
2025-02-19,AURORA_fold_rule_earliest,0.09885102044068321,0.10193213386744353,0.10173477551348684,0.09668553079540733,0.6007965393829791,False
2025-02-20,AURORA_fold_rule_earliest,0.09877900863220092,0.10146752340189798,0.10166291192449559,0.09666673626841059,0.601423819772995,False
2025-02-21,AURORA_fold_rule_earliest,0.09851097895902468,0.1015783319464334,0.10141737015699175,0.09641270873660693,0.6020806102009432,False
2025-02-24,AURORA_fold_rule_earliest,0.09894760146162482,0.1018770887398938,0.10179095279077235,0.0969122582195357,0.6004720987881732,False
2025-02-25,AURORA_fold_rule_earliest,0.09833597981462538,0.1013149387331737,0.1013732531728508,0.09689259675602001,0.6020832315233301,False
2025-02-26,AURORA_fold_rule_earliest,0.09751409242073703,0.10046572268934294,0.10104369845362188,0.09606340924872957,0.6049130771875686,False
2025-02-27,AURORA_fold_rule_earliest,0.09865480904300554,0.10157072923076683,0.10250438975745328,0.09727007196877441,0.6,True
2025-03-03,AURORA_fold_rule_earliest,0.09794773403941623,0.10127917917048411,0.10188409828884391,0.09638127645346538,0.6025077120477903,False
2025-03-04,AURORA_fold_rule_earliest,0.09652876734266054,0.09973579876997324,0.10071421898578574,0.09519087908482099,0.6078303358167595,False
2025-03-05,AURORA_fold_rule_earliest,0.0960820857090891,0.09925995685458336,0.100411971667656,0.09517981800814108,0.6090661677605305,False
2025-03-06,AURORA_fold_rule_earliest,0.09688717223236439,0.10005674685323734,0.10104357958096352,0.09579378231880196,0.6062187190146326,False
2025-03-07,AURORA_fold_rule_earliest,0.09649654421614684,0.0995406410237009,0.10079173958534327,0.09570518262380744,0.6074658925510016,False
2025-03-10,AURORA_fold_rule_earliest,0.09598668089710179,0.09903840943752512,0.10013907366212509,0.09490513555782712,0.6099307004454209,False
2025-03-11,AURORA_fold_rule_earliest,0.09561156091613145,0.09873778684999293,0.10001628375148845,0.09447967803399372,0.6111546904483933,False
2025-03-12,AURORA_fold_rule_earliest,0.094642463537503,0.09751552143360587,0.09878997274049028,0.09328907256293556,0.6157629697254653,False
2025-03-13,AURORA_fold_rule_earliest,0.09486609675969182,0.09772899793287393,0.09896208508350102,0.09392600136796,0.6145168188559731,False
2025-03-14,AURORA_fold_rule_earliest,0.09424817629744722,0.09736299426205379,0.09865746042794857,0.09348632138828178,0.6162450476242686,False
2025-03-17,AURORA_fold_rule_earliest,0.0940508018787463,0.0970695959315009,0.09840457966515707,0.09347629225710861,0.6169987302674871,False
2025-03-18,AURORA_fold_rule_earliest,0.0945577146701937,0.09772124258316255,0.09883731845422665,0.09384108474543373,0.6150426395469833,False
2025-03-19,AURORA_fold_rule_earliest,0.09475893318137268,0.09789216378272339,0.09912900374049317,0.09439725700509442,0.6138226422903164,False
2025-03-20,AURORA_fold_rule_earliest,0.09401982634475171,0.09714815485519457,0.09841491351311403,0.0937924684002404,0.6166246368866993,False
2025-03-21,AURORA_fold_rule_earliest,0.09534384478651405,0.09847918608192739,0.09958981162445354,0.09450040153842049,0.6120867559686844,False
2025-03-24,AURORA_fold_rule_earliest,0.09481543306619103,0.09805257562675683,0.0991532404787207,0.09429364904164812,0.6136851017866833,False
2025-03-25,AURORA_fold_rule_earliest,0.09479504017582162,0.09777376876872104,0.09907770559903357,0.09412892560319004,0.6142245598532338,False
2025-03-26,AURORA_fold_rule_earliest,0.09538468847886178,0.09873271527688367,0.09959398997660009,0.09460287886536638,0.6116857274022881,False
2025-03-27,AURORA_fold_rule_earliest,0.09533183985254728,0.09853099438579395,0.0996660289268973,0.09462732767705047,0.6118438091577111,False
2025-03-28,AURORA_fold_rule_earliest,0.09423454893592022,0.09731111999082565,0.09855773535707073,0.09340018937990914,0.6164964063362742,False
2025-03-31,AURORA_fold_rule_earliest,0.09873780455623953,0.10196615895644473,0.10373742648429574,0.09555861000302002,0.6,True
2025-04-01,AURORA_fold_rule_earliest,0.09659345742174745,0.09988425627601517,0.10177126005000416,0.0928657602557978,0.6088852659964354,False
2025-04-02,AURORA_fold_rule_earliest,0.09774033569551839,0.10123040713981732,0.10290463673485906,0.09441604599606562,0.6037085744337396,False
2025-04-07,AURORA_fold_rule_earliest,0.09761910199882072,0.10122836533416596,0.10305216382555907,0.09411286832442876,0.6039875005170254,False
2025-04-08,AURORA_fold_rule_earliest,0.09147692297287663,0.0948794239309116,0.09657594059408944,0.08819581853845372,0.6288718939636686,False
2025-04-09,AURORA_fold_rule_earliest,0.08982779502347563,0.09274089638325227,0.09466727058660405,0.08447694853270377,0.6382870894739643,False
2025-04-10,AURORA_fold_rule_earliest,0.08722989177081303,0.09020123868315198,0.09189919096915533,0.0809533389759837,0.649716339600896,False
2025-04-11,AURORA_fold_rule_earliest,0.09270329412793063,0.09583241331970783,0.09765693368647396,0.08601656855618087,0.6277907903097066,False
2025-04-14,AURORA_fold_rule_earliest,0.09386164731747332,0.09717777256262325,0.09860308078341729,0.0892081182610938,0.6211493810753924,False
2025-04-15,AURORA_fold_rule_earliest,0.0934784497239841,0.09642932775449094,0.09824723850274562,0.09001932791550099,0.6218256561032783,False
2025-04-16,AURORA_fold_rule_earliest,0.09404126527096379,0.09709287279720429,0.0989032690590223,0.09063554019440946,0.6193270526784003,False
2025-04-17,AURORA_fold_rule_earliest,0.09297592045764827,0.09585175178782857,0.09793808331778778,0.08960852622451866,0.6236257182122167,False
2025-04-18,AURORA_fold_rule_earliest,0.09222262594823456,0.0954839634845671,0.09753480920755514,0.08925047919747117,0.625508122162172,False
2025-04-21,AURORA_fold_rule_earliest,0.092316090520551,0.09547381565789008,0.09783497841383287,0.08959501953508772,0.6247800958726384,False
2025-04-22,AURORA_fold_rule_earliest,0.09149290643200972,0.09462403193651134,0.09678294887026975,0.08891154629079803,0.6281885664704112,False
2025-04-23,AURORA_fold_rule_earliest,0.09052546516541235,0.09363090273332343,0.09594808997271252,0.08778764578352925,0.6321078963450224,False
2025-04-24,AURORA_fold_rule_earliest,0.09303066323302521,0.09616668859306683,0.09831270336604074,0.09041290619734671,0.6220770386105204,False
2025-04-25,AURORA_fold_rule_earliest,0.09274211346562375,0.09587645985266527,0.09796332918411221,0.0896316249497332,0.6237864725478656,False
2025-04-28,AURORA_fold_rule_earliest,0.09405768122282367,0.0973748280179708,0.0992188266817004,0.091408327546481,0.617940336531024,False
2025-04-29,AURORA_fold_rule_earliest,0.09460156085147173,0.09771523481830371,0.09972185340934726,0.09165342851110639,0.6163079224097707,False
2025-04-30,AURORA_fold_rule_earliest,0.09895481836564489,0.10240357571771677,0.10500731961876489,0.09363428629787351,0.6,True
2025-05-02,AURORA_fold_rule_earliest,0.09940731894218527,0.10259120132078434,0.10504043351753367,0.0930773401663924,0.5998837060531044,False
2025-05-05,AURORA_fold_rule_earliest,0.10113996039065243,0.1046107993334074,0.10681343275816599,0.09433353570063818,0.5931022718171359,False
2025-05-06,AURORA_fold_rule_earliest,0.10067434502551763,0.10372874347166451,0.10613854387109577,0.09376479369854147,0.5956935739331806,False
2025-05-07,AURORA_fold_rule_earliest,0.10025817638565428,0.1033064929168488,0.1059679816867221,0.09394059137411664,0.5965267576366582,False
2025-05-08,AURORA_fold_rule_earliest,0.0999610832833845,0.10329015535677485,0.1059240777516419,0.09379617405532363,0.5970285095528751,False
2025-05-09,AURORA_fold_rule_earliest,0.10074721896327588,0.10423446322407151,0.10650352252460336,0.09463501092025105,0.5938797843677982,False
2025-05-12,AURORA_fold_rule_earliest,0.10154640255816731,0.10473993854324413,0.10721331878413042,0.09527419555644957,0.5912261445580086,False
2025-05-13,AURORA_fold_rule_earliest,0.10223604878717242,0.10540728371129639,0.10785211512859233,0.09583201944036356,0.5886725329325754,False
2025-05-14,AURORA_fold_rule_earliest,0.10287530315847071,0.10635988634988558,0.10855201372886006,0.09698032273495226,0.5852324740278314,False
2025-05-15,AURORA_fold_rule_earliest,0.10424722153286135,0.10769811438367671,0.10983821043872596,0.0983111669012066,0.5799052867435294,False
2025-05-16,AURORA_fold_rule_earliest,0.10412649180746282,0.10770878560037811,0.10977035858390001,0.09789115154697693,0.5805032124612821,False
2025-05-19,AURORA_fold_rule_earliest,0.1043480971883203,0.1077434133267092,0.10988440952833795,0.09787487903968649,0.580149200916946,False
2025-05-20,AURORA_fold_rule_earliest,0.10353123613979043,0.10694697533965354,0.10913403962840412,0.09664592478899527,0.5837418241031566,False
2025-05-21,AURORA_fold_rule_earliest,0.10366226886284889,0.1070767836453319,0.10911261447636109,0.09679921203333812,0.58334912098212,False
2025-05-22,AURORA_fold_rule_earliest,0.10463867595610477,0.10784077436500578,0.10983030611773552,0.09782668872050403,0.5798635548406499,False
2025-05-23,AURORA_fold_rule_earliest,0.10397521605315857,0.10712836205810061,0.10908969219203311,0.09727413953305734,0.5825325901636503,False
2025-05-26,AURORA_fold_rule_earliest,0.10366507135462728,0.10699964185957853,0.10900741772713662,0.0971242823757486,0.5832035866829091,False
2025-05-27,AURORA_fold_rule_earliest,0.10363992766636902,0.10683978441489515,0.10899757844040449,0.09681502826602274,0.5837076812123085,False
2025-05-28,AURORA_fold_rule_earliest,0.10311857201028796,0.10613768741474955,0.10829547978624758,0.09648707556872464,0.5859611852199904,False
2025-05-29,AURORA_fold_rule_earliest,0.09945433069279126,0.10295241543448239,0.10561026969879407,0.09198298417393232,0.6,True
2025-06-02,AURORA_fold_rule_earliest,0.09957946492140096,0.10290135664068323,0.10558382234576964,0.09251721165975565,0.5994181444323905,False
2025-06-03,AURORA_fold_rule_earliest,0.09826979478760972,0.10160565362837765,0.10435592357088082,0.09128691630557415,0.6044817117075577,False
2025-06-04,AURORA_fold_rule_earliest,0.09870451774251252,0.10197297289338521,0.10461287418547985,0.09183799514100995,0.6028716400376125,False
2025-06-05,AURORA_fold_rule_earliest,0.10009597640120532,0.10362054779845974,0.10620845877403437,0.09269905636560072,0.5973759606606999,False
2025-06-06,AURORA_fold_rule_earliest,0.10019494312549834,0.10391178108388174,0.10625992448152803,0.09281884939897647,0.5968145019101154,False
2025-06-09,AURORA_fold_rule_earliest,0.10030138472860518,0.10399631236046152,0.10647463058509862,0.09276424841951426,0.5964634239063205,False
2025-06-10,AURORA_fold_rule_earliest,0.10091170212980562,0.10459999816546388,0.1069307545739928,0.09318144066741636,0.5943761044633213,False
2025-06-11,AURORA_fold_rule_earliest,0.10257984119561955,0.10598155291986941,0.10840664306456232,0.09468405790094159,0.5883479049190072,False
2025-06-12,AURORA_fold_rule_earliest,0.10231026492717155,0.10670609508498527,0.1090142947263099,0.09516759825141592,0.5868017470101174,False
2025-06-13,AURORA_fold_rule_earliest,0.10245478127067936,0.10656982677608912,0.10857241972698814,0.09477235000108998,0.5876306222251535,False
2025-06-16,AURORA_fold_rule_earliest,0.1027848373297269,0.10547356229931498,0.10787605290766032,0.09434188476758902,0.5895236626957088,False
2025-06-17,AURORA_fold_rule_earliest,0.10271471469090944,0.10573726968312638,0.10802646920979254,0.09440007295330627,0.5891214734628655,False
2025-06-18,AURORA_fold_rule_earliest,0.10260605788575494,0.10605654571447994,0.10833489541181852,0.09450422992940097,0.5884982710585458,False
2025-06-19,AURORA_fold_rule_earliest,0.10317570759063308,0.10649587600235624,0.10896989332119886,0.09466232871531464,0.5866961943704972,False
2025-06-20,AURORA_fold_rule_earliest,0.10256431732017937,0.10591433059584235,0.10813585945976853,0.09434607178284052,0.5890394208413692,False
2025-06-23,AURORA_fold_rule_earliest,0.10249540475227907,0.10595273117429889,0.1080995165867734,0.0939325107460204,0.5895198367406282,False
2025-06-24,AURORA_fold_rule_earliest,0.1019065456350061,0.1052627003100714,0.10782779841961888,0.09396888714148624,0.5910340684938173,False
2025-06-25,AURORA_fold_rule_earliest,0.10298838667221046,0.10643385507909925,0.1087817945136141,0.09517841081797616,0.5866175529171,False
2025-06-26,AURORA_fold_rule_earliest,0.10393152979486898,0.10729522397269803,0.10941387391365288,0.09584777931388415,0.583511593004896,False
2025-06-27,AURORA_fold_rule_earliest,0.10402699251199035,0.10721270981685499,0.10950138147147163,0.09593782339563084,0.5833210928040522,False
2025-06-30,AURORA_fold_rule_earliest,0.1004168613807045,0.10368568480344302,0.10624076174802319,0.09107029473280544,0.598586397335024,True
2025-07-01,AURORA_fold_rule_earliest,0.1005407316557614,0.10348024820148546,0.10643280892571438,0.09108897492624796,0.5984572362907908,False
2025-07-02,AURORA_fold_rule_earliest,0.10085505362905828,0.10411913935705318,0.10677032027592402,0.09138305900878088,0.5968724277291837,False
2025-07-03,AURORA_fold_rule_earliest,0.10081005608174369,0.10423374381465218,0.10684357870546272,0.0916291809832029,0.5964834404149384,False
2025-07-04,AURORA_fold_rule_earliest,0.1017115850708535,0.10473602746931768,0.10742452942792034,0.09248569415818125,0.5936421638737271,False
2025-07-07,AURORA_fold_rule_earliest,0.10107300407412434,0.10428415880136169,0.10689951352503238,0.0922744036436575,0.5954689199558241,False
2025-07-08,AURORA_fold_rule_earliest,0.10070456821916039,0.10406796987040497,0.1067408429590782,0.09164584542151386,0.5968407735298425,False
2025-07-09,AURORA_fold_rule_earliest,0.10041491660155506,0.10360073554544601,0.10658406214495827,0.09156827348440441,0.5978320122236362,False
2025-07-10,AURORA_fold_rule_earliest,0.100992565783043,0.10417698820889991,0.10688380682910659,0.09282981260058028,0.5951168265783703,False
2025-07-11,AURORA_fold_rule_earliest,0.10169739606859289,0.10489314212877855,0.10745035129064354,0.09348093444958086,0.5924781760624043,False
2025-07-14,AURORA_fold_rule_earliest,0.10197563153664821,0.10518740458452881,0.10776056198523207,0.09349157034286519,0.5915848315507258,False
2025-07-15,AURORA_fold_rule_earliest,0.10170690427427381,0.1047099756621806,0.10739780888876997,0.09269080853601587,0.5934945026387598,False
2025-07-16,AURORA_fold_rule_earliest,0.10250277965219395,0.10560455091833854,0.10813032502919122,0.09363868867589151,0.5901236557243847,False
2025-07-17,AURORA_fold_rule_earliest,0.10290638391269079,0.10625691930284145,0.10892648738597764,0.09416491942283467,0.5877452899756554,False
2025-07-18,AURORA_fold_rule_earliest,0.10340371172869973,0.10645563765004773,0.10887653813166101,0.09417294493773826,0.5870911675518533,False
2025-07-21,AURORA_fold_rule_earliest,0.1043404675053336,0.10738500423142357,0.10951335375422074,0.09498713175159304,0.5837740427574291,False
2025-07-22,AURORA_fold_rule_earliest,0.10408148200815703,0.10706749898422024,0.10924722123022146,0.09510505005690623,0.584498747720495,False
2025-07-23,AURORA_fold_rule_earliest,0.10370201655852328,0.10669212178735281,0.10884326833433937,0.09436259490445643,0.5863999984153282,False
2025-07-24,AURORA_fold_rule_earliest,0.10379796901242724,0.10710678730668352,0.10911893806382304,0.09477027495006486,0.5852060306670013,False
2025-07-25,AURORA_fold_rule_earliest,0.10414869266632415,0.1072867487504006,0.10948135473055184,0.09535380744541716,0.5837293964073063,False
2025-07-28,AURORA_fold_rule_earliest,0.10403378918737832,0.10715362166118952,0.10922080520250586,0.0953608686370651,0.5842309153118611,False
2025-07-29,AURORA_fold_rule_earliest,0.10415640116706416,0.10732454526176499,0.10945301592493488,0.09586521231743128,0.5832008253288048,False
2025-07-30,AURORA_fold_rule_earliest,0.10342722401951474,0.1064847347152575,0.10877002091210049,0.09531264706199957,0.5860053732911277,False
2025-07-31,AURORA_fold_rule_earliest,0.10109940035364139,0.1039661914103931,0.10651338903330641,0.091794040732727,0.5966269784699321,True
2025-08-01,AURORA_fold_rule_earliest,0.10165771532340964,0.10472754624982261,0.10710292442725429,0.09299073982392024,0.5935210741755932,False
2025-08-04,AURORA_fold_rule_earliest,0.10111610917126998,0.10399773219109083,0.10648322713754035,0.0928450833786727,0.5955578481214261,False
2025-08-05,AURORA_fold_rule_earliest,0.1007440161934811,0.10361562570226023,0.10625771767430409,0.0925122589009297,0.5968703815290248,False
2025-08-06,AURORA_fold_rule_earliest,0.10145093109451085,0.10441375769925991,0.1070470509055913,0.09362321904599227,0.5934650412546456,False
2025-08-07,AURORA_fold_rule_earliest,0.10090660000559451,0.10376792398428651,0.10660868797246704,0.09322759959120973,0.5954891884464422,False
2025-08-08,AURORA_fold_rule_earliest,0.10257927616887559,0.10593054753323994,0.10823893008386423,0.09462637926922864,0.5886248669447915,False
2025-08-11,AURORA_fold_rule_earliest,0.10255882359670958,0.10586637109789171,0.10803585598541574,0.09503144421492686,0.5885075051050562,False
2025-08-12,AURORA_fold_rule_earliest,0.10300083996199225,0.10620450819338269,0.10844909843275873,0.09577501101741245,0.5865705423944539,False
2025-08-13,AURORA_fold_rule_earliest,0.10307291146862295,0.1063070705557458,0.10851282600132202,0.09568102786356418,0.586426164110745,False
2025-08-14,AURORA_fold_rule_earliest,0.10360098479173707,0.10684831678672994,0.10895991936269644,0.09613190380375712,0.5844588752550793,False
2025-08-15,AURORA_fold_rule_earliest,0.10337989526487434,0.10642193793664316,0.10882057766601377,0.09597143691099812,0.5854061522214705,False
2025-08-18,AURORA_fold_rule_earliest,0.10327128873210252,0.10631013556287848,0.10877387780305521,0.09685354855211709,0.5847911493498467,False
2025-08-19,AURORA_fold_rule_earliest,0.10337501716908093,0.10650176347353671,0.10889175655638778,0.09750032645509253,0.5837311363459022,False
2025-08-20,AURORA_fold_rule_earliest,0.103362686645262,0.10643255476133248,0.10881291315388811,0.09663325162610097,0.5847585938134164,False
2025-08-21,AURORA_fold_rule_earliest,0.10169980013771682,0.10455354907893676,0.10720156145775522,0.094501019152807,0.5920440701727843,False
2025-08-22,AURORA_fold_rule_earliest,0.10195381881046559,0.10498703635938493,0.10757725688600608,0.09538323676642442,0.590098651177719,False
2025-08-25,AURORA_fold_rule_earliest,0.10167104342224614,0.10455276854854553,0.10736402715812583,0.09510736897346732,0.5913047918976152,False
2025-08-26,AURORA_fold_rule_earliest,0.1026891618034214,0.10588418732772246,0.10851910238307196,0.09644746548627946,0.5864600829995047,False
2025-08-27,AURORA_fold_rule_earliest,0.10275282280379709,0.10580651690233862,0.1085060618785628,0.09666714361114057,0.586267454804161,False
2025-08-28,AURORA_fold_rule_earliest,0.10291522020621591,0.10624343496940553,0.1089083977725615,0.09750870454968398,0.5844242425021332,False
2025-08-29,AURORA_fold_rule_earliest,0.0992603584148336,0.10204346947854974,0.10559955736603277,0.09309661474058394,0.6,True
2025-09-01,AURORA_fold_rule_earliest,0.09930647587355157,0.10196627525100091,0.1052741398636703,0.0931743423855766,0.6002787666262007,False
2025-09-02,AURORA_fold_rule_earliest,0.09886790009220536,0.10153185558485528,0.1047541662924138,0.0914719435429028,0.6033741344876228,False
2025-09-03,AURORA_fold_rule_earliest,0.09888696985744577,0.10150968638215867,0.10479652056711085,0.09131630914175823,0.6034905140515265,False
2025-09-04,AURORA_fold_rule_earliest,0.09879434752037469,0.1013869425123772,0.10482128291316024,0.0914918676523945,0.6035055594016934,False
2025-09-05,AURORA_fold_rule_earliest,0.09921576102688973,0.10180449953503849,0.10520461334328819,0.09175124029469718,0.6020238858000864,False
2025-09-08,AURORA_fold_rule_earliest,0.09979955622969822,0.10229150278234574,0.10579992812619565,0.09284479453276802,0.5992642183289922,False
2025-09-09,AURORA_fold_rule_earliest,0.10038271727967041,0.10316440361592409,0.10627538146994384,0.0930607171257429,0.5971167805087187,False
2025-09-10,AURORA_fold_rule_earliest,0.10096768851137596,0.1035293833482332,0.10685105513362454,0.09418404615785934,0.594467826848907,False
2025-09-11,AURORA_fold_rule_earliest,0.10209842423268534,0.104850677780463,0.1079954060666794,0.09541668559002132,0.5896388063301509,False
2025-09-12,AURORA_fold_rule_earliest,0.10268301136587295,0.10539471632890123,0.10858326437200047,0.09567139792537162,0.5876676100078537,False
2025-09-15,AURORA_fold_rule_earliest,0.10333308691005405,0.1059521729516053,0.10916450898149194,0.0959704120468932,0.5855798191099556,False
2025-09-16,AURORA_fold_rule_earliest,0.10335880719216205,0.1059380150878879,0.10908421174483142,0.09589339221295402,0.5857255737621646,False
2025-09-17,AURORA_fold_rule_earliest,0.10419262119032732,0.10683259645884116,0.10990073588542715,0.09642664759110915,0.5826473988742952,False
2025-09-18,AURORA_fold_rule_earliest,0.10376169619408815,0.10633731678473174,0.10947256221037004,0.09607192404567033,0.5843565007651397,False
2025-09-19,AURORA_fold_rule_earliest,0.10437898552964048,0.10684904364301169,0.11013755095547083,0.09699469503998594,0.5816397248318912,False
2025-09-22,AURORA_fold_rule_earliest,0.10451761445430889,0.10685684161287336,0.11018709361113983,0.09653708923257222,0.5819013610891057,False
2025-09-23,AURORA_fold_rule_earliest,0.10499700765017994,0.1074022104532248,0.11066670113141677,0.09643739250619408,0.5804966882589844,False
2025-09-24,AURORA_fold_rule_earliest,0.10616531999580102,0.10872033875785872,0.1116859287847315,0.09701658589048083,0.5764118265711279,False
2025-09-25,AURORA_fold_rule_earliest,0.1061031241548804,0.10878956478358454,0.11192764404625025,0.09661234074701743,0.5765673262682673,False
2025-09-26,AURORA_fold_rule_earliest,0.10586951352500296,0.10844376389249494,0.11174723660936374,0.09666460340577443,0.5772748825673639,False
2025-09-30,AURORA_fold_rule_earliest,0.1022253902897889,0.10426633133355818,0.10793357848687107,0.0914164514625916,0.5941582484271902,True
2025-10-01,AURORA_fold_rule_earliest,0.10274379620262684,0.10488723683584754,0.10869325379990316,0.09218681131617022,0.5914889018454523,False
2025-10-02,AURORA_fold_rule_earliest,0.10313267309875762,0.10516795496631436,0.10885199130293101,0.09218543501181438,0.5906619456201826,False
2025-10-03,AURORA_fold_rule_earliest,0.10423976660717026,0.10651842008660338,0.10992817646382137,0.0934041277587617,0.5859095090836433,False
2025-10-07,AURORA_fold_rule_earliest,0.10507462655556463,0.10753675016620678,0.11056733256540253,0.09457910069829453,0.5822421900145316,False
2025-10-08,AURORA_fold_rule_earliest,0.10685435002461177,0.10920066456559384,0.1122624740831039,0.09541271125619383,0.5762698000704968,False
2025-10-09,AURORA_fold_rule_earliest,0.10632621564591771,0.1083824212113638,0.11169782748045519,0.0950144567552319,0.5785790789070314,False
2025-10-13,AURORA_fold_rule_earliest,0.10674321167341656,0.10911248310752703,0.11222667355944496,0.09531262285677713,0.5766050088028342,False
2025-10-14,AURORA_fold_rule_earliest,0.10623001980577518,0.10828384470938604,0.11156636968262372,0.09444266810398623,0.5794770976982289,False
2025-10-15,AURORA_fold_rule_earliest,0.10594795005714776,0.10833906298330417,0.11151454222749015,0.09340367347698059,0.5807947712550774,False
2025-10-16,AURORA_fold_rule_earliest,0.10705435954715693,0.10968299452247286,0.11259382991840546,0.0942545574221225,0.5764142585898422,False
2025-10-17,AURORA_fold_rule_earliest,0.1082145275484379,0.1107898991904615,0.11375078953228016,0.0956820989610981,0.5715626847677223,False
2025-10-20,AURORA_fold_rule_earliest,0.10723012756692196,0.10976085299560999,0.11282845539726076,0.09514611078049345,0.5750344532597137,False
2025-10-21,AURORA_fold_rule_earliest,0.10828441374622674,0.11076086505229682,0.11384410855787934,0.09608521133757442,0.5710254013060228,False
2025-10-22,AURORA_fold_rule_earliest,0.10837762266344975,0.11079340015060997,0.11386187114171642,0.09635449283520195,0.570612613209022,False
2025-10-23,AURORA_fold_rule_earliest,0.10780028282949992,0.11051757195948382,0.11365689418088022,0.09592624756759449,0.5720990034625415,False
2025-10-27,AURORA_fold_rule_earliest,0.10752890558504886,0.10999002537818223,0.11320218774129943,0.09541668656177117,0.5738621947336983,False
2025-10-28,AURORA_fold_rule_earliest,0.10888242932745706,0.1115699782172484,0.11461091294273479,0.09705748586122012,0.5678791936513397,False
2025-10-29,AURORA_fold_rule_earliest,0.10834935021855818,0.11113859133658477,0.11416138538465086,0.09723764693346176,0.5691130261267444,False
2025-10-30,AURORA_fold_rule_earliest,0.1093846081917178,0.11222985799217625,0.11495869730903961,0.09824374085125431,0.565183095655812,False
2025-10-31,AURORA_fold_rule_earliest,0.10894591012251022,0.11150333912905092,0.1143895515297716,0.09720749714750061,0.5679537020711668,True
2025-11-03,AURORA_fold_rule_earliest,0.10929378424642257,0.1119182968053852,0.11462732418615883,0.09747317340126915,0.5666874213607641,False
2025-11-04,AURORA_fold_rule_earliest,0.10868541250129168,0.11115221947569157,0.11406611179358457,0.09729247967826099,0.5688037765511712,False
2025-11-05,AURORA_fold_rule_earliest,0.10852722338440636,0.11100399381349278,0.11395902223772705,0.0967575215631652,0.5697522390012086,False
2025-11-06,AURORA_fold_rule_earliest,0.10777511681996856,0.10999121002314616,0.11320776211602654,0.09605439324064217,0.5729715178002166,False
2025-11-07,AURORA_fold_rule_earliest,0.1078592828976977,0.1104488862486148,0.11342568749044618,0.09620596951693218,0.572060173846309,False
2025-11-10,AURORA_fold_rule_earliest,0.1071677598671474,0.10944762810982443,0.11284925935640397,0.09532758296116371,0.5752077697054604,False
2025-11-11,AURORA_fold_rule_earliest,0.10796654103415781,0.11017369314306456,0.11354838104069961,0.09613430356532314,0.5721770812167548,False
2025-11-12,AURORA_fold_rule_earliest,0.10755109460736757,0.10986275400750026,0.11312193690811875,0.09541109792726313,0.5740531165497503,False
2025-11-13,AURORA_fold_rule_earliest,0.10777620933066885,0.11027774157830483,0.11371680359875345,0.0957052322088476,0.5725240132834252,False
2025-11-14,AURORA_fold_rule_earliest,0.107508256549796,0.10978166454208434,0.11317668791286604,0.0957089222388677,0.5738244687563859,False
2025-11-17,AURORA_fold_rule_earliest,0.10636819538229146,0.10858391104833975,0.11204036686814882,0.09422621465645163,0.5787813120447682,False
2025-11-18,AURORA_fold_rule_earliest,0.10655239178518011,0.10887163515266278,0.11227380607942462,0.09439187420868518,0.5779102927740474,False
2025-11-19,AURORA_fold_rule_earliest,0.10507736519120506,0.10752717636761043,0.11088768404693702,0.09292729231964723,0.5835804820746002,False
2025-11-20,AURORA_fold_rule_earliest,0.10469393935498883,0.1071073571220083,0.11038589113954955,0.09248870268464028,0.585324109698813,False
2025-11-21,AURORA_fold_rule_earliest,0.10648987524805908,0.10896016973743823,0.11221204074118797,0.09476669366522769,0.5775712206080872,False
2025-11-24,AURORA_fold_rule_earliest,0.1044786976731565,0.10665852210730027,0.11021425483511238,0.09257580849143808,0.5860727168929928,False
2025-11-25,AURORA_fold_rule_earliest,0.10416759845306493,0.10636789299722531,0.11002172492089074,0.09217148516364153,0.5872712984651776,False
2025-11-26,AURORA_fold_rule_earliest,0.10488137920165612,0.10746558164982796,0.11076045053128876,0.09343537039684771,0.5834572182203794,False
2025-11-27,AURORA_fold_rule_earliest,0.10584727122593719,0.10854022000904544,0.1117103963704707,0.09466948791855335,0.5792326244759933,False
2025-11-28,AURORA_fold_rule_earliest,0.10574675821553907,0.10800934412876495,0.11157764283821564,0.09369466587421062,0.5809715889432698,True
2025-12-01,AURORA_fold_rule_earliest,0.10618988231315087,0.10855305394891224,0.11205146424426023,0.0940100854167422,0.5791955140769345,False
2025-12-02,AURORA_fold_rule_earliest,0.10531641607709057,0.1075053654845424,0.11112937153372192,0.09367822477997191,0.5823706221246732,False
2025-12-03,AURORA_fold_rule_earliest,0.10553031573352524,0.10787057077819469,0.11140331113055195,0.09353399032382531,0.5816618120339028,False
2025-12-04,AURORA_fold_rule_earliest,0.10615561653784207,0.10830100375898104,0.11210520851873275,0.09396485223550953,0.5794733189489346,False
2025-12-05,AURORA_fold_rule_earliest,0.10604451214144414,0.1082855224395564,0.11206594887029227,0.09380655068390878,0.5797974658647985,False
2025-12-08,AURORA_fold_rule_earliest,0.10655882433796605,0.1087662050825446,0.11253655348553539,0.09463550743798595,0.577502909655968,False
2025-12-09,AURORA_fold_rule_earliest,0.10753769561909678,0.10974782178582311,0.11359310144008486,0.09500521844573868,0.5741161627092565,False
2025-12-10,AURORA_fold_rule_earliest,0.10746026395176285,0.10965277202759462,0.1132855646071788,0.09499652553053374,0.57460487388293,False
2025-12-11,AURORA_fold_rule_earliest,0.10790001558105901,0.11011717373248105,0.11335300091596713,0.09572715025661868,0.572902659513874,False
2025-12-12,AURORA_fold_rule_earliest,0.10725490545895777,0.10930855551548692,0.11280644115629503,0.09486008798916391,0.5757700098800964,False
2025-12-15,AURORA_fold_rule_earliest,0.10726692623852065,0.10975195855965848,0.11294461131351376,0.09510951994680693,0.5749269839415001,False
2025-12-16,AURORA_fold_rule_earliest,0.10668661372000401,0.10899944402746166,0.11217537628425829,0.09440341202229056,0.5777351539459855,False
2025-12-17,AURORA_fold_rule_earliest,0.10620443218746618,0.10843782949998089,0.11143049665888535,0.09372182546183677,0.5802054161918307,False
2025-12-18,AURORA_fold_rule_earliest,0.1057676591346616,0.10829753348079549,0.11149750026820293,0.09335088874096366,0.5810864183753763,False
2025-12-19,AURORA_fold_rule_earliest,0.10580188991446415,0.10802752126468895,0.11163581450338561,0.09326029239414968,0.5812744819233115,False
2025-12-22,AURORA_fold_rule_earliest,0.10640520216935499,0.10866402767522919,0.11200919607751503,0.09394454471896767,0.578977029358933,False
2025-12-23,AURORA_fold_rule_earliest,0.10726626657566553,0.10961136767804976,0.11283060711645536,0.09491489281851327,0.5753768658113162,False
2025-12-24,AURORA_fold_rule_earliest,0.10757287826135913,0.11000977729255544,0.11322624494131935,0.09488710569634644,0.5743039938084198,False
2025-12-26,AURORA_fold_rule_earliest,0.10769372246207538,0.11010040851571536,0.11338979769922848,0.09521757793257177,0.5735984933904091,False
2025-12-29,AURORA_fold_rule_earliest,0.10823381735737748,0.11064490015048703,0.11388988858344304,0.09567960928304982,0.5715517846256427,False
2025-12-30,AURORA_fold_rule_earliest,0.10912316917884181,0.11133209182799553,0.11453022389035515,0.09627295934293595,0.5687415557598715,False
2025-12-31,AURORA_fold_rule_earliest,0.10791565798118603,0.1099021049190974,0.11380815610744263,0.09387792219846329,0.5744961587938107,True
2026-01-02,AURORA_fold_rule_earliest,0.10839408139209405,0.11033039996498258,0.11402387742675796,0.09416690499169528,0.5730847362244701,False
2026-01-05,AURORA_fold_rule_earliest,0.10968599423264608,0.111471243067512,0.11502076868597708,0.09560040499850116,0.5682215890153638,False
2026-01-06,AURORA_fold_rule_earliest,0.11217732192087619,0.11391294718691906,0.11738155135264841,0.09672238796021548,0.559805791579341,False
2026-01-07,AURORA_fold_rule_earliest,0.11303456049581985,0.11463741701914572,0.11792162323596518,0.09753397306274253,0.5568724261863267,False
2026-01-08,AURORA_fold_rule_earliest,0.1125130451568657,0.11393216353232968,0.11743263191777048,0.09745443862401965,0.5586677207690145,False
2026-01-09,AURORA_fold_rule_earliest,0.1128176255443029,0.11422692945505575,0.11790952385759551,0.09686364207914565,0.5581822790639004,False
2026-01-12,AURORA_fold_rule_earliest,0.11253938737711999,0.11406634196819487,0.1176533213616316,0.09694242992971641,0.5587985193633371,False
2026-01-13,AURORA_fold_rule_earliest,0.11299794341852361,0.1144316367833519,0.11796720151121311,0.09751555350377594,0.5570876647831354,False
2026-01-14,AURORA_fold_rule_earliest,0.11330432772115363,0.1146729397547063,0.11827798488352895,0.09791188093675476,0.5558328667038565,False
2026-01-15,AURORA_fold_rule_earliest,0.11323364616002046,0.1149475819477743,0.11821660978296948,0.09850864221495903,0.5550935198942767,False
2026-01-16,AURORA_fold_rule_earliest,0.11320798580096599,0.11472779100484935,0.1183571123176491,0.0979538525015787,0.5557532583749568,False
2026-01-19,AURORA_fold_rule_earliest,0.11434562258673397,0.11600399038648755,0.11959015335524419,0.09924728312213833,0.550812950549396,False
2026-01-20,AURORA_fold_rule_earliest,0.11499664864465414,0.11661631896512868,0.11975190106736008,0.09926418319440082,0.5493709481284561,False
2026-01-21,AURORA_fold_rule_earliest,0.11492330995115017,0.11654194733278161,0.1198653445907055,0.09964880931658794,0.5490205888087747,False
2026-01-22,AURORA_fold_rule_earliest,0.11419833963311823,0.11602575157510864,0.11939960207459795,0.09912434006237995,0.5512519666547951,False
2026-01-23,AURORA_fold_rule_earliest,0.11509581176803206,0.11662090255551849,0.11997772193239674,0.10007244825517453,0.5482331154888782,False
2026-01-26,AURORA_fold_rule_earliest,0.11538895539616405,0.11710046081561708,0.12038390548261282,0.10092051314570423,0.546206165159902,False
2026-01-27,AURORA_fold_rule_earliest,0.11535566007105605,0.11717173339784571,0.12044355893619282,0.1009804894761847,0.5460485581187207,False
2026-01-28,AURORA_fold_rule_earliest,0.11604684877003142,0.1177675571801038,0.12087138637610363,0.10200968428541148,0.5433045233883498,False
2026-01-29,AURORA_fold_rule_earliest,0.11710430271950965,0.11886803986303886,0.12157527046898314,0.10269428176130702,0.5397581051871615,False
2026-01-30,AURORA_fold_rule_earliest,0.11551231941197189,0.11697369143016896,0.1206002091234223,0.09998843261027271,0.5469253474241642,True
2026-02-02,AURORA_fold_rule_earliest,0.11451242210022548,0.11593530725369736,0.11976717068772239,0.0990056083355902,0.5507794916227646,False
2026-02-03,AURORA_fold_rule_earliest,0.11357016452988364,0.1148744994261186,0.11872602974718083,0.09817807062786937,0.5546512356689475,False
2026-02-04,AURORA_fold_rule_earliest,0.11477050069107222,0.11615519864123432,0.12002070829216821,0.09968127728819284,0.5493723150873324,False
2026-02-05,AURORA_fold_rule_earliest,0.11469097135630163,0.11618872278237558,0.11992654808289326,0.09982562301747207,0.5493681347609575,False
2026-02-06,AURORA_fold_rule_earliest,0.11398466055891787,0.11532401722815773,0.11927024455390751,0.09861133863204237,0.5528097390269745,False
2026-02-09,AURORA_fold_rule_earliest,0.11387350139488053,0.11533715016259756,0.11950741145455802,0.0982432068080931,0.5530387301798707,False
2026-02-10,AURORA_fold_rule_earliest,0.11575540435167267,0.11724515351608815,0.1210838658381829,0.09932154160091355,0.5465940346931428,False
2026-02-11,AURORA_fold_rule_earliest,0.1170617731006439,0.11854160025502676,0.12214220555411112,0.10083987707285973,0.5414145440173587,False
2026-02-23,AURORA_fold_rule_earliest,0.11857437578982738,0.12001562002081938,0.12345421535964071,0.10162178091366982,0.5363340079160427,False
2026-02-24,AURORA_fold_rule_earliest,0.11872551225473177,0.12012644340760846,0.12374677175107061,0.10177132044144471,0.5356299521451444,False
2026-02-25,AURORA_fold_rule_earliest,0.1203044288756134,0.12193829871494609,0.12501812503421836,0.10365728128606086,0.5290818660891613,False
2026-02-26,AURORA_fold_rule_earliest,0.12059425770714419,0.12185995250664833,0.1253554157211922,0.10367437846877622,0.5285159955962391,True
2026-03-02,AURORA_fold_rule_earliest,0.1205253316597106,0.12187732914888791,0.12555952220914487,0.10414937159265432,0.5278884453896024,False
2026-03-03,AURORA_fold_rule_earliest,0.11983233162122515,0.12130894459596568,0.1250172989089963,0.10376255823703416,0.5300788666367786,False
2026-03-04,AURORA_fold_rule_earliest,0.11865342477515095,0.11995816432975913,0.1237065488464963,0.10215400258584702,0.5355278594627466,False
2026-03-05,AURORA_fold_rule_earliest,0.11614019839866865,0.11738110019275956,0.12102058920290742,0.0994323546683183,0.5460257575373461,False
2026-03-06,AURORA_fold_rule_earliest,0.11756819173800627,0.11891196104009188,0.12245700947540032,0.10117788599506916,0.5398849517514323,False
2026-03-09,AURORA_fold_rule_earliest,0.11698302184152287,0.11840279132344883,0.12217695108805836,0.10139480495529479,0.5410424307916752,False
2026-03-10,AURORA_fold_rule_earliest,0.11439885718918513,0.11564214927892244,0.1191210555393309,0.09838379618996886,0.5524541418025927,False
2026-03-11,AURORA_fold_rule_earliest,0.11565783365017053,0.11681046558848834,0.12088489198021675,0.09999651776191977,0.5466502910192047,False
2026-03-12,AURORA_fold_rule_earliest,0.11805142512333529,0.11939824971589182,0.12322707891427716,0.10276502776286364,0.5365582184836323,False
2026-03-13,AURORA_fold_rule_earliest,0.11656509987926793,0.1181323762164448,0.12195697714126065,0.10247649461966413,0.5408690521433624,False
2026-03-16,AURORA_fold_rule_earliest,0.11597449215743799,0.11747328693670664,0.12137962296943926,0.10243854450629436,0.5427340534301217,False
2026-03-17,AURORA_fold_rule_earliest,0.11565660171328179,0.11719282890614256,0.12124375897967449,0.10215465192849305,0.5437521584724081,False
2026-03-18,AURORA_fold_rule_earliest,0.1165832078756231,0.11800725789626497,0.12171563277603674,0.10309372084514438,0.5406001806069309,False
2026-03-19,AURORA_fold_rule_earliest,0.11743631983892427,0.11892558640314992,0.12285655362455264,0.10427481250466787,0.5365067276287052,False
2026-03-20,AURORA_fold_rule_earliest,0.11580136705928264,0.1174535329152697,0.1211186884923335,0.10405909452031453,0.5415673170127996,False
2026-03-23,AURORA_fold_rule_earliest,0.11577085428908893,0.11731097009866076,0.12097445136363118,0.10380577754260806,0.542137946706011,False
2026-03-24,AURORA_fold_rule_earliest,0.11447564291155257,0.11591806958350066,0.11934823513870617,0.10227265392340636,0.5479853984428342,False
2026-03-25,AURORA_fold_rule_earliest,0.11246124907736288,0.11376550549536397,0.11800019879147156,0.09919600134190218,0.5565770452938995,True
2024-11-27,AURORA_fold_rule_average,0.1,0.1,0.1,0.1,0.6,False
2024-11-28,AURORA_fold_rule_average,0.09916926977685048,0.09939076639180097,0.09870972305149397,0.0989690864252587,0.6037611543545959,False
2024-11-29,AURORA_fold_rule_average,0.0995253073240204,0.100748177260278,0.10088805176458376,0.09883846365111786,0.6,True
2024-12-02,AURORA_fold_rule_average,0.09969347814099179,0.10062941629046146,0.10104937604248973,0.09905817080750623,0.5995695587185508,False
2024-12-03,AURORA_fold_rule_average,0.1011205926595061,0.10237149597345765,0.10210782449805007,0.10036498294191548,0.5940351039270707,False
2024-12-04,AURORA_fold_rule_average,0.10208855511969765,0.10316106835317855,0.10267445794649849,0.1003795523954432,0.5916963661851822,False
2024-12-05,AURORA_fold_rule_average,0.10235582296934742,0.10364552379351112,0.10305015943038803,0.10119362016857279,0.5897548736381807,False
2024-12-06,AURORA_fold_rule_average,0.10276494349369322,0.10396031429247023,0.10323057184062996,0.10109599442098094,0.5889481759522257,False
2024-12-09,AURORA_fold_rule_average,0.10249034846843341,0.10375980857835682,0.10328023410121319,0.10084469654678015,0.5896249123052165,False
2024-12-10,AURORA_fold_rule_average,0.1025931908110667,0.10382284086252877,0.10334391046130913,0.10077631274614245,0.5894637451189529,False
2024-12-11,AURORA_fold_rule_average,0.10209414777793606,0.10360308721558717,0.10305141906891399,0.10043483371413434,0.5908165122234285,False
2024-12-12,AURORA_fold_rule_average,0.10156504006705504,0.10287130192245471,0.10245019733248396,0.10017902067296972,0.5929344400050366,False
2024-12-13,AURORA_fold_rule_average,0.10230740813148101,0.10357267435873004,0.10309070494672559,0.10064715749699478,0.5903820550660686,False
2024-12-16,AURORA_fold_rule_average,0.10233917767902517,0.10379973496619332,0.10306651472217125,0.10068279184000696,0.5901117807926033,False
2024-12-17,AURORA_fold_rule_average,0.10271648892573093,0.1040317802287275,0.10339235115149199,0.09998822493486638,0.5898711547591834,False
2024-12-18,AURORA_fold_rule_average,0.10303710241257681,0.10423778964674672,0.10332654639674714,0.10068826758975645,0.5887102939541728,False
2024-12-19,AURORA_fold_rule_average,0.10300700688237663,0.10438984412280986,0.10336519503502205,0.10069961309839792,0.5885383408613936,False
2024-12-20,AURORA_fold_rule_average,0.10203880877513624,0.10365347379470023,0.10280203415120327,0.10040183190633718,0.591103851372623,False
2024-12-23,AURORA_fold_rule_average,0.10145542868828829,0.10292032619364412,0.1022215448694846,0.10018569184749096,0.593217008401092,False
2024-12-24,AURORA_fold_rule_average,0.10303266953070662,0.1042452471656142,0.10326646545861658,0.10121834290388414,0.5882372749411784,False
2024-12-25,AURORA_fold_rule_average,0.10324071366171104,0.10439313283916028,0.10343927509175951,0.10114071915505093,0.5877861592523183,False
2024-12-26,AURORA_fold_rule_average,0.10340484402281451,0.1045613946827697,0.10361068752411434,0.10148286183085235,0.586940211939449,False
2024-12-27,AURORA_fold_rule_average,0.10331222081248265,0.10463775621326905,0.10364194508017292,0.10154993962146591,0.5868581382726095,False
2024-12-30,AURORA_fold_rule_average,0.10353632202411561,0.10479471196749891,0.1037786552283193,0.10168117990624449,0.5862091308738218,False
2024-12-31,AURORA_fold_rule_average,0.099406202871224,0.10195420151816326,0.10130081893602529,0.09809368704620165,0.599245089628386,True
2025-01-02,AURORA_fold_rule_average,0.09859827862399852,0.10142900603455939,0.10105803769176287,0.09831536686989312,0.6005993107797861,False
2025-01-03,AURORA_fold_rule_average,0.09822324532125105,0.10076708859052082,0.10035924022392456,0.09709395305406215,0.6035564728102415,False
2025-01-06,AURORA_fold_rule_average,0.09890267800516135,0.10107803714186404,0.10094819655106377,0.09738599132957122,0.6016850969723396,False
2025-01-07,AURORA_fold_rule_average,0.10086133646554205,0.10302574467614398,0.10261895069433499,0.09856072682591747,0.5949332413380616,False
2025-01-08,AURORA_fold_rule_average,0.1015187770903293,0.10365151001828864,0.103058982880335,0.09955112598427725,0.5922196040267697,False
2025-01-09,AURORA_fold_rule_average,0.10051818098443031,0.1029069722120301,0.10234221628526474,0.09896774134525037,0.5952648891730244,False
2025-01-10,AURORA_fold_rule_average,0.0998675424673533,0.10227113687344593,0.10164644623533785,0.09796938194849872,0.5982454924753642,False
2025-01-13,AURORA_fold_rule_average,0.09988539979859555,0.10200508211225541,0.10155586077720073,0.0980508451775059,0.5985028121344423,False
2025-01-14,AURORA_fold_rule_average,0.09850905601324011,0.10087835860622996,0.10037967275163634,0.09600997481355689,0.6042229378153368,False
2025-01-15,AURORA_fold_rule_average,0.09887330974707113,0.10103163461402032,0.10067374912218975,0.0966847873855702,0.6027365191311485,False
2025-01-16,AURORA_fold_rule_average,0.09840146560365312,0.10087917907258802,0.10028936561088352,0.0959341647964447,0.6044958249164306,False
2025-01-17,AURORA_fold_rule_average,0.09964136677951448,0.10193319957775512,0.10150202436971886,0.09701895238031352,0.5999044568926981,False
2025-01-20,AURORA_fold_rule_average,0.0999579808326466,0.10220544627113379,0.10175735409936457,0.09718097226867888,0.598898246528176,False
2025-01-21,AURORA_fold_rule_average,0.10056939935008166,0.10289705992408048,0.10212798829633092,0.09792129271252367,0.5964842597169832,False
2025-01-22,AURORA_fold_rule_average,0.09915700523035588,0.1023030306515538,0.10190424693293501,0.0966357171851554,0.6,True
2025-02-03,AURORA_fold_rule_average,0.09994485601845104,0.10326674834006735,0.10273644909054892,0.0970958362506163,0.5969561103003163,False
2025-02-04,AURORA_fold_rule_average,0.09736286795509218,0.10042882254427836,0.10038495493232144,0.09433579697378122,0.6074875575945268,False
2025-02-05,AURORA_fold_rule_average,0.09780046713465966,0.1006362361642721,0.10068742469499165,0.09427809626102483,0.6065977757450518,False
2025-02-06,AURORA_fold_rule_average,0.09870054225637603,0.10171394572159788,0.10134203344258763,0.09523953485934232,0.6030039437200962,False
2025-02-07,AURORA_fold_rule_average,0.09895544996360513,0.10193386276190249,0.10163518526425933,0.09551410753149792,0.6019613944787352,False
2025-02-10,AURORA_fold_rule_average,0.09914821925070065,0.10223967571868998,0.10194995921748605,0.09626205216204817,0.600400093651075,False
2025-02-11,AURORA_fold_rule_average,0.09843589698352316,0.10169961304003626,0.1014394451270135,0.09550607141973132,0.6029189734296957,False
2025-02-12,AURORA_fold_rule_average,0.0988224991456998,0.1019181643245239,0.10155343105938969,0.09609673569688736,0.6016091697734992,False
2025-02-13,AURORA_fold_rule_average,0.09875204130531193,0.10195646729505016,0.10150156149020992,0.09569504636311081,0.6020948835463171,False
2025-02-14,AURORA_fold_rule_average,0.09838489639616124,0.10153301187035065,0.10151731329089655,0.09611165514821515,0.6024531232943764,False
2025-02-17,AURORA_fold_rule_average,0.097650227216827,0.10080184779937208,0.10072409650325263,0.09562616270398105,0.6051976657765672,False
2025-02-18,AURORA_fold_rule_average,0.09857153827530782,0.10163552781513854,0.1015561172052486,0.09647963403064254,0.6017571826736624,False
2025-02-19,AURORA_fold_rule_average,0.09876394211714226,0.10195604452498733,0.10183916861307818,0.09664442228480702,0.6007964224599852,False
2025-02-20,AURORA_fold_rule_average,0.09869200474071463,0.10149133638219994,0.10176724262187502,0.09662564651509874,0.6014237697401118,False
2025-02-21,AURORA_fold_rule_average,0.09842419953000169,0.10160215894056507,0.10152143688739586,0.09637171558774495,0.6020804890542925,False
2025-02-24,AURORA_fold_rule_average,0.09886045157184883,0.10190100041328949,0.10189541746281047,0.09687106655006238,0.6004720640019887,False
2025-02-25,AURORA_fold_rule_average,0.09824936996313655,0.1013387198474182,0.10147729055918357,0.09685141476584329,0.6020832048644185,False
2025-02-26,AURORA_fold_rule_average,0.09742815397196977,0.10048925034457264,0.10114734314285187,0.09602252796467128,0.6049127245759345,False
2025-02-27,AURORA_fold_rule_average,0.09859200821611395,0.10159831107689528,0.10257756902980217,0.09723211167718863,0.6,True
2025-03-03,AURORA_fold_rule_average,0.09788535640203722,0.10130665399039274,0.10195680669304959,0.096343636529947,0.6025075463845735,False
2025-03-04,AURORA_fold_rule_average,0.0964672824166741,0.09976284357839443,0.100786081076799,0.09515369324600875,0.6078300996821236,False
2025-03-05,AURORA_fold_rule_average,0.09602089071044313,0.09928687822473303,0.10048362375830013,0.09514264184998958,0.609065965456534,False
2025-03-06,AURORA_fold_rule_average,0.09682547268364088,0.10008389281800682,0.10111569095117968,0.09575637447467027,0.6062185690725023,False
2025-03-07,AURORA_fold_rule_average,0.09643509696603687,0.09956765062044169,0.10086367492789723,0.09566781288948518,0.6074657645961391,False
2025-03-10,AURORA_fold_rule_average,0.09592555501326214,0.09906527934390161,0.10021053974210668,0.09486807494663005,0.6099305509540995,False
2025-03-11,AURORA_fold_rule_average,0.09555065140959361,0.09876455193288014,0.10008763862638151,0.09444276132038147,0.6111543967107633,False
2025-03-12,AURORA_fold_rule_average,0.0945821832991244,0.09754196746966744,0.09886046516661207,0.09325263279874332,0.6157627512658528,False
2025-03-13,AURORA_fold_rule_average,0.09480569400035312,0.09775552239992048,0.099032721126703,0.09388933253651739,0.614516729936506,False
2025-03-14,AURORA_fold_rule_average,0.09418814361236795,0.09738939523292858,0.09872785454784083,0.09344980102606004,0.6162448055808025,False
2025-03-17,AURORA_fold_rule_average,0.0939909071940824,0.09709593003013313,0.09847480621530767,0.0934397880207928,0.616998568539684,False
2025-03-18,AURORA_fold_rule_average,0.09449749519668871,0.09774775142996711,0.09890785176712846,0.09380443609540817,0.6150424655108075,False
2025-03-19,AURORA_fold_rule_average,0.09469859413006909,0.09791872785575956,0.09919975418522144,0.09436039968627835,0.6138225241426715,False
2025-03-20,AURORA_fold_rule_average,0.0939599584296996,0.09717451755047546,0.09848515482060215,0.09375584771930028,0.6166245214799224,False
2025-03-21,AURORA_fold_rule_average,0.09528312606284008,0.09850590198352294,0.09966088340372835,0.0944634967871651,0.6120865917627435,False
2025-03-24,AURORA_fold_rule_average,0.09475505184739236,0.09807917682165639,0.09922400173933854,0.0942568260185939,0.6136849435730187,False
2025-03-25,AURORA_fold_rule_average,0.0947346769050888,0.0978002994464823,0.09914841814619556,0.09409217183463571,0.6142244336675976,False
2025-03-26,AURORA_fold_rule_average,0.095323943187884,0.09875949938060151,0.09966506415596682,0.09456593354216877,0.6116855597333789,False
2025-03-27,AURORA_fold_rule_average,0.09527112624087827,0.09855772172159265,0.09973715244631494,0.09459037084287916,0.611843628748335,False
2025-03-28,AURORA_fold_rule_average,0.09417452897985235,0.09733751108032294,0.09862806256142748,0.09336370667910697,0.6164961906992903,False
2025-03-31,AURORA_fold_rule_average,0.09868558976528563,0.10199327996361612,0.10379889807044798,0.09552223220065029,0.6,True
2025-04-01,AURORA_fold_rule_average,0.09654233410510704,0.09991077954959114,0.10183152171303099,0.09283036671217583,0.608884997920095,False
2025-04-02,AURORA_fold_rule_average,0.09768862169423725,0.10125730478170204,0.10296558669912016,0.09438007736115409,0.6037084094637865,False
2025-04-07,AURORA_fold_rule_average,0.09756742614948706,0.10125523545879096,0.10311317369976947,0.09407699012532705,0.6039871745666255,False
2025-04-08,AURORA_fold_rule_average,0.09142850090465897,0.0949046112219958,0.09663311883405337,0.0881621983287581,0.6288715707105338,False
2025-04-09,AURORA_fold_rule_average,0.08978019310877296,0.09276546142200211,0.09472326309303429,0.08444469630195604,0.6382863860742347,False
2025-04-10,AURORA_fold_rule_average,0.08718363172304995,0.09022509498249977,0.09195350951967511,0.08092239969115614,0.6497153640836191,False
2025-04-11,AURORA_fold_rule_average,0.09265412328288555,0.0958577505392109,0.09771464687894266,0.08598368663327804,0.6277897926656827,False
2025-04-14,AURORA_fold_rule_average,0.09381194734825173,0.09720355384507719,0.0986614428163794,0.08917409735385436,0.6211489586364373,False
2025-04-15,AURORA_fold_rule_average,0.09342900087797573,0.09645496025526111,0.09830544065265688,0.08998504408252579,0.6218255541315805,False
2025-04-16,AURORA_fold_rule_average,0.09399151559943009,0.09711867847224549,0.09896185657690532,0.09060101868548552,0.6193269306659336,False
2025-04-17,AURORA_fold_rule_average,0.09292672951479056,0.09587722257959727,0.09799609396205293,0.08957439120315541,0.6236255627404038,False
2025-04-18,AURORA_fold_rule_average,0.09217381531383856,0.09550931764508426,0.09759256167399709,0.08921646291545123,0.6255078424516288,False
2025-04-21,AURORA_fold_rule_average,0.09226723091790928,0.09549916764103968,0.09789290914712438,0.08956087242251154,0.624779819871415,False
2025-04-22,AURORA_fold_rule_average,0.09144449658628728,0.09464917283758717,0.09684027157400851,0.08887767334853067,0.6281883856535864,False
2025-04-23,AURORA_fold_rule_average,0.09047755086326242,0.0936557628537618,0.09600490086753362,0.08775418516974867,0.6321076002456935,False
2025-04-24,AURORA_fold_rule_average,0.09298144606188437,0.09619224590234846,0.09837093879817844,0.09037846741754686,0.6220769018200419,False
2025-04-25,AURORA_fold_rule_average,0.09269303358191228,0.09590192413095106,0.0980213414137661,0.08959746890988031,0.6237862319634903,False
2025-04-28,AURORA_fold_rule_average,0.09400792671053847,0.09740071261435881,0.09927760518611815,0.09137351543212485,0.6179402400568597,False
2025-04-29,AURORA_fold_rule_average,0.09455151791064388,0.09774120915075211,0.09978092914520233,0.09161852234683732,0.6163078214465643,False
2025-04-30,AURORA_fold_rule_average,0.09890468757768918,0.1024256813176053,0.10505066221535705,0.0936189688893485,0.6000000000000001,True
2025-05-02,AURORA_fold_rule_average,0.09935696725801209,0.1026133560381774,0.10508379860480396,0.09306212168068713,0.5998837564183194,False
2025-05-05,AURORA_fold_rule_average,0.10108872254625748,0.10463338134166873,0.10685752078150623,0.09431810385004841,0.5931022714805191,False
2025-05-06,AURORA_fold_rule_average,0.10062335715590262,0.10375114960378835,0.1061823682001434,0.09374946801718471,0.5956936570229809,False
2025-05-07,AURORA_fold_rule_average,0.1002073972336769,0.10332880571930667,0.10601173341542475,0.09392523503134352,0.5965268286002482,False
2025-05-08,AURORA_fold_rule_average,0.0999104393694706,0.10331244887697788,0.10596779519496237,0.09378082702011918,0.59702848953847,False
2025-05-09,AURORA_fold_rule_average,0.1006961860754711,0.10425697019819045,0.10654748897090845,0.09461953538271908,0.5938798193727108,False
2025-05-12,AURORA_fold_rule_average,0.10149497574343949,0.10476256590822679,0.1072575897594851,0.0952586257191243,0.5912262428697243,False
2025-05-13,AURORA_fold_rule_average,0.10218427607257113,0.10543005871439377,0.10789665342859939,0.09581636159539869,0.588672650189037,False
2025-05-14,AURORA_fold_rule_average,0.10282320848873011,0.10638286900545636,0.1085968429217751,0.09696447893553677,0.5852326006485016,False
2025-05-15,AURORA_fold_rule_average,0.10419444182798608,0.10772139622247717,0.10988358101257582,0.09829511481755397,0.5799054661194071,False
2025-05-16,AURORA_fold_rule_average,0.10407376238606773,0.10773205852375768,0.1098156896910272,0.0978751578472201,0.5805033315519273,False
2025-05-19,AURORA_fold_rule_average,0.1042952612882791,0.10776669966512906,0.10992979378631768,0.0978588933860483,0.5801493518742259,False
2025-05-20,AURORA_fold_rule_average,0.10347880006598623,0.10697007529522587,0.10917909942517365,0.09663012698427587,0.5837418982293383,False
2025-05-21,AURORA_fold_rule_average,0.10360977391298934,0.10709991937990479,0.10915767331686627,0.09678339616763898,0.5833492372226007,False
2025-05-22,AURORA_fold_rule_average,0.10458570763247271,0.10786409691576984,0.10987568348285638,0.09781072469369365,0.5798637872752074,False
2025-05-23,AURORA_fold_rule_average,0.10392258700173121,0.10715153407046178,0.10913476716520923,0.09725826888257531,0.5825328428800224,False
2025-05-26,AURORA_fold_rule_average,0.1036125868668764,0.10702277319872334,0.10905244563097774,0.09710842453280087,0.5832037697706216,False
2025-05-27,AURORA_fold_rule_average,0.10358745334389612,0.10686287855003285,0.10904259958015453,0.0967992185195169,0.5837078500063997,False
2025-05-28,AURORA_fold_rule_average,0.10306637439507202,0.1061606429070393,0.10834022431563652,0.09647133129903912,0.585961427083213,False
2025-05-29,AURORA_fold_rule_average,0.09940038883254365,0.10297332980089326,0.10564163151975801,0.0919846498468051,0.6,True
2025-06-02,AURORA_fold_rule_average,0.09952546279702791,0.10292226850024955,0.10561518438432008,0.09251889407717538,0.5994181902412271,False
2025-06-03,AURORA_fold_rule_average,0.09821649698645574,0.10162629605352087,0.10438691459635664,0.09128857085401719,0.6044817215096496,False
2025-06-04,AURORA_fold_rule_average,0.0986509915513433,0.10199369758140675,0.1046439493546354,0.09183966655473864,0.6028716949578758,False
2025-06-05,AURORA_fold_rule_average,0.1000416886954414,0.10364160014043365,0.10624000053558366,0.0927007370154151,0.5973759736131263,False
2025-06-06,AURORA_fold_rule_average,0.10014059944747106,0.10393289021103241,0.10629147908924717,0.09282053009155129,0.596814501160698,False
2025-06-09,AURORA_fold_rule_average,0.10024698109229938,0.10401743634940826,0.10650624658569416,0.09276592606303424,0.596463409909564,False
2025-06-10,AURORA_fold_rule_average,0.10085697405057718,0.10462125161692641,0.10696251300701133,0.09318313194837675,0.5943761293771084,False
2025-06-11,AURORA_fold_rule_average,0.10252422468619751,0.106003103900497,0.10843885703679038,0.09468579147387512,0.58834802290264,False
2025-06-12,AURORA_fold_rule_average,0.10225474522751757,0.10672774189156997,0.10904663664120655,0.09516929474847369,0.5868015814912322,False
2025-06-13,AURORA_fold_rule_average,0.10239920817828325,0.10659147199403529,0.10860465709559382,0.09477406261890706,0.5876306001131806,False
2025-06-16,AURORA_fold_rule_average,0.10272914852206222,0.10549504987381925,0.10790815001492791,0.09434364775086782,0.5895240038383228,False
2025-06-17,AURORA_fold_rule_average,0.10265904977800511,0.10575879645800304,0.10805859623229427,0.09440182406020933,0.5891217334714881,False
2025-06-18,AURORA_fold_rule_average,0.10255042957701613,0.1060781144424892,0.10836709061536733,0.09450596243522343,0.5884984029299039,False
2025-06-19,AURORA_fold_rule_average,0.10311977336081662,0.10651753709003407,0.10900228031814799,0.09466406679723237,0.5866963424337688,False
2025-06-20,AURORA_fold_rule_average,0.10250871863447165,0.10593587762856138,0.10816800289265992,0.09434780782568143,0.5890395930186256,False
2025-06-23,AURORA_fold_rule_average,0.10243984066785741,0.10597428316884759,0.10813164630838504,0.09393423665252278,0.5895199932023871,False
2025-06-24,AURORA_fold_rule_average,0.10185129067739984,0.10528410150268434,0.10785983668295518,0.09397060439662198,0.5910341667403386,False
2025-06-25,AURORA_fold_rule_average,0.10293254962058031,0.1064554990287941,0.10881412098238154,0.09518015433163896,0.5866176760366051,False
2025-06-26,AURORA_fold_rule_average,0.10387519560412402,0.10731705776074718,0.10944640318127834,0.09584954819521585,0.5835117952586346,False
2025-06-27,AURORA_fold_rule_average,0.10397061083217722,0.10723453120220648,0.10953394123793578,0.09593959786484244,0.5833213188628382,False
2025-06-30,AURORA_fold_rule_average,0.10036076933487098,0.10370744417167499,0.10627316008989585,0.09107206381498965,0.5985865625885685,True
2025-07-01,AURORA_fold_rule_average,0.10048457578420182,0.10350196998538487,0.10646527151942956,0.09109074923675556,0.5984574334742282,False
2025-07-02,AURORA_fold_rule_average,0.10079871547336466,0.10414098830597646,0.10680287868878499,0.0913848329524102,0.5968725845794637,False
2025-07-03,AURORA_fold_rule_average,0.10075373538447971,0.10425560886854664,0.10687615131369942,0.09163095272231665,0.5964835517109577,False
2025-07-04,AURORA_fold_rule_average,0.10165478156188039,0.10475801937935421,0.10745730119246111,0.0924875014337442,0.5936423964325601,False
2025-07-07,AURORA_fold_rule_average,0.1010165472804304,0.10430604559042816,0.10693211462631233,0.09227619773135891,0.5954690947714701,False
2025-07-08,AURORA_fold_rule_average,0.10064830713754633,0.10408980085484609,0.10677338497005695,0.09164761810345112,0.5968408889340996,False
2025-07-09,AURORA_fold_rule_average,0.10035881586567078,0.1036224669920014,0.10661655479102077,0.09157004331981783,0.5978321190314893,False
2025-07-10,AURORA_fold_rule_average,0.10093615105923108,0.10419884955201737,0.10691640010993135,0.09283161485589912,0.595116984422921,False
2025-07-11,AURORA_fold_rule_average,0.10164059359424836,0.10491515991735412,0.10748312364698098,0.09348275483664716,0.5924783680047692,False
2025-07-14,AURORA_fold_rule_average,0.1019186735645379,0.10520948404686613,0.10779342885957975,0.09349339085356727,0.591585022675449,False
2025-07-15,AURORA_fold_rule_average,0.10165010409679591,0.10473196284112925,0.10743057325991084,0.09269262047391195,0.593494739328252,False
2025-07-16,AURORA_fold_rule_average,0.1024455366388744,0.105626727628602,0.10816331459997794,0.09364052063858985,0.5901239004939558,False
2025-07-17,AURORA_fold_rule_average,0.10284889865733095,0.10627921559910337,0.10895970200965703,0.09416674625512354,0.587745437478785,False
2025-07-18,AURORA_fold_rule_average,0.10334597463433075,0.10647800240816231,0.1089097648997278,0.09417479559724526,0.5870914624605338,False
2025-07-21,AURORA_fold_rule_average,0.10428221978172282,0.10740757703119234,0.10954678791495993,0.09498900972729499,0.58377440554483,False
2025-07-22,AURORA_fold_rule_average,0.1040233789279987,0.10709000511057465,0.10928057421031413,0.09510693042397388,0.5844991113271387,False
2025-07-23,AURORA_fold_rule_average,0.10364412571704346,0.10671454942306553,0.10887649841228955,0.09436446095953303,0.5864003654880684,False
2025-07-24,AURORA_fold_rule_average,0.10374001163055688,0.10712928870917847,0.10915223865168232,0.09477213721317408,0.5852063237954082,False
2025-07-25,AURORA_fold_rule_average,0.10409054327172358,0.1073092918978583,0.10951476993854604,0.09535568467441677,0.5837297102174552,False
2025-07-28,AURORA_fold_rule_average,0.10397570841091477,0.10717614143733598,0.10925414557785532,0.09536275009931276,0.5842312544745812,False
2025-07-29,AURORA_fold_rule_average,0.10409824697177351,0.10734709583874173,0.10948642196102441,0.09586709915693463,0.5832011360715258,False
2025-07-30,AURORA_fold_rule_average,0.10336947562329504,0.10650710746828806,0.10880321709603812,0.09531452180287503,0.5860056780095038,False
2025-07-31,AURORA_fold_rule_average,0.10101448693165599,0.10396035677043673,0.1065229669773006,0.09175900173743312,0.5967431875831736,True
2025-08-01,AURORA_fold_rule_average,0.10157248740310627,0.10472182810108674,0.10711271823768903,0.09295538536200532,0.5936375808961127,False
2025-08-04,AURORA_fold_rule_average,0.10103124515858943,0.10399196108329065,0.10649286924200248,0.0928097014668365,0.595674223049281,False
2025-08-05,AURORA_fold_rule_average,0.1006593943710005,0.10360980364658165,0.10626726535620154,0.09247693942441483,0.5969865972018015,False
2025-08-06,AURORA_fold_rule_average,0.10136588323605741,0.1044080635823015,0.10705684668065388,0.09358763030355569,0.5935815761974316,False
2025-08-07,AURORA_fold_rule_average,0.10082190771870649,0.10376216139972373,0.10661833709162004,0.09319206810942489,0.5956055256805249,False
2025-08-08,AURORA_fold_rule_average,0.10249351314735312,0.10592500917058165,0.10824907863006164,0.09459062215201981,0.5887417768999836,False
2025-08-11,AURORA_fold_rule_average,0.10247309560355974,0.1058608546119664,0.10804600439497779,0.09499555065346324,0.5886244947360328,False
2025-08-12,AURORA_fold_rule_average,0.10291484686504057,0.10619908179227619,0.10845939565730918,0.09573893370536783,0.5866877419800062,False
2025-08-13,AURORA_fold_rule_average,0.10298686363904565,0.1063016445276308,0.10852313500740284,0.09564499100443258,0.5865433658214881,False
2025-08-14,AURORA_fold_rule_average,0.1035145984886197,0.1068429687997567,0.10897037861476085,0.09609579216685475,0.584576261930008,False
2025-08-15,AURORA_fold_rule_average,0.10329364757026509,0.10641656416379348,0.10883097534614312,0.0959353430675669,0.5855234698522314,False
2025-08-18,AURORA_fold_rule_average,0.10318516912357745,0.10630480604648554,0.10878431053264721,0.09681715812080524,0.5849085561764845,False
2025-08-19,AURORA_fold_rule_average,0.10328886690065327,0.10649648192555355,0.1089022594676676,0.09746374570397448,0.5838486460021511,False
2025-08-20,AURORA_fold_rule_average,0.1032764910639203,0.10642721936072422,0.10882334988601249,0.09659694419567116,0.5848759954936719,False
2025-08-21,AURORA_fold_rule_average,0.10161462644596694,0.10454793252608988,0.10721145872973938,0.09446517370648284,0.5921608085917209,False
2025-08-22,AURORA_fold_rule_average,0.1018685260533832,0.10498149305804581,0.10758728777807672,0.09534714436235557,0.5902155487481386,False
2025-08-25,AURORA_fold_rule_average,0.10158592801225627,0.10454718723248922,0.10737397557605934,0.09507132553579214,0.591421583643403,False
2025-08-26,AURORA_fold_rule_average,0.10260342811410543,0.10587877646185492,0.10852940540247855,0.09641113411172912,0.586577255909832,False
2025-08-27,AURORA_fold_rule_average,0.10266705358835837,0.10580112816707223,0.10851638228747794,0.09663074607206606,0.5863846898850256,False
2025-08-28,AURORA_fold_rule_average,0.1028293982123267,0.10623810950277952,0.1089188441280053,0.09747206860669101,0.5845415795501976,False
2025-08-29,AURORA_fold_rule_average,0.0992145023269675,0.10206462102556645,0.105656728234359,0.09306414841310703,0.6,True
2025-09-01,AURORA_fold_rule_average,0.09926062236169374,0.10198743533451668,0.10533115989498888,0.09314187136065022,0.6002789110481505,False
2025-09-02,AURORA_fold_rule_average,0.0988222071127354,0.10155288238313256,0.10481086017036984,0.09144002696082439,0.6033740233729379,False
2025-09-03,AURORA_fold_rule_average,0.09884126175849557,0.10153070211154268,0.10485323067784388,0.09128444103993212,0.6034903644121857,False
2025-09-04,AURORA_fold_rule_average,0.09874868524278152,0.10140793591984272,0.10487800961960907,0.09145994106996827,0.6035054281477985,False
2025-09-05,AURORA_fold_rule_average,0.0991699030867293,0.10182557849178832,0.10526154655701145,0.09171922238219431,0.6020237494822767,False
2025-09-08,AURORA_fold_rule_average,0.09975345118269308,0.1023127058835105,0.10585720762063863,0.09281241615325639,0.5992642191599015,False
2025-09-09,AURORA_fold_rule_average,0.10033633343109566,0.10318577799129543,0.10633290841582348,0.09302825473551635,0.5971167254262691,False
2025-09-10,AURORA_fold_rule_average,0.10092106208535823,0.1035508617854299,0.10690892305705466,0.09415121777728239,0.5944679352948747,False
2025-09-11,AURORA_fold_rule_average,0.10205128164082178,0.1048724365051427,0.1080539000985707,0.09538343317664431,0.5896389485788204,False
2025-09-12,AURORA_fold_rule_average,0.10263559144489671,0.10541658034866587,0.10864206897114792,0.09563804984656311,0.5876677093887264,False
2025-09-15,AURORA_fold_rule_average,0.10328536413092003,0.10597414989868686,0.10922362556103936,0.09593695728187555,0.5855799031274782,False
2025-09-16,AURORA_fold_rule_average,0.10331107578152794,0.1059599924285652,0.1091432882708,0.09585996730946049,0.5857256762096464,False
2025-09-17,AURORA_fold_rule_average,0.10414449885653349,0.1068547533666757,0.10996024842193382,0.09639303138566699,0.5826474679691901,False
2025-09-18,AURORA_fold_rule_average,0.1037137740992635,0.10635937221552587,0.1095318441660579,0.0960384326262866,0.5843565768928661,False
2025-09-19,AURORA_fold_rule_average,0.10433079304019113,0.10687122026802835,0.11019720854364455,0.09696089559612873,0.5816398825520072,False
2025-09-22,AURORA_fold_rule_average,0.10446934500688386,0.10687900660556203,0.11024676436646813,0.09650343728476045,0.5819014467363255,False
2025-09-23,AURORA_fold_rule_average,0.10494849728390962,0.10742446858927028,0.11072661101850699,0.09640375738073506,0.580496665727578,False
2025-09-24,AURORA_fold_rule_average,0.10611626100997254,0.10874286100546567,0.11174638112622441,0.0969827406768578,0.5764117561814797,False
2025-09-25,AURORA_fold_rule_average,0.10605406051111238,0.1088120671047045,0.1119881919537624,0.09657860614377159,0.5765670742866491,False
2025-09-26,AURORA_fold_rule_average,0.10582056633502872,0.10846620332678021,0.11180769583011943,0.09663085825054885,0.5772746762575227,False
2025-09-30,AURORA_fold_rule_average,0.10205288622511839,0.10415173522524285,0.10787901130985399,0.09120178683388906,0.5947145804058958,True
2025-10-01,AURORA_fold_rule_average,0.10257105836828853,0.10477261310102857,0.10863898151572747,0.09197091251064803,0.5920464345043075,False
2025-10-02,AURORA_fold_rule_average,0.10295946844991684,0.10505321524136021,0.1087978373457291,0.09196970645523454,0.5912197725077594,False
2025-10-03,AURORA_fold_rule_average,0.10406586906306171,0.1064033995813733,0.10987471860727308,0.09318659172655391,0.5864694210217382,False
2025-10-07,AURORA_fold_rule_average,0.10490028500567762,0.10742160159905122,0.11051456341125991,0.09435968159531662,0.5828038683886946,False
2025-10-08,AURORA_fold_rule_average,0.10667846784994736,0.10908517849077917,0.11221038146793927,0.09519261847554507,0.5768333537157893,False
2025-10-09,AURORA_fold_rule_average,0.10615065359345897,0.10826724033959925,0.11164541926096862,0.09479479221082131,0.5791418945951518,False
2025-10-13,AURORA_fold_rule_average,0.10656742169094076,0.10899699747953366,0.11217450204078486,0.09509267998374608,0.5771683988049946,False
2025-10-14,AURORA_fold_rule_average,0.1060543492520899,0.10816849593188593,0.11151374204454187,0.09422408796625202,0.5800393248052302,False
2025-10-15,AURORA_fold_rule_average,0.10577231068255266,0.1082232100246328,0.11146148035091002,0.09318711452704963,0.581355884414855,False
2025-10-16,AURORA_fold_rule_average,0.1068779536635557,0.10956679896907809,0.11254137874622787,0.09403696508110863,0.5769769035400297,False
2025-10-17,AURORA_fold_rule_average,0.10803746905286393,0.11067382086557674,0.11369912451289475,0.09546232362752907,0.5721272619411355,False
2025-10-20,AURORA_fold_rule_average,0.1070538481108092,0.10964500109206178,0.11277633322725307,0.09492682916430718,0.5755979884055688,False
2025-10-21,AURORA_fold_rule_average,0.10810741203287833,0.1106449922929809,0.11379258128147295,0.09586466183103334,0.5715903525616345,False
2025-10-22,AURORA_fold_rule_average,0.10820060069603492,0.1106776284841322,0.11381047478023716,0.09613344260458469,0.5711778534350112,False
2025-10-23,AURORA_fold_rule_average,0.10762379720960981,0.11040167134996023,0.11360516107467047,0.09570581815443024,0.5726635522113293,False
2025-10-27,AURORA_fold_rule_average,0.10735242245955474,0.10987422584081435,0.11315019595176144,0.09519703630316542,0.5744261194447041,False
2025-10-28,AURORA_fold_rule_average,0.108705267071301,0.11145409663447267,0.1145598995749741,0.09683543240702416,0.5684453043122281,False
2025-10-29,AURORA_fold_rule_average,0.10817280293179815,0.11102289875944402,0.11411030584576543,0.09701495492976865,0.5696790375332238,False
2025-10-30,AURORA_fold_rule_average,0.10920739973197065,0.11211408243686387,0.11490834027503319,0.09801966533399277,0.5657505122221397,False
2025-10-31,AURORA_fold_rule_average,0.10871088969513658,0.1113142935368571,0.11429307982420962,0.09689834850495453,0.5687833884388422,True
2025-11-03,AURORA_fold_rule_average,0.10905848770080796,0.1117290336214924,0.11453115007757282,0.09716360241882248,0.5675177261813044,False
2025-11-04,AURORA_fold_rule_average,0.10845069357263207,0.11096350269369988,0.11396963915810593,0.09698282785472848,0.5696333367208337,False
2025-11-05,AURORA_fold_rule_average,0.10829243785021565,0.11081511094908912,0.11386221094430143,0.0964492087578696,0.5705810314985242,False
2025-11-06,AURORA_fold_rule_average,0.1075407848853291,0.10980285232171645,0.11311035477090205,0.09574727611656343,0.573798731905489,False
2025-11-07,AURORA_fold_rule_average,0.10762508595689887,0.11026007056483375,0.11332842748054131,0.09589865110023067,0.5728877648974953,False
2025-11-10,AURORA_fold_rule_average,0.10693388101134936,0.10925931493910358,0.11275124580803626,0.09502201884056816,0.5760335394009427,False
2025-11-11,AURORA_fold_rule_average,0.10773205405968424,0.10998528957300098,0.11345095564842844,0.09582716324934043,0.5730045374695459,False
2025-11-12,AURORA_fold_rule_average,0.10731677764189192,0.10967413379868367,0.11302410618645996,0.09510561923252758,0.5748793631404369,False
2025-11-13,AURORA_fold_rule_average,0.1075419245697127,0.11008894392005003,0.11361901060817259,0.09539927542056952,0.5733508454814952,False
2025-11-14,AURORA_fold_rule_average,0.10727415064125674,0.10959330382608096,0.11307893393907444,0.09540259469607984,0.5746510168975081,False
2025-11-17,AURORA_fold_rule_average,0.10613472479352343,0.10839571882272266,0.11194164606616015,0.09392299799798937,0.5796049123196044,False
2025-11-18,AURORA_fold_rule_average,0.10631882322354878,0.10868325739543273,0.11217520278834904,0.09408839555044002,0.5787343210422293,False
2025-11-19,AURORA_fold_rule_average,0.10484497807542438,0.10733902419054424,0.1107881298996142,0.0926267096571351,0.584401158177282,False
2025-11-20,AURORA_fold_rule_average,0.10446178349778706,0.10691930832161795,0.11028613639378913,0.092188994421379,0.5861437773654269,False
2025-11-21,AURORA_fold_rule_average,0.10625661909821814,0.10877181831453869,0.11211367673389075,0.09446216583347973,0.5783957200198726,False
2025-11-24,AURORA_fold_rule_average,0.10424679117494344,0.10647102853166183,0.11011441443274902,0.09227561620445533,0.5868921496561903,False
2025-11-25,AURORA_fold_rule_average,0.1039359290412004,0.1061804470762136,0.10992157936670327,0.09187220314643531,0.5880898413694474,False
2025-11-26,AURORA_fold_rule_average,0.10464954705697081,0.10727766183612272,0.11066113912687894,0.09313325246277042,0.5842783995172571,False
2025-11-27,AURORA_fold_rule_average,0.1056148673908517,0.10835202488276961,0.11161188532222648,0.09436477634807516,0.580056446056077,False
2025-11-28,AURORA_fold_rule_average,0.10544233070410326,0.10772746480645057,0.11142177121496048,0.09326901079012732,0.5821394224843585,True
2025-12-01,AURORA_fold_rule_average,0.10588506428404895,0.10827066077660895,0.11189586611441862,0.09358377971000208,0.5803646291149215,False
2025-12-02,AURORA_fold_rule_average,0.10501259030485864,0.10722415086630482,0.11097345282462269,0.09325207859762445,0.5835377274065894,False
2025-12-03,AURORA_fold_rule_average,0.10522615921660872,0.10758869360884675,0.1112473107892928,0.09310875362863971,0.582829082756612,False
2025-12-04,AURORA_fold_rule_average,0.10585074388348076,0.10801911015852676,0.11194937395847356,0.09353861645624914,0.5806421555432698,False
2025-12-05,AURORA_fold_rule_average,0.10573976973636076,0.10800347625635487,0.11190996902879255,0.09338086621461077,0.580965918763881,False
2025-12-08,AURORA_fold_rule_average,0.10625385464677825,0.10848418384493334,0.1123812414582782,0.09420717015187427,0.5786735498981358,False
2025-12-09,AURORA_fold_rule_average,0.10723156971744092,0.10946493487354074,0.11343807180099982,0.09457665891494191,0.5752887646930765,False
2025-12-10,AURORA_fold_rule_average,0.10715415246715272,0.10936991985001564,0.11313073719171755,0.09456782340369077,0.5757773670874233,False
2025-12-11,AURORA_fold_rule_average,0.10759365347763306,0.10983414654354136,0.11319913559955219,0.09529603847890482,0.5740770259003686,False
2025-12-12,AURORA_fold_rule_average,0.106948831282443,0.109026032939725,0.11265169167866046,0.09443151800397125,0.5769419260952003,False
2025-12-15,AURORA_fold_rule_average,0.10696126835191204,0.10946875110637333,0.1127901474410042,0.09468022190635197,0.5760996111943585,False
2025-12-16,AURORA_fold_rule_average,0.10638116667781529,0.10871670395137384,0.11202044518195159,0.09397602663790454,0.5789056575509548,False
2025-12-17,AURORA_fold_rule_average,0.1058990994531389,0.10815525306033855,0.11127526387436107,0.09329641026504308,0.5813739733471184,False
2025-12-18,AURORA_fold_rule_average,0.10546305625738858,0.10801478406841193,0.11134161898584763,0.09292669393492042,0.5822538467534314,False
2025-12-19,AURORA_fold_rule_average,0.10549706159340343,0.10774534725036666,0.11147960579226228,0.09283639762893163,0.582441587735036,False
2025-12-22,AURORA_fold_rule_average,0.10609987130297326,0.10838145331390929,0.11185376758804091,0.09351862897758696,0.5801462788174896,False
2025-12-23,AURORA_fold_rule_average,0.1069603627785392,0.10932826973410356,0.11267603812543726,0.0944862543790004,0.5765490749829196,False
2025-12-24,AURORA_fold_rule_average,0.10726658336893843,0.10972614474627738,0.11307164341859774,0.0944590183431638,0.5754766101230226,False
2025-12-26,AURORA_fold_rule_average,0.10738748431128506,0.10981695219190428,0.11323539550973329,0.09478835343732173,0.5747718145497556,False
2025-12-29,AURORA_fold_rule_average,0.10792711057299975,0.11036113326825528,0.11373593004245929,0.09524924385290001,0.5727265822633856,False
2025-12-30,AURORA_fold_rule_average,0.10881542137169618,0.11104807205142057,0.11437695450334967,0.09584122784125601,0.5699183242322777,False
2025-12-31,AURORA_fold_rule_average,0.1076116954280172,0.10962257845895355,0.11365701511326248,0.09345448464537752,0.5756542263543893,True
2026-01-02,AURORA_fold_rule_average,0.10808951406787899,0.11005054043845611,0.11387323248186242,0.0937428081765724,0.5742439048352301,False
2026-01-05,AURORA_fold_rule_average,0.10938043660849824,0.11119117316129916,0.11487157893499611,0.09517214901020228,0.5693846622850043,False
2026-01-06,AURORA_fold_rule_average,0.11186911864392536,0.11363110473537869,0.11723380001197413,0.09629280248397089,0.560973174124751,False
2026-01-07,AURORA_fold_rule_average,0.11272564204908282,0.1143554458660224,0.11777490561798971,0.09710219574536147,0.5580418107215437,False
2026-01-08,AURORA_fold_rule_average,0.11220466664474055,0.11365103031967098,0.1172855972663979,0.09702224785323892,0.5598364579159517,False
2026-01-09,AURORA_fold_rule_average,0.11250847464377439,0.11394513210295694,0.11776195742828811,0.09643412486772793,0.5593503109572526,False
2026-01-12,AURORA_fold_rule_average,0.11223072739170104,0.11378466549217038,0.11750579127999551,0.09651232985000137,0.5599664859861317,False
2026-01-13,AURORA_fold_rule_average,0.1126890029976347,0.11415004815400781,0.11782029958051216,0.09708375258287884,0.5582568966849664,False
2026-01-14,AURORA_fold_rule_average,0.11299525099826123,0.11439146736699568,0.11813142918520902,0.09747893012320163,0.5570029223263325,False
2026-01-15,AURORA_fold_rule_average,0.11292528174878594,0.114665962943585,0.11807067330741879,0.09807350379655982,0.5562645782036504,False
2026-01-16,AURORA_fold_rule_average,0.1128992083556406,0.11444622095251394,0.11821049676170008,0.0975207476001398,0.5569233263300056,False
2026-01-19,AURORA_fold_rule_average,0.11403646569685147,0.11572205197153272,0.11944486301569536,0.0988108191501806,0.55198580016574,False
2026-01-20,AURORA_fold_rule_average,0.11468648732081312,0.11633365893770507,0.11960720239494622,0.09882829614844595,0.5505443551980896,False
2026-01-21,AURORA_fold_rule_average,0.11461359815805863,0.11625972291264909,0.11972077178557128,0.0992114512061897,0.5501944559375312,False
2026-01-22,AURORA_fold_rule_average,0.11388934721856458,0.11574352273160904,0.11925429849135705,0.09868821422509969,0.5524246173333696,False
2026-01-23,AURORA_fold_rule_average,0.11478613265360757,0.11633899122546784,0.11983353302607487,0.09963366267580133,0.5494076804190485,False
2026-01-26,AURORA_fold_rule_average,0.11507969556764308,0.11681861651249993,0.12024049062437325,0.10047906383098218,0.5473821334645016,False
2026-01-27,AURORA_fold_rule_average,0.1150465763445666,0.11688980580892508,0.12030016384427994,0.1005388537228543,0.5472246002793739,False
2026-01-28,AURORA_fold_rule_average,0.11573755724304786,0.11748586498173076,0.1207291970110624,0.10156499020669607,0.544482390557463,False
2026-01-29,AURORA_fold_rule_average,0.11679417268022793,0.11858572559815796,0.12143431157966428,0.10224833656559328,0.5409374535763565,False
2026-01-30,AURORA_fold_rule_average,0.11520638071167463,0.11669608936154911,0.12046095415189383,0.09955184811781442,0.548084727657068,True
2026-02-02,AURORA_fold_rule_average,0.11420701473786175,0.11565802565605361,0.11962666022582982,0.09857148808863392,0.5519368112916209,False
2026-02-03,AURORA_fold_rule_average,0.11326522737716892,0.11459768810894154,0.11858460199627374,0.09774581606119946,0.5558066664564163,False
2026-02-04,AURORA_fold_rule_average,0.11446525563602823,0.11587825224029899,0.11988079123353401,0.09924493186939633,0.5505307690207424,False
2026-02-05,AURORA_fold_rule_average,0.11438598349496452,0.1159117427362954,0.11978678862695256,0.09938868542660795,0.5505267997151797,False
2026-02-06,AURORA_fold_rule_average,0.11367958677329583,0.11504711075282412,0.11912919162371809,0.09817801965423044,0.5539660911959315,False
2026-02-09,AURORA_fold_rule_average,0.11356848865498159,0.11505997258229408,0.11936582950629593,0.09781130182193477,0.5541944074344937,False
2026-02-10,AURORA_fold_rule_average,0.11544877991993747,0.11696686475040814,0.12094400848979119,0.09888783308832645,0.5477525137515367,False
2026-02-11,AURORA_fold_rule_average,0.11675465004681393,0.11826323437825391,0.1220042207632963,0.10040208541498513,0.5425758093966508,False
2026-02-23,AURORA_fold_rule_average,0.11826602848669186,0.11973657110452811,0.12331760981123187,0.10118294247759113,0.5374968481199571,False
2026-02-24,AURORA_fold_rule_average,0.11841714454745864,0.1198475139356114,0.1236102314411423,0.10133215509994035,0.5367929549758473,False
2026-02-25,AURORA_fold_rule_average,0.11999580811186494,0.12165906340198268,0.12488418657673257,0.10321328734064274,0.530247654568777,False
2026-02-26,AURORA_fold_rule_average,0.12029010692931634,0.12158630541905083,0.12522642657498906,0.10323274664138561,0.5296644144352582,True
2026-03-02,AURORA_fold_rule_average,0.12022177095102983,0.12160406405705952,0.12543075730520217,0.10370607544114956,0.5290373322455589,False
2026-03-03,AURORA_fold_rule_average,0.11952932229805745,0.12103574481246189,0.12488784250515461,0.10331987638587892,0.5312272139984472,False
2026-03-04,AURORA_fold_rule_average,0.11835031371941518,0.11968488914603374,0.12357523090962827,0.10171553387545061,0.5366740323494722,False
2026-03-05,AURORA_fold_rule_average,0.11583779767315193,0.11710792324164787,0.12088616370304398,0.09900068790957438,0.5471674274725818,False
2026-03-06,AURORA_fold_rule_average,0.1172655080332998,0.11863869676274773,0.12232457181610691,0.10074159245881258,0.541029630929033,False
2026-03-09,AURORA_fold_rule_average,0.11668131981668906,0.11813016575859665,0.12204426732704664,0.10095712190290482,0.5421871251947629,False
2026-03-10,AURORA_fold_rule_average,0.1140977177109648,0.11536971006180488,0.11898532699963056,0.09795387183962093,0.5535933733879789,False
2026-03-11,AURORA_fold_rule_average,0.1153565053158136,0.1165384312057256,0.12075042505581507,0.09956224336062466,0.547792395062021,False
2026-03-12,AURORA_fold_rule_average,0.11774950987444206,0.11912590401176193,0.12309591236054346,0.10232363914536967,0.5377050346078829,False
2026-03-13,AURORA_fold_rule_average,0.11626483572328855,0.11786073826965432,0.12182490952720709,0.10203445829256873,0.5420150581872814,False
2026-03-16,AURORA_fold_rule_average,0.11567484971592112,0.11720225299204864,0.1212472375824641,0.10199587861287669,0.5438797810966894,False
2026-03-17,AURORA_fold_rule_average,0.11535720466874051,0.11692185828730374,0.12111091711548204,0.10171270500263671,0.5448973149258369,False
2026-03-18,AURORA_fold_rule_average,0.11628321449421826,0.11773622903707051,0.12158415840424279,0.10264930229178616,0.5417470957726821,False
2026-03-19,AURORA_fold_rule_average,0.11713639344472768,0.11865473995562008,0.12272621703734879,0.1038273076675021,0.5376553418948012,False
2026-03-20,AURORA_fold_rule_average,0.11550317545727075,0.117183562684354,0.12098763888801271,0.10361032598008577,0.5427152969902769,False
2026-03-23,AURORA_fold_rule_average,0.11547241050293583,0.11704099230403682,0.12084321168363017,0.10335780541052032,0.5432855800988768,False
2026-03-24,AURORA_fold_rule_average,0.11417742062571953,0.11564813983115205,0.11921550470728712,0.10182851772134655,0.5491304171144947,False
2026-03-25,AURORA_fold_rule_average,0.11216922194737154,0.113502067931053,0.11787166986666056,0.09876360467890831,0.5576934355760067,True
