date,policy_name,gross_return,transaction_cost,net_return,equity,drawdown
2024-11-27,AURORA_fold_rule_latest,-0.006229540154196345,0.0,-0.006229540154196345,0.9937704598458037,0.0
2024-11-28,AURORA_fold_rule_latest,-0.0010119626772413487,0.0,-0.0010119626772413487,0.9927648012306948,-0.0010119626772413515
2024-11-29,AURORA_fold_rule_latest,0.0007179405961478474,8.745514055699123e-06,0.0007091950820921482,0.9934688651454018,-0.00030348527410317683
2024-12-02,AURORA_fold_rule_latest,0.009316780827143885,0.0,0.009316780827143885,1.0027247968205528,0.0
2024-12-03,AURORA_fold_rule_latest,0.003952599130744638,0.0,0.003952599130744638,1.0066881659808418,0.0
2024-12-04,AURORA_fold_rule_latest,0.0032920602009308937,0.0,0.0032920602009308937,1.0100022440268155,0.0
2024-12-05,AURORA_fold_rule_latest,0.0013697300609484917,0.0,0.0013697300609484917,1.0113856744620846,0.0
2024-12-06,AURORA_fold_rule_latest,-0.001147822289993429,0.0,-0.001147822289993429,1.010224783441157,-0.0011478222899933277
2024-12-09,AURORA_fold_rule_latest,0.0002734054650704916,0.0,0.0002734054650704916,1.0105009844178996,-0.0008747306458097848
2024-12-10,AURORA_fold_rule_latest,-0.0022897060074728325,0.0,-0.0022897060074728325,1.0081872342433207,-0.0031624337772679922
2024-12-11,AURORA_fold_rule_latest,-0.0035718853106716645,0.0,-0.0035718853106716645,1.0045861050709204,-0.0067230232371846554
2024-12-12,AURORA_fold_rule_latest,0.004323275369757231,0.0,0.004323275369757231,1.0089292074357739,-0.0024288133481989993
2024-12-13,AURORA_fold_rule_latest,0.0004580093799106799,0.0,0.0004580093799106799,1.0093913064764453,-0.001971916387583872
2024-12-16,AURORA_fold_rule_latest,0.000407827013531974,0.0,0.000407827013531974,1.0098029635184507,-0.0015648935748231452
2024-12-17,AURORA_fold_rule_latest,0.0019720177587968773,0.0,0.0019720177587968773,1.0117943128953948,0.0
2024-12-18,AURORA_fold_rule_latest,0.0002921480834025974,0.0,0.0002921480834025974,1.0120899066647049,0.0
2024-12-19,AURORA_fold_rule_latest,-0.004340240472089646,0.0,-0.004340240472089646,1.0076971930904053,-0.004340240472089696
2024-12-20,AURORA_fold_rule_latest,-0.003562152135305517,0.0,-0.003562152135305517,1.004107622382297,-0.007886932010529812
2024-12-23,AURORA_fold_rule_latest,0.008465606925380701,0.0,0.008465606925380701,1.0126080028241642,0.0
2024-12-24,AURORA_fold_rule_latest,0.0007674621688200269,0.0,0.0007674621688200269,1.0133851411581762,0.0
2024-12-25,AURORA_fold_rule_latest,0.0014413031525389323,0.0,0.0014413031525389323,1.0148457363568635,0.0
2024-12-26,AURORA_fold_rule_latest,0.00013983163255128038,0.0,0.00013983163255128038,1.0149876438929661,0.0
2024-12-27,AURORA_fold_rule_latest,0.001107141249414029,0.0,0.001107141249414029,1.0161113785811657,0.0
2024-12-30,AURORA_fold_rule_latest,-0.0019616924185102097,0.0,-0.0019616924185102097,1.014118080593441,-0.001961692418510186
2024-12-31,AURORA_fold_rule_latest,-0.002256514250539408,2.318830643956754e-05,-0.0022797025569789757,1.0118061930120337,-0.004236922900266671
2025-01-02,AURORA_fold_rule_latest,-0.004903102955156594,0.0,-0.004903102955156594,1.0068452030770305,-0.009119251786230298
2025-01-03,AURORA_fold_rule_latest,0.0031125031729837245,0.0,0.0031125031729837245,1.0099790119663112,-0.006035132313366387
2025-01-06,AURORA_fold_rule_latest,0.01135717436026371,0.0,0.01135717436026371,1.0214495197054194,0.0
2025-01-07,AURORA_fold_rule_latest,0.0045856182210811955,0.0,0.0045856182210811955,1.0261334972348952,0.0
2025-01-08,AURORA_fold_rule_latest,-0.005119594596206728,0.0,-0.005119594596206728,1.0208801097274647,-0.005119594596206811
2025-01-09,AURORA_fold_rule_latest,-0.004985877623376012,0.0,-0.004985877623376012,1.0157901264322249,-0.010079946547444818
2025-01-10,AURORA_fold_rule_latest,-0.00043015470436810543,0.0,-0.00043015470436810543,1.0153531795306894,-0.010505765315385718
2025-01-13,AURORA_fold_rule_latest,-0.009474018493825634,0.0,-0.009474018493825634,1.005733704730051,-0.01988025199432164
2025-01-14,AURORA_fold_rule_latest,0.0024680377457392062,0.0,0.0024680377457392062,1.0082158934754868,-0.01746127946089926
2025-01-15,AURORA_fold_rule_latest,-0.0029126224707001825,0.0,-0.0029126224707001825,1.005279341208833,-0.02032304381667449
2025-01-16,AURORA_fold_rule_latest,0.007659098993893723,0.0,0.007659098993893723,1.0129788751996678,-0.012819601027229899
2025-01-17,AURORA_fold_rule_latest,0.0016813252996727057,0.0,0.0016813252996727057,1.014682022210575,-0.011159829647095942
2025-01-20,AURORA_fold_rule_latest,0.0040500888598058804,0.0,0.0040500888598058804,1.0187915745649754,-0.007154939089021095
2025-01-21,AURORA_fold_rule_latest,0.0007123017547615846,0.0,0.0007123017547615846,1.0195172615912744,-0.0064477338099276915
2025-01-22,AURORA_fold_rule_latest,0.005098919503043299,8.460784871753724e-06,0.005090458718171546,1.024707072123868,-0.0013900970145414027
2025-02-03,AURORA_fold_rule_latest,-0.017336264999678164,0.0,-0.017336264999678164,1.0069424787744843,-0.018702262924000346
2025-02-04,AURORA_fold_rule_latest,0.0014668459756238448,0.0,0.0014668459756238448,1.0084195082971592,-0.017262850287481646
2025-02-05,AURORA_fold_rule_latest,0.005960031098325685,0.0,0.005960031098325685,1.0144297199267684,-0.011405706313715291
2025-02-06,AURORA_fold_rule_latest,0.0017319142195003684,0.0,0.0017319142195003684,1.0161866251833935,-0.009693545799162928
2025-02-07,AURORA_fold_rule_latest,0.0026004782106786575,0.0,0.0026004782106786575,1.018829196360166,-0.007118275443119382
2025-02-10,AURORA_fold_rule_latest,-0.004177966622340813,0.0,-0.004177966622340813,1.0145725619839068,-0.011266502148250201
2025-02-11,AURORA_fold_rule_latest,0.002177391881149308,0.0,0.002177391881149308,1.0167816840432076,-0.009113641857407262
2025-02-12,AURORA_fold_rule_latest,-0.0008068033680732289,0.0,-0.0008068033680732289,1.0159613411559263,-0.009913092308534543
2025-02-13,AURORA_fold_rule_latest,-0.0005946779888199263,0.0,-0.0005946779888199263,1.015357171308849,-0.010501875199557476
2025-02-14,AURORA_fold_rule_latest,-0.004534884823103763,0.0,-0.004534884823103763,1.010752643482651,-0.014989135228204442
2025-02-17,AURORA_fold_rule_latest,0.005717462592594262,0.0,0.005717462592594262,1.0165315839121287,-0.009357372455572888
2025-02-18,AURORA_fold_rule_latest,0.0015990774312045991,0.0,0.0015990774312045991,1.0181570966260693,-0.0077732581874773166
2025-02-19,AURORA_fold_rule_latest,-0.0010430457205004148,0.0,-0.0010430457205004148,1.0170951122236365,-0.00880819604429084
2025-02-20,AURORA_fold_rule_latest,-0.0010908120955301778,0.0,-0.0010908120955301778,1.0159856525729183,-0.00988940005303618
2025-02-21,AURORA_fold_rule_latest,0.00267867670922628,0.0,0.00267867670922628,1.0187071496773736,-0.007237213849399904
2025-02-24,AURORA_fold_rule_latest,-0.002675942907829227,0.0,-0.002675942907829227,1.0159811475050395,-0.009893790386156454
2025-02-25,AURORA_fold_rule_latest,-0.004677854234436855,0.0,-0.004677854234436855,1.011228535792075,-0.014525362911340878
2025-02-26,AURORA_fold_rule_latest,0.0015969537458283048,0.0,0.0015969537458283048,1.0128434209901964,-0.012951605498223495
2025-02-27,AURORA_fold_rule_latest,-0.004162024708812437,7.89688708811108e-06,-0.004169921595900548,1.0086199433357437,-0.017067519914655382
2025-03-03,AURORA_fold_rule_latest,-0.008756840724504892,0.0,-0.008756840724504892,0.9997876191403934,-0.025674903085705303
2025-03-04,AURORA_fold_rule_latest,-0.0020291472130043006,0.0,-0.0020291472130043006,0.9977589028794185,-0.027651952140669067
2025-03-05,AURORA_fold_rule_latest,0.004697109915671925,0.0,0.004697109915671925,1.0024454861155834,-0.023084726483584728
2025-03-06,AURORA_fold_rule_latest,-0.002053160423688678,0.0,-0.002053160423688678,1.0003873047165854,-0.025090490260465725
2025-03-07,AURORA_fold_rule_latest,-0.004041064207758018,0.0,-0.004041064207758018,0.9963446753855997,-0.029030162186077124
2025-03-10,AURORA_fold_rule_latest,-0.0020027553824223158,0.0,-0.0020027553824223158,0.9943492407242234,-0.030974777254928698
2025-03-11,AURORA_fold_rule_latest,-0.007483834879297744,0.0,-0.007483834879297744,0.9869076951942882,-0.03822680201582751
2025-03-12,AURORA_fold_rule_latest,0.0020277946390926433,0.0,0.0020277946390926433,0.9889089413278825,-0.03627652348093213
2025-03-13,AURORA_fold_rule_latest,-0.0028044629943118292,0.0,-0.0028044629943118292,0.9861355827971844,-0.03897925030757943
2025-03-14,AURORA_fold_rule_latest,-0.001221570346228027,0.0,-0.001221570346228027,0.984930948811879,-0.040153204757513494
2025-03-17,AURORA_fold_rule_latest,0.003180471262938435,0.0,0.003180471262938435,0.9880634933905539,-0.03710043960842124
2025-03-18,AURORA_fold_rule_latest,0.001987469112964864,0.0,0.001987469112964864,0.9900272390653158,-0.03518670647325561
2025-03-19,AURORA_fold_rule_latest,-0.004544106461639658,0.0,-0.004544106461639658,0.9855284498910798,-0.0395709207946463
2025-03-20,AURORA_fold_rule_latest,0.007413895995214246,0.0,0.007413895995214246,0.9928350553188968,-0.03245039949063855
2025-03-21,AURORA_fold_rule_latest,-0.002604543041067193,0.0,-0.002604543041067193,0.9902491736846385,-0.034970424069532435
2025-03-24,AURORA_fold_rule_latest,-0.0008782961917183059,0.0,-0.0008782961917183059,0.9893794416065391,-0.03581800587096773
2025-03-25,AURORA_fold_rule_latest,0.004150645812237656,0.0,0.004150645812237656,0.9934860052425573,-0.031816027914801204
2025-03-26,AURORA_fold_rule_latest,-0.0002584239171784517,0.0,-0.0002584239171784517,0.9932292646974205,-0.03206622980941687
2025-03-27,AURORA_fold_rule_latest,-0.007546834594003864,0.0,-0.007546834594003864,0.985733527722825,-0.0393710658709957
2025-03-28,AURORA_fold_rule_latest,-0.004531962832181811,0.0,-0.004531962832181811,0.9812662200127497,-0.04372460049598681
2025-03-31,AURORA_fold_rule_latest,-0.014592624252926263,3.860624396744372e-05,-0.014631230496893707,0.9669090877689275,-0.0577160862846392
2025-04-01,AURORA_fold_rule_latest,0.00857479816688814,0.0,0.00857479816688814,0.975200138042276,-0.04963619190862445
2025-04-02,AURORA_fold_rule_latest,-0.00046182700364977476,0.0,-0.00046182700364977476,0.9747497642845651,-0.050075095578492546
2025-04-07,AURORA_fold_rule_latest,-0.03956989230817644,0.0,-0.03956989230817644,0.9361790210844044,-0.0876635217473064
2025-04-08,AURORA_fold_rule_latest,-0.014750406721043016,0.0,-0.014750406721043016,0.9223699997597016,-0.10112085586797759
2025-04-09,AURORA_fold_rule_latest,-0.017590927077912648,0.0,-0.017590927077912648,0.9061446563550744,-0.11693297334426056
2025-04-10,AURORA_fold_rule_latest,0.0349249645361296,0.0,0.0349249645361296,0.9377917263428787,-0.0860918887552834
2025-04-11,AURORA_fold_rule_latest,0.010691879702044263,0.0,0.010691879702044263,0.9478184826665091,-0.07632049317113243
2025-04-14,AURORA_fold_rule_latest,-0.0010878559178818842,0.0,-0.0010878559178818842,0.9467873927210626,-0.07732532338886244
2025-04-15,AURORA_fold_rule_latest,0.004034371589102269,0.0,0.004034371589102269,0.9506070848791767,-0.07360291088755833
2025-04-16,AURORA_fold_rule_latest,-0.006893095890431766,0.0,-0.006893095890431766,0.9440544590889807,-0.07998865485542728
2025-04-17,AURORA_fold_rule_latest,-0.0030094843507618846,0.0,-0.0030094843507618846,0.9412133419680854,-0.08275741460116326
2025-04-18,AURORA_fold_rule_latest,0.001165128004544963,0.0,0.001165128004544963,0.9423099759910638,-0.08168870957795382
2025-04-21,AURORA_fold_rule_latest,-0.005425838296141032,0.0,-0.005425838296141032,0.9371971544364958,-0.08667131814530438
2025-04-22,AURORA_fold_rule_latest,-0.006200430586847084,0.0,-0.006200430586847084,0.9313861285342216,-0.09233434924012107
2025-04-23,AURORA_fold_rule_latest,0.01612481442958997,0.0,0.01612481442958997,0.9464045570191303,-0.07769840905750491
2025-04-24,AURORA_fold_rule_latest,-0.0027403145214980073,0.0,-0.0027403145214980073,0.9438111108683188,-0.0802258055003654
2025-04-25,AURORA_fold_rule_latest,0.009460659852274931,0.0,0.009460659852274931,0.9527401867530416,-0.07152413470530428
2025-04-28,AURORA_fold_rule_latest,0.0026487187629343004,0.0,0.0026487187629343004,0.9552637275618959,-0.06906486325996652
2025-04-29,AURORA_fold_rule_latest,0.0019741366487980743,0.0,0.0019741366487980743,0.9571495486957432,-0.0672270700888743
2025-04-30,AURORA_fold_rule_latest,0.00019360642749598152,3.018741723007122e-05,0.0001634190102659103,0.9573059651276675,-0.0670746372598654
2025-05-02,AURORA_fold_rule_latest,0.011433675542075165,0.0,0.011433675542075165,0.9682514909274305,-0.05640787135732184
2025-05-05,AURORA_fold_rule_latest,-0.0043500230381845455,0.0,-0.0043500230381845455,0.9640395746351396,-0.06051251885556719
2025-05-06,AURORA_fold_rule_latest,-0.001396599737413512,0.0,-0.001396599737413512,0.9626931972183479,-0.061824606825036765
2025-05-07,AURORA_fold_rule_latest,-0.0008405263351935399,0.0,-0.0008405263351935399,0.9618840282333743,-0.0626131679500308
2025-05-08,AURORA_fold_rule_latest,0.0053022271596044595,0.0,0.0053022271596044595,0.9669841558522629,-0.05764293003007992
2025-05-09,AURORA_fold_rule_latest,0.004488381887411432,0.0,0.004488381887411432,0.9713243500228042,-0.05341327162575271
2025-05-12,AURORA_fold_rule_latest,0.004337929116325189,0.0,0.004337929116325189,0.9755378862021638,-0.049307045495611046
2025-05-13,AURORA_fold_rule_latest,0.005878437764057456,0.0,0.005878437764057456,0.9812725249526834,-0.04371845612982905
2025-05-14,AURORA_fold_rule_latest,0.009186454725119662,0.0,0.009186454725119662,0.9902869405761651,-0.03493361902259817
2025-05-15,AURORA_fold_rule_latest,-0.0010302319874320655,0.0,-0.0010302319874320655,0.9892667152932473,-0.03592786127827641
2025-05-16,AURORA_fold_rule_latest,0.000610154029418102,0.0,0.000610154029418102,0.9898703203657526,-0.03533962877818564
2025-05-19,AURORA_fold_rule_latest,-0.006154830776924031,0.0,-0.006154830776924031,0.9837778360528019,-0.04127695012026056
2025-05-20,AURORA_fold_rule_latest,0.0006733313912754677,0.0,0.0006733313912754677,0.9844402445518573,-0.040631411795237216
2025-05-21,AURORA_fold_rule_latest,0.006011307650950761,0.0,0.006011307650950761,0.9903580177258356,-0.03486435206088012
2025-05-22,AURORA_fold_rule_latest,-0.004581707062943627,0.0,-0.004581707062943627,0.9858204874011783,-0.039286320875741465
2025-05-23,AURORA_fold_rule_latest,-0.0011506307250587113,0.0,-0.0011506307250587113,0.9846861720589821,-0.04039174755292607
2025-05-26,AURORA_fold_rule_latest,-0.000863801426359709,0.0,-0.000863801426359709,0.9838355987390409,-0.041220658530136456
2025-05-27,AURORA_fold_rule_latest,-0.0038456215821828597,0.0,-0.0038456215821828597,0.9800521393272102,-0.04490776105824401
2025-05-28,AURORA_fold_rule_latest,0.0018099912058536906,0.0,0.0018099912058536906,0.9818260250806707,-0.04317905250498022
2025-05-29,AURORA_fold_rule_latest,0.0009715148750546639,3.0195204486724013e-05,0.0009413196705679399,0.9827502372311546,-0.04227837812589175
2025-06-02,AURORA_fold_rule_latest,-0.008376953980631787,0.0,-0.008376953980631787,0.9745177837194143,-0.05030116807858709
2025-06-03,AURORA_fold_rule_latest,0.0026711615898916677,0.0,0.0026711615898916677,0.9771208781919519,-0.04776436903679371
2025-06-04,AURORA_fold_rule_latest,0.009198924255340604,0.0,0.009198924255340604,0.9861093391387515,-0.03900482559432672
2025-06-05,AURORA_fold_rule_latest,0.0009408715201631438,0.0,0.0009408715201631438,0.987037141331714,-0.03810065260371431
2025-06-06,AURORA_fold_rule_latest,0.000588243354930856,0.0,0.000588243354930856,0.9876177593711725,-0.03753482170449607
2025-06-09,AURORA_fold_rule_latest,0.0035118313937408238,0.0,0.0035118313937408238,0.9910861064235481,-0.03415480627597556
2025-06-10,AURORA_fold_rule_latest,0.010246324004006801,0.0,0.010246324004006801,1.0012410957858333,-0.024258443483366476
2025-06-11,AURORA_fold_rule_latest,0.0026347256574841315,0.0,0.0026347256574841315,1.0038790913902278,-0.021687632169338555
2025-06-12,AURORA_fold_rule_latest,-0.001410488418233261,0.0,-0.001410488418233261,1.0024631315585153,-0.02306753043357812
2025-06-13,AURORA_fold_rule_latest,-0.0032107693720280716,0.0,-0.0032107693720280716,0.99924445363912,-0.026204235285401722
2025-06-16,AURORA_fold_rule_latest,0.0006825641050863435,0.0,0.0006825641050863435,0.9999265020353806,-0.025539557250722433
2025-06-17,AURORA_fold_rule_latest,0.001058688950801459,0.0,0.001058688950801459,1.000985113174699,-0.02450790674699066
2025-06-18,AURORA_fold_rule_latest,0.003070998451317536,0.0,0.003070998451317536,1.0040591369070504,-0.021512172039338195
2025-06-19,AURORA_fold_rule_latest,-0.003977444024050326,0.0,-0.003977444024050326,1.0000655478931664,-0.02540405260326628
2025-06-20,AURORA_fold_rule_latest,-0.0008154767423864197,0.0,-0.0008154767423864197,0.9992500176979975,-0.02619881293159243
2025-06-23,AURORA_fold_rule_latest,-0.0025616525166923363,0.0,-0.0025616525166923363,0.9966902863753565,-0.028693353193204207
2025-06-24,AURORA_fold_rule_latest,0.007529347422628837,0.0,0.007529347422628837,1.004194713814236,-0.021380047995487206
2025-06-25,AURORA_fold_rule_latest,0.00532308667054166,0.0,0.00532308667054166,1.0095401293099688,-0.016170769173445954
2025-06-26,AURORA_fold_rule_latest,0.00032660043524981386,0.0,0.00032660043524981386,1.0098698455556037,-0.015849450118446518
2025-06-27,AURORA_fold_rule_latest,0.0006601616237290912,0.0,0.0006601616237290912,1.0105365228726009,-0.015199751693442676
2025-06-30,AURORA_fold_rule_latest,0.00021560059066775444,3.13012701981548e-05,0.00018429932046959963,1.0107227640670762,-0.015018253676881366
2025-07-01,AURORA_fold_rule_latest,0.0026551934242685826,0.0,0.0026551934242685826,1.0134064285039857,-0.012402936621019545
2025-07-02,AURORA_fold_rule_latest,0.000652394321734474,0.0,0.000652394321734474,1.0140675691035508,-0.011758633904709548
2025-07-03,AURORA_fold_rule_latest,0.0047867572317016275,0.0,0.0047867572317016275,1.0189216643733912,-0.007028162398886373
2025-07-04,AURORA_fold_rule_latest,-0.003067422790217247,0.0,-0.003067422790217247,1.015796200838646,-0.010074026843587935
2025-07-07,AURORA_fold_rule_latest,-0.0022992841357203477,0.0,-0.0022992841357203477,1.0134605967489327,-0.01235014792920408
2025-07-08,AURORA_fold_rule_latest,-0.0016579863087444952,0.0,-0.0016579863087444952,1.011780292955071,-0.01398765786177103
2025-07-09,AURORA_fold_rule_latest,0.004563981162301703,0.0,0.004563981162301703,1.016398039152506,-0.009487516106455152
2025-07-10,AURORA_fold_rule_latest,0.00445385036557121,0.0,0.00445385036557121,1.0209249239307512,-0.005075921717963117
2025-07-11,AURORA_fold_rule_latest,0.0015097038459591027,0.0,0.0015097038459591027,1.022466218214845,-0.003573881010543345
2025-07-14,AURORA_fold_rule_latest,-0.00321839213319553,0.0,-0.00321839213319553,1.0191755209816842,-0.006780770993209506
2025-07-15,AURORA_fold_rule_latest,0.005712594743232648,0.0,0.005712594743232648,1.0249976577052755,-0.0011069120467077642
2025-07-16,AURORA_fold_rule_latest,0.004046317986315842,0.0,0.004046317986315842,1.02914512416358,0.0
2025-07-17,AURORA_fold_rule_latest,0.0011143146292036448,0.0,0.0011143146292036448,1.030291915631009,0.0
2025-07-18,AURORA_fold_rule_latest,0.0056826482019003985,0.0,0.0056826482019003985,1.0361467021328021,0.0
2025-07-21,AURORA_fold_rule_latest,-0.0012393593165004537,0.0,-0.0012393593165004537,1.0348625440642527,-0.0012393593165003214
2025-07-22,AURORA_fold_rule_latest,-0.003242831257226601,0.0,-0.003242831257226601,1.0315066594594282,-0.004478171540596376
2025-07-23,AURORA_fold_rule_latest,0.00204048811708927,0.0,0.00204048811708927,1.0336114365407536,-0.002446821079322037
2025-07-24,AURORA_fold_rule_latest,0.002530065616824038,0.0,0.002530065616824038,1.0362265412975016,0.0
2025-07-25,AURORA_fold_rule_latest,-0.0008580674465925244,0.0,-0.0008580674465925244,1.035337389035119,-0.0008580674465925586
2025-07-28,AURORA_fold_rule_latest,0.001766714981126506,0.0,0.001766714981126506,1.0371665351108477,0.0
2025-07-29,AURORA_fold_rule_latest,-0.004785834715256027,0.0,-0.004785834715256027,1.0322028275016124,-0.004785834715255954
2025-07-30,AURORA_fold_rule_latest,0.004246994097113806,0.0,0.004246994097113806,1.0365865868170359,-0.0005591660299276713
2025-07-31,AURORA_fold_rule_latest,0.0052309917642625456,2.6655900105725382e-05,0.00520433586415682,1.0419813315671118,0.0
2025-08-01,AURORA_fold_rule_latest,-0.003417522009913765,0.0,-0.003417522009913765,1.038420337432562,-0.0034175220099137427
2025-08-04,AURORA_fold_rule_latest,-0.002198003316502005,0.0,-0.002198003316502005,1.0361378860869621,-0.00560801360170371
2025-08-05,AURORA_fold_rule_latest,0.005735407211595656,0.0,0.005735407211595656,1.0420805587910327,0.0
2025-08-06,AURORA_fold_rule_latest,-0.003397284061841081,0.0,-0.003397284061841081,1.0385403151174974,-0.0033972840618410327
2025-08-07,AURORA_fold_rule_latest,0.011655117543919217,0.0,0.011655117543919217,1.0506446245642909,0.0
2025-08-08,AURORA_fold_rule_latest,0.00020010317448936927,0.0,0.00020010317448936927,1.0508548618889264,0.0
2025-08-11,AURORA_fold_rule_latest,0.0033008720602563353,0.0,0.0033008720602563353,1.05432359934192,0.0
2025-08-12,AURORA_fold_rule_latest,0.00024587147352187784,0.0,0.00024587147352187784,1.0545828274388591,0.0
2025-08-13,AURORA_fold_rule_latest,0.0033642492052618537,0.0,0.0033642492052618537,1.058130706877953,0.0
2025-08-14,AURORA_fold_rule_latest,-0.0016173363120023663,0.0,-0.0016173363120023663,1.0564193536628748,-0.0016173363120022266
2025-08-15,AURORA_fold_rule_latest,0.0010522850638330819,0.0,0.0010522850638330819,1.0575310079698783,-0.0005667531470135989
2025-08-18,AURORA_fold_rule_latest,0.0018156459267627835,0.0,0.0018156459267627835,1.0594511098369241,0.0
2025-08-19,AURORA_fold_rule_latest,-0.0017571363219556022,0.0,-0.0017571363219556022,1.0575895098104935,-0.0017571363219556213
2025-08-20,AURORA_fold_rule_latest,-0.012299857756798177,0.0,-0.012299857756798177,1.0445813092747425,-0.014035381551934512
2025-08-21,AURORA_fold_rule_latest,0.003295655599423448,0.0,0.003295655599423448,1.0480238895157068,-0.010785981736312733
2025-08-22,AURORA_fold_rule_latest,-0.002038800968038648,0.0,-0.002038800968038648,1.0458871773952345,-0.012802792234346216
2025-08-25,AURORA_fold_rule_latest,0.008256791848190332,0.0,0.008256791848190332,1.0545228501156783,-0.004651710376710527
2025-08-26,AURORA_fold_rule_latest,0.0003286996719224531,0.0,0.0003286996719224531,1.054869471430546,-0.004324539720462761
2025-08-27,AURORA_fold_rule_latest,0.003152775243505118,0.0,0.003152775243505118,1.0581952377852017,-0.0011853987787276976
2025-08-28,AURORA_fold_rule_latest,-0.003766886924994685,0.0,-0.003766886924994685,1.054209135979897,-0.0049478204405618564
2025-08-29,AURORA_fold_rule_latest,-0.0004639518901374563,2.6279150515504225e-05,-0.0004902310406529605,1.0536923299380998,-0.005435625906051289
2025-09-01,AURORA_fold_rule_latest,-0.005131236831772956,0.0,-0.005131236831772956,1.0482855850453647,-0.010538971253971408
2025-09-02,AURORA_fold_rule_latest,-0.0001930290126969151,0.0,-0.0001930290126969151,1.048083235513859,-0.010729965939452302
2025-09-03,AURORA_fold_rule_latest,-2.48193139594994e-05,0.0,-2.48193139594994e-05,1.048057222806981,-0.010754518943018376
2025-09-04,AURORA_fold_rule_latest,0.0024610986611520586,0.0,0.0024610986611520586,1.050636595034842,-0.008319888214038396
2025-09-05,AURORA_fold_rule_latest,0.004605635037991761,0.0,0.004605635037991761,1.0554754437491307,-0.003752571544717531
2025-09-08,AURORA_fold_rule_latest,0.0035961881413597136,0.0,0.0035961881413597136,1.0592711320234378,-0.00016987835664639128
2025-09-09,AURORA_fold_rule_latest,0.004456602738791038,0.0,0.004456602738791038,1.0639918826515358,0.0
2025-09-10,AURORA_fold_rule_latest,0.008190017189935807,0.0,0.008190017189935807,1.072705994460404,0.0
2025-09-11,AURORA_fold_rule_latest,0.0033540347341449025,0.0,0.0033540347341449025,1.0763038876253497,0.0
2025-09-12,AURORA_fold_rule_latest,0.003565172118036568,0.0,0.003565172118036568,1.0801410962360458,0.0
2025-09-15,AURORA_fold_rule_latest,-0.0002488205179510385,0.0,-0.0002488205179510385,1.0798723349690202,-0.00024882051795094284
2025-09-16,AURORA_fold_rule_latest,0.005282927025672468,0.0,0.005282927025672468,1.0855772217117041,0.0
2025-09-17,AURORA_fold_rule_latest,-0.002924744826802505,0.0,-0.002924744826802505,1.0824021853484083,-0.0029247448268023835
2025-09-18,AURORA_fold_rule_latest,0.004671206837735477,0.0,0.004671206837735477,1.0874583098377875,0.0
2025-09-19,AURORA_fold_rule_latest,-0.00045006091432536456,0.0,-0.00045006091432536456,1.0869688873565713,-0.00045006091432531203
2025-09-22,AURORA_fold_rule_latest,0.0024192963224729993,0.0,0.0024192963224729993,1.0895985871883955,0.0
2025-09-23,AURORA_fold_rule_latest,0.00708646542377835,0.0,0.00708646542377835,1.0973199899023038,0.0
2025-09-24,AURORA_fold_rule_latest,-0.00027036034727463795,0.0,-0.00027036034727463795,1.0970233180887623,-0.0002703603472747895
2025-09-25,AURORA_fold_rule_latest,-0.0012255028950763885,0.0,-0.0012255028950763885,1.0956789128364781,-0.0014955319149629887
2025-09-26,AURORA_fold_rule_latest,-0.007772977657332925,0.0,-0.007772977657332925,1.0871622251273894,-0.00925688483613507
2025-09-30,AURORA_fold_rule_latest,0.004504128032434918,2.628425148428551e-05,0.004477843780950633,1.0920303677360605,-0.004820491939378835
2025-10-01,AURORA_fold_rule_latest,0.001397489428290067,0.0,0.001397489428290067,1.0935564686303434,-0.003429739097613238
2025-10-02,AURORA_fold_rule_latest,0.008095777120186033,0.0,0.008095777120186033,1.1024096580687122,0.0
2025-10-03,AURORA_fold_rule_latest,0.006286863416449007,0.0,0.006286863416449007,1.1093403570179645,0.0
2025-10-07,AURORA_fold_rule_latest,0.01034434731419727,0.0,0.01034434731419727,1.120815758960614,0.0
2025-10-08,AURORA_fold_rule_latest,-0.003983842121508642,0.0,-0.003983842121508642,1.1163506059296162,-0.003983842121508485
2025-10-09,AURORA_fold_rule_latest,0.0034171404884270366,0.0,0.0034171404884270366,1.1201653327844185,-0.0005803149812941832
2025-10-13,AURORA_fold_rule_latest,-0.004947061547640032,0.0,-0.004947061547640032,1.1146238059396014,-0.005524505675004732
2025-10-14,AURORA_fold_rule_latest,-0.0022646952781720043,0.0,-0.0022646952781720043,1.112099522669352,-0.007776689631260214
2025-10-15,AURORA_fold_rule_latest,0.007585338830002213,0.0,0.007585338830002213,1.1205351743614826,-0.00025033962708698176
2025-10-16,AURORA_fold_rule_latest,0.00847247446720317,0.0,0.00847247446720317,1.1300288800158633,0.0
2025-10-17,AURORA_fold_rule_latest,-0.006026351046767724,0.0,-0.006026351046767724,1.123218929291902,-0.006026351046767742
2025-10-20,AURORA_fold_rule_latest,0.007007761844537231,0.0,0.007007761844537231,1.1310901800476556,0.0
2025-10-21,AURORA_fold_rule_latest,0.0007221401023122475,0.0,0.0007221401023122475,1.1319069856259996,0.0
2025-10-22,AURORA_fold_rule_latest,-0.0025935643548154943,0.0,-0.0025935643548154943,1.1289713120151132,-0.002593564354815503
2025-10-23,AURORA_fold_rule_latest,-0.0030667315715756554,0.0,-0.0030667315715756554,1.1255090600491533,-0.005652342160701429
2025-10-27,AURORA_fold_rule_latest,0.01051615749845247,0.0,0.01051615749845247,1.1373450905905653,0.0
2025-10-28,AURORA_fold_rule_latest,-0.0021640019836892113,0.0,-0.0021640019836892113,1.1348838735583882,-0.0021640019836891566
2025-10-29,AURORA_fold_rule_latest,0.00694075085288705,0.0,0.00694075085288705,1.1427608197717165,0.0
2025-10-30,AURORA_fold_rule_latest,-0.00035661304943086693,0.0,-0.00035661304943086693,1.1423532963510075,-0.00035661304943102046
2025-10-31,AURORA_fold_rule_latest,0.002228705844505777,5.820751172649741e-06,0.002222885093333127,1.1448926164647861,0.0
2025-11-03,AURORA_fold_rule_latest,-0.0037110589977740896,0.0,-0.0037110589977740896,1.1406438524189693,-0.0037110589977741304
2025-11-04,AURORA_fold_rule_latest,-0.0016602166302476405,0.0,-0.0016602166302476405,1.1387501365259936,-0.005365114466157839
2025-11-05,AURORA_fold_rule_latest,-0.005603723563810708,0.0,-0.005603723563810708,1.1323688955526503,-0.01093877341161198
2025-11-06,AURORA_fold_rule_latest,0.00158878714755441,0.0,0.00158878714755441,1.1341679887001948,-0.00936736564666385
2025-11-07,AURORA_fold_rule_latest,-0.005457569699019572,0.0,-0.005457569699019572,1.1279781878514665,-0.014773812294770705
2025-11-10,AURORA_fold_rule_latest,0.005282661311918935,0.0,0.005282661311918935,1.133936914585118,-0.0095691960294908
2025-11-11,AURORA_fold_rule_latest,-0.0032592851954405862,0.0,-0.0032592851954405862,1.130241090786847,-0.012797292485980272
2025-11-12,AURORA_fold_rule_latest,0.0026635333371356922,0.0,0.0026635333371356922,1.1332515256111584,-0.01016784516400604
2025-11-13,AURORA_fold_rule_latest,-0.0022602413994696085,0.0,-0.0022602413994696085,1.13069010359696,-0.01240510477889245
2025-11-14,AURORA_fold_rule_latest,-0.008541377116418175,0.0,-0.008541377116418175,1.1210324530203364,-0.02084052521722557
2025-11-17,AURORA_fold_rule_latest,0.0015031254447541097,0.0,0.0015031254447541097,1.1227175054248664,-0.01936872569620751
2025-11-18,AURORA_fold_rule_latest,-0.009690181542087468,0.0,-0.009690181542087468,1.1118381689768198,-0.02887122077005988
2025-11-19,AURORA_fold_rule_latest,-0.0029707806724711687,0.0,-0.0029707806724711687,1.1085351416335076,-0.031756231377876754
2025-11-20,AURORA_fold_rule_latest,0.013386651847903117,0.0,0.013386651847903117,1.1233747156357214,-0.018794689143430743
2025-11-21,AURORA_fold_rule_latest,-0.01446694567739086,0.0,-0.01446694567739086,1.1071229146492652,-0.032989733073960026
2025-11-24,AURORA_fold_rule_latest,-0.002035402588420613,0.0,-0.002035402588420613,1.1048694738030882,-0.03495798827429064
2025-11-25,AURORA_fold_rule_latest,0.006519062103225695,0.0,0.006519062103225695,1.1120721865187688,-0.028666819467628835
2025-11-26,AURORA_fold_rule_latest,0.007273615875158682,0.0,0.007273615875158682,1.1201609724289543,-0.021601715025640122
2025-11-27,AURORA_fold_rule_latest,0.0035989984803525246,0.0,0.0035989984803525246,1.1241924300664765,-0.01808046108483774
2025-11-28,AURORA_fold_rule_latest,0.0030537660698775866,8.867678838682378e-06,0.0030448983910389043,1.1276154817880042,-0.01509061586066518
2025-12-01,AURORA_fold_rule_latest,-0.005429892996396476,0.0,-0.005429892996396476,1.1214926503808151,-0.020438568427688653
2025-12-02,AURORA_fold_rule_latest,0.0012138803043234224,0.0,0.0012138803043234224,1.1228540082205558,-0.019249498099028206
2025-12-03,AURORA_fold_rule_latest,0.0037611146463943147,0.0,0.0037611146463943147,1.1270771908766366,-0.015560783021869917
2025-12-04,AURORA_fold_rule_latest,-0.0005566761426132737,0.0,-0.0005566761426132737,1.1264497738935921,-0.01610879684781441
2025-12-05,AURORA_fold_rule_latest,0.00395630172943585,0.0,0.00395630172943585,1.13090634908217,-0.012216226379206718
2025-12-08,AURORA_fold_rule_latest,0.005875216938549363,0.0,0.005875216938549363,1.1375506692202106,-0.006412782420805563
2025-12-09,AURORA_fold_rule_latest,-0.000847119664823847,0.0,-0.000847119664823847,1.1365870276785806,-0.0072544696915346485
2025-12-10,AURORA_fold_rule_latest,0.0029585278239392726,0.0,0.0029585278239392726,1.139949652024296,-0.00431740441802575
2025-12-11,AURORA_fold_rule_latest,-0.004959218838720897,0.0,-0.004959218838720897,1.1342963922347837,-0.009255212303422411
2025-12-12,AURORA_fold_rule_latest,0.001459985236625167,0.0,0.001459985236625167,1.1359524482214038,-0.007808739540121956
2025-12-15,AURORA_fold_rule_latest,-0.004840425171882927,0.0,-0.004840425171882927,1.130453955396971,-0.012611367092574155
2025-12-16,AURORA_fold_rule_latest,-0.004239686682154393,0.0,-0.004239686682154393,1.1256611848174858,-0.016797585529622294
2025-12-17,AURORA_fold_rule_latest,-0.0015097845444458637,0.0,-0.0015097845444458637,1.1239616789583657,-0.018282009339051553
2025-12-18,AURORA_fold_rule_latest,-0.00032201285380735863,0.0,-0.00032201285380735863,1.1235997488505542,-0.018598135150858286
2025-12-19,AURORA_fold_rule_latest,0.003951383438165411,0.0,0.003951383438165411,1.1280395222892892,-0.014720240075908775
2025-12-22,AURORA_fold_rule_latest,0.006230840060890202,0.0,0.006230840060890202,1.1350681561350366,-0.00858111947658946
2025-12-23,AURORA_fold_rule_latest,0.001860764299357479,0.0,0.001860764299357479,1.1371802504373103,-0.006736322618002499
2025-12-24,AURORA_fold_rule_latest,0.0012246508038071002,0.0,0.0012246508038071002,1.138572899145082,-0.0055199214571041155
2025-12-26,AURORA_fold_rule_latest,0.0035662568941977318,0.0,0.0035662568941977318,1.1426333425962047,-0.001973350020858411
2025-12-29,AURORA_fold_rule_latest,0.004921086738052058,0.0,0.004921086738052058,1.148256340384911,0.0
2025-12-30,AURORA_fold_rule_latest,-0.0005157822435519656,0.0,-0.0005157822435519656,1.1476640901534947,-0.0005157822435518655
2025-12-31,AURORA_fold_rule_latest,0.0024529409748629536,1.0866320920705858e-05,0.002442074653942248,1.1504667715392982,0.0
2026-01-02,AURORA_fold_rule_latest,0.008523419075728131,0.0,0.008523419075728131,1.1602726819658278,0.0
2026-01-05,AURORA_fold_rule_latest,0.014974128539708864,0.0,0.014974128539708864,1.1776467542466968,0.0
2026-01-06,AURORA_fold_rule_latest,0.005246574498634211,0.0,0.005246574498634211,1.183825365675927,0.0
2026-01-07,AURORA_fold_rule_latest,-0.0032012615465052342,0.0,-0.0032012615465052342,1.180035631055011,-0.0032012615465053518
2026-01-08,AURORA_fold_rule_latest,0.0008672479845653536,0.0,0.0008672479845653536,1.1810590145777589,-0.0023367898495642025
2026-01-09,AURORA_fold_rule_latest,-0.0010988077346290163,0.0,-0.0010988077346290163,1.1797612577974874,-0.0034330299014323495
2026-01-12,AURORA_fold_rule_latest,0.0030587013250349647,0.0,0.0030587013250349647,1.1833697951199376,-0.0003848291895057754
2026-01-13,AURORA_fold_rule_latest,0.0022484610197651463,0.0,0.0022484610197651463,1.186030555976232,0.0
2026-01-14,AURORA_fold_rule_latest,0.0013259106686396424,0.0,0.0013259106686396424,1.1876031265437335,0.0
2026-01-15,AURORA_fold_rule_latest,-0.0011817915938913486,0.0,-0.0011817915938913486,1.186199627151905,-0.0011817915938913126
2026-01-16,AURORA_fold_rule_latest,0.0089334752187331,0.0,0.0089334752187331,1.196796512125537,0.0
2026-01-19,AURORA_fold_rule_latest,0.002615140365320775,0.0,0.002615140365320775,1.1999263029934717,0.0
2026-01-20,AURORA_fold_rule_latest,0.0006351878107009587,0.0,0.0006351878107009587,1.2006884815548726,0.0
2026-01-21,AURORA_fold_rule_latest,-0.004032194481355666,0.0,-0.004032194481355666,1.1958470720857197,-0.004032194481355722
2026-01-22,AURORA_fold_rule_latest,0.0054847946684044155,0.0,0.0054847946684044155,1.2024060477309226,0.0
2026-01-23,AURORA_fold_rule_latest,0.0036958771390193466,0.0,0.0036958771390193466,1.20684999275455,0.0
2026-01-26,AURORA_fold_rule_latest,0.0002874201122089622,0.0,0.0002874201122089622,1.2071968657148868,0.0
2026-01-27,AURORA_fold_rule_latest,0.00503058157557292,0.0,0.00503058157557292,1.2132697680256415,0.0
2026-01-28,AURORA_fold_rule_latest,0.006545313244854664,0.0,0.006545313244854664,1.2212109987078816,0.0
2026-01-29,AURORA_fold_rule_latest,-0.0028159569599524323,0.0,-0.0028159569599524323,1.2177721210964998,-0.0028159569599524037
2026-01-30,AURORA_fold_rule_latest,-0.006970714472560761,1.1218739280879881e-05,-0.006981933211841641,1.2092697174797613,-0.009778229348372247
2026-02-02,AURORA_fold_rule_latest,-0.006953632299627344,0.0,-0.006953632299627344,1.2008609005133328,-0.016663867436569557
2026-02-03,AURORA_fold_rule_latest,0.009571235601430979,0.0,0.009571235601430979,1.2123546231166926,-0.007252125636404871
2026-02-04,AURORA_fold_rule_latest,7.322744168469208e-06,0.0,7.322744168469208e-06,1.2123635008794391,-0.007244855997697197
2026-02-05,AURORA_fold_rule_latest,-0.006201050140373082,0.0,-0.006201050140373082,1.2048455740221276,-0.013400980422768605
2026-02-06,AURORA_fold_rule_latest,-0.0004121031966819277,0.0,-0.0004121031966819277,1.2043490533095649,-0.01380756103257974
2026-02-09,AURORA_fold_rule_latest,0.011745679669637448,0.0,0.011745679669637448,1.21849495150017,-0.0022240605518500933
2026-02-10,AURORA_fold_rule_latest,0.009529565479566234,0.0,0.009529565479566234,1.2301066789270116,0.0
2026-02-11,AURORA_fold_rule_latest,0.009437460969086965,0.0,0.009437460969086965,1.2417157626971986,0.0
2026-02-23,AURORA_fold_rule_latest,0.0013095219109026486,0.0,0.0013095219109026486,1.2433418166955639,0.0
2026-02-24,AURORA_fold_rule_latest,0.01232932507765239,0.0,0.01232932507765239,1.2586713821362423,0.0
2026-02-25,AURORA_fold_rule_latest,0.010241918001796163,0.0,0.010241918001796163,1.271562591223289,0.0
2026-02-26,AURORA_fold_rule_latest,0.0011838813183574865,9.578841342345851e-06,0.0011743024770151406,1.2730557903238424,0.0
2026-03-02,AURORA_fold_rule_latest,-0.004117476628998079,0.0,-0.004117476628998079,1.2678140128597732,-0.004117476628998085
2026-03-03,AURORA_fold_rule_latest,-0.010137205194576608,0.0,-0.010137205194576608,1.254961922062854,-0.014212942118102756
2026-03-04,AURORA_fold_rule_latest,-0.01915455500014085,0.0,-0.01915455500014085,1.2309236849036187,-0.03309525453672857
2026-03-05,AURORA_fold_rule_latest,0.011330943067253964,0.0,0.011330943067253964,1.244871211097396,-0.02213931191442653
2026-03-06,AURORA_fold_rule_latest,-0.002132200686593687,0.0,-0.002132200686593687,1.2422168958463735,-0.024224307144955604
2026-03-09,AURORA_fold_rule_latest,-0.02057866145800817,0.0,-0.02057866145800817,1.2166537348893331,-0.04430446478717287
2026-03-10,AURORA_fold_rule_latest,0.010576227206133928,0.0,0.010576227206133928,1.229521341220714,-0.03419681166687438
2026-03-11,AURORA_fold_rule_latest,0.018737304587593224,0.0,0.018737304587593224,1.2525592570881126,-0.016100263155408023
2026-03-12,AURORA_fold_rule_latest,-0.007941903921480323,0.0,-0.007941903921480323,1.242611551812358,-0.0239143003337976
2026-03-13,AURORA_fold_rule_latest,-0.0034240583208141255,0.0,-0.0034240583208141255,1.238356777388835,-0.027256474695567356
2026-03-16,AURORA_fold_rule_latest,-0.001865342443920392,0.0,-0.001865342443920392,1.2360468179312554,-0.02907097448036633
2026-03-17,AURORA_fold_rule_latest,0.005808479789478739,0.0,0.005808479789478739,1.2432263708920588,-0.023431352858617083
2026-03-18,AURORA_fold_rule_latest,0.007600961542816087,0.0,0.007600961542816087,1.252676086726224,-0.016008492127775553
2026-03-19,AURORA_fold_rule_latest,-0.009311248070964328,0.0,-0.009311248070964328,1.2410121089301516,-0.025170681157295927
2026-03-20,AURORA_fold_rule_latest,-0.001048376587499959,0.0,-0.001048376587499959,1.2397110608903452,-0.026192669391979173
2026-03-23,AURORA_fold_rule_latest,-0.010630574387919908,0.0,-0.010630574387919908,1.2265322202380233,-0.03654480065950949
2026-03-24,AURORA_fold_rule_latest,0.0008676511213673016,0.0,0.0008676511213673016,1.2275964222943059,-0.03570885767541465
2026-03-25,AURORA_fold_rule_latest,0.011431739378578004,1.805373219935985e-05,0.011413685646378643,1.241607821958992,-0.024702741705334486
2024-11-27,AURORA_fold_rule_earliest,-0.006229540154196345,0.0,-0.006229540154196345,0.9937704598458037,0.0
2024-11-28,AURORA_fold_rule_earliest,-0.0010119626772413487,0.0,-0.0010119626772413487,0.9927648012306948,-0.0010119626772413515
2024-11-29,AURORA_fold_rule_earliest,0.0007179710509679479,8.745514055699123e-06,0.0007092255369122488,0.9934688953798753,-0.0003034548501020806
2024-12-02,AURORA_fold_rule_earliest,0.00931687526210432,0.0,0.00931687526210432,1.00272492115491,0.0
2024-12-03,AURORA_fold_rule_earliest,0.003952612996618495,0.0,0.003952612996618495,1.0066883047103004,0.0
2024-12-04,AURORA_fold_rule_earliest,0.003292090578303231,0.0,0.003292090578303231,1.010002413793525,0.0
2024-12-05,AURORA_fold_rule_earliest,0.0013697418598195186,0.0,0.0013697418598195186,1.0113858563782168,0.0
2024-12-06,AURORA_fold_rule_earliest,-0.0011479341012223465,0.0,-0.0011479341012223465,1.010224852064186,-0.001147934101222492
2024-12-09,AURORA_fold_rule_earliest,0.0002733970021427174,0.0,0.0002733970021427174,1.0105010445102305,-0.0008748509408217364
2024-12-10,AURORA_fold_rule_earliest,-0.0022897742654787645,0.0,-0.0022897742654787645,1.0081872252232715,-0.003162621995130066
2024-12-11,AURORA_fold_rule_earliest,-0.003571811218848384,0.0,-0.003571811218848384,1.0045861707815193,-0.006723136925255391
2024-12-12,AURORA_fold_rule_earliest,0.004323277083918906,0.0,0.004323277083918906,1.008929275152481,-0.002428925825137429
2024-12-13,AURORA_fold_rule_earliest,0.00045801556929272807,0.0,0.00045801556929272807,1.0093913804688162,-0.0019720227416891722
2024-12-16,AURORA_fold_rule_earliest,0.0004077003747417797,0.0,0.0004077003747417797,1.0098029097128944,-0.0015651263613581934
2024-12-17,AURORA_fold_rule_earliest,0.001972212606610025,0.0,0.001972212606610025,1.0117944557416216,0.0
2024-12-18,AURORA_fold_rule_earliest,0.00029211849802902694,0.0,0.00029211849802902694,1.012090019618347,0.0
2024-12-19,AURORA_fold_rule_earliest,-0.004340300128097359,0.0,-0.004340300128097359,1.0076972451765516,-0.004340300128097274
2024-12-20,AURORA_fold_rule_earliest,-0.003562093359684845,0.0,-0.003562093359684845,1.0041077335109354,-0.007886932933516944
2024-12-23,AURORA_fold_rule_earliest,0.008465734146159356,0.0,0.008465734146159356,1.0126082426369416,0.0
2024-12-24,AURORA_fold_rule_earliest,0.000767437765893572,0.0,0.000767437765893572,1.0133853564443962,0.0
2024-12-25,AURORA_fold_rule_earliest,0.0014413274540802704,0.0,0.0014413274540802704,1.0148459765802025,0.0
2024-12-26,AURORA_fold_rule_earliest,0.00013980132100587647,0.0,0.00013980132100587647,1.0149878533883459,0.0
2024-12-27,AURORA_fold_rule_earliest,0.0011071630097290413,0.0,0.0011071630097290413,1.0161116103949417,0.0
2024-12-30,AURORA_fold_rule_earliest,-0.0019617357689401815,0.0,-0.0019617357689401815,1.0141182679035945,-0.0019617357689402093
2024-12-31,AURORA_fold_rule_earliest,-0.002256640186265951,2.316861162691547e-05,-0.0022798087978928663,1.011806272154324,-0.004237072184367974
2025-01-02,AURORA_fold_rule_earliest,-0.004903223504861032,0.0,-0.004903223504861032,1.006845159858331,-0.009119520377302792
2025-01-03,AURORA_fold_rule_earliest,0.003112587370665913,0.0,0.003112587370665913,1.009979053387122,-0.00603531831059001
2025-01-06,AURORA_fold_rule_earliest,0.011357460648576055,0.0,0.011357460648576055,1.0214498507418523,0.0
2025-01-07,AURORA_fold_rule_earliest,0.004585867281389902,0.0,0.004585867281389902,1.02613408419195,0.0
2025-01-08,AURORA_fold_rule_earliest,-0.005119784544727814,0.0,-0.005119784544727814,1.0208804987668856,-0.0051197845447278345
2025-01-09,AURORA_fold_rule_earliest,-0.004986045094587356,0.0,-0.004986045094587356,1.015790342563849,-0.010080302162700616
2025-01-10,AURORA_fold_rule_earliest,-0.00043009748130078015,0.0,-0.00043009748130078015,1.0153534536959827,-0.010506064131430404
2025-01-13,AURORA_fold_rule_earliest,-0.009474454130404004,0.0,-0.009474454130404004,1.0057335339727929,-0.01988097903913011
2025-01-14,AURORA_fold_rule_earliest,0.0024681901052273922,0.0,0.0024681901052273922,1.00821587552984,-0.017461858969649136
2025-01-15,AURORA_fold_rule_earliest,-0.0029127953461865175,0.0,-0.0029127953461865175,1.0052791490196453,-0.020323791494293086
2025-01-16,AURORA_fold_rule_earliest,0.007659303177112921,0.0,0.007659303177112921,1.0129788867996168,-0.012820154397943484
2025-01-17,AURORA_fold_rule_earliest,0.0016813715696501123,0.0,0.0016813715696501123,1.0146820807005377,-0.011160338271416492
2025-01-20,AURORA_fold_rule_earliest,0.004050294006944094,0.0,0.004050294006944094,1.0187918414509525,-0.0071552469156886955
2025-01-21,AURORA_fold_rule_earliest,0.0007123566441136648,0.0,0.0007123566441136648,1.0195175845881788,-0.00644798735925578
2025-01-22,AURORA_fold_rule_earliest,0.005098827286468465,8.48072464464883e-06,0.005090346561823816,1.024707282419606,-0.0013904632877169698
2025-02-03,AURORA_fold_rule_earliest,-0.0173364367532126,0.0,-0.0173364367532126,1.006942509427382,-0.01870279436208444
2025-02-04,AURORA_fold_rule_earliest,0.0014668423597147665,0.0,0.0014668423597147665,1.0084195353540077,-0.017263386053384955
2025-02-05,AURORA_fold_rule_earliest,0.005960161185330971,0.0,0.005960161185330971,1.0144298783271544,-0.011406117431536522
2025-02-06,AURORA_fold_rule_earliest,0.001731909676313375,0.0,0.001731909676313375,1.0161867792493704,-0.009693962120372213
2025-02-07,AURORA_fold_rule_earliest,0.0026005276752620646,0.0,0.0026005276752620646,1.0188294010920438,-0.007118643861887097
2025-02-10,AURORA_fold_rule_earliest,-0.004178106004984443,0.0,-0.004178106004984443,1.0145726238532864,-0.011267007418204855
2025-02-11,AURORA_fold_rule_earliest,0.0021775917140459066,0.0,0.0021775917140459066,1.0167819487922871,-0.009113950646154945
2025-02-12,AURORA_fold_rule_earliest,-0.0008068949104767543,0.0,-0.0008068949104767543,1.015961512612742,-0.009913491556240994
2025-02-13,AURORA_fold_rule_earliest,-0.0005946982860680552,0.0,-0.0005946982860680552,1.01535732204248,-0.010502294305871573
2025-02-14,AURORA_fold_rule_earliest,-0.004534821924417036,0.0,-0.004534821924417036,1.0107528573973645,-0.014989490195813637
2025-02-17,AURORA_fold_rule_earliest,0.005717521313776218,0.0,0.005717521313776218,1.016531858402494,-0.009357671611714746
2025-02-18,AURORA_fold_rule_earliest,0.0015990183930179324,0.0,0.0015990183930179324,1.0181573115411684,-0.007773616307719666
2025-02-19,AURORA_fold_rule_earliest,-0.0010429922616843103,0.0,-0.0010429922616843103,1.0170953813440535,-0.008808500747749859
2025-02-20,AURORA_fold_rule_earliest,-0.0010908679283477896,0.0,-0.0010908679283477896,1.0159858646124746,-0.009889759765135064
2025-02-21,AURORA_fold_rule_earliest,0.002678744634456952,0.0,0.002678744634456952,1.0187074312959894,-0.00723750727158512
2025-02-24,AURORA_fold_rule_earliest,-0.0026759302548262044,0.0,-0.0026759302548262044,1.0159814412597683,-0.009894070461733628
2025-02-25,AURORA_fold_rule_earliest,-0.004678102972075466,0.0,-0.004678102972075466,1.0112285754598374,-0.014525887953376282
2025-02-26,AURORA_fold_rule_earliest,0.0015972870813516574,0.0,0.0015972870813516574,1.012843797799713,-0.012951802885197816
2025-02-27,AURORA_fold_rule_earliest,-0.004162124397158766,7.896796426599046e-06,-0.004170021193585365,1.0086202176970966,-0.01706781478625663
2025-03-03,AURORA_fold_rule_earliest,-0.008756759008773408,0.0,-0.008756759008773408,0.9997879735193467,-0.02567511505414033
2025-03-04,AURORA_fold_rule_earliest,-0.0020290602387503806,0.0,-0.0020290602387503806,0.9977593434950978,-0.027652078937809077
2025-03-05,AURORA_fold_rule_earliest,0.004697065030466347,0.0,0.004697065030466347,1.0024458840162496,-0.023084897520341263
2025-03-06,AURORA_fold_rule_earliest,-0.0020530758214777193,0.0,-0.0020530758214777193,1.000387786609436,-0.025090578296878663
2025-03-07,AURORA_fold_rule_earliest,-0.004041127775039508,0.0,-0.004041127775039508,0.9963450917391583,-0.029030311839070788
2025-03-10,AURORA_fold_rule_earliest,-0.002002749912750448,0.0,-0.002002749912750448,0.9943496616936084,-0.03097492129731838
2025-03-11,AURORA_fold_rule_earliest,-0.007483852559575748,0.0,-0.007483852559575748,0.9869080954328294,-0.038226962112860585
2025-03-12,AURORA_fold_rule_earliest,0.0020278547816022703,0.0,0.0020278547816022703,0.9889094017331548,-0.03627662605916504
2025-03-13,AURORA_fold_rule_earliest,-0.002804450559007411,0.0,-0.002804450559007411,0.9861360542086565,-0.03897934061394204
2025-03-14,AURORA_fold_rule_earliest,-0.001221530298598439,0.0,-0.001221530298598439,0.9849314591399003,-0.04015325646696111
2025-03-17,AURORA_fold_rule_earliest,0.0031804148114747163,0.0,0.0031804148114747163,0.9880639497408362,-0.037100545667082874
2025-03-18,AURORA_fold_rule_earliest,0.001987540329426318,0.0,0.001987540329426318,0.9900277666889984,-0.03518674416841361
2025-03-19,AURORA_fold_rule_earliest,-0.004544084729617809,0.0,-0.004544084729617809,0.9855289966324894,-0.039570937351170676
2025-03-20,AURORA_fold_rule_earliest,0.007413787136813936,0.0,0.007413787136813936,0.9928354988306803,-0.03245052072068266
2025-03-21,AURORA_fold_rule_earliest,-0.0026045048402599568,0.0,-0.0026045048402599568,0.9902496539683939,-0.034970508022656666
2025-03-24,AURORA_fold_rule_earliest,-0.000878274985746745,0.0,-0.000878274985746745,0.9893799424676691,-0.0358180692859682
2025-03-25,AURORA_fold_rule_earliest,0.004150550417005128,0.0,0.004150550417005128,0.9934864138004549,-0.03181618357137428
2025-03-26,AURORA_fold_rule_earliest,-0.0002583694613835565,0.0,-0.0002583694613835565,0.9932297272508294,-0.03206633270254522
2025-03-27,AURORA_fold_rule_earliest,-0.007546835846477619,0.0,-0.007546835846477619,0.9857339855414256,-0.03937116919991823
2025-03-28,AURORA_fold_rule_earliest,-0.0045320549066164475,0.0,-0.0045320549066164475,0.9812665849956339,-0.04372479180598299
2025-03-31,AURORA_fold_rule_earliest,-0.014592676966644591,3.8606244178845074e-05,-0.014631283210823437,0.9669093956852453,-0.05771632520455883
2025-04-01,AURORA_fold_rule_earliest,0.00857481868226138,0.0,0.00857481868226138,0.9752004684354212,-0.049636413545932956
2025-04-02,AURORA_fold_rule_earliest,-0.00046180770801896405,0.0,-0.00046180770801896405,0.974750113342234,-0.050075298775577926
2025-04-07,AURORA_fold_rule_earliest,-0.0395698928279354,0.0,-0.0395698928279354,0.936179355823264,-0.0876637173976369
2025-04-08,AURORA_fold_rule_earliest,-0.014750722152401793,0.0,-0.014750722152401793,0.9223700342607005,-0.10112133641185939
2025-04-09,AURORA_fold_rule_earliest,-0.01759113851739111,0.0,-0.01759113851739111,0.9061444952237298,-0.11693363549336577
2025-04-10,AURORA_fold_rule_earliest,0.034924929816783135,0.0,0.034924929816783135,0.9377915281232828,-0.08609260468940982
2025-04-11,AURORA_fold_rule_earliest,0.010692128876979788,0.0,0.010692128876979788,0.9478185160017166,-0.07632098903712425
2025-04-14,AURORA_fold_rule_earliest,-0.0010875637266623852,0.0,-0.0010875637266623852,0.9467877029642542,-0.0773255488245268
2025-04-15,AURORA_fold_rule_earliest,0.004034384440454322,0.0,0.004034384440454322,0.9506074085415066,-0.07360312537509983
2025-04-16,AURORA_fold_rule_earliest,-0.006893021580539883,0.0,-0.006893021580539883,0.9440548511598089,-0.079988799024034
2025-04-17,AURORA_fold_rule_earliest,-0.0030093996916434607,0.0,-0.0030093996916434607,0.941213812781834,-0.08275748044855957
2025-04-18,AURORA_fold_rule_earliest,0.001165252053231331,0.0,0.001165252053231331,0.9423105641097077,-0.0816886617193413
2025-04-21,AURORA_fold_rule_earliest,-0.0054258717520503765,0.0,-0.0054258717520503765,0.9371977078382462,-0.08667130126930589
2025-04-22,AURORA_fold_rule_earliest,-0.006200412773315425,0.0,-0.006200412773315425,0.9313866951994441,-0.09233431619915111
2025-04-23,AURORA_fold_rule_earliest,0.01612478376779023,0.0,0.01612478376779023,0.9464051042637318,-0.07769840331441902
2025-04-24,AURORA_fold_rule_earliest,-0.002740415210292855,0.0,-0.002740415210292855,0.9438115613209086,-0.0802258926384537
2025-04-25,AURORA_fold_rule_earliest,0.00946068037840087,0.0,0.00946068037840087,0.9527406608400053,-0.07152420378837698
2025-04-28,AURORA_fold_rule_earliest,0.002648698908283481,0.0,0.002648698908283481,0.9552641839882495,-0.06906495096058363
2025-04-29,AURORA_fold_rule_earliest,0.001974140272278469,0.0,0.001974140272278469,0.9571500094845259,-0.06722715458939943
2025-04-30,AURORA_fold_rule_earliest,0.00019386081955907291,3.0187282562590097e-05,0.00016367353699648282,0.9573066696120145,-0.06707448435857677
2025-05-02,AURORA_fold_rule_earliest,0.01143383621713592,0.0,0.01143383621713592,0.9682523572819302,-0.05640756680994563
2025-05-05,AURORA_fold_rule_earliest,-0.004350058871602502,0.0,-0.004350058871602502,0.9640404025251859,-0.060512249445121014
2025-05-06,AURORA_fold_rule_earliest,-0.0013967247785807882,0.0,-0.0013967247785807882,0.962693903407426,-0.06182445526549407
2025-05-07,AURORA_fold_rule_earliest,-0.0008404153372720552,0.0,-0.0008404153372720552,0.9618848406859041,-0.06261291238234257
2025-05-08,AURORA_fold_rule_earliest,0.005301957177122652,0.0,0.005301957177122652,0.9669847129205442,-0.05764292618540601
2025-05-09,AURORA_fold_rule_earliest,0.004488366819051013,0.0,0.004488366819051013,0.9713248950205463,-0.053413281963598624
2025-05-12,AURORA_fold_rule_earliest,0.004337915364781818,0.0,0.004337915364781818,0.975538420206851,-0.0493070688953301
2025-05-13,AURORA_fold_rule_earliest,0.005878106662584739,0.0,0.005878106662584739,0.9812727390942764,-0.043718794442931475
2025-05-14,AURORA_fold_rule_earliest,0.009186305774546296,0.0,0.009186305774546296,0.990287010523823,-0.03493410288223253
2025-05-15,AURORA_fold_rule_earliest,-0.0010300127629227127,0.0,-0.0010300127629227127,0.9892670022640269,-0.03592813307332521
2025-05-16,AURORA_fold_rule_earliest,0.0006102077599633971,0.0,0.0006102077599633971,0.9898706606654841,-0.035339848938964136
2025-05-19,AURORA_fold_rule_earliest,-0.006154472812925781,0.0,-0.006154472812925781,0.9837785285961055,-0.04127682361238216
2025-05-20,AURORA_fold_rule_earliest,0.0006731871308479204,0.0,0.0006731871308479204,0.9844407956411608,-0.04063142350799254
2025-05-21,AURORA_fold_rule_earliest,0.006011010887600845,0.0,0.006011010887600845,0.9903582799819582,-0.034864648549476907
2025-05-22,AURORA_fold_rule_earliest,-0.004581778544356902,0.0,-0.004581778544356902,0.9858206776635107,-0.03928668499515331
2025-05-23,AURORA_fold_rule_earliest,-0.0011505356526956365,0.0,-0.0011505356526956365,0.9846864558266942,-0.040392019916085875
2025-05-26,AURORA_fold_rule_earliest,-0.0008636078393771099,0.0,-0.0008636078393771099,0.9838360728841138,-0.04122074489041516
2025-05-27,AURORA_fold_rule_earliest,-0.0038458247142013294,0.0,-0.0038458247142013294,0.9800524118002932,-0.04490804184517916
2025-05-28,AURORA_fold_rule_earliest,0.0018100123677957363,0.0,0.0018100123677957363,0.9818263187867399,-0.04317931358853666
2025-05-29,AURORA_fold_rule_earliest,0.0009707006252879343,3.0194991094048484e-05,0.0009405056341938858,0.9827497319713585,-0.04227941834205351
2025-06-02,AURORA_fold_rule_earliest,-0.008376708802096688,0.0,-0.008376708802096688,0.9745175236412958,-0.050301964768376894
2025-06-03,AURORA_fold_rule_earliest,0.0026706707747021358,0.0,0.0026706707747021358,0.9771201391111198,-0.04776563398089162
2025-06-04,AURORA_fold_rule_earliest,0.00919969958421894,0.0,0.00919969958421894,0.9861093508486324,-0.039005363879746624
2025-06-05,AURORA_fold_rule_earliest,0.0009407592288516764,0.0,0.0009407592288516764,0.9870370423211002,-0.03810129930693951
2025-06-06,AURORA_fold_rule_earliest,0.0005885993838410617,0.0,0.0005885993838410617,0.9876180117160387,-0.03753512632439404
2025-06-09,AURORA_fold_rule_earliest,0.0035117822323691514,0.0,0.0035117822323691514,0.9910863111019508,-0.03415515928174073
2025-06-10,AURORA_fold_rule_earliest,0.010245977752132955,0.0,0.010245977752132955,1.0012409593959448,-0.02425913453172912
2025-06-11,AURORA_fold_rule_earliest,0.0026348897506999554,0.0,0.0026348897506999554,1.0038791189378382,-0.02168816492596759
2025-06-12,AURORA_fold_rule_earliest,-0.0014105378169322741,0.0,-0.0014105378169322741,1.0024631094769478,-0.02306811076609183
2025-06-13,AURORA_fold_rule_earliest,-0.003211135685205677,0.0,-0.003211135685205677,0.9992440644130042,-0.026205171617626255
2025-06-16,AURORA_fold_rule_earliest,0.0006826932151688237,0.0,0.0006826932151688237,0.9999262415560767,-0.02554036849532304
2025-06-17,AURORA_fold_rule_earliest,0.0010589706630722009,0.0,0.0010589706630722009,1.0009851341111204,-0.024508444333211643
2025-06-18,AURORA_fold_rule_earliest,0.0030715670313526677,0.0,0.0030715670313526677,1.0040597270479301,-0.021512156631462775
2025-06-19,AURORA_fold_rule_earliest,-0.003978046948920681,0.0,-0.003978046948920681,1.000065530314213,-0.025404627211330966
2025-06-20,AURORA_fold_rule_earliest,-0.0008149274533579357,0.0,-0.0008149274533579357,0.9992505494584029,-0.026198851736532136
2025-06-23,AURORA_fold_rule_earliest,-0.0025620041786219767,0.0,-0.0025620041786219767,0.9966904653752001,-0.028693734347530087
2025-06-24,AURORA_fold_rule_earliest,0.007528781835380012,0.0,0.007528781835380012,1.0041943304464134,-0.021380981378094965
2025-06-25,AURORA_fold_rule_earliest,0.0053228760995294,0.0,0.0053228760995294,1.0095395324472296,-0.01617191359332737
2025-06-26,AURORA_fold_rule_earliest,0.000326578625724033,0.0,0.000326578625724033,1.0098692264803504,-0.015850616368919934
2025-06-27,AURORA_fold_rule_earliest,0.0006601105637114903,0.0,0.0006601105637114903,1.0105358518247172,-0.01520096896451495
2025-06-30,AURORA_fold_rule_earliest,0.0002158233477693507,3.130021386847212e-05,0.00018452313390087858,1.010722319067015,-0.015019250761045821
2025-07-01,AURORA_fold_rule_earliest,0.002655188090420907,0.0,0.002655188090420907,1.0134059769313242,-0.012403941606372815
2025-07-02,AURORA_fold_rule_earliest,0.000652134305647429,0.0,0.000652134305647429,1.014066853734429,-0.011759896336572262
2025-07-03,AURORA_fold_rule_earliest,0.004786177118334908,0.0,0.004786177118334908,1.0189203573062346,-0.00703000416499755
2025-07-04,AURORA_fold_rule_earliest,-0.003067760584771458,0.0,-0.003067760584771458,1.0157945535950694,-0.01007619838008067
2025-07-07,AURORA_fold_rule_earliest,-0.0022985252262593785,0.0,-0.0022985252262593785,1.0134597241889343,-0.012351563210178718
2025-07-08,AURORA_fold_rule_earliest,-0.001658055563312461,0.0,-0.001658055563312461,1.0117793516550497,-0.013989139195394906
2025-07-09,AURORA_fold_rule_earliest,0.0045624413963843,0.0,0.0045624413963843,1.0163955356530476,-0.009490522426775394
2025-07-10,AURORA_fold_rule_earliest,0.004453582634051536,0.0,0.004453582634051536,1.0209221371599595,-0.005079206618591847
2025-07-11,AURORA_fold_rule_earliest,0.0015100869123650421,0.0,0.0015100869123650421,1.0224638183178285,-0.0035767897496667977
2025-07-14,AURORA_fold_rule_earliest,-0.0032176727493571197,0.0,-0.0032176727493571197,1.0191738643524235,-0.006782953560116267
2025-07-15,AURORA_fold_rule_earliest,0.005712102678272142,0.0,0.005712102678272142,1.024995490112616,-0.0011095958090414637
2025-07-16,AURORA_fold_rule_earliest,0.004046592612980047,0.0,0.004046592612980047,1.0291432292912435,0.0
2025-07-17,AURORA_fold_rule_earliest,0.001114175208136489,0.0,0.001114175208136489,1.0302898751629412,0.0
2025-07-18,AURORA_fold_rule_earliest,0.005682206729775019,0.0,0.005682206729775019,1.0361441952252113,0.0
2025-07-21,AURORA_fold_rule_earliest,-0.001239874278417693,0.0,-0.001239874278417693,1.0348595066888198,-0.001239874278417652
2025-07-22,AURORA_fold_rule_earliest,-0.0032422419849437293,0.0,-0.0032422419849437293,1.0315042417477152,-0.004478096290919775
2025-07-23,AURORA_fold_rule_earliest,0.0020402519553087617,0.0,0.0020402519553087617,1.0336087702938501,-0.0024469807803247923
2025-07-24,AURORA_fold_rule_earliest,0.002529655468412772,0.0,0.002529655468412772,1.0362234443718232,0.0
2025-07-25,AURORA_fold_rule_earliest,-0.0008584258234386921,0.0,-0.0008584258234386921,1.0353339234083219,-0.0008584258234386466
2025-07-28,AURORA_fold_rule_earliest,0.0017662697621795786,0.0,0.0017662697621795786,1.0371626024109968,0.0
2025-07-29,AURORA_fold_rule_earliest,-0.004785874140661955,0.0,-0.004785874140661955,1.0321988727324563,-0.004785874140662005
2025-07-30,AURORA_fold_rule_earliest,0.004246981393039471,0.0,0.004246981393039471,1.0365826021388673,-0.0005592182660473233
2025-07-31,AURORA_fold_rule_earliest,0.005233014343514255,2.6199668206526207e-05,0.005206814675307729,1.0419798956438526,0.0
2025-08-01,AURORA_fold_rule_earliest,-0.0034199430874054214,0.0,-0.0034199430874054214,1.03841638370253,-0.0034199430874054526
2025-08-04,AURORA_fold_rule_earliest,-0.0021990258659449723,0.0,-0.0021990258659449723,1.036132879215147,-0.005611448410041242
2025-08-05,AURORA_fold_rule_earliest,0.005738063807734923,0.0,0.005738063807734923,1.0420782757893756,0.0
2025-08-06,AURORA_fold_rule_earliest,-0.0033991334033742844,0.0,-0.0033991334033742844,1.0385361127132093,-0.003399133403374277
2025-08-07,AURORA_fold_rule_earliest,0.011661623365114152,0.0,0.011661623365114152,1.0506471297107405,0.0
2025-08-08,AURORA_fold_rule_earliest,0.00019942284289894266,0.0,0.00019942284289894266,1.050856652748231,0.0
2025-08-11,AURORA_fold_rule_earliest,0.0033021820405356966,0.0,0.0033021820405356966,1.0543267727141137,0.0
2025-08-12,AURORA_fold_rule_earliest,0.00024620027642838997,0.0,0.00024620027642838997,1.0545863482570017,0.0
2025-08-13,AURORA_fold_rule_earliest,0.003366000481739685,0.0,0.003366000481739685,1.058136086413271,0.0
2025-08-14,AURORA_fold_rule_earliest,-0.0016181534184369353,0.0,-0.0016181534184369353,1.05642385988787,-0.0016181534184368518
2025-08-15,AURORA_fold_rule_earliest,0.0010516624136798444,0.0,0.0010516624136798444,1.0575348611542286,-0.0005681927558867095
2025-08-18,AURORA_fold_rule_earliest,0.001815926781943053,0.0,0.001815926781943053,1.059455267031437,0.0
2025-08-19,AURORA_fold_rule_earliest,-0.0017570626210277798,0.0,-0.0017570626210277798,1.057593737783085,-0.0017570626210278162
2025-08-20,AURORA_fold_rule_earliest,-0.012305631837916314,0.0,-0.012305631837916314,1.0445793786118407,-0.01404107269321353
2025-08-21,AURORA_fold_rule_earliest,0.003296769093070465,0.0,0.003296769093070465,1.048023115622507,-0.01079059377463143
2025-08-22,AURORA_fold_rule_earliest,-0.002039795273813779,0.0,-0.002039795273813779,1.0458853630244127,-0.012808378446262036
2025-08-25,AURORA_fold_rule_earliest,0.008260935464408316,0.0,0.008260935464408316,1.0545253545115267,-0.004653252169601996
2025-08-26,AURORA_fold_rule_earliest,0.00032856709640846133,0.0,0.00032856709640846133,1.0548718368453476,-0.004326213978747884
2025-08-27,AURORA_fold_rule_earliest,0.0031538943253557636,0.0,0.0031538943253557636,1.0581987911455517,-0.0011859640751099576
2025-08-28,AURORA_fold_rule_earliest,-0.0037688798354698246,0.0,-0.0037688798354698246,1.0542105670596846,-0.00495037415449151
2025-08-29,AURORA_fold_rule_earliest,-0.0004643952804918709,2.6729599843028392e-05,-0.0004911248803348993,1.0536928180210896,-0.005439067782912255
2025-09-01,AURORA_fold_rule_earliest,-0.005130097040123596,0.0,-0.005130097040123596,1.0482872716141602,-0.010541261877501595
2025-09-02,AURORA_fold_rule_earliest,-0.0001928440649753202,0.0,-0.0001928440649753202,1.0480851156354403,-0.010732073122686536
2025-09-03,AURORA_fold_rule_earliest,-2.492992803869728e-05,0.0,-2.492992803869728e-05,1.048058986948929,-0.010756735500914605
2025-09-04,AURORA_fold_rule_earliest,0.0024611541776915166,0.0,0.0024611541776915166,1.0506384217031255,-0.00832205530773944
2025-09-05,AURORA_fold_rule_earliest,0.004605093023556791,0.0,0.004605093023556791,1.0554767093691912,-0.003755286123022006
2025-09-08,AURORA_fold_rule_earliest,0.003596344786097042,0.0,0.003596344786097042,1.0592725675297778,-0.00017244664059401504
2025-09-09,AURORA_fold_rule_earliest,0.0044560084502017205,0.0,0.0044560084502017205,1.0639926950417573,0.0
2025-09-10,AURORA_fold_rule_earliest,0.008189794272211077,0.0,0.008189794272211077,1.0727065763212849,0.0
2025-09-11,AURORA_fold_rule_earliest,0.0033542708305309686,0.0,0.0033542708305309686,1.0763047246999582,0.0
2025-09-12,AURORA_fold_rule_earliest,0.0035653395656146266,0.0,0.0035653395656146266,1.0801421165195888,0.0
2025-09-15,AURORA_fold_rule_earliest,-0.00024884461040837295,0.0,-0.00024884461040837295,1.0798733289754177,-0.00024884461040852734
2025-09-16,AURORA_fold_rule_earliest,0.0052830835490153966,0.0,0.0052830835490153966,1.0855783899947482,0.0
2025-09-17,AURORA_fold_rule_earliest,-0.0029247589247431887,0.0,-0.0029247589247431887,1.0824033349101028,-0.002924758924743198
2025-09-18,AURORA_fold_rule_earliest,0.004670891304808711,0.0,0.004670891304808711,1.0874591232354305,0.0
2025-09-19,AURORA_fold_rule_earliest,-0.00044962303701246684,0.0,-0.00044962303701246684,1.0869701765618145,-0.00044962303701245876
2025-09-22,AURORA_fold_rule_earliest,0.0024197775086955173,0.0,0.0024197775086955173,1.0896004025476818,0.0
2025-09-23,AURORA_fold_rule_earliest,0.00708670693340195,0.0,0.00708670693340195,1.097322081275054,0.0
2025-09-24,AURORA_fold_rule_earliest,-0.00026969911414492965,0.0,-0.00026969911414492965,1.0970261344818024,-0.00026969911414487235
2025-09-25,AURORA_fold_rule_earliest,-0.0012256835009862121,0.0,-0.0012256835009862121,1.0956815276486174,-0.0014950520493767216
2025-09-26,AURORA_fold_rule_earliest,-0.007772660500430392,0.0,-0.007772660500430392,1.0871651671176117,-0.009256092017796869
2025-09-30,AURORA_fold_rule_earliest,0.004512927585639561,2.472251070497074e-05,0.00448820507493459,1.0920445873379612,-0.004809430182030505
2025-10-01,AURORA_fold_rule_earliest,0.0014000499463383614,0.0,0.0014000499463383614,1.0935735043038628,-0.003416113678160415
2025-10-02,AURORA_fold_rule_earliest,0.008111212504422543,0.0,0.008111212504422543,1.1024437113864773,0.0
2025-10-03,AURORA_fold_rule_earliest,0.0062986144460266845,0.0,0.0062986144460266845,1.1093875792729475,0.0
2025-10-07,AURORA_fold_rule_earliest,0.01036387807118165,0.0,0.01036387807118165,1.1208851368782158,0.0
2025-10-08,AURORA_fold_rule_earliest,-0.003991293361137535,0.0,-0.003991293361137535,1.116411355472796,-0.003991293361137682
2025-10-09,AURORA_fold_rule_earliest,0.003423609011471772,0.0,0.003423609011471772,1.120233511449902,-0.0005813489775844394
2025-10-13,AURORA_fold_rule_earliest,-0.004956345827648662,0.0,-0.004956345827648662,1.1146812467594351,-0.005534813438653585
2025-10-14,AURORA_fold_rule_earliest,-0.002268742113502579,0.0,-0.002268742113502579,1.1121523224717804,-0.007790998487817613
2025-10-15,AURORA_fold_rule_earliest,0.0075995910926141665,0.0,0.0075995910926141665,1.120604225355267,-0.00025061579791407773
2025-10-16,AURORA_fold_rule_earliest,0.008488262007677235,0.0,0.008488262007677235,1.1301162076269926,0.0
2025-10-17,AURORA_fold_rule_earliest,-0.006037496487925105,0.0,-0.006037496487925105,1.1232931349924975,-0.006037496487925065
2025-10-20,AURORA_fold_rule_earliest,0.007020794424419191,0.0,0.007020794424419191,1.131179545171641,0.0
2025-10-21,AURORA_fold_rule_earliest,0.0007234121494077969,0.0,0.0007234121494077969,1.1319978541977798,0.0
2025-10-22,AURORA_fold_rule_earliest,-0.002598134666418648,0.0,-0.002598134666418648,1.1290567713304769,-0.002598134666418783
2025-10-23,AURORA_fold_rule_earliest,-0.0030724994386064444,0.0,-0.0030724994386064444,1.1255877450344092,-0.005662651337721258
2025-10-27,AURORA_fold_rule_earliest,0.010535693417272937,0.0,0.010535693417272937,1.1374465924303312,0.0
2025-10-28,AURORA_fold_rule_earliest,-0.002167991978328055,0.0,-0.002167991978328055,1.1349806173421657,-0.0021679919783279544
2025-10-29,AURORA_fold_rule_earliest,0.0069533758195161445,0.0,0.0069533758195161445,1.1428725641224122,0.0
2025-10-30,AURORA_fold_rule_earliest,-0.00035738517128261244,0.0,-0.00035738517128261244,1.1424641184153292,-0.00035738517128247604
2025-10-31,AURORA_fold_rule_earliest,0.002234531176573217,5.1370922891264135e-06,0.0022293940842840906,1.1450111211624312,0.0
2025-11-03,AURORA_fold_rule_earliest,-0.0037207122695968858,0.0,-0.0037207122695968858,1.1407508642350972,-0.0037207122695969153
2025-11-04,AURORA_fold_rule_earliest,-0.0016646927999792963,0.0,-0.0016646927999792963,1.1388518644848349,-0.0053792112266501935
2025-11-05,AURORA_fold_rule_earliest,-0.005618566890318719,0.0,-0.005618566890318719,1.1324531491060628,-0.010967554658874779
2025-11-06,AURORA_fold_rule_earliest,0.0015930910690390484,0.0,0.0015930910690390484,1.134257250104009,-0.009391935903211857
2025-11-07,AURORA_fold_rule_earliest,-0.005472102473099641,0.0,-0.005472102473099641,1.1280504782005836,-0.014812644740628378
2025-11-10,AURORA_fold_rule_earliest,0.005296766662273041,0.0,0.005296766662273041,1.1340254983668776,-0.009594337201197511
2025-11-11,AURORA_fold_rule_earliest,-0.003268051821181739,0.0,-0.003268051821181739,1.1303194442716733,-0.012831034231215788
2025-11-12,AURORA_fold_rule_earliest,0.002670810709852444,0.0,0.002670810709852444,1.1333383135489887,-0.010194492785006393
2025-11-13,AURORA_fold_rule_earliest,-0.0022662949103217497,0.0,-0.0022662949103217497,1.13076983469732,-0.012437683968216096
2025-11-14,AURORA_fold_rule_earliest,-0.00856427667104597,0.0,-0.00856427667104597,1.1210856089816994,-0.020895440872611193
2025-11-17,AURORA_fold_rule_earliest,0.0015071876753395903,0.0,0.0015071876753395903,1.1227752953945573,-0.019419746548225425
2025-11-18,AURORA_fold_rule_earliest,-0.009716207917707718,0.0,-0.009716207917707718,1.111866177179638,-0.02894726817076143
2025-11-19,AURORA_fold_rule_earliest,-0.002978909625147662,0.0,-0.002978909625147662,1.1085540283225614,-0.031839946500133554
2025-11-20,AURORA_fold_rule_earliest,0.01342326074101028,0.0,0.01342326074101028,1.1234344380902326,-0.018844081662974355
2025-11-21,AURORA_fold_rule_earliest,-0.014505872803592628,0.0,-0.014505872803592628,1.1071380410281202,-0.03307660461486328
2025-11-24,AURORA_fold_rule_earliest,-0.0020409333391862025,0.0,-0.0020409333391862025,1.1048784460891046,-0.035050030808943866
2025-11-25,AURORA_fold_rule_earliest,0.006537034979927972,0.0,0.006537034979927972,1.1121010751397575,-0.028742119106461517
2025-11-26,AURORA_fold_rule_earliest,0.007293431975120394,0.0,0.007293431975120394,1.1202121086807475,-0.02165831582186506
2025-11-27,AURORA_fold_rule_earliest,0.0036086653763820094,0.0,0.0036086653763820094,1.1242545793315477,-0.018127808059899997
2025-11-28,AURORA_fold_rule_earliest,0.0030664513504836425,7.643410538945918e-06,0.0030588079399446965,1.1276934581653262,-0.015124449603182821
2025-12-01,AURORA_fold_rule_earliest,-0.005452040207926245,0.0,-0.005452040207926245,1.1215452280891935,-0.020494030703749666
2025-12-02,AURORA_fold_rule_earliest,0.0012185948537551175,0.0,0.0012185948537551175,1.1229119373323966,-0.019300409770342863
2025-12-03,AURORA_fold_rule_earliest,0.0037766934445536454,0.0,0.0037766934445536454,1.1271528314849308,-0.01559660805684615
2025-12-04,AURORA_fold_rule_earliest,-0.0005590692180421071,0.0,-0.0005590692180421071,1.1265226750328188,-0.016146957691417607
2025-12-05,AURORA_fold_rule_earliest,0.003973237485846395,0.0,0.003973237485846395,1.130998617153915,-0.012237875903153173
2025-12-08,AURORA_fold_rule_earliest,0.005899062187570896,0.0,0.005899062187570896,1.1376704483305629,-0.006411005706578599
2025-12-09,AURORA_fold_rule_earliest,-0.0008505169306535311,0.0,-0.0008505169306535311,1.1367028403527535,-0.007256069968336276
2025-12-10,AURORA_fold_rule_earliest,0.0029712104504809153,0.0,0.0029712104504809153,1.140080223711101,-0.004306418828774583
2025-12-11,AURORA_fold_rule_earliest,-0.004980027297391663,0.0,-0.004980027297391663,1.1344025930758033,-0.009265000042845029
2025-12-12,AURORA_fold_rule_earliest,0.001466318266741876,0.0,0.001466318266741876,1.1360659883198696,-0.0078122672149073535
2025-12-15,AURORA_fold_rule_earliest,-0.004860652818692536,0.0,-0.004860652818692536,1.130543965971522,-0.012634947314941303
2025-12-16,AURORA_fold_rule_earliest,-0.004257564953562179,0.0,-0.004257564953562179,1.1257306016035404,-0.016838718159625343
2025-12-17,AURORA_fold_rule_earliest,-0.0015161293667965512,0.0,-0.0015161293667965512,1.1240238483793477,-0.01832931785132097
2025-12-18,AURORA_fold_rule_earliest,-0.0003235365628178914,0.0,-0.0003235365628178914,1.1236601855669177,-0.018646924209642313
2025-12-19,AURORA_fold_rule_earliest,0.003968123859632744,0.0,0.003968123859632744,1.128119008359385,-0.014752793654874807
2025-12-22,AURORA_fold_rule_earliest,0.0062570530056687374,0.0,0.0062570530056687374,1.1351777087913921,-0.008588049661086283
2025-12-23,AURORA_fold_rule_earliest,0.0018681256172046145,0.0,0.0018681256172046145,1.137298363349265,-0.006735967599455384
2025-12-24,AURORA_fold_rule_earliest,0.0012299551448271525,0.0,0.0012299551448271525,1.13869718932247,-0.005514297392632539
2025-12-26,AURORA_fold_rule_earliest,0.0035809681988955445,0.0,0.0035809681988955445,1.1427748277456056,-0.0019530757173391589
2025-12-29,AURORA_fold_rule_earliest,0.004941135103125129,0.0,0.004941135103125129,1.1484214325619473,0.0
2025-12-30,AURORA_fold_rule_earliest,-0.0005182258172125189,0.0,-0.0005182258172125189,1.1478262909265535,-0.0005182258172125032
2025-12-31,AURORA_fold_rule_earliest,0.002462851442596598,1.0919427314268927e-05,0.002451932015282329,1.150640682957259,0.0
2026-01-02,AURORA_fold_rule_earliest,0.00855854001875122,0.0,0.00855854001875122,1.1604884872895518,0.0
2026-01-05,AURORA_fold_rule_earliest,0.015033423309680246,0.0,0.015033423309680246,1.1779346019649861,0.0
2026-01-06,AURORA_fold_rule_earliest,0.0052675716287534265,0.0,0.0052675716287534265,1.1841394568548238,0.0
2026-01-07,AURORA_fold_rule_earliest,-0.003213528392541704,0.0,-0.003213528392541704,1.1803341910894918,-0.0032135283925418534
2026-01-08,AURORA_fold_rule_earliest,0.0008696831184400066,0.0,0.0008696831184400066,1.1813607078096,-0.002346640025495339
2026-01-09,AURORA_fold_rule_earliest,-0.0011027951543947094,0.0,-0.0011027951543947094,1.1800579089454353,-0.0034468473166408
2026-01-12,AURORA_fold_rule_earliest,0.0030710688610699932,0.0,0.0030710688610699932,1.183681948043857,-0.00038636396103375326
2026-01-13,AURORA_fold_rule_earliest,0.002257509684017273,0.0,0.002257509684017273,1.1863541215043623,0.0
2026-01-14,AURORA_fold_rule_earliest,0.001331931977372916,0.0,0.001331931977372916,1.1879342644952822,0.0
2026-01-15,AURORA_fold_rule_earliest,-0.0011871068153684614,0.0,-0.0011871068153684614,1.1865240596336901,-0.0011871068153684883
2026-01-16,AURORA_fold_rule_earliest,0.008969120679957246,0.0,0.008969120679957246,1.1971661371142173,0.0
2026-01-19,AURORA_fold_rule_earliest,0.0026248246760267762,0.0,0.0026248246760267762,1.2003084883322184,0.0
2026-01-20,AURORA_fold_rule_earliest,0.0006381533349079341,0.0,0.0006381533349079341,1.201074469196966,0.0
2026-01-21,AURORA_fold_rule_earliest,-0.004047836526663702,0.0,-0.004047836526663702,1.1962127160893072,-0.0040478365266637395
2026-01-22,AURORA_fold_rule_earliest,0.0055065100604602644,0.0,0.0055065100604602644,1.2027996734449036,0.0
2026-01-23,AURORA_fold_rule_earliest,0.0037109620108058358,0.0,0.0037109620108058358,1.2072632173396671,0.0
2026-01-26,AURORA_fold_rule_earliest,0.00028863191530840976,0.0,0.00028863191530840976,1.2076116720343693,0.0
2026-01-27,AURORA_fold_rule_earliest,0.0050506384766643665,0.0,0.0050506384766643665,1.213710882010015,0.0
2026-01-28,AURORA_fold_rule_earliest,0.006570384339033914,0.0,0.006570384339033914,1.2216854289812886,0.0
2026-01-29,AURORA_fold_rule_earliest,-0.002827348001883579,0.0,-0.002827348001883579,1.2182312991247282,-0.002827348001883556
2026-01-30,AURORA_fold_rule_earliest,-0.006997617480717971,1.1273662464610355e-05,-0.007008891143182581,1.209692848561945,-0.009816422570697148
2026-02-02,AURORA_fold_rule_earliest,-0.006980501975287862,0.0,-0.006980501975287862,1.2012485852430665,-0.016728400988840098
2026-02-03,AURORA_fold_rule_earliest,0.0096090036513324,0.0,0.0096090036513324,1.212791387284825,-0.0072801406036904215
2026-02-04,AURORA_fold_rule_earliest,7.60933536267012e-06,0.0,7.60933536267012e-06,1.212800615821216,-0.0072725866653590154
2026-02-05,AURORA_fold_rule_earliest,-0.006225657804210792,0.0,-0.006225657804210792,1.205250134202377,-0.013452967833639806
2026-02-06,AURORA_fold_rule_earliest,-0.0004140598847783711,0.0,-0.0004140598847783711,1.20475108847068,-0.013861457384107045
2026-02-09,AURORA_fold_rule_earliest,0.01179064365447386,0.0,0.01179064365447386,1.2189558792471773,-0.0022342492341808073
2026-02-10,AURORA_fold_rule_earliest,0.009566589470153146,0.0,0.009566589470153146,1.2306171297261645,0.0
2026-02-11,AURORA_fold_rule_earliest,0.009472709219123758,0.0,0.009472709219123758,1.2422744079561332,0.0
2026-02-23,AURORA_fold_rule_earliest,0.001314444362341198,0.0,0.001314444362341198,1.2439073085481518,0.0
2026-02-24,AURORA_fold_rule_earliest,0.012376319196847426,0.0,0.012376319196847426,1.259302302450035,0.0
2026-02-25,AURORA_fold_rule_earliest,0.010280606322622446,0.0,0.010280606322622446,1.2722486936626958,0.0
2026-02-26,AURORA_fold_rule_earliest,0.001188793223487902,9.636123592888569e-06,0.0011791570998950134,1.2737488747426602,0.0
2026-03-02,AURORA_fold_rule_earliest,-0.0041322553775327885,0.0,-0.0041322553775327885,1.2684854191053785,-0.004132255377532812
2026-03-03,AURORA_fold_rule_earliest,-0.01017499412903468,0.0,-0.01017499412903468,1.2555785874132153,-0.014265203832361295
2026-03-04,AURORA_fold_rule_earliest,-0.019226012563851334,0.0,-0.019226012563851334,1.231438817716706,-0.03321695340810593
2026-03-05,AURORA_fold_rule_earliest,0.011374285884413787,0.0,0.011374285884413787,1.24544555487858,-0.022220486647965276
2026-03-06,AURORA_fold_rule_earliest,-0.0021393498446123454,0.0,-0.0021393498446123454,1.2427811111242775,-0.024312299097920098
2026-03-09,AURORA_fold_rule_earliest,-0.02065639506961143,0.0,-0.02065639506961143,1.2171097335078436,-0.04446648971231448
2026-03-10,AURORA_fold_rule_earliest,0.010617118254098057,0.0,0.010617118254098057,1.23003193147671,-0.034321477437836756
2026-03-11,AURORA_fold_rule_earliest,0.01880890495740368,0.0,0.01880890495740368,1.253167485170427,-0.01615812188755905
2026-03-12,AURORA_fold_rule_earliest,-0.007970198410589942,0.0,-0.007970198410589942,1.2431794916719188,-0.023999536860762616
2026-03-13,AURORA_fold_rule_earliest,-0.0034363078472270337,0.0,-0.0034363078472270337,1.2389075442291748,-0.0273533749111452
2026-03-16,AURORA_fold_rule_earliest,-0.0018723696566954255,0.0,-0.0018723696566954255,1.236587851335909,-0.029174528938648914
2026-03-17,AURORA_fold_rule_earliest,0.005830515746292452,0.0,0.005830515746292452,1.2437977962747968,-0.023514115742723996
2026-03-18,AURORA_fold_rule_earliest,0.00762982599737039,0.0,0.00762982599737039,1.2532877570362861,-0.01606369835695276
2026-03-19,AURORA_fold_rule_earliest,-0.009344340445076663,0.0,-0.009344340445076663,1.2415766095588925,-0.02525793413577504
2026-03-20,AURORA_fold_rule_earliest,-0.0010525544221328992,0.0,-0.0010525544221328992,1.2402697826080844,-0.026283903207639514
2026-03-23,AURORA_fold_rule_earliest,-0.010670816692268418,0.0,-0.010670816692268418,1.2270350911089138,-0.03667424918682194
2026-03-24,AURORA_fold_rule_earliest,0.000870251351865342,0.0,0.000870251351865342,1.2281029200557374,-0.03583591364989025
2026-03-25,AURORA_fold_rule_earliest,0.011476051760268821,1.813623447173214e-05,0.011457915525797089,1.2421744195707207,-0.024788602995483355
2024-11-27,AURORA_fold_rule_average,-0.006229540154196345,0.0,-0.006229540154196345,0.9937704598458037,0.0
2024-11-28,AURORA_fold_rule_average,-0.0010119626772413487,0.0,-0.0010119626772413487,0.9927648012306948,-0.0010119626772413515
2024-11-29,AURORA_fold_rule_average,0.0007179171710604674,8.745514055699107e-06,0.0007091716570047683,0.9934688418897994,-0.0003035086754853422
2024-12-02,AURORA_fold_rule_average,0.00931671336406329,0.0,0.00931671336406329,1.0027247063258147,0.0
2024-12-03,AURORA_fold_rule_average,0.00395259777741579,0.0,0.00395259777741579,1.006688073771398,0.0
2024-12-04,AURORA_fold_rule_average,0.0032920330696454988,0.0,0.0032920330696454988,1.010002124201071,0.0
2024-12-05,AURORA_fold_rule_average,0.0013697260962743962,0.0,0.0013697260962743962,1.011385550467882,0.0
2024-12-06,AURORA_fold_rule_average,-0.0011477404344144506,0.0,-0.0011477404344144506,1.0102247423768274,-0.001147740434414457
2024-12-09,AURORA_fold_rule_average,0.0002734132295633876,0.0,0.0002734132295633876,1.0105009511862255,-0.0008746410122699722
2024-12-10,AURORA_fold_rule_average,-0.0022896569010649524,0.0,-0.0022896569010649524,1.0081872507098093,-0.0031622952855051567
2024-12-11,AURORA_fold_rule_average,-0.0035719425938391465,0.0,-0.0035719425938391465,1.0045860637264332,-0.0067229423421197865
2024-12-12,AURORA_fold_rule_average,0.004323276625815392,0.0,0.004323276625815392,1.0089291671743617,-0.0024287308557887632
2024-12-13,AURORA_fold_rule_average,0.00045800521572754606,0.0,0.00045800521572754606,1.009391261995227,-0.001971838011460947
2024-12-16,AURORA_fold_rule_average,0.00040792981904374067,0.0,0.00040792981904374067,1.0098030227900772,-0.001564712563940307
2024-12-17,AURORA_fold_rule_average,0.001971871083166026,0.0,0.001971871083166026,1.0117942241704105,0.0
2024-12-18,AURORA_fold_rule_average,0.0002921697378757583,0.0,0.0002921697378757583,1.0120898398236706,0.0
2024-12-19,AURORA_fold_rule_average,-0.004340202665355705,0.0,-0.004340202665355705,1.0076971648032884,-0.004340202665355841
2024-12-20,AURORA_fold_rule_average,-0.0035621989904918564,0.0,-0.0035621989904918564,1.0041075469801046,-0.007886940990294633
2024-12-23,AURORA_fold_rule_average,0.00846551837506651,0.0,0.00846551837506651,1.0126078378696077,0.0
2024-12-24,AURORA_fold_rule_average,0.0007674826665432501,0.0,0.0007674826665432501,1.0133849968331783,0.0
2024-12-25,AURORA_fold_rule_average,0.0014412836191165916,0.0,0.0014412836191165916,1.0148455720289726,0.0
2024-12-26,AURORA_fold_rule_average,0.00013985265175185462,0.0,0.00013985265175185462,1.0149875008733393,0.0
2024-12-27,AURORA_fold_rule_average,0.0011071260487197235,0.0,0.0011071260487197235,1.0161112199746811,0.0
2024-12-30,AURORA_fold_rule_average,-0.001961660098303727,0.0,-0.001961660098303727,1.014117955139018,-0.0019616600983037857
2024-12-31,AURORA_fold_rule_average,-0.002254783059344492,2.3767510924087243e-05,-0.0022785505702685796,1.0118072360940165,-0.004235740926836651
2025-01-02,AURORA_fold_rule_average,-0.004899561455593954,0.0,-0.004899561455593954,1.0068498243595592,-0.009114549109449532
2025-01-03,AURORA_fold_rule_average,0.0031102246795184506,0.0,0.0031102246795184506,1.0099813535318511,-0.006032672725513999
2025-01-06,AURORA_fold_rule_average,0.011348929871681904,0.0,0.011348929871681904,1.0214435610847905,0.0
2025-01-07,AURORA_fold_rule_average,0.004582147049575079,0.0,0.004582147049575079,1.0261239656845227,0.0
2025-01-08,AURORA_fold_rule_average,-0.005115848761860313,0.0,-0.005115848761860313,1.0208744706651602,-0.005115848761860442
2025-01-09,AURORA_fold_rule_average,-0.004982241136505484,0.0,-0.004982241136505484,1.0157882278822041,-0.01007260150621625
2025-01-10,AURORA_fold_rule_average,-0.0004299389307136759,0.0,-0.0004299389307136759,1.015351500977677,-0.010498209833408767
2025-01-13,AURORA_fold_rule_average,-0.009466912496861468,0.0,-0.009466912496861468,1.0057392571643644,-0.01986573669640368
2025-01-14,AURORA_fold_rule_average,0.0024661168470940945,0.0,0.0024661168470940945,1.0082195276902413,-0.017448611077256593
2025-01-15,AURORA_fold_rule_average,-0.0029103687945658003,0.0,-0.0029103687945658003,1.0052852370387797,-0.02030819797863459
2025-01-16,AURORA_fold_rule_average,0.007653498771311576,0.0,0.007653498771311576,1.0129791863652735,-0.012810127975600216
2025-01-17,AURORA_fold_rule_average,0.0016801023719053285,0.0,0.0016801023719053285,1.0146810950989764,-0.01115154793009121
2025-01-20,AURORA_fold_rule_average,0.004047025167668752,0.0,0.004047025167668752,1.0187875350279996,-0.007149653357554131
2025-01-21,AURORA_fold_rule_average,0.0007117386689065991,0.0,0.0007117386689065991,1.019512645512079,-0.006443003373411305
2025-01-22,AURORA_fold_rule_average,0.005099017577946017,7.879958497549285e-06,0.005091137619448468,1.024703124695149,-0.0013846679708194864
2025-02-03,AURORA_fold_rule_average,-0.01733607077634957,0.0,-0.01733607077634957,1.0069387988006873,-0.018696734045225316
2025-02-04,AURORA_fold_rule_average,0.0014668399474134731,0.0,0.0014668399474134731,1.0084158168553685,-0.01725731921419571
2025-02-05,AURORA_fold_rule_average,0.005959881460781621,0.0,0.005959881460781621,1.0144258555870036,-0.011400289330261715
2025-02-06,AURORA_fold_rule_average,0.0017319204369638963,0.0,0.0017319204369638963,1.0161827604580793,-0.009688113287376177
2025-02-07,AURORA_fold_rule_average,0.0026004340175326325,0.0,0.0026004340175326325,1.0188252766764048,-0.007112872569201678
2025-02-10,AURORA_fold_rule_average,-0.0041778081129078375,0.0,-0.0041778081129078375,1.0145688201698706,-0.011260964465383827
2025-02-11,AURORA_fold_rule_average,0.002177167041336206,0.0,0.002177167041336206,1.016777705966312,-0.009108314424735142
2025-02-12,AURORA_fold_rule_average,-0.0008067063615573121,0.0,-0.0008067063615573121,1.0159574649226193,-0.009907673051102961
2025-02-13,AURORA_fold_rule_average,-0.0005946350582436907,0.0,-0.0005946350582436907,1.015353340996292,-0.010496416659604657
2025-02-14,AURORA_fold_rule_average,-0.004534952193956523,0.0,-0.004534952193956523,1.0107487621348998,-0.014983768105802042
2025-02-17,AURORA_fold_rule_average,0.005717394327755879,0.0,0.005717394327755879,1.0165276113743162,-0.00935204188882266
2025-02-18,AURORA_fold_rule_average,0.0015991443653132634,0.0,0.0015991443653132634,1.0181531857762307,-0.007767852788600149
2025-02-19,AURORA_fold_rule_average,-0.0010431035680508497,0.0,-0.0010431035680508497,1.0170911465553252,-0.008802853681691092
2025-02-20,AURORA_fold_rule_average,-0.001090750034455123,0.0,-0.001090750034455123,1.0159817543521759,-0.009884002003189729
2025-02-21,AURORA_fold_rule_average,0.002678600968684433,0.0,0.002678600968684433,1.018703164063549,-0.0072318763318457435
2025-02-24,AURORA_fold_rule_average,-0.0026759438718979987,0.0,-0.0026759438718979987,1.0159771715743902,-0.00988846810859123
2025-02-25,AURORA_fold_rule_average,-0.004677566856441337,0.0,-0.004677566856441337,1.0112248704297326,-0.01451978099434692
2025-02-26,AURORA_fold_rule_average,0.0015965770919653703,0.0,0.0015965770919653703,1.0128393688926864,-0.012946385852097508
2025-02-27,AURORA_fold_rule_average,-0.004161850585308656,7.89694855435219e-06,-0.004169747533863008,1.0086160844320469,-0.017062150225481187
2025-03-03,AURORA_fold_rule_average,-0.008756646471330986,0.0,-0.008756646471330986,0.9997839899553773,-0.025669389479246907
2025-03-04,AURORA_fold_rule_average,-0.00202911645782745,0.0,-0.00202911645782745,0.9977553118070864,-0.027646419756419682
2025-03-05,AURORA_fold_rule_average,0.004696979817672363,0.0,0.004696979817672363,1.0024417483696197,-0.02307929461437408
2025-03-06,AURORA_fold_rule_average,-0.0020531124490050807,0.0,-0.0020531124490050807,1.0003836227366396,-0.0250850226762922
2025-03-07,AURORA_fold_rule_average,-0.0040410934558121,0.0,-0.0040410934558121,0.996340979025497,-0.02902474521112819
2025-03-10,AURORA_fold_rule_average,-0.002002514852630564,0.0,-0.002002514852630564,0.994345791416714,-0.030969137580379558
2025-03-11,AURORA_fold_rule_average,-0.007483977466346963,0.0,-0.007483977466346963,0.9869041299199943,-0.03822134271892286
2025-03-12,AURORA_fold_rule_average,0.0020276442749988495,0.0,0.0020276442749988495,0.9889052204289994,-0.03627119773067067
2025-03-13,AURORA_fold_rule_average,-0.002804203181344308,0.0,-0.002804203181344308,0.9861321292638244,-0.038973689103947495
2025-03-14,AURORA_fold_rule_average,-0.001221660790340967,0.0,-0.001221660790340967,0.9849274103074074,-0.04014773726645515
2025-03-17,AURORA_fold_rule_average,0.0031804357236566894,0.0,0.0031804357236566894,0.9880599086283577,-0.03709498884062479
2025-03-18,AURORA_fold_rule_average,0.0019874496620010816,0.0,0.0019874496620010816,0.990023627959798,-0.035181263601656854
2025-03-19,AURORA_fold_rule_average,-0.004544090025038343,0.0,-0.004544090025038343,0.9855248714674337,-0.03956548679769456
2025-03-20,AURORA_fold_rule_average,0.007413868851644349,0.0,0.007413868851644349,0.9928314236145269,-0.032444951276219824
2025-03-21,AURORA_fold_rule_average,-0.0026045152761435928,0.0,-0.0026045152761435928,0.9902455790050875,-0.03496496318113074
2025-03-24,AURORA_fold_rule_average,-0.0008783273100314157,0.0,-0.0008783273100314157,0.9893758192694094,-0.035812579809105904
2025-03-25,AURORA_fold_rule_average,0.0041506193726812204,0.0,0.0041506193726812204,0.9934823417117314,-0.03181060482396603
2025-03-26,AURORA_fold_rule_average,-0.0002583487144900476,0.0,-0.0002583487144900476,0.9932256768258817,-0.032060735309592636
2025-03-27,AURORA_fold_rule_average,-0.007546781344549556,0.0,-0.007546781344549556,0.9857300198170845,-0.03936556129501523
2025-03-28,AURORA_fold_rule_average,-0.004531931171969438,0.0,-0.004531931171969438,0.9812627592131293,-0.04371909045264977
2025-03-31,AURORA_fold_rule_average,-0.014592243117247885,3.860565698524976e-05,-0.014630848774233134,0.9669060521752952,-0.05771029182592324
2025-04-01,AURORA_fold_rule_average,0.008574650237034744,0.0,0.008574650237034744,0.9751969333847704,-0.04963048715637308
2025-04-02,AURORA_fold_rule_average,-0.00046154142766201636,0.0,-0.00046154142766201636,0.9747468395998844,-0.050069122058137294
2025-04-07,AURORA_fold_rule_average,-0.03956991745674319,0.0,-0.03956991745674319,0.9361761876156957,-0.0876578084879085
2025-04-08,AURORA_fold_rule_average,-0.014750142834169576,0.0,-0.014750142834169576,0.9223674551304158,-0.10111498612635106
2025-04-09,AURORA_fold_rule_average,-0.0175907461038792,0.0,-0.0175907461038792,0.9061423234127355,-0.11692704418198441
2025-04-10,AURORA_fold_rule_average,0.03492502056275432,0.0,0.03492502056275432,0.9377893626907072,-0.08608570304162799
2025-04-11,AURORA_fold_rule_average,0.010691210114597336,0.0,0.010691210114597336,0.9478154658104678,-0.07631485326611154
2025-04-14,AURORA_fold_rule_average,-0.0010880792702192932,0.0,-0.0010880792702192932,0.9467841674501263,-0.07731989592648214
2025-04-15,AURORA_fold_rule_average,0.004034417594210266,0.0,0.004034417594210266,0.9506038901532067,-0.07359741908078032
2025-04-16,AURORA_fold_rule_average,-0.006892969646049645,0.0,-0.006892969646049645,0.9440514063929639,-0.07998308395107845
2025-04-17,AURORA_fold_rule_average,-0.003009202416787617,0.0,-0.003009202416787617,0.9412105646192744,-0.08275160107833845
2025-04-18,AURORA_fold_rule_average,0.0011652466309869244,0.0,0.0011652466309869244,0.9423073070587462,-0.08168278047171695
2025-04-21,AURORA_fold_rule_average,-0.005426024835885736,0.0,-0.005426024835885736,0.9371943242076088,-0.08666559251209893
2025-04-22,AURORA_fold_rule_average,-0.006200233299811216,0.0,-0.006200233299811216,0.9313835007502628,-0.09232847891926876
2025-04-23,AURORA_fold_rule_average,0.016124531221629084,0.0,0.016124531221629084,0.9464016230874206,-0.07769270113861892
2025-04-24,AURORA_fold_rule_average,-0.00274024987385165,0.0,-0.00274024987385165,0.9438082461591423,-0.08022005359797635
2025-04-25,AURORA_fold_rule_average,0.009460448644827917,0.0,0.009460448644827917,0.952737095602496,-0.07151852265049741
2025-04-28,AURORA_fold_rule_average,0.0026487066259581814,0.0,0.0026487066259581814,0.9552606166604145,-0.06905924760936222
2025-04-29,AURORA_fold_rule_average,0.0019741423716363653,0.0,0.0019741423716363653,0.9571464371197194,-0.0672214380245848
2025-04-30,AURORA_fold_rule_average,0.00019377684499187565,3.0187078456507977e-05,0.00016358976653536766,0.9573030164819079,-0.06706884499740218
2025-05-02,AURORA_fold_rule_average,0.011433921709441682,0.0,0.011433921709441682,0.9682487442245743,-0.05640178321080347
2025-05-05,AURORA_fold_rule_average,-0.004350198314033445,0.0,-0.004350198314033445,0.9640366701698835,-0.06050662258260486
2025-05-06,AURORA_fold_rule_average,-0.0013967042844028807,0.0,-0.0013967042844028807,0.9626901960223357,-0.06181881700801184
2025-05-07,AURORA_fold_rule_average,-0.0008402629807659992,0.0,-0.0008402629807659992,0.9618812830886718,-0.06260713592533129
2025-05-08,AURORA_fold_rule_average,0.00530186422075241,0.0,0.00530186422075241,0.9669810470480912,-0.05763720623850499
2025-05-09,AURORA_fold_rule_average,0.004488258995586101,0.0,0.004488258995586101,0.9713211084310661,-0.0534076379522993
2025-05-12,AURORA_fold_rule_average,0.0043378823185810204,0.0,0.0043378823185810204,0.9755345850929938,-0.049301431682068686
2025-05-13,AURORA_fold_rule_average,0.0058780893899680695,0.0,0.0058780893899680695,0.981268864587176,-0.043713140514581084
2025-05-14,AURORA_fold_rule_average,0.009186211960964238,0.0,0.009186211960964238,0.9902830083679686,-0.034928486727863084
2025-05-15,AURORA_fold_rule_average,-0.0010299087016812476,0.0,-0.0010299087016812476,0.9892631072805232,-0.03592242227712683
2025-05-16,AURORA_fold_rule_average,0.0006101526728554749,0.0,0.0006101526728554749,0.9898667088095877,-0.03533418776623931
2025-05-19,AURORA_fold_rule_average,-0.006154340413134179,0.0,-0.006154340413134179,0.9837747321199447,-0.04127106955963844
2025-05-20,AURORA_fold_rule_average,0.0006731148027333394,0.0,0.0006731148027333394,0.9844369254546895,-0.04062573492475041
2025-05-21,AURORA_fold_rule_average,0.006010808096452193,0.0,0.006010808096452193,0.9903541868966591,-0.03485912032470828
2025-05-22,AURORA_fold_rule_average,-0.004581811373276949,0.0,-0.004581811373276949,0.9858165708195635,-0.03928121378401905
2025-05-23,AURORA_fold_rule_average,-0.0011504159015691823,0.0,-0.0011504159015691823,0.9846824717604623,-0.04038643995261815
2025-05-26,AURORA_fold_rule_average,-0.000863583102013222,0.0,-0.000863583102013222,0.9838321166170014,-0.04121514600753773
2025-05-27,AURORA_fold_rule_average,-0.003845947826346124,0.0,-0.003845947826346124,0.9800483496266087,-0.044902582532683755
2025-05-28,AURORA_fold_rule_average,0.0018101936322867215,0.0,0.0018101936322867215,0.9818224269084359,-0.043173671269370884
2025-05-29,AURORA_fold_rule_average,0.0009706241289386908,3.0194719902621652e-05,0.0009404294090360691,0.9827457615931517,-0.04227384365049258
2025-06-02,AURORA_fold_rule_average,-0.008376649099954071,0.0,-0.008376649099954071,0.9745136451938188,-0.05029637959608013
2025-06-03,AURORA_fold_rule_average,0.0026705956926476753,0.0,0.0026705956926476753,0.9771161771370998,-0.04776010519813756
2025-06-04,AURORA_fold_rule_average,0.009199769638389862,0.0,0.009199769638389862,0.9861054208767052,-0.03899971752547593
2025-06-05,AURORA_fold_rule_average,0.0009407821883285494,0.0,0.0009407821883285494,0.9870331312924802,-0.03809562557674517
2025-06-06,AURORA_fold_rule_average,0.0005886216074634001,0.0,0.0005886216074634001,0.9876141203208411,-0.03752942787764624
2025-06-09,AURORA_fold_rule_average,0.0035117166206574805,0.0,0.0035117166206574805,0.9910823412419678,-0.03414950397263039
2025-06-10,AURORA_fold_rule_average,0.010245817509045803,0.0,0.010245817509045803,1.001236790046771,-0.024253576049312553
2025-06-11,AURORA_fold_rule_average,0.0026353736257455633,0.0,0.0026353736257455633,1.0038754230763864,-0.021682119658217314
2025-06-12,AURORA_fold_rule_average,-0.0014107819126313124,0.0,-0.0014107819126313124,1.0024591737869752,-0.023062312828607157
2025-06-13,AURORA_fold_rule_average,-0.00321175000986307,0.0,-0.00321175000986307,0.9992395255256776,-0.026199992455015475
2025-06-16,AURORA_fold_rule_average,0.0006828306341105316,0.0,0.0006828306341105316,0.9999218368845205,-0.025535051978366807
2025-06-17,AURORA_fold_rule_average,0.0010591881617366516,0.0,0.0010591881617366516,1.0009809422568106,-0.02450291024139495
2025-06-18,AURORA_fold_rule_average,0.003071538657731494,0.0,0.003071538657731494,1.0040554939166049,-0.021506633219696814
2025-06-19,AURORA_fold_rule_average,-0.003978086723930354,0.0,-0.003978086723930354,1.0000612740861659,-0.025399164691539466
2025-06-20,AURORA_fold_rule_average,-0.0008149005789471376,0.0,-0.0008149005789471376,0.9992463235749304,-0.026193367476474827
2025-06-23,AURORA_fold_rule_average,-0.002561905255498889,0.0,-0.002561905255498889,0.9966863491670258,-0.028688167806176446
2025-06-24,AURORA_fold_rule_average,0.007528737854564624,0.0,0.007528737854564624,1.0041901394131274,-0.02137541564655232
2025-06-25,AURORA_fold_rule_average,0.005322738637346403,0.0,0.005322738637346403,1.009535181067424,-0.016166452759957095
2025-06-26,AURORA_fold_rule_average,0.00032653768966958425,0.0,0.00032653768966958425,1.0098648323530899,-0.015845194026421927
2025-06-27,AURORA_fold_rule_average,0.0006601513381327813,0.0,0.0006601513381327813,1.010531495973501,-0.015195502914328696
2025-06-30,AURORA_fold_rule_average,0.00021576992300132212,3.13001400626769e-05,0.00018446978293864522,1.010717908499216,-0.015013836242514289
2025-07-01,AURORA_fold_rule_average,0.0026552549668219876,0.0,0.0026552549668219876,1.0134016222458144,-0.012398446838946198
2025-07-02,AURORA_fold_rule_average,0.0006522105553290977,0.0,0.0006522105553290977,1.0140625734806308,-0.011754322681515217
2025-07-03,AURORA_fold_rule_average,0.004785970974228233,0.0,0.004785970974228233,1.0189158475233602,-0.0070246075544625475
2025-07-04,AURORA_fold_rule_average,-0.003067662713228041,0.0,-0.003067662713228041,1.0157901573699957,-0.010070721141020589
2025-07-07,AURORA_fold_rule_average,-0.0022984252387252733,0.0,-0.0022984252387252733,1.0134554396350477,-0.012345999580103295
2025-07-08,AURORA_fold_rule_average,-0.0016580408877922724,0.0,-0.0016580408877922724,1.0117750890781771,-0.013983570295791226
2025-07-09,AURORA_fold_rule_average,0.00456235442717372,0.0,0.00456235442717372,1.0163911656351372,-0.009485013872464032
2025-07-10,AURORA_fold_rule_average,0.004453523640090968,0.0,0.004453523640090968,1.0209176877188728,-0.00507373196588079
2025-07-11,AURORA_fold_rule_average,0.001510087806618535,0.0,0.001510087806618535,1.0224593630706582,-0.003571305940037961
2025-07-14,AURORA_fold_rule_average,-0.0032177482397983837,0.0,-0.0032177482397983837,1.0191693462548723,-0.006777562616433919
2025-07-15,AURORA_fold_rule_average,0.005712086616852345,0.0,0.005712086616852345,1.024990929837921,-0.0011041900242977354
2025-07-16,AURORA_fold_rule_average,0.004046757088193635,0.0,0.004046757088193635,1.0291388191485769,0.0
2025-07-17,AURORA_fold_rule_average,0.0011139235708017008,0.0,0.0011139235708017008,1.0302852011368535,0.0
2025-07-18,AURORA_fold_rule_average,0.005682086922958085,0.0,0.005682086922958085,1.0361393712051505,0.0
2025-07-21,AURORA_fold_rule_average,-0.0012398749087286552,0.0,-0.0012398749087286552,1.0348546879968474,-0.0012398749087285665
2025-07-22,AURORA_fold_rule_average,-0.0032422458661793565,0.0,-0.0032422458661793565,1.0314994346625932,-0.004478100795610729
2025-07-23,AURORA_fold_rule_average,0.002040377289356876,0.0,0.002040377289356876,1.0336040826830633,-0.0024468605214166272
2025-07-24,AURORA_fold_rule_average,0.0025296186781427784,0.0,0.0025296186781427784,1.0362187068764228,0.0
2025-07-25,AURORA_fold_rule_average,-0.0008584687198512844,0.0,-0.0008584687198512844,1.0353291455296447,-0.0008584687198511798
2025-07-28,AURORA_fold_rule_average,0.0017663175521131745,0.0,0.0017663175521131745,1.037157865571608,0.0
2025-07-29,AURORA_fold_rule_average,-0.0047858613716922505,0.0,-0.0047858613716922505,1.032194171806422,-0.004785861371692346
2025-07-30,AURORA_fold_rule_average,0.0042469348774283764,0.0,0.0042469348774283764,1.036577833234945,-0.0005592517358420368
2025-07-31,AURORA_fold_rule_average,0.00523148598909947,2.6431425516881406e-05,0.005205054563582588,1.041973277416333,0.0
2025-08-01,AURORA_fold_rule_average,-0.00341905369472361,0.0,-0.00341905369472361,1.0384107148323796,-0.003419053694723506
2025-08-04,AURORA_fold_rule_average,-0.0021983310155904465,0.0,-0.0021983310155904465,1.036127944351042,-0.005609868498532955
2025-08-05,AURORA_fold_rule_average,0.005736399411489458,0.0,0.005736399411489458,1.042071588081245,0.0
2025-08-06,AURORA_fold_rule_average,-0.0033981375185880352,0.0,-0.0033981375185880352,1.0385304855207314,-0.0033981375185881957
2025-08-07,AURORA_fold_rule_average,0.011658334858929472,0.0,0.011658334858929472,1.0506380216821385,0.0
2025-08-08,AURORA_fold_rule_average,0.00019924784816083272,0.0,0.00019924784816083272,1.0508473590471545,0.0
2025-08-11,AURORA_fold_rule_average,0.0033011645163921735,0.0,0.0033011645163921735,1.0543163790609853,0.0
2025-08-12,AURORA_fold_rule_average,0.00024614745802447414,0.0,0.00024614745802447414,1.0545758963576446,0.0
2025-08-13,AURORA_fold_rule_average,0.0033650081599030735,0.0,0.0033650081599030735,1.0581245528541252,0.0
2025-08-14,AURORA_fold_rule_average,-0.0016177112805784344,0.0,-0.0016177112805784344,1.056412812828716,-0.0016177112805785265
2025-08-15,AURORA_fold_rule_average,0.0010512988214200253,0.0,0.0010512988214200253,1.0575234183737758,-0.0005681131571211306
2025-08-18,AURORA_fold_rule_average,0.0018153851714671045,0.0,0.0018153851714671045,1.0594432307059707,0.0
2025-08-19,AURORA_fold_rule_average,-0.001756525313803597,0.0,-0.001756525313803597,1.0575822918526978,-0.0017565253138035475
2025-08-20,AURORA_fold_rule_average,-0.01230208583944263,0.0,-0.01230208583944263,1.0445718237160515,-0.014037002228056594
2025-08-21,AURORA_fold_rule_average,0.003295846488131666,0.0,0.003295846488131666,1.0480145720928473,-0.010787419544422194
2025-08-22,AURORA_fold_rule_average,-0.00203921352994027,0.0,-0.00203921352994027,1.045877446597861,-0.012804635222474214
2025-08-25,AURORA_fold_rule_average,0.008258635473441748,0.0,0.008258635473441748,1.054514967179207,-0.004651748563705316
2025-08-26,AURORA_fold_rule_average,0.00032839538297681247,0.0,0.00032839538297681247,1.0548612650257085,-0.00432488079347948
2025-08-27,AURORA_fold_rule_average,0.003153086793665274,0.0,0.003153086793665274,1.0581873341496102,-0.0011854307243283069
2025-08-28,AURORA_fold_rule_average,-0.0037677985699640683,0.0,-0.0037677985699640683,1.0542002974252471,-0.004948762830104481
2025-08-29,AURORA_fold_rule_average,-0.0004646357601726311,2.6495311612853762e-05,-0.0004911310717854848,1.0536825469032962,-0.005437463410697174
2025-09-01,AURORA_fold_rule_average,-0.005129674472038561,0.0,-0.005129674472038561,1.0482774984408139,-0.010539245465485125
2025-09-02,AURORA_fold_rule_average,-0.00019278027638636405,0.0,-0.00019278027638636405,1.0480754112149349,-0.010729993983217723
2025-09-03,AURORA_fold_rule_average,-2.496039788564202e-05,0.0,-2.496039788564202e-05,1.0480492508356567,-0.010754686556184279
2025-09-04,AURORA_fold_rule_average,0.0024611631464639245,0.0,0.0024611631464639245,1.0506286710274926,-0.008319992447924252
2025-09-05,AURORA_fold_rule_average,0.004604864155319912,0.0,0.004604864155319912,1.0554666733352587,-0.003753440727600088
2025-09-08,AURORA_fold_rule_average,0.0035964387567594615,0.0,0.0035964387567594615,1.0592625945857097,-0.00017050099054449763
2025-09-09,AURORA_fold_rule_average,0.004455732553649723,0.0,0.004455732553649723,1.0639823854112687,0.0
2025-09-10,AURORA_fold_rule_average,0.008189734968650619,0.0,0.008189734968650619,1.0726961191590996,0.0
2025-09-11,AURORA_fold_rule_average,0.003354343208927502,0.0,0.003354343208927502,1.0762943101016438,0.0
2025-09-12,AURORA_fold_rule_average,0.0035653652901979655,0.0,0.0035653652901979655,1.0801316924769178,0.0
2025-09-15,AURORA_fold_rule_average,-0.000248876032055688,0.0,-0.000248876032055688,1.0798628735871965,-0.0002488760320557004
2025-09-16,AURORA_fold_rule_average,0.005283140165674135,0.0,0.005283140165674135,1.0855679405080652,0.0
2025-09-17,AURORA_fold_rule_average,-0.0029247705788882344,0.0,-0.0029247705788882344,1.082392903334283,-0.0029247705788881806
2025-09-18,AURORA_fold_rule_average,0.004670749758319755,0.0,0.004670749758319755,1.0874484897259387,0.0
2025-09-19,AURORA_fold_rule_average,-0.00044949911326967355,0.0,-0.00044949911326967355,1.0869596825940804,-0.0004494991132697468
2025-09-22,AURORA_fold_rule_average,0.002419963957909665,0.0,0.002419963957909665,1.089590085849659,0.0
2025-09-23,AURORA_fold_rule_average,0.007086790826681743,0.0,0.007086790826681743,1.097311782874902,0.0
2025-09-24,AURORA_fold_rule_average,-0.00026938427825015876,0.0,-0.00026938427825015876,1.0970161843322568,-0.0002693842782501843
2025-09-25,AURORA_fold_rule_average,-0.0012257630552253557,0.0,-0.0012257630552253557,1.095671502422518,-0.0014948171321794712
2025-09-26,AURORA_fold_rule_average,-0.00777258662025805,0.0,-0.00777258662025805,1.0871553007625907,-0.00925578515679637
2025-09-30,AURORA_fold_rule_average,0.004506649725578001,2.5835677154249837e-05,0.004480814048423752,1.092026641507066,-0.004816444560532318
2025-10-01,AURORA_fold_rule_average,0.0013982313092163882,0.0,0.0013982313092163882,1.0935535473477198,-0.0034249477548994323
2025-10-02,AURORA_fold_rule_average,0.008099913338610683,0.0,0.008099913338610683,1.1024112363123666,0.0
2025-10-03,AURORA_fold_rule_average,0.006289513216818155,0.0,0.006289513216818155,1.1093448663535221,0.0
2025-10-07,AURORA_fold_rule_average,0.010350501812083444,0.0,0.010350501812083444,1.12082714240294,0.0
2025-10-08,AURORA_fold_rule_average,-0.003986140358532376,0.0,-0.003986140358532376,1.116359368095669,-0.003986140358532508
2025-10-09,AURORA_fold_rule_average,0.003419272077686933,0.0,0.003419272077686933,1.1201765045116627,-0.0005804979792711773
2025-10-13,AURORA_fold_rule_average,-0.004949536828730864,0.0,-0.004949536828730864,1.1146321496479032,-0.005527161611874609
2025-10-14,AURORA_fold_rule_average,-0.002264636249360053,0.0,-0.002264636249360053,1.1121079132771086,-0.007779280850692238
2025-10-15,AURORA_fold_rule_average,0.007589525417669355,0.0,0.007589525417669355,1.1205482845521164,-0.0002487964827704303
2025-10-16,AURORA_fold_rule_average,0.008476508499944899,0.0,0.008476508499944899,1.1300466216107212,0.0
2025-10-17,AURORA_fold_rule_average,-0.006029775180499329,0.0,-0.006029775180499329,1.1232326945389257,-0.006029775180499408
2025-10-20,AURORA_fold_rule_average,0.007011377686788615,0.0,0.007011377686788615,1.1311081031904875,0.0
2025-10-21,AURORA_fold_rule_average,0.0007221903372875033,0.0,0.0007221903372875033,1.1319249785330394,0.0
2025-10-22,AURORA_fold_rule_average,-0.002594365872563676,0.0,-0.002594365872563676,1.1289883509984309,-0.0025943658725636753
2025-10-23,AURORA_fold_rule_average,-0.0030683967419146674,0.0,-0.0030683967419146674,1.1255241668205678,-0.005654802070687581
2025-10-27,AURORA_fold_rule_average,0.010521355506159546,0.0,0.010521355506159546,1.137366206710461,0.0
2025-10-28,AURORA_fold_rule_average,-0.002165663715375427,0.0,-0.002165663715375427,1.134903053985494,-0.00216566371537541
2025-10-29,AURORA_fold_rule_average,0.00694391825763239,0.0,0.00694391825763239,1.1427837280227067,0.0
2025-10-30,AURORA_fold_rule_average,-0.0003569817197217581,0.0,-0.0003569817197217581,1.142375775122207,-0.00035698171972187165
2025-10-31,AURORA_fold_rule_average,0.0022301722028212423,5.661683006433216e-06,0.002224510519814809,1.144917002051548,0.0
2025-11-03,AURORA_fold_rule_average,-0.003713986529840579,0.0,-0.003713986529840579,1.140664795728143,-0.0037139865298405628
2025-11-04,AURORA_fold_rule_average,-0.0016609293428517388,0.0,-0.0016609293428517388,1.1387702320985602,-0.005368747203486013
2025-11-05,AURORA_fold_rule_average,-0.005607716134679028,0.0,-0.005607716134679028,1.132384331894329,-0.010946356927848955
2025-11-06,AURORA_fold_rule_average,0.001590131721798355,0.0,0.001590131721798355,1.1341849721417416,-0.009373631355439671
2025-11-07,AURORA_fold_rule_average,-0.005461096079090895,0.0,-0.005461096079090895,1.1279910790374146,-0.014783537133088553
2025-11-10,AURORA_fold_rule_average,0.005286174425028433,0.0,0.005286174425028433,1.1339538366310822,-0.009575511063964592
2025-11-11,AURORA_fold_rule_average,-0.003261250605082081,0.0,-0.003261250605082081,1.130255728995234,-0.012805533527795343
2025-11-12,AURORA_fold_rule_average,0.0026659377429853917,0.0,0.0026659377429853917,1.1332689204023878,-0.010173734539960844
2025-11-13,AURORA_fold_rule_average,-0.00226254087747451,0.0,-0.00226254087747451,1.130704853144806,-0.012413256927161997
2025-11-14,AURORA_fold_rule_average,-0.008547021111796026,0.0,-0.008547021111796026,1.1210406948937672,-0.020854181669935357
2025-11-17,AURORA_fold_rule_average,0.0015043021395503085,0.0,0.0015043021395503085,1.1227270788096189,-0.01938125052048978
2025-11-18,AURORA_fold_rule_average,-0.009696827351826698,0.0,-0.009696827351826698,1.1118401881631812,-0.02889014123215683
2025-11-19,AURORA_fold_rule_average,-0.0029730234379992397,0.0,-0.0029730234379992397,1.1085346612244626,-0.03177727360314564
2025-11-20,AURORA_fold_rule_average,0.013395772266931717,0.0,0.013395772266931717,1.123384339096226,-0.018807182456665683
2025-11-21,AURORA_fold_rule_average,-0.014476986344586542,0.0,-0.014476986344586542,1.1071211193594075,-0.03301189747764688
2025-11-24,AURORA_fold_rule_average,-0.002036579496881121,0.0,-0.002036579496881121,1.104866379187156,-0.034981245620971935
2025-11-25,AURORA_fold_rule_average,0.00652333178043101,0.0,0.00652333178043101,1.1120737891516372,-0.028686108111819264
2025-11-26,AURORA_fold_rule_average,0.007278521754022423,0.0,0.007278521754022423,1.1201680424180556,-0.021616378819727
2025-11-27,AURORA_fold_rule_average,0.003601208407568534,0.0,0.003601208407568534,1.124202000990301,-0.018093015497305243
2025-11-28,AURORA_fold_rule_average,0.003058066050895634,8.328769985322407e-06,0.0030497372809103114,1.1276305217439953,-0.015098457160281131
2025-12-01,AURORA_fold_rule_average,-0.00543769175948595,0.0,-0.00543769175948595,1.121498814548163,-0.02045404816368568
2025-12-02,AURORA_fold_rule_average,0.0012158704343058027,0.0,0.0012158704343058027,1.122862411798881,-0.01926304720180405
2025-12-03,AURORA_fold_rule_average,0.0037663941421821985,0.0,0.0037663941421821985,1.1270915542091569,-0.015569205287763399
2025-12-04,AURORA_fold_rule_average,-0.0005572843606731959,0.0,-0.0005572843606731959,1.1264634437129493,-0.01611781317382155
2025-12-05,AURORA_fold_rule_average,0.003961419812861111,0.0,0.003961419812861111,1.1309258383173375,-0.012220242785407232
2025-12-08,AURORA_fold_rule_average,0.005883628210373855,0.0,0.005883628210373855,1.1375797854835021,-0.006408513940223126
2025-12-09,AURORA_fold_rule_average,-0.0008485960412413461,0.0,-0.0008485960412413461,1.1366144397809448,-0.007251671741904442
2025-12-10,AURORA_fold_rule_average,0.0029618694188083008,0.0,0.0029618694188083008,1.1399809433311079,-0.004311280827863806
2025-12-11,AURORA_fold_rule_average,-0.004965664766680533,0.0,-0.004965664766680533,1.1343201801261213,-0.009255537219238108
2025-12-12,AURORA_fold_rule_average,0.0014620994086345322,0.0,0.0014620994086345322,1.135978668990686,-0.007806970326098561
2025-12-15,AURORA_fold_rule_average,-0.00484715656168777,0.0,-0.00484715656168777,1.1304724025313504,-0.012616285280343198
2025-12-16,AURORA_fold_rule_average,-0.004245659264643225,0.0,-0.004245659264643225,1.1256728019021196,-0.016808380096500652
2025-12-17,AURORA_fold_rule_average,-0.0015111508686788129,0.0,-0.0015111508686788129,1.1239717404696772,-0.018294130966995503
2025-12-18,AURORA_fold_rule_average,-0.00032233443757797117,0.0,-0.00032233443757797117,1.1236094456708594,-0.01861056857615717
2025-12-19,AURORA_fold_rule_average,0.003956431336980926,0.0,0.003956431336980926,1.1280549292922393,-0.014727768675890096
2025-12-22,AURORA_fold_rule_average,0.006239197998325705,0.0,0.006239197998325705,1.1350930873490808,-0.008580460142406876
2025-12-23,AURORA_fold_rule_average,0.0018636115543734734,0.0,0.0018636115543734734,1.137208459941954,-0.006732839232696519
2025-12-24,AURORA_fold_rule_average,0.0012262180493647014,0.0,0.0012262180493647014,1.1386029254814252,-0.005514877112322347
2025-12-26,AURORA_fold_rule_average,0.0035710448051622305,0.0,0.0035710448051622305,1.1426689275436082,-0.0019635261804231696
2025-12-29,AURORA_fold_rule_average,0.004927474537497865,0.0,0.004927474537497865,1.1482993995888693,0.0
2025-12-30,AURORA_fold_rule_average,-0.0005159376087076921,0.0,-0.0005159376087076921,1.1477069487425648,-0.0005159376087077172
2025-12-31,AURORA_fold_rule_average,0.002455962540105426,1.0883416077913613e-05,0.0024450791240275124,1.1505131830434367,0.0
2026-01-02,AURORA_fold_rule_average,0.008534199939150396,0.0,0.008534199939150396,1.1603318925801578,0.0
2026-01-05,AURORA_fold_rule_average,0.014994457040440778,0.0,0.014994457040440778,1.1777304392961043,0.0
2026-01-06,AURORA_fold_rule_average,0.005252945831096614,0.0,0.005252945831096614,1.1839169934973603,0.0
2026-01-07,AURORA_fold_rule_average,-0.00320566331297675,0.0,-0.00320566331297675,1.180121754225696,-0.003205663312976781
2026-01-08,AURORA_fold_rule_average,0.0008691278956600299,0.0,0.0008691278956600299,1.181147430962569,-0.002339321548726181
2026-01-09,AURORA_fold_rule_average,-0.0011003784053147218,0.0,-0.0011003784053147218,1.1798477218360448,-0.0034371258151254525
2026-01-12,AURORA_fold_rule_average,0.0030623702301165335,0.0,0.0030623702301165335,1.1834608523754662,-0.00038528133678250587
2026-01-13,AURORA_fold_rule_average,0.002251288652843579,0.0,0.002251288652843579,1.1861251643635038,0.0
2026-01-14,AURORA_fold_rule_average,0.0013273254339983135,0.0,0.0013273254339983135,1.1876995384620688,0.0
2026-01-15,AURORA_fold_rule_average,-0.001182834503801743,0.0,-0.001182834503801743,1.1862946864678263,-0.001182834503801855
2026-01-16,AURORA_fold_rule_average,0.008945023880656312,0.0,0.008945023880656312,1.1969061207677767,0.0
2026-01-19,AURORA_fold_rule_average,0.002618217685896764,0.0,0.002618217685896764,1.2000398815415292,0.0
2026-01-20,AURORA_fold_rule_average,0.000635955627655568,0.0,0.000635955627655568,1.2008030536576066,0.0
2026-01-21,AURORA_fold_rule_average,-0.004037042025034381,0.0,-0.004037042025034381,1.1959553612662013,-0.00403704202503441
2026-01-22,AURORA_fold_rule_average,0.005491253620663034,0.0,0.005491253620663034,1.2025226554739057,0.0
2026-01-23,AURORA_fold_rule_average,0.003700425773356472,0.0,0.003700425773356472,1.2069725013012662,0.0
2026-01-26,AURORA_fold_rule_average,0.0002878766507337875,0.0,0.0002878766507337875,1.2073199605024685,0.0
2026-01-27,AURORA_fold_rule_average,0.00503636071518039,0.0,0.00503636071518039,1.2134004593221963,0.0
2026-01-28,AURORA_fold_rule_average,0.006553321382480315,0.0,0.006553321382480315,1.2213522624977837,0.0
2026-01-29,AURORA_fold_rule_average,-0.0028187554680320437,0.0,-0.0028187554680320437,1.2179095691294748,-0.002818755468032008
2026-01-30,AURORA_fold_rule_average,-0.006979211307791604,1.1236387143066976e-05,-0.006990447694934671,1.2093958359893149,-0.009789498800302554
2026-02-02,AURORA_fold_rule_average,-0.006962592207588935,0.0,-0.006962592207588935,1.2009753059657653,-0.01668393071982821
2026-02-03,AURORA_fold_rule_average,0.009583292583370763,0.0,0.009583292583370763,1.2124846037082384,-0.007260525125986295
2026-02-04,AURORA_fold_rule_average,7.210013326985378e-06,0.0,7.210013326985378e-06,1.21249334573839,-0.007253367461142135
2026-02-05,AURORA_fold_rule_average,-0.006208487370277421,0.0,-0.006208487370277421,1.2049655961148278,-0.013416822391145056
2026-02-06,AURORA_fold_rule_average,-0.0004119786044377831,0.0,-0.0004119786044377831,1.204469176070145,-0.013823273551818116
2026-02-09,AURORA_fold_rule_average,0.011760591729349857,0.0,0.011760591729349857,1.2186344463004923,-0.002225251699074282
2026-02-10,AURORA_fold_rule_average,0.009540978910656656,0.0,0.009540978910656656,1.230261411852445,0.0
2026-02-11,AURORA_fold_rule_average,0.009449285692481284,0.0,0.009449285692481284,1.2418865034094742,0.0
2026-02-23,AURORA_fold_rule_average,0.0013112935585032819,0.0,0.0013112935585032819,1.2435149811817872,0.0
2026-02-24,AURORA_fold_rule_average,0.012343855462016629,0.0,0.012343855462016629,1.2588647503743473,0.0
2026-02-25,AURORA_fold_rule_average,0.010253738988487957,0.0,0.010253738988487957,1.271772820946494,0.0
2026-02-26,AURORA_fold_rule_average,0.0011853269164154123,9.597193925645814e-06,0.0011757297224897665,1.2732680820523354,0.0
2026-03-02,AURORA_fold_rule_average,-0.004122307169479139,0.0,-0.004122307169479139,1.2680192799090222,-0.004122307169479145
2026-03-03,AURORA_fold_rule_average,-0.01014921166798352,0.0,-0.01014921166798352,1.2551498838381414,-0.014229680669439193
2026-03-04,AURORA_fold_rule_average,-0.019177667741626422,0.0,-0.019177667741626422,1.2310790363999524,-0.033134456323117734
2026-03-05,AURORA_fold_rule_average,0.011344658762976214,0.0,0.011344658762976214,1.2450452079781633,-0.022165696660424117
2026-03-06,AURORA_fold_rule_average,-0.0021348612166215536,0.0,-0.0021348612166215536,1.2423872092507102,-0.024253237190905996
2026-03-09,AURORA_fold_rule_average,-0.02060401865616643,0.0,-0.02060401865616643,1.216789040013126,-0.04435754169551853
2026-03-10,AURORA_fold_rule_average,0.01058973870073715,0.0,0.01058973870073715,1.229674518000786,-0.0342375377707439
2026-03-11,AURORA_fold_rule_average,0.018760026045681936,0.0,0.018760026045681936,1.252743243986192,-0.01611980882538111
2026-03-12,AURORA_fold_rule_average,-0.007951852101328873,0.0,-0.007951852101328873,1.242781614989075,-0.023943478591028855
2026-03-13,AURORA_fold_rule_average,-0.0034285571448309255,0.0,-0.0034285571448309255,1.2385206672035396,-0.02728994415126451
2026-03-16,AURORA_fold_rule_average,-0.001867386388729086,0.0,-0.001867386388729086,1.236207870567444,-0.029106369669736343
2026-03-17,AURORA_fold_rule_average,0.005814925779457422,0.0,0.005814925779457422,1.2433963275827749,-0.023460695269617804
2026-03-18,AURORA_fold_rule_average,0.007610365896227755,0.0,0.007610365896227755,1.2528590285897054,-0.01602887384857188
2026-03-19,AURORA_fold_rule_average,-0.0093234060722747,0.0,-0.0093234060722747,1.241178115114848,-0.02520283622107511
2026-03-20,AURORA_fold_rule_average,-0.0010496930702563801,0.0,-0.0010496930702563801,1.239875259048458,-0.026226074048799397
2026-03-23,AURORA_fold_rule_average,-0.010643804883966646,0.0,-0.010643804883966646,1.2266782687106887,-0.03659073371771815
2026-03-24,AURORA_fold_rule_average,0.0008696229654131187,0.0,0.0008696229654131187,1.2277450163043326,-0.035752930894667356
2026-03-25,AURORA_fold_rule_average,0.01144506657658958,1.8080279934845388e-05,0.011426986296654736,1.2417744417814285,-0.024734492849411205
