Date,Adj Close_0050.TW,Close_0050.TW,High_0050.TW,Low_0050.TW,Open_0050.TW,Volume_0050.TW
2021-01-04,26.40782928466797,31.087499618530273,31.125,30.5,30.549999237060547,24563188
2021-01-05,26.460918426513672,31.149999618530273,31.162500381469727,30.9375,31.049999237060547,18926280
2021-01-06,26.747615814208984,31.487499237060547,31.787500381469727,31.024999618530273,31.524999618530273,42348292
2021-01-07,27.37409782409668,32.224998474121094,32.25,31.637500762939453,31.637500762939453,26764652
2021-01-08,27.86254119873047,32.79999923706055,32.8125,32.38750076293945,32.650001525878906,51960980
2021-01-11,28.096147537231445,33.07500076293945,33.07500076293945,32.625,32.79999923706055,40583424
2021-01-12,28.053672790527344,33.025001525878906,33.287498474121094,32.900001525878906,33.07500076293945,43497448
2021-01-13,28.733247756958008,33.82500076293945,33.86249923706055,33.17499923706055,33.1875,42755604
2021-01-14,28.467784881591797,33.51250076293945,33.76250076293945,33.337501525878906,33.75,48001796
2021-01-15,28.563352584838867,33.625,34.5,33.599998474121094,34.287498474121094,86095908
2021-01-18,28.542116165161133,33.599998474121094,33.73749923706055,33.025001525878906,33.650001525878906,56811080
2021-01-19,29.296016693115234,34.48749923706055,34.525001525878906,33.79999923706055,33.79999923706055,48277244
2021-01-20,29.349111557006836,34.54999923706055,34.875,34.412498474121094,34.525001525878906,119861744
2021-01-21,30.368471145629883,35.75,35.8125,34.587501525878906,34.599998474121094,54689548
2021-01-22,29.82598304748535,34.36249923706055,34.75,33.75,34.54999923706055,95071252
2021-01-25,29.424543380737305,33.900001525878906,34.32500076293945,33.54999923706055,34.29999923706055,55002504
2021-01-26,28.827808380126953,33.212501525878906,34.150001525878906,32.95000076293945,33.88750076293945,57505908
2021-01-27,28.871206283569336,33.26250076293945,33.599998474121094,33.0625,33.32500076293945,31419364
2021-01-28,28.285320281982422,32.587501525878906,32.82500076293945,32.349998474121094,32.5,58015204
2021-01-29,27.818777084350586,32.04999923706055,32.962501525878906,32.04999923706055,32.900001525878906,56158664
2021-02-01,28.372116088867188,32.6875,32.73749923706055,31.887500762939453,32.04999923706055,56531932
2021-02-02,29.17500114440918,33.61249923706055,33.76250076293945,33.125,33.125,43553492
2021-02-03,29.153301239013672,33.587501525878906,33.875,33.54999923706055,33.86249923706055,28327880
2021-02-04,28.979703903198242,33.38750076293945,33.63750076293945,33.087501525878906,33.349998474121094,26233916
2021-02-05,29.250947952270508,33.70000076293945,34.07500076293945,33.54999923706055,33.70000076293945,35199004
2021-02-17,30.49867057800293,35.13750076293945,35.212501525878906,34.75,34.75,75622784
2021-02-18,30.455272674560547,35.087501525878906,35.3125,34.900001525878906,35.13750076293945,41912192
2021-02-19,30.12978172302246,34.712501525878906,34.88750076293945,34.400001525878906,34.88750076293945,35106384
2021-02-22,30.118927001953125,34.70000076293945,35.1875,34.6875,34.95000076293945,27254544
2021-02-23,30.05382537841797,34.625,34.67499923706055,34.11249923706055,34.287498474121094,30629724
2021-02-24,29.608991622924805,34.11249923706055,34.54999923706055,34.0625,34.25,41942244
2021-02-25,29.84768295288086,34.38750076293945,34.537498474121094,34.17499923706055,34.462501525878906,40729192
2021-02-26,28.947154998779297,33.349998474121094,33.79999923706055,33.32500076293945,33.662498474121094,105334836
2021-03-02,28.9580020904541,33.36249923706055,33.912498474121094,33.36249923706055,33.875,28506280
2021-03-03,29.381149291992188,33.849998474121094,33.849998474121094,33.17499923706055,33.4375,33512376
2021-03-04,28.806106567382812,33.1875,33.587501525878906,32.92499923706055,33.587501525878906,66353052
2021-03-05,28.63251495361328,32.98749923706055,33.150001525878906,32.375,32.51250076293945,56613844
2021-03-08,28.610815048217773,32.962501525878906,33.45000076293945,32.875,33.4375,48210408
2021-03-09,28.502315521240234,32.837501525878906,32.900001525878906,32.4375,32.63750076293945,53095728
2021-03-10,28.621662139892578,32.974998474121094,33.150001525878906,32.849998474121094,33.07500076293945,21353912
2021-03-11,29.229248046875,33.67499923706055,33.73749923706055,33.01250076293945,33.01250076293945,36663172
2021-03-12,29.34859848022461,33.8125,33.912498474121094,33.625,33.8125,22112176
2021-03-15,29.27264404296875,33.724998474121094,33.8125,33.61249923706055,33.8125,14718124
2021-03-16,29.37030029296875,33.837501525878906,33.912498474121094,33.6875,33.86249923706055,26876500
2021-03-17,29.12074851989746,33.54999923706055,33.849998474121094,33.5,33.837501525878906,26582624
2021-03-18,29.27264404296875,33.724998474121094,34.01250076293945,33.70000076293945,33.775001525878906,27618816
2021-03-19,28.816957473754883,33.20000076293945,33.375,33.07500076293945,33.36249923706055,39701288
2021-03-22,28.947154998779297,33.349998474121094,33.400001525878906,32.900001525878906,33.099998474121094,21224136
2021-03-23,28.990554809570312,33.400001525878906,33.67499923706055,33.400001525878906,33.474998474121094,27467604
2021-03-24,28.534860610961914,32.875,33.11249923706055,32.82500076293945,32.95000076293945,40972516
2021-03-25,28.63251495361328,32.98749923706055,33.13750076293945,32.650001525878906,32.775001525878906,19540068
2021-03-26,29.153301239013672,33.587501525878906,33.599998474121094,33.13750076293945,33.26250076293945,31879756
2021-03-29,29.391990661621094,33.86249923706055,33.974998474121094,33.76250076293945,33.79999923706055,32263336
2021-03-30,29.489641189575195,33.974998474121094,33.98749923706055,33.79999923706055,33.95000076293945,19052992
2021-03-31,29.240097045898438,33.6875,33.95000076293945,33.650001525878906,33.95000076293945,30413248
2021-04-01,29.457090377807617,33.9375,34.01250076293945,33.79999923706055,33.92499923706055,28893264
2021-04-07,29.901931762695312,34.45000076293945,34.48749923706055,34.287498474121094,34.42499923706055,17117556
2021-04-08,29.99957847595215,34.5625,34.5625,34.162498474121094,34.337501525878906,24794268
2021-04-09,29.934478759765625,34.48749923706055,34.724998474121094,34.412498474121094,34.712501525878906,14374740
2021-04-12,29.76088523864746,34.287498474121094,34.599998474121094,34.162498474121094,34.51250076293945,23586236
2021-04-13,29.76088523864746,34.287498474121094,34.70000076293945,34.25,34.29999923706055,22351296
2021-04-14,29.92363166809082,34.474998474121094,34.474998474121094,34.01250076293945,34.337501525878906,25502040
2021-04-15,30.173179626464844,34.76250076293945,34.76250076293945,34.400001525878906,34.51250076293945,30128784
2021-04-16,30.216569900512695,34.8125,34.8125,34.599998474121094,34.724998474121094,44717424
2021-04-19,30.27082633972168,34.875,34.9375,34.662498474121094,34.8125,31997080
2021-04-20,30.216569900512695,34.8125,34.88750076293945,34.70000076293945,34.712501525878906,19005996
2021-04-21,29.945335388183594,34.5,34.73749923706055,34.5,34.73749923706055,31261660
2021-04-22,29.92363166809082,34.474998474121094,34.76250076293945,34.42499923706055,34.63750076293945,15844676
2021-04-23,30.19487190246582,34.787498474121094,34.787498474121094,34.349998474121094,34.474998474121094,23838556
2021-04-26,30.639719009399414,35.29999923706055,35.337501525878906,34.974998474121094,35.0,47495696
2021-04-27,30.65056610107422,35.3125,35.42499923706055,35.20000076293945,35.29999923706055,26350460
2021-04-28,30.466123580932617,35.099998474121094,35.3125,35.04999923706055,35.3125,11847132
2021-04-29,30.509517669677734,35.150001525878906,35.5,35.150001525878906,35.25,35394172
2021-05-03,29.99957847595215,34.5625,35.099998474121094,34.525001525878906,35.099998474121094,26886696
2021-05-04,29.73918342590332,34.26250076293945,34.587501525878906,33.75,34.5625,53149348
2021-05-05,29.457090377807617,33.9375,34.32500076293945,33.92499923706055,34.26250076293945,35123544
2021-05-06,29.717483520507812,34.23749923706055,34.375,33.875,34.07500076293945,31910052
2021-05-07,30.249122619628906,34.849998474121094,34.86249923706055,34.48749923706055,34.537498474121094,27887364
2021-05-10,30.042978286743164,34.61249923706055,34.875,34.525001525878906,34.875,17145392
2021-05-11,28.91460418701172,33.3125,33.95000076293945,33.150001525878906,33.9375,101487268
2021-05-12,28.07917022705078,32.349998474121094,33.224998474121094,30.299999237060547,33.224998474121094,153849896
2021-05-13,27.666881561279297,31.875,32.5,31.25,31.5625,108572604
2021-05-14,27.981523513793945,32.23749923706055,32.5625,31.962499618530273,32.125,60858732
2021-05-17,27.44988441467285,31.625,32.20000076293945,31.174999237060547,31.299999237060547,126414496
2021-05-18,28.70846176147461,33.07500076293945,33.07500076293945,32.0,32.087501525878906,65091716
2021-05-19,28.513166427612305,32.849998474121094,33.162498474121094,32.625,33.04999923706055,67681988
2021-05-20,28.3178653717041,32.625,32.849998474121094,32.42499923706055,32.837501525878906,38038476
2021-05-21,28.71931266784668,33.087501525878906,33.462501525878906,32.82500076293945,33.125,40364120
2021-05-24,28.67591094970703,33.037498474121094,33.162498474121094,32.787498474121094,32.88750076293945,40898176
2021-05-25,29.164146423339844,33.599998474121094,33.662498474121094,33.224998474121094,33.224998474121094,36364972
2021-05-26,29.185848236083984,33.625,33.787498474121094,33.48749923706055,33.712501525878906,20554356
2021-05-27,28.979703903198242,33.38750076293945,33.42499923706055,33.087501525878906,33.375,22624404
2021-05-28,29.467945098876953,33.95000076293945,33.974998474121094,33.57500076293945,33.724998474121094,38184028
2021-05-31,29.750032424926758,34.275001525878906,34.38750076293945,33.95000076293945,33.95000076293945,41441512
2021-06-01,29.880233764648438,34.42499923706055,34.525001525878906,34.29999923706055,34.29999923706055,22239920
2021-06-02,29.880233764648438,34.42499923706055,34.5,34.162498474121094,34.45000076293945,19776268
2021-06-03,29.858535766601562,34.400001525878906,34.61249923706055,34.375,34.48749923706055,19899456
2021-06-04,29.717483520507812,34.23749923706055,34.25,34.07500076293945,34.25,12430320
2021-06-07,29.793432235717773,34.32500076293945,34.349998474121094,33.662498474121094,34.29999923706055,42978416
2021-06-08,29.61983871459961,34.125,34.375,34.125,34.32500076293945,11574400
2021-06-09,29.40284538269043,33.875,34.07500076293945,33.76250076293945,34.07500076293945,23961704
2021-06-10,29.858535766601562,34.400001525878906,34.462501525878906,33.95000076293945,34.0,27041116
2021-06-11,29.967029571533203,34.525001525878906,34.625,34.462501525878906,34.525001525878906,13123036
2021-06-15,30.12978172302246,34.712501525878906,34.75,34.599998474121094,34.650001525878906,15841824
2021-06-16,30.09722900390625,34.67499923706055,34.73749923706055,34.537498474121094,34.67499923706055,28848448
2021-06-17,30.010433197021484,34.57500076293945,34.57500076293945,34.287498474121094,34.45000076293945,12704604
2021-06-18,29.945335388183594,34.5,34.712501525878906,34.48749923706055,34.712501525878906,8566312
2021-06-21,29.229248046875,33.67499923706055,34.25,33.650001525878906,34.224998474121094,62771964
2021-06-22,29.261796951293945,33.712501525878906,34.01250076293945,33.625,33.900001525878906,23116784
2021-06-23,29.73918342590332,34.26250076293945,34.287498474121094,33.70000076293945,33.75,25554192
2021-06-24,29.663240432739258,34.17499923706055,34.3125,34.11249923706055,34.26250076293945,24711284
2021-06-25,29.717483520507812,34.23749923706055,34.48749923706055,34.17499923706055,34.36249923706055,25873856
2021-06-28,29.77173614501953,34.29999923706055,34.375,34.125,34.25,15924228
2021-06-29,29.858535766601562,34.400001525878906,34.67499923706055,34.32500076293945,34.474998474121094,35947620
2021-06-30,30.151473999023438,34.73749923706055,34.837501525878906,34.51250076293945,34.525001525878906,37738688
2021-07-01,30.010433197021484,34.57500076293945,34.79999923706055,34.51250076293945,34.75,18035100
2021-07-02,30.010433197021484,34.57500076293945,34.625,34.474998474121094,34.57500076293945,18841708
2021-07-05,30.292526245117188,34.900001525878906,35.0,34.6875,34.6875,30418260
2021-07-06,30.3250732421875,34.9375,35.01250076293945,34.86249923706055,34.962501525878906,25581352
2021-07-07,30.16232681274414,34.75,34.912498474121094,34.650001525878906,34.900001525878906,26349512
2021-07-08,30.12978172302246,34.712501525878906,34.875,34.54999923706055,34.787498474121094,15770840
2021-07-09,29.89107894897461,34.4375,34.474998474121094,34.23749923706055,34.474998474121094,26946384
2021-07-12,30.16232681274414,34.75,35.01250076293945,34.63750076293945,34.76250076293945,54207240
2021-07-13,30.4118709564209,35.037498474121094,35.25,34.98749923706055,35.0,54740836
2021-07-14,30.487823486328125,35.125,35.275001525878906,35.037498474121094,35.04999923706055,37822716
2021-07-15,30.769914627075195,35.45000076293945,35.462501525878906,35.20000076293945,35.23749923706055,48290328
2021-07-16,30.357622146606445,34.974998474121094,35.0,34.76250076293945,34.95000076293945,37001536
2021-07-19,30.010433197021484,34.57500076293945,34.79999923706055,34.38750076293945,34.75,41802040
2021-07-20,29.77173614501953,34.29999923706055,34.57500076293945,34.26250076293945,34.45000076293945,31443692
2021-07-21,29.739105224609375,34.17499923706055,34.5,34.025001525878906,34.5,50775656
2021-07-22,29.945770263671875,34.412498474121094,34.63750076293945,34.3125,34.45000076293945,24405396
2021-07-23,29.945770263671875,34.412498474121094,34.57500076293945,34.337501525878906,34.51250076293945,12374240
2021-07-26,29.684715270996094,34.11249923706055,34.51250076293945,34.0625,34.4375,46350908
2021-07-27,29.673837661743164,34.099998474121094,34.26250076293945,34.01250076293945,34.125,41265188
2021-07-28,29.206100463867188,33.5625,34.025001525878906,33.4375,34.025001525878906,120230996
2021-07-29,29.69559097290039,34.125,34.150001525878906,33.8125,33.962501525878906,42856636
2021-07-30,29.59769630432129,34.01250076293945,34.150001525878906,34.0,34.150001525878906,15472072
2021-08-02,30.00016212463379,34.474998474121094,34.5,34.01250076293945,34.25,28890076
2021-08-03,30.119813919067383,34.61249923706055,34.61249923706055,34.42499923706055,34.48749923706055,24320952
2021-08-04,30.29384994506836,34.8125,34.82500076293945,34.61249923706055,34.662498474121094,21724496
2021-08-05,30.239469528198242,34.75,34.86249923706055,34.712501525878906,34.8125,22573208
2021-08-06,30.19595718383789,34.70000076293945,34.75,34.45000076293945,34.724998474121094,15681916
2021-08-09,30.10893440246582,34.599998474121094,34.63750076293945,34.17499923706055,34.54999923706055,20148264
2021-08-10,29.945770263671875,34.412498474121094,34.625,34.375,34.61249923706055,9903104
2021-08-11,29.847877502441406,34.29999923706055,34.412498474121094,34.150001525878906,34.337501525878906,14460116
2021-08-12,29.793487548828125,34.23749923706055,34.3125,34.125,34.29999923706055,8938108
2021-08-13,29.51067352294922,33.912498474121094,34.212501525878906,33.88750076293945,34.150001525878906,28719444
2021-08-16,29.445415496826172,33.837501525878906,33.9375,33.724998474121094,33.875,42835976
2021-08-17,29.227863311767578,33.587501525878906,33.875,33.57500076293945,33.849998474121094,52037948
2021-08-18,29.347511291503906,33.724998474121094,33.73749923706055,33.11249923706055,33.400001525878906,85849596
2021-08-19,28.673107147216797,32.95000076293945,33.625,32.900001525878906,33.625,105585004
2021-08-20,28.444677352905273,32.6875,33.20000076293945,32.54999923706055,33.04999923706055,62649456
2021-08-23,29.227863311767578,33.587501525878906,33.61249923706055,33.037498474121094,33.0625,23545608
2021-08-24,29.314878463745117,33.6875,33.837501525878906,33.650001525878906,33.79999923706055,19796404
2021-08-25,29.59769630432129,34.01250076293945,34.025001525878906,33.787498474121094,33.787498474121094,27403636
2021-08-26,29.804370880126953,34.25,34.5,34.087501525878906,34.36249923706055,28349696
2021-08-27,30.054550170898438,34.537498474121094,34.625,34.11249923706055,34.17499923706055,66067832
2021-08-30,30.34824562072754,34.875,34.875,34.61249923706055,34.662498474121094,85414624
2021-08-31,30.533164978027344,35.087501525878906,35.087501525878906,34.525001525878906,34.849998474121094,64500216
2021-09-01,30.674570083618164,35.25,35.32500076293945,35.01250076293945,35.037498474121094,72891272
2021-09-02,30.435260772705078,34.974998474121094,35.349998474121094,34.974998474121094,35.224998474121094,27917864
2021-09-03,30.8703670501709,35.474998474121094,35.525001525878906,35.11249923706055,35.162498474121094,44336692
2021-09-06,31.011768341064453,35.63750076293945,35.875,35.400001525878906,35.474998474121094,55343340
2021-09-07,30.8703670501709,35.474998474121094,35.70000076293945,35.36249923706055,35.70000076293945,32844564
2021-09-08,30.598421096801758,35.162498474121094,35.5,34.98749923706055,35.4375,27915944
2021-09-09,30.52228546142578,35.07500076293945,35.25,34.82500076293945,34.912498474121094,12250292
2021-09-10,30.881237030029297,35.48749923706055,35.525001525878906,35.125,35.17499923706055,11929744
2021-09-13,30.7724609375,35.36249923706055,35.462501525878906,35.287498474121094,35.462501525878906,12939284
2021-09-14,30.805099487304688,35.400001525878906,35.54999923706055,35.337501525878906,35.462501525878906,9637564
2021-09-15,30.620180130004883,35.1875,35.36249923706055,35.099998474121094,35.32500076293945,47972592
2021-09-16,30.478771209716797,35.025001525878906,35.25,34.9375,35.20000076293945,32048512
2021-09-17,30.5657958984375,35.125,35.26250076293945,34.875,35.025001525878906,15056364
2021-09-22,29.847877502441406,34.29999923706055,34.400001525878906,34.07500076293945,34.275001525878906,95626476
2021-09-23,30.021921157836914,34.5,34.625,34.400001525878906,34.5,22950432
2021-09-24,30.380876541137695,34.912498474121094,34.912498474121094,34.67499923706055,34.70000076293945,24728896
2021-09-27,30.457019805908203,35.0,35.087501525878906,34.79999923706055,34.962501525878906,46916492
2021-09-28,30.239469528198242,34.75,34.837501525878906,34.5625,34.8125,70802024
2021-09-29,29.586820602416992,34.0,34.224998474121094,33.86249923706055,34.224998474121094,118838624
2021-09-30,29.815244674682617,34.26250076293945,34.275001525878906,33.79999923706055,34.07500076293945,66370156
2021-10-01,29.140838623046875,33.48749923706055,34.07500076293945,33.412498474121094,34.07500076293945,108369932
2021-10-04,28.966796875,33.287498474121094,33.70000076293945,33.212501525878906,33.67499923706055,93019620
2021-10-05,28.923294067382812,33.23749923706055,33.25,32.724998474121094,33.0,107861208
2021-10-06,28.934167861938477,33.25,33.5,33.0,33.5,88152372
2021-10-07,29.445415496826172,33.837501525878906,33.900001525878906,33.48749923706055,33.51250076293945,54266868
2021-10-08,29.195226669311523,33.54999923706055,33.912498474121094,33.48749923706055,33.912498474121094,30805556
2021-10-12,28.90153694152832,33.212501525878906,33.287498474121094,32.900001525878906,33.17499923706055,44110052
2021-10-13,28.80363655090332,33.099998474121094,33.400001525878906,33.037498474121094,33.349998474121094,21732664
2021-10-14,28.879779815673828,33.1875,33.42499923706055,33.125,33.375,13018476
2021-10-15,29.641202926635742,34.0625,34.087501525878906,33.57500076293945,33.662498474121094,53612692
2021-10-18,29.554187774658203,33.962501525878906,34.224998474121094,33.900001525878906,34.17499923706055,21166076
2021-10-19,29.793487548828125,34.23749923706055,34.3125,34.01250076293945,34.04999923706055,33879576
2021-10-20,29.717348098754883,34.150001525878906,34.32500076293945,34.11249923706055,34.26250076293945,58064224
2021-10-21,29.60857391357422,34.025001525878906,34.45000076293945,34.025001525878906,34.17499923706055,52200656
2021-10-22,29.69559097290039,34.125,34.1875,33.912498474121094,34.0625,20749424
2021-10-25,29.673837661743164,34.099998474121094,34.17499923706055,33.79999923706055,34.0,29361584
2021-10-26,29.924020767211914,34.38750076293945,34.4375,34.150001525878906,34.162498474121094,42011924
2021-10-27,29.924020767211914,34.38750076293945,34.38750076293945,34.17499923706055,34.23749923706055,29550340
2021-10-28,29.83700180053711,34.287498474121094,34.412498474121094,34.150001525878906,34.36249923706055,17775576
2021-10-29,29.54330825805664,33.95000076293945,34.26250076293945,33.837501525878906,34.26250076293945,19783344
2021-11-01,29.69559097290039,34.125,34.1875,34.04999923706055,34.04999923706055,12073852
2021-11-02,29.641202926635742,34.0625,34.412498474121094,34.037498474121094,34.20000076293945,15930308
2021-11-03,29.717348098754883,34.150001525878906,34.25,34.099998474121094,34.099998474121094,9295528
2021-11-04,29.619449615478516,34.037498474121094,34.375,34.037498474121094,34.3125,10037280
2021-11-05,30.043672561645508,34.525001525878906,34.54999923706055,34.20000076293945,34.275001525878906,44980008
2021-11-08,30.282978057861328,34.79999923706055,34.79999923706055,34.54999923706055,34.54999923706055,29547192
2021-11-09,30.609302520751953,35.17499923706055,35.29999923706055,35.025001525878906,35.037498474121094,49103720
2021-11-10,30.5657958984375,35.125,35.162498474121094,35.0,35.162498474121094,21403752
2021-11-11,30.29384994506836,34.8125,34.9375,34.70000076293945,34.775001525878906,17749988
2021-11-12,30.391754150390625,34.92499923706055,35.20000076293945,34.875,34.974998474121094,22775288
2021-11-15,30.663684844970703,35.23749923706055,35.3125,35.13750076293945,35.13750076293945,25918820
2021-11-16,30.718082427978516,35.29999923706055,35.36249923706055,35.20000076293945,35.23749923706055,22967136
2021-11-17,30.815969467163086,35.412498474121094,35.42499923706055,35.287498474121094,35.32500076293945,81202148
2021-11-18,30.990013122558594,35.61249923706055,35.63750076293945,35.412498474121094,35.4375,23376840
2021-11-19,31.066158294677734,35.70000076293945,35.88750076293945,35.662498474121094,35.875,23825376
2021-11-22,30.990013122558594,35.61249923706055,35.724998474121094,35.599998474121094,35.67499923706055,14822488
2021-11-23,30.69632339477539,35.275001525878906,35.5,35.26250076293945,35.5,17951904
2021-11-24,30.5657958984375,35.125,35.287498474121094,35.037498474121094,35.275001525878906,12176628
2021-11-25,30.554912567138672,35.11249923706055,35.224998474121094,35.0,35.125,9909604
2021-11-26,30.054550170898438,34.537498474121094,34.962501525878906,34.48749923706055,34.88750076293945,46647920
2021-11-29,30.054550170898438,34.537498474121094,34.70000076293945,34.375,34.400001525878906,44655660
2021-11-30,30.021921157836914,34.5,34.900001525878906,34.462501525878906,34.70000076293945,41102956
2021-12-01,30.52228546142578,35.07500076293945,35.125,34.51250076293945,34.525001525878906,16704276
2021-12-02,30.848609924316406,35.45000076293945,35.48749923706055,34.92499923706055,35.025001525878906,35537196
2021-12-03,30.837730407714844,35.4375,35.537498474121094,35.275001525878906,35.48749923706055,19330520
2021-12-06,30.75071144104004,35.337501525878906,35.474998474121094,35.0,35.17499923706055,15418468
2021-12-07,30.848609924316406,35.45000076293945,35.45000076293945,35.087501525878906,35.337501525878906,12050156
2021-12-08,30.96826171875,35.587501525878906,35.900001525878906,35.57500076293945,35.775001525878906,43552320
2021-12-09,30.892118453979492,35.5,35.662498474121094,35.42499923706055,35.61249923706055,18162644
2021-12-10,30.881237030029297,35.48749923706055,35.525001525878906,35.337501525878906,35.45000076293945,13121360
2021-12-13,30.783342361450195,35.375,35.61249923706055,35.375,35.54999923706055,18437204
2021-12-14,30.478771209716797,35.025001525878906,35.17499923706055,34.98749923706055,35.087501525878906,18753476
2021-12-15,30.52228546142578,35.07500076293945,35.150001525878906,34.92499923706055,35.025001525878906,39734372
2021-12-16,30.902992248535156,35.51250076293945,35.51250076293945,35.287498474121094,35.337501525878906,22468220
2021-12-17,30.8703670501709,35.474998474121094,35.5,35.29999923706055,35.38750076293945,19549972
2021-12-20,30.598421096801758,35.162498474121094,35.462501525878906,35.07500076293945,35.45000076293945,17373652
2021-12-21,30.859487533569336,35.462501525878906,35.48749923706055,35.17499923706055,35.17499923706055,26402952
2021-12-22,30.859487533569336,35.462501525878906,35.5,35.412498474121094,35.48749923706055,16285780
2021-12-23,31.03352165222168,35.662498474121094,35.79999923706055,35.5625,35.6875,55705360
2021-12-24,31.120548248291016,35.76250076293945,35.900001525878906,35.73749923706055,35.75,50101524
2021-12-27,31.359848022460938,36.037498474121094,36.0625,35.775001525878906,35.79999923706055,26048796
2021-12-28,31.610036849975586,36.32500076293945,36.32500076293945,36.07500076293945,36.07500076293945,89823980
2021-12-29,31.751441955566406,36.48749923706055,36.537498474121094,36.26250076293945,36.36249923706055,90088896
2021-12-30,31.653547286987305,36.375,36.5,36.337501525878906,36.48749923706055,24985712
2022-01-03,31.84933853149414,36.599998474121094,36.837501525878906,36.5,36.5,27136808
2022-01-04,32.54549789428711,37.400001525878906,37.400001525878906,36.92499923706055,36.92499923706055,38537760
2022-01-05,32.48023223876953,37.32500076293945,37.63750076293945,37.275001525878906,37.525001525878906,45626404
2022-01-06,32.175662994384766,36.974998474121094,37.1875,36.75,37.07500076293945,34484932
2022-01-07,31.892847061157227,36.650001525878906,37.25,36.625,37.07500076293945,27956496
2022-01-10,32.099517822265625,36.88750076293945,36.95000076293945,36.349998474121094,36.5,62807884
2022-01-11,32.2626838684082,37.07500076293945,37.125,36.67499923706055,36.900001525878906,71021608
2022-01-12,32.53461837768555,37.38750076293945,37.400001525878906,37.17499923706055,37.337501525878906,40619208
2022-01-13,32.69778060913086,37.57500076293945,37.61249923706055,37.38750076293945,37.38750076293945,29812384
2022-01-14,32.69778060913086,37.57500076293945,37.79999923706055,37.26250076293945,37.70000076293945,40446116
2022-01-17,33.0676155090332,38.0,38.099998474121094,37.775001525878906,37.775001525878906,27711192
2022-01-18,32.69778060913086,37.57500076293945,38.0625,37.537498474121094,38.04999923706055,57660460
2022-01-19,32.30619812011719,37.125,37.412498474121094,37.0625,37.25,58657148
2022-01-20,32.436729431152344,37.275001525878906,37.29999923706055,36.900001525878906,37.125,65053388
2022-01-21,31.714176177978516,35.662498474121094,35.98749923706055,35.57500076293945,35.974998474121094,119510380
2022-01-24,32.01430892944336,36.0,36.0,35.42499923706055,35.525001525878906,52641948
2022-01-25,31.49186134338379,35.412498474121094,35.63750076293945,35.3125,35.63750076293945,96087792
2022-01-26,31.469623565673828,35.38750076293945,35.54999923706055,35.26250076293945,35.287498474121094,71003288
2022-02-07,31.636363983154297,35.57500076293945,35.70000076293945,35.29999923706055,35.650001525878906,96090320
2022-02-08,31.76975440979004,35.724998474121094,35.875,35.70000076293945,35.82500076293945,44340368
2022-02-09,31.880916595458984,35.849998474121094,35.875,35.662498474121094,35.875,32243600
2022-02-10,32.247745513916016,36.26250076293945,36.26250076293945,35.875,35.974998474121094,24016868
2022-02-11,32.22551727294922,36.23749923706055,36.26250076293945,36.01250076293945,36.17499923706055,17259684
2022-02-14,31.72529411315918,35.67499923706055,35.98749923706055,35.54999923706055,35.98749923706055,47456160
2022-02-15,31.580795288085938,35.51250076293945,35.79999923706055,35.48749923706055,35.67499923706055,29444908
2022-02-16,32.10323715209961,36.099998474121094,36.11249923706055,35.95000076293945,35.974998474121094,26800172
2022-02-17,32.12547302246094,36.125,36.25,36.0,36.099998474121094,19763216
2022-02-18,32.03654861450195,36.025001525878906,36.037498474121094,35.76250076293945,35.875,15468844
2022-02-21,31.969850540161133,35.95000076293945,35.962501525878906,35.70000076293945,35.86249923706055,18011756
2022-02-22,31.536319732666016,35.462501525878906,35.662498474121094,35.1875,35.650001525878906,74872596
2022-02-23,31.625247955322266,35.5625,35.599998474121094,35.412498474121094,35.462501525878906,17635428
2022-02-24,30.858238220214844,34.70000076293945,35.275001525878906,34.57500076293945,35.275001525878906,117813808
2022-02-25,30.79154396057129,34.625,34.79999923706055,34.462501525878906,34.76250076293945,90309080
2022-03-01,31.22507095336914,35.11249923706055,35.20000076293945,34.712501525878906,34.76250076293945,32958060
2022-03-02,31.047216415405273,34.912498474121094,35.025001525878906,34.79999923706055,35.0,24524616
2022-03-03,31.11391258239746,34.98749923706055,35.20000076293945,34.962501525878906,35.125,17755472
2022-03-04,30.780427932739258,34.61249923706055,34.712501525878906,34.48749923706055,34.625,50396708
2022-03-07,29.79109764099121,33.5,34.224998474121094,33.4375,34.224998474121094,208177676
2022-03-08,29.157480239868164,32.787498474121094,33.287498474121094,32.75,33.11249923706055,167283432
2022-03-09,29.457616806030273,33.125,33.3125,33.04999923706055,33.04999923706055,83526340
2022-03-10,30.31355094909668,34.087501525878906,34.13750076293945,33.79999923706055,33.79999923706055,57746092
2022-03-11,29.880022048950195,33.599998474121094,33.962501525878906,33.54999923706055,33.962501525878906,42419380
2022-03-14,29.880022048950195,33.599998474121094,33.837501525878906,33.5,33.75,34346608
2022-03-15,29.268638610839844,32.912498474121094,33.287498474121094,32.849998474121094,33.287498474121094,94122712
2022-03-16,29.390918731689453,33.04999923706055,33.3125,32.775001525878906,33.29999923706055,75954080
2022-03-17,30.32466697692871,34.099998474121094,34.125,33.79999923706055,33.86249923706055,56006192
2022-03-18,30.257970809936523,34.025001525878906,34.150001525878906,33.875,34.150001525878906,50581376
2022-03-21,30.458059310913086,34.25,34.412498474121094,34.20000076293945,34.20000076293945,30873588
2022-03-22,30.41359519958496,34.20000076293945,34.25,34.07500076293945,34.20000076293945,24184288
2022-03-23,30.702613830566406,34.525001525878906,34.587501525878906,34.38750076293945,34.400001525878906,41079752
2022-03-24,30.68037986755371,34.5,34.525001525878906,34.26250076293945,34.375,17108564
2022-03-25,30.72484588623047,34.54999923706055,34.625,34.474998474121094,34.599998474121094,19496792
2022-03-28,30.39136505126953,34.17499923706055,34.25,33.88750076293945,34.25,42024708
2022-03-29,30.424713134765625,34.212501525878906,34.29999923706055,34.150001525878906,34.25,25774216
2022-03-30,30.80265998840332,34.63750076293945,34.67499923706055,34.51250076293945,34.51250076293945,32665068
2022-03-31,30.702613830566406,34.525001525878906,34.662498474121094,34.525001525878906,34.63750076293945,14238552
2022-04-01,30.44694709777832,34.23749923706055,34.23749923706055,34.037498474121094,34.150001525878906,30795024
2022-04-06,30.291316986083984,34.0625,34.087501525878906,33.75,33.8125,46251656
2022-04-07,29.746633529663086,33.45000076293945,33.775001525878906,33.45000076293945,33.775001525878906,58991464
2022-04-08,29.91337013244629,33.63750076293945,33.63750076293945,33.4375,33.525001525878906,35768872
2022-04-11,29.44649314880371,33.11249923706055,33.61249923706055,33.04999923706055,33.537498474121094,66837660
2022-04-12,29.46872901916504,33.13750076293945,33.212501525878906,32.900001525878906,33.037498474121094,56875520
2022-04-13,30.0245361328125,33.76250076293945,33.79999923706055,33.29999923706055,33.349998474121094,28186852
2022-04-14,29.91337013244629,33.63750076293945,33.9375,33.63750076293945,33.9375,19791976
2022-04-15,29.40203285217285,33.0625,33.26250076293945,33.0,33.212501525878906,82769516
2022-04-18,29.24640655517578,32.88750076293945,33.0625,32.787498474121094,33.0,71848084
2022-04-19,29.34644889831543,33.0,33.23749923706055,32.962501525878906,33.0625,36238036
2022-04-20,29.490962982177734,33.162498474121094,33.17499923706055,32.912498474121094,33.04999923706055,27048540
2022-04-21,29.513195037841797,33.1875,33.400001525878906,33.162498474121094,33.3125,15936376
2022-04-22,29.257526397705078,32.900001525878906,32.9375,32.712501525878906,32.849998474121094,44801348
2022-04-25,28.735069274902344,32.3125,32.51250076293945,32.162498474121094,32.5,128851880
2022-04-26,28.735069274902344,32.3125,32.45000076293945,32.212501525878906,32.4375,37409408
2022-04-27,28.13479995727539,31.637500762939453,31.75,31.512500762939453,31.75,114986256
2022-04-28,28.257076263427734,31.774999618530273,31.850000381469727,31.487499237060547,31.837499618530273,46171364
2022-04-29,28.62390899658203,32.1875,32.375,32.0625,32.224998474121094,47537724
2022-05-03,28.412704467773438,31.950000762939453,32.17499923706055,31.862499237060547,32.13750076293945,25125076
2022-05-04,28.412704467773438,31.950000762939453,32.11249923706055,31.875,32.07500076293945,39598772
2022-05-05,28.735069274902344,32.3125,32.45000076293945,32.23749923706055,32.375,24902416
2022-05-06,28.157033920288086,31.662500381469727,31.712499618530273,31.487499237060547,31.612499237060547,68203532
2022-05-09,27.690160751342773,31.137500762939453,31.387500762939453,31.125,31.375,51720992
2022-05-10,27.56787872314453,31.0,31.024999618530273,30.387500762939453,30.537500381469727,55376572
2022-05-11,27.61234474182129,31.049999237060547,31.112499237060547,30.825000762939453,30.962499618530273,32199604
2022-05-12,26.95649528503418,30.3125,30.75,30.299999237060547,30.75,47755260
2022-05-13,27.201053619384766,30.587499618530273,30.587499618530273,30.387500762939453,30.524999618530273,28106200
2022-05-16,27.345556259155273,30.75,31.0,30.625,30.862499237060547,22904664
2022-05-17,27.645692825317383,31.087499618530273,31.125,30.787500381469727,30.787500381469727,16662204
2022-05-18,27.945825576782227,31.424999237060547,31.5,31.3125,31.337499618530273,25266444
2022-05-19,27.412256240844727,30.825000762939453,30.950000762939453,30.662500381469727,30.862499237060547,29033480
2022-05-20,27.712387084960938,31.162500381469727,31.237499237060547,30.912500381469727,30.9375,14661664
2022-05-23,27.767972946166992,31.225000381469727,31.399999618530273,31.125,31.325000762939453,10715572
2022-05-24,27.45671844482422,30.875,31.299999237060547,30.850000381469727,31.25,20276748
2022-05-25,27.667924880981445,31.112499237060547,31.174999237060547,30.862499237060547,30.924999237060547,10270292
2022-05-26,27.32332992553711,30.725000381469727,31.25,30.712499618530273,31.25,23219872
2022-05-27,27.9013614654541,31.375,31.450000762939453,31.012500762939453,31.037500381469727,46801572
2022-05-30,28.579442977905273,32.13750076293945,32.150001525878906,31.762500762939453,31.8125,58170520
2022-05-31,28.85734748840332,32.45000076293945,32.45000076293945,31.899999618530273,32.11249923706055,28102668
2022-06-01,28.712833404541016,32.287498474121094,32.51250076293945,32.25,32.32500076293945,25626728
2022-06-02,28.412704467773438,31.950000762939453,32.11249923706055,31.899999618530273,32.11249923706055,17718612
2022-06-06,28.612791061401367,32.17499923706055,32.25,31.862499237060547,32.0625,16111300
2022-06-07,28.323774337768555,31.850000381469727,31.987499237060547,31.712499618530273,31.987499237060547,19365760
2022-06-08,28.635025024414062,32.20000076293945,32.275001525878906,32.037498474121094,32.125,15916200
2022-06-09,28.546096801757812,32.099998474121094,32.125,31.912500381469727,32.04999923706055,7709100
2022-06-10,28.257076263427734,31.774999618530273,31.850000381469727,31.600000381469727,31.700000762939453,16998412
2022-06-13,27.467832565307617,30.887500762939453,31.0625,30.862499237060547,31.024999618530273,67467100
2022-06-14,27.42337417602539,30.837499618530273,30.887500762939453,30.524999618530273,30.649999618530273,47559120
2022-06-15,27.28997802734375,30.6875,30.899999618530273,30.662500381469727,30.75,35393308
2022-06-16,27.234397888183594,30.625,31.25,30.5625,31.024999618530273,51071688
2022-06-17,26.867565155029297,30.212499618530273,30.375,30.100000381469727,30.25,78686220
2022-06-20,26.62301254272461,29.9375,30.237499237060547,29.875,30.225000381469727,42257108
2022-06-21,27.167699813842773,30.549999237060547,30.549999237060547,30.087499618530273,30.237499237060547,25930500
2022-06-22,26.567434310913086,29.875,30.424999237060547,29.837499618530273,30.424999237060547,60435976
2022-06-23,26.21171760559082,29.475000381469727,29.950000762939453,29.3125,29.950000762939453,67491772
2022-06-24,26.26729965209961,29.537500381469727,29.825000762939453,29.487499237060547,29.662500381469727,43073528
2022-06-27,26.889799118041992,30.237499237060547,30.362499237060547,29.950000762939453,29.950000762939453,66723816
2022-06-28,26.634130477905273,29.950000762939453,30.200000762939453,29.8125,30.200000762939453,43233840
2022-06-29,26.41180992126465,29.700000762939453,29.887500762939453,29.625,29.674999237060547,25087984
2022-06-30,25.744842529296875,28.950000762939453,29.450000762939453,28.875,29.424999237060547,81720980
2022-07-01,24.799978256225586,27.887500762939453,28.912500381469727,27.799999237060547,28.912500381469727,138878240
2022-07-04,24.555423736572266,27.612499237060547,28.049999237060547,27.5,27.8125,105770848
2022-07-05,24.67770004272461,27.75,28.237499237060547,27.25,28.137500762939453,64857832
2022-07-06,24.199708938598633,27.212499618530273,27.762500762939453,27.112499237060547,27.75,62447924
2022-07-07,24.922256469726562,28.024999618530273,28.037500381469727,27.137500762939453,27.362499237060547,53732760
2022-07-08,25.17792320251465,28.3125,28.475000381469727,28.075000762939453,28.325000762939453,40711428
2022-07-11,24.955604553222656,28.0625,28.424999237060547,27.962499618530273,28.412500381469727,30291812
2022-07-12,24.35533332824707,27.387500762939453,27.737499237060547,27.287500381469727,27.737499237060547,44533776
2022-07-13,25.22238540649414,28.362499237060547,28.412500381469727,28.149999618530273,28.25,99299588
2022-07-14,25.34466552734375,28.5,28.5625,27.950000762939453,28.174999237060547,59001712
2022-07-15,25.67814826965332,28.875,28.912500381469727,28.4375,28.649999618530273,74221248
2022-07-18,25.791065216064453,28.549999237060547,28.712499618530273,28.487499237060547,28.662500381469727,88829376
2022-07-19,25.81365394592285,28.575000762939453,28.662500381469727,28.399999618530273,28.487499237060547,53005460
2022-07-20,25.9830322265625,28.762500762939453,29.049999237060547,28.674999237060547,28.962499618530273,67345152
2022-07-21,26.276626586914062,29.087499618530273,29.087499618530273,28.75,28.850000381469727,35213080
2022-07-22,26.378253936767578,29.200000762939453,29.299999237060547,29.075000762939453,29.149999618530273,62459656
2022-07-25,26.355669021606445,29.174999237060547,29.237499237060547,29.0,29.075000762939453,42173440
2022-07-26,26.11853790283203,28.912500381469727,29.149999618530273,28.825000762939453,29.149999618530273,50495728
2022-07-27,26.355669021606445,29.174999237060547,29.174999237060547,28.787500381469727,28.875,31668200
2022-07-28,26.400836944580078,29.225000381469727,29.487499237060547,29.225000381469727,29.462499618530273,33228832
2022-07-29,26.649261474609375,29.5,29.625,29.412500381469727,29.537500381469727,32121328
2022-08-01,26.570220947265625,29.412500381469727,29.524999618530273,29.299999237060547,29.524999618530273,38018536
2022-08-02,26.147069931030273,28.887500762939453,29.137500762939453,28.774999618530273,29.137500762939453,70777800
2022-08-03,26.305465698242188,29.0625,29.0625,28.875,28.912500381469727,31360808
2022-08-04,26.373353958129883,29.137500762939453,29.200000762939453,28.799999237060547,29.087499618530273,27397668
2022-08-05,27.040889739990234,29.875,29.875,29.475000381469727,29.5,37238236
2022-08-08,26.984317779541016,29.8125,29.8125,29.575000762939453,29.75,34765628
2022-08-09,26.961688995361328,29.787500381469727,29.875,29.5,29.600000381469727,31536632
2022-08-10,26.678834915161133,29.475000381469727,29.549999237060547,29.375,29.5,28891416
2022-08-11,27.165346145629883,30.012500762939453,30.112499237060547,29.899999618530273,29.950000762939453,42912384
2022-08-12,27.335060119628906,30.200000762939453,30.25,30.075000762939453,30.137500762939453,33697348
2022-08-15,27.58397102355957,30.475000381469727,30.524999618530273,30.3125,30.362499237060547,38189448
2022-08-16,27.629226684570312,30.524999618530273,30.575000762939453,30.475000381469727,30.5,39489064
2022-08-17,27.640541076660156,30.537500381469727,30.575000762939453,30.450000762939453,30.524999618530273,55419464
2022-08-18,27.459510803222656,30.337499618530273,30.362499237060547,30.237499237060547,30.350000381469727,21088012
2022-08-19,27.50477409362793,30.387500762939453,30.5,30.225000381469727,30.3125,16104076
2022-08-22,27.165346145629883,30.012500762939453,30.0625,29.9375,30.0,20028000
2022-08-23,26.746721267700195,29.549999237060547,29.75,29.549999237060547,29.637500762939453,41302508
2022-08-24,26.678834915161133,29.475000381469727,29.737499237060547,29.412500381469727,29.700000762939453,28253912
2022-08-25,26.927749633789062,29.75,29.862499237060547,29.612499237060547,29.625,19574876
2022-08-26,27.063514709472656,29.899999618530273,30.024999618530273,29.862499237060547,29.962499618530273,39838948
2022-08-29,26.373353958129883,29.137500762939453,29.237499237060547,29.0,29.0625,63102952
2022-08-30,26.418609619140625,29.1875,29.299999237060547,29.049999237060547,29.137500762939453,48621412
2022-08-31,26.610950469970703,29.399999618530273,29.399999618530273,28.950000762939453,28.987499237060547,28183656
2022-09-01,26.056556701660156,28.787500381469727,28.899999618530273,28.6875,28.875,84246316
2022-09-02,25.77370262145996,28.475000381469727,28.774999618530273,28.462499618530273,28.774999618530273,55976232
2022-09-05,25.83027458190918,28.537500381469727,28.6875,28.424999237060547,28.524999618530273,35512716
2022-09-06,25.999984741210938,28.725000381469727,28.850000381469727,28.5625,28.700000762939453,25904464
2022-09-07,25.389020919799805,28.049999237060547,28.287500381469727,28.024999618530273,28.274999618530273,61955568
2022-09-08,25.570043563842773,28.25,28.262500762939453,28.100000381469727,28.262500762939453,28468684
2022-09-12,26.113126754760742,28.850000381469727,28.912500381469727,28.75,28.825000762939453,30181272
2022-09-13,26.248897552490234,29.0,29.100000381469727,28.9375,29.024999618530273,18161944
2022-09-14,25.717130661010742,28.412500381469727,28.487499237060547,28.200000762939453,28.262500762939453,43782264
2022-09-15,25.76239013671875,28.462499618530273,28.5625,28.299999237060547,28.375,14736400
2022-09-16,25.468215942382812,28.137500762939453,28.212499618530273,28.075000762939453,28.162500381469727,51803628
2022-09-19,25.355077743530273,28.012500762939453,28.237499237060547,27.975000381469727,28.237499237060547,28709272
2022-09-20,25.581361770629883,28.262500762939453,28.287500381469727,28.0625,28.137500762939453,23028824
2022-09-21,25.366392135620117,28.024999618530273,28.200000762939453,27.950000762939453,28.200000762939453,44046172
2022-09-22,25.0609073638916,27.6875,27.6875,27.375,27.600000381469727,59646724
2022-09-23,24.82331085205078,27.424999237060547,27.587499618530273,27.337499618530273,27.5625,58395944
2022-09-26,24.35942840576172,26.912500381469727,27.012500762939453,26.787500381469727,27.012500762939453,79683304
2022-09-27,24.325485229492188,26.875,26.987499237060547,26.75,26.950000762939453,35851112
2022-09-28,23.816347122192383,26.3125,26.912500381469727,26.3125,26.899999618530273,75593876
2022-09-29,23.73714828491211,26.225000381469727,26.612499237060547,26.149999618530273,26.612499237060547,41608432
2022-09-30,23.409038543701172,25.862499237060547,25.975000381469727,25.75,25.825000762939453,50705712
2022-10-03,23.126184463500977,25.549999237060547,25.899999618530273,25.512500762939453,25.625,43969468
2022-10-04,23.714521408081055,26.200000762939453,26.200000762939453,26.024999618530273,26.137500762939453,30114732
2022-10-05,24.268918991088867,26.8125,26.962499618530273,26.587499618530273,26.625,42787184
2022-10-06,24.438629150390625,27.0,27.0,26.875,26.950000762939453,33828044
2022-10-07,24.03131866455078,26.549999237060547,26.850000381469727,26.524999618530273,26.850000381469727,34802512
2022-10-11,22.786754608154297,25.174999237060547,25.537500381469727,25.125,25.5,125921740
2022-10-12,22.673614501953125,25.049999237060547,25.174999237060547,24.887500762939453,25.100000381469727,53397184
2022-10-13,22.402074813842773,24.75,25.137500762939453,24.75,25.137500762939453,83371040
2022-10-14,23.04698371887207,25.462499618530273,25.575000762939453,25.274999618530273,25.4375,45731032
2022-10-17,22.617046356201172,24.987499237060547,25.024999618530273,24.762500762939453,24.987499237060547,78771904
2022-10-18,22.87727165222168,25.274999618530273,25.387500762939453,24.987499237060547,25.375,25608136
2022-10-19,22.571788787841797,24.9375,25.25,24.887500762939453,25.200000762939453,62496316
2022-10-20,22.44733428955078,24.799999237060547,24.862499237060547,24.337499618530273,24.549999237060547,75939888
2022-10-21,22.37944984436035,24.725000381469727,24.962499618530273,24.674999237060547,24.825000762939453,48662404
2022-10-24,22.311561584472656,24.649999618530273,25.200000762939453,24.649999618530273,25.1875,67982140
2022-10-25,21.881624221801758,24.174999237060547,24.649999618530273,24.125,24.649999618530273,80259668
2022-10-26,22.08527946472168,24.399999618530273,24.5,24.125,24.212499618530273,43837832
2022-10-27,22.402074813842773,24.75,24.837499618530273,24.625,24.625,32068688
2022-10-28,22.119220733642578,24.4375,24.649999618530273,24.3125,24.649999618530273,45962880
2022-10-31,22.41339111328125,24.762500762939453,24.837499618530273,24.524999618530273,24.712499618530273,40352320
2022-11-01,22.5378475189209,24.899999618530273,24.987499237060547,24.700000762939453,24.712499618530273,32777216
2022-11-02,22.628360748291016,25.0,25.012500762939453,24.850000381469727,24.899999618530273,28021220
2022-11-03,22.334192276000977,24.674999237060547,24.712499618530273,24.587499618530273,24.625,54132456
2022-11-04,22.368133544921875,24.712499618530273,24.737499237060547,24.375,24.524999618530273,25730140
2022-11-07,22.75281524658203,25.137500762939453,25.212499618530273,24.887500762939453,24.950000762939453,48426144
2022-11-08,22.99040985107422,25.399999618530273,25.487499237060547,25.3125,25.362499237060547,41625688
2022-11-09,23.646635055541992,26.125,26.125,25.637500762939453,25.637500762939453,75645316
2022-11-10,23.420351028442383,25.875,25.962499618530273,25.799999237060547,25.862499237060547,58931616
2022-11-11,24.66490936279297,27.25,27.25,26.950000762939453,27.137500762939453,137249556
2022-11-14,24.891197204589844,27.5,27.600000381469727,27.350000381469727,27.450000762939453,72667064
2022-11-15,25.954729080200195,28.674999237060547,28.737499237060547,27.799999237060547,27.799999237060547,135373028
2022-11-16,25.90947151184082,28.625,28.9375,28.462499618530273,28.75,94684964
2022-11-17,25.920785903930664,28.637500762939453,28.662500381469727,28.212499618530273,28.487499237060547,53409672
2022-11-18,25.8528995513916,28.5625,28.962499618530273,28.512500762939453,28.725000381469727,42624300
2022-11-21,25.76239013671875,28.462499618530273,28.662500381469727,28.424999237060547,28.587499618530273,34742276
2022-11-22,25.977357864379883,28.700000762939453,28.75,28.262500762939453,28.350000381469727,22178072
2022-11-23,26.158384323120117,28.899999618530273,28.975000381469727,28.762500762939453,28.912500381469727,31755848
2022-11-24,26.40729331970215,29.174999237060547,29.212499618530273,28.975000381469727,29.0,60955344
2022-11-25,26.40729331970215,29.174999237060547,29.237499237060547,29.087499618530273,29.162500381469727,64081944
2022-11-28,25.875530242919922,28.587499618530273,28.825000762939453,28.475000381469727,28.649999618530273,60178952
2022-11-29,26.113126754760742,28.850000381469727,28.850000381469727,28.274999618530273,28.462499618530273,42685868
2022-11-30,26.328096389770508,29.087499618530273,29.100000381469727,28.712499618530273,28.774999618530273,37184264
2022-12-01,26.780664443969727,29.587499618530273,29.875,29.5,29.799999237060547,98737356
2022-12-02,26.54306983947754,29.325000762939453,29.487499237060547,29.25,29.325000762939453,29920608
2022-12-05,26.577007293701172,29.362499237060547,29.625,29.299999237060547,29.325000762939453,47951016
2022-12-06,26.090497970581055,28.825000762939453,29.200000762939453,28.799999237060547,29.200000762939453,39880032
2022-12-07,25.932100296020508,28.649999618530273,28.962499618530273,28.549999237060547,28.625,32901556
2022-12-08,25.626619338989258,28.3125,28.524999618530273,28.112499237060547,28.512500762939453,36475576
2022-12-09,26.022613525390625,28.75,28.8125,28.487499237060547,28.5,24947356
2022-12-12,25.77370262145996,28.475000381469727,28.549999237060547,28.3125,28.549999237060547,33456200
2022-12-13,25.660560607910156,28.350000381469727,28.625,28.3125,28.625,26088568
2022-12-14,25.977357864379883,28.700000762939453,28.75,28.5,28.524999618530273,31534172
2022-12-15,25.999984741210938,28.725000381469727,28.762500762939453,28.475000381469727,28.575000762939453,31236764
2022-12-16,25.570043563842773,28.25,28.325000762939453,28.0625,28.125,47527104
2022-12-19,25.42296028137207,28.087499618530273,28.237499237060547,28.0,28.087499618530273,24526112
2022-12-20,24.959083557128906,27.575000762939453,28.125,27.512500762939453,28.037500381469727,49743932
2022-12-21,25.0609073638916,27.6875,27.850000381469727,27.575000762939453,27.700000762939453,47612612
2022-12-22,25.479530334472656,28.149999618530273,28.1875,27.9375,27.9375,20092604
2022-12-23,25.049592971801758,27.674999237060547,27.762500762939453,27.600000381469727,27.674999237060547,23941448
2022-12-26,25.140106201171875,27.774999618530273,27.799999237060547,27.674999237060547,27.700000762939453,16120680
2022-12-27,25.25324821472168,27.899999618530273,28.0625,27.850000381469727,27.850000381469727,16508700
2022-12-28,24.891197204589844,27.5,27.625,27.350000381469727,27.625,48701404
2022-12-29,24.778057098388672,27.375,27.399999618530273,27.100000381469727,27.299999237060547,55414224
2022-12-30,24.936452865600586,27.549999237060547,27.6875,27.549999237060547,27.649999618530273,34572648
2023-01-03,25.0609073638916,27.6875,27.725000381469727,27.112499237060547,27.399999618530273,59242536
2023-01-04,25.00433921813965,27.625,27.700000762939453,27.524999618530273,27.575000762939453,55019412
2023-01-05,25.18536376953125,27.825000762939453,27.924999237060547,27.737499237060547,27.8125,48283616
2023-01-06,25.298505783081055,27.950000762939453,28.049999237060547,27.787500381469727,27.799999237060547,46347120
2023-01-09,26.20363998413086,28.950000762939453,28.950000762939453,28.475000381469727,28.5,59992304
2023-01-10,26.305465698242188,29.0625,29.100000381469727,28.9375,28.987499237060547,47897080
2023-01-11,26.328096389770508,29.087499618530273,29.1875,28.975000381469727,29.162500381469727,62409904
2023-01-12,26.21495246887207,28.962499618530273,29.149999618530273,28.912500381469727,29.125,39816908
2023-01-13,26.520437240600586,29.299999237060547,29.649999618530273,29.237499237060547,29.625,113933548
2023-01-16,26.72409439086914,29.524999618530273,29.637500762939453,29.5,29.524999618530273,110397484
2023-01-17,26.72409439086914,29.524999618530273,29.587499618530273,29.450000762939453,29.587499618530273,56226344
2023-01-30,27.92725372314453,30.174999237060547,30.25,30.0,30.200000762939453,173329284
2023-01-31,27.3719482421875,29.575000762939453,30.149999618530273,29.575000762939453,30.149999618530273,86450304
2023-02-01,27.53391456604004,29.75,29.862499237060547,29.612499237060547,29.774999618530273,26163640
2023-02-02,27.996667861938477,30.25,30.274999618530273,30.0625,30.075000762939453,62178044
2023-02-03,27.996667861938477,30.25,30.299999237060547,30.049999237060547,30.237499237060547,38029112
2023-02-06,27.59175682067871,29.8125,30.024999618530273,29.8125,30.024999618530273,53519476
2023-02-07,27.53391456604004,29.75,29.8125,29.637500762939453,29.774999618530273,33203448
2023-02-08,27.96196174621582,30.212499618530273,30.237499237060547,30.0,30.024999618530273,35659720
2023-02-09,27.973529815673828,30.225000381469727,30.25,30.075000762939453,30.125,19396980
2023-02-10,27.996667861938477,30.25,30.274999618530273,30.149999618530273,30.225000381469727,24871900
2023-02-13,27.93882179260254,30.1875,30.225000381469727,29.975000381469727,30.174999237060547,15322364
2023-02-14,28.147062301635742,30.412500381469727,30.450000762939453,30.3125,30.3125,30469028
2023-02-15,27.499202728271484,29.712499618530273,30.0625,29.700000762939453,29.987499237060547,49084992
2023-02-16,27.83470344543457,30.075000762939453,30.125,29.825000762939453,29.825000762939453,44040076
2023-02-17,27.4760684967041,29.6875,29.825000762939453,29.600000381469727,29.825000762939453,31532096
2023-02-20,27.53391456604004,29.75,29.837499618530273,29.524999618530273,29.637500762939453,23364440
2023-02-21,27.5223445892334,29.737499237060547,29.774999618530273,29.637500762939453,29.75,17772152
2023-02-22,27.221553802490234,29.412500381469727,29.4375,29.274999618530273,29.375,43550488
2023-02-23,27.62646484375,29.850000381469727,29.950000762939453,29.487499237060547,29.487499237060547,24790780
2023-02-24,27.487638473510742,29.700000762939453,30.024999618530273,29.700000762939453,29.975000381469727,21990924
2023-03-01,27.61489486694336,29.837499618530273,29.862499237060547,29.212499618530273,29.325000762939453,29869272
2023-03-02,27.59175682067871,29.8125,29.837499618530273,29.575000762939453,29.837499618530273,13924924
2023-03-03,27.61489486694336,29.837499618530273,30.024999618530273,29.799999237060547,29.950000762939453,12403748
2023-03-06,27.880977630615234,30.125,30.225000381469727,29.975000381469727,30.037500381469727,37364848
2023-03-07,28.06608009338379,30.325000762939453,30.350000381469727,30.049999237060547,30.137500762939453,29874380
2023-03-08,27.83470344543457,30.075000762939453,30.149999618530273,29.950000762939453,30.125,24727856
2023-03-09,27.81156349182129,30.049999237060547,30.200000762939453,30.049999237060547,30.1875,13108684
2023-03-10,27.3719482421875,29.575000762939453,29.737499237060547,29.5,29.712499618530273,52548684
2023-03-13,27.487638473510742,29.700000762939453,29.774999618530273,29.350000381469727,29.487499237060547,74943036
2023-03-14,27.186847686767578,29.375,29.487499237060547,29.287500381469727,29.387500762939453,44186128
2023-03-15,27.209983825683594,29.399999618530273,29.674999237060547,29.362499237060547,29.600000381469727,48857440
2023-03-16,27.082727432250977,29.262500762939453,29.350000381469727,29.125,29.299999237060547,62425580
2023-03-17,27.5223445892334,29.737499237060547,29.737499237060547,29.450000762939453,29.462499618530273,43399212
2023-03-20,27.325674057006836,29.524999618530273,29.762500762939453,29.462499618530273,29.737499237060547,28429916
2023-03-21,27.452930450439453,29.662500381469727,29.6875,29.549999237060547,29.625,14367480
2023-03-22,27.973529815673828,30.225000381469727,30.225000381469727,29.862499237060547,29.862499237060547,56968508
2023-03-23,28.193336486816406,30.462499618530273,30.575000762939453,30.112499237060547,30.162500381469727,62131916
2023-03-24,28.27431869506836,30.549999237060547,30.575000762939453,30.387500762939453,30.5,53829576
2023-03-27,28.100786209106445,30.362499237060547,30.475000381469727,30.299999237060547,30.4375,42578380
2023-03-28,27.85784149169922,30.100000381469727,30.287500381469727,30.049999237060547,30.237499237060547,38965956
2023-03-29,27.90411949157715,30.149999618530273,30.262500762939453,30.037500381469727,30.162500381469727,12297708
2023-03-30,28.04294204711914,30.299999237060547,30.424999237060547,30.1875,30.350000381469727,45522456
2023-03-31,28.135494232177734,30.399999618530273,30.587499618530273,30.350000381469727,30.424999237060547,59806560
2023-04-06,27.996667861938477,30.25,30.25,30.049999237060547,30.212499618530273,30005676
2023-04-07,27.996667861938477,30.25,30.362499237060547,30.200000762939453,30.3125,17655436
2023-04-10,27.996667861938477,30.25,30.412500381469727,30.225000381469727,30.3125,15124112
2023-04-11,27.96196174621582,30.212499618530273,30.287500381469727,30.100000381469727,30.25,23765992
2023-04-12,27.892547607421875,30.137500762939453,30.212499618530273,30.037500381469727,30.212499618530273,11568680
2023-04-13,27.649600982666016,29.875,30.037500381469727,29.875,30.012500762939453,26200016
2023-04-14,27.915687561035156,30.162500381469727,30.225000381469727,29.962499618530273,30.0,12363216
2023-04-17,27.846271514892578,30.087499618530273,30.125,29.950000762939453,30.087499618530273,22756672
2023-04-18,27.753721237182617,29.987499237060547,30.100000381469727,29.9375,30.087499618530273,19338552
2023-04-19,27.545482635498047,29.762500762939453,30.012500762939453,29.700000762939453,30.0,31139140
2023-04-20,27.51077651977539,29.725000381469727,29.850000381469727,29.600000381469727,29.712499618530273,25631852
2023-04-21,27.44135856628418,29.649999618530273,29.887500762939453,29.625,29.862499237060547,19224952
2023-04-24,27.337244033813477,29.537500381469727,29.625,29.424999237060547,29.450000762939453,26235392
2023-04-25,26.978609085083008,29.149999618530273,29.575000762939453,29.137500762939453,29.575000762939453,74111004
2023-04-26,26.862916946411133,29.024999618530273,29.149999618530273,28.912500381469727,29.137500762939453,51812420
2023-04-27,26.83978271484375,29.0,29.162500381469727,28.875,29.012500762939453,37843400
2023-04-28,27.163707733154297,29.350000381469727,29.387500762939453,29.212499618530273,29.212499618530273,22563740
2023-05-02,27.233121871948242,29.424999237060547,29.5,29.274999618530273,29.362499237060547,20658196
2023-05-03,27.117435455322266,29.299999237060547,29.337499618530273,29.200000762939453,29.337499618530273,16713728
2023-05-04,27.186847686767578,29.375,29.375,29.174999237060547,29.25,14828800
2023-05-05,27.256261825561523,29.450000762939453,29.512500762939453,29.350000381469727,29.424999237060547,8875004
2023-05-08,27.429792404174805,29.637500762939453,29.725000381469727,29.587499618530273,29.625,24044836
2023-05-09,27.51077651977539,29.725000381469727,29.75,29.575000762939453,29.649999618530273,18544840
2023-05-10,27.256261825561523,29.450000762939453,29.700000762939453,29.412500381469727,29.700000762939453,16300476
2023-05-11,27.198415756225586,29.387500762939453,29.612499237060547,29.387500762939453,29.5625,14739856
2023-05-12,27.117435455322266,29.299999237060547,29.375,29.1875,29.287500381469727,15253396
2023-05-15,27.117435455322266,29.299999237060547,29.337499618530273,29.162500381469727,29.237499237060547,16478796
2023-05-16,27.44135856628418,29.649999618530273,29.75,29.462499618530273,29.475000381469727,31605876
2023-05-17,27.892547607421875,30.137500762939453,30.174999237060547,29.662500381469727,29.662500381469727,104119624
2023-05-18,28.26275062561035,30.537500381469727,30.600000381469727,30.399999618530273,30.450000762939453,87894220
2023-05-19,28.343734741210938,30.625,30.712499618530273,30.549999237060547,30.649999618530273,136498504
2023-05-22,28.297460556030273,30.575000762939453,30.662500381469727,30.524999618530273,30.625,71936104
2023-05-23,28.27431869506836,30.549999237060547,30.662500381469727,30.450000762939453,30.575000762939453,49062812
2023-05-24,28.135494232177734,30.399999618530273,30.450000762939453,30.274999618530273,30.412500381469727,43519312
2023-05-25,28.470991134643555,30.762500762939453,30.850000381469727,30.612499237060547,30.75,45771436
2023-05-26,29.141984939575195,31.487499237060547,31.512500762939453,31.25,31.25,95122080
2023-05-29,29.327091217041016,31.6875,31.887500762939453,31.625,31.862499237060547,57995472
2023-05-30,29.327091217041016,31.6875,31.762500762939453,31.612499237060547,31.6875,48495216
2023-05-31,29.188264846801758,31.537500381469727,31.674999237060547,31.287500381469727,31.674999237060547,35461188
2023-06-01,28.95688247680664,31.287500381469727,31.399999618530273,31.225000381469727,31.337499618530273,15517372
2023-06-02,29.327091217041016,31.6875,31.75,31.450000762939453,31.450000762939453,31771276
2023-06-05,29.234535217285156,31.587499618530273,31.700000762939453,31.5625,31.6875,25440488
2023-06-06,29.315519332885742,31.674999237060547,31.8125,31.537500381469727,31.587499618530273,26369656
2023-06-07,29.639448165893555,32.025001525878906,32.0625,31.75,31.75,48306172
2023-06-08,29.3502254486084,31.712499618530273,32.04999923706055,31.637500762939453,31.975000381469727,20562940
2023-06-09,29.570035934448242,31.950000762939453,32.04999923706055,31.850000381469727,31.875,22207812
2023-06-12,29.847686767578125,32.25,32.32500076293945,32.125,32.125,54885148
2023-06-13,30.437698364257812,32.88750076293945,32.98749923706055,32.54999923706055,32.54999923706055,93752808
2023-06-14,30.426130294799805,32.875,32.900001525878906,32.75,32.849998474121094,26707972
2023-06-15,30.5186824798584,32.974998474121094,33.0,32.875,32.88750076293945,44164476
2023-06-16,30.437698364257812,32.88750076293945,32.95000076293945,32.775001525878906,32.95000076293945,28808864
2023-06-19,30.3682861328125,32.8125,32.875,32.63750076293945,32.73749923706055,23915984
2023-06-20,30.206323623657227,32.63750076293945,32.8125,32.587501525878906,32.775001525878906,26115876
2023-06-21,30.206323623657227,32.63750076293945,32.76250076293945,32.5625,32.63750076293945,106262060
2023-06-26,30.021221160888672,32.4375,32.587501525878906,32.349998474121094,32.587501525878906,29573612
2023-06-27,29.824548721313477,32.224998474121094,32.38750076293945,32.17499923706055,32.287498474121094,26296196
2023-06-28,29.870824813842773,32.275001525878906,32.42499923706055,32.20000076293945,32.337501525878906,22783412
2023-06-29,29.859254837036133,32.26250076293945,32.625,32.224998474121094,32.4375,22786068
2023-06-30,29.870824813842773,32.275001525878906,32.275001525878906,32.07500076293945,32.20000076293945,28116752
2023-07-03,30.241029739379883,32.67499923706055,32.67499923706055,32.400001525878906,32.400001525878906,26491300
2023-07-04,30.310443878173828,32.75,32.787498474121094,32.63750076293945,32.6875,22718680
2023-07-05,30.2641658782959,32.70000076293945,32.79999923706055,32.599998474121094,32.75,20003768
2023-07-06,29.593172073364258,31.975000381469727,32.42499923706055,31.924999237060547,32.42499923706055,65609104
2023-07-07,29.54689598083496,31.924999237060547,32.07500076293945,31.774999618530273,31.887500762939453,32081608
2023-07-10,29.489049911499023,31.862499237060547,32.125,31.75,32.025001525878906,31486556
2023-07-11,29.893962860107422,32.29999923706055,32.29999923706055,32.0,32.0,18161736
2023-07-12,29.951807022094727,32.36249923706055,32.36249923706055,32.212501525878906,32.32500076293945,13757804
2023-07-13,30.287302017211914,32.724998474121094,32.974998474121094,32.712501525878906,32.82500076293945,62665236
2023-07-14,30.59966278076172,33.0625,33.125,32.86249923706055,32.86249923706055,58928984
2023-07-17,30.54181671142578,33.0,33.04999923706055,32.9375,33.0,61113608
2023-07-18,30.483131408691406,32.462501525878906,32.75,32.42499923706055,32.75,43350244
2023-07-19,30.224899291992188,32.1875,32.625,32.1875,32.537498474121094,57198712
2023-07-20,30.365755081176758,32.337501525878906,32.42499923706055,32.25,32.26250076293945,14887776
2023-07-21,29.861024856567383,31.799999237060547,31.850000381469727,31.625,31.850000381469727,51028788
2023-07-24,29.872760772705078,31.8125,31.912500381469727,31.649999618530273,31.75,38900724
2023-07-25,30.248374938964844,32.212501525878906,32.29999923706055,31.924999237060547,31.924999237060547,27691160
2023-07-26,30.166208267211914,32.125,32.29999923706055,32.087501525878906,32.275001525878906,17586968
2023-07-27,30.40096664428711,32.375,32.375,32.25,32.287498474121094,16027612
2023-07-28,30.40096664428711,32.375,32.474998474121094,32.25,32.349998474121094,10722548
2023-07-31,30.23663902282715,32.20000076293945,32.662498474121094,32.0625,32.57500076293945,28994208
2023-08-01,30.389225006103516,32.36249923706055,32.38750076293945,32.212501525878906,32.25,17791060
2023-08-02,30.01361656188965,31.962499618530273,32.36249923706055,31.862499237060547,32.349998474121094,48022884
2023-08-04,29.872760772705078,31.8125,31.875,31.725000381469727,31.8125,26939664
2023-08-07,30.166208267211914,32.125,32.17499923706055,31.887500762939453,31.912500381469727,18407492
2023-08-08,29.814075469970703,31.75,32.04999923706055,31.600000381469727,32.025001525878906,42070044
2023-08-09,29.861024856567383,31.799999237060547,31.912500381469727,31.662500381469727,31.700000762939453,14657596
2023-08-10,29.6732177734375,31.600000381469727,31.75,31.575000762939453,31.725000381469727,43583592
2023-08-11,29.649747848510742,31.575000762939453,31.837499618530273,31.537500381469727,31.75,30991408
2023-08-14,29.227184295654297,31.125,31.424999237060547,31.024999618530273,31.412500381469727,90266740
2023-08-15,29.274131774902344,31.174999237060547,31.362499237060547,31.149999618530273,31.3125,29644352
2023-08-16,29.12154197692871,31.012500762939453,31.100000381469727,30.899999618530273,31.037500381469727,72292252
2023-08-17,29.25065803527832,31.149999618530273,31.162500381469727,30.725000381469727,30.899999618530273,38535436
2023-08-18,29.0745906829834,30.962499618530273,31.200000762939453,30.924999237060547,31.049999237060547,30402880
2023-08-21,28.87504768371582,30.75,31.112499237060547,30.75,31.049999237060547,40236924
2023-08-22,29.10980224609375,31.0,31.087499618530273,30.924999237060547,31.0,14564580
2023-08-23,29.30934715270996,31.212499618530273,31.287500381469727,31.0,31.0,27136280
2023-08-24,29.814075469970703,31.75,31.774999618530273,31.5625,31.600000381469727,26694756
2023-08-25,29.238922119140625,31.137500762939453,31.375,31.125,31.375,28754872
2023-08-28,29.426725387573242,31.337499618530273,31.424999237060547,31.1875,31.212499618530273,17258996
2023-08-29,29.591054916381836,31.512500762939453,31.512500762939453,31.174999237060547,31.5,25960364
2023-08-30,29.720170974731445,31.649999618530273,31.762500762939453,31.524999618530273,31.6875,22997780
2023-08-31,29.508888244628906,31.424999237060547,31.637500762939453,31.375,31.637500762939453,17424156
2023-09-01,29.55584144592285,31.475000381469727,31.575000762939453,31.274999618530273,31.375,12327708
2023-09-04,29.755386352539062,31.6875,31.700000762939453,31.399999618530273,31.475000381469727,13690652
2023-09-05,29.684955596923828,31.612499237060547,31.649999618530273,31.512500762939453,31.637500762939453,14489636
2023-09-06,29.57931900024414,31.5,31.674999237060547,31.462499618530273,31.649999618530273,29338084
2023-09-07,29.30934715270996,31.212499618530273,31.375,31.174999237060547,31.325000762939453,22600776
2023-09-08,29.18023109436035,31.075000762939453,31.125,30.962499618530273,31.024999618530273,22110532
2023-09-11,29.062854766845703,30.950000762939453,31.125,30.850000381469727,31.112499237060547,33026528
2023-09-12,29.356300354003906,31.262500762939453,31.262500762939453,30.962499618530273,31.024999618530273,10398692
2023-09-13,29.391511917114258,31.299999237060547,31.399999618530273,31.174999237060547,31.299999237060547,12823132
2023-09-14,29.802335739135742,31.737499237060547,31.737499237060547,31.387500762939453,31.475000381469727,28711600
2023-09-15,29.896236419677734,31.837499618530273,31.837499618530273,31.6875,31.75,22933528
2023-09-18,29.57931900024414,31.5,31.649999618530273,31.462499618530273,31.649999618530273,28383636
2023-09-19,29.4502010345459,31.362499237060547,31.512500762939453,31.337499618530273,31.462499618530273,16069368
2023-09-20,29.285869598388672,31.1875,31.299999237060547,31.125,31.262500762939453,23793164
2023-09-21,28.816360473632812,30.6875,30.962499618530273,30.662500381469727,30.950000762939453,84682840
2023-09-22,28.792884826660156,30.662500381469727,30.700000762939453,30.512500762939453,30.612499237060547,38237532
2023-09-25,29.00416374206543,30.887500762939453,30.9375,30.6875,30.6875,15972528
2023-09-26,28.663766860961914,30.524999618530273,30.75,30.5,30.662500381469727,40307016
2023-09-27,28.675506591796875,30.537500381469727,30.575000762939453,30.387500762939453,30.462499618530273,26110120
2023-09-28,28.792884826660156,30.662500381469727,30.787500381469727,30.512500762939453,30.6875,22157308
2023-10-02,29.168495178222656,31.0625,31.125,30.899999618530273,30.899999618530273,25845048
2023-10-03,28.992427825927734,30.875,31.037500381469727,30.862499237060547,30.987499237060547,20273816
2023-10-04,28.6168155670166,30.475000381469727,30.549999237060547,30.337499618530273,30.524999618530273,44900108
2023-10-05,29.02764129638672,30.912500381469727,30.912500381469727,30.600000381469727,30.600000381469727,16421960
2023-10-06,29.13327980041504,31.024999618530273,31.075000762939453,30.950000762939453,30.950000762939453,19539980
2023-10-11,29.63800811767578,31.5625,31.600000381469727,31.462499618530273,31.475000381469727,53988076
2023-10-12,29.884498596191406,31.825000762939453,31.837499618530273,31.575000762939453,31.625,57188056
2023-10-13,29.802335739135742,31.737499237060547,31.850000381469727,31.625,31.75,25451284
2023-10-16,29.63800811767578,31.5625,31.575000762939453,31.424999237060547,31.575000762939453,30968164
2023-10-17,29.708433151245117,31.637500762939453,31.75,31.600000381469727,31.674999237060547,27344148
2023-10-18,29.297609329223633,31.200000762939453,31.5625,31.200000762939453,31.5625,38264128
2023-10-19,29.30934715270996,31.212499618530273,31.299999237060547,31.100000381469727,31.100000381469727,31304980
2023-10-20,29.438467025756836,31.350000381469727,31.362499237060547,30.975000381469727,31.1875,17549164
2023-10-23,29.0745906829834,30.962499618530273,31.212499618530273,30.887500762939453,31.212499618530273,32149280
2023-10-24,29.098066329956055,30.987499237060547,30.987499237060547,30.674999237060547,30.950000762939453,28788744
2023-10-25,29.156755447387695,31.049999237060547,31.225000381469727,31.049999237060547,31.049999237060547,15920360
2023-10-26,28.581602096557617,30.4375,30.600000381469727,30.399999618530273,30.462499618530273,87896488
2023-10-27,28.710718154907227,30.575000762939453,30.6875,30.524999618530273,30.537500381469727,16275748
2023-10-30,28.640291213989258,30.5,30.712499618530273,30.4375,30.600000381469727,36553408
2023-10-31,28.44074821472168,30.287500381469727,30.612499237060547,30.274999618530273,30.600000381469727,43123508
2023-11-01,28.581602096557617,30.4375,30.537500381469727,30.3125,30.5,17689308
2023-11-02,29.227184295654297,31.125,31.125,30.787500381469727,30.787500381469727,39232848
2023-11-03,29.4502010345459,31.362499237060547,31.399999618530273,31.174999237060547,31.25,34794272
2023-11-06,29.708433151245117,31.637500762939453,31.799999237060547,31.587499618530273,31.637500762939453,63692796
2023-11-07,29.696693420410156,31.625,31.700000762939453,31.524999618530273,31.625,26172452
2023-11-08,29.861024856567383,31.799999237060547,31.862499237060547,31.625,31.662500381469727,44402716
2023-11-09,29.872760772705078,31.8125,31.850000381469727,31.662500381469727,31.725000381469727,24907492
2023-11-10,29.755386352539062,31.6875,31.712499618530273,31.600000381469727,31.674999237060547,17006284
2023-11-13,30.213159561157227,32.17499923706055,32.400001525878906,32.125,32.3125,101550224
2023-11-14,30.283586502075195,32.25,32.400001525878906,32.23749923706055,32.29999923706055,80377828
2023-11-15,30.6474609375,32.63750076293945,32.75,32.51250076293945,32.724998474121094,91164196
2023-11-16,30.659198760986328,32.650001525878906,32.79999923706055,32.57500076293945,32.70000076293945,73317344
2023-11-17,30.75309944152832,32.75,32.875,32.63750076293945,32.650001525878906,108590352
2023-11-20,30.741361618041992,32.73749923706055,32.76250076293945,32.61249923706055,32.76250076293945,34641500
2023-11-21,31.116971969604492,33.13750076293945,33.17499923706055,32.86249923706055,32.86249923706055,113513384
2023-11-22,30.83526611328125,32.837501525878906,32.95000076293945,32.787498474121094,32.8125,24548288
2023-11-23,30.823530197143555,32.82500076293945,32.86249923706055,32.6875,32.837501525878906,24937264
2023-11-24,30.800050735473633,32.79999923706055,32.912498474121094,32.76250076293945,32.82500076293945,53237608
2023-11-27,30.600509643554688,32.587501525878906,32.962501525878906,32.525001525878906,32.79999923706055,37727104
2023-11-28,30.811786651611328,32.8125,32.95000076293945,32.57500076293945,32.599998474121094,38275884
2023-11-29,30.788312911987305,32.787498474121094,33.04999923706055,32.76250076293945,32.82500076293945,26470308
2023-11-30,30.83526611328125,32.837501525878906,32.875,32.662498474121094,32.82500076293945,43669324
2023-12-01,30.94090461730957,32.95000076293945,32.95000076293945,32.70000076293945,32.75,21198560
2023-12-04,30.823530197143555,32.82500076293945,33.0,32.724998474121094,32.95000076293945,17596136
2023-12-05,30.600509643554688,32.587501525878906,32.650001525878906,32.474998474121094,32.650001525878906,19111864
2023-12-06,30.706148147583008,32.70000076293945,32.849998474121094,32.599998474121094,32.599998474121094,28548196
2023-12-07,30.518341064453125,32.5,32.662498474121094,32.5,32.650001525878906,10954636
2023-12-08,30.76483917236328,32.76250076293945,32.900001525878906,32.724998474121094,32.787498474121094,52095808
2023-12-11,30.800050735473633,32.79999923706055,32.837501525878906,32.662498474121094,32.76250076293945,12519352
2023-12-12,30.8704776763916,32.875,33.01250076293945,32.837501525878906,32.974998474121094,21902040
2023-12-13,30.88221549987793,32.88750076293945,32.95000076293945,32.849998474121094,32.900001525878906,11761744
2023-12-14,31.25782585144043,33.287498474121094,33.36249923706055,33.125,33.162498474121094,128026068
2023-12-15,31.38694190979004,33.42499923706055,33.54999923706055,33.412498474121094,33.412498474121094,73515340
2023-12-18,31.43389129638672,33.474998474121094,33.474998474121094,33.150001525878906,33.412498474121094,26607988
2023-12-19,31.316516876220703,33.349998474121094,33.45000076293945,33.1875,33.45000076293945,22424988
2023-12-20,31.398681640625,33.4375,33.462501525878906,33.349998474121094,33.38750076293945,26463340
2023-12-21,31.12870979309082,33.150001525878906,33.17499923706055,33.01250076293945,33.04999923706055,21419804
2023-12-22,31.21087646484375,33.23749923706055,33.275001525878906,33.150001525878906,33.150001525878906,24816776
2023-12-25,31.339990615844727,33.375,33.45000076293945,33.23749923706055,33.25,32321648
2023-12-26,31.51605796813965,33.5625,33.599998474121094,33.375,33.375,67267856
2023-12-27,31.868194580078125,33.9375,33.974998474121094,33.587501525878906,33.599998474121094,119800140
2023-12-28,31.868194580078125,33.9375,34.0,33.86249923706055,33.9375,59393184
2023-12-29,31.797767639160156,33.86249923706055,34.0,33.837501525878906,33.92499923706055,52446432
2024-01-02,31.66864776611328,33.724998474121094,33.98749923706055,33.662498474121094,33.900001525878906,23688304
2024-01-03,31.116971969604492,33.13750076293945,33.474998474121094,33.07500076293945,33.42499923706055,54189900
2024-01-04,31.105236053466797,33.125,33.1875,33.07500076293945,33.13750076293945,18270372
2024-01-05,31.023067474365234,33.037498474121094,33.23749923706055,33.025001525878906,33.13750076293945,15998684
2024-01-08,31.163921356201172,33.1875,33.400001525878906,33.1875,33.25,37578880
2024-01-09,31.222612380981445,33.25,33.48749923706055,33.1875,33.462501525878906,22804060
2024-01-10,31.05828094482422,33.07500076293945,33.162498474121094,33.0,33.099998474121094,27125880
2024-01-11,31.187400817871094,33.212501525878906,33.3125,33.087501525878906,33.11249923706055,22504312
2024-01-12,31.140445709228516,33.162498474121094,33.26250076293945,32.98749923706055,33.04999923706055,25937588
2024-01-15,31.140445709228516,33.162498474121094,33.162498474121094,33.162498474121094,33.162498474121094,0
2024-01-16,30.905691146850586,32.912498474121094,33.07500076293945,32.775001525878906,33.01250076293945,87905184
2024-01-17,30.617412567138672,31.862499237060547,32.5,31.825000762939453,32.5,145373216
2024-01-18,30.821611404418945,32.07500076293945,32.13750076293945,31.975000381469727,31.975000381469727,28368372
2024-01-19,31.92667007446289,33.224998474121094,33.275001525878906,32.775001525878906,32.92499923706055,104149832
2024-01-22,32.142879486083984,33.45000076293945,33.587501525878906,33.337501525878906,33.45000076293945,51769732
2024-01-23,32.202938079833984,33.51250076293945,33.5625,33.375,33.474998474121094,27609740
2024-01-24,32.19092559814453,33.5,33.599998474121094,33.48749923706055,33.537498474121094,56681432
2024-01-25,32.587303161621094,33.912498474121094,33.92499923706055,33.724998474121094,33.76250076293945,104278032
2024-01-26,32.587303161621094,33.912498474121094,33.98749923706055,33.82500076293945,33.912498474121094,63300248
2024-01-29,32.79150390625,34.125,34.162498474121094,33.900001525878906,33.912498474121094,106544936
2024-01-30,32.707420349121094,34.037498474121094,34.162498474121094,34.01250076293945,34.087501525878906,38244096
2024-01-31,32.27500915527344,33.587501525878906,33.82500076293945,33.587501525878906,33.8125,27139568
2024-02-01,32.27500915527344,33.587501525878906,33.625,33.400001525878906,33.587501525878906,33583900
2024-02-02,32.45518112182617,33.775001525878906,33.79999923706055,33.662498474121094,33.75,35616952
2024-02-05,32.65937423706055,33.98749923706055,34.04999923706055,33.75,33.775001525878906,68850940
2024-02-15,34.19685363769531,35.587501525878906,35.67499923706055,35.349998474121094,35.54999923706055,166902248
2024-02-16,33.94461441040039,35.32500076293945,35.587501525878906,35.29999923706055,35.587501525878906,70613876
2024-02-19,33.896568298339844,35.275001525878906,35.3125,35.150001525878906,35.25,35994992
2024-02-20,34.028690338134766,35.412498474121094,35.5,35.099998474121094,35.13750076293945,53273328
2024-02-21,33.920589447021484,35.29999923706055,35.375,35.26250076293945,35.349998474121094,41419940
2024-02-22,34.304954528808594,35.70000076293945,35.76250076293945,35.462501525878906,35.73749923706055,49482432
2024-02-23,34.53317642211914,35.9375,36.025001525878906,35.82500076293945,35.86249923706055,76632740
2024-02-26,34.58122253417969,35.98749923706055,36.0,35.75,35.92499923706055,39179224
2024-02-27,34.43708038330078,35.837501525878906,36.04999923706055,35.662498474121094,35.98749923706055,23922688
2024-02-29,34.425071716308594,35.82500076293945,35.98749923706055,35.67499923706055,35.75,27390448
2024-03-01,34.304954528808594,35.70000076293945,35.98749923706055,35.70000076293945,35.88750076293945,34647028
2024-03-04,35.30191421508789,36.73749923706055,36.79999923706055,36.212501525878906,36.25,97571592
2024-03-05,35.590187072753906,37.037498474121094,37.13750076293945,36.837501525878906,36.9375,65483708
2024-03-06,35.75835418701172,37.212501525878906,37.26250076293945,36.599998474121094,36.75,66132768
2024-03-07,36.5871467590332,38.07500076293945,38.25,37.6875,37.75,118461268
2024-03-08,37.10364532470703,38.61249923706055,39.11249923706055,38.25,38.900001525878906,115837004
2024-03-11,36.731285095214844,38.224998474121094,38.54999923706055,38.13750076293945,38.462501525878906,52057640
2024-03-12,37.11565399169922,38.625,38.650001525878906,38.025001525878906,38.04999923706055,58684560
2024-03-13,37.29582977294922,38.8125,39.037498474121094,38.73749923706055,38.88750076293945,51296604
2024-03-14,37.259796142578125,38.775001525878906,38.95000076293945,38.57500076293945,38.724998474121094,33274472
2024-03-15,36.75531005859375,38.25,38.6875,38.25,38.57500076293945,34403816
2024-03-18,37.09163284301758,38.599998474121094,38.625,38.25,38.25,71751072
2024-03-19,37.00755310058594,38.51250076293945,38.63750076293945,38.25,38.349998474121094,34279156
2024-03-20,36.80335235595703,38.29999923706055,38.82500076293945,38.25,38.54999923706055,40321616
2024-03-21,37.812320709228516,39.349998474121094,39.42499923706055,38.88750076293945,38.88750076293945,79843224
2024-03-22,37.764278411865234,39.29999923706055,39.5625,39.125,39.375,27109996
2024-03-25,37.83634948730469,39.375,39.5,39.23749923706055,39.29999923706055,34332452
2024-03-26,37.86037063598633,39.400001525878906,39.79999923706055,39.099998474121094,39.57500076293945,26127772
2024-03-27,37.87238311767578,39.412498474121094,39.462501525878906,39.224998474121094,39.349998474121094,17547948
2024-03-28,37.69221115112305,39.224998474121094,39.32500076293945,38.974998474121094,39.32500076293945,12641392
2024-03-29,37.90842056274414,39.45000076293945,39.48749923706055,39.224998474121094,39.224998474121094,20572000
2024-04-01,37.812320709228516,39.349998474121094,39.6875,39.3125,39.54999923706055,21344696
2024-04-02,38.35284423828125,39.912498474121094,39.912498474121094,39.599998474121094,39.61249923706055,29364088
2024-04-03,38.088592529296875,39.63750076293945,39.724998474121094,39.45000076293945,39.662498474121094,18550252
2024-04-08,38.3047981262207,39.86249923706055,39.962501525878906,39.63750076293945,39.662498474121094,22629184
2024-04-09,39.217674255371094,40.8125,40.837501525878906,39.974998474121094,40.0,32581692
2024-04-10,39.157615661621094,40.75,40.82500076293945,40.61249923706055,40.6875,21203720
2024-04-11,39.03750228881836,40.625,40.625,40.412498474121094,40.51250076293945,17270700
2024-04-12,38.941410064697266,40.525001525878906,40.70000076293945,40.48749923706055,40.650001525878906,23321576
2024-04-15,38.436927795410156,40.0,40.13750076293945,39.900001525878906,40.0625,31563124
2024-04-16,37.39192199707031,38.912498474121094,39.57500076293945,38.6875,39.57500076293945,66621548
2024-04-17,37.812320709228516,39.349998474121094,39.42499923706055,38.974998474121094,38.98749923706055,30823556
2024-04-18,38.18468475341797,39.73749923706055,39.73749923706055,38.95000076293945,39.087501525878906,26278092
2024-04-19,36.25082778930664,37.724998474121094,38.537498474121094,37.375,38.525001525878906,121590104
2024-04-22,36.142723083496094,37.61249923706055,37.9375,37.42499923706055,37.599998474121094,37041220
2024-04-23,36.49105453491211,37.974998474121094,38.11249923706055,37.82500076293945,38.037498474121094,21648704
2024-04-24,37.56008529663086,39.087501525878906,39.125,38.5,38.5,30701016
2024-04-25,36.875431060791016,38.375,38.61249923706055,38.3125,38.525001525878906,18805640
2024-04-26,37.47600555419922,39.0,39.20000076293945,38.875,39.0,23018032
2024-04-29,38.148651123046875,39.70000076293945,39.775001525878906,39.32500076293945,39.32500076293945,30810776
2024-04-30,38.01652145385742,39.5625,39.837501525878906,39.5625,39.650001525878906,17931740
2024-05-02,37.51203536987305,39.037498474121094,39.337501525878906,39.0,39.337501525878906,24868108
2024-05-03,37.7042236328125,39.23749923706055,39.662498474121094,39.11249923706055,39.63750076293945,22758784
2024-05-06,38.2447395324707,39.79999923706055,40.037498474121094,39.75,39.75,34385032
2024-05-07,38.4609489440918,40.025001525878906,40.13750076293945,39.875,40.0625,24914944
2024-05-08,38.6050910949707,40.17499923706055,40.20000076293945,39.912498474121094,40.0,23909068
2024-05-09,38.55704116821289,40.125,40.3125,40.099998474121094,40.1875,20302276
2024-05-10,38.83330535888672,40.412498474121094,40.525001525878906,40.13750076293945,40.3125,38735812
2024-05-13,39.22968673706055,40.82500076293945,40.974998474121094,40.73749923706055,40.837501525878906,36463372
2024-05-14,39.49394607543945,41.099998474121094,41.11249923706055,40.67499923706055,40.79999923706055,30997876
2024-05-15,40.03445816040039,41.662498474121094,41.962501525878906,41.375,41.400001525878906,58324000
2024-05-16,40.226646423339844,41.86249923706055,42.4375,41.775001525878906,42.23749923706055,48239680
2024-05-17,40.17859649658203,41.8125,41.92499923706055,41.67499923706055,41.88750076293945,18716540
2024-05-20,40.16658401489258,41.79999923706055,41.849998474121094,41.32500076293945,41.8125,27022924
2024-05-21,40.1185417175293,41.75,41.787498474121094,41.462501525878906,41.599998474121094,17396092
2024-05-22,40.8392333984375,42.5,42.5,41.79999923706055,41.79999923706055,25594296
2024-05-23,41.15153884887695,42.82500076293945,42.86249923706055,42.5,42.57500076293945,24008260
2024-05-24,40.98337173461914,42.650001525878906,42.70000076293945,42.32500076293945,42.32500076293945,14620304
2024-05-27,41.547916412353516,43.23749923706055,43.349998474121094,42.9375,42.9375,22741680
2024-05-28,41.607975006103516,43.29999923706055,43.349998474121094,43.125,43.23749923706055,22098816
2024-05-29,41.04343032836914,42.712501525878906,43.125,42.63750076293945,43.11249923706055,27187816
2024-05-30,40.33475112915039,41.974998474121094,42.25,41.92499923706055,42.0,37110048
2024-05-31,39.87831497192383,41.5,42.224998474121094,41.5,42.0625,33146844
2024-06-03,40.73113250732422,42.38750076293945,42.4375,41.82500076293945,42.162498474121094,35980328
2024-06-04,40.08251190185547,41.712501525878906,42.1875,41.625,42.1875,31950448
2024-06-05,40.46687698364258,42.11249923706055,42.20000076293945,41.537498474121094,41.849998474121094,18128396
2024-06-06,41.84820556640625,43.54999923706055,43.650001525878906,43.162498474121094,43.1875,68229592
2024-06-07,41.523895263671875,43.212501525878906,43.349998474121094,43.099998474121094,43.32500076293945,27000588
2024-06-11,41.631996154785156,43.32500076293945,43.5625,43.224998474121094,43.287498474121094,43428272
2024-06-12,42.376712799072266,44.099998474121094,44.11249923706055,43.32500076293945,43.32500076293945,30368844
2024-06-13,42.989295959472656,44.73749923706055,45.125,44.45000076293945,44.724998474121094,64426456
2024-06-14,43.241539001464844,45.0,45.0,44.45000076293945,44.73749923706055,25992432
2024-06-17,43.241539001464844,45.0,45.11249923706055,44.70000076293945,44.79999923706055,32511172
2024-06-18,43.96223449707031,45.75,45.76250076293945,45.5,45.625,26253244
2024-06-19,45.1513786315918,46.98749923706055,47.224998474121094,46.1875,46.1875,101354688
2024-06-20,45.58379364013672,47.4375,47.4375,46.95000076293945,46.98749923706055,45286572
2024-06-21,45.30752944946289,47.150001525878906,47.29999923706055,46.73749923706055,46.775001525878906,40956144
2024-06-24,44.20246505737305,46.0,46.625,45.88750076293945,46.625,52787124
2024-06-25,44.17844009399414,45.974998474121094,45.974998474121094,45.20000076293945,45.48749923706055,52138524
2024-06-26,44.52678298950195,46.337501525878906,46.525001525878906,46.0625,46.23749923706055,35664104
2024-06-27,44.514766693115234,46.32500076293945,46.32500076293945,45.849998474121094,45.900001525878906,24876244
2024-06-28,44.79103088378906,46.61249923706055,46.849998474121094,46.162498474121094,46.32500076293945,16587884
2024-07-01,44.827064514160156,46.650001525878906,47.01250076293945,46.5625,46.63750076293945,29279212
2024-07-02,44.52678298950195,46.337501525878906,46.6875,46.125,46.48749923706055,21777344
2024-07-03,45.06729507446289,46.900001525878906,46.900001525878906,46.599998474121094,46.900001525878906,25915028
2024-07-04,46.24442672729492,48.125,48.162498474121094,47.650001525878906,47.650001525878906,50576828
2024-07-05,46.07626724243164,47.95000076293945,48.212501525878906,47.88750076293945,48.150001525878906,38933332
2024-07-08,47.529666900634766,49.462501525878906,49.625,47.962501525878906,47.974998474121094,69409868
2024-07-09,47.48161697387695,49.412498474121094,50.01250076293945,48.86249923706055,49.36249923706055,61955156
2024-07-10,47.6497802734375,49.587501525878906,49.599998474121094,48.75,49.23749923706055,28674444
2024-07-11,48.70679473876953,50.6875,50.70000076293945,50.0,50.162498474121094,39186920
2024-07-12,47.169315338134766,49.087501525878906,49.587501525878906,49.0,49.54999923706055,56633068
2024-07-15,47.253395080566406,49.17499923706055,49.525001525878906,49.025001525878906,49.412498474121094,39160740
2024-07-16,47.53107452392578,49.212501525878906,49.75,49.0,49.13750076293945,53022152
2024-07-17,46.867061614990234,48.525001525878906,49.125,48.400001525878906,49.099998474121094,57959112
2024-07-18,46.02195739746094,47.650001525878906,47.724998474121094,47.04999923706055,47.150001525878906,71520052
2024-07-19,44.971614837646484,46.5625,47.25,46.54999923706055,47.1875,65815640
2024-07-22,43.63151931762695,45.17499923706055,46.349998474121094,45.01250076293945,46.349998474121094,84847384
2024-07-23,44.98368835449219,46.57500076293945,46.57500076293945,45.92499923706055,45.92499923706055,50108316
2024-07-26,43.22104263305664,44.75,44.86249923706055,44.275001525878906,44.51250076293945,103626472
2024-07-29,43.60737991333008,45.150001525878906,45.5,44.98749923706055,45.45000076293945,39785056
2024-07-30,43.60737991333008,45.150001525878906,45.32500076293945,44.375,44.8125,52429524
2024-07-31,43.66773986816406,45.212501525878906,45.287498474121094,44.650001525878906,44.712501525878906,36314216
2024-08-01,44.42832946777344,46.0,46.275001525878906,45.67499923706055,46.25,56246796
2024-08-02,42.18276596069336,43.67499923706055,44.724998474121094,43.67499923706055,44.537498474121094,118827260
2024-08-05,38.33150863647461,39.6875,41.662498474121094,39.599998474121094,41.662498474121094,222308816
2024-08-06,40.444271087646484,41.875,42.599998474121094,40.20000076293945,41.82500076293945,252563844
2024-08-07,42.04996871948242,43.537498474121094,43.6875,42.25,42.462501525878906,127298960
2024-08-08,41.18071746826172,42.63750076293945,43.099998474121094,42.25,42.76250076293945,103364420
2024-08-09,42.46044921875,43.962501525878906,44.224998474121094,43.625,43.75,93415024
2024-08-12,42.99165725708008,44.51250076293945,44.95000076293945,44.3125,44.3125,70286956
2024-08-13,43.10031509399414,44.625,44.875,44.5,44.82500076293945,43433840
2024-08-14,43.64359664916992,45.1875,45.462501525878906,44.98749923706055,45.087501525878906,74857276
2024-08-15,43.3055534362793,44.837501525878906,45.25,44.76250076293945,45.150001525878906,45926588
2024-08-16,44.28345489501953,45.849998474121094,45.912498474121094,45.587501525878906,45.75,52823660
2024-08-19,44.34382247924805,45.912498474121094,46.17499923706055,45.787498474121094,45.875,37122372
2024-08-20,44.36796569824219,45.9375,46.29999923706055,45.92499923706055,46.150001525878906,43139504
2024-08-21,43.897125244140625,45.45000076293945,45.76250076293945,45.36249923706055,45.75,46736568
2024-08-22,43.66773986816406,45.212501525878906,45.650001525878906,45.087501525878906,45.525001525878906,20872828
2024-08-23,43.69188690185547,45.23749923706055,45.337501525878906,44.724998474121094,44.75,31773940
2024-08-26,43.76432418823242,45.3125,45.849998474121094,45.20000076293945,45.599998474121094,45593952
2024-08-27,43.57115173339844,45.11249923706055,45.224998474121094,44.9375,45.099998474121094,21167864
2024-08-28,44.18687438964844,45.75,45.75,44.962501525878906,45.125,21989684
2024-08-29,43.58322525024414,45.125,45.287498474121094,44.787498474121094,44.875,43063780
2024-08-30,43.78847122192383,45.337501525878906,45.51250076293945,45.162498474121094,45.23749923706055,32202952
2024-09-02,43.66773986816406,45.212501525878906,45.61249923706055,45.125,45.474998474121094,32057896
2024-09-03,43.47457504272461,45.01250076293945,45.375,44.92499923706055,45.25,38411312
2024-09-04,41.34973907470703,42.8125,43.45000076293945,42.5,42.75,119635984
2024-09-05,41.603271484375,43.07500076293945,43.662498474121094,42.9375,43.212501525878906,35275304
2024-09-06,42.19484329223633,43.6875,43.724998474121094,42.962501525878906,43.25,34331020
2024-09-09,41.54290771484375,43.01250076293945,43.025001525878906,42.57500076293945,42.599998474121094,60735940
2024-09-10,41.6153450012207,43.087501525878906,43.349998474121094,42.787498474121094,43.349998474121094,37207812
2024-09-11,41.4946174621582,42.962501525878906,43.125,42.875,43.087501525878906,20056236
2024-09-12,43.05202102661133,44.57500076293945,44.662498474121094,44.025001525878906,44.025001525878906,62978008
2024-09-13,43.0761604309082,44.599998474121094,44.837501525878906,44.462501525878906,44.75,18047504
2024-09-16,43.160675048828125,44.6875,44.79999923706055,44.57500076293945,44.650001525878906,23507632
2024-09-18,42.94336700439453,44.462501525878906,44.775001525878906,44.13750076293945,44.625,36769256
2024-09-19,43.49871826171875,45.037498474121094,45.04999923706055,44.25,44.5,32440304
2024-09-20,44.05406951904297,45.61249923706055,46.025001525878906,45.61249923706055,45.775001525878906,54531520
2024-09-23,44.24723434448242,45.8125,45.912498474121094,45.63750076293945,45.63750076293945,31601992
2024-09-24,44.66979217529297,46.25,46.25,45.525001525878906,45.79999923706055,39809384
2024-09-25,45.333805084228516,46.9375,47.0,46.837501525878906,46.92499923706055,46692004
2024-09-26,45.708065032958984,47.32500076293945,47.5,47.1875,47.400001525878906,66903724
2024-09-27,45.611480712890625,47.224998474121094,47.8125,47.150001525878906,47.54999923706055,45613256
2024-09-30,44.416255950927734,45.98749923706055,46.79999923706055,45.98749923706055,46.63750076293945,52747800
2024-10-01,44.331748962402344,45.900001525878906,46.150001525878906,45.837501525878906,45.974998474121094,37640876
2024-10-04,44.331748962402344,45.900001525878906,46.32500076293945,45.75,46.0,35462652
2024-10-07,45.430381774902344,47.037498474121094,47.04999923706055,46.45000076293945,46.45000076293945,53806008
2024-10-08,45.213069915771484,46.8125,46.837501525878906,46.375,46.73749923706055,37917328
2024-10-09,45.635623931884766,47.25,47.54999923706055,47.25,47.25,45188240
2024-10-11,46.39621353149414,48.037498474121094,48.20000076293945,47.26250076293945,47.26250076293945,49226984
2024-10-14,46.43243408203125,48.07500076293945,48.224998474121094,47.73749923706055,48.025001525878906,40439036
2024-10-15,47.42241287231445,49.099998474121094,49.150001525878906,48.25,48.25,59070828
2024-10-16,46.60145568847656,48.25,48.82500076293945,47.912498474121094,48.11249923706055,71201552
2024-10-17,46.67389678955078,48.32500076293945,48.525001525878906,47.974998474121094,48.5,38164820
2024-10-18,47.8328971862793,49.525001525878906,50.04999923706055,49.3125,49.82500076293945,129283608
2024-10-21,47.820823669433594,49.51250076293945,49.98749923706055,49.5,49.76250076293945,52918584
2024-10-22,47.639732360839844,49.32500076293945,49.32500076293945,48.837501525878906,49.29999923706055,33857660
2024-10-23,47.32583236694336,49.0,49.224998474121094,48.912498474121094,49.17499923706055,37794896
2024-10-24,47.03608322143555,48.70000076293945,49.17499923706055,48.625,49.0,32493848
2024-10-25,47.42241287231445,49.099998474121094,49.13750076293945,48.75,48.75,50566572
2024-10-28,47.33790588378906,49.01250076293945,49.537498474121094,48.73749923706055,49.474998474121094,45978476
2024-10-29,46.2392692565918,47.875,48.3125,47.54999923706055,48.3125,96980096
2024-10-30,46.311710357666016,47.95000076293945,48.51250076293945,47.875,48.23749923706055,56626752
2024-11-01,45.9978141784668,47.625,47.63750076293945,46.48749923706055,46.537498474121094,78483628
2024-11-04,46.58938217163086,48.23749923706055,48.29999923706055,47.70000076293945,47.76250076293945,29118288
2024-11-05,46.75840377807617,48.412498474121094,48.67499923706055,47.849998474121094,47.88750076293945,40432828
2024-11-06,47.132667541503906,48.79999923706055,49.51250076293945,48.375,48.51250076293945,66825504
2024-11-07,47.67594909667969,49.36249923706055,49.51250076293945,48.625,48.724998474121094,53994208
2024-11-08,48.050209045410156,49.75,50.0,49.67499923706055,49.849998474121094,51800604
2024-11-11,48.0743522644043,49.775001525878906,49.775001525878906,49.20000076293945,49.712501525878906,49456052
2024-11-12,46.842918395996094,48.5,48.962501525878906,48.5,48.79999923706055,105088348
2024-11-13,46.54109191894531,48.1875,48.5,48.125,48.462501525878906,36778360
2024-11-14,46.1185417175293,47.75,48.125,47.525001525878906,48.07500076293945,48586460
2024-11-15,46.44451141357422,48.087501525878906,48.212501525878906,47.712501525878906,48.01250076293945,29542324
2024-11-18,45.792572021484375,47.412498474121094,47.92499923706055,47.400001525878906,47.86249923706055,53578064
2024-11-19,46.42036437988281,48.0625,48.23749923706055,47.54999923706055,47.67499923706055,30473284
2024-11-20,46.227195739746094,47.86249923706055,47.86249923706055,47.86249923706055,47.86249923706055,312000
2024-11-21,45.72013473510742,47.337501525878906,47.537498474121094,47.150001525878906,47.5,63506468
2024-11-22,46.61353302001953,48.26250076293945,48.29999923706055,47.775001525878906,47.775001525878906,31862348
2024-11-25,46.44451141357422,48.087501525878906,48.6875,48.0625,48.67499923706055,31306652
2024-11-26,45.84086227416992,47.462501525878906,47.57500076293945,47.20000076293945,47.525001525878906,45563288
2024-11-27,45.17685317993164,46.775001525878906,47.36249923706055,46.75,47.287498474121094,56290744
2024-11-28,45.10441970825195,46.70000076293945,46.775001525878906,46.36249923706055,46.75,52436456
2024-11-29,45.213069915771484,46.8125,47.0,46.125,46.23749923706055,32512880
2024-12-02,46.28756332397461,47.92499923706055,47.92499923706055,47.125,47.125,42176312
2024-12-03,46.91535186767578,48.57500076293945,48.712501525878906,48.4375,48.57500076293945,39812424
2024-12-04,47.19302749633789,48.86249923706055,48.86249923706055,48.51250076293945,48.67499923706055,25820996
2024-12-05,47.44655990600586,49.125,49.150001525878906,48.912498474121094,48.9375,29784812
2024-12-06,47.26546859741211,48.9375,49.17499923706055,48.75,49.125,27238024
2024-12-09,47.32583236694336,49.0,49.0625,48.92499923706055,49.037498474121094,18559456
2024-12-10,46.98779296875,48.650001525878906,49.11249923706055,48.63750076293945,48.9375,17909228
2024-12-11,46.577308654785156,48.224998474121094,48.5625,48.150001525878906,48.25,26858756
2024-12-12,47.1205940246582,48.787498474121094,48.9375,48.61249923706055,48.724998474121094,20108964
2024-12-13,47.15681457519531,48.82500076293945,48.900001525878906,48.525001525878906,48.662498474121094,18081708
2024-12-16,47.34998321533203,49.025001525878906,49.412498474121094,48.9375,49.25,29374368
2024-12-17,47.59143829345703,49.275001525878906,49.51250076293945,49.1875,49.275001525878906,37176916
2024-12-18,47.59143829345703,49.275001525878906,49.462501525878906,48.900001525878906,49.20000076293945,26215508
2024-12-19,46.93949508666992,48.599998474121094,48.70000076293945,48.38750076293945,48.587501525878906,52180188
2024-12-20,46.504878997802734,48.150001525878906,48.4375,48.0,48.4375,44493576
2024-12-23,47.62765884399414,49.3125,49.32500076293945,48.625,48.67499923706055,44704264
2024-12-24,47.76045608520508,49.45000076293945,49.775001525878906,49.375,49.625,32783608
2024-12-25,47.905330657958984,49.599998474121094,49.625,49.36249923706055,49.625,23624492
2024-12-26,47.86911392211914,49.5625,49.625,49.5,49.599998474121094,19214244
2024-12-27,48.02606201171875,49.724998474121094,49.76250076293945,49.32500076293945,49.400001525878906,27949668
2024-12-30,47.76045608520508,49.45000076293945,49.662498474121094,49.412498474121094,49.537498474121094,34709064
2024-12-31,47.26546859741211,48.9375,49.224998474121094,48.900001525878906,49.17499923706055,31346136
2025-01-02,46.85498809814453,48.51250076293945,48.912498474121094,48.3125,48.912498474121094,51190808
2025-01-03,47.32583236694336,49.0,49.23749923706055,48.79999923706055,49.0,28453484
2025-01-06,48.8108024597168,50.537498474121094,50.57500076293945,49.650001525878906,49.662498474121094,98511172
2025-01-07,49.35408020019531,51.099998474121094,51.5,51.0625,51.23749923706055,63775376
2025-01-08,48.61763381958008,50.337501525878906,50.837501525878906,50.26250076293945,50.662498474121094,47422868
2025-01-09,48.06228256225586,49.76250076293945,50.287498474121094,49.75,50.04999923706055,33722620
2025-01-10,48.050209045410156,49.75,49.88750076293945,49.5,49.75,33285296
2025-01-13,46.93949508666992,48.599998474121094,49.75,48.525001525878906,49.75,83504716
2025-01-14,47.229248046875,48.900001525878906,48.974998474121094,48.51250076293945,48.67499923706055,43511100
2025-01-15,46.867061614990234,48.525001525878906,49.0,48.4375,49.0,69536468
2025-01-16,47.820823669433594,49.51250076293945,49.875,49.349998474121094,49.474998474121094,62348392
2025-01-17,48.053375244140625,49.07500076293945,49.337501525878906,48.599998474121094,49.25,60550264
2025-01-20,48.54296875,49.57500076293945,49.662498474121094,49.287498474121094,49.287498474121094,29670284
2025-01-21,48.64088821411133,49.67499923706055,49.79999923706055,49.17499923706055,49.32500076293945,42450952
2025-01-22,49.2773551940918,50.32500076293945,50.42499923706055,50.07500076293945,50.07500076293945,51457596
2025-02-03,47.17211151123047,48.17499923706055,48.25,47.662498474121094,48.07500076293945,223159112
2025-02-04,47.45363235473633,48.462501525878906,48.63750076293945,48.26250076293945,48.412498474121094,77136476
2025-02-05,48.175777435302734,49.20000076293945,49.45000076293945,48.9375,48.9375,60958500
2025-02-06,48.38385009765625,49.412498474121094,49.599998474121094,49.275001525878906,49.5,44838828
2025-02-07,48.60416793823242,49.63750076293945,49.650001525878906,49.275001525878906,49.412498474121094,22434376
2025-02-10,48.053375244140625,49.07500076293945,49.54999923706055,49.025001525878906,49.54999923706055,65528040
2025-02-11,48.34713363647461,49.375,49.625,49.25,49.375,19842444
2025-02-12,48.27368927001953,49.29999923706055,49.662498474121094,49.25,49.5,27301116
2025-02-13,48.065616607666016,49.087501525878906,49.349998474121094,48.88750076293945,49.32500076293945,56673980
2025-02-14,47.49034881591797,48.5,48.787498474121094,48.375,48.787498474121094,92217264
2025-02-17,48.212493896484375,49.23749923706055,49.23749923706055,48.6875,48.6875,46591960
2025-02-18,48.38385009765625,49.412498474121094,49.474998474121094,49.150001525878906,49.474998474121094,32278676
2025-02-19,48.29817581176758,49.32500076293945,49.474998474121094,49.25,49.412498474121094,47313232
2025-02-20,48.11457824707031,49.13750076293945,49.23749923706055,48.775001525878906,49.23749923706055,55359052
2025-02-21,48.45729064941406,49.48749923706055,49.48749923706055,48.974998474121094,49.125,33879192
2025-02-24,48.02889633178711,49.04999923706055,49.099998474121094,48.875,49.037498474121094,49672024
2025-02-25,47.404666900634766,48.412498474121094,48.51250076293945,48.150001525878906,48.5,106710684
2025-02-26,47.661705017089844,48.67499923706055,48.67499923706055,47.974998474121094,48.224998474121094,73176320
2025-02-27,47.12315368652344,48.125,48.73749923706055,48.087501525878906,48.73749923706055,74694820
2025-03-03,46.0338134765625,47.01250076293945,47.25,46.70000076293945,47.20000076293945,221959024
2025-03-04,45.727821350097656,46.70000076293945,46.8125,46.162498474121094,46.25,114655652
2025-03-05,46.32756805419922,47.3125,47.375,47.0,47.0,51369564
2025-03-06,46.04605484008789,47.025001525878906,47.337501525878906,46.837501525878906,47.337501525878906,56890884
2025-03-07,45.6176643371582,46.587501525878906,46.75,46.45000076293945,46.70000076293945,68483412
2025-03-10,45.348384857177734,46.3125,46.587501525878906,46.087501525878906,46.587501525878906,79006576
2025-03-11,44.55280303955078,45.5,45.525001525878906,44.775001525878906,45.1875,134191768
2025-03-12,44.74863815307617,45.70000076293945,46.099998474121094,45.400001525878906,45.525001525878906,51035508
2025-03-13,44.33248519897461,45.275001525878906,46.462501525878906,45.26250076293945,46.29999923706055,52268912
2025-03-14,44.185604095458984,45.125,45.287498474121094,44.88750076293945,45.275001525878906,49198232
2025-03-17,44.565040588378906,45.51250076293945,45.875,45.400001525878906,45.63750076293945,43897376
2025-03-18,44.74863815307617,45.70000076293945,45.962501525878906,45.587501525878906,45.775001525878906,30603120
2025-03-19,44.19784927368164,45.13750076293945,45.662498474121094,45.025001525878906,45.650001525878906,46763368
2025-03-20,45.15254592895508,46.11249923706055,46.11249923706055,45.61249923706055,45.61249923706055,30658212
2025-03-21,44.78535461425781,45.73749923706055,46.0,45.625,46.0,28538176
2025-03-24,44.73639678955078,45.6875,46.099998474121094,45.57500076293945,46.099998474121094,29239460
2025-03-25,45.20150375366211,46.162498474121094,46.375,46.0,46.162498474121094,31256652
2025-03-26,45.16478729248047,46.125,46.349998474121094,45.962501525878906,46.29999923706055,26915048
2025-03-27,44.30800247192383,45.25,45.400001525878906,45.11249923706055,45.375,69966552
2025-03-28,43.867374420166016,44.79999923706055,44.82500076293945,44.5,44.787498474121094,78993236
2025-03-31,42.2884407043457,43.1875,43.5625,43.04999923706055,43.400001525878906,146065632
2025-04-01,43.15746307373047,44.07500076293945,44.13750076293945,43.400001525878906,43.400001525878906,47284600
2025-04-02,43.08402633666992,44.0,44.337501525878906,44.0,44.212501525878906,41725300
2025-04-07,38.7756233215332,39.599998474121094,39.599998474121094,39.599998474121094,39.599998474121094,92658524
2025-04-08,37.51492691040039,38.3125,39.36249923706055,37.63750076293945,37.79999923706055,321307308
2025-04-09,35.78911590576172,36.54999923706055,38.537498474121094,36.25,38.125,300494796
2025-04-10,39.36313247680664,40.20000076293945,40.20000076293945,40.20000076293945,40.20000076293945,22371068
2025-04-11,40.28112030029297,41.13750076293945,41.13750076293945,38.837501525878906,39.3125,189919436
2025-04-14,40.07304000854492,40.92499923706055,42.17499923706055,40.875,42.125,175434800
2025-04-15,40.47695541381836,41.337501525878906,41.375,40.82500076293945,41.01250076293945,73965868
2025-04-16,39.7425651550293,40.587501525878906,40.95000076293945,40.349998474121094,40.95000076293945,98068248
2025-04-17,39.301937103271484,40.13750076293945,40.32500076293945,39.86249923706055,40.32500076293945,72955972
2025-04-18,39.387611389160156,40.224998474121094,40.45000076293945,40.150001525878906,40.349998474121094,44335540
2025-04-21,38.8245849609375,39.650001525878906,40.1875,39.625,40.1875,62867512
2025-04-22,38.175872802734375,38.98749923706055,39.474998474121094,38.98749923706055,39.38750076293945,75640860
2025-04-23,39.86496353149414,40.712501525878906,40.775001525878906,40.07500076293945,40.07500076293945,63235952
2025-04-24,39.632408142089844,40.474998474121094,41.01250076293945,40.32500076293945,40.974998474121094,53776468
2025-04-25,40.57487106323242,41.4375,41.73749923706055,41.375,41.54999923706055,70563724
2025-04-28,40.91758346557617,41.787498474121094,41.875,41.70000076293945,41.70000076293945,48371852
2025-04-29,41.07670211791992,41.95000076293945,42.0,41.625,41.787498474121094,43388416
2025-04-30,41.27253723144531,42.150001525878906,42.25,41.875,41.962501525878906,37552524
2025-05-02,42.4720344543457,43.375,43.375,42.875,43.0,57160960
2025-05-05,42.09260177612305,42.98749923706055,43.650001525878906,42.474998474121094,43.650001525878906,127935288
2025-05-06,41.860050201416016,42.75,43.025001525878906,42.337501525878906,42.48749923706055,116316784
2025-05-07,41.700931549072266,42.587501525878906,43.125,42.48749923706055,42.95000076293945,53137384
2025-05-08,42.2517204284668,43.150001525878906,43.29999923706055,42.900001525878906,43.01250076293945,39311228
2025-05-09,42.77803039550781,43.6875,43.73749923706055,43.087501525878906,43.17499923706055,51888384
2025-05-12,43.2553825378418,44.17499923706055,44.25,43.875,43.875,53767756
2025-05-13,43.78169631958008,44.712501525878906,45.275001525878906,44.712501525878906,45.212501525878906,79922716
2025-05-14,44.77311325073242,45.724998474121094,45.724998474121094,45.337501525878906,45.462501525878906,90203212
2025-05-15,44.67519760131836,45.625,45.724998474121094,45.5,45.724998474121094,45677800
2025-05-16,44.7975959777832,45.75,45.79999923706055,45.42499923706055,45.5625,37815732
2025-05-19,44.173362731933594,45.11249923706055,45.662498474121094,45.087501525878906,45.662498474121094,37940744
2025-05-20,44.2590446472168,45.20000076293945,45.599998474121094,45.125,45.462501525878906,21364336
2025-05-21,44.94447326660156,45.900001525878906,45.962501525878906,45.224998474121094,45.224998474121094,54450212
2025-05-22,44.45488357543945,45.400001525878906,45.51250076293945,45.150001525878906,45.51250076293945,33358772
2025-05-23,44.27128601074219,45.212501525878906,45.70000076293945,45.04999923706055,45.6875,26094416
2025-05-26,44.22232437133789,45.162498474121094,45.375,45.07500076293945,45.162498474121094,55195720
2025-05-27,43.830650329589844,44.76250076293945,45.162498474121094,44.5,45.162498474121094,48275072
2025-05-28,43.90409469604492,44.837501525878906,45.337501525878906,44.57500076293945,45.224998474121094,32309448
2025-05-29,44.00200653076172,44.9375,45.42499923706055,44.82500076293945,45.375,36265824
2025-06-02,43.059547424316406,43.974998474121094,44.51250076293945,43.8125,44.5,70595756
2025-06-03,43.36553955078125,44.287498474121094,44.70000076293945,44.25,44.375,28229464
2025-06-04,44.381446838378906,45.32500076293945,45.32500076293945,44.787498474121094,44.82500076293945,45804932
2025-06-05,44.46712112426758,45.412498474121094,45.662498474121094,45.375,45.5,40696376
2025-06-06,44.54056167602539,45.48749923706055,45.599998474121094,45.375,45.474998474121094,32768028
2025-06-09,44.96895217895508,45.92499923706055,46.01250076293945,45.76250076293945,45.849998474121094,52629020
2025-06-10,46.180686950683594,47.162498474121094,47.224998474121094,46.224998474121094,46.224998474121094,116037804
2025-06-11,46.180686950683594,47.162498474121094,47.162498474121094,47.162498474121094,47.162498474121094,0
2025-06-12,46.180686950683594,47.162498474121094,47.162498474121094,47.162498474121094,47.162498474121094,0
2025-06-13,46.180686950683594,47.162498474121094,47.162498474121094,47.162498474121094,47.162498474121094,0
2025-06-16,46.180686950683594,47.162498474121094,47.162498474121094,47.162498474121094,47.162498474121094,0
2025-06-17,46.180686950683594,47.162498474121094,47.162498474121094,47.162498474121094,47.162498474121094,0
2025-06-18,46.579708099365234,47.56999969482422,47.720001220703125,47.13999938964844,47.5,244697327
2025-06-19,46.11949157714844,47.099998474121094,47.54999923706055,47.02000045776367,47.5,166284920
2025-06-20,46.05094528198242,47.029998779296875,47.15999984741211,46.689998626708984,47.099998474121094,80561608
2025-06-23,45.6690673828125,46.63999938964844,46.65999984741211,46.279998779296875,46.540000915527344,101938627
2025-06-24,46.501373291015625,47.4900016784668,47.4900016784668,47.29999923706055,47.29999923706055,54574616
2025-06-25,47.17700958251953,48.18000030517578,48.18000030517578,47.88999938964844,47.900001525878906,77814637
2025-06-26,47.23576354980469,48.2400016784668,48.45000076293945,48.16999816894531,48.29999923706055,77281242
2025-06-27,47.28471755981445,48.290000915527344,48.369998931884766,48.0,48.31999969482422,94190611
2025-06-30,47.35326385498047,48.36000061035156,48.41999816894531,48.2400016784668,48.369998931884766,59086358
2025-07-01,47.6274299621582,48.63999938964844,49.150001525878906,48.380001068115234,48.380001068115234,74674904
2025-07-02,47.63722610473633,48.650001525878906,48.75,48.380001068115234,48.56999969482422,75071035
2025-07-03,48.293277740478516,49.31999969482422,49.599998474121094,49.2599983215332,49.349998474121094,61179330
2025-07-04,47.84285354614258,48.86000061035156,49.4900016784668,48.83000183105469,49.400001525878906,73712387
2025-07-07,47.55888748168945,48.56999969482422,48.81999969482422,48.439998626708984,48.81999969482422,78503277
2025-07-08,47.343467712402344,48.349998474121094,48.5099983215332,48.209999084472656,48.45000076293945,50214875
2025-07-09,47.83306121826172,48.849998474121094,48.9900016784668,48.27000045776367,48.349998474121094,38540142
2025-07-10,48.381404876708984,49.40999984741211,49.470001220703125,48.9900016784668,49.0,53089295
2025-07-11,48.587032318115234,49.619998931884766,49.630001068115234,49.279998779296875,49.36000061035156,44752569
2025-07-14,48.303070068359375,49.33000183105469,49.59000015258789,49.209999084472656,49.59000015258789,62300823
2025-07-15,48.95912170410156,50.0,50.099998474121094,49.33000183105469,49.349998474121094,68008041
2025-07-16,49.35079574584961,50.400001525878906,50.70000076293945,50.150001525878906,50.150001525878906,90231230
2025-07-17,49.64455032348633,50.70000076293945,50.79999923706055,50.29999923706055,50.599998474121094,88235423
2025-07-18,50.378936767578125,51.45000076293945,51.599998474121094,51.29999923706055,51.400001525878906,105861549
2025-07-21,50.19158172607422,50.900001525878906,51.099998474121094,50.75,51.099998474121094,75792981
2025-07-22,49.84645080566406,50.54999923706055,51.29999923706055,50.45000076293945,50.900001525878906,88841474
2025-07-23,49.99436569213867,50.70000076293945,50.849998474121094,50.54999923706055,50.599998474121094,63766890
2025-07-24,50.29018783569336,51.0,51.099998474121094,50.79999923706055,51.0,79659820
2025-07-25,50.19158172607422,50.900001525878906,51.099998474121094,50.79999923706055,51.0,38620389
2025-07-28,50.33949279785156,51.04999923706055,51.400001525878906,50.900001525878906,51.20000076293945,52312766
2025-07-29,49.74784469604492,50.45000076293945,51.04999923706055,50.25,51.04999923706055,102624231
2025-07-30,50.29018783569336,51.0,51.099998474121094,50.650001525878906,50.79999923706055,82807206
2025-07-31,50.83253479003906,51.54999923706055,51.599998474121094,51.099998474121094,51.099998474121094,81565859
2025-08-01,50.3887939453125,51.099998474121094,51.20000076293945,50.650001525878906,50.79999923706055,98235777
2025-08-04,50.09297180175781,50.79999923706055,50.79999923706055,50.400001525878906,50.650001525878906,85556033
2025-08-05,50.733924865722656,51.45000076293945,51.45000076293945,51.04999923706055,51.25,46655329
2025-08-06,50.29018783569336,51.0,51.099998474121094,50.849998474121094,51.099998474121094,48326240
2025-08-07,51.720008850097656,52.45000076293945,52.599998474121094,51.650001525878906,51.650001525878906,125733157
2025-08-08,51.720008850097656,52.45000076293945,52.599998474121094,52.29999923706055,52.54999923706055,59604000
2025-08-11,52.11444091796875,52.849998474121094,53.099998474121094,52.04999923706055,52.349998474121094,71600855
2025-08-12,52.16374588012695,52.900001525878906,53.0,52.54999923706055,52.849998474121094,57519835
2025-08-13,52.607479095458984,53.349998474121094,53.400001525878906,52.95000076293945,53.150001525878906,75956144
2025-08-14,52.4102668762207,53.150001525878906,53.29999923706055,52.95000076293945,53.20000076293945,57038858
2025-08-15,52.4102668762207,53.150001525878906,53.29999923706055,52.79999923706055,53.150001525878906,52736409
2025-08-18,52.55817794799805,53.29999923706055,53.349998474121094,52.79999923706055,52.95000076293945,46297216
2025-08-19,52.459571838378906,53.20000076293945,53.29999923706055,53.04999923706055,53.29999923706055,29425841
2025-08-20,50.980445861816406,51.70000076293945,52.599998474121094,51.5,52.54999923706055,223798736
2025-08-21,51.27627182006836,52.0,52.099998474121094,51.75,51.75,73508730
2025-08-22,51.02975082397461,51.75,52.099998474121094,51.650001525878906,52.04999923706055,44549133
2025-08-25,51.966529846191406,52.70000076293945,52.95000076293945,52.349998474121094,52.45000076293945,62750061
2025-08-26,52.015830993652344,52.75,52.849998474121094,52.29999923706055,52.54999923706055,40863870
2025-08-27,52.262351989746094,53.0,53.150001525878906,52.900001525878906,53.0,90133682
2025-08-28,51.76931381225586,52.5,52.900001525878906,52.5,52.79999923706055,59176066
2025-08-29,51.76931381225586,52.5,52.95000076293945,52.5,52.79999923706055,36369305
2025-09-01,51.27627182006836,52.0,52.45000076293945,51.75,52.150001525878906,76529981
2025-09-02,51.27627182006836,52.0,52.5,51.95000076293945,52.29999923706055,33217612
2025-09-03,51.226966857910156,51.95000076293945,52.20000076293945,51.75,51.900001525878906,39472404
2025-09-04,51.57209396362305,52.29999923706055,52.70000076293945,52.25,52.54999923706055,37461241
2025-09-05,52.11444091796875,52.849998474121094,52.900001525878906,52.650001525878906,52.70000076293945,37395300
2025-09-08,52.607479095458984,53.349998474121094,53.54999923706055,53.25,53.400001525878906,59980892
2025-09-09,53.14982986450195,53.900001525878906,53.95000076293945,53.5,53.54999923706055,56315324
2025-09-10,54.18521499633789,54.95000076293945,55.0,54.400001525878906,54.400001525878906,73272121
2025-09-11,54.67825698852539,55.45000076293945,55.900001525878906,55.25,55.54999923706055,84750243
2025-09-12,55.22060012817383,56.0,56.0,55.70000076293945,55.75,57457218
2025-09-15,55.22060012817383,56.0,56.04999923706055,55.79999923706055,56.0,52544684
2025-09-16,55.96016311645508,56.75,56.849998474121094,56.150001525878906,56.150001525878906,63314427
2025-09-17,55.56572723388672,56.349998474121094,56.599998474121094,56.25,56.599998474121094,66204045
2025-09-18,56.157379150390625,56.95000076293945,56.95000076293945,56.25,56.5,44089588
2025-09-19,56.20668029785156,57.0,57.099998474121094,56.599998474121094,57.0,71674519
2025-09-22,56.60111618041992,57.400001525878906,57.400001525878906,56.75,57.0,56355369
2025-09-23,57.63650131225586,58.45000076293945,58.599998474121094,57.849998474121094,57.849998474121094,89181458
2025-09-24,57.58720016479492,58.400001525878906,58.95000076293945,58.099998474121094,58.70000076293945,90579906
2025-09-25,57.38998031616211,58.20000076293945,58.400001525878906,58.0,58.349998474121094,56318217
2025-09-26,56.45320129394531,57.25,57.900001525878906,56.849998474121094,57.900001525878906,158564436
2025-09-30,56.995548248291016,57.79999923706055,57.900001525878906,57.54999923706055,57.54999923706055,62389962
2025-10-01,57.2913703918457,58.099998474121094,58.75,57.900001525878906,57.900001525878906,74531798
2025-10-02,58.37606430053711,59.20000076293945,59.25,58.849998474121094,59.0,72057003
2025-10-03,59.2142333984375,60.04999923706055,60.099998474121094,59.04999923706055,59.20000076293945,73601535
2025-10-07,60.841270446777344,61.70000076293945,61.70000076293945,60.900001525878906,61.0,132381054
2025-10-08,60.29892349243164,61.150001525878906,61.150001525878906,60.599998474121094,61.0,112448112
2025-10-09,60.74265670776367,61.599998474121094,61.95000076293945,61.5,61.849998474121094,72911291
2025-10-13,60.15100860595703,61.0,61.0,59.599998474121094,59.900001525878906,261787970
2025-10-14,59.855186462402344,60.70000076293945,62.150001525878906,60.650001525878906,61.849998474121094,157148588
2025-10-15,60.939876556396484,61.79999923706055,61.79999923706055,60.599998474121094,61.0,97216134
2025-10-16,62.123172760009766,63.0,63.0,62.099998474121094,62.099998474121094,112923095
2025-10-17,61.186397552490234,62.04999923706055,62.29999923706055,61.900001525878906,62.04999923706055,157583768
2025-10-20,62.22178268432617,63.099998474121094,63.20000076293945,62.150001525878906,62.349998474121094,102880277
2025-10-21,62.32039260864258,63.20000076293945,63.650001525878906,63.04999923706055,63.400001525878906,124931191
2025-10-22,61.82735061645508,62.70000076293945,62.849998474121094,62.25,62.599998474121094,116660310
2025-10-23,61.48221969604492,62.349998474121094,62.400001525878906,61.75,62.099998474121094,161355781
2025-10-27,62.91204071044922,63.79999923706055,63.900001525878906,63.45000076293945,63.75,102297434
2025-10-28,62.46830368041992,63.349998474121094,63.70000076293945,63.20000076293945,63.54999923706055,93730892
2025-10-29,63.503692626953125,64.4000015258789,64.44999694824219,63.70000076293945,63.70000076293945,65206490
2025-10-30,63.503692626953125,64.4000015258789,64.80000305175781,64.0,64.5999984741211,91073965
2025-10-31,63.848819732666016,64.75,64.80000305175781,64.4000015258789,64.5999984741211,53629924
2025-11-03,63.257171630859375,64.1500015258789,64.80000305175781,63.900001525878906,64.44999694824219,130638786
2025-11-04,63.05995178222656,63.95000076293945,64.8499984741211,63.849998474121094,64.5,83118781
2025-11-05,62.271087646484375,63.150001525878906,63.150001525878906,62.29999923706055,62.95000076293945,210997899
2025-11-06,62.41899871826172,63.29999923706055,63.5,63.150001525878906,63.349998474121094,65559913
2025-11-07,61.67943572998047,62.54999923706055,62.75,62.400001525878906,62.650001525878906,102458588
2025-11-10,62.46830368041992,63.349998474121094,63.349998474121094,62.599998474121094,62.79999923706055,80256746
2025-11-11,62.024566650390625,62.900001525878906,63.70000076293945,62.849998474121094,63.650001525878906,75382949
2025-11-12,62.32039260864258,63.20000076293945,63.29999923706055,62.75,62.95000076293945,59822193
2025-11-13,62.024566650390625,62.900001525878906,62.95000076293945,62.599998474121094,62.79999923706055,74963633
2025-11-14,60.841270446777344,61.70000076293945,61.900001525878906,61.400001525878906,61.650001525878906,204108022
2025-11-17,61.03848648071289,61.900001525878906,62.20000076293945,61.79999923706055,62.0,86927813
2025-11-18,59.608665466308594,60.45000076293945,61.29999923706055,60.29999923706055,61.29999923706055,240526230
2025-11-19,59.2142333984375,60.04999923706055,60.5,59.900001525878906,60.150001525878906,138705085
2025-11-20,61.03848648071289,61.900001525878906,61.95000076293945,61.349998474121094,61.54999923706055,81330710
2025-11-21,59.01701354980469,59.849998474121094,60.150001525878906,59.5,60.099998474121094,299502200
2025-11-24,58.72119140625,59.54999923706055,60.099998474121094,59.45000076293945,60.099998474121094,153617414
2025-11-25,59.51005554199219,60.349998474121094,60.75,60.099998474121094,60.70000076293945,61913501
2025-11-26,60.49613571166992,61.349998474121094,61.5,61.0,61.099998474121094,73622900
2025-11-27,61.03848648071289,61.900001525878906,62.099998474121094,61.650001525878906,61.79999923706055,52209933
2025-11-28,61.48221969604492,62.349998474121094,62.400001525878906,61.849998474121094,61.95000076293945,66700125
2025-12-01,60.64405059814453,61.5,61.95000076293945,61.400001525878906,61.79999923706055,96548521
2025-12-02,60.841270446777344,61.70000076293945,62.20000076293945,61.650001525878906,61.79999923706055,41397425
2025-12-03,61.43291473388672,62.29999923706055,62.5,62.099998474121094,62.400001525878906,44855416
2025-12-04,61.33430862426758,62.20000076293945,62.5,62.0,62.400001525878906,38785824
2025-12-05,61.87665557861328,62.75,62.75,62.349998474121094,62.45000076293945,45051403
2025-12-08,62.81343460083008,63.70000076293945,63.70000076293945,62.95000076293945,63.0,76124318
2025-12-09,62.714820861816406,63.599998474121094,63.849998474121094,63.54999923706055,63.79999923706055,48271330
2025-12-10,63.158565521240234,64.05000305175781,64.19999694824219,63.650001525878906,63.70000076293945,64151249
2025-12-11,62.46830368041992,63.349998474121094,64.5,63.20000076293945,64.30000305175781,94638653
2025-12-12,62.56691360473633,63.45000076293945,63.79999923706055,63.29999923706055,63.54999923706055,57687594
2025-12-15,61.92595672607422,62.79999923706055,62.849998474121094,62.400001525878906,62.5,105905436
2025-12-16,61.38361358642578,62.25,62.25,61.70000076293945,62.099998474121094,155552766
2025-12-17,61.03848648071289,61.900001525878906,62.45000076293945,61.849998474121094,62.150001525878906,89657544
2025-12-18,61.03848648071289,61.900001525878906,62.099998474121094,61.54999923706055,61.79999923706055,112535790
2025-12-19,61.63013458251953,62.5,62.75,62.349998474121094,62.400001525878906,79433169
2025-12-22,62.517608642578125,63.400001525878906,63.45000076293945,63.04999923706055,63.29999923706055,91596850
2025-12-23,62.81343460083008,63.70000076293945,63.79999923706055,63.5,63.5,100327038
2025-12-24,62.961341857910156,63.849998474121094,64.05000305175781,63.75,63.95000076293945,62393202
2025-12-26,63.503692626953125,64.4000015258789,64.5,64.0999984741211,64.19999694824219,68362335
2025-12-29,64.34185791015625,65.25,65.3499984741211,64.5999984741211,64.6500015258789,83563905
2025-12-30,64.24325561523438,65.1500015258789,65.30000305175781,64.75,64.9000015258789,58116367
2025-12-31,64.6869888305664,65.5999984741211,65.8499984741211,64.9000015258789,65.0999984741211,69494353
2026-01-02,66.01819610595703,66.94999694824219,67.0,65.80000305175781,66.0,77878570
2026-01-05,68.53270721435547,69.5,70.05000305175781,68.05000305175781,68.0999984741211,225924687
2026-01-06,69.42018127441406,70.4000015258789,70.4000015258789,68.94999694824219,69.44999694824219,125256215
2026-01-07,68.87783813476562,69.8499984741211,70.44999694824219,69.69999694824219,70.4000015258789,113869755
2026-01-08,69.12435913085938,70.0999984741211,70.3499984741211,69.4000015258789,69.6500015258789,71394567
2026-01-09,68.87783813476562,69.8499984741211,70.25,68.9000015258789,69.80000305175781,106682469
2026-01-12,69.37088012695312,70.3499984741211,70.55000305175781,70.05000305175781,70.5,80365400
2026-01-13,69.71600341796875,70.69999694824219,71.19999694824219,70.30000305175781,71.0999984741211,99445355
2026-01-14,69.76531219482422,70.75,71.0999984741211,70.6500015258789,70.94999694824219,82266008
2026-01-15,69.66670227050781,70.6500015258789,70.69999694824219,70.1500015258789,70.69999694824219,89452635
2026-01-16,70.99791717529297,72.0,72.0999984741211,71.19999694824219,71.75,97268614
2026-01-19,71.58956146240234,72.5999984741211,72.80000305175781,71.44999694824219,71.69999694824219,116848644
2026-01-20,71.58956146240234,72.5999984741211,72.6500015258789,71.8499984741211,71.9000015258789,104977401
2026-01-21,70.8499984741211,71.8499984741211,72.5,71.69999694824219,71.80000305175781,161269608
2026-01-22,71.80000305175781,71.80000305175781,72.05000305175781,71.5999984741211,71.9000015258789,96360058
2026-01-23,72.25,72.25,72.30000305175781,71.80000305175781,72.0999984741211,68701320
2026-01-26,72.25,72.25,72.6500015258789,72.19999694824219,72.25,84082813
2026-01-27,73.05000305175781,73.05000305175781,73.1500015258789,72.3499984741211,72.4000015258789,70421120
2026-01-28,74.19999694824219,74.19999694824219,74.19999694824219,73.5,73.55000305175781,87294077
2026-01-29,73.75,73.75,74.5,73.5,74.4000015258789,111905919
2026-01-30,72.5999984741211,72.5999984741211,73.19999694824219,72.30000305175781,73.1500015258789,159055585
2026-02-02,71.5,71.5,71.75,70.9000015258789,71.55000305175781,211262670
2026-02-03,72.94999694824219,72.94999694824219,73.05000305175781,72.4000015258789,73.0,70926930
2026-02-04,72.9000015258789,72.9000015258789,73.1500015258789,72.30000305175781,72.4000015258789,56597222
2026-02-05,72.0,72.0,72.25,71.75,72.05000305175781,95746290
2026-02-06,71.9000015258789,71.9000015258789,72.25,70.80000305175781,71.4000015258789,102980565
2026-02-09,73.94999694824219,73.94999694824219,74.1500015258789,73.75,74.05000305175781,118533745
2026-02-10,75.5,75.5,75.5,74.5999984741211,74.6500015258789,98559015
2026-02-11,77.19999694824219,77.19999694824219,77.44999694824219,75.9000015258789,75.9000015258789,114028587
2026-02-23,77.4000015258789,77.4000015258789,78.44999694824219,77.19999694824219,78.44999694824219,212974781
2026-02-24,79.4000015258789,79.4000015258789,79.6500015258789,77.8499984741211,77.94999694824219,143721014
2026-02-25,81.0999984741211,81.0999984741211,81.80000305175781,80.25,80.3499984741211,158561421
2026-02-26,81.1500015258789,81.1500015258789,81.5,80.80000305175781,81.25,123812672
2026-03-02,80.3499984741211,80.3499984741211,80.80000305175781,79.1500015258789,79.5,204278933
2026-03-03,78.75,78.75,80.4000015258789,78.6500015258789,80.05000305175781,288356288
2026-03-04,75.5999984741211,75.5999984741211,77.44999694824219,75.5,77.4000015258789,455564304
2026-03-05,77.4000015258789,77.4000015258789,78.8499984741211,76.69999694824219,78.30000305175781,194777972
2026-03-06,76.8499984741211,76.8499984741211,77.30000305175781,76.30000305175781,76.80000305175781,139697065
2026-03-09,73.5999984741211,73.5999984741211,73.5999984741211,71.6500015258789,73.1500015258789,493890200
2026-03-10,75.19999694824219,75.19999694824219,76.25,74.30000305175781,75.9000015258789,164247105
2026-03-11,78.19999694824219,78.19999694824219,78.5,76.0999984741211,76.30000305175781,147508364
2026-03-12,76.5999984741211,76.5999984741211,77.5999984741211,76.3499984741211,77.0999984741211,120680192
2026-03-13,75.94999694824219,75.94999694824219,76.55000305175781,75.0,75.1500015258789,105970280
2026-03-16,75.5999984741211,75.5999984741211,76.69999694824219,75.44999694824219,76.30000305175781,97649824
2026-03-17,76.6500015258789,76.6500015258789,77.0,76.30000305175781,76.44999694824219,61503521
2026-03-18,77.80000305175781,77.80000305175781,78.05000305175781,77.44999694824219,77.75,72305179
2026-03-19,76.0,76.0,76.80000305175781,75.94999694824219,76.5999984741211,128778782
2026-03-20,75.9000015258789,75.9000015258789,76.4000015258789,75.5,76.19999694824219,67265037
2026-03-23,74.25,74.25,74.44999694824219,73.30000305175781,73.5,210502502
2026-03-24,74.4000015258789,74.4000015258789,75.5999984741211,73.80000305175781,75.5,83942753
2026-03-25,76.19999694824219,76.19999694824219,76.6500015258789,76.0,76.3499984741211,91456088
2026-03-26,75.80000305175781,75.80000305175781,76.8499984741211,75.5999984741211,76.30000305175781,76157584
2026-03-27,75.0,75.0,75.0999984741211,74.0999984741211,74.44999694824219,106078935
2026-03-30,73.9000015258789,73.9000015258789,74.05000305175781,72.80000305175781,73.30000305175781,158608942
2026-03-31,72.3499984741211,72.3499984741211,73.44999694824219,72.1500015258789,73.3499984741211,231400782
2026-04-01,75.44999694824219,75.44999694824219,75.5999984741211,74.5999984741211,75.0,126562159
2026-04-02,73.94999694824219,73.94999694824219,76.05000305175781,73.80000305175781,75.9000015258789,105707506
2026-04-07,75.30000305175781,75.30000305175781,75.44999694824219,74.6500015258789,75.1500015258789,76885542
2026-04-08,79.19999694824219,79.19999694824219,79.25,78.0999984741211,78.0999984741211,227364928
2026-04-09,79.1500015258789,79.1500015258789,79.4000015258789,78.80000305175781,79.30000305175781,92049631
2026-04-10,80.75,80.75,80.80000305175781,79.94999694824219,80.0,115520077
2026-04-13,80.5999984741211,80.5999984741211,81.0,80.4000015258789,80.5999984741211,87581345
2026-04-14,83.0999984741211,83.0999984741211,83.19999694824219,81.75,81.75,123920345
2026-04-15,84.1500015258789,84.1500015258789,85.0999984741211,83.80000305175781,84.0999984741211,122414906
2026-04-16,85.0,85.0,85.0999984741211,84.1500015258789,84.75,76987129
2026-04-17,84.1500015258789,84.1500015258789,84.5,84.0,84.19999694824219,93304532
2026-04-20,84.55000305175781,84.55000305175781,85.0999984741211,84.44999694824219,84.55000305175781,95994589
2026-04-21,86.0,86.0,86.0999984741211,85.0,85.5,71987659
2026-04-22,86.3499984741211,86.3499984741211,86.5999984741211,85.55000305175781,85.75,64147874
2026-04-23,86.3499984741211,86.3499984741211,88.80000305175781,85.1500015258789,87.6500015258789,148310644
2026-04-24,89.94999694824219,89.94999694824219,89.94999694824219,87.55000305175781,87.5999984741211,125117290
2026-04-27,93.0,93.0,94.25,92.69999694824219,92.69999694824219,183173507
2026-04-28,92.0,92.0,93.6500015258789,91.9000015258789,92.55000305175781,114706934
2026-04-29,90.75,90.75,91.5,90.0,90.69999694824219,93857452
2026-04-30,90.5,90.5,91.9000015258789,90.30000305175781,91.25,82229228
2026-05-04,94.5999984741211,94.5999984741211,94.6500015258789,92.4000015258789,92.5,120393477
2026-05-05,94.5999984741211,94.5999984741211,94.75,94.0,94.4000015258789,76579608
2026-05-06,95.75,95.75,96.9000015258789,94.69999694824219,96.05000305175781,105507530
2026-05-07,97.69999694824219,97.69999694824219,98.4000015258789,97.4000015258789,97.94999694824219,110289613
2026-05-08,97.0,97.0,97.69999694824219,95.8499984741211,97.3499984741211,117639791
2026-05-11,96.9000015258789,96.9000015258789,97.1500015258789,96.5,96.6500015258789,88544547
2026-05-12,96.8499984741211,96.8499984741211,97.3499984741211,95.5,96.8499984741211,94676481
2026-05-13,95.5,95.5,95.80000305175781,94.69999694824219,94.8499984741211,113598688
2026-05-14,96.05000305175781,96.05000305175781,97.19999694824219,95.75,96.9000015258789,53565899
2026-05-15,95.4000015258789,95.4000015258789,98.25,95.19999694824219,97.6500015258789,90487261
2026-05-18,94.9000015258789,94.9000015258789,95.19999694824219,93.30000305175781,94.0,105172915
2026-05-19,93.0999984741211,93.0999984741211,94.69999694824219,93.0999984741211,94.3499984741211,116385289
2026-05-20,92.5,92.5,93.5,92.44999694824219,93.0,108931614
2026-05-21,95.8499984741211,95.8499984741211,96.05000305175781,94.69999694824219,94.80000305175781,59494294
2026-05-22,97.30000305175781,97.30000305175781,97.30000305175781,96.0,96.30000305175781,60917271
2026-05-25,100.80000305175781,100.80000305175781,101.0,99.55000305175781,99.55000305175781,124114624
2026-05-26,100.0999984741211,100.0999984741211,101.80000305175781,100.0999984741211,101.5999984741211,87695026
2026-05-27,102.55000305175781,102.55000305175781,103.9000015258789,102.0,102.4000015258789,90102044
2026-05-28,100.5,100.5,104.25,100.0999984741211,104.0,140421329
2026-05-29,105.4000015258789,105.4000015258789,105.4000015258789,102.69999694824219,103.19999694824219,98892043
2026-06-01,105.5,105.5,106.69999694824219,104.5,105.25,127067000
2026-06-02,105.69999694824219,105.69999694824219,106.30000305175781,104.19999694824219,106.30000305175781,107794552
2026-06-03,107.5999984741211,107.5999984741211,107.8499984741211,107.0999984741211,107.30000305175781,75111550
2026-06-04,106.0999984741211,106.0999984741211,107.0,106.05000305175781,106.75,108491104
2026-06-05,104.1500015258789,104.1500015258789,105.3499984741211,102.80000305175781,105.0,164564140
2026-06-08,100.94999694824219,100.94999694824219,101.30000305175781,98.05000305175781,98.05000305175781,320685641
2026-06-09,103.5,103.5,103.5999984741211,101.3499984741211,102.0999984741211,89392847
2026-06-10,100.25,100.25,102.94999694824219,100.19999694824219,102.5999984741211,166445287
2026-06-11,99.8499984741211,99.8499984741211,100.55000305175781,97.5999984741211,100.0,248828975
2026-06-12,101.94999694824219,101.94999694824219,103.75,101.55000305175781,103.25,73401960
2026-06-15,105.25,105.25,105.5,104.30000305175781,105.0999984741211,95906242
2026-06-16,105.9000015258789,105.9000015258789,106.05000305175781,104.8499984741211,106.05000305175781,67088029
2026-06-17,106.0,106.0,106.0,104.5,105.0,75416209
2026-06-18,107.30000305175781,107.30000305175781,107.44999694824219,106.6500015258789,107.0,74587200
2026-06-22,111.1500015258789,111.1500015258789,111.19999694824219,109.44999694824219,109.44999694824219,110460961
2026-06-23,110.0999984741211,110.0999984741211,112.30000305175781,110.05000305175781,112.0,130008897
