Date,Adj Close_00692.TW,Close_00692.TW,High_00692.TW,Low_00692.TW,Open_00692.TW,Volume_00692.TW
2021-01-04,24.28515625,30.8700008392334,30.950000762939453,30.399999618530273,30.40999984741211,1955774
2021-01-05,24.29302215576172,30.8799991607666,30.8799991607666,30.690000534057617,30.799999237060547,3451962
2021-01-06,24.505428314208984,31.149999618530273,31.399999618530273,30.780000686645508,31.149999618530273,4181877
2021-01-07,24.98531150817871,31.760000228881836,31.809999465942383,31.290000915527344,31.290000915527344,3132030
2021-01-08,25.433725357055664,32.33000183105469,32.349998474121094,31.950000762939453,32.06999969482422,3897943
2021-01-11,25.567461013793945,32.5,32.5,32.15999984741211,32.29999923706055,2943841
2021-01-12,25.575328826904297,32.5099983215332,32.720001220703125,32.36000061035156,32.5,4267086
2021-01-13,26.047344207763672,33.11000061035156,33.130001068115234,32.630001068115234,32.63999938964844,3200787
2021-01-14,25.882137298583984,32.900001525878906,32.9900016784668,32.7599983215332,32.86000061035156,3011935
2021-01-15,25.811336517333984,32.810001373291016,33.68000030517578,32.79999923706055,33.54999923706055,3335752
2021-01-18,25.811336517333984,32.810001373291016,32.869998931884766,32.209999084472656,32.81999969482422,4874789
2021-01-19,26.393484115600586,33.54999923706055,33.58000183105469,33.029998779296875,33.06999969482422,2751641
2021-01-20,26.393484115600586,33.54999923706055,33.869998931884766,33.470001220703125,33.599998474121094,4433923
2021-01-21,27.156578063964844,34.52000045776367,34.68000030517578,33.54999923706055,33.54999923706055,4311854
2021-01-22,26.77109718322754,34.029998779296875,34.34000015258789,33.95000076293945,34.08000183105469,4166368
2021-01-25,26.456424713134766,33.630001068115234,33.900001525878906,33.31999969482422,33.880001068115234,3686279
2021-01-26,25.984407424926758,33.029998779296875,33.79999923706055,32.79999923706055,33.630001068115234,4989557
2021-01-27,26.00014305114746,33.04999923706055,33.349998474121094,32.869998931884766,33.11000061035156,3045853
2021-01-28,25.4494571685791,32.349998474121094,32.63999938964844,32.22999954223633,32.400001525878906,3873320
2021-01-29,25.14264678955078,31.959999084472656,32.79999923706055,31.959999084472656,32.72999954223633,3501560
2021-02-01,25.559593200683594,32.4900016784668,32.529998779296875,31.799999237060547,31.950000762939453,3884180
2021-02-02,26.27548599243164,33.400001525878906,33.5099983215332,32.900001525878906,33.0,3768480
2021-02-03,26.251882553100586,33.369998931884766,33.58000183105469,33.29999923706055,33.54999923706055,2602792
2021-02-04,26.086681365966797,33.15999984741211,33.349998474121094,32.90999984741211,33.150001525878906,1748974
2021-02-05,26.314817428588867,33.45000076293945,33.79999923706055,33.369998931884766,33.439998626708984,4050399
2021-02-17,27.463390350341797,34.90999984741211,34.90999984741211,34.209999084472656,34.400001525878906,6108658
2021-02-18,27.471254348754883,34.91999816894531,35.150001525878906,34.66999816894531,34.90999984741211,4052870
2021-02-19,27.274581909179688,34.66999816894531,34.77000045776367,34.380001068115234,34.77000045776367,2609448
2021-02-22,27.195911407470703,34.56999969482422,35.0,34.5099983215332,34.88999938964844,3875776
2021-02-23,27.219514846801758,34.599998474121094,34.599998474121094,34.15999984741211,34.29999923706055,2292428
2021-02-24,26.802566528320312,34.06999969482422,34.5,34.02000045776367,34.29999923706055,4005694
2021-02-25,27.04644012451172,34.380001068115234,34.45000076293945,34.15999984741211,34.369998931884766,1957868
2021-02-26,26.582294464111328,33.790000915527344,34.0,33.45000076293945,33.81999969482422,6412598
2021-03-02,26.550825119018555,33.75,34.099998474121094,33.560001373291016,34.099998474121094,5669656
2021-03-03,26.63736915588379,33.86000061035156,33.86000061035156,33.38999938964844,33.599998474121094,2888656
2021-03-04,26.181079864501953,33.279998779296875,33.63999938964844,33.09000015258789,33.63999938964844,4931884
2021-03-05,25.992277145385742,33.040000915527344,33.22999954223633,32.599998474121094,32.790000915527344,3140696
2021-03-08,26.008010864257812,33.060001373291016,33.58000183105469,33.029998779296875,33.54999923706055,3516558
2021-03-09,25.976543426513672,33.02000045776367,33.08000183105469,32.650001525878906,32.869998931884766,2761375
2021-03-10,26.06307601928711,33.130001068115234,33.279998779296875,32.959999084472656,33.220001220703125,3073922
2021-03-11,26.511491775512695,33.70000076293945,33.779998779296875,33.13999938964844,33.220001220703125,2229053
2021-03-12,26.598026275634766,33.810001373291016,33.900001525878906,33.66999816894531,33.84000015258789,2580982
2021-03-15,26.590164184570312,33.79999923706055,33.86000061035156,33.68000030517578,33.810001373291016,2959850
2021-03-16,26.629493713378906,33.849998474121094,34.150001525878906,33.77000045776367,34.150001525878906,4009918
2021-03-17,26.456424713134766,33.630001068115234,33.900001525878906,33.58000183105469,33.900001525878906,2406267
2021-03-18,26.53508949279785,33.72999954223633,33.97999954223633,33.66999816894531,33.66999816894531,2175185
2021-03-19,26.204681396484375,33.310001373291016,33.5099983215332,33.16999816894531,33.439998626708984,4372076
2021-03-22,26.29121971130371,33.41999816894531,33.47999954223633,33.04999923706055,33.29999923706055,1705641
2021-03-23,26.27548599243164,33.400001525878906,33.619998931884766,33.38999938964844,33.41999816894531,1926465
2021-03-24,25.968671798706055,33.0099983215332,33.13999938964844,32.90999984741211,33.130001068115234,3682387
2021-03-25,26.07094383239746,33.13999938964844,33.2400016784668,32.81999969482422,32.959999084472656,1759622
2021-03-26,26.472158432006836,33.650001525878906,33.70000076293945,33.33000183105469,33.45000076293945,2703939
2021-03-29,26.63736915588379,33.86000061035156,34.0,33.810001373291016,33.86000061035156,2339273
2021-03-30,26.692428588867188,33.93000030517578,33.97999954223633,33.79999923706055,33.939998626708984,3400071
2021-03-31,26.574424743652344,33.779998779296875,33.970001220703125,33.77000045776367,33.93000030517578,2406434
2021-04-01,26.747501373291016,34.0,34.099998474121094,33.880001068115234,34.0,2327068
2021-04-07,27.172313690185547,34.540000915527344,34.540000915527344,34.33000183105469,34.5,1954735
2021-04-08,27.28244972229004,34.68000030517578,34.68000030517578,34.29999923706055,34.439998626708984,2097889
2021-04-09,27.25885009765625,34.650001525878906,34.79999923706055,34.529998779296875,34.75,2164529
2021-04-12,27.235240936279297,34.619998931884766,34.869998931884766,34.45000076293945,34.779998779296875,2097363
2021-04-13,27.21164321899414,34.59000015258789,34.959999084472656,34.54999923706055,34.619998931884766,2778957
2021-04-14,27.361116409301758,34.779998779296875,34.79999923706055,34.29999923706055,34.63999938964844,2579994
2021-04-15,27.61285972595215,35.099998474121094,35.099998474121094,34.77000045776367,34.77000045776367,2214432
2021-04-16,27.683658599853516,35.189998626708984,35.5,34.93000030517578,35.5,2984360
2021-04-19,27.801664352416992,35.34000015258789,35.380001068115234,35.11000061035156,35.20000076293945,2047885
2021-04-20,27.833133697509766,35.380001068115234,35.380001068115234,35.20000076293945,35.310001373291016,1369456
2021-04-21,27.589262008666992,35.06999969482422,35.36000061035156,35.040000915527344,35.36000061035156,1842177
2021-04-22,27.502721786499023,34.959999084472656,35.36000061035156,34.900001525878906,35.150001525878906,2593866
2021-04-23,27.75446128845215,35.279998779296875,35.279998779296875,34.849998474121094,34.880001068115234,2307852
2021-04-26,28.1320743560791,35.7599983215332,35.779998779296875,35.459999084472656,35.59000015258789,4093161
2021-04-27,28.1320743560791,35.7599983215332,35.81999969482422,35.650001525878906,35.79999923706055,2953543
2021-04-28,28.08487319946289,35.70000076293945,35.7599983215332,35.58000183105469,35.7599983215332,1581922
2021-04-29,28.108476638793945,35.72999954223633,35.97999954223633,35.70000076293945,35.810001373291016,1799316
2021-05-03,27.699392318725586,35.209999084472656,35.72999954223633,35.16999816894531,35.72999954223633,2880579
2021-05-04,27.3925838470459,34.81999969482422,35.29999923706055,34.380001068115234,35.209999084472656,4151414
2021-05-05,27.313913345336914,34.720001220703125,34.959999084472656,34.68000030517578,34.880001068115234,3810166
2021-05-06,27.54205322265625,35.0099983215332,35.189998626708984,34.619998931884766,34.810001373291016,2855767
2021-05-07,28.006200790405273,35.599998474121094,35.599998474121094,35.18000030517578,35.290000915527344,3625977
2021-05-10,27.911806106567383,35.47999954223633,35.58000183105469,35.380001068115234,35.56999969482422,1478131
2021-05-11,27.10150909423828,34.45000076293945,35.060001373291016,34.29999923706055,34.95000076293945,4969974
2021-05-12,26.118148803710938,33.20000076293945,34.279998779296875,31.329999923706055,34.25,9158792
2021-05-13,25.764137268066406,32.75,33.380001068115234,32.04999923706055,32.349998474121094,6507252
2021-05-14,26.055208206176758,33.119998931884766,33.369998931884766,32.810001373291016,32.810001373291016,4636734
2021-05-17,25.85853385925293,32.869998931884766,33.0,31.93000030517578,32.0,7766756
2021-05-18,26.629493713378906,33.849998474121094,33.900001525878906,32.81999969482422,32.869998931884766,2989640
2021-05-19,26.49575424194336,33.68000030517578,33.9900016784668,33.5099983215332,33.81999969482422,2865256
2021-05-20,26.322683334350586,33.459999084472656,33.68000030517578,33.209999084472656,33.68000030517578,1356634
2021-05-21,26.66883087158203,33.900001525878906,34.2400016784668,33.599998474121094,33.86000061035156,2376078
2021-05-24,26.66096305847168,33.88999938964844,33.970001220703125,33.599998474121094,33.77000045776367,2013558
2021-05-25,27.062175750732422,34.400001525878906,34.40999984741211,34.0099983215332,34.0099983215332,2020083
2021-05-26,27.10150909423828,34.45000076293945,34.599998474121094,34.25,34.470001220703125,2262389
2021-05-27,26.912704467773438,34.209999084472656,34.209999084472656,33.90999984741211,34.189998626708984,1555438
2021-05-28,27.37685203552246,34.79999923706055,34.81999969482422,34.38999938964844,34.459999084472656,2398278
2021-05-31,27.61285972595215,35.099998474121094,35.15999984741211,34.810001373291016,34.83000183105469,2736579
2021-06-01,27.6915283203125,35.20000076293945,35.279998779296875,35.040000915527344,35.099998474121094,2016945
2021-06-02,27.6915283203125,35.20000076293945,35.31999969482422,35.04999923706055,35.25,1920077
2021-06-03,27.840999603271484,35.38999938964844,35.54999923706055,35.2599983215332,35.40999984741211,2337912
2021-06-04,27.6915283203125,35.20000076293945,35.20000076293945,35.04999923706055,35.130001068115234,1857981
2021-06-07,27.683658599853516,35.189998626708984,35.29999923706055,34.4900016784668,35.20000076293945,3377323
2021-06-08,27.58139419555664,35.060001373291016,35.2599983215332,35.0,35.25,1227826
2021-06-09,27.37685203552246,34.79999923706055,35.0,34.68000030517578,35.0,1355932
2021-06-10,27.762332916259766,35.290000915527344,35.29999923706055,34.88999938964844,34.939998626708984,1327039
2021-06-11,27.80953598022461,35.349998474121094,35.5,35.29999923706055,35.40999984741211,1596780
2021-06-15,28.037668228149414,35.63999938964844,35.65999984741211,35.47999954223633,35.529998779296875,1514842
2021-06-16,28.061269760131836,35.66999816894531,35.70000076293945,35.529998779296875,35.66999816894531,2232414
2021-06-17,28.006200790405273,35.599998474121094,35.599998474121094,35.27000045776367,35.599998474121094,1303123
2021-06-18,27.88820457458496,35.45000076293945,35.61000061035156,35.45000076293945,35.61000061035156,1260831
2021-06-21,27.37685203552246,34.79999923706055,35.40999984741211,34.68000030517578,35.40999984741211,2626591
2021-06-22,27.313913345336914,34.720001220703125,35.099998474121094,34.720001220703125,34.959999084472656,1261198
2021-06-23,27.80953598022461,35.349998474121094,35.369998931884766,34.790000915527344,34.810001373291016,1831899
2021-06-24,27.770198822021484,35.29999923706055,35.43000030517578,35.279998779296875,35.349998474121094,1779376
2021-06-25,27.81739616394043,35.36000061035156,35.599998474121094,35.31999969482422,35.47999954223633,2078002
2021-06-28,27.951135635375977,35.529998779296875,35.599998474121094,35.31999969482422,35.400001525878906,2089943
2021-06-29,28.006200790405273,35.599998474121094,35.65999984741211,35.40999984741211,35.63999938964844,1290993
2021-06-30,28.163537979125977,35.79999923706055,35.90999984741211,35.66999816894531,35.66999816894531,2752372
2021-07-01,28.061269760131836,35.66999816894531,35.88999938964844,35.61000061035156,35.86000061035156,2014668
2021-07-02,28.04553985595703,35.650001525878906,35.779998779296875,35.599998474121094,35.720001220703125,1589282
2021-07-05,28.360214233398438,36.04999923706055,36.119998931884766,35.810001373291016,35.810001373291016,2883350
2021-07-06,28.38381576538086,36.08000183105469,36.279998779296875,36.04999923706055,36.20000076293945,2925325
2021-07-07,28.273681640625,35.939998626708984,36.060001373291016,35.83000183105469,36.0,1760473
2021-07-08,28.22647476196289,35.880001068115234,36.06999969482422,35.720001220703125,35.9900016784668,1811622
2021-07-09,28.014070510864258,35.61000061035156,35.75,35.400001525878906,35.75,2614705
2021-07-12,28.242216110229492,35.900001525878906,36.15999984741211,35.810001373291016,36.06999969482422,2610737
2021-07-13,28.407421112060547,36.11000061035156,36.279998779296875,36.06999969482422,36.119998931884766,2213636
2021-07-14,28.47821617126465,36.20000076293945,36.33000183105469,36.06999969482422,36.18000030517578,2311627
2021-07-15,28.682754516601562,36.459999084472656,36.459999084472656,36.2400016784668,36.2400016784668,1965317
2021-07-16,28.45511817932129,36.0,36.029998779296875,35.70000076293945,35.849998474121094,3624633
2021-07-19,28.178470611572266,35.650001525878906,35.709999084472656,35.45000076293945,35.709999084472656,2432408
2021-07-20,27.846492767333984,35.22999954223633,35.4900016784668,35.13999938964844,35.43000030517578,3394571
2021-07-21,27.712125778198242,35.060001373291016,35.5,34.95000076293945,35.43000030517578,2780869
2021-07-22,27.957151412963867,35.369998931884766,35.560001373291016,35.2599983215332,35.29999923706055,1326672
2021-07-23,27.94924545288086,35.36000061035156,35.560001373291016,35.279998779296875,35.459999084472656,1417150
2021-07-26,27.712125778198242,35.060001373291016,35.5099983215332,35.040000915527344,35.38999938964844,3494229
2021-07-27,27.648887634277344,34.97999954223633,35.220001220703125,34.939998626708984,35.150001525878906,3132171
2021-07-28,27.388050079345703,34.650001525878906,34.84000015258789,34.25,34.84000015258789,4968702
2021-07-29,27.783266067504883,35.150001525878906,35.150001525878906,34.77000045776367,34.91999816894531,1903693
2021-07-30,27.6093692779541,34.93000030517578,35.18000030517578,34.91999816894531,35.130001068115234,1229156
2021-08-02,28.044103622436523,35.47999954223633,35.47999954223633,34.97999954223633,35.099998474121094,2090966
2021-08-03,28.138944625854492,35.599998474121094,35.599998474121094,35.400001525878906,35.47999954223633,1956869
2021-08-04,28.312841415405273,35.81999969482422,35.849998474121094,35.630001068115234,35.68000030517578,1643647
2021-08-05,28.312841415405273,35.81999969482422,35.869998931884766,35.779998779296875,35.81999969482422,1458949
2021-08-06,28.233800888061523,35.720001220703125,35.79999923706055,35.5,35.790000915527344,3079192
2021-08-09,28.146852493286133,35.61000061035156,35.619998931884766,35.27000045776367,35.54999923706055,1508967
2021-08-10,27.980865478515625,35.400001525878906,35.650001525878906,35.369998931884766,35.63999938964844,1608946
2021-08-11,27.87020492553711,35.2599983215332,35.369998931884766,35.060001373291016,35.34000015258789,1749964
2021-08-12,27.79116439819336,35.15999984741211,35.290000915527344,35.11000061035156,35.20000076293945,1678172
2021-08-13,27.53822898864746,34.84000015258789,35.15999984741211,34.81999969482422,35.15999984741211,2131396
2021-08-16,27.51451301574707,34.810001373291016,34.849998474121094,34.619998931884766,34.84000015258789,3834423
2021-08-17,27.222061157226562,34.439998626708984,34.790000915527344,34.439998626708984,34.790000915527344,2158233
2021-08-18,27.372241973876953,34.630001068115234,34.630001068115234,33.9900016784668,34.099998474121094,3474800
2021-08-19,26.779428482055664,33.880001068115234,34.58000183105469,33.83000183105469,34.58000183105469,4285857
2021-08-20,26.6213436126709,33.68000030517578,34.040000915527344,33.5099983215332,33.95000076293945,3135238
2021-08-23,27.253681182861328,34.47999954223633,34.560001373291016,34.06999969482422,34.06999969482422,2058561
2021-08-24,27.38014793395996,34.63999938964844,34.79999923706055,34.58000183105469,34.720001220703125,1407045
2021-08-25,27.735837936401367,35.09000015258789,35.09000015258789,34.75,34.75,1912588
2021-08-26,27.85439682006836,35.2400016784668,35.47999954223633,35.060001373291016,35.38999938964844,3652341
2021-08-27,28.115234375,35.56999969482422,35.650001525878906,35.150001525878906,35.22999954223633,3171908
2021-08-30,28.40769386291504,35.939998626708984,35.939998626708984,35.66999816894531,35.72999954223633,3226587
2021-08-31,28.581579208374023,36.15999984741211,36.15999984741211,35.529998779296875,35.90999984741211,3021997
2021-09-01,28.534156799316406,36.099998474121094,36.15999984741211,36.0,36.11000061035156,2275113
2021-09-02,28.27332305908203,35.77000045776367,36.15999984741211,35.77000045776367,36.06999969482422,2343493
2021-09-03,28.67643165588379,36.279998779296875,36.33000183105469,35.93000030517578,35.970001220703125,2692759
2021-09-06,28.715959548950195,36.33000183105469,36.650001525878906,36.18000030517578,36.279998779296875,3579060
2021-09-07,28.613197326660156,36.20000076293945,36.400001525878906,36.06999969482422,36.38999938964844,2058473
2021-09-08,28.38398551940918,35.90999984741211,36.189998626708984,35.72999954223633,36.16999816894531,2775341
2021-09-09,28.36026382446289,35.880001068115234,35.9900016784668,35.58000183105469,35.709999084472656,1403624
2021-09-10,28.644819259643555,36.2400016784668,36.2599983215332,35.90999984741211,35.939998626708984,1939608
2021-09-13,28.565776824951172,36.13999938964844,36.2599983215332,36.060001373291016,36.2400016784668,1218489
2021-09-14,28.58949089050293,36.16999816894531,36.369998931884766,36.16999816894531,36.209999084472656,1218475
2021-09-15,28.45511817932129,36.0,36.150001525878906,35.880001068115234,36.099998474121094,1505213
2021-09-16,28.423500061035156,35.959999084472656,36.150001525878906,35.84000015258789,36.0,2769485
2021-09-17,28.45511817932129,36.0,36.20000076293945,35.79999923706055,35.939998626708984,1556376
2021-09-22,27.87020492553711,35.2599983215332,35.29999923706055,34.97999954223633,35.2599983215332,3604813
2021-09-23,28.13104820251465,35.59000015258789,35.689998626708984,35.38999938964844,35.38999938964844,1712924
2021-09-24,28.35236167907715,35.869998931884766,35.91999816894531,35.7599983215332,35.810001373291016,1392488
2021-09-27,28.447214126586914,35.9900016784668,36.099998474121094,35.86000061035156,35.91999816894531,2174528
2021-09-28,28.249608993530273,35.7400016784668,35.7599983215332,35.560001373291016,35.7599983215332,1444473
2021-09-29,27.767452239990234,35.130001068115234,35.220001220703125,35.029998779296875,35.16999816894531,3650779
2021-09-30,27.806970596313477,35.18000030517578,35.34000015258789,34.90999984741211,35.130001068115234,1837958
2021-10-01,27.30900764465332,34.54999923706055,35.06999969482422,34.5,35.06999969482422,4488372
2021-10-04,27.182537078857422,34.38999938964844,34.720001220703125,34.2400016784668,34.599998474121094,2282172
2021-10-05,27.07978630065918,34.2599983215332,34.33000183105469,33.81999969482422,33.9900016784668,3596730
2021-10-06,27.087696075439453,34.27000045776367,34.529998779296875,34.06999969482422,34.52000045776367,3432100
2021-10-07,27.554039001464844,34.86000061035156,34.959999084472656,34.52000045776367,34.540000915527344,1777750
2021-10-08,27.41176414489746,34.68000030517578,34.90999984741211,34.619998931884766,34.90999984741211,990577
2021-10-12,27.127212524414062,34.31999969482422,34.34000015258789,33.970001220703125,34.20000076293945,1873680
2021-10-13,27.000743865966797,34.15999984741211,34.5,34.09000015258789,34.40999984741211,1171135
2021-10-14,27.040266036987305,34.209999084472656,34.5,34.16999816894531,34.400001525878906,982650
2021-10-15,27.735837936401367,35.09000015258789,35.119998931884766,34.630001068115234,34.75,2166828
2021-10-18,27.65679359436035,34.9900016784668,35.310001373291016,34.97999954223633,35.15999984741211,2197814
2021-10-19,27.909727096557617,35.310001373291016,35.400001525878906,35.11000061035156,35.119998931884766,1337163
2021-10-20,27.901824951171875,35.29999923706055,35.45000076293945,35.27000045776367,35.349998474121094,1353192
2021-10-21,27.783266067504883,35.150001525878906,35.540000915527344,35.119998931884766,35.33000183105469,1998901
2021-10-22,27.862302780151367,35.25,35.290000915527344,35.0099983215332,35.20000076293945,1171203
2021-10-25,27.8306827545166,35.209999084472656,35.2599983215332,34.900001525878906,35.11000061035156,1370973
2021-10-26,28.012479782104492,35.439998626708984,35.54999923706055,35.2400016784668,35.2400016784668,2274371
2021-10-27,28.06781005859375,35.5099983215332,35.5099983215332,35.290000915527344,35.439998626708984,1011311
2021-10-28,28.012479782104492,35.439998626708984,35.5,35.33000183105469,35.5,814988
2021-10-29,27.846492767333984,35.22999954223633,35.40999984741211,35.060001373291016,35.40999984741211,1361891
2021-11-01,27.957151412963867,35.369998931884766,35.47999954223633,35.310001373291016,35.380001068115234,1212527
2021-11-02,27.98876953125,35.40999984741211,35.720001220703125,35.369998931884766,35.5,2724895
2021-11-03,28.099428176879883,35.54999923706055,35.599998474121094,35.45000076293945,35.5099983215332,1748110
2021-11-04,28.012479782104492,35.439998626708984,35.7400016784668,35.40999984741211,35.66999816894531,3220250
2021-11-05,28.336551666259766,35.849998474121094,35.86000061035156,35.560001373291016,35.560001373291016,2454466
2021-11-08,28.613197326660156,36.20000076293945,36.20000076293945,35.88999938964844,35.900001525878906,3721802
2021-11-09,28.905658721923828,36.56999969482422,36.63999938964844,36.36000061035156,36.36000061035156,2846692
2021-11-10,28.874040603637695,36.529998779296875,36.56999969482422,36.43000030517578,36.56999969482422,2852712
2021-11-11,28.708051681518555,36.31999969482422,36.41999816894531,36.18000030517578,36.279998779296875,3060693
2021-11-12,28.795000076293945,36.43000030517578,36.599998474121094,36.380001068115234,36.45000076293945,4003214
2021-11-15,29.047937393188477,36.75,36.779998779296875,36.56999969482422,36.56999969482422,4756779
2021-11-16,29.079511642456055,34.9900016784668,35.06999969482422,34.95000076293945,35.0,12972866
2021-11-17,29.137693405151367,35.060001373291016,35.099998474121094,34.970001220703125,35.02000045776367,4162431
2021-11-18,29.345458984375,35.310001373291016,35.310001373291016,35.099998474121094,35.189998626708984,1867505
2021-11-19,29.378704071044922,35.349998474121094,35.529998779296875,35.279998779296875,35.43000030517578,4399847
2021-11-22,29.328838348388672,35.290000915527344,35.34000015258789,35.209999084472656,35.33000183105469,2435198
2021-11-23,29.09613037109375,35.0099983215332,35.20000076293945,34.9900016784668,35.20000076293945,4087311
2021-11-24,28.97147560119629,34.86000061035156,35.040000915527344,34.779998779296875,35.02000045776367,3662120
2021-11-25,28.98809814453125,34.880001068115234,34.90999984741211,34.720001220703125,34.869998931884766,2002429
2021-11-26,28.555931091308594,34.36000061035156,34.75,34.31999969482422,34.70000076293945,8274116
2021-11-29,28.456205368041992,34.2400016784668,34.45000076293945,34.06999969482422,34.25,5571533
2021-11-30,28.539310455322266,34.34000015258789,34.65999984741211,34.279998779296875,34.459999084472656,3064275
2021-12-01,28.904983520507812,34.779998779296875,34.83000183105469,34.290000915527344,34.34000015258789,2319396
2021-12-02,29.15431022644043,35.08000183105469,35.099998474121094,34.70000076293945,34.7599983215332,3070378
2021-12-03,29.179243087768555,35.11000061035156,35.189998626708984,34.97999954223633,35.130001068115234,2139623
2021-12-06,29.145999908447266,35.06999969482422,35.22999954223633,34.7599983215332,34.959999084472656,3134730
2021-12-07,29.212486267089844,35.150001525878906,35.150001525878906,34.849998474121094,35.06999969482422,2573707
2021-12-08,29.30390167236328,35.2599983215332,35.5,35.25,35.369998931884766,2341387
2021-12-09,29.328838348388672,35.290000915527344,35.36000061035156,35.11000061035156,35.29999923706055,1758969
2021-12-10,29.23741340637207,35.18000030517578,35.2400016784668,35.04999923706055,35.189998626708984,1401685
2021-12-13,29.145999908447266,35.06999969482422,35.310001373291016,35.06999969482422,35.209999084472656,1612888
2021-12-14,28.963157653808594,34.849998474121094,34.880001068115234,34.720001220703125,34.880001068115234,3815390
2021-12-15,28.92160415649414,34.79999923706055,34.880001068115234,34.65999984741211,34.72999954223633,2328799
2021-12-16,29.23741340637207,35.18000030517578,35.189998626708984,34.970001220703125,35.040000915527344,2180193
2021-12-17,29.212486267089844,35.150001525878906,35.15999984741211,35.04999923706055,35.09000015258789,1289016
2021-12-20,28.963157653808594,34.849998474121094,35.08000183105469,34.790000915527344,35.06999969482422,2046871
2021-12-21,29.187557220458984,35.119998931884766,35.150001525878906,34.84000015258789,34.849998474121094,1981184
2021-12-22,29.195865631103516,35.130001068115234,35.15999984741211,35.06999969482422,35.119998931884766,1056642
2021-12-23,29.337148666381836,35.29999923706055,35.40999984741211,35.2400016784668,35.27000045776367,2926127
2021-12-24,29.378704071044922,35.349998474121094,35.5,35.31999969482422,35.34000015258789,2627200
2021-12-27,29.553232192993164,35.560001373291016,35.63999938964844,35.349998474121094,35.349998474121094,2256411
2021-12-28,29.777620315551758,35.83000183105469,35.84000015258789,35.63999938964844,35.63999938964844,2535299
2021-12-29,29.89397430419922,35.970001220703125,36.02000045776367,35.849998474121094,35.86000061035156,2439055
2021-12-30,29.802549362182617,35.86000061035156,35.9900016784668,35.81999969482422,35.959999084472656,1436760
2022-01-03,29.918907165527344,36.0,36.209999084472656,35.880001068115234,36.0,2910947
2022-01-04,30.425861358642578,36.61000061035156,36.61000061035156,36.29999923706055,36.29999923706055,4589548
2022-01-05,30.384313583374023,36.560001373291016,36.84000015258789,36.52000045776367,36.65999984741211,6309443
2022-01-06,30.184852600097656,36.31999969482422,36.47999954223633,36.119998931884766,36.279998779296875,3947841
2022-01-07,29.918907165527344,36.0,36.5,35.91999816894531,36.459999084472656,3971382
2022-01-10,30.018634796142578,36.119998931884766,36.18000030517578,35.75,35.86000061035156,3635053
2022-01-11,30.251340866088867,36.400001525878906,36.400001525878906,35.970001220703125,36.150001525878906,5057937
2022-01-12,30.425861358642578,36.61000061035156,36.61000061035156,36.43000030517578,36.54999923706055,4213571
2022-01-13,30.583768844604492,36.79999923706055,36.84000015258789,36.619998931884766,36.619998931884766,5152185
2022-01-14,30.658567428588867,36.88999938964844,37.0,36.560001373291016,36.939998626708984,6452602
2022-01-17,30.949445724487305,37.2400016784668,37.29999923706055,37.02000045776367,37.06999969482422,4721228
2022-01-18,30.625324249267578,36.849998474121094,37.2400016784668,36.84000015258789,37.20000076293945,5740129
2022-01-19,30.292888641357422,36.45000076293945,36.70000076293945,36.400001525878906,36.619998931884766,3720098
2022-01-20,30.334444046020508,36.5,36.56999969482422,36.189998626708984,36.41999816894531,2909750
2022-01-21,29.760997772216797,35.810001373291016,36.06999969482422,35.709999084472656,36.06999969482422,5318106
2022-01-24,29.985393524169922,36.08000183105469,36.099998474121094,35.52000045776367,35.65999984741211,3514831
2022-01-25,29.67789649963379,35.709999084472656,35.900001525878906,35.45000076293945,35.900001525878906,6262749
2022-01-26,29.62802505493164,35.650001525878906,35.79999923706055,35.540000915527344,35.540000915527344,4177464
2022-02-07,29.885662078857422,35.959999084472656,35.959999084472656,35.61000061035156,35.88999938964844,3690626
2022-02-08,29.918907165527344,36.0,36.16999816894531,36.0,36.130001068115234,2297527
2022-02-09,30.11005210876465,36.22999954223633,36.25,36.04999923706055,36.119998931884766,1903742
2022-02-10,30.384313583374023,36.560001373291016,36.560001373291016,36.209999084472656,36.2599983215332,2108450
2022-02-11,30.351070404052734,36.52000045776367,36.54999923706055,36.29999923706055,36.540000915527344,1799684
2022-02-14,29.96045684814453,36.04999923706055,36.290000915527344,35.88999938964844,36.290000915527344,2938895
2022-02-15,29.835803985595703,35.900001525878906,36.150001525878906,35.86000061035156,36.0,1925304
2022-02-16,30.284582138061523,36.439998626708984,36.470001220703125,36.20000076293945,36.20000076293945,2506796
2022-02-17,30.292888641357422,36.45000076293945,36.599998474121094,36.349998474121094,36.45000076293945,1681466
2022-02-18,30.243026733398438,36.38999938964844,36.43000030517578,36.18000030517578,36.369998931884766,1197279
2022-02-21,30.23471450805664,36.380001068115234,36.40999984741211,36.150001525878906,36.27000045776367,1421758
2022-02-22,29.852418899536133,35.91999816894531,36.15999984741211,35.68000030517578,36.15999984741211,3412251
2022-02-23,29.96045684814453,36.04999923706055,36.09000015258789,35.88999938964844,35.939998626708984,1545618
2022-02-24,29.23741340637207,35.18000030517578,35.709999084472656,35.130001068115234,35.709999084472656,5538036
2022-02-25,29.22079849243164,35.15999984741211,35.31999969482422,35.0099983215332,35.20000076293945,3151720
2022-03-01,29.594783782958984,35.61000061035156,35.709999084472656,35.220001220703125,35.25,2874658
2022-03-02,29.43687629699707,35.41999816894531,35.52000045776367,35.279998779296875,35.52000045776367,1600114
2022-03-03,29.49505615234375,35.4900016784668,35.65999984741211,35.459999084472656,35.619998931884766,1279833
2022-03-04,29.229106903076172,35.16999816894531,35.27000045776367,35.040000915527344,35.13999938964844,2442710
2022-03-07,28.38140296936035,34.150001525878906,34.939998626708984,34.119998931884766,34.939998626708984,10023757
2022-03-08,27.708229064941406,33.34000015258789,33.849998474121094,33.290000915527344,33.75,8189966
2022-03-09,28.073904037475586,33.779998779296875,33.84000015258789,33.59000015258789,33.59000015258789,2350588
2022-03-10,28.74707794189453,34.59000015258789,34.689998626708984,34.29999923706055,34.29999923706055,1956000
2022-03-11,28.439584732055664,34.220001220703125,34.56999969482422,34.16999816894531,34.56999969482422,2283964
2022-03-14,28.439584732055664,34.220001220703125,34.43000030517578,34.08000183105469,34.369998931884766,2037428
2022-03-15,27.9243106842041,33.599998474121094,33.970001220703125,33.5099983215332,33.970001220703125,3670321
2022-03-16,28.040660858154297,33.7400016784668,33.970001220703125,33.47999954223633,33.970001220703125,3879431
2022-03-17,28.84680938720703,34.709999084472656,34.72999954223633,34.36000061035156,34.47999954223633,2821611
2022-03-18,28.79694938659668,34.650001525878906,34.790000915527344,34.5,34.790000915527344,2302410
2022-03-21,28.904983520507812,34.779998779296875,34.95000076293945,34.72999954223633,34.72999954223633,1981850
2022-03-22,28.904983520507812,34.779998779296875,34.81999969482422,34.66999816894531,34.75,1079622
2022-03-23,29.195865631103516,35.130001068115234,35.18000030517578,34.95000076293945,34.9900016784668,2069647
2022-03-24,29.187557220458984,35.119998931884766,35.130001068115234,34.880001068115234,35.0,1434684
2022-03-25,29.187557220458984,35.119998931884766,35.15999984741211,35.02000045776367,35.130001068115234,1292465
2022-03-28,28.938228607177734,34.81999969482422,35.04999923706055,34.5,35.04999923706055,3961844
2022-03-29,28.963157653808594,34.849998474121094,34.939998626708984,34.75,34.900001525878906,1263134
2022-03-30,29.270660400390625,35.220001220703125,35.25,35.11000061035156,35.119998931884766,1378598
2022-03-31,29.195865631103516,35.130001068115234,35.25,35.11000061035156,35.209999084472656,1719975
2022-04-01,29.02964973449707,34.93000030517578,34.93000030517578,34.70000076293945,34.81999969482422,1390200
2022-04-06,28.88005256652832,34.75,34.79999923706055,34.45000076293945,34.5099983215332,2838376
2022-04-07,28.41464614868164,34.189998626708984,34.52000045776367,34.189998626708984,34.40999984741211,2342993
2022-04-08,28.555931091308594,34.36000061035156,34.38999938964844,34.189998626708984,34.27000045776367,1466414
2022-04-11,28.148700714111328,33.869998931884766,34.31999969482422,33.79999923706055,34.27000045776367,2579101
2022-04-12,28.148700714111328,33.869998931884766,33.93000030517578,33.630001068115234,33.72999954223633,2928588
2022-04-13,28.60580062866211,34.41999816894531,34.470001220703125,34.0,34.0,1572038
2022-04-14,28.530996322631836,34.33000183105469,34.52000045776367,34.33000183105469,34.52000045776367,1305217
2022-04-15,28.09052848815918,33.79999923706055,33.970001220703125,33.77000045776367,33.959999084472656,2313949
2022-04-18,27.96586799621582,33.650001525878906,33.790000915527344,33.470001220703125,33.540000915527344,4509967
2022-04-19,28.065593719482422,33.77000045776367,33.970001220703125,33.7400016784668,33.79999923706055,1320745
2022-04-20,28.181947708129883,33.90999984741211,33.95000076293945,33.709999084472656,33.900001525878906,935048
2022-04-21,28.231809616088867,33.970001220703125,34.150001525878906,33.91999816894531,34.029998779296875,899676
2022-04-22,28.048973083496094,33.75,33.790000915527344,33.4900016784668,33.529998779296875,2566225
2022-04-25,27.542011260986328,33.13999938964844,33.290000915527344,32.959999084472656,33.209999084472656,4007853
2022-04-26,27.53369903564453,33.130001068115234,33.27000045776367,33.02000045776367,33.150001525878906,2537784
2022-04-27,27.01011848449707,32.5,32.650001525878906,32.380001068115234,32.529998779296875,4650995
2022-04-28,27.14309310913086,32.65999984741211,32.70000076293945,32.349998474121094,32.630001068115234,1797773
2022-04-29,27.45059585571289,33.029998779296875,33.15999984741211,32.88999938964844,33.0099983215332,1540998
2022-05-03,27.251134872436523,32.790000915527344,33.029998779296875,32.720001220703125,32.900001525878906,2188048
2022-05-04,27.300996780395508,32.849998474121094,32.970001220703125,32.790000915527344,32.849998474121094,1045347
2022-05-05,27.525388717651367,33.119998931884766,33.349998474121094,33.04999923706055,33.2599983215332,1245868
2022-05-06,27.101543426513672,32.61000061035156,32.61000061035156,32.36000061035156,32.47999954223633,4018969
2022-05-09,26.60289192199707,32.0099983215332,32.189998626708984,32.0,32.15999984741211,3756859
2022-05-10,26.49485206604004,31.8799991607666,31.93000030517578,31.299999237060547,31.5,3062706
2022-05-11,26.49485206604004,31.8799991607666,31.979999542236328,31.65999984741211,31.739999771118164,1752921
2022-05-12,25.821674346923828,31.06999969482422,31.649999618530273,31.06999969482422,31.649999618530273,2865514
2022-05-13,26.12917709350586,31.440000534057617,31.450000762939453,31.170000076293945,31.209999084472656,2646011
2022-05-16,26.237218856811523,31.56999969482422,31.850000381469727,31.440000534057617,31.709999084472656,3003572
2022-05-17,26.503164291381836,31.889999389648438,31.90999984741211,31.600000381469727,31.6200008392334,1105269
2022-05-18,26.802350997924805,32.25,32.25,32.0,32.13999938964844,1759233
2022-05-19,26.320327758789062,31.670000076293945,31.700000762939453,31.469999313354492,31.639999389648438,1613770
2022-05-20,26.544715881347656,31.940000534057617,32.0,31.729999542236328,31.729999542236328,1107707
2022-05-23,26.58626937866211,31.989999771118164,32.15999984741211,31.860000610351562,32.099998474121094,1080697
2022-05-24,26.295392990112305,31.639999389648438,32.08000183105469,31.6200008392334,32.060001373291016,1398038
2022-05-25,26.49485206604004,31.8799991607666,31.940000534057617,31.6299991607666,31.65999984741211,1325264
2022-05-26,26.187353134155273,31.510000228881836,32.0,31.5,31.90999984741211,2679492
2022-05-27,26.65275764465332,32.06999969482422,32.099998474121094,31.799999237060547,31.799999237060547,1682238
2022-05-30,27.25944709777832,32.79999923706055,32.79999923706055,32.470001220703125,32.470001220703125,1319579
2022-05-31,27.48383903503418,33.06999969482422,33.06999969482422,32.58000183105469,32.7400016784668,1581685
2022-06-01,27.40073013305664,32.970001220703125,33.189998626708984,32.900001525878906,32.90999984741211,1768672
2022-06-02,27.15140151977539,32.66999816894531,32.779998779296875,32.58000183105469,32.68000030517578,815384
2022-06-06,27.292688369750977,32.84000015258789,32.95000076293945,32.560001373291016,32.77000045776367,2569157
2022-06-07,27.03505516052246,32.529998779296875,32.65999984741211,32.400001525878906,32.65999984741211,1890912
2022-06-08,27.342552185058594,32.900001525878906,32.970001220703125,32.720001220703125,32.779998779296875,873852
2022-06-09,27.2262020111084,32.7599983215332,32.79999923706055,32.599998474121094,32.689998626708984,959469
2022-06-10,27.001813888549805,32.4900016784668,32.540000915527344,32.29999923706055,32.31999969482422,1091055
2022-06-13,26.33694839477539,31.690000534057617,31.790000915527344,31.56999969482422,31.790000915527344,2717360
2022-06-14,26.278772354125977,31.6200008392334,31.670000076293945,31.25,31.40999984741211,2581200
2022-06-15,26.170730590820312,31.489999771118164,31.6299991607666,31.43000030517578,31.579999923706055,2226392
2022-06-16,26.029447555541992,31.31999969482422,31.989999771118164,31.280000686645508,31.809999465942383,2817115
2022-06-17,25.76350212097168,31.0,31.079999923706055,30.81999969482422,31.0,3542042
2022-06-20,25.47262191772461,30.649999618530273,31.020000457763672,30.639999389648438,31.020000457763672,3200707
2022-06-21,25.987892150878906,31.270000457763672,31.270000457763672,30.829999923706055,30.899999618530273,1740472
2022-06-22,25.45600128173828,30.6299991607666,31.149999618530273,30.600000381469727,31.149999618530273,1958794
2022-06-23,25.20667839050293,30.329999923706055,30.75,30.1299991607666,30.68000030517578,3034579
2022-06-24,25.281476974487305,30.420000076293945,30.700000762939453,30.350000381469727,30.559999465942383,1609254
2022-06-27,25.771812438964844,31.010000228881836,31.219999313354492,30.81999969482422,30.81999969482422,2433332
2022-06-28,25.588973999023438,30.790000915527344,31.010000228881836,30.649999618530273,31.010000228881836,1081926
2022-06-29,25.356271743774414,30.510000228881836,30.700000762939453,30.459999084472656,30.510000228881836,1142679
2022-06-30,24.73296356201172,29.760000228881836,30.219999313354492,29.729999542236328,30.219999313354492,2746912
2022-07-01,24.034852981567383,28.920000076293945,29.75,28.790000915527344,29.75,5580120
2022-07-04,23.743974685668945,28.56999969482422,29.06999969482422,28.450000762939453,28.899999618530273,5480907
2022-07-05,23.85201644897461,28.700000762939453,29.170000076293945,28.229999542236328,29.139999389648438,5242270
2022-07-06,23.38661003112793,28.139999389648438,28.739999771118164,28.059999465942383,28.690000534057617,4080530
2022-07-07,24.026540756225586,28.90999984741211,28.940000534057617,28.049999237060547,28.229999542236328,2901671
2022-07-08,24.24262237548828,29.170000076293945,29.34000015258789,28.950000762939453,29.200000762939453,2377936
2022-07-11,24.059785842895508,28.950000762939453,29.350000381469727,28.850000381469727,29.350000381469727,1518388
2022-07-12,23.453096389770508,28.219999313354492,28.649999618530273,28.1200008392334,28.649999618530273,2228287
2022-07-13,24.226003646850586,29.149999618530273,29.229999542236328,28.940000534057617,28.989999771118164,2512848
2022-07-14,24.358972549438477,29.309999465942383,29.399999618530273,28.770000457763672,29.0,1983021
2022-07-15,24.70802879333496,29.729999542236328,29.770000457763672,29.270000457763672,29.489999771118164,3752254
2022-07-18,24.938079833984375,28.510000228881836,28.899999618530273,28.34000015258789,28.899999618530273,4738488
2022-07-19,24.86810302734375,28.43000030517578,28.469999313354492,28.239999771118164,28.299999237060547,2269114
2022-07-20,24.938079833984375,28.510000228881836,28.850000381469727,28.479999542236328,28.799999237060547,1715020
2022-07-21,25.24422836303711,28.860000610351562,28.860000610351562,28.5,28.600000381469727,1201463
2022-07-22,25.279218673706055,28.899999618530273,29.010000228881836,28.809999465942383,28.940000534057617,1401074
2022-07-25,25.30545997619629,28.93000030517578,29.0,28.75,28.790000915527344,932065
2022-07-26,25.14801025390625,28.75,28.899999618530273,28.65999984741211,28.860000610351562,4430239
2022-07-27,25.30545997619629,28.93000030517578,28.950000762939453,28.639999389648438,28.700000762939453,2684494
2022-07-28,25.366687774658203,29.0,29.25,28.969999313354492,29.25,1624762
2022-07-29,25.550376892089844,29.209999084472656,29.350000381469727,29.110000610351562,29.309999465942383,1533208
2022-08-01,25.506643295288086,29.15999984741211,29.239999771118164,29.010000228881836,29.239999771118164,1904445
2022-08-02,25.14801025390625,28.75,28.8700008392334,28.56999969482422,28.8700008392334,3613009
2022-08-03,25.19174575805664,28.799999237060547,28.829999923706055,28.639999389648438,28.690000534057617,2378104
2022-08-04,25.226734161376953,28.84000015258789,28.899999618530273,28.489999771118164,28.860000610351562,2115419
2022-08-05,25.79529571533203,29.489999771118164,29.5,29.0,29.0,1332062
2022-08-08,25.777801513671875,29.469999313354492,29.489999771118164,29.25,29.3799991607666,2737608
2022-08-09,25.777801513671875,29.469999313354492,29.56999969482422,29.190000534057617,29.299999237060547,1080301
2022-08-10,25.559123992919922,29.219999313354492,29.309999465942383,29.110000610351562,29.1200008392334,840133
2022-08-11,26.013978958129883,29.739999771118164,29.790000915527344,29.610000610351562,29.639999389648438,1649401
2022-08-12,26.215160369873047,29.969999313354492,29.989999771118164,29.799999237060547,29.799999237060547,911140
2022-08-15,26.425092697143555,30.209999084472656,30.260000228881836,30.0,30.020000457763672,1276423
2022-08-16,26.442584991455078,30.229999542236328,30.31999969482422,30.190000534057617,30.25,2425005
2022-08-17,26.477575302124023,30.270000457763672,30.290000915527344,30.18000030517578,30.280000686645508,751535
2022-08-18,26.363861083984375,30.139999389648438,30.15999984741211,29.969999313354492,30.1200008392334,1310189
2022-08-19,26.39010238647461,30.170000076293945,30.290000915527344,30.010000228881836,30.1200008392334,1091443
2022-08-22,26.11019515991211,29.850000381469727,29.899999618530273,29.790000915527344,29.8799991607666,1831000
2022-08-23,25.751564025878906,29.440000534057617,29.600000381469727,29.420000076293945,29.540000915527344,2850901
2022-08-24,25.68158531188965,29.360000610351562,29.610000610351562,29.299999237060547,29.559999465942383,1385853
2022-08-25,25.882766723632812,29.59000015258789,29.700000762939453,29.479999542236328,29.479999542236328,1078176
2022-08-26,26.04021644592285,29.770000457763672,29.899999618530273,29.739999771118164,29.799999237060547,2284034
2022-08-29,25.392929077148438,29.030000686645508,29.1299991607666,28.81999969482422,29.06999969482422,3931000
2022-08-30,25.44541358947754,29.09000015258789,29.209999084472656,28.940000534057617,28.979999542236328,1967940
2022-08-31,25.611608505249023,29.280000686645508,29.299999237060547,28.799999237060547,28.8700008392334,1394859
2022-09-01,25.095529556274414,28.690000534057617,29.010000228881836,28.579999923706055,29.010000228881836,5162049
2022-09-02,24.850608825683594,28.40999984741211,28.690000534057617,28.399999618530273,28.690000534057617,2925360
2022-09-05,24.903091430664062,28.469999313354492,28.579999923706055,28.3700008392334,28.530000686645508,1733408
2022-09-06,24.9818115234375,28.559999465942383,28.719999313354492,28.420000076293945,28.579999923706055,2640847
2022-09-07,24.4482421875,27.950000762939453,28.309999465942383,27.940000534057617,28.239999771118164,4131320
2022-09-08,24.66691780090332,28.200000762939453,28.200000762939453,28.0,28.149999618530273,1293505
2022-09-12,25.113021850585938,28.709999084472656,28.760000228881836,28.6200008392334,28.639999389648438,1558264
2022-09-13,25.226734161376953,28.84000015258789,28.93000030517578,28.780000686645508,28.850000381469727,1209712
2022-09-14,24.75438690185547,28.299999237060547,28.40999984741211,28.059999465942383,28.1299991607666,2758118
2022-09-15,24.850608825683594,28.40999984741211,28.479999542236328,28.209999084472656,28.299999237060547,1119844
2022-09-16,24.605690002441406,28.1299991607666,28.15999984741211,28.049999237060547,28.139999389648438,3463056
2022-09-19,24.465736389160156,27.969999313354492,28.200000762939453,27.90999984741211,28.110000610351562,2783557
2022-09-20,24.605690002441406,28.1299991607666,28.170000076293945,27.989999771118164,28.139999389648438,1313731
2022-09-21,24.439491271972656,27.940000534057617,28.06999969482422,27.8700008392334,28.06999969482422,2318118
2022-09-22,24.107101440429688,27.559999465942383,27.729999542236328,27.329999923706055,27.700000762939453,3032674
2022-09-23,23.923410415649414,27.350000381469727,27.510000228881836,27.260000228881836,27.489999771118164,2980152
2022-09-26,23.47730827331543,26.84000015258789,27.06999969482422,26.700000762939453,27.020000457763672,7162980
2022-09-27,23.39858055114746,26.75,26.93000030517578,26.649999618530273,26.93000030517578,3177810
2022-09-28,22.9437313079834,26.229999542236328,26.829999923706055,26.190000534057617,26.829999923706055,3963244
2022-09-29,22.88250160217285,26.15999984741211,26.5,26.09000015258789,26.5,2885413
2022-09-30,22.62009048461914,25.860000610351562,25.979999542236328,25.770000457763672,25.850000381469727,2655548
2022-10-03,22.410158157348633,25.6200008392334,25.90999984741211,25.559999465942383,25.639999389648438,3508292
2022-10-04,22.873754501342773,26.149999618530273,26.190000534057617,25.969999313354492,25.969999313354492,2345302
2022-10-05,23.37234115600586,26.719999313354492,26.860000610351562,26.540000915527344,26.540000915527344,2776352
2022-10-06,23.47730827331543,26.84000015258789,26.899999618530273,26.780000686645508,26.860000610351562,2396482
2022-10-07,23.118675231933594,26.43000030517578,26.75,26.43000030517578,26.75,2663976
2022-10-11,22.138996124267578,25.309999465942383,26.030000686645508,25.25,26.030000686645508,8047035
2022-10-12,21.999038696289062,25.149999618530273,25.270000457763672,24.979999542236328,25.260000228881836,4706389
2022-10-13,21.64915657043457,24.75,25.239999771118164,24.75,25.239999771118164,5059552
2022-10-14,22.173986434936523,25.350000381469727,25.549999237060547,25.200000762939453,25.200000762939453,2014138
2022-10-17,21.867835998535156,25.0,25.049999237060547,24.760000228881836,25.0,7337025
2022-10-18,22.095260620117188,25.260000228881836,25.43000030517578,25.030000686645508,25.43000030517578,1694316
2022-10-19,21.88532829284668,25.020000457763672,25.31999969482422,25.0,25.280000686645508,2952368
2022-10-20,21.78911018371582,24.90999984741211,24.93000030517578,24.399999618530273,24.850000381469727,5370255
2022-10-21,21.727882385253906,24.84000015258789,25.010000228881836,24.739999771118164,24.899999618530273,3324990
2022-10-24,21.727882385253906,24.84000015258789,25.15999984741211,24.829999923706055,25.15999984741211,5308811
2022-10-25,21.395488739013672,24.459999084472656,24.84000015258789,24.360000610351562,24.84000015258789,5242800
2022-10-26,21.5179500579834,24.600000381469727,24.719999313354492,24.3799991607666,24.5,3435360
2022-10-27,21.780363082885742,24.899999618530273,25.020000457763672,24.75,24.75,1559246
2022-10-28,21.526697158813477,24.610000610351562,24.84000015258789,24.5,24.84000015258789,2586919
2022-10-31,21.780363082885742,24.899999618530273,25.010000228881836,24.670000076293945,24.81999969482422,1458459
2022-11-01,21.911571502685547,25.049999237060547,25.170000076293945,24.8799991607666,24.899999618530273,1699076
2022-11-02,22.016536712646484,25.170000076293945,25.18000030517578,25.030000686645508,25.100000381469727,1189270
2022-11-03,21.762866973876953,24.8799991607666,24.899999618530273,24.75,24.809999465942383,4062536
2022-11-04,21.80660629272461,24.93000030517578,24.93000030517578,24.610000610351562,24.799999237060547,1645146
2022-11-07,22.173986434936523,25.350000381469727,25.40999984741211,25.079999923706055,25.079999923706055,3149590
2022-11-08,22.401409149169922,25.610000610351562,25.68000030517578,25.5,25.559999465942383,1887105
2022-11-09,22.88250160217285,26.15999984741211,26.190000534057617,25.760000228881836,25.780000686645508,1529234
2022-11-10,22.707561492919922,25.959999084472656,26.079999923706055,25.899999618530273,26.079999923706055,1559700
2022-11-11,23.74846839904785,27.149999618530273,27.15999984741211,26.899999618530273,27.030000686645508,4628564
2022-11-14,23.89716911315918,27.31999969482422,27.510000228881836,27.280000686645508,27.360000610351562,3687503
2022-11-15,24.780630111694336,28.329999923706055,28.399999618530273,27.540000915527344,27.540000915527344,6024755
2022-11-16,24.78063201904297,27.780000686645508,28.110000610351562,27.6299991607666,28.110000610351562,5134661
2022-11-17,24.753870010375977,27.75,27.75,27.3799991607666,27.75,2889585
2022-11-18,24.673587799072266,27.65999984741211,28.020000457763672,27.610000610351562,27.8799991607666,3309776
2022-11-21,24.620065689086914,27.600000381469727,27.709999084472656,27.5,27.670000076293945,1747102
2022-11-22,24.70926856994629,27.700000762939453,27.75,27.360000610351562,27.540000915527344,1302510
2022-11-23,24.905515670776367,27.920000076293945,27.989999771118164,27.829999923706055,27.940000534057617,1542294
2022-11-24,25.164203643798828,28.209999084472656,28.219999313354492,28.0,28.010000228881836,1341620
2022-11-25,25.128522872924805,28.170000076293945,28.270000457763672,28.149999618530273,28.209999084472656,1935990
2022-11-28,24.744949340820312,27.739999771118164,27.940000534057617,27.610000610351562,27.899999618530273,2851916
2022-11-29,24.95903778076172,27.979999542236328,27.989999771118164,27.489999771118164,27.670000076293945,1044336
2022-11-30,25.164203643798828,28.209999084472656,28.219999313354492,27.940000534057617,27.969999313354492,952535
2022-12-01,25.503175735473633,28.59000015258789,28.920000076293945,28.510000228881836,28.6200008392334,2770542
2022-12-02,25.31584930419922,28.3799991607666,28.530000686645508,28.329999923706055,28.399999618530273,1276235
2022-12-05,25.34261131286621,28.40999984741211,28.6200008392334,28.3799991607666,28.3799991607666,1368944
2022-12-06,24.96795654296875,27.989999771118164,28.34000015258789,27.969999313354492,28.299999237060547,3363445
2022-12-07,24.81631088256836,27.81999969482422,28.100000381469727,27.729999542236328,27.889999389648438,1471593
2022-12-08,24.557626724243164,27.530000686645508,27.75,27.3700008392334,27.75,2150676
2022-12-09,24.860916137695312,27.8700008392334,27.959999084472656,27.65999984741211,27.65999984741211,1101612
2022-12-12,24.700349807739258,27.690000534057617,27.770000457763672,27.5,27.770000457763672,1526278
2022-12-13,24.575464248657227,27.549999237060547,27.780000686645508,27.540000915527344,27.739999771118164,935075
2022-12-14,24.88767433166504,27.899999618530273,27.93000030517578,27.68000030517578,27.700000762939453,670616
2022-12-15,24.905515670776367,27.920000076293945,27.940000534057617,27.709999084472656,27.829999923706055,1196699
2022-12-16,24.504100799560547,27.469999313354492,27.610000610351562,27.360000610351562,27.510000228881836,3499789
2022-12-19,24.414897918701172,27.3700008392334,27.5,27.290000915527344,27.450000762939453,1283205
2022-12-20,23.99564552307129,26.899999618530273,27.389999389648438,26.829999923706055,27.299999237060547,2590161
2022-12-21,24.040245056152344,26.950000762939453,27.100000381469727,26.90999984741211,27.059999465942383,691479
2022-12-22,24.423816680908203,27.3799991607666,27.420000076293945,27.139999389648438,27.139999389648438,882185
2022-12-23,24.102689743041992,27.020000457763672,27.09000015258789,26.93000030517578,27.049999237060547,1472707
2022-12-26,24.191890716552734,27.1200008392334,27.149999618530273,27.020000457763672,27.059999465942383,1773405
2022-12-27,24.26325225830078,27.200000762939453,27.350000381469727,27.149999618530273,27.149999618530273,951710
2022-12-28,23.942119598388672,26.84000015258789,27.030000686645508,26.75,27.0,2204694
2022-12-29,23.826156616210938,26.709999084472656,26.75,26.540000915527344,26.709999084472656,1494747
2022-12-30,23.99564552307129,26.899999618530273,26.989999771118164,26.899999618530273,26.920000076293945,1255343
2023-01-03,24.08484649658203,27.0,27.049999237060547,26.5,26.799999237060547,2349303
2023-01-04,24.040245056152344,26.950000762939453,27.040000915527344,26.889999389648438,26.959999084472656,956860
2023-01-05,24.147287368774414,27.06999969482422,27.229999542236328,27.020000457763672,27.1200008392334,1114125
2023-01-06,24.298934936523438,27.239999771118164,27.309999465942383,27.06999969482422,27.06999969482422,2597481
2023-01-09,24.976877212524414,28.0,28.0,27.610000610351562,27.610000610351562,2697107
2023-01-10,25.13744354248047,28.18000030517578,28.219999313354492,28.059999465942383,28.170000076293945,1844464
2023-01-11,25.083921432495117,28.1200008392334,28.299999237060547,28.06999969482422,28.280000686645508,733630
2023-01-12,25.066082000732422,28.100000381469727,28.25,28.020000457763672,28.200000762939453,871997
2023-01-13,25.28908920288086,28.350000381469727,28.610000610351562,28.329999923706055,28.440000534057617,3540375
2023-01-16,25.422893524169922,28.5,28.639999389648438,28.489999771118164,28.5,4520730
2023-01-17,25.396129608154297,28.469999313354492,28.530000686645508,28.459999084472656,28.489999771118164,2507445
2023-01-30,26.448728561401367,29.649999618530273,29.850000381469727,29.290000915527344,29.290000915527344,4775514
2023-01-31,26.047317504882812,29.200000762939453,29.649999618530273,29.200000762939453,29.649999618530273,1821194
2023-02-01,26.20787811279297,29.3799991607666,29.399999618530273,29.209999084472656,29.34000015258789,1866020
2023-02-02,26.537933349609375,29.75,29.790000915527344,29.540000915527344,29.540000915527344,2595581
2023-02-03,26.52901268005371,29.739999771118164,29.829999923706055,29.59000015258789,29.739999771118164,1728459
2023-02-06,26.225719451904297,29.399999618530273,29.59000015258789,29.3799991607666,29.59000015258789,3183606
2023-02-07,26.145437240600586,29.309999465942383,29.399999618530273,29.25,29.350000381469727,1682120
2023-02-08,26.511167526245117,29.719999313354492,29.739999771118164,29.540000915527344,29.59000015258789,2429905
2023-02-09,26.493331909179688,29.700000762939453,29.719999313354492,29.579999923706055,29.65999984741211,1087688
2023-02-10,26.511167526245117,29.719999313354492,29.770000457763672,29.6299991607666,29.770000457763672,2551845
2023-02-13,26.448728561401367,29.649999618530273,29.700000762939453,29.459999084472656,29.700000762939453,2730483
2023-02-14,26.64497947692871,29.8700008392334,29.899999618530273,29.75,29.75,2133892
2023-02-15,26.10083770751953,29.260000228881836,29.56999969482422,29.260000228881836,29.520000457763672,4635305
2023-02-16,26.421968460083008,29.6200008392334,29.690000534057617,29.350000381469727,29.350000381469727,2469377
2023-02-17,26.19004249572754,29.360000610351562,29.450000762939453,29.229999542236328,29.450000762939453,2053347
2023-02-20,26.306005477905273,29.489999771118164,29.549999237060547,29.239999771118164,29.350000381469727,1504299
2023-02-21,26.25248146057129,29.43000030517578,29.479999542236328,29.360000610351562,29.469999313354492,2275893
2023-02-22,26.047317504882812,29.200000762939453,29.219999313354492,29.040000915527344,29.170000076293945,2112792
2023-02-23,26.350608825683594,29.540000915527344,29.649999618530273,29.270000457763672,29.270000457763672,1977661
2023-02-24,26.243560791015625,29.420000076293945,29.719999313354492,29.399999618530273,29.6299991607666,1472103
2023-03-01,26.34168815612793,29.530000686645508,29.56999969482422,29.0,29.190000534057617,3519707
2023-03-02,26.32384490966797,29.510000228881836,29.549999237060547,29.31999969482422,29.520000457763672,1386869
2023-03-03,26.395206451416016,29.59000015258789,29.690000534057617,29.520000457763672,29.600000381469727,1467906
2023-03-06,26.609294891357422,29.829999923706055,29.950000762939453,29.729999542236328,29.75,3603788
2023-03-07,26.769861221313477,30.010000228881836,30.040000915527344,29.770000457763672,29.829999923706055,2477570
2023-03-08,26.618215560913086,29.84000015258789,29.8799991607666,29.719999313354492,29.8799991607666,3036255
2023-03-09,26.62713623046875,29.850000381469727,29.979999542236328,29.829999923706055,29.920000076293945,2265902
2023-03-10,26.25248146057129,29.43000030517578,29.56999969482422,29.360000610351562,29.56999969482422,2971231
2023-03-13,26.359525680541992,29.549999237060547,29.549999237060547,29.200000762939453,29.290000915527344,2422232
2023-03-14,26.047317504882812,29.200000762939453,29.34000015258789,29.149999618530273,29.299999237060547,3203096
2023-03-15,26.074077606201172,29.229999542236328,29.469999313354492,29.229999542236328,29.280000686645508,2144557
2023-03-16,25.931350708007812,29.06999969482422,29.190000534057617,28.969999313354492,29.06999969482422,4139846
2023-03-17,26.20787811279297,29.3799991607666,29.40999984741211,29.219999313354492,29.219999313354492,1361315
2023-03-20,26.109760284423828,29.270000457763672,29.43000030517578,29.25,29.43000030517578,1638903
2023-03-21,26.25248146057129,29.43000030517578,29.5,29.350000381469727,29.3700008392334,1154018
2023-03-22,26.689579010009766,29.920000076293945,29.950000762939453,29.649999618530273,29.649999618530273,2334035
2023-03-23,26.885822296142578,30.139999389648438,30.219999313354492,29.8799991607666,29.90999984741211,2341952
2023-03-24,27.00179100036621,30.270000457763672,30.280000686645508,30.1299991607666,30.15999984741211,2047678
2023-03-27,26.912586212158203,30.170000076293945,30.290000915527344,30.079999923706055,30.239999771118164,3097679
2023-03-28,26.698497772216797,29.93000030517578,30.1200008392334,29.899999618530273,30.079999923706055,1868590
2023-03-29,26.787700653076172,30.030000686645508,30.100000381469727,29.889999389648438,30.010000228881836,1257671
2023-03-30,26.97502899169922,30.239999771118164,30.25,30.100000381469727,30.200000762939453,1924389
2023-03-31,27.028549194335938,30.299999237060547,30.440000534057617,30.260000228881836,30.299999237060547,1671957
2023-04-06,26.85906410217285,30.110000610351562,30.260000228881836,29.989999771118164,30.260000228881836,3941973
2023-04-07,26.9215087890625,30.18000030517578,30.260000228881836,30.149999618530273,30.190000534057617,1391518
2023-04-10,26.939348220825195,30.200000762939453,30.280000686645508,30.139999389648438,30.200000762939453,1262841
2023-04-11,26.939348220825195,30.200000762939453,30.280000686645508,30.059999465942383,30.200000762939453,1013126
2023-04-12,26.90366554260254,30.15999984741211,30.190000534057617,30.06999969482422,30.190000534057617,808733
2023-04-13,26.743101119995117,29.979999542236328,30.139999389648438,29.950000762939453,30.139999389648438,1715724
2023-04-14,26.939348220825195,30.200000762939453,30.25,30.020000457763672,30.020000457763672,837157
2023-04-17,26.885822296142578,30.139999389648438,30.200000762939453,30.049999237060547,30.200000762939453,2485732
2023-04-18,26.81446075439453,30.059999465942383,30.149999618530273,30.010000228881836,30.1200008392334,1355176
2023-04-19,26.62713623046875,29.850000381469727,30.06999969482422,29.81999969482422,30.059999465942383,2119191
2023-04-20,26.591453552246094,29.809999465942383,29.93000030517578,29.690000534057617,29.739999771118164,1577219
2023-04-21,26.484411239624023,29.690000534057617,29.920000076293945,29.65999984741211,29.8799991607666,1236820
2023-04-24,26.430885314941406,29.6299991607666,29.690000534057617,29.5,29.649999618530273,1504571
2023-04-25,26.10083770751953,29.260000228881836,29.68000030517578,29.200000762939453,29.65999984741211,3465772
2023-04-26,25.9759521484375,29.1200008392334,29.239999771118164,29.040000915527344,29.219999313354492,4096780
2023-04-27,26.00271224975586,29.149999618530273,29.219999313354492,29.0,29.1200008392334,1501730
2023-04-28,26.288162231445312,29.469999313354492,29.510000228881836,29.329999923706055,29.489999771118164,1797428
2023-05-02,26.314924240112305,29.5,29.56999969482422,29.360000610351562,29.469999313354492,1986720
2023-05-03,26.20787811279297,29.3799991607666,29.469999313354492,29.31999969482422,29.469999313354492,1958917
2023-05-04,26.27032470703125,29.450000762939453,29.450000762939453,29.270000457763672,29.360000610351562,1394607
2023-05-05,26.297082901000977,29.479999542236328,29.549999237060547,29.399999618530273,29.459999084472656,1884966
2023-05-08,26.45764923095703,29.65999984741211,29.790000915527344,29.600000381469727,29.600000381469727,2901889
2023-05-09,26.555774688720703,29.770000457763672,29.770000457763672,29.6200008392334,29.649999618530273,1495348
2023-05-10,26.36844825744629,29.559999465942383,29.770000457763672,29.479999542236328,29.770000457763672,1457197
2023-05-11,26.243560791015625,29.420000076293945,29.6299991607666,29.40999984741211,29.6200008392334,1380295
2023-05-12,26.172199249267578,29.34000015258789,29.420000076293945,29.229999542236328,29.350000381469727,1227691
2023-05-15,26.216800689697266,29.389999389648438,29.389999389648438,29.239999771118164,29.290000915527344,1937134
2023-05-16,26.520092010498047,29.729999542236328,29.790000915527344,29.520000457763672,29.56999969482422,2118831
2023-05-17,26.90366554260254,30.15999984741211,30.200000762939453,29.719999313354492,29.719999313354492,3208153
2023-05-18,27.21587562561035,30.510000228881836,30.549999237060547,30.3799991607666,30.510000228881836,3633936
2023-05-19,27.314001083374023,30.6200008392334,30.68000030517578,30.510000228881836,30.579999923706055,2736754
2023-05-22,27.28723907470703,30.59000015258789,30.649999618530273,30.530000686645508,30.6200008392334,1163868
2023-05-23,27.296159744262695,30.600000381469727,30.670000076293945,30.479999542236328,30.59000015258789,1358888
2023-05-24,27.21587562561035,30.510000228881836,30.549999237060547,30.350000381469727,30.549999237060547,1487072
2023-05-25,27.438880920410156,30.760000228881836,30.799999237060547,30.6299991607666,30.700000762939453,1488344
2023-05-26,27.991941452026367,31.3799991607666,31.389999389648438,31.0,31.0,4312819
2023-05-29,28.152509689331055,31.559999465942383,31.700000762939453,31.5,31.6299991607666,4203103
2023-05-30,28.152509689331055,31.559999465942383,31.639999389648438,31.469999313354492,31.559999465942383,2208747
2023-05-31,28.063304901123047,31.459999084472656,31.559999465942383,31.260000228881836,31.559999465942383,1203835
2023-06-01,27.902742385864258,31.280000686645508,31.350000381469727,31.200000762939453,31.31999969482422,1665850
2023-06-02,28.24171257019043,31.65999984741211,31.719999313354492,31.299999237060547,31.299999237060547,2381586
2023-06-05,28.179271697998047,31.59000015258789,31.700000762939453,31.579999923706055,31.68000030517578,1782328
2023-06-06,28.366596221923828,31.799999237060547,31.860000610351562,31.579999923706055,31.59000015258789,3119797
2023-06-07,28.589601516723633,32.04999923706055,32.04999923706055,31.81999969482422,31.84000015258789,2741304
2023-06-08,28.295230865478516,31.719999313354492,32.029998779296875,31.6299991607666,32.029998779296875,2941389
2023-06-09,28.527162551879883,31.979999542236328,32.0,31.799999237060547,31.81999969482422,1629907
2023-06-12,28.69664764404297,32.16999816894531,32.2400016784668,32.02000045776367,32.02000045776367,1576598
2023-06-13,29.205108642578125,32.7400016784668,32.790000915527344,32.40999984741211,32.40999984741211,9618461
2023-06-14,29.222946166992188,32.7599983215332,32.779998779296875,32.65999984741211,32.709999084472656,1877387
2023-06-15,29.36566925048828,32.91999816894531,33.0,32.7599983215332,32.7599983215332,2224959
2023-06-16,29.338911056518555,32.88999938964844,32.939998626708984,32.779998779296875,32.91999816894531,3125048
2023-06-19,29.303226470947266,32.849998474121094,32.88999938964844,32.70000076293945,32.84000015258789,2242288
2023-06-20,29.178340911865234,32.709999084472656,32.84000015258789,32.599998474121094,32.84000015258789,1494425
2023-06-21,29.214027404785156,32.75,32.81999969482422,32.58000183105469,32.63999938964844,3248823
2023-06-26,29.04454231262207,32.560001373291016,32.650001525878906,32.45000076293945,32.5,2750073
2023-06-27,28.848291397094727,32.34000015258789,32.5,32.310001373291016,32.470001220703125,2113436
2023-06-28,28.866134643554688,32.36000061035156,32.470001220703125,32.29999923706055,32.380001068115234,2899639
2023-06-29,28.87505340576172,32.369998931884766,32.68000030517578,32.31999969482422,32.54999923706055,3728493
2023-06-30,28.955337524414062,32.459999084472656,32.459999084472656,32.25,32.369998931884766,2158609
2023-07-03,29.303226470947266,32.849998474121094,32.88999938964844,32.52000045776367,32.52000045776367,2239965
2023-07-04,29.410276412963867,32.970001220703125,32.970001220703125,32.79999923706055,32.900001525878906,2576274
2023-07-05,29.276470184326172,32.81999969482422,32.970001220703125,32.7400016784668,32.970001220703125,1897359
2023-07-06,28.803695678710938,32.290000915527344,32.56999969482422,32.189998626708984,32.529998779296875,5305953
2023-07-07,28.65204620361328,32.119998931884766,32.290000915527344,32.0,32.02000045776367,2736816
2023-07-10,28.616365432739258,32.08000183105469,32.349998474121094,31.969999313354492,32.099998474121094,2796845
2023-07-11,29.035619735717773,32.54999923706055,32.54999923706055,32.33000183105469,32.34000015258789,1901212
2023-07-12,29.196182250976562,32.72999954223633,32.72999954223633,32.47999954223633,32.560001373291016,3395907
2023-07-13,29.437034606933594,33.0,33.27000045776367,32.91999816894531,32.91999816894531,3724538
2023-07-14,29.740324020385742,33.34000015258789,33.36000061035156,33.06999969482422,33.06999969482422,3290354
2023-07-17,29.731403350830078,33.33000183105469,33.400001525878906,33.22999954223633,33.33000183105469,3245081
2023-07-18,29.696746826171875,32.560001373291016,33.0,32.43000030517578,33.0,2819990
2023-07-19,29.54169464111328,32.38999938964844,32.7599983215332,32.33000183105469,32.599998474121094,3789764
2023-07-20,29.5599365234375,32.40999984741211,32.4900016784668,32.34000015258789,32.38999938964844,1428001
2023-07-21,29.27719497680664,32.099998474121094,32.13999938964844,31.809999465942383,31.969999313354492,3344051
2023-07-24,29.35927963256836,32.189998626708984,32.22999954223633,31.940000534057617,32.09000015258789,1578494
2023-07-25,29.623777389526367,32.47999954223633,32.560001373291016,32.25,32.25,1787904
2023-07-26,29.5599365234375,32.40999984741211,32.58000183105469,32.33000183105469,32.540000915527344,2208464
2023-07-27,29.696746826171875,32.560001373291016,32.630001068115234,32.5,32.540000915527344,1476242
2023-07-28,29.733226776123047,32.599998474121094,32.70000076293945,32.41999816894531,32.52000045776367,1826314
2023-07-31,29.45960807800293,32.29999923706055,32.900001525878906,32.220001220703125,32.81999969482422,2240619
2023-08-01,29.632902145385742,32.4900016784668,32.5099983215332,32.310001373291016,32.369998931884766,1679011
2023-08-02,29.185989379882812,32.0,32.4900016784668,31.920000076293945,32.4900016784668,4285216
2023-08-04,29.094785690307617,31.899999618530273,31.950000762939453,31.75,31.899999618530273,2316638
2023-08-07,29.37752342224121,32.209999084472656,32.2599983215332,31.899999618530273,31.899999618530273,2651681
2023-08-08,29.076541900634766,31.8799991607666,32.22999954223633,31.739999771118164,32.209999084472656,2176206
2023-08-09,29.067424774169922,31.8700008392334,32.040000915527344,31.670000076293945,31.8799991607666,1300368
2023-08-10,28.83028793334961,31.610000610351562,31.809999465942383,31.549999237060547,31.809999465942383,3277548
2023-08-11,28.821165084838867,31.600000381469727,31.84000015258789,31.530000686645508,31.670000076293945,1489677
2023-08-14,28.438098907470703,31.18000030517578,31.440000534057617,31.079999923706055,31.399999618530273,4459271
2023-08-15,28.520185470581055,31.270000457763672,31.459999084472656,31.219999313354492,31.290000915527344,1100887
2023-08-16,28.383377075195312,31.1200008392334,31.229999542236328,31.010000228881836,31.15999984741211,4732128
2023-08-17,28.56578826904297,31.31999969482422,31.350000381469727,30.829999923706055,31.049999237060547,2100006
2023-08-18,28.383377075195312,31.1200008392334,31.399999618530273,31.049999237060547,31.229999542236328,1979786
2023-08-21,28.273927688598633,31.0,31.219999313354492,30.959999084472656,31.200000762939453,1778185
2023-08-22,28.438098907470703,31.18000030517578,31.280000686645508,31.079999923706055,31.190000534057617,693769
2023-08-23,28.656993865966797,31.420000076293945,31.43000030517578,31.18000030517578,31.18000030517578,919301
2023-08-24,29.021820068359375,31.81999969482422,31.899999618530273,31.690000534057617,31.770000457763672,1182170
2023-08-25,28.47458267211914,31.219999313354492,31.520000457763672,31.219999313354492,31.520000457763672,1713181
2023-08-28,28.593151092529297,31.350000381469727,31.510000228881836,31.229999542236328,31.229999542236328,1893685
2023-08-29,28.766443252563477,31.540000915527344,31.540000915527344,31.25,31.399999618530273,1113771
2023-08-30,28.87588882446289,31.65999984741211,31.799999237060547,31.639999389648438,31.700000762939453,741362
2023-08-31,28.693477630615234,31.459999084472656,31.65999984741211,31.420000076293945,31.65999984741211,1094734
2023-09-01,28.693477630615234,31.459999084472656,31.579999923706055,31.399999618530273,31.43000030517578,850235
2023-09-04,28.903249740600586,31.690000534057617,31.690000534057617,31.399999618530273,31.459999084472656,875156
2023-09-05,28.866771697998047,31.649999618530273,31.68000030517578,31.530000686645508,31.670000076293945,741317
2023-09-06,28.793804168701172,31.56999969482422,31.729999542236328,31.559999465942383,31.649999618530273,2995072
2023-09-07,28.57491111755371,31.329999923706055,31.450000762939453,31.280000686645508,31.450000762939453,1616219
2023-09-08,28.483701705932617,31.229999542236328,31.25,31.079999923706055,31.18000030517578,1741818
2023-09-11,28.31041145324707,31.040000915527344,31.229999542236328,30.93000030517578,31.229999542236328,2683143
2023-09-12,28.520185470581055,31.270000457763672,31.299999237060547,31.0,31.049999237060547,1154222
2023-09-13,28.56578826904297,31.31999969482422,31.440000534057617,31.209999084472656,31.270000457763672,1261140
2023-09-14,28.912372589111328,31.700000762939453,31.700000762939453,31.420000076293945,31.43000030517578,1679354
2023-09-15,29.122146606445312,31.93000030517578,31.93000030517578,31.690000534057617,31.700000762939453,1489692
2023-09-18,28.77556037902832,31.549999237060547,31.709999084472656,31.540000915527344,31.709999084472656,3451563
2023-09-19,28.638751983642578,31.399999618530273,31.530000686645508,31.3799991607666,31.450000762939453,1620447
2023-09-20,28.492822647094727,31.239999771118164,31.399999618530273,31.219999313354492,31.360000610351562,1252981
2023-09-21,28.146242141723633,30.860000610351562,31.049999237060547,30.809999465942383,31.049999237060547,5833851
2023-09-22,28.091516494750977,30.799999237060547,30.860000610351562,30.639999389648438,30.760000228881836,2819821
2023-09-25,28.264806747436523,30.989999771118164,31.040000915527344,30.799999237060547,30.799999237060547,1216319
2023-09-26,27.927345275878906,30.6200008392334,30.8700008392334,30.6200008392334,30.780000686645508,3144255
2023-09-27,27.991191864013672,30.690000534057617,30.719999313354492,30.5,30.59000015258789,2219796
2023-09-28,28.082395553588867,30.790000915527344,30.899999618530273,30.65999984741211,30.829999923706055,2158710
2023-10-02,28.4016170501709,31.139999389648438,31.200000762939453,30.989999771118164,30.989999771118164,1842568
2023-10-03,28.237443923950195,30.959999084472656,31.139999389648438,30.950000762939453,31.110000610351562,1785593
2023-10-04,27.899982452392578,30.59000015258789,30.649999618530273,30.469999313354492,30.649999618530273,1899121
2023-10-05,28.246566772460938,30.969999313354492,30.989999771118164,30.639999389648438,30.639999389648438,1486309
2023-10-06,28.383377075195312,31.1200008392334,31.15999984741211,31.0,31.0,2212391
2023-10-11,28.784683227539062,31.559999465942383,31.579999923706055,31.40999984741211,31.40999984741211,2371916
2023-10-12,29.012697219848633,31.809999465942383,31.809999465942383,31.579999923706055,31.59000015258789,1524985
2023-10-13,28.948854446411133,31.739999771118164,31.770000457763672,31.600000381469727,31.770000457763672,2286404
2023-10-16,28.80292320251465,31.579999923706055,31.600000381469727,31.450000762939453,31.559999465942383,2134931
2023-10-17,28.77556037902832,31.549999237060547,31.709999084472656,31.530000686645508,31.6299991607666,671822
2023-10-18,28.4654598236084,31.209999084472656,31.520000457763672,31.18000030517578,31.520000457763672,2051399
2023-10-19,28.501943588256836,31.25,31.280000686645508,31.100000381469727,31.25,1029378
2023-10-20,28.520185470581055,31.270000457763672,31.299999237060547,30.940000534057617,31.209999084472656,2797817
2023-10-23,28.182723999023438,30.899999618530273,31.149999618530273,30.8700008392334,31.149999618530273,1714369
2023-10-24,28.2100830078125,30.93000030517578,30.940000534057617,30.670000076293945,30.899999618530273,2247564
2023-10-25,28.255685806274414,30.979999542236328,31.15999984741211,30.93000030517578,30.93000030517578,853990
2023-10-26,27.763174057006836,30.440000534057617,30.600000381469727,30.40999984741211,30.600000381469727,4714373
2023-10-27,27.854381561279297,30.540000915527344,30.690000534057617,30.479999542236328,30.479999542236328,1362598
2023-10-30,27.845258712768555,30.530000686645508,30.700000762939453,30.43000030517578,30.540000915527344,2601834
2023-10-31,27.6628475189209,30.329999923706055,30.549999237060547,30.290000915527344,30.530000686645508,1775741
2023-11-01,27.72669219970703,30.399999618530273,30.489999771118164,30.299999237060547,30.420000076293945,1423697
2023-11-02,28.35601234436035,31.09000015258789,31.09000015258789,30.700000762939453,30.700000762939453,1132076
2023-11-03,28.55666732788086,31.309999465942383,31.31999969482422,31.18000030517578,31.290000915527344,1696287
2023-11-06,28.80292320251465,31.579999923706055,31.739999771118164,31.399999618530273,31.399999618530273,3450750
2023-11-07,28.81204605102539,31.59000015258789,31.600000381469727,31.489999771118164,31.530000686645508,1549612
2023-11-08,28.921491622924805,31.709999084472656,31.790000915527344,31.59000015258789,31.59000015258789,2448997
2023-11-09,28.976215362548828,31.770000457763672,31.790000915527344,31.639999389648438,31.68000030517578,2073469
2023-11-10,28.857648849487305,31.639999389648438,31.65999984741211,31.579999923706055,31.649999618530273,3892524
2023-11-13,29.22247314453125,32.040000915527344,32.25,32.0,32.16999816894531,3523767
2023-11-14,29.32280158996582,32.150001525878906,32.2400016784668,32.130001068115234,32.13999938964844,5184487
2023-11-15,29.687623977661133,32.54999923706055,32.58000183105469,32.38999938964844,32.54999923706055,7398848
2023-11-16,29.73665428161621,31.540000915527344,31.649999618530273,31.40999984741211,31.649999618530273,6902967
2023-11-17,29.73665428161621,31.540000915527344,31.610000610351562,31.489999771118164,31.540000915527344,4210341
2023-11-20,29.68008041381836,31.479999542236328,31.579999923706055,31.399999618530273,31.540000915527344,2154839
2023-11-21,30.028926849365234,31.850000381469727,31.850000381469727,31.600000381469727,31.600000381469727,3484597
2023-11-22,29.774364471435547,31.579999923706055,31.68000030517578,31.530000686645508,31.68000030517578,1719041
2023-11-23,29.78379249572754,31.59000015258789,31.600000381469727,31.459999084472656,31.579999923706055,1563680
2023-11-24,29.774364471435547,31.579999923706055,31.6200008392334,31.540000915527344,31.59000015258789,851263
2023-11-27,29.604656219482422,31.399999618530273,31.700000762939453,31.3799991607666,31.579999923706055,3604773
2023-11-28,29.840364456176758,31.649999618530273,31.729999542236328,31.450000762939453,31.450000762939453,3189692
2023-11-29,29.793222427368164,31.600000381469727,31.790000915527344,31.579999923706055,31.670000076293945,2111435
2023-11-30,29.868648529052734,31.68000030517578,31.68000030517578,31.510000228881836,31.649999618530273,3014446
2023-12-01,29.88750457763672,31.700000762939453,31.719999313354492,31.549999237060547,31.6200008392334,2311533
2023-12-04,29.90635871887207,31.719999313354492,31.81999969482422,31.600000381469727,31.780000686645508,1667510
2023-12-05,29.69894027709961,31.5,31.600000381469727,31.399999618530273,31.59000015258789,2472765
2023-12-06,29.821504592895508,31.6299991607666,31.739999771118164,31.5,31.5,2444832
2023-12-07,29.63294219970703,31.43000030517578,31.56999969482422,31.43000030517578,31.56999969482422,1991952
2023-12-08,29.821504592895508,31.6299991607666,31.739999771118164,31.59000015258789,31.65999984741211,2425837
2023-12-11,29.830934524536133,31.639999389648438,31.68000030517578,31.56999969482422,31.68000030517578,1295950
2023-12-12,29.915786743164062,31.729999542236328,31.84000015258789,31.670000076293945,31.809999465942383,2454396
2023-12-13,29.934646606445312,31.75,31.799999237060547,31.700000762939453,31.729999542236328,2676582
2023-12-14,30.23634910583496,32.06999969482422,32.099998474121094,31.940000534057617,32.0,3569617
2023-12-15,30.311777114868164,32.150001525878906,32.2599983215332,32.11000061035156,32.209999084472656,4361428
2023-12-18,30.340059280395508,32.18000030517578,32.20000076293945,32.0,32.09000015258789,3516305
2023-12-19,30.255205154418945,32.09000015258789,32.18000030517578,31.979999542236328,32.18000030517578,1540800
2023-12-20,30.368343353271484,32.209999084472656,32.220001220703125,32.11000061035156,32.130001068115234,1872200
2023-12-21,30.142066955566406,31.969999313354492,31.979999542236328,31.829999923706055,31.8700008392334,2235709
2023-12-22,30.217491149902344,32.04999923706055,32.11000061035156,32.0099983215332,32.09000015258789,1590274
2023-12-25,30.27406120300293,32.11000061035156,32.16999816894531,32.06999969482422,32.08000183105469,1522257
2023-12-26,30.53805160522461,32.38999938964844,32.40999984741211,32.13999938964844,32.13999938964844,7047168
2023-12-27,30.754899978637695,32.619998931884766,32.65999984741211,32.41999816894531,32.43000030517578,4561936
2023-12-28,30.764331817626953,32.630001068115234,32.68000030517578,32.52000045776367,32.650001525878906,2669061
2023-12-29,30.67947769165039,32.540000915527344,32.63999938964844,32.5,32.619998931884766,5341730
2024-01-02,30.632335662841797,32.4900016784668,32.61000061035156,32.349998474121094,32.529998779296875,3555753
2024-01-03,30.16092300415039,31.989999771118164,32.25,31.90999984741211,32.2400016784668,3669462
2024-01-04,30.179777145385742,32.0099983215332,32.04999923706055,31.940000534057617,31.979999542236328,1661322
2024-01-05,30.066638946533203,31.889999389648438,32.08000183105469,31.8700008392334,32.0099983215332,2260149
2024-01-08,30.255205154418945,32.09000015258789,32.22999954223633,32.029998779296875,32.04999923706055,3504957
2024-01-09,30.19863510131836,32.029998779296875,32.22999954223633,32.0,32.189998626708984,1751026
2024-01-10,30.076068878173828,31.899999618530273,31.979999542236328,31.799999237060547,31.979999542236328,1440838
2024-01-11,30.189207077026367,32.02000045776367,32.06999969482422,31.899999618530273,31.899999618530273,2259087
2024-01-12,30.08549690246582,31.90999984741211,32.029998779296875,31.81999969482422,31.8799991607666,1249580
2024-01-15,30.08549690246582,31.90999984741211,31.90999984741211,31.90999984741211,31.90999984741211,0
2024-01-16,29.90635871887207,31.719999313354492,31.899999618530273,31.610000610351562,31.84000015258789,3850707
2024-01-17,29.689510345458984,31.489999771118164,31.690000534057617,31.450000762939453,31.690000534057617,2659385
2024-01-18,29.81207847595215,31.6200008392334,31.639999389648438,31.5,31.530000686645508,996654
2024-01-19,30.641761779785156,32.5,32.52000045776367,32.130001068115234,32.22999954223633,4710333
2024-01-22,30.754899978637695,32.619998931884766,32.790000915527344,32.54999923706055,32.70000076293945,2764325
2024-01-23,30.868045806884766,32.7400016784668,32.75,32.61000061035156,32.68000030517578,2773839
2024-01-24,30.84918212890625,32.720001220703125,32.849998474121094,32.720001220703125,32.7400016784668,2032592
2024-01-25,31.160314559936523,33.04999923706055,33.06999969482422,32.91999816894531,32.959999084472656,4471819
2024-01-26,31.160314559936523,33.04999923706055,33.130001068115234,32.97999954223633,33.040000915527344,2330570
2024-01-29,31.367738723754883,33.27000045776367,33.279998779296875,33.060001373291016,33.060001373291016,3664538
2024-01-30,31.28288459777832,33.18000030517578,33.279998779296875,33.16999816894531,33.2599983215332,2854008
2024-01-31,30.94346809387207,32.81999969482422,33.04999923706055,32.810001373291016,33.04999923706055,1836679
2024-02-01,31.05660057067871,32.939998626708984,32.939998626708984,32.709999084472656,32.81999969482422,2285280
2024-02-02,31.179170608520508,33.06999969482422,33.06999969482422,32.95000076293945,33.029998779296875,2232603
2024-02-05,31.292312622070312,33.189998626708984,33.189998626708984,32.91999816894531,33.06999969482422,2336821
2024-02-15,32.44255447387695,34.40999984741211,34.779998779296875,34.06999969482422,34.06999969482422,7120088
2024-02-16,32.27284622192383,34.22999954223633,34.40999984741211,34.20000076293945,34.369998931884766,4059989
2024-02-19,32.25399398803711,34.209999084472656,34.22999954223633,34.09000015258789,34.16999816894531,4737435
2024-02-20,32.4614143371582,34.43000030517578,34.43000030517578,34.16999816894531,34.16999816894531,7076380
2024-02-21,32.39541244506836,34.36000061035156,34.36000061035156,34.25,34.279998779296875,8621859
2024-02-22,32.60283660888672,34.58000183105469,34.619998931884766,34.40999984741211,34.540000915527344,8610090
2024-02-23,32.77254104614258,34.7599983215332,34.86000061035156,34.709999084472656,34.779998779296875,4816407
2024-02-26,32.866825103759766,34.86000061035156,34.869998931884766,34.65999984741211,34.720001220703125,3794559
2024-02-27,32.715972900390625,34.70000076293945,34.88999938964844,34.5,34.86000061035156,3920330
2024-02-29,32.753692626953125,34.7400016784668,34.849998474121094,34.5,34.650001525878906,3276916
2024-03-01,32.687686920166016,34.66999816894531,34.83000183105469,34.63999938964844,34.77000045776367,2231987
2024-03-04,33.375953674316406,35.400001525878906,35.4900016784668,35.02000045776367,35.02000045776367,11370352
2024-03-05,33.6682243347168,35.709999084472656,35.79999923706055,35.540000915527344,35.54999923706055,4714236
2024-03-06,33.80965042114258,35.86000061035156,35.900001525878906,35.439998626708984,35.599998474121094,5845407
2024-03-07,34.46963119506836,36.560001373291016,36.720001220703125,36.189998626708984,36.189998626708984,10536831
2024-03-08,34.8561897277832,36.970001220703125,37.34000015258789,36.65999984741211,37.13999938964844,14437303
2024-03-11,34.611045837402344,36.709999084472656,36.95000076293945,36.619998931884766,36.70000076293945,3484564
2024-03-12,34.95046615600586,37.06999969482422,37.08000183105469,36.529998779296875,36.529998779296875,2951919
2024-03-13,35.09189224243164,37.220001220703125,37.400001525878906,37.130001068115234,37.220001220703125,2744626
2024-03-14,35.03532409667969,37.15999984741211,37.29999923706055,37.040000915527344,37.15999984741211,5782768
2024-03-15,34.77132797241211,36.880001068115234,37.11000061035156,36.86000061035156,37.040000915527344,2484390
2024-03-18,34.92218017578125,37.040000915527344,37.040000915527344,36.79999923706055,36.880001068115234,4543876
2024-03-19,34.96931838989258,37.09000015258789,37.150001525878906,36.79999923706055,36.88999938964844,2278131
2024-03-20,34.79018783569336,36.900001525878906,37.279998779296875,36.880001068115234,37.099998474121094,2273488
2024-03-21,35.610443115234375,37.77000045776367,37.79999923706055,37.279998779296875,37.279998779296875,4813249
2024-03-22,35.60101318359375,37.7599983215332,37.900001525878906,37.560001373291016,37.68000030517578,4511272
2024-03-25,35.5444450378418,37.70000076293945,37.86000061035156,37.599998474121094,37.7599983215332,2009750
2024-03-26,35.64815902709961,37.810001373291016,38.150001525878906,37.4900016784668,37.7400016784668,7439062
2024-03-27,35.64815902709961,37.810001373291016,37.880001068115234,37.63999938964844,37.75,7203666
2024-03-28,35.60101318359375,37.7599983215332,37.810001373291016,37.47999954223633,37.650001525878906,5613339
2024-03-29,35.78957748413086,37.959999084472656,37.970001220703125,37.75,37.7599983215332,2649000
2024-04-01,35.58216094970703,37.7400016784668,38.099998474121094,37.7400016784668,38.0,2221207
2024-04-02,36.11013412475586,38.29999923706055,38.29999923706055,37.91999816894531,37.91999816894531,2511702
2024-04-03,35.81786346435547,37.9900016784668,38.150001525878906,37.880001068115234,38.119998931884766,4719789
2024-04-08,36.03471374511719,38.220001220703125,38.310001373291016,38.0099983215332,38.02000045776367,2898047
2024-04-09,36.732398986816406,38.959999084472656,39.0099983215332,38.27000045776367,38.27000045776367,7152979
2024-04-10,36.67583465576172,38.900001525878906,39.04999923706055,38.880001068115234,38.959999084472656,4944835
2024-04-11,36.63812255859375,38.86000061035156,38.869998931884766,38.58000183105469,38.650001525878906,4249541
2024-04-12,36.600406646728516,38.81999969482422,38.959999084472656,38.709999084472656,38.880001068115234,2138451
2024-04-15,36.27042007446289,38.470001220703125,38.560001373291016,38.33000183105469,38.560001373291016,8672985
2024-04-16,35.15789031982422,37.290000915527344,38.150001525878906,37.20000076293945,38.06999969482422,10066036
2024-04-17,35.610443115234375,37.77000045776367,37.86000061035156,37.40999984741211,37.40999984741211,3811490
2024-04-18,35.88386154174805,38.060001373291016,38.060001373291016,37.470001220703125,37.58000183105469,2562338
2024-04-19,34.35648727416992,36.439998626708984,37.2599983215332,36.060001373291016,37.2599983215332,11138020
2024-04-22,34.290489196777344,36.369998931884766,36.689998626708984,36.25,36.380001068115234,4083617
2024-04-23,34.601619720458984,36.70000076293945,36.88999938964844,36.529998779296875,36.79999923706055,2024748
2024-04-24,35.49730682373047,37.650001525878906,37.7599983215332,37.06999969482422,37.08000183105469,5584043
2024-04-25,34.931610107421875,37.04999923706055,37.290000915527344,36.97999954223633,37.22999954223633,2993611
2024-04-26,35.478450775146484,37.630001068115234,37.810001373291016,37.459999084472656,37.459999084472656,3312018
2024-04-29,36.06299591064453,38.25,38.36000061035156,37.75,37.75,2301728
2024-04-30,36.00642776489258,38.189998626708984,38.36000061035156,38.189998626708984,38.279998779296875,1162419
2024-05-02,35.53501510620117,37.689998626708984,38.040000915527344,37.65999984741211,38.040000915527344,1860077
2024-05-03,35.657588958740234,37.81999969482422,38.220001220703125,37.7400016784668,38.09000015258789,1667223
2024-05-06,36.2232780456543,38.41999816894531,38.599998474121094,38.29999923706055,38.34000015258789,2238431
2024-05-07,36.421268463134766,38.630001068115234,38.7400016784668,38.40999984741211,38.599998474121094,1825804
2024-05-08,36.477840423583984,38.689998626708984,38.720001220703125,38.459999084472656,38.58000183105469,996275
2024-05-09,36.36469650268555,38.56999969482422,38.779998779296875,38.56999969482422,38.689998626708984,2269644
2024-05-10,36.70411682128906,38.93000030517578,39.0,38.630001068115234,38.630001068115234,1942833
2024-05-13,36.96810531616211,39.209999084472656,39.5,39.130001068115234,39.20000076293945,2667948
2024-05-14,37.21324157714844,39.470001220703125,39.4900016784668,39.150001525878906,39.209999084472656,1805621
2024-05-15,37.5809440612793,39.86000061035156,40.220001220703125,39.61000061035156,39.63999938964844,8243118
2024-05-16,37.807220458984375,40.099998474121094,40.560001373291016,40.08000183105469,40.22999954223633,4299514
2024-05-17,37.75065231323242,40.040000915527344,40.189998626708984,39.959999084472656,40.11000061035156,2035739
2024-05-20,37.72236251831055,40.0099983215332,40.099998474121094,39.65999984741211,40.040000915527344,3044749
2024-05-21,37.6563720703125,39.939998626708984,40.040000915527344,39.75,40.040000915527344,1846044
2024-05-22,38.297489166259766,40.619998931884766,40.65999984741211,40.029998779296875,40.04999923706055,1890138
2024-05-23,38.48605728149414,40.81999969482422,40.880001068115234,40.599998474121094,40.68000030517578,1889994
2024-05-24,38.40119934082031,40.72999954223633,40.79999923706055,40.29999923706055,40.619998931884766,2194513
2024-05-27,38.844329833984375,41.20000076293945,41.369998931884766,40.86000061035156,40.86000061035156,2828388
2024-05-28,39.032894134521484,41.400001525878906,41.439998626708984,41.20000076293945,41.33000183105469,1784218
2024-05-29,38.5803337097168,40.91999816894531,41.33000183105469,40.900001525878906,41.33000183105469,2060292
2024-05-30,37.929786682128906,40.22999954223633,40.5,40.15999984741211,40.18000030517578,2295032
2024-05-31,37.71294021606445,40.0,40.47999954223633,40.0,40.22999954223633,2382217
2024-06-03,38.297489166259766,40.619998931884766,40.72999954223633,40.189998626708984,40.54999923706055,2783297
2024-06-04,37.854366302490234,40.150001525878906,40.59000015258789,40.0,40.5,5782492
2024-06-05,38.203208923339844,40.52000045776367,40.59000015258789,39.97999954223633,40.150001525878906,6215335
2024-06-06,39.21202850341797,41.59000015258789,41.7400016784668,41.349998474121094,41.52000045776367,7135766
2024-06-07,38.96689224243164,41.33000183105469,41.59000015258789,41.220001220703125,41.220001220703125,1841068
2024-06-11,39.00461196899414,41.369998931884766,41.650001525878906,41.34000015258789,41.34000015258789,2459682
2024-06-12,39.42887496948242,41.81999969482422,41.83000183105469,41.369998931884766,41.369998931884766,7316043
2024-06-13,39.98514175415039,42.40999984741211,42.9900016784668,42.20000076293945,42.9900016784668,3437731
2024-06-14,40.239707946777344,42.68000030517578,42.720001220703125,42.22999954223633,42.40999984741211,2023812
2024-06-17,40.26799011230469,42.709999084472656,42.86000061035156,42.54999923706055,42.650001525878906,3709180
2024-06-18,40.871395111083984,43.349998474121094,43.439998626708984,43.099998474121094,43.29999923706055,2809420
2024-06-19,42.031070709228516,44.58000183105469,44.68000030517578,43.91999816894531,43.93000030517578,5984373
2024-06-20,42.30448913574219,44.869998931884766,44.900001525878906,44.439998626708984,44.58000183105469,3482509
2024-06-21,42.0499267578125,44.599998474121094,44.779998779296875,44.29999923706055,44.29999923706055,3063226
2024-06-24,41.144813537597656,43.63999938964844,44.189998626708984,43.61000061035156,44.029998779296875,4812007
2024-06-25,41.144813537597656,43.63999938964844,43.650001525878906,43.0,43.40999984741211,3455660
2024-06-26,41.45594787597656,43.970001220703125,44.150001525878906,43.720001220703125,43.720001220703125,3143054
2024-06-27,41.39937973022461,43.90999984741211,43.95000076293945,43.529998779296875,43.63999938964844,2404251
2024-06-28,41.691654205322266,44.220001220703125,44.43000030517578,43.869998931884766,43.91999816894531,1929392
2024-07-01,41.729366302490234,44.2599983215332,44.59000015258789,44.220001220703125,44.220001220703125,3063958
2024-07-02,41.49365997314453,44.0099983215332,44.279998779296875,43.7599983215332,44.130001068115234,3196338
2024-07-03,41.94621658325195,44.4900016784668,44.58000183105469,44.20000076293945,44.560001373291016,2543163
2024-07-04,42.83246994018555,45.43000030517578,45.459999084472656,45.060001373291016,45.060001373291016,5505969
2024-07-05,42.71933364868164,45.310001373291016,45.599998474121094,45.310001373291016,45.439998626708984,2276685
2024-07-08,43.82243347167969,46.47999954223633,46.61000061035156,45.31999969482422,45.34000015258789,7443757
2024-07-09,43.77529525756836,46.43000030517578,46.939998626708984,46.0099983215332,46.470001220703125,6073647
2024-07-10,43.99214553833008,46.65999984741211,46.66999816894531,45.9900016784668,46.349998474121094,3906665
2024-07-11,44.83125686645508,47.54999923706055,47.619998931884766,47.02000045776367,47.310001373291016,4122783
2024-07-12,43.68101501464844,46.33000183105469,46.72999954223633,46.209999084472656,46.72999954223633,6486853
2024-07-15,43.63386917114258,46.279998779296875,46.7400016784668,46.22999954223633,46.70000076293945,3764341
2024-07-16,43.83841323852539,46.08000183105469,46.599998474121094,45.959999084472656,46.04999923706055,5563703
2024-07-17,43.39127731323242,45.61000061035156,46.060001373291016,45.459999084472656,46.0,6149205
2024-07-18,42.57311248779297,44.75,44.849998474121094,44.22999954223633,44.540000915527344,5739810
2024-07-19,41.716888427734375,43.849998474121094,44.4900016784668,43.81999969482422,44.43000030517578,5819368
2024-07-22,40.52769470214844,42.599998474121094,43.77000045776367,42.41999816894531,43.77000045776367,7558756
2024-07-23,41.50759506225586,43.630001068115234,43.65999984741211,43.11000061035156,43.11000061035156,2876653
2024-07-26,40.11861038208008,42.16999816894531,42.31999969482422,41.79999923706055,42.150001525878906,6263425
2024-07-29,40.518184661865234,42.59000015258789,43.0,42.470001220703125,42.77000045776367,2546784
2024-07-30,40.48012924194336,42.54999923706055,42.68000030517578,41.849998474121094,42.380001068115234,3792578
2024-07-31,40.48012924194336,42.54999923706055,42.63999938964844,42.04999923706055,42.25,2399000
2024-08-01,41.14607620239258,43.25,43.52000045776367,43.0,43.4900016784668,2578868
2024-08-02,39.300453186035156,41.310001373291016,42.29999923706055,41.310001373291016,42.29999923706055,7015487
2024-08-05,35.932655334472656,37.77000045776367,39.529998779296875,37.58000183105469,39.29999923706055,15057271
2024-08-06,37.56898880004883,39.4900016784668,40.220001220703125,38.09000015258789,39.20000076293945,8065805
2024-08-07,38.85331726074219,40.84000015258789,41.0,39.91999816894531,39.91999816894531,4187408
2024-08-08,38.1873664855957,40.13999938964844,40.58000183105469,39.81999969482422,40.2400016784668,3081942
2024-08-09,39.309967041015625,41.31999969482422,41.560001373291016,40.97999954223633,41.040000915527344,4762176
2024-08-12,39.74758529663086,41.779998779296875,42.189998626708984,41.65999984741211,41.65999984741211,3153022
2024-08-13,39.880775451660156,41.91999816894531,42.20000076293945,41.810001373291016,42.11000061035156,1640740
2024-08-14,40.3564567565918,42.41999816894531,42.650001525878906,42.279998779296875,42.279998779296875,2177808
2024-08-15,40.10910415649414,42.15999984741211,42.529998779296875,42.15999984741211,42.41999816894531,1324686
2024-08-16,40.87969970703125,42.970001220703125,43.119998931884766,42.84000015258789,42.95000076293945,4306128
2024-08-19,40.87969970703125,42.970001220703125,43.2599983215332,42.95000076293945,42.970001220703125,1260710
2024-08-20,40.946292877197266,43.040000915527344,43.33000183105469,43.040000915527344,43.189998626708984,1436401
2024-08-21,40.69894027709961,42.779998779296875,42.869998931884766,42.619998931884766,42.869998931884766,1897502
2024-08-22,40.394508361816406,42.459999084472656,42.849998474121094,42.40999984741211,42.779998779296875,865450
2024-08-23,40.43256378173828,42.5,42.54999923706055,42.130001068115234,42.25,1416432
2024-08-26,40.48964309692383,42.560001373291016,43.08000183105469,42.5,42.65999984741211,3650875
2024-08-27,40.3849983215332,42.45000076293945,42.5,42.220001220703125,42.45000076293945,993586
2024-08-28,40.87969970703125,42.970001220703125,42.970001220703125,42.27000045776367,42.45000076293945,1412940
2024-08-29,40.24229049682617,42.29999923706055,42.470001220703125,42.04999923706055,42.29999923706055,7147055
2024-08-30,40.327911376953125,42.38999938964844,42.59000015258789,42.310001373291016,42.310001373291016,2336884
2024-09-02,40.337425231933594,42.400001525878906,42.7400016784668,42.349998474121094,42.52000045776367,1156473
2024-09-03,40.23278045654297,42.290000915527344,42.58000183105469,42.20000076293945,42.58000183105469,1395401
2024-09-04,38.50131607055664,40.470001220703125,40.9900016784668,40.0,40.9900016784668,7964161
2024-09-05,38.6249885559082,40.599998474121094,41.15999984741211,40.47999954223633,41.04999923706055,1956127
2024-09-06,39.13871765136719,41.13999938964844,41.209999084472656,40.45000076293945,40.619998931884766,2140218
2024-09-09,38.54888153076172,40.52000045776367,40.540000915527344,40.09000015258789,40.29999923706055,2547872
2024-09-10,38.63450241088867,40.61000061035156,40.79999923706055,40.31999969482422,40.619998931884766,1735397
2024-09-11,38.4632568359375,40.43000030517578,40.650001525878906,40.43000030517578,40.52000045776367,1268421
2024-09-12,39.671478271484375,41.70000076293945,41.91999816894531,41.380001068115234,41.52000045776367,1642544
2024-09-13,39.84272384643555,41.880001068115234,42.040000915527344,41.70000076293945,41.970001220703125,1006307
2024-09-16,40.071044921875,42.119998931884766,42.150001525878906,41.869998931884766,41.91999816894531,1847473
2024-09-18,39.72855758666992,41.7599983215332,42.119998931884766,41.619998931884766,42.08000183105469,1267861
2024-09-19,40.27083206176758,42.33000183105469,42.369998931884766,41.68000030517578,41.77000045776367,1425424
2024-09-20,40.73699188232422,42.81999969482422,43.18000030517578,42.81999969482422,42.959999084472656,1573092
2024-09-23,40.91775131225586,43.0099983215332,43.099998474121094,42.90999984741211,43.0,1259763
2024-09-24,41.2602424621582,43.369998931884766,43.400001525878906,42.81999969482422,43.099998474121094,2879174
2024-09-25,41.93570327758789,44.08000183105469,44.15999984741211,43.97999954223633,43.97999954223633,2374353
2024-09-26,42.1354866027832,44.290000915527344,44.59000015258789,44.2400016784668,44.310001373291016,5571816
2024-09-27,42.05937957763672,44.209999084472656,44.790000915527344,44.16999816894531,44.599998474121094,1642267
2024-09-30,40.946292877197266,43.040000915527344,43.83000183105469,43.040000915527344,43.79999923706055,3339807
2024-10-01,41.0985107421875,43.20000076293945,43.279998779296875,43.029998779296875,43.04999923706055,1168665
2024-10-04,41.069969177246094,43.16999816894531,43.459999084472656,42.97999954223633,43.20000076293945,1380548
2024-10-07,41.95472717285156,44.099998474121094,44.119998931884766,43.5,43.52000045776367,3044594
2024-10-08,41.73591613769531,43.869998931884766,43.9900016784668,43.58000183105469,43.97999954223633,2607301
2024-10-09,42.144996643066406,44.29999923706055,44.540000915527344,44.20000076293945,44.20000076293945,2391864
2024-10-11,42.68727111816406,44.869998931884766,45.0,44.43000030517578,44.43000030517578,2006737
2024-10-14,42.734840393066406,44.91999816894531,45.040000915527344,44.63999938964844,44.939998626708984,2949512
2024-10-15,43.52446365356445,45.75,45.790000915527344,45.150001525878906,45.150001525878906,2688698
2024-10-16,42.91559600830078,45.11000061035156,45.63999938964844,44.79999923706055,45.06999969482422,3863014
2024-10-17,43.02024841308594,45.220001220703125,45.349998474121094,44.91999816894531,45.18000030517578,1147236
2024-10-18,43.952571868896484,46.20000076293945,46.90999984741211,46.09000015258789,46.90999984741211,4499418
2024-10-21,43.952571868896484,46.20000076293945,46.779998779296875,46.20000076293945,46.40999984741211,2759551
2024-10-22,43.83841323852539,46.08000183105469,46.099998474121094,45.66999816894531,46.099998474121094,2338937
2024-10-23,43.619598388671875,45.849998474121094,46.08000183105469,45.75,46.08000183105469,1947025
2024-10-24,43.36273193359375,45.58000183105469,45.970001220703125,45.52000045776367,45.810001373291016,2608937
2024-10-25,43.67668151855469,45.90999984741211,45.93000030517578,45.58000183105469,45.58000183105469,1246862
2024-10-28,43.5720329284668,45.79999923706055,46.369998931884766,45.619998931884766,46.09000015258789,3203464
2024-10-29,42.74435043334961,44.93000030517578,45.29999923706055,44.59000015258789,45.29999923706055,4634254
2024-10-30,42.74435043334961,44.93000030517578,45.43000030517578,44.849998474121094,45.060001373291016,1291820
2024-11-01,42.439918518066406,44.61000061035156,44.72999954223633,43.58000183105469,43.86000061035156,5461608
2024-11-04,42.972679138183594,45.16999816894531,45.20000076293945,44.650001525878906,44.7599983215332,2766734
2024-11-05,43.067813873291016,45.27000045776367,45.4900016784668,44.79999923706055,44.849998474121094,2951121
2024-11-06,43.372249603271484,45.59000015258789,46.209999084472656,45.2400016784668,45.290000915527344,3544378
2024-11-07,43.800357818603516,46.040000915527344,46.20000076293945,45.5099983215332,45.540000915527344,2749707
2024-11-08,44.1523551940918,46.40999984741211,46.58000183105469,46.33000183105469,46.38999938964844,2668341
2024-11-11,44.19041442871094,46.45000076293945,46.45000076293945,45.91999816894531,46.40999984741211,2899392
2024-11-12,43.19149398803711,45.400001525878906,45.79999923706055,45.34000015258789,45.79999923706055,4542055
2024-11-13,42.98219680786133,45.18000030517578,45.349998474121094,45.0099983215332,45.22999954223633,3710790
2024-11-14,42.63970184326172,44.81999969482422,45.0,44.529998779296875,44.970001220703125,4499003
2024-11-15,42.810951232910156,45.0,45.150001525878906,44.7400016784668,44.81999969482422,2619554
2024-11-18,42.29027557373047,43.86000061035156,44.52000045776367,43.84000015258789,44.52000045776367,3958210
2024-11-19,42.75309753417969,44.34000015258789,44.540000915527344,43.900001525878906,43.93000030517578,1447710
2024-11-20,42.52168273925781,44.099998474121094,44.099998474121094,44.099998474121094,44.099998474121094,2000
2024-11-21,42.1745719909668,43.7400016784668,43.97999954223633,43.529998779296875,43.97999954223633,3463731
2024-11-22,42.91701126098633,44.5099983215332,44.599998474121094,44.099998474121094,44.099998474121094,1962742
2024-11-25,42.782020568847656,44.369998931884766,44.95000076293945,44.36000061035156,44.900001525878906,2290162
2024-11-26,42.51204299926758,44.09000015258789,44.099998474121094,43.650001525878906,44.0,4005520
2024-11-27,41.70210647583008,43.25,43.849998474121094,43.22999954223633,43.75,3507990
2024-11-28,41.59604263305664,43.13999938964844,43.2599983215332,42.880001068115234,43.25,3363308
2024-11-29,41.692466735839844,43.2400016784668,43.310001373291016,42.59000015258789,43.0,1376386
2024-12-02,42.52168273925781,44.099998474121094,44.099998474121094,43.5099983215332,43.5099983215332,1395776
2024-12-03,42.92665481567383,44.52000045776367,44.81999969482422,44.52000045776367,44.70000076293945,1842781
2024-12-04,43.225563049316406,44.83000183105469,44.86000061035156,44.56999969482422,44.720001220703125,1681768
2024-12-05,43.36054992675781,44.970001220703125,45.13999938964844,44.900001525878906,44.9900016784668,2383124
2024-12-06,43.33161926269531,44.939998626708984,45.11000061035156,44.79999923706055,45.0,2117495
2024-12-09,43.37018966674805,44.97999954223633,45.04999923706055,44.90999984741211,44.939998626708984,1841247
2024-12-10,43.14841842651367,44.75,45.13999938964844,44.689998626708984,44.97999954223633,1154403
2024-12-11,42.74345779418945,44.33000183105469,44.63999938964844,44.310001373291016,44.5,2008055
2024-12-12,43.196632385253906,44.79999923706055,44.900001525878906,44.5,44.70000076293945,1093981
2024-12-13,43.206275939941406,44.810001373291016,44.91999816894531,44.56999969482422,44.79999923706055,1837000
2024-12-16,43.36054992675781,44.970001220703125,45.369998931884766,44.91999816894531,45.119998931884766,2462661
2024-12-17,43.418399810791016,45.029998779296875,45.369998931884766,45.029998779296875,45.119998931884766,1056925
2024-12-18,43.447330474853516,45.060001373291016,45.2599983215332,44.83000183105469,45.029998779296875,1563942
2024-12-19,43.023075103759766,44.619998931884766,44.619998931884766,44.33000183105469,44.5,3121433
2024-12-20,42.62774658203125,44.209999084472656,44.380001068115234,44.04999923706055,44.380001068115234,1565192
2024-12-23,43.42804718017578,45.040000915527344,45.130001068115234,44.619998931884766,44.86000061035156,2677086
2024-12-24,43.53410720825195,45.150001525878906,45.54999923706055,45.150001525878906,45.349998474121094,1624169
2024-12-25,43.669097900390625,45.290000915527344,45.400001525878906,45.16999816894531,45.209999084472656,1148300
2024-12-26,43.68838119506836,45.310001373291016,45.43000030517578,45.29999923706055,45.29999923706055,1313374
2024-12-27,43.79444122314453,45.41999816894531,45.459999084472656,45.189998626708984,45.27000045776367,1410404
2024-12-30,43.58231735229492,45.20000076293945,45.41999816894531,45.20000076293945,45.400001525878906,1271517
2024-12-31,43.37983322143555,44.9900016784668,45.0099983215332,44.779998779296875,45.0,2219160
2025-01-02,42.868797302246094,44.459999084472656,44.90999984741211,44.29999923706055,44.90999984741211,2421240
2025-01-03,43.254486083984375,44.86000061035156,45.099998474121094,44.720001220703125,44.900001525878906,1761155
2025-01-06,44.469390869140625,46.119998931884766,46.220001220703125,45.45000076293945,45.529998779296875,4956124
2025-01-07,44.864715576171875,46.529998779296875,47.04999923706055,46.529998779296875,46.95000076293945,4247334
2025-01-08,44.32476043701172,45.970001220703125,46.380001068115234,45.88999938964844,46.13999938964844,1956892
2025-01-09,43.80408477783203,45.43000030517578,45.88999938964844,45.40999984741211,45.84000015258789,1707059
2025-01-10,43.74623107910156,45.369998931884766,45.5,45.220001220703125,45.2599983215332,1292621
2025-01-13,42.830230712890625,44.41999816894531,45.349998474121094,44.349998474121094,45.349998474121094,3884639
2025-01-14,43.061641693115234,44.65999984741211,44.7599983215332,44.43000030517578,44.45000076293945,1233721
2025-01-15,42.77238082885742,44.36000061035156,44.65999984741211,44.27000045776367,44.619998931884766,2038844
2025-01-16,43.62088394165039,45.2400016784668,45.599998474121094,45.0,45.0,2487894
2025-01-17,43.80408477783203,45.43000030517578,45.56999969482422,45.04999923706055,45.5,1499578
2025-01-20,44.14155578613281,45.779998779296875,45.91999816894531,45.560001373291016,45.560001373291016,2308136
2025-01-21,44.19941329956055,45.84000015258789,45.939998626708984,45.47999954223633,45.779998779296875,1131777
2025-01-22,44.78758239746094,46.45000076293945,46.560001373291016,46.15999984741211,46.15999984741211,2299186
2025-02-03,43.003787994384766,44.599998474121094,44.75,44.15999984741211,44.7400016784668,8345166
2025-02-04,43.196632385253906,44.79999923706055,44.9900016784668,44.66999816894531,44.9900016784668,1329211
2025-02-05,43.73659133911133,45.36000061035156,45.66999816894531,45.209999084472656,45.209999084472656,1619446
2025-02-06,43.9390754699707,45.56999969482422,45.79999923706055,45.54999923706055,45.619998931884766,1719122
2025-02-07,44.18977355957031,45.83000183105469,45.849998474121094,45.560001373291016,45.56999969482422,1223676
2025-02-10,43.7848014831543,45.40999984741211,45.650001525878906,45.290000915527344,45.630001068115234,1515085
2025-02-11,43.92943572998047,45.560001373291016,45.869998931884766,45.5,45.75,756211
2025-02-12,43.871578216552734,45.5,45.869998931884766,45.5,45.779998779296875,901442
2025-02-13,43.852294921875,45.47999954223633,45.68000030517578,45.16999816894531,45.68000030517578,2321787
2025-02-14,43.31233596801758,44.91999816894531,45.13999938964844,44.869998931884766,45.099998474121094,1808118
2025-02-17,43.91979217529297,45.54999923706055,45.59000015258789,45.060001373291016,45.060001373291016,2605809
2025-02-18,44.112632751464844,45.75,45.75,45.4900016784668,45.61000061035156,1268205
2025-02-19,44.03549575805664,45.66999816894531,45.86000061035156,45.63999938964844,45.75,849589
2025-02-20,43.88121795654297,45.5099983215332,45.599998474121094,45.2400016784668,45.560001373291016,1005227
2025-02-21,44.16083908081055,45.79999923706055,45.880001068115234,45.380001068115234,45.5,1905091
2025-02-24,43.8619384765625,45.4900016784668,45.52000045776367,45.310001373291016,45.459999084472656,2254102
2025-02-25,43.51482391357422,45.130001068115234,45.130001068115234,44.709999084472656,44.970001220703125,2821569
2025-02-26,43.53410720825195,45.150001525878906,45.18000030517578,44.68000030517578,44.7599983215332,2739210
2025-02-27,43.09056854248047,44.689998626708984,45.2400016784668,44.650001525878906,45.16999816894531,3157961
2025-03-03,42.222782135009766,43.790000915527344,44.09000015258789,43.45000076293945,44.0,5951925
2025-03-04,42.01065444946289,43.56999969482422,43.68000030517578,43.04999923706055,43.099998474121094,2401265
2025-03-05,42.47347640991211,44.04999923706055,44.11000061035156,43.83000183105469,44.0099983215332,2393414
2025-03-06,42.28063201904297,43.849998474121094,44.09000015258789,43.709999084472656,44.04999923706055,1875504
2025-03-07,41.837093353271484,43.38999938964844,43.650001525878906,43.33000183105469,43.59000015258789,1303811
2025-03-10,41.70210647583008,43.25,43.38999938964844,43.0099983215332,43.349998474121094,1666507
2025-03-11,40.88252639770508,42.400001525878906,42.58000183105469,41.869998931884766,42.4900016784668,6643735
2025-03-12,41.036800384521484,42.560001373291016,43.0,42.43000030517578,42.43000030517578,1459790
2025-03-13,40.79574966430664,42.310001373291016,43.290000915527344,42.279998779296875,43.25,1640407
2025-03-14,40.641475677490234,42.150001525878906,42.310001373291016,42.0,42.18000030517578,1323564
2025-03-17,40.95002365112305,42.470001220703125,42.84000015258789,42.40999984741211,42.560001373291016,2208287
2025-03-18,41.152503967285156,42.68000030517578,42.91999816894531,42.54999923706055,42.790000915527344,1005545
2025-03-19,40.67040252685547,42.18000030517578,42.70000076293945,42.13999938964844,42.68000030517578,1261691
2025-03-20,41.461055755615234,43.0,43.0,42.630001068115234,42.630001068115234,851689
2025-03-21,41.171791076660156,42.70000076293945,42.9900016784668,42.63999938964844,42.9900016784668,504328
2025-03-24,41.10429382324219,42.630001068115234,43.04999923706055,42.59000015258789,42.9900016784668,809081
2025-03-25,41.4899787902832,43.029998779296875,43.220001220703125,42.88999938964844,42.9900016784668,1047313
2025-03-26,41.50926208496094,43.04999923706055,43.27000045776367,42.91999816894531,43.119998931884766,1302584
2025-03-27,40.73789596557617,42.25,42.400001525878906,42.209999084472656,42.369998931884766,1131175
2025-03-28,40.28471374511719,41.779998779296875,41.93000030517578,41.56999969482422,41.88999938964844,2865526
2025-03-31,38.94446563720703,40.38999938964844,40.720001220703125,40.290000915527344,40.59000015258789,4659112
2025-04-01,39.7158317565918,41.189998626708984,41.29999923706055,40.540000915527344,40.540000915527344,1961319
2025-04-02,39.75440216064453,41.22999954223633,41.41999816894531,41.119998931884766,41.189998626708984,871810
2025-04-07,35.78185272216797,37.11000061035156,37.11000061035156,37.11000061035156,37.11000061035156,3359457
2025-04-08,34.55730438232422,35.84000015258789,36.70000076293945,34.58000183105469,34.869998931884766,11120211
2025-04-09,32.95671844482422,34.18000030517578,36.0,33.81999969482422,35.68000030517578,8934343
2025-04-10,36.24467468261719,37.59000015258789,37.59000015258789,37.59000015258789,37.59000015258789,839872
2025-04-11,36.987117767333984,38.36000061035156,38.36000061035156,36.349998474121094,36.880001068115234,4472391
2025-04-14,36.81355667114258,38.18000030517578,39.22999954223633,38.150001525878906,39.119998931884766,2852796
2025-04-15,37.208885192871094,38.59000015258789,38.68000030517578,38.15999984741211,38.34000015258789,1033943
2025-04-16,36.59178924560547,37.95000076293945,38.31999969482422,37.810001373291016,38.31999969482422,2118557
2025-04-17,36.331451416015625,37.68000030517578,37.81999969482422,37.349998474121094,37.7400016784668,998102
2025-04-18,36.4857292175293,37.84000015258789,37.90999984741211,37.63999938964844,37.72999954223633,1026223
2025-04-21,35.89755630493164,37.22999954223633,37.68000030517578,37.18000030517578,37.68000030517578,1474588
2025-04-22,35.36724090576172,36.68000030517578,37.06999969482422,36.619998931884766,36.86000061035156,1681142
2025-04-23,36.82320022583008,38.189998626708984,38.2599983215332,37.63999938964844,37.65999984741211,1290875
2025-04-24,36.59178924560547,37.95000076293945,38.41999816894531,37.81999969482422,38.31999969482422,838803
2025-04-25,37.41136932373047,38.79999923706055,39.099998474121094,38.720001220703125,38.900001525878906,1425216
2025-04-28,37.70063400268555,39.099998474121094,39.18000030517578,38.9900016784668,39.0,1662626
2025-04-29,37.86454772949219,39.27000045776367,39.36000061035156,38.970001220703125,39.09000015258789,2079725
2025-04-30,37.88383102416992,39.290000915527344,39.470001220703125,39.18000030517578,39.27000045776367,878418
2025-05-02,38.963748931884766,40.40999984741211,40.40999984741211,40.04999923706055,40.04999923706055,1405525
2025-05-05,38.549137115478516,39.97999954223633,40.790000915527344,39.599998474121094,40.7400016784668,2063383
2025-05-06,38.433433532714844,39.86000061035156,40.06999969482422,39.45000076293945,39.54999923706055,2201601
2025-05-07,38.385223388671875,39.810001373291016,40.099998474121094,39.56999969482422,40.0,1203053
2025-05-08,38.799835205078125,40.2400016784668,40.38999938964844,40.0,40.16999816894531,746524
2025-05-09,39.233726501464844,40.689998626708984,40.709999084472656,40.25,40.279998779296875,1095806
2025-05-12,39.638694763183594,41.11000061035156,41.209999084472656,40.97999954223633,40.97999954223633,1003379
2025-05-13,40.13043975830078,41.619998931884766,42.04999923706055,41.59000015258789,42.04999923706055,2158550
2025-05-14,40.97895050048828,42.5,42.5,42.13999938964844,42.150001525878906,3251518
2025-05-15,40.91145324707031,42.43000030517578,42.540000915527344,42.33000183105469,42.529998779296875,943284
2025-05-16,40.97895050048828,42.5,42.599998474121094,42.279998779296875,42.369998931884766,1296137
2025-05-19,40.44863510131836,41.95000076293945,42.369998931884766,41.88999938964844,42.310001373291016,895100
2025-05-20,40.467918395996094,41.970001220703125,42.349998474121094,41.900001525878906,42.279998779296875,819644
2025-05-21,40.97895050048828,42.5,42.5,42.099998474121094,42.099998474121094,1618395
2025-05-22,40.51612854003906,42.02000045776367,42.099998474121094,41.849998474121094,42.099998474121094,922328
2025-05-23,40.43899154663086,41.939998626708984,42.310001373291016,41.79999923706055,42.310001373291016,846506
2025-05-26,40.400421142578125,41.900001525878906,42.029998779296875,41.77000045776367,41.939998626708984,1157401
2025-05-27,39.98581314086914,41.470001220703125,41.810001373291016,41.349998474121094,41.810001373291016,827352
2025-05-28,40.16901397705078,41.65999984741211,42.029998779296875,41.43000030517578,41.900001525878906,673457
2025-05-29,40.19793701171875,41.689998626708984,41.959999084472656,41.599998474121094,41.900001525878906,1373669
2025-06-02,39.397640228271484,40.86000061035156,41.15999984741211,40.68000030517578,41.15999984741211,1949110
2025-06-03,39.60012435913086,41.06999969482422,41.5,41.029998779296875,41.310001373291016,1116384
2025-06-04,40.57398223876953,42.08000183105469,42.099998474121094,41.63999938964844,41.70000076293945,1285741
2025-06-05,40.631832122802734,42.13999938964844,42.380001068115234,42.11000061035156,42.2400016784668,1168594
2025-06-06,40.73789596557617,42.25,42.29999923706055,42.08000183105469,42.08000183105469,1368093
2025-06-09,41.056087493896484,42.58000183105469,42.66999816894531,42.459999084472656,42.56999969482422,1670968
2025-06-10,42.04922103881836,43.61000061035156,43.720001220703125,42.95000076293945,42.95000076293945,3681021
2025-06-11,42.39633560180664,43.970001220703125,44.04999923706055,43.75,44.04999923706055,2793545
2025-06-12,42.1649284362793,43.72999954223633,43.95000076293945,43.709999084472656,43.900001525878906,1695340
2025-06-13,41.75996017456055,43.310001373291016,43.61000061035156,43.099998474121094,43.470001220703125,1343553
2025-06-16,41.846736907958984,43.400001525878906,43.400001525878906,43.099998474121094,43.279998779296875,1654781
2025-06-17,42.01065444946289,43.56999969482422,43.88999938964844,43.52000045776367,43.81999969482422,1284237
2025-06-18,42.38669204711914,43.959999084472656,43.9900016784668,43.380001068115234,43.41999816894531,2528281
2025-06-19,41.89494705200195,43.45000076293945,43.95000076293945,43.400001525878906,43.95000076293945,749185
2025-06-20,41.846736907958984,43.400001525878906,43.529998779296875,43.150001525878906,43.459999084472656,844782
2025-06-23,41.63460922241211,43.18000030517578,43.18000030517578,42.709999084472656,42.84000015258789,1346584
2025-06-24,42.31919860839844,43.88999938964844,43.970001220703125,43.68000030517578,43.68000030517578,1421263
2025-06-25,42.791664123535156,44.380001068115234,44.40999984741211,44.13999938964844,44.279998779296875,3578302
2025-06-26,42.839874267578125,44.43000030517578,44.65999984741211,44.38999938964844,44.45000076293945,4352410
2025-06-27,42.87844467163086,44.470001220703125,44.59000015258789,44.27000045776367,44.47999954223633,2564076
2025-06-30,42.96522521972656,44.560001373291016,44.599998474121094,44.43000030517578,44.529998779296875,1594503
2025-07-01,43.21591567993164,44.81999969482422,45.29999923706055,44.70000076293945,44.70000076293945,3508726
2025-07-02,43.27376937866211,44.880001068115234,44.880001068115234,44.560001373291016,44.650001525878906,799620
2025-07-03,43.717308044433594,45.34000015258789,45.470001220703125,45.31999969482422,45.369998931884766,3659984
2025-07-04,43.37018966674805,44.97999954223633,45.5,44.970001220703125,45.40999984741211,1098174
2025-07-07,43.206275939941406,44.810001373291016,44.9900016784668,44.63999938964844,44.939998626708984,2270368
2025-07-08,43.07128143310547,44.66999816894531,44.7599983215332,44.47999954223633,44.689998626708984,2362199
2025-07-09,43.38947296142578,45.0,45.09000015258789,44.529998779296875,44.529998779296875,1068661
2025-07-10,43.813724517822266,45.439998626708984,45.4900016784668,45.099998474121094,45.099998474121094,2509236
2025-07-11,44.006568908691406,45.63999938964844,45.66999816894531,45.34000015258789,45.439998626708984,1963311
2025-07-14,43.717308044433594,45.34000015258789,45.58000183105469,45.29999923706055,45.58000183105469,2254327
2025-07-15,44.26690673828125,45.90999984741211,46.02000045776367,45.36000061035156,45.400001525878906,3696589
2025-07-16,44.773292541503906,45.79999923706055,45.939998626708984,45.4900016784668,45.4900016784668,3085595
2025-07-17,44.8026237487793,45.83000183105469,45.939998626708984,45.54999923706055,45.900001525878906,2224379
2025-07-18,45.32073974609375,46.36000061035156,46.560001373291016,46.2400016784668,46.54999923706055,1998869
2025-07-21,45.15454864501953,46.189998626708984,46.349998474121094,46.119998931884766,46.29999923706055,1377050
2025-07-22,44.84172439575195,45.869998931884766,46.599998474121094,45.849998474121094,46.25,1779929
2025-07-23,45.04701614379883,46.08000183105469,46.2599983215332,46.0099983215332,46.0099983215332,1190957
2025-07-24,45.31096267700195,46.349998474121094,46.45000076293945,46.2599983215332,46.29999923706055,870964
2025-07-25,45.16432571411133,46.20000076293945,46.41999816894531,46.20000076293945,46.38999938964844,711518
2025-07-28,45.34029006958008,46.380001068115234,46.5,46.25,46.459999084472656,1468878
2025-07-29,44.84172439575195,45.869998931884766,46.27000045776367,45.72999954223633,46.209999084472656,1595334
2025-07-30,45.2718620300293,46.310001373291016,46.43000030517578,46.13999938964844,46.2400016784668,2820727
2025-07-31,45.76065444946289,46.810001373291016,46.849998474121094,46.459999084472656,46.459999084472656,2756498
2025-08-01,45.34029006958008,46.380001068115234,46.45000076293945,46.150001525878906,46.15999984741211,1224704
2025-08-04,45.144775390625,46.18000030517578,46.18000030517578,45.79999923706055,46.0,1572492
2025-08-05,45.7411003112793,46.790000915527344,46.810001373291016,46.54999923706055,46.630001068115234,1818306
2025-08-06,45.39894485473633,46.439998626708984,46.540000915527344,46.380001068115234,46.5,1368773
2025-08-07,46.630699157714844,47.70000076293945,47.77000045776367,47.31999969482422,47.34000015258789,3340910
2025-08-08,46.552494049072266,47.619998931884766,47.75,47.61000061035156,47.75,803767
2025-08-11,46.88487243652344,47.959999084472656,48.18000030517578,47.41999816894531,47.54999923706055,1894786
2025-08-12,46.923973083496094,48.0,48.099998474121094,47.77000045776367,47.959999084472656,1616497
2025-08-13,47.27590560913086,48.36000061035156,48.470001220703125,48.099998474121094,48.18000030517578,2418809
2025-08-14,47.13904571533203,48.220001220703125,48.31999969482422,48.08000183105469,48.2599983215332,1016285
2025-08-15,47.16836929321289,48.25,48.36000061035156,48.029998779296875,48.22999954223633,1069765
2025-08-18,47.305233001708984,48.38999938964844,48.439998626708984,48.0,48.0,1551948
2025-08-19,47.187923431396484,48.27000045776367,48.38999938964844,48.20000076293945,48.36000061035156,1002025
2025-08-20,45.91706466674805,46.970001220703125,47.81999969482422,46.91999816894531,47.790000915527344,2214357
2025-08-21,46.22989273071289,47.290000915527344,47.38999938964844,47.130001068115234,47.130001068115234,876805
2025-08-22,46.04414749145508,47.099998474121094,47.43000030517578,47.06999969482422,47.43000030517578,639442
2025-08-25,46.923973083496094,48.0,48.130001068115234,47.720001220703125,47.900001525878906,1521084
2025-08-26,46.93375015258789,48.0099983215332,48.099998474121094,47.68000030517578,47.880001068115234,1190924
2025-08-27,47.256351470947266,48.34000015258789,48.369998931884766,48.20000076293945,48.22999954223633,997568
2025-08-28,46.88487243652344,47.959999084472656,48.2599983215332,47.880001068115234,48.2599983215332,1004958
2025-08-29,46.718685150146484,47.790000915527344,48.18000030517578,47.790000915527344,48.099998474121094,773260
2025-09-01,46.24944305419922,47.310001373291016,47.7599983215332,47.06999969482422,47.540000915527344,1168331
2025-09-02,46.259220123291016,47.31999969482422,47.779998779296875,47.22999954223633,47.66999816894531,1092042
2025-09-03,46.26899719238281,47.33000183105469,47.4900016784668,47.209999084472656,47.31999969482422,1345904
2025-09-04,46.552494049072266,47.619998931884766,47.9900016784668,47.619998931884766,47.81999969482422,660637
2025-09-05,47.03150939941406,48.11000061035156,48.130001068115234,47.939998626708984,48.0099983215332,958094
2025-09-08,47.41276550292969,48.5,48.72999954223633,48.470001220703125,48.650001525878906,1517480
2025-09-09,47.88200759887695,48.97999954223633,49.029998779296875,48.709999084472656,48.709999084472656,2071684
2025-09-10,48.79115676879883,49.90999984741211,50.04999923706055,49.58000183105469,49.59000015258789,3712621
2025-09-11,49.22129440307617,50.349998474121094,50.70000076293945,50.20000076293945,50.5,2015954
2025-09-12,49.66120529174805,50.79999923706055,50.79999923706055,50.599998474121094,50.599998474121094,1269113
2025-09-15,49.612327575683594,50.75,50.900001525878906,50.599998474121094,50.900001525878906,887216
2025-09-16,50.24775695800781,51.400001525878906,51.5,50.95000076293945,50.95000076293945,1521828
2025-09-17,49.905601501464844,51.04999923706055,51.29999923706055,51.04999923706055,51.099998474121094,1385906
2025-09-18,50.44327163696289,51.599998474121094,51.650001525878906,51.04999923706055,51.25,2083240
2025-09-19,50.44327163696289,51.599998474121094,51.75,51.349998474121094,51.70000076293945,1192789
2025-09-22,50.78542709350586,51.95000076293945,52.0,51.400001525878906,51.54999923706055,792923
2025-09-23,51.616371154785156,52.79999923706055,52.95000076293945,52.349998474121094,52.400001525878906,2141576
2025-09-24,51.71413040161133,52.900001525878906,53.04999923706055,52.54999923706055,53.0,2020418
2025-09-25,51.5674934387207,52.75,52.849998474121094,52.5,52.650001525878906,1783311
2025-09-26,50.638790130615234,51.79999923706055,52.349998474121094,51.5,52.349998474121094,1622474
2025-09-30,51.225341796875,52.400001525878906,52.5,52.20000076293945,52.20000076293945,2775642
2025-10-01,51.37197494506836,52.54999923706055,53.20000076293945,52.45000076293945,52.45000076293945,3130415
2025-10-02,52.300682067871094,53.5,53.599998474121094,53.25,53.349998474121094,3558910
2025-10-03,52.93611145019531,54.150001525878906,54.20000076293945,53.45000076293945,53.45000076293945,2432921
2025-10-07,54.304725646972656,55.54999923706055,55.599998474121094,54.849998474121094,54.849998474121094,3467827
2025-10-08,53.81593322753906,55.04999923706055,55.099998474121094,54.650001525878906,54.79999923706055,879080
2025-10-09,54.2558479309082,55.5,55.75,55.400001525878906,55.54999923706055,1658680
2025-10-13,53.66929626464844,54.900001525878906,54.900001525878906,54.0,54.150001525878906,1521607
2025-10-14,53.52265930175781,54.75,55.95000076293945,54.650001525878906,55.70000076293945,1381970
2025-10-15,54.45136260986328,55.70000076293945,55.70000076293945,54.75,54.849998474121094,1524711
2025-10-16,55.47782516479492,56.75,56.79999923706055,56.0,56.04999923706055,2561838
2025-10-17,54.69575881958008,55.95000076293945,56.25,55.900001525878906,56.099998474121094,1353568
2025-10-20,55.57558059692383,56.849998474121094,56.95000076293945,56.099998474121094,56.20000076293945,1252975
2025-10-21,55.62446212768555,56.900001525878906,57.349998474121094,56.900001525878906,56.95000076293945,1242366
2025-10-22,55.38006591796875,56.650001525878906,56.70000076293945,56.25,56.5,661285
2025-10-23,54.98903274536133,56.25,56.349998474121094,55.79999923706055,56.0,1436905
2025-10-27,56.259891510009766,57.54999923706055,57.599998474121094,57.349998474121094,57.45000076293945,1871699
2025-10-28,55.9177360534668,57.20000076293945,57.5,57.04999923706055,57.400001525878906,841163
2025-10-29,56.69980239868164,58.0,58.099998474121094,57.599998474121094,57.599998474121094,1207040
2025-10-30,56.602046966552734,57.900001525878906,58.25,57.599998474121094,58.099998474121094,1071109
2025-10-31,56.84644317626953,58.150001525878906,58.25,57.95000076293945,58.0,806341
2025-11-03,56.35765075683594,57.650001525878906,58.25,57.54999923706055,57.95000076293945,1373551
2025-11-04,56.21100997924805,57.5,58.349998474121094,57.5,58.04999923706055,2805294
2025-11-05,55.526702880859375,56.79999923706055,56.900001525878906,56.150001525878906,56.54999923706055,1980201
2025-11-06,55.72222137451172,57.0,57.25,56.900001525878906,57.04999923706055,1913104
2025-11-07,55.13567352294922,56.400001525878906,56.54999923706055,56.20000076293945,56.400001525878906,671180
2025-11-10,55.77109909057617,57.04999923706055,57.099998474121094,56.5,56.75,699325
2025-11-11,55.38006591796875,56.650001525878906,57.400001525878906,56.650001525878906,57.29999923706055,814292
2025-11-12,55.819976806640625,57.099998474121094,57.099998474121094,56.599998474121094,56.75,426266
2025-11-13,55.42894744873047,56.70000076293945,56.75,56.45000076293945,56.650001525878906,1338557
2025-11-14,54.40248489379883,55.650001525878906,55.849998474121094,55.349998474121094,55.599998474121094,1339807
2025-11-17,54.597999572753906,55.849998474121094,56.150001525878906,55.70000076293945,55.849998474121094,1632358
2025-11-18,53.400001525878906,53.400001525878906,54.099998474121094,53.25,53.900001525878906,2004961
2025-11-19,53.0,53.0,53.400001525878906,52.79999923706055,53.150001525878906,1799696
2025-11-20,54.599998474121094,54.599998474121094,54.650001525878906,54.099998474121094,54.25,1868788
2025-11-21,52.849998474121094,52.849998474121094,53.04999923706055,52.54999923706055,52.849998474121094,1981006
2025-11-24,52.650001525878906,52.650001525878906,53.099998474121094,52.650001525878906,53.04999923706055,1656000
2025-11-25,53.349998474121094,53.349998474121094,53.70000076293945,53.099998474121094,53.599998474121094,1250497
2025-11-26,54.20000076293945,54.20000076293945,54.400001525878906,53.900001525878906,53.900001525878906,1517942
2025-11-27,54.599998474121094,54.599998474121094,54.849998474121094,54.400001525878906,54.70000076293945,783705
2025-11-28,55.0,55.0,55.099998474121094,54.599998474121094,54.599998474121094,515936
2025-12-01,54.25,54.25,54.70000076293945,54.25,54.650001525878906,734344
2025-12-02,54.45000076293945,54.45000076293945,54.900001525878906,54.400001525878906,54.70000076293945,781796
2025-12-03,55.0,55.0,55.20000076293945,54.849998474121094,55.04999923706055,712046
2025-12-04,54.95000076293945,54.95000076293945,55.20000076293945,54.849998474121094,55.04999923706055,572210
2025-12-05,55.400001525878906,55.400001525878906,55.400001525878906,55.04999923706055,55.04999923706055,919460
2025-12-08,56.25,56.25,56.25,55.599998474121094,55.650001525878906,1380065
2025-12-09,56.04999923706055,56.04999923706055,56.29999923706055,56.0,56.29999923706055,725168
2025-12-10,56.25,56.25,56.45000076293945,56.0,56.25,1426597
2025-12-11,55.70000076293945,55.70000076293945,56.650001525878906,55.599998474121094,56.650001525878906,2598194
2025-12-12,55.849998474121094,55.849998474121094,56.04999923706055,55.5,55.95000076293945,3922778
2025-12-15,55.20000076293945,55.20000076293945,55.25,54.79999923706055,54.95000076293945,2741868
2025-12-16,54.599998474121094,54.599998474121094,54.75,54.29999923706055,54.70000076293945,2688639
2025-12-17,54.54999923706055,54.54999923706055,55.0,54.5,54.75,788870
2025-12-18,54.599998474121094,54.599998474121094,54.70000076293945,54.25,54.400001525878906,1887813
2025-12-19,55.0,55.0,55.25,54.900001525878906,55.0,435186
2025-12-22,55.75,55.75,55.900001525878906,55.5,55.650001525878906,1397012
2025-12-23,56.04999923706055,56.04999923706055,56.20000076293945,55.900001525878906,56.0,714478
2025-12-24,56.20000076293945,56.20000076293945,56.349998474121094,56.099998474121094,56.349998474121094,572557
2025-12-26,56.650001525878906,56.650001525878906,56.75,56.29999923706055,56.5,1240162
2025-12-29,57.25,57.25,57.349998474121094,56.70000076293945,56.70000076293945,1046564
2025-12-30,57.29999923706055,57.29999923706055,57.29999923706055,56.849998474121094,57.099998474121094,937016
2025-12-31,57.54999923706055,57.54999923706055,57.599998474121094,56.900001525878906,56.95000076293945,2105058
2026-01-02,58.54999923706055,58.54999923706055,58.70000076293945,57.70000076293945,57.79999923706055,1671410
2026-01-05,60.650001525878906,60.650001525878906,61.20000076293945,59.599998474121094,59.599998474121094,3537777
2026-01-06,61.25,61.25,61.349998474121094,60.29999923706055,60.54999923706055,1528804
2026-01-07,60.79999923706055,60.79999923706055,61.20000076293945,60.75,61.20000076293945,1042155
2026-01-08,61.099998474121094,61.099998474121094,61.20000076293945,60.45000076293945,60.70000076293945,1057501
2026-01-09,60.900001525878906,60.900001525878906,61.25,60.099998474121094,60.79999923706055,2356367
2026-01-12,61.25,61.25,61.45000076293945,61.099998474121094,61.349998474121094,1633755
2026-01-13,61.54999923706055,61.54999923706055,62.0,61.29999923706055,61.79999923706055,1861826
2026-01-14,61.599998474121094,61.599998474121094,62.04999923706055,61.599998474121094,61.75,1675893
2026-01-15,61.599998474121094,61.599998474121094,61.599998474121094,61.04999923706055,61.54999923706055,1042489
2026-01-16,62.79999923706055,62.79999923706055,62.849998474121094,62.0,62.29999923706055,1993602
2026-01-19,63.04999923706055,63.04999923706055,63.349998474121094,62.150001525878906,62.5,2194777
2026-01-20,63.150001525878906,63.150001525878906,63.20000076293945,62.599998474121094,62.79999923706055,1109905
2026-01-21,62.650001525878906,62.650001525878906,63.150001525878906,62.45000076293945,62.45000076293945,1160869
2026-01-22,63.29999923706055,63.29999923706055,63.650001525878906,63.20000076293945,63.25,846630
2026-01-23,63.75,63.75,63.849998474121094,63.349998474121094,63.79999923706055,484018
2026-01-26,63.79999923706055,63.79999923706055,64.05000305175781,63.650001525878906,63.75,1272972
2026-01-27,64.3499984741211,64.3499984741211,64.5,63.79999923706055,63.79999923706055,563442
2026-01-28,65.1500015258789,65.1500015258789,65.30000305175781,64.69999694824219,64.69999694824219,1703391
2026-01-29,64.94999694824219,64.94999694824219,65.55000305175781,64.75,65.4000015258789,1817449
2026-01-30,64.05000305175781,64.05000305175781,64.3499984741211,63.849998474121094,64.30000305175781,1001554
2026-02-02,63.04999923706055,63.04999923706055,63.5,62.5,63.5,2180534
2026-02-03,64.3499984741211,64.3499984741211,64.4000015258789,63.849998474121094,64.19999694824219,2001853
2026-02-04,64.30000305175781,64.30000305175781,64.5,63.79999923706055,63.79999923706055,1194684
2026-02-05,63.54999923706055,63.54999923706055,63.849998474121094,63.349998474121094,63.45000076293945,1128309
2026-02-06,63.650001525878906,63.650001525878906,63.79999923706055,62.5,63.0,1796023
2026-02-09,65.25,65.25,65.5,65.0999984741211,65.25,1137126
2026-02-10,66.44999694824219,66.44999694824219,66.5,65.80000305175781,65.8499984741211,1092096
2026-02-11,67.80000305175781,67.80000305175781,68.0,66.9000015258789,66.9000015258789,1846247
2026-02-23,68.05000305175781,68.05000305175781,68.94999694824219,68.0,68.19999694824219,3535738
2026-02-24,69.5999984741211,69.5999984741211,69.94999694824219,68.25,68.25,4563567
2026-02-25,70.94999694824219,70.94999694824219,71.75,70.44999694824219,70.44999694824219,2000106
2026-02-26,71.1500015258789,71.1500015258789,71.55000305175781,70.80000305175781,70.94999694824219,2265190
2026-03-02,70.55000305175781,70.55000305175781,70.9000015258789,69.55000305175781,69.5999984741211,1521976
2026-03-03,69.0999984741211,69.0999984741211,70.44999694824219,69.05000305175781,70.4000015258789,2257960
2026-03-04,66.30000305175781,66.30000305175781,67.6500015258789,66.25,67.6500015258789,3860856
2026-03-05,67.8499984741211,67.8499984741211,69.25,67.44999694824219,68.25,2086032
2026-03-06,67.55000305175781,67.55000305175781,67.8499984741211,67.05000305175781,67.5,2109428
2026-03-09,64.5,64.5,64.6500015258789,63.5,64.05000305175781,3837925
2026-03-10,66.1500015258789,66.1500015258789,67.0,65.3499984741211,66.6500015258789,2017751
2026-03-11,68.69999694824219,68.69999694824219,68.75,66.94999694824219,66.94999694824219,1395819
2026-03-12,67.44999694824219,67.44999694824219,68.25,67.0999984741211,68.25,1026361
2026-03-13,66.9000015258789,66.9000015258789,67.3499984741211,66.25,66.5,2540615
2026-03-16,66.69999694824219,66.69999694824219,67.5,66.3499984741211,67.25,3017244
2026-03-17,67.3499984741211,67.3499984741211,67.80000305175781,67.19999694824219,67.19999694824219,1170962
2026-03-18,68.5,68.5,68.75,68.0999984741211,68.5,735341
2026-03-19,66.9000015258789,66.9000015258789,67.5999984741211,66.80000305175781,67.5999984741211,1559619
2026-03-20,66.75,66.75,67.25,66.44999694824219,66.9000015258789,845268
2026-03-23,65.1500015258789,65.1500015258789,65.4000015258789,64.5,65.4000015258789,2137539
2026-03-24,65.5,65.5,66.30000305175781,64.94999694824219,66.19999694824219,847579
2026-03-25,67.05000305175781,67.05000305175781,67.44999694824219,66.75,66.75,695440
2026-03-26,66.69999694824219,66.69999694824219,67.5999984741211,66.5999984741211,67.0999984741211,886712
2026-03-27,66.0999984741211,66.0999984741211,66.19999694824219,65.0,65.44999694824219,759772
2026-03-30,65.0,65.0,65.19999694824219,64.4000015258789,64.55000305175781,1469805
2026-03-31,63.849998474121094,63.849998474121094,64.80000305175781,63.70000076293945,64.30000305175781,1473242
2026-04-01,66.55000305175781,66.55000305175781,66.5999984741211,65.94999694824219,66.0,2104337
2026-04-02,65.25,65.25,66.9000015258789,65.0999984741211,66.75,1262500
2026-04-07,66.55000305175781,66.55000305175781,66.75,66.05000305175781,66.19999694824219,1071478
2026-04-08,69.8499984741211,69.8499984741211,70.0,68.55000305175781,68.55000305175781,2591309
2026-04-09,69.9000015258789,69.9000015258789,69.9000015258789,69.30000305175781,69.80000305175781,1455445
2026-04-10,71.0999984741211,71.0999984741211,71.0999984741211,70.44999694824219,70.5,2305937
2026-04-13,70.94999694824219,70.94999694824219,71.1500015258789,70.75,70.8499984741211,1431677
2026-04-14,72.6500015258789,72.6500015258789,72.94999694824219,71.94999694824219,72.0,1556923
2026-04-15,73.69999694824219,73.69999694824219,74.5,73.3499984741211,73.3499984741211,3293307
2026-04-16,74.4000015258789,74.4000015258789,74.55000305175781,73.69999694824219,74.4000015258789,2435197
2026-04-17,73.80000305175781,73.80000305175781,74.0,73.6500015258789,73.80000305175781,913177
2026-04-20,74.3499984741211,74.3499984741211,74.9000015258789,74.1500015258789,74.1500015258789,907971
2026-04-21,75.19999694824219,75.19999694824219,75.5999984741211,74.80000305175781,74.80000305175781,1483949
2026-04-22,75.69999694824219,75.69999694824219,75.80000305175781,75.0,75.0,1547002
2026-04-23,75.8499984741211,75.8499984741211,77.94999694824219,75.0,76.9000015258789,2719775
2026-04-24,78.9000015258789,78.9000015258789,78.9000015258789,76.8499984741211,76.8499984741211,2346408
2026-04-27,81.0999984741211,81.0999984741211,82.25,80.0,80.0,3982011
2026-04-28,80.4000015258789,80.4000015258789,81.69999694824219,80.25,80.9000015258789,1425905
2026-04-29,79.44999694824219,79.44999694824219,80.0999984741211,78.80000305175781,79.4000015258789,631244
2026-04-30,79.0999984741211,79.0999984741211,80.25,79.05000305175781,80.1500015258789,1323365
2026-05-04,82.5,82.5,82.5,80.5999984741211,80.5999984741211,2063259
2026-05-05,82.44999694824219,82.44999694824219,82.5999984741211,82.0,82.44999694824219,1056146
2026-05-06,83.55000305175781,83.55000305175781,84.5,82.80000305175781,83.69999694824219,1186019
2026-05-07,85.30000305175781,85.30000305175781,85.80000305175781,85.0,85.05000305175781,1642861
2026-05-08,85.05000305175781,85.05000305175781,85.4000015258789,84.05000305175781,84.9000015258789,1324560
2026-05-11,84.6500015258789,84.6500015258789,84.9000015258789,84.4000015258789,84.5999984741211,1356427
2026-05-12,84.5,84.5,85.0,83.30000305175781,84.5,2125261
2026-05-13,83.44999694824219,83.44999694824219,83.6500015258789,82.69999694824219,82.94999694824219,899290
2026-05-14,83.80000305175781,83.80000305175781,84.94999694824219,83.30000305175781,84.30000305175781,1638541
2026-05-15,83.0,83.0,85.55000305175781,82.8499984741211,85.4000015258789,1186240
2026-05-18,82.44999694824219,82.44999694824219,82.94999694824219,81.25,82.05000305175781,1128004
2026-05-19,81.19999694824219,81.19999694824219,82.3499984741211,81.19999694824219,82.0,562834
2026-05-20,80.69999694824219,80.69999694824219,81.44999694824219,80.5999984741211,81.0999984741211,425670
2026-05-21,83.5,83.5,83.5,82.4000015258789,82.4000015258789,840084
2026-05-22,84.5999984741211,84.5999984741211,84.5999984741211,83.55000305175781,83.94999694824219,1474620
2026-05-25,87.5999984741211,87.5999984741211,87.75,86.0999984741211,86.0999984741211,1617175
2026-05-26,87.25,87.25,88.19999694824219,87.05000305175781,88.05000305175781,963941
2026-05-27,89.05000305175781,89.05000305175781,90.19999694824219,88.5,89.0,1749898
2026-05-28,87.25,87.25,90.30000305175781,86.94999694824219,89.6500015258789,1672083
2026-05-29,90.44999694824219,90.44999694824219,90.5,89.0999984741211,89.1500015258789,1642952
2026-06-01,91.0999984741211,91.0999984741211,92.30000305175781,90.5999984741211,90.5999984741211,1737128
2026-06-02,91.44999694824219,91.44999694824219,91.8499984741211,90.44999694824219,91.4000015258789,2195004
2026-06-03,93.1500015258789,93.1500015258789,93.19999694824219,92.5999984741211,92.5999984741211,1275527
2026-06-04,92.05000305175781,92.05000305175781,92.69999694824219,91.9000015258789,92.19999694824219,2286645
2026-06-05,90.4000015258789,90.4000015258789,91.8499984741211,89.5,91.8499984741211,2829493
2026-06-08,87.69999694824219,87.69999694824219,88.0999984741211,85.80000305175781,86.0,2592866
2026-06-09,89.9000015258789,89.9000015258789,90.1500015258789,88.1500015258789,88.30000305175781,1550780
2026-06-10,87.3499984741211,87.3499984741211,89.19999694824219,87.19999694824219,88.80000305175781,2404981
2026-06-11,86.9000015258789,86.9000015258789,87.4000015258789,85.30000305175781,87.0,2440595
2026-06-12,88.5999984741211,88.5999984741211,89.5999984741211,88.5,89.4000015258789,861883
2026-06-15,91.05000305175781,91.05000305175781,91.4000015258789,90.6500015258789,91.25,1321761
2026-06-16,91.6500015258789,91.6500015258789,91.80000305175781,90.80000305175781,91.5,1179609
2026-06-17,91.6500015258789,91.6500015258789,91.69999694824219,90.5999984741211,91.0,1855392
2026-06-18,92.80000305175781,92.80000305175781,92.9000015258789,92.05000305175781,92.5,1880374
2026-06-22,95.8499984741211,95.8499984741211,95.94999694824219,94.44999694824219,94.44999694824219,1962277
2026-06-23,95.05000305175781,95.05000305175781,96.5999984741211,94.94999694824219,96.44999694824219,2331185
