Date,Adj Close_00881.TW,Close_00881.TW,High_00881.TW,Low_00881.TW,Open_00881.TW,Volume_00881.TW
2021-01-04,11.058250427246094,15.609999656677246,15.619999885559082,15.3100004196167,15.369999885559082,43790332
2021-01-05,11.171595573425293,15.770000457763672,15.770000457763672,15.579999923706055,15.619999885559082,40946298
2021-01-06,11.228267669677734,15.850000381469727,16.139999389648438,15.6899995803833,15.899999618530273,67198727
2021-01-07,11.419537544250488,16.1200008392334,16.149999618530273,15.90999984741211,16.0,34794739
2021-01-08,11.639144897460938,16.43000030517578,16.43000030517578,16.209999084472656,16.25,46352000
2021-01-11,12.205870628356934,17.229999542236328,17.25,16.459999084472656,16.5,83698316
2021-01-12,11.724151611328125,16.549999237060547,16.860000610351562,16.520000457763672,16.799999237060547,122820942
2021-01-13,11.979179382324219,16.90999984741211,16.93000030517578,16.600000381469727,16.600000381469727,59819918
2021-01-14,12.050020217895508,17.010000228881836,17.100000381469727,16.850000381469727,16.90999984741211,67147249
2021-01-15,12.050020217895508,17.010000228881836,17.5,16.969999313354492,17.43000030517578,96842640
2021-01-18,11.99334716796875,16.93000030517578,17.049999237060547,16.549999237060547,17.010000228881836,63749919
2021-01-19,12.31213092803955,17.3799991607666,17.399999618530273,17.1299991607666,17.139999389648438,86521418
2021-01-20,12.3192138671875,17.389999389648438,17.600000381469727,17.280000686645508,17.520000457763672,106594905
2021-01-21,12.751344680786133,18.0,18.049999237060547,17.5,17.5,120833954
2021-01-22,13.105546951293945,18.5,18.899999618530273,17.799999237060547,18.0,213223949
2021-01-25,12.680501937866211,17.899999618530273,18.110000610351562,17.700000762939453,18.020000457763672,266638801
2021-01-26,12.404224395751953,17.510000228881836,18.020000457763672,17.459999084472656,17.899999618530273,174036981
2021-01-27,12.475066184997559,17.610000610351562,17.760000228881836,17.469999313354492,17.579999923706055,80533204
2021-01-28,12.156281471252441,17.15999984741211,17.420000076293945,17.100000381469727,17.270000457763672,112706529
2021-01-29,11.922507286071777,16.829999923706055,17.399999618530273,16.829999923706055,17.389999389648438,125538221
2021-02-01,12.135027885437012,17.1299991607666,17.15999984741211,16.600000381469727,16.799999237060547,82038720
2021-02-02,12.432559967041016,17.549999237060547,17.649999618530273,17.31999969482422,17.329999923706055,88976971
2021-02-03,12.482148170471191,17.6200008392334,17.790000915527344,17.549999237060547,17.790000915527344,51708653
2021-02-04,12.368802070617676,17.459999084472656,17.6200008392334,17.350000381469727,17.549999237060547,50956851
2021-02-05,12.475066184997559,17.610000610351562,17.770000457763672,17.579999923706055,17.610000610351562,64809742
2021-02-17,12.843437194824219,18.1299991607666,18.329999923706055,18.079999923706055,18.079999923706055,88822214
2021-02-18,12.871772766113281,18.170000076293945,18.280000686645508,18.030000686645508,18.1299991607666,57059617
2021-02-19,12.779683113098145,18.040000915527344,18.110000610351562,17.90999984741211,18.100000381469727,67416857
2021-02-22,12.808016777038574,18.079999923706055,18.290000915527344,18.049999237060547,18.1299991607666,52125054
2021-02-23,12.751344680786133,18.0,18.030000686645508,17.780000686645508,17.959999084472656,58276338
2021-02-24,12.602578163146973,17.790000915527344,18.020000457763672,17.770000457763672,17.93000030517578,73612309
2021-02-25,12.715924263000488,17.950000762939453,18.040000915527344,17.81999969482422,18.0,39464386
2021-02-26,12.425477981567383,17.540000915527344,17.719999313354492,17.5,17.600000381469727,137306439
2021-03-02,12.290879249572754,17.350000381469727,17.75,17.350000381469727,17.75,69812488
2021-03-03,12.453811645507812,17.579999923706055,17.579999923706055,17.229999542236328,17.3700008392334,36300884
2021-03-04,12.184617042541504,17.200000762939453,17.450000762939453,17.1200008392334,17.450000762939453,93024967
2021-03-05,12.106694221496582,17.09000015258789,17.190000534057617,16.860000610351562,16.899999618530273,73215007
2021-03-08,12.042936325073242,17.0,17.309999465942383,17.0,17.299999237060547,65542463
2021-03-09,11.99334716796875,16.93000030517578,17.0,16.739999771118164,16.899999618530273,75703850
2021-03-10,12.000432014465332,16.940000534057617,17.09000015258789,16.93000030517578,17.049999237060547,35742630
2021-03-11,12.269627571105957,17.31999969482422,17.34000015258789,17.0,17.0,41149086
2021-03-12,12.3192138671875,17.389999389648438,17.5,17.329999923706055,17.450000762939453,29249268
2021-03-15,12.305047988891602,17.3700008392334,17.399999618530273,17.299999237060547,17.399999618530273,22115208
2021-03-16,12.368802070617676,17.459999084472656,17.5,17.389999389648438,17.389999389648438,25966139
2021-03-17,12.354636192321777,17.440000534057617,17.6200008392334,17.40999984741211,17.479999542236328,31388367
2021-03-18,12.446727752685547,17.56999969482422,17.719999313354492,17.540000915527344,17.549999237060547,43499233
2021-03-19,12.276710510253906,17.329999923706055,17.459999084472656,17.280000686645508,17.459999084472656,47567281
2021-03-22,12.326298713684082,17.399999618530273,17.420000076293945,17.190000534057617,17.329999923706055,29955702
2021-03-23,12.33338451385498,17.40999984741211,17.600000381469727,17.399999618530273,17.5,25986525
2021-03-24,12.234207153320312,17.270000457763672,17.3700008392334,17.229999542236328,17.280000686645508,31765105
2021-03-25,12.290879249572754,17.350000381469727,17.440000534057617,17.15999984741211,17.239999771118164,32727916
2021-03-26,12.439645767211914,17.559999465942383,17.59000015258789,17.399999618530273,17.450000762939453,41388686
2021-03-29,12.53882122039795,17.700000762939453,17.799999237060547,17.690000534057617,17.719999313354492,53949961
2021-03-30,12.659252166748047,17.8700008392334,17.8700008392334,17.690000534057617,17.770000457763672,52830213
2021-03-31,12.53882122039795,17.700000762939453,17.84000015258789,17.690000534057617,17.81999969482422,32787791
2021-04-01,12.545904159545898,17.709999084472656,17.829999923706055,17.670000076293945,17.799999237060547,22703189
2021-04-07,12.744258880615234,17.989999771118164,18.020000457763672,17.8799991607666,18.0,35960845
2021-04-08,12.857605934143066,18.149999618530273,18.149999618530273,17.8799991607666,17.989999771118164,65897573
2021-04-09,12.758427619934082,18.010000228881836,18.239999771118164,18.010000228881836,18.190000534057617,40881273
2021-04-12,12.637996673583984,17.84000015258789,18.049999237060547,17.780000686645508,18.020000457763672,38291450
2021-04-13,12.581326484680176,17.760000228881836,18.0,17.75,17.84000015258789,33381339
2021-04-14,12.595494270324707,17.780000686645508,17.899999618530273,17.5,17.799999237060547,57151019
2021-04-15,12.680501937866211,17.899999618530273,17.899999618530273,17.68000030517578,17.799999237060547,28520417
2021-04-16,12.72300910949707,17.959999084472656,18.0,17.8799991607666,17.899999618530273,35260097
2021-04-19,12.673418045043945,17.889999389648438,17.979999542236328,17.860000610351562,17.979999542236328,27227874
2021-04-20,12.72300910949707,17.959999084472656,17.989999771118164,17.799999237060547,17.8799991607666,28101014
2021-04-21,12.630915641784668,17.829999923706055,17.959999084472656,17.81999969482422,17.959999084472656,27930935
2021-04-22,12.581326484680176,17.760000228881836,17.950000762939453,17.75,17.899999618530273,37270683
2021-04-23,12.779683113098145,18.040000915527344,18.040000915527344,17.75,17.760000228881836,64040429
2021-04-26,12.992202758789062,18.34000015258789,18.3700008392334,18.18000030517578,18.200000762939453,85292906
2021-04-27,13.013457298278809,18.3700008392334,18.5,18.34000015258789,18.40999984741211,44105384
2021-04-28,12.999286651611328,18.350000381469727,18.420000076293945,18.270000457763672,18.3799991607666,25557971
2021-04-29,13.176387786865234,18.600000381469727,18.690000534057617,18.530000686645508,18.530000686645508,66907972
2021-05-03,12.751344680786133,18.0,18.489999771118164,17.979999542236328,18.489999771118164,69477217
2021-05-04,12.581326484680176,17.760000228881836,18.0,17.399999618530273,18.0,77187192
2021-05-05,12.382970809936523,17.479999542236328,17.81999969482422,17.479999542236328,17.760000228881836,58554306
2021-05-06,12.503400802612305,17.649999618530273,17.760000228881836,17.450000762939453,17.540000915527344,33453462
2021-05-07,12.779683113098145,18.040000915527344,18.049999237060547,17.780000686645508,17.790000915527344,39035657
2021-05-10,12.53882122039795,17.700000762939453,17.989999771118164,17.649999618530273,17.989999771118164,43431374
2021-05-11,12.198784828186035,17.219999313354492,17.399999618530273,17.110000610351562,17.350000381469727,81997753
2021-05-12,11.66748046875,16.469999313354492,16.84000015258789,16.0,16.760000228881836,156968446
2021-05-13,11.490377426147461,16.219999313354492,16.579999923706055,15.819999694824219,16.100000381469727,95939846
2021-05-14,11.603721618652344,16.3799991607666,16.639999389648438,16.299999237060547,16.440000534057617,56895223
2021-05-17,11.412453651428223,16.110000610351562,16.3700008392334,15.710000038146973,15.710000038146973,76840994
2021-05-18,11.972094535827637,16.899999618530273,16.90999984741211,16.260000228881836,16.299999237060547,51248081
2021-05-19,11.851666450500488,16.729999542236328,16.969999313354492,16.649999618530273,16.920000076293945,29890863
2021-05-20,11.724151611328125,16.549999237060547,16.75,16.520000457763672,16.75,21209690
2021-05-21,11.936674118041992,16.850000381469727,16.989999771118164,16.75,16.75,27003708
2021-05-24,11.9862642288208,16.920000076293945,16.969999313354492,16.709999084472656,16.75,20670914
2021-05-25,12.241291999816895,17.280000686645508,17.350000381469727,17.049999237060547,17.049999237060547,38184640
2021-05-26,12.19170093536377,17.209999084472656,17.3700008392334,17.15999984741211,17.350000381469727,14600839
2021-05-27,12.135027885437012,17.1299991607666,17.15999984741211,16.959999084472656,17.1200008392334,21612700
2021-05-28,12.283796310424805,17.34000015258789,17.350000381469727,17.209999084472656,17.280000686645508,27244835
2021-05-31,12.482148170471191,17.6200008392334,17.68000030517578,17.350000381469727,17.3700008392334,45359386
2021-06-01,12.482148170471191,17.6200008392334,17.799999237060547,17.610000610351562,17.690000534057617,25739396
2021-06-02,12.361721992492676,17.450000762939453,17.709999084472656,17.399999618530273,17.649999618530273,23240007
2021-06-03,12.432559967041016,17.549999237060547,17.6299991607666,17.5,17.549999237060547,22664134
2021-06-04,12.361721992492676,17.450000762939453,17.459999084472656,17.360000610351562,17.459999084472656,16614885
2021-06-07,12.368802070617676,17.459999084472656,17.489999771118164,17.100000381469727,17.459999084472656,26486384
2021-06-08,12.33338451385498,17.40999984741211,17.540000915527344,17.399999618530273,17.479999542236328,13666187
2021-06-09,12.283796310424805,17.34000015258789,17.399999618530273,17.270000457763672,17.3799991607666,11897061
2021-06-10,12.48923397064209,17.6299991607666,17.6299991607666,17.389999389648438,17.399999618530273,28832911
2021-06-11,12.503400802612305,17.649999618530273,17.770000457763672,17.649999618530273,17.690000534057617,23301255
2021-06-15,12.623831748962402,17.81999969482422,17.860000610351562,17.739999771118164,17.739999771118164,19920816
2021-06-16,12.567158699035645,17.739999771118164,17.809999465942383,17.700000762939453,17.799999237060547,14640170
2021-06-17,12.602578163146973,17.790000915527344,17.790000915527344,17.59000015258789,17.670000076293945,12965296
2021-06-18,12.560073852539062,17.729999542236328,17.850000381469727,17.729999542236328,17.84000015258789,15378060
2021-06-21,12.290879249572754,17.350000381469727,17.670000076293945,17.309999465942383,17.649999618530273,31796619
2021-06-22,12.2129545211792,17.239999771118164,17.469999313354492,17.219999313354492,17.43000030517578,19217604
2021-06-23,12.475066184997559,17.610000610351562,17.6200008392334,17.299999237060547,17.329999923706055,21980677
2021-06-24,12.467981338500977,17.600000381469727,17.690000534057617,17.56999969482422,17.6200008392334,11493837
2021-06-25,12.475066184997559,17.610000610351562,17.790000915527344,17.59000015258789,17.700000762939453,23114408
2021-06-28,12.467981338500977,17.600000381469727,17.639999389648438,17.5,17.6200008392334,9645505
2021-06-29,12.53882122039795,17.700000762939453,17.770000457763672,17.68000030517578,17.700000762939453,25335985
2021-06-30,12.602578163146973,17.790000915527344,17.90999984741211,17.75,17.75,32131351
2021-07-01,12.510485649108887,17.65999984741211,17.829999923706055,17.649999618530273,17.81999969482422,12672645
2021-07-02,12.53882122039795,17.700000762939453,17.75,17.639999389648438,17.65999984741211,14148322
2021-07-05,12.737174034118652,17.979999542236328,18.010000228881836,17.770000457763672,17.770000457763672,40675542
2021-07-06,12.694672584533691,17.920000076293945,18.079999923706055,17.90999984741211,18.010000228881836,17961814
2021-07-07,12.701757431030273,17.93000030517578,17.989999771118164,17.8700008392334,17.920000076293945,18040256
2021-07-08,12.730090141296387,17.969999313354492,18.030000686645508,17.889999389648438,17.969999313354492,17298547
2021-07-09,12.602578163146973,17.790000915527344,17.84000015258789,17.709999084472656,17.809999465942383,13552395
2021-07-12,12.76551342010498,18.020000457763672,18.049999237060547,17.959999084472656,17.989999771118164,39490892
2021-07-13,12.857605934143066,18.149999618530273,18.280000686645508,18.09000015258789,18.100000381469727,40004061
2021-07-14,12.90010929107666,18.209999084472656,18.299999237060547,18.149999618530273,18.229999542236328,40779052
2021-07-15,12.999286651611328,18.350000381469727,18.350000381469727,18.239999771118164,18.25,31134606
2021-07-16,12.90010929107666,18.209999084472656,18.219999313354492,18.030000686645508,18.06999969482422,17778701
2021-07-19,12.744258880615234,17.989999771118164,18.149999618530273,17.899999618530273,18.149999618530273,16655025
2021-07-20,12.637996673583984,17.84000015258789,17.989999771118164,17.809999465942383,17.8799991607666,16127834
2021-07-21,12.595494270324707,17.780000686645508,17.979999542236328,17.700000762939453,17.950000762939453,14395738
2021-07-22,12.737174034118652,17.979999542236328,18.09000015258789,17.90999984741211,17.93000030517578,17257599
2021-07-23,12.701757431030273,17.93000030517578,18.110000610351562,17.90999984741211,18.059999465942383,10997056
2021-07-26,12.637996673583984,17.84000015258789,18.020000457763672,17.829999923706055,18.0,8873812
2021-07-27,12.694672584533691,17.920000076293945,18.020000457763672,17.8799991607666,17.8799991607666,10868672
2021-07-28,12.48923397064209,17.6299991607666,17.860000610351562,17.440000534057617,17.860000610351562,23246840
2021-07-29,12.694672584533691,17.920000076293945,17.920000076293945,17.709999084472656,17.780000686645508,10546819
2021-07-30,12.630915641784668,17.829999923706055,17.93000030517578,17.809999465942383,17.93000030517578,7610433
2021-08-02,12.77259635925293,18.030000686645508,18.030000686645508,17.8700008392334,17.889999389648438,15270606
2021-08-03,12.829269409179688,18.110000610351562,18.1200008392334,18.030000686645508,18.059999465942383,16874564
2021-08-04,12.935530662536621,18.260000228881836,18.290000915527344,18.139999389648438,18.139999389648438,27474573
2021-08-05,13.04887580871582,18.420000076293945,18.450000762939453,18.270000457763672,18.280000686645508,26455886
2021-08-06,12.978034973144531,18.31999969482422,18.420000076293945,18.200000762939453,18.420000076293945,14113766
2021-08-09,12.885942459106445,18.190000534057617,18.299999237060547,18.09000015258789,18.299999237060547,12899456
2021-08-10,12.808016777038574,18.079999923706055,18.280000686645508,18.040000915527344,18.239999771118164,31698362
2021-08-11,12.730090141296387,17.969999313354492,18.06999969482422,17.90999984741211,18.049999237060547,29579227
2021-08-12,12.730090141296387,17.969999313354492,18.09000015258789,17.959999084472656,18.0,16586891
2021-08-13,12.588412284851074,17.770000457763672,18.0,17.770000457763672,18.0,46006289
2021-08-16,12.453811645507812,17.579999923706055,17.770000457763672,17.510000228881836,17.770000457763672,53163136
2021-08-17,12.388036727905273,16.950000762939453,17.18000030517578,16.940000534057617,17.18000030517578,50768230
2021-08-18,12.439196586608887,17.020000457763672,17.020000457763672,16.649999618530273,16.780000686645508,36328959
2021-08-19,12.154159545898438,16.6299991607666,16.989999771118164,16.6200008392334,16.989999771118164,48800414
2021-08-20,12.110308647155762,16.56999969482422,16.729999542236328,16.420000076293945,16.649999618530273,25374487
2021-08-23,12.446504592895508,17.030000686645508,17.049999237060547,16.719999313354492,16.719999313354492,14916106
2021-08-24,12.468430519104004,17.059999465942383,17.149999618530273,17.030000686645508,17.149999618530273,10134869
2021-08-25,12.570749282836914,17.200000762939453,17.229999542236328,17.110000610351562,17.1200008392334,10278137
2021-08-26,12.585366249084473,17.219999313354492,17.3799991607666,17.1299991607666,17.350000381469727,18484433
2021-08-27,12.658452987670898,17.31999969482422,17.360000610351562,17.1299991607666,17.200000762939453,9781711
2021-08-30,12.768081665039062,17.469999313354492,17.469999313354492,17.3700008392334,17.399999618530273,11421051
2021-08-31,12.826549530029297,17.549999237060547,17.549999237060547,17.290000915527344,17.489999771118164,15458355
2021-09-01,12.98003101348877,17.760000228881836,17.790000915527344,17.549999237060547,17.549999237060547,28245202
2021-09-02,12.914253234863281,17.670000076293945,17.920000076293945,17.670000076293945,17.75,29505045
2021-09-03,13.089659690856934,17.90999984741211,17.93000030517578,17.719999313354492,17.75,35464626
2021-09-06,13.075039863586426,17.889999389648438,18.030000686645508,17.8700008392334,17.899999618530273,33878434
2021-09-07,12.972721099853516,17.75,17.93000030517578,17.65999984741211,17.899999618530273,14775760
2021-09-08,12.811933517456055,17.530000686645508,17.770000457763672,17.450000762939453,17.709999084472656,25438397
2021-09-09,12.819242477416992,17.540000915527344,17.600000381469727,17.399999618530273,17.479999542236328,9999029
2021-09-10,12.958104133605957,17.729999542236328,17.739999771118164,17.540000915527344,17.540000915527344,14164274
2021-09-13,12.885019302368164,17.6299991607666,17.75,17.59000015258789,17.729999542236328,8791240
2021-09-14,12.936180114746094,17.700000762939453,17.729999542236328,17.6299991607666,17.649999618530273,6884073
2021-09-15,12.855785369873047,17.59000015258789,17.690000534057617,17.520000457763672,17.690000534057617,10061341
2021-09-16,12.8046236038208,17.520000457763672,17.649999618530273,17.450000762939453,17.600000381469727,15829492
2021-09-17,12.892328262329102,17.639999389648438,17.690000534057617,17.450000762939453,17.520000457763672,10490653
2021-09-22,12.658452987670898,17.31999969482422,17.329999923706055,17.200000762939453,17.290000915527344,41411039
2021-09-23,12.746156692504883,17.440000534057617,17.489999771118164,17.3700008392334,17.399999618530273,7083866
2021-09-24,12.826549530029297,17.549999237060547,17.56999969482422,17.5,17.5,5332604
2021-09-27,12.863093376159668,17.600000381469727,17.65999984741211,17.530000686645508,17.559999465942383,11290784
2021-09-28,12.782697677612305,17.489999771118164,17.56999969482422,17.399999618530273,17.56999969482422,9323220
2021-09-29,12.534207344055176,17.149999618530273,17.260000228881836,17.100000381469727,17.260000228881836,54446824
2021-09-30,12.5195894241333,17.1299991607666,17.18000030517578,16.950000762939453,17.149999618530273,27889161
2021-10-01,12.285715103149414,16.809999465942383,17.030000686645508,16.75,17.030000686645508,65508172
2021-10-04,12.183395385742188,16.670000076293945,16.940000534057617,16.6299991607666,16.899999618530273,26972386
2021-10-05,12.161469459533691,16.639999389648438,16.670000076293945,16.3799991607666,16.540000915527344,39540078
2021-10-06,12.161469459533691,16.639999389648438,16.780000686645508,16.549999237060547,16.780000686645508,25835854
2021-10-07,12.453811645507812,17.040000915527344,17.079999923706055,16.780000686645508,16.790000915527344,20782701
2021-10-08,12.402653694152832,16.969999313354492,17.1200008392334,16.93000030517578,17.1200008392334,11821259
2021-10-12,12.21993637084961,16.719999313354492,16.799999237060547,16.649999618530273,16.799999237060547,24059434
2021-10-13,12.081074714660645,16.530000686645508,16.790000915527344,16.520000457763672,16.75,26433232
2021-10-14,12.103002548217773,16.559999465942383,16.729999542236328,16.5,16.719999313354492,14584037
2021-10-15,12.424579620361328,17.0,17.0,16.770000457763672,16.790000915527344,21535721
2021-10-18,12.329567909240723,16.8700008392334,17.079999923706055,16.860000610351562,17.049999237060547,16943828
2021-10-19,12.497664451599121,17.100000381469727,17.139999389648438,16.950000762939453,16.950000762939453,15537064
2021-10-20,12.497664451599121,17.100000381469727,17.190000534057617,17.079999923706055,17.110000610351562,12629579
2021-10-21,12.439196586608887,17.020000457763672,17.229999542236328,17.0,17.100000381469727,14752734
2021-10-22,12.4903564453125,17.09000015258789,17.1299991607666,16.989999771118164,17.06999969482422,10225658
2021-10-25,12.504974365234375,17.110000610351562,17.149999618530273,16.950000762939453,17.079999923706055,9545203
2021-10-26,12.636528968811035,17.290000915527344,17.31999969482422,17.1200008392334,17.1200008392334,25386496
2021-10-27,12.716920852661133,17.399999618530273,17.399999618530273,17.260000228881836,17.299999237060547,20560934
2021-10-28,12.687687873840332,17.360000610351562,17.43000030517578,17.299999237060547,17.3799991607666,10526378
2021-10-29,12.607292175292969,17.25,17.3799991607666,17.209999084472656,17.3799991607666,13930329
2021-11-01,12.680378913879395,17.350000381469727,17.389999389648438,17.299999237060547,17.329999923706055,11894608
2021-11-02,12.702303886413574,17.3799991607666,17.540000915527344,17.31999969482422,17.399999618530273,18628317
2021-11-03,12.709611892700195,17.389999389648438,17.450000762939453,17.3799991607666,17.40999984741211,8339369
2021-11-04,12.709611892700195,17.389999389648438,17.530000686645508,17.3799991607666,17.5,10295086
2021-11-05,12.899636268615723,17.649999618530273,17.65999984741211,17.479999542236328,17.479999542236328,37655297
2021-11-08,12.98003101348877,17.760000228881836,17.770000457763672,17.6299991607666,17.700000762939453,15846497
2021-11-09,13.118892669677734,17.950000762939453,18.030000686645508,17.8799991607666,17.8799991607666,48050165
2021-11-10,13.14081859588623,17.979999542236328,17.979999542236328,17.8799991607666,17.950000762939453,17333143
2021-11-11,13.031189918518066,17.829999923706055,17.889999389648438,17.739999771118164,17.81999969482422,10265297
2021-11-12,13.155435562133789,18.0,18.100000381469727,17.899999618530273,17.899999618530273,39536116
2021-11-15,13.272372245788574,18.15999984741211,18.219999313354492,18.110000610351562,18.110000610351562,33470168
2021-11-16,13.301607131958008,18.200000762939453,18.25,18.15999984741211,18.190000534057617,21656366
2021-11-17,13.345458984375,18.260000228881836,18.3700008392334,18.239999771118164,18.290000915527344,19602579
2021-11-18,13.42585563659668,18.3700008392334,18.3799991607666,18.260000228881836,18.31999969482422,23433340
2021-11-19,13.484322547912598,18.450000762939453,18.540000915527344,18.3799991607666,18.450000762939453,23768054
2021-11-22,13.447779655456543,18.399999618530273,18.479999542236328,18.3700008392334,18.450000762939453,13766362
2021-11-23,13.272372245788574,18.15999984741211,18.329999923706055,18.149999618530273,18.31999969482422,17008641
2021-11-24,13.199286460876465,18.059999465942383,18.200000762939453,18.0,18.1299991607666,16044896
2021-11-25,13.221213340759277,18.09000015258789,18.1299991607666,18.010000228881836,18.079999923706055,6446090
2021-11-26,13.001956939697266,17.790000915527344,18.020000457763672,17.770000457763672,18.010000228881836,23859985
2021-11-29,13.031189918518066,17.829999923706055,17.93000030517578,17.610000610351562,17.610000610351562,17010714
2021-11-30,13.118892669677734,17.950000762939453,18.149999618530273,17.90999984741211,18.010000228881836,15076287
2021-12-01,13.32353401184082,18.229999542236328,18.270000457763672,17.920000076293945,17.920000076293945,21264545
2021-12-02,13.411235809326172,18.350000381469727,18.469999313354492,18.170000076293945,18.209999084472656,23748727
2021-12-03,13.403928756713867,18.34000015258789,18.399999618530273,18.260000228881836,18.389999389648438,10739141
2021-12-06,13.382001876831055,18.309999465942383,18.3700008392334,18.1299991607666,18.270000457763672,13444685
2021-12-07,13.360076904296875,18.280000686645508,18.31999969482422,18.15999984741211,18.309999465942383,9730514
2021-12-08,13.440468788146973,18.389999389648438,18.549999237060547,18.3799991607666,18.43000030517578,19373641
2021-12-09,13.403928756713867,18.34000015258789,18.43000030517578,18.280000686645508,18.389999389648438,5566726
2021-12-10,13.396617889404297,18.329999923706055,18.34000015258789,18.200000762939453,18.290000915527344,5692916
2021-12-13,13.367385864257812,18.290000915527344,18.399999618530273,18.290000915527344,18.350000381469727,6905016
2021-12-14,13.228523254394531,18.100000381469727,18.200000762939453,18.059999465942383,18.200000762939453,10000391
2021-12-15,13.243138313293457,18.1200008392334,18.15999984741211,18.040000915527344,18.100000381469727,6524493
2021-12-16,13.42585563659668,18.3700008392334,18.3700008392334,18.270000457763672,18.280000686645508,14396518
2021-12-17,13.382001876831055,18.309999465942383,18.350000381469727,18.229999542236328,18.25,7379601
2021-12-20,13.26506519317627,18.149999618530273,18.309999465942383,18.100000381469727,18.309999465942383,9599737
2021-12-21,13.418546676635742,18.360000610351562,18.389999389648438,18.149999618530273,18.149999618530273,13845443
2021-12-22,13.469705581665039,18.43000030517578,18.440000534057617,18.3700008392334,18.399999618530273,10902336
2021-12-23,13.550100326538086,18.540000915527344,18.600000381469727,18.489999771118164,18.489999771118164,21484041
2021-12-24,13.593950271606445,18.600000381469727,18.68000030517578,18.56999969482422,18.59000015258789,19749149
2021-12-27,13.74012279510498,18.799999237060547,18.8799991607666,18.6299991607666,18.6299991607666,22401464
2021-12-28,13.857059478759766,18.959999084472656,18.979999542236328,18.889999389648438,18.889999389648438,18233906
2021-12-29,13.900912284851074,19.020000457763672,19.049999237060547,18.959999084472656,18.979999542236328,19434272
2021-12-30,13.878986358642578,18.989999771118164,19.040000915527344,18.940000534057617,19.020000457763672,10266952
2022-01-03,13.864367485046387,18.969999313354492,19.209999084472656,18.969999313354492,19.049999237060547,16699079
2022-01-04,14.076318740844727,19.260000228881836,19.260000228881836,19.15999984741211,19.15999984741211,21922361
2022-01-05,14.120168685913086,19.31999969482422,19.43000030517578,19.290000915527344,19.299999237060547,24194974
2022-01-06,13.893603324890137,19.010000228881836,19.190000534057617,18.90999984741211,19.190000534057617,33882398
2022-01-07,13.76204776763916,18.829999923706055,19.149999618530273,18.75,19.059999465942383,36555282
2022-01-10,13.76204776763916,18.829999923706055,18.829999923706055,18.59000015258789,18.700000762939453,21490779
2022-01-11,13.703579902648926,18.75,18.829999923706055,18.649999618530273,18.829999923706055,21546448
2022-01-12,13.74012279510498,18.799999237060547,18.899999618530273,18.739999771118164,18.799999237060547,15537522
2022-01-13,13.798589706420898,18.8799991607666,18.93000030517578,18.809999465942383,18.850000381469727,19454879
2022-01-14,13.725506782531738,18.780000686645508,18.920000076293945,18.6200008392334,18.920000076293945,35490218
2022-01-17,13.930145263671875,19.059999465942383,19.059999465942383,18.8700008392334,18.899999618530273,28932126
2022-01-18,13.892436027526855,18.420000076293945,18.639999389648438,18.420000076293945,18.530000686645508,51859847
2022-01-19,13.726510047912598,18.200000762939453,18.350000381469727,18.200000762939453,18.350000381469727,32885789
2022-01-20,13.703883171081543,18.170000076293945,18.229999542236328,18.049999237060547,18.200000762939453,26337488
2022-01-21,13.454997062683105,17.84000015258789,18.049999237060547,17.84000015258789,18.049999237060547,45502978
2022-01-24,13.61337947845459,18.049999237060547,18.059999465942383,17.700000762939453,17.809999465942383,25951241
2022-01-25,13.432369232177734,17.809999465942383,17.90999984741211,17.770000457763672,17.899999618530273,37107009
2022-01-26,13.341866493225098,17.690000534057617,17.809999465942383,17.68000030517578,17.75,28523418
2022-02-07,13.3267822265625,17.670000076293945,17.8799991607666,17.540000915527344,17.8700008392334,28841728
2022-02-08,13.417287826538086,17.790000915527344,17.850000381469727,17.739999771118164,17.770000457763672,18276575
2022-02-09,13.537960052490234,17.950000762939453,17.959999084472656,17.790000915527344,17.860000610351562,17199227
2022-02-10,13.66617202758789,18.1200008392334,18.1200008392334,17.950000762939453,18.0,12553309
2022-02-11,13.620922088623047,18.059999465942383,18.100000381469727,17.959999084472656,18.049999237060547,14660309
2022-02-14,13.311697959899902,17.649999618530273,17.850000381469727,17.6200008392334,17.850000381469727,37144655
2022-02-15,13.296613693237305,17.6299991607666,17.770000457763672,17.600000381469727,17.649999618530273,27246826
2022-02-16,13.507791519165039,17.90999984741211,17.940000534057617,17.829999923706055,17.850000381469727,14858447
2022-02-17,13.50024700164795,17.899999618530273,18.0,17.860000610351562,17.950000762939453,14580982
2022-02-18,13.477624893188477,17.8700008392334,17.8799991607666,17.729999542236328,17.799999237060547,10818634
2022-02-21,13.462538719177246,17.850000381469727,17.8700008392334,17.68000030517578,17.780000686645508,11112693
2022-02-22,13.289072036743164,17.6200008392334,17.729999542236328,17.5,17.719999313354492,39599068
2022-02-23,13.356948852539062,17.709999084472656,17.709999084472656,17.59000015258789,17.610000610351562,11366655
2022-02-24,13.002474784851074,17.239999771118164,17.520000457763672,17.209999084472656,17.510000228881836,49752781
2022-02-25,12.994932174682617,17.229999542236328,17.350000381469727,17.200000762939453,17.270000457763672,28576733
2022-03-01,13.22119426727295,17.530000686645508,17.59000015258789,17.31999969482422,17.31999969482422,16565229
2022-03-02,13.138232231140137,17.420000076293945,17.469999313354492,17.350000381469727,17.469999313354492,15900323
2022-03-03,13.160858154296875,17.450000762939453,17.56999969482422,17.43000030517578,17.530000686645508,11420297
2022-03-04,12.987388610839844,17.219999313354492,17.299999237060547,17.209999084472656,17.280000686645508,26669820
2022-03-07,12.632915496826172,16.75,17.010000228881836,16.75,17.0,79565100
2022-03-08,12.233185768127441,16.219999313354492,16.540000915527344,16.219999313354492,16.389999389648438,84704021
2022-03-09,12.384027481079102,16.420000076293945,16.459999084472656,16.31999969482422,16.31999969482422,34004841
2022-03-10,12.746044158935547,16.899999618530273,16.940000534057617,16.75,16.75,21301904
2022-03-11,12.580121040344238,16.68000030517578,16.8799991607666,16.649999618530273,16.8799991607666,22484034
2022-03-14,12.444364547729492,16.5,16.790000915527344,16.469999313354492,16.75,27594912
2022-03-15,12.150225639343262,16.110000610351562,16.40999984741211,16.09000015258789,16.40999984741211,72308859
2022-03-16,12.180391311645508,16.149999618530273,16.280000686645508,16.020000457763672,16.260000228881836,38739415
2022-03-17,12.655542373657227,16.780000686645508,16.799999237060547,16.56999969482422,16.579999923706055,27354669
2022-03-18,12.617831230163574,16.729999542236328,16.799999237060547,16.6200008392334,16.799999237060547,15277596
2022-03-21,12.693251609802246,16.829999923706055,16.920000076293945,16.81999969482422,16.84000015258789,12589402
2022-03-22,12.670623779296875,16.799999237060547,16.84000015258789,16.770000457763672,16.84000015258789,11475625
2022-03-23,12.783756256103516,16.950000762939453,17.0,16.8799991607666,16.920000076293945,11890771
2022-03-24,12.783756256103516,16.950000762939453,16.969999313354492,16.81999969482422,16.899999618530273,14474763
2022-03-25,12.806381225585938,16.979999542236328,17.020000457763672,16.93000030517578,17.010000228881836,12544295
2022-03-28,12.655542373657227,16.780000686645508,16.8700008392334,16.6299991607666,16.8700008392334,19169626
2022-03-29,12.617831230163574,16.729999542236328,16.81999969482422,16.68000030517578,16.81999969482422,17598906
2022-03-30,12.73095989227295,16.8799991607666,16.90999984741211,16.799999237060547,16.850000381469727,12482613
2022-03-31,12.678166389465332,16.809999465942383,16.899999618530273,16.799999237060547,16.8799991607666,10313814
2022-04-01,12.549952507019043,16.639999389648438,16.649999618530273,16.559999465942383,16.649999618530273,23634404
2022-04-06,12.376485824584961,16.40999984741211,16.469999313354492,16.309999465942383,16.469999313354492,39381152
2022-04-07,12.150225639343262,16.110000610351562,16.299999237060547,16.110000610351562,16.299999237060547,63807456
2022-04-08,12.097431182861328,16.040000915527344,16.1299991607666,16.010000228881836,16.1200008392334,63835154
2022-04-11,11.833457946777344,15.6899995803833,16.020000457763672,15.6899995803833,16.010000228881836,86653886
2022-04-12,11.8410005569458,15.699999809265137,15.800000190734863,15.550000190734863,15.649999618530273,37519749
2022-04-13,12.097431182861328,16.040000915527344,16.049999237060547,15.800000190734863,15.8100004196167,23734759
2022-04-14,12.089888572692871,16.030000686645508,16.06999969482422,15.960000038146973,16.06999969482422,19612907
2022-04-15,11.825916290283203,15.680000305175781,15.850000381469727,15.680000305175781,15.850000381469727,52622210
2022-04-18,11.803289413452148,15.649999618530273,15.729999542236328,15.520000457763672,15.600000381469727,21759097
2022-04-19,11.8410005569458,15.699999809265137,15.869999885559082,15.699999809265137,15.770000457763672,15557830
2022-04-20,11.931504249572754,15.819999694824219,15.850000381469727,15.739999771118164,15.819999694824219,18727411
2022-04-21,11.991840362548828,15.899999618530273,16.0,15.880000114440918,15.880000114440918,15128002
2022-04-22,11.848543167114258,15.710000038146973,15.720000267028809,15.630000114440918,15.680000305175781,38364815
2022-04-25,11.561944007873535,15.329999923706055,15.489999771118164,15.300000190734863,15.479999542236328,45750437
2022-04-26,11.54686164855957,15.3100004196167,15.420000076293945,15.260000228881836,15.40999984741211,19944652
2022-04-27,11.380936622619629,15.09000015258789,15.119999885559082,14.930000305175781,15.039999961853027,56795283
2022-04-28,11.48652458190918,15.229999542236328,15.350000381469727,15.079999923706055,15.180000305175781,22160850
2022-04-29,11.614739418029785,15.399999618530273,15.539999961853027,15.359999656677246,15.489999771118164,15681160
2022-05-03,11.561944007873535,15.329999923706055,15.430000305175781,15.25,15.399999618530273,11917799
2022-05-04,11.58457088470459,15.359999656677246,15.420000076293945,15.319999694824219,15.40999984741211,7088925
2022-05-05,11.74295425415039,15.569999694824219,15.649999618530273,15.529999732971191,15.600000381469727,11647635
2022-05-06,11.524234771728516,15.279999732971191,15.289999961853027,15.15999984741211,15.1899995803833,16741969
2022-05-09,11.365852355957031,15.069999694824219,15.130000114440918,15.050000190734863,15.0600004196167,17793695
2022-05-10,11.373393058776855,15.079999923706055,15.109999656677246,14.789999961853027,14.890000343322754,24676599
2022-05-11,11.403562545776367,15.119999885559082,15.1899995803833,15.010000228881836,15.109999656677246,11217232
2022-05-12,11.252720832824707,14.920000076293945,15.079999923706055,14.90999984741211,15.029999732971191,25560421
2022-05-13,11.39601993560791,15.109999656677246,15.119999885559082,15.0,15.0600004196167,14322606
2022-05-16,11.448813438415527,15.180000305175781,15.350000381469727,15.140000343322754,15.25,13798892
2022-05-17,11.592113494873047,15.369999885559082,15.390000343322754,15.220000267028809,15.270000457763672,9408360
2022-05-18,11.697702407836914,15.510000228881836,15.5600004196167,15.470000267028809,15.550000190734863,13217138
2022-05-19,11.554403305053711,15.319999694824219,15.329999923706055,15.1899995803833,15.199999809265137,14627319
2022-05-20,11.652448654174805,15.449999809265137,15.489999771118164,15.350000381469727,15.380000114440918,8299844
2022-05-23,11.622281074523926,15.40999984741211,15.5600004196167,15.359999656677246,15.5,8795330
2022-05-24,11.426188468933105,15.149999618530273,15.4399995803833,15.149999618530273,15.420000076293945,10156456
2022-05-25,11.554403305053711,15.319999694824219,15.369999885559082,15.15999984741211,15.199999809265137,8673750
2022-05-26,11.41110610961914,15.130000114440918,15.390000343322754,15.130000114440918,15.369999885559082,8853643
2022-05-27,11.629822731018066,15.420000076293945,15.449999809265137,15.3100004196167,15.3100004196167,9986751
2022-05-30,11.89379596710205,15.770000457763672,15.779999732971191,15.579999923706055,15.579999923706055,16758385
2022-05-31,12.02955150604248,15.949999809265137,15.949999809265137,15.6899995803833,15.75,16036657
2022-06-01,12.037095069885254,15.960000038146973,16.09000015258789,15.899999618530273,15.899999618530273,14321290
2022-06-02,11.916421890258789,15.800000190734863,15.930000305175781,15.800000190734863,15.90999984741211,7112005
2022-06-06,12.0144681930542,15.930000305175781,15.989999771118164,15.75,15.829999923706055,9144971
2022-06-07,11.871169090270996,15.739999771118164,15.859999656677246,15.699999809265137,15.859999656677246,10846465
2022-06-08,12.006924629211426,15.920000076293945,16.0,15.869999885559082,15.90999984741211,9549620
2022-06-09,12.02200984954834,15.9399995803833,15.960000038146973,15.819999694824219,15.880000114440918,7045470
2022-06-10,11.961673736572266,15.859999656677246,15.869999885559082,15.720000267028809,15.75,6131951
2022-06-13,11.614739418029785,15.399999618530273,15.539999961853027,15.380000114440918,15.539999961853027,18883861
2022-06-14,11.58457088470459,15.359999656677246,15.369999885559082,15.1899995803833,15.210000038146973,11536070
2022-06-15,11.501608848571777,15.25,15.399999618530273,15.239999771118164,15.380000114440918,10230829
2022-06-16,11.41110610961914,15.130000114440918,15.510000228881836,15.119999885559082,15.430000305175781,10472855
2022-06-17,11.237637519836426,14.899999618530273,14.979999542236328,14.829999923706055,14.960000038146973,35064988
2022-06-20,11.132047653198242,14.760000228881836,14.930000305175781,14.720000267028809,14.930000305175781,21021779
2022-06-21,11.380936622619629,15.09000015258789,15.09000015258789,14.850000381469727,14.850000381469727,10910381
2022-06-22,11.079253196716309,14.6899995803833,15.050000190734863,14.670000076293945,15.050000190734863,26756020
2022-06-23,10.860535621643066,14.399999618530273,14.75,14.319999694824219,14.75,34123689
2022-06-24,10.898245811462402,14.449999809265137,14.609999656677246,14.420000076293945,14.529999732971191,10812856
2022-06-27,11.10942268371582,14.729999542236328,14.84000015258789,14.630000114440918,14.630000114440918,11944345
2022-06-28,10.988751411437988,14.569999694824219,14.739999771118164,14.5,14.739999771118164,7437946
2022-06-29,10.898245811462402,14.449999809265137,14.539999961853027,14.380000114440918,14.449999809265137,10288497
2022-06-30,10.626733779907227,14.09000015258789,14.380000114440918,14.069999694824219,14.380000114440918,24473881
2022-07-01,10.24208927154541,13.579999923706055,14.09000015258789,13.550000190734863,14.09000015258789,43476030
2022-07-04,10.144042015075684,13.449999809265137,13.65999984741211,13.40999984741211,13.579999923706055,30010933
2022-07-05,10.227005004882812,13.5600004196167,13.789999961853027,13.3100004196167,13.65999984741211,18913936
2022-07-06,9.985658645629883,13.239999771118164,13.579999923706055,13.229999542236328,13.5600004196167,15910589
2022-07-07,10.362760543823242,13.739999771118164,13.770000457763672,13.239999771118164,13.319999694824219,19002296
2022-07-08,10.483433723449707,13.899999618530273,14.029999732971191,13.819999694824219,13.90999984741211,13860518
2022-07-11,10.408014297485352,13.800000190734863,14.010000228881836,13.75,13.960000038146973,9204859
2022-07-12,10.166667938232422,13.479999542236328,13.6899995803833,13.430000305175781,13.670000076293945,13171559
2022-07-13,10.445724487304688,13.850000381469727,13.90999984741211,13.710000038146973,13.859999656677246,22017641
2022-07-14,10.528684616088867,13.960000038146973,14.039999961853027,13.649999618530273,13.739999771118164,7758368
2022-07-15,10.717236518859863,14.210000038146973,14.25,13.979999542236328,14.050000190734863,13099242
2022-07-18,10.792656898498535,14.3100004196167,14.380000114440918,14.260000228881836,14.279999732971191,9073112
2022-07-19,10.762489318847656,14.270000457763672,14.34000015258789,14.199999809265137,14.260000228881836,8169334
2022-07-20,10.852994918823242,14.390000343322754,14.529999732971191,14.380000114440918,14.489999771118164,14705872
2022-07-21,11.086797714233398,14.699999809265137,14.699999809265137,14.449999809265137,14.460000038146973,12992415
2022-07-22,11.0717134475708,14.680000305175781,14.8100004196167,14.649999618530273,14.710000038146973,12369698
2022-07-25,11.034001350402832,14.630000114440918,14.680000305175781,14.539999961853027,14.600000381469727,5654825
2022-07-26,10.905787467956543,14.460000038146973,14.609999656677246,14.40999984741211,14.579999923706055,8149884
2022-07-27,10.981208801269531,14.5600004196167,14.579999923706055,14.369999885559082,14.4399995803833,7205509
2022-07-28,11.003835678100586,14.59000015258789,14.770000457763672,14.59000015258789,14.710000038146973,8056850
2022-07-29,11.0717134475708,14.680000305175781,14.789999961853027,14.649999618530273,14.699999809265137,6572195
2022-08-01,11.056628227233887,14.65999984741211,14.720000267028809,14.569999694824219,14.6899995803833,7038630
2022-08-02,10.883161544799805,14.430000305175781,14.510000228881836,14.329999923706055,14.5,13470523
2022-08-03,10.943497657775879,14.510000228881836,14.510000228881836,14.399999618530273,14.399999618530273,8862914
2022-08-04,10.97366714477539,14.550000190734863,14.619999885559082,14.390000343322754,14.529999732971191,12106631
2022-08-05,11.237637519836426,14.899999618530273,14.920000076293945,14.710000038146973,14.720000267028809,13251824
2022-08-08,11.19992733001709,14.850000381469727,14.890000343322754,14.760000228881836,14.829999923706055,7981129
2022-08-09,11.20746898651123,14.859999656677246,14.920000076293945,14.699999809265137,14.800000190734863,7384106
2022-08-10,11.10188102722168,14.720000267028809,14.779999732971191,14.6899995803833,14.739999771118164,8357553
2022-08-11,11.282889366149902,14.960000038146973,14.979999542236328,14.880000114440918,14.920000076293945,8276930
2022-08-12,11.358311653137207,15.0600004196167,15.100000381469727,14.989999771118164,14.989999771118164,9119881
2022-08-15,11.478983879089355,15.220000267028809,15.239999771118164,15.119999885559082,15.140000343322754,12864305
2022-08-16,11.494328498840332,14.979999542236328,15.050000190734863,14.960000038146973,15.039999961853027,10272498
2022-08-17,11.494328498840332,14.979999542236328,15.0,14.90999984741211,14.979999542236328,6843349
2022-08-18,11.432944297790527,14.899999618530273,14.90999984741211,14.789999961853027,14.899999618530273,8236347
2022-08-19,11.44828987121582,14.920000076293945,14.989999771118164,14.859999656677246,14.899999618530273,4988093
2022-08-22,11.310173988342285,14.739999771118164,14.789999961853027,14.699999809265137,14.789999961853027,4969000
2022-08-23,11.156712532043457,14.539999961853027,14.619999885559082,14.529999732971191,14.550000190734863,10100004
2022-08-24,11.126019477844238,14.5,14.609999656677246,14.460000038146973,14.569999694824219,9518909
2022-08-25,11.210424423217773,14.609999656677246,14.65999984741211,14.550000190734863,14.550000190734863,4710533
2022-08-26,11.256463050842285,14.670000076293945,14.75,14.649999618530273,14.720000267028809,6529847
2022-08-29,10.957209587097168,14.279999732971191,14.34000015258789,14.229999542236328,14.319999694824219,19349464
2022-08-30,11.033943176269531,14.380000114440918,14.4399995803833,14.300000190734863,14.300000190734863,7919197
2022-08-31,11.118346214294434,14.489999771118164,14.489999771118164,14.25,14.300000190734863,7361548
2022-09-01,10.865133285522461,14.15999984741211,14.319999694824219,14.119999885559082,14.279999732971191,22976349
2022-09-02,10.76538372039795,14.029999732971191,14.170000076293945,14.029999732971191,14.15999984741211,14858442
2022-09-05,10.76538372039795,14.029999732971191,14.119999885559082,13.979999542236328,14.050000190734863,12332100
2022-09-06,10.76538372039795,14.029999732971191,14.1899995803833,13.989999771118164,14.119999885559082,8947162
2022-09-07,10.596575736999512,13.8100004196167,13.90999984741211,13.75,13.880000114440918,14372765
2022-09-08,10.703996658325195,13.949999809265137,13.979999542236328,13.84000015258789,13.859999656677246,13082153
2022-09-12,10.888152122497559,14.1899995803833,14.270000457763672,14.180000305175781,14.1899995803833,16899875
2022-09-13,10.957209587097168,14.279999732971191,14.34000015258789,14.239999771118164,14.300000190734863,6369616
2022-09-14,10.773056030273438,14.039999961853027,14.100000381469727,13.859999656677246,13.899999618530273,13562044
2022-09-15,10.796074867248535,14.069999694824219,14.140000343322754,14.0,14.050000190734863,5006896
2022-09-16,10.657959938049316,13.890000343322754,13.979999542236328,13.880000114440918,13.970000267028809,15934414
2022-09-19,10.619595527648926,13.84000015258789,13.9399995803833,13.8100004196167,13.899999618530273,9255729
2022-09-20,10.711669921875,13.960000038146973,13.979999542236328,13.859999656677246,13.869999885559082,4998625
2022-09-21,10.604248046875,13.819999694824219,13.930000305175781,13.789999961853027,13.930000305175781,8710476
2022-09-22,10.473804473876953,13.649999618530273,13.699999809265137,13.529999732971191,13.6899995803833,13411144
2022-09-23,10.374054908752441,13.520000457763672,13.649999618530273,13.489999771118164,13.630000114440918,21180558
2022-09-26,10.10549545288086,13.170000076293945,13.4399995803833,13.149999618530273,13.4399995803833,32928674
2022-09-27,10.128514289855957,13.199999809265137,13.25,13.140000343322754,13.229999542236328,14052854
2022-09-28,9.859955787658691,12.850000381469727,13.25,12.850000381469727,13.229999542236328,27979017
2022-09-29,9.836935043334961,12.819999694824219,13.029999732971191,12.760000228881836,12.960000038146973,20687174
2022-09-30,9.775550842285156,12.739999771118164,12.770000457763672,12.5600004196167,12.630000114440918,17976449
2022-10-03,9.66812801361084,12.600000381469727,12.75,12.539999961853027,12.619999885559082,11186035
2022-10-04,9.959705352783203,12.979999542236328,12.989999771118164,12.850000381469727,12.850000381469727,12874440
2022-10-05,10.220592498779297,13.319999694824219,13.40999984741211,13.210000038146973,13.210000038146973,13676284
2022-10-06,10.274304389953613,13.390000343322754,13.430000305175781,13.34000015258789,13.369999885559082,7981139
2022-10-07,10.113167762756348,13.180000305175781,13.34000015258789,13.170000076293945,13.34000015258789,10435244
2022-10-11,9.637434959411621,12.5600004196167,12.739999771118164,12.539999961853027,12.739999771118164,30954669
2022-10-12,9.614415168762207,12.529999732971191,12.619999885559082,12.420000076293945,12.550000190734863,10610715
2022-10-13,9.530012130737305,12.420000076293945,12.630000114440918,12.420000076293945,12.539999961853027,13217982
2022-10-14,9.836935043334961,12.819999694824219,12.890000343322754,12.720000267028809,12.75,10136602
2022-10-17,9.706493377685547,12.649999618530273,12.6899995803833,12.510000228881836,12.6899995803833,17966384
2022-10-18,9.775550842285156,12.739999771118164,12.859999656677246,12.619999885559082,12.770000457763672,10725470
2022-10-19,9.66812801361084,12.600000381469727,12.779999732971191,12.600000381469727,12.739999771118164,9480180
2022-10-20,9.606742858886719,12.520000457763672,12.529999732971191,12.289999961853027,12.449999809265137,12574694
2022-10-21,9.553030014038086,12.449999809265137,12.619999885559082,12.449999809265137,12.520000457763672,11348154
2022-10-24,9.606742858886719,12.520000457763672,12.729999542236328,12.520000457763672,12.65999984741211,8706818
2022-10-25,9.399566650390625,12.25,12.529999732971191,12.239999771118164,12.520000457763672,20284134
2022-10-26,9.430261611938477,12.289999961853027,12.34000015258789,12.210000038146973,12.25,7890670
2022-10-27,9.560705184936523,12.460000038146973,12.489999771118164,12.399999618530273,12.399999618530273,6691437
2022-10-28,9.437934875488281,12.300000190734863,12.430000305175781,12.260000228881836,12.430000305175781,6181969
2022-10-31,9.606742858886719,12.520000457763672,12.5600004196167,12.380000114440918,12.399999618530273,5452746
2022-11-01,9.64510726928711,12.569999694824219,12.619999885559082,12.479999542236328,12.5,6471020
2022-11-02,9.714166641235352,12.65999984741211,12.65999984741211,12.529999732971191,12.569999694824219,4131385
2022-11-03,9.637434959411621,12.5600004196167,12.5600004196167,12.430000305175781,12.479999542236328,7576497
2022-11-04,9.65278148651123,12.579999923706055,12.579999923706055,12.420000076293945,12.5,5568782
2022-11-07,9.790897369384766,12.760000228881836,12.789999961853027,12.640000343322754,12.739999771118164,7873286
2022-11-08,9.852282524108887,12.84000015258789,12.930000305175781,12.84000015258789,12.880000114440918,4908171
2022-11-09,10.151533126831055,13.229999542236328,13.25,12.949999809265137,12.949999809265137,11192010
2022-11-10,10.090147972106934,13.149999618530273,13.1899995803833,13.109999656677246,13.180000305175781,6283709
2022-11-11,10.542861938476562,13.739999771118164,13.8100004196167,13.640000343322754,13.65999984741211,25825704
2022-11-14,10.634940147399902,13.859999656677246,13.90999984741211,13.779999732971191,13.8100004196167,11808885
2022-11-15,10.995576858520508,14.329999923706055,14.380000114440918,13.979999542236328,14.0,21820900
2022-11-16,11.018596649169922,14.359999656677246,14.460000038146973,14.199999809265137,14.40999984741211,18350546
2022-11-17,11.049288749694824,14.399999618530273,14.420000076293945,14.1899995803833,14.319999694824219,12298578
2022-11-18,11.003251075744629,14.34000015258789,14.609999656677246,14.329999923706055,14.420000076293945,10635163
2022-11-21,10.941865921020508,14.260000228881836,14.40999984741211,14.260000228881836,14.350000381469727,5166004
2022-11-22,10.987903594970703,14.319999694824219,14.34000015258789,14.15999984741211,14.210000038146973,5018294
2022-11-23,11.003251075744629,14.34000015258789,14.470000267028809,14.329999923706055,14.399999618530273,3970834
2022-11-24,11.149038314819336,14.529999732971191,14.5600004196167,14.40999984741211,14.40999984741211,10116786
2022-11-25,11.118346214294434,14.489999771118164,14.550000190734863,14.460000038146973,14.539999961853027,6849840
2022-11-28,10.926518440246582,14.239999771118164,14.380000114440918,14.180000305175781,14.380000114440918,7676099
2022-11-29,10.964883804321289,14.289999961853027,14.3100004196167,14.100000381469727,14.149999618530273,4134626
2022-11-30,11.087654113769531,14.449999809265137,14.449999809265137,14.270000457763672,14.289999961853027,5453679
2022-12-01,11.271807670593262,14.6899995803833,14.800000190734863,14.649999618530273,14.710000038146973,16928846
2022-12-02,11.256463050842285,14.670000076293945,14.720000267028809,14.520000457763672,14.59000015258789,4359763
2022-12-05,11.271807670593262,14.6899995803833,14.819999694824219,14.649999618530273,14.649999618530273,5822975
2022-12-06,11.064634323120117,14.420000076293945,14.630000114440918,14.420000076293945,14.630000114440918,6488279
2022-12-07,10.934192657470703,14.25,14.4399995803833,14.25,14.329999923706055,7204703
2022-12-08,10.819095611572266,14.100000381469727,14.229999542236328,14.020000457763672,14.229999542236328,7173796
2022-12-09,10.964883804321289,14.289999961853027,14.350000381469727,14.180000305175781,14.199999809265137,5768441
2022-12-12,10.88047981262207,14.180000305175781,14.199999809265137,14.09000015258789,14.199999809265137,5335955
2022-12-13,10.849788665771484,14.140000343322754,14.279999732971191,14.119999885559082,14.279999732971191,4575762
2022-12-14,10.995576858520508,14.329999923706055,14.329999923706055,14.1899995803833,14.199999809265137,3756216
2022-12-15,10.941865921020508,14.260000228881836,14.3100004196167,14.1899995803833,14.239999771118164,7029887
2022-12-16,10.76538372039795,14.029999732971191,14.069999694824219,13.930000305175781,14.0,12649350
2022-12-19,10.711669921875,13.960000038146973,14.039999961853027,13.899999618530273,14.0,4356642
2022-12-20,10.496824264526367,13.680000305175781,13.989999771118164,13.680000305175781,13.960000038146973,9283219
2022-12-21,10.504497528076172,13.6899995803833,13.779999732971191,13.65999984741211,13.6899995803833,3673759
2022-12-22,10.627267837524414,13.850000381469727,13.899999618530273,13.829999923706055,13.859999656677246,3021859
2022-12-23,10.489151000976562,13.670000076293945,13.699999809265137,13.600000381469727,13.680000305175781,6741800
2022-12-26,10.496824264526367,13.680000305175781,13.699999809265137,13.640000343322754,13.680000305175781,3989957
2022-12-27,10.542861938476562,13.739999771118164,13.84000015258789,13.720000267028809,13.729999542236328,3738214
2022-12-28,10.358708381652832,13.5,13.670000076293945,13.4399995803833,13.670000076293945,9118641
2022-12-29,10.343361854553223,13.479999542236328,13.489999771118164,13.359999656677246,13.460000038146973,3406761
2022-12-30,10.397073745727539,13.550000190734863,13.649999618530273,13.550000190734863,13.649999618530273,3114405
2023-01-03,10.489151000976562,13.670000076293945,13.6899995803833,13.390000343322754,13.539999961853027,4900334
2023-01-04,10.473804473876953,13.649999618530273,13.6899995803833,13.600000381469727,13.649999618530273,5607335
2023-01-05,10.481478691101074,13.65999984741211,13.760000228881836,13.630000114440918,13.720000267028809,6589051
2023-01-06,10.611920356750488,13.829999923706055,13.859999656677246,13.65999984741211,13.65999984741211,5810121
2023-01-09,10.918846130371094,14.229999542236328,14.239999771118164,14.020000457763672,14.029999732971191,11457231
2023-01-10,10.995576858520508,14.329999923706055,14.359999656677246,14.25,14.25,9136760
2023-01-11,11.003251075744629,14.34000015258789,14.430000305175781,14.300000190734863,14.359999656677246,5268055
2023-01-12,10.972557067871094,14.300000190734863,14.399999618530273,14.279999732971191,14.359999656677246,3963780
2023-01-13,11.003251075744629,14.34000015258789,14.579999923706055,14.3100004196167,14.5,7664016
2023-01-16,11.049288749694824,14.399999618530273,14.5,14.399999618530273,14.40999984741211,9504672
2023-01-17,11.056961059570312,14.40999984741211,14.460000038146973,14.380000114440918,14.40999984741211,8746620
2023-01-30,11.536673545837402,14.670000076293945,14.710000038146973,14.5,14.5,18509192
2023-01-31,11.426575660705566,14.529999732971191,14.710000038146973,14.520000457763672,14.649999618530273,9089590
2023-02-01,11.513081550598145,14.640000343322754,14.649999618530273,14.5600004196167,14.600000381469727,9107935
2023-02-02,11.701821327209473,14.880000114440918,14.899999618530273,14.789999961853027,14.789999961853027,15459997
2023-02-03,11.701821327209473,14.880000114440918,14.9399995803833,14.789999961853027,14.880000114440918,9427178
2023-02-06,11.560267448425293,14.699999809265137,14.800000190734863,14.699999809265137,14.800000190734863,7128049
2023-02-07,11.528809547424316,14.65999984741211,14.710000038146973,14.609999656677246,14.609999656677246,3760166
2023-02-08,11.749004364013672,14.9399995803833,14.979999542236328,14.760000228881836,14.760000228881836,14202710
2023-02-09,11.764732360839844,14.960000038146973,14.970000267028809,14.880000114440918,14.920000076293945,5954488
2023-02-10,11.772597312927246,14.970000267028809,14.989999771118164,14.90999984741211,14.960000038146973,7493401
2023-02-13,11.69395637512207,14.869999885559082,14.960000038146973,14.8100004196167,14.960000038146973,4650671
2023-02-14,11.772597312927246,14.970000267028809,15.0,14.920000076293945,14.920000076293945,6333138
2023-02-15,11.568130493164062,14.710000038146973,14.84000015258789,14.6899995803833,14.760000228881836,10713794
2023-02-16,11.686091423034668,14.859999656677246,14.890000343322754,14.75,14.75,5572762
2023-02-17,11.59172248840332,14.739999771118164,14.779999732971191,14.680000305175781,14.779999732971191,6952529
2023-02-20,11.607450485229492,14.760000228881836,14.8100004196167,14.680000305175781,14.75,6275756
2023-02-21,11.646771430969238,14.8100004196167,14.829999923706055,14.75,14.760000228881836,3342596
2023-02-22,11.489489555358887,14.609999656677246,14.680000305175781,14.5600004196167,14.680000305175781,9401232
2023-02-23,11.670364379882812,14.84000015258789,14.880000114440918,14.65999984741211,14.670000076293945,8525626
2023-02-24,11.560267448425293,14.699999809265137,14.930000305175781,14.699999809265137,14.880000114440918,5837467
2023-03-01,11.741142272949219,14.930000305175781,14.930000305175781,14.489999771118164,14.6899995803833,12184125
2023-03-02,11.717548370361328,14.899999618530273,14.920000076293945,14.770000457763672,14.920000076293945,5432575
2023-03-03,11.7332763671875,14.920000076293945,15.029999732971191,14.90999984741211,14.930000305175781,9113257
2023-03-06,11.890559196472168,15.119999885559082,15.180000305175781,15.020000457763672,15.020000457763672,17576897
2023-03-07,11.992794036865234,15.25,15.279999732971191,15.100000381469727,15.119999885559082,13591019
2023-03-08,11.914151191711426,15.149999618530273,15.180000305175781,15.079999923706055,15.180000305175781,9061314
2023-03-09,11.898423194885254,15.130000114440918,15.210000038146973,15.130000114440918,15.170000076293945,4073235
2023-03-10,11.69395637512207,14.869999885559082,15.010000228881836,14.84000015258789,15.0,11312303
2023-03-13,11.741142272949219,14.930000305175781,14.930000305175781,14.729999542236328,14.800000190734863,9799572
2023-03-14,11.599586486816406,14.75,14.829999923706055,14.710000038146973,14.770000457763672,5554925
2023-03-15,11.615315437316895,14.770000457763672,14.960000038146973,14.770000457763672,14.800000190734863,5624542
2023-03-16,11.59172248840332,14.739999771118164,14.829999923706055,14.699999809265137,14.729999542236328,8742167
2023-03-17,11.772597312927246,14.970000267028809,14.970000267028809,14.84000015258789,14.84000015258789,9529197
2023-03-20,11.72541332244873,14.90999984741211,15.0,14.899999618530273,14.970000267028809,5417802
2023-03-21,11.80405330657959,15.010000228881836,15.029999732971191,14.949999809265137,15.0,6363855
2023-03-22,11.984929084777832,15.239999771118164,15.239999771118164,15.109999656677246,15.109999656677246,13991976
2023-03-23,12.063570022583008,15.34000015258789,15.380000114440918,15.149999618530273,15.149999618530273,11854559
2023-03-24,12.165803909301758,15.470000267028809,15.470000267028809,15.359999656677246,15.359999656677246,16146575
2023-03-27,12.055706024169922,15.329999923706055,15.449999809265137,15.319999694824219,15.449999809265137,6212538
2023-03-28,11.922016143798828,15.15999984741211,15.300000190734863,15.149999618530273,15.300000190734863,6966034
2023-03-29,11.929879188537598,15.170000076293945,15.25,15.09000015258789,15.15999984741211,5567915
2023-03-30,12.04784107208252,15.319999694824219,15.350000381469727,15.210000038146973,15.210000038146973,7405891
2023-03-31,12.095027923583984,15.380000114440918,15.460000038146973,15.329999923706055,15.329999923706055,8455686
2023-04-06,11.984929084777832,15.239999771118164,15.350000381469727,15.180000305175781,15.350000381469727,7244300
2023-04-07,11.984929084777832,15.239999771118164,15.329999923706055,15.220000267028809,15.270000457763672,7480362
2023-04-10,11.984929084777832,15.239999771118164,15.300000190734863,15.210000038146973,15.239999771118164,4131526
2023-04-11,11.992794036865234,15.25,15.3100004196167,15.1899995803833,15.239999771118164,5084186
2023-04-12,11.97706413269043,15.229999542236328,15.279999732971191,15.199999809265137,15.25,5386490
2023-04-13,11.874831199645996,15.100000381469727,15.210000038146973,15.079999923706055,15.210000038146973,9933858
2023-04-14,11.969202041625977,15.220000267028809,15.260000228881836,15.119999885559082,15.119999885559082,6257679
2023-04-17,11.914151191711426,15.149999618530273,15.220000267028809,15.09000015258789,15.220000267028809,6277704
2023-04-18,11.866968154907227,15.09000015258789,15.170000076293945,15.0600004196167,15.15999984741211,8206734
2023-04-19,11.80405330657959,15.010000228881836,15.119999885559082,14.989999771118164,15.09000015258789,9660535
2023-04-20,11.780460357666016,14.979999542236328,15.050000190734863,14.9399995803833,15.0,8211386
2023-04-21,11.701821327209473,14.880000114440918,15.029999732971191,14.859999656677246,14.989999771118164,10270130
2023-04-24,11.686091423034668,14.859999656677246,14.899999618530273,14.779999732971191,14.819999694824219,6635648
2023-04-25,11.458032608032227,14.569999694824219,14.880000114440918,14.550000190734863,14.859999656677246,13234658
2023-04-26,11.418712615966797,14.520000457763672,14.550000190734863,14.4399995803833,14.550000190734863,6185537
2023-04-27,11.481624603271484,14.600000381469727,14.670000076293945,14.5,14.520000457763672,3775219
2023-04-28,11.631043434143066,14.789999961853027,14.8100004196167,14.640000343322754,14.640000343322754,4816179
2023-05-02,11.678228378295898,14.850000381469727,14.899999618530273,14.760000228881836,14.789999961853027,4884605
2023-05-03,11.66249942779541,14.829999923706055,14.84000015258789,14.739999771118164,14.800000190734863,4202818
2023-05-04,11.686091423034668,14.859999656677246,14.859999656677246,14.770000457763672,14.829999923706055,4012707
2023-05-05,11.701821327209473,14.880000114440918,14.930000305175781,14.829999923706055,14.859999656677246,6450002
2023-05-08,11.796189308166504,15.0,15.0600004196167,14.949999809265137,14.949999809265137,6536759
2023-05-09,11.80405330657959,15.010000228881836,15.020000457763672,14.930000305175781,15.0,3782616
2023-05-10,11.701821327209473,14.880000114440918,14.989999771118164,14.850000381469727,14.979999542236328,4371770
2023-05-11,11.631043434143066,14.789999961853027,14.930000305175781,14.789999961853027,14.880000114440918,2844305
2023-05-12,11.638907432556152,14.800000190734863,14.829999923706055,14.65999984741211,14.760000228881836,4832947
2023-05-15,11.59172248840332,14.739999771118164,14.789999961853027,14.699999809265137,14.789999961853027,3351734
2023-05-16,11.709685325622559,14.890000343322754,14.930000305175781,14.800000190734863,14.800000190734863,3342835
2023-05-17,11.83551025390625,15.050000190734863,15.079999923706055,14.880000114440918,14.880000114440918,9966361
2023-05-18,11.953473091125488,15.199999809265137,15.25,15.100000381469727,15.100000381469727,14416261
2023-05-19,12.01638412475586,15.279999732971191,15.300000190734863,15.210000038146973,15.25,13442384
2023-05-22,11.984929084777832,15.239999771118164,15.3100004196167,15.210000038146973,15.279999732971191,5478488
2023-05-23,12.00852108001709,15.270000457763672,15.319999694824219,15.199999809265137,15.229999542236328,5809451
2023-05-24,11.992794036865234,15.25,15.260000228881836,15.15999984741211,15.239999771118164,4429292
2023-05-25,12.189395904541016,15.5,15.5,15.350000381469727,15.350000381469727,24173315
2023-05-26,12.511824607849121,15.90999984741211,15.930000305175781,15.789999961853027,15.789999961853027,43118706
2023-05-29,12.676973342895508,16.1200008392334,16.219999313354492,16.049999237060547,16.049999237060547,25889956
2023-05-30,12.724156379699707,16.18000030517578,16.229999542236328,16.110000610351562,16.15999984741211,21484705
2023-05-31,12.684836387634277,16.1299991607666,16.200000762939453,15.989999771118164,16.170000076293945,11321024
2023-06-01,12.590466499328613,16.010000228881836,16.059999465942383,15.949999809265137,16.010000228881836,7626073
2023-06-02,12.724156379699707,16.18000030517578,16.260000228881836,16.049999237060547,16.049999237060547,21903544
2023-06-05,12.684836387634277,16.1299991607666,16.209999084472656,16.1200008392334,16.190000534057617,9854558
2023-06-06,12.700565338134766,16.149999618530273,16.209999084472656,16.09000015258789,16.139999389648438,10193015
2023-06-07,12.881439208984375,16.3799991607666,16.389999389648438,16.149999618530273,16.149999618530273,21596003
2023-06-08,12.716293334960938,16.170000076293945,16.360000610351562,16.1299991607666,16.34000015258789,12838161
2023-06-09,12.873574256896973,16.3700008392334,16.389999389648438,16.200000762939453,16.200000762939453,13111517
2023-06-12,12.983674049377441,16.510000228881836,16.579999923706055,16.3799991607666,16.3799991607666,17070196
2023-06-13,13.306103706359863,16.920000076293945,16.959999084472656,16.649999618530273,16.649999618530273,49645957
2023-06-14,13.345422744750977,16.969999313354492,16.979999542236328,16.8700008392334,16.90999984741211,27231351
2023-06-15,13.455521583557129,17.110000610351562,17.139999389648438,16.979999542236328,16.979999542236328,29193031
2023-06-16,13.40833568572998,17.049999237060547,17.1200008392334,16.969999313354492,17.110000610351562,16864996
2023-06-19,13.455521583557129,17.110000610351562,17.1299991607666,16.969999313354492,17.030000686645508,20567355
2023-06-20,13.33755874633789,16.959999084472656,17.100000381469727,16.899999618530273,17.079999923706055,13138532
2023-06-21,13.353285789489746,16.979999542236328,17.030000686645508,16.899999618530273,16.950000762939453,16084170
2023-06-26,13.227460861206055,16.81999969482422,16.8799991607666,16.739999771118164,16.760000228881836,9761353
2023-06-27,13.109498023986816,16.670000076293945,16.829999923706055,16.65999984741211,16.770000457763672,11873645
2023-06-28,13.156683921813965,16.729999542236328,16.829999923706055,16.709999084472656,16.75,8046112
2023-06-29,13.180276870727539,16.760000228881836,16.93000030517578,16.729999542236328,16.799999237060547,10943137
2023-06-30,13.227460861206055,16.81999969482422,16.81999969482422,16.639999389648438,16.75,7963570
2023-07-03,13.431927680969238,17.079999923706055,17.1299991607666,16.899999618530273,16.899999618530273,18144925
2023-07-04,13.604937553405762,17.299999237060547,17.34000015258789,17.139999389648438,17.139999389648438,30807984
2023-07-05,13.542024612426758,17.219999313354492,17.329999923706055,17.18000030517578,17.299999237060547,9368394
2023-07-06,13.313966751098633,16.93000030517578,17.15999984741211,16.90999984741211,17.079999923706055,12045697
2023-07-07,13.243188858032227,16.84000015258789,16.959999084472656,16.75,16.850000381469727,12529511
2023-07-10,13.203869819641113,16.790000915527344,16.950000762939453,16.760000228881836,16.84000015258789,8258178
2023-07-11,13.455521583557129,17.110000610351562,17.110000610351562,16.920000076293945,16.920000076293945,12668914
2023-07-12,13.612801551818848,17.309999465942383,17.31999969482422,17.110000610351562,17.110000610351562,23236490
2023-07-13,13.832998275756836,17.59000015258789,17.81999969482422,17.489999771118164,17.5,46148078
2023-07-14,14.02173900604248,17.829999923706055,17.8799991607666,17.610000610351562,17.700000762939453,39362426
2023-07-17,14.037467002868652,17.850000381469727,17.90999984741211,17.780000686645508,17.81999969482422,21826678
2023-07-18,14.076784133911133,17.899999618530273,18.100000381469727,17.75,17.899999618530273,24845402
2023-07-19,13.903776168823242,17.68000030517578,18.079999923706055,17.65999984741211,18.0,17430817
2023-07-20,13.943096160888672,17.729999542236328,17.780000686645508,17.639999389648438,17.65999984741211,8882979
2023-07-21,13.880183219909668,17.649999618530273,17.670000076293945,17.270000457763672,17.440000534057617,12406608
2023-07-24,14.061057090759277,17.8799991607666,17.889999389648438,17.6299991607666,17.6299991607666,16126676
2023-07-25,14.13969898223877,17.979999542236328,18.139999389648438,17.93000030517578,17.93000030517578,33451729
2023-07-26,14.084650993347168,17.90999984741211,18.06999969482422,17.850000381469727,17.989999771118164,12863553
2023-07-27,14.092514991760254,17.920000076293945,18.06999969482422,17.90999984741211,17.989999771118164,18831164
2023-07-28,14.20261287689209,18.059999465942383,18.09000015258789,17.829999923706055,17.920000076293945,21137706
2023-07-31,14.029601097106934,17.84000015258789,18.389999389648438,17.790000915527344,18.149999618530273,24358211
2023-08-01,14.092514991760254,17.920000076293945,18.0,17.729999542236328,17.84000015258789,15591619
2023-08-02,13.738629341125488,17.469999313354492,17.989999771118164,17.43000030517578,17.920000076293945,19205283
2023-08-04,13.715036392211914,17.440000534057617,17.530000686645508,17.290000915527344,17.350000381469727,11686690
2023-08-07,13.96668815612793,17.760000228881836,17.809999465942383,17.530000686645508,17.530000686645508,8607240
2023-08-08,13.85659122467041,17.6200008392334,17.81999969482422,17.479999542236328,17.770000457763672,8359876
2023-08-09,13.801542282104492,17.549999237060547,17.670000076293945,17.40999984741211,17.56999969482422,5348463
2023-08-10,13.526298522949219,17.200000762939453,17.43000030517578,17.149999618530273,17.43000030517578,11208084
2023-08-11,13.54988956451416,17.229999542236328,17.3799991607666,17.190000534057617,17.239999771118164,6514714
2023-08-14,13.463384628295898,17.1200008392334,17.229999542236328,17.049999237060547,17.18000030517578,11002064
2023-08-15,13.565617561340332,17.25,17.420000076293945,17.239999771118164,17.270000457763672,10065190
2023-08-16,13.670653343200684,16.920000076293945,16.920000076293945,16.729999542236328,16.809999465942383,9665851
2023-08-17,13.751448631286621,17.020000457763672,17.049999237060547,16.790000915527344,16.860000610351562,10447387
2023-08-18,13.565619468688965,16.790000915527344,17.059999465942383,16.709999084472656,16.979999542236328,14847210
2023-08-21,13.525219917297363,16.739999771118164,16.93000030517578,16.719999313354492,16.889999389648438,6870825
2023-08-22,13.630255699157715,16.8700008392334,16.989999771118164,16.850000381469727,16.93000030517578,6217667
2023-08-23,13.751448631286621,17.020000457763672,17.020000457763672,16.8799991607666,16.8799991607666,5254437
2023-08-24,14.00191593170166,17.329999923706055,17.459999084472656,17.209999084472656,17.299999237060547,16687079
2023-08-25,13.63833236694336,16.8799991607666,17.100000381469727,16.8700008392334,17.100000381469727,9661149
2023-08-28,13.670653343200684,16.920000076293945,17.0,16.889999389648438,16.899999618530273,4388799
2023-08-29,13.727209091186523,16.989999771118164,17.0,16.860000610351562,17.0,5188240
2023-08-30,13.808006286621094,17.09000015258789,17.209999084472656,17.06999969482422,17.139999389648438,4902099
2023-08-31,13.791845321655273,17.06999969482422,17.110000610351562,17.0,17.079999923706055,3079868
2023-09-01,13.743369102478027,17.010000228881836,17.110000610351562,16.989999771118164,17.06999969482422,3140905
2023-09-04,13.832244873046875,17.1200008392334,17.1200008392334,16.959999084472656,17.010000228881836,6432591
2023-09-05,13.864562034606934,17.15999984741211,17.15999984741211,17.079999923706055,17.110000610351562,6207202
2023-09-06,13.880722045898438,17.18000030517578,17.25,17.15999984741211,17.18000030517578,7757828
2023-09-07,13.767606735229492,17.040000915527344,17.1299991607666,17.040000915527344,17.110000610351562,4040623
2023-09-08,13.654492378234863,16.899999618530273,16.979999542236328,16.850000381469727,16.979999542236328,5745952
2023-09-11,13.492902755737305,16.700000762939453,16.920000076293945,16.639999389648438,16.899999618530273,8814070
2023-09-12,13.646413803100586,16.889999389648438,16.93000030517578,16.690000534057617,16.719999313354492,6122183
2023-09-13,13.622174263000488,16.860000610351562,16.969999313354492,16.81999969482422,16.90999984741211,5476878
2023-09-14,13.848403930664062,17.139999389648438,17.149999618530273,16.93000030517578,16.93000030517578,9964631
2023-09-15,13.961519241333008,17.280000686645508,17.299999237060547,17.139999389648438,17.139999389648438,12970928
2023-09-18,13.783766746520996,17.059999465942383,17.18000030517578,17.059999465942383,17.100000381469727,5083811
2023-09-19,13.71912956237793,16.979999542236328,17.149999618530273,16.969999313354492,17.06999969482422,4963806
2023-09-20,13.614094734191895,16.850000381469727,16.989999771118164,16.829999923706055,16.940000534057617,5356671
2023-09-21,13.420186042785645,16.610000610351562,16.75,16.59000015258789,16.75,10987904
2023-09-22,13.45250415802002,16.649999618530273,16.670000076293945,16.479999542236328,16.5,7717944
2023-09-25,13.58177661895752,16.809999465942383,16.84000015258789,16.649999618530273,16.649999618530273,4103731
2023-09-26,13.39594554901123,16.579999923706055,16.790000915527344,16.579999923706055,16.770000457763672,5217636
2023-09-27,13.420186042785645,16.610000610351562,16.6200008392334,16.510000228881836,16.579999923706055,3329660
2023-09-28,13.50097942352295,16.709999084472656,16.799999237060547,16.639999389648438,16.690000534057617,5712762
2023-10-02,13.775686264038086,17.049999237060547,17.1200008392334,16.84000015258789,16.84000015258789,9581157
2023-10-03,13.694891929626465,16.950000762939453,17.1200008392334,16.950000762939453,17.040000915527344,6332462
2023-10-04,13.597935676574707,16.829999923706055,16.850000381469727,16.68000030517578,16.799999237060547,4988123
2023-10-05,13.759528160095215,17.030000686645508,17.049999237060547,16.90999984741211,16.90999984741211,6170996
2023-10-06,13.808006286621094,17.09000015258789,17.170000076293945,17.06999969482422,17.09000015258789,6182210
2023-10-11,13.904958724975586,17.209999084472656,17.389999389648438,17.200000762939453,17.280000686645508,10755829
2023-10-12,13.961519241333008,17.280000686645508,17.290000915527344,17.190000534057617,17.219999313354492,8992314
2023-10-13,13.953438758850098,17.270000457763672,17.309999465942383,17.200000762939453,17.229999542236328,7725176
2023-10-16,13.84032154083252,17.1299991607666,17.190000534057617,17.100000381469727,17.170000076293945,7178314
2023-10-17,13.816085815429688,17.100000381469727,17.299999237060547,17.100000381469727,17.209999084472656,4650758
2023-10-18,13.58985710144043,16.81999969482422,17.100000381469727,16.809999465942383,17.100000381469727,10152906
2023-10-19,13.614094734191895,16.850000381469727,16.8799991607666,16.739999771118164,16.75,7557543
2023-10-20,13.622174263000488,16.860000610351562,16.90999984741211,16.690000534057617,16.809999465942383,13598144
2023-10-23,13.436344146728516,16.6299991607666,16.799999237060547,16.6200008392334,16.799999237060547,7805829
2023-10-24,13.46866226196289,16.670000076293945,16.670000076293945,16.459999084472656,16.600000381469727,9261909
2023-10-25,13.50097942352295,16.709999084472656,16.809999465942383,16.709999084472656,16.729999542236328,4836591
2023-10-26,13.218195915222168,16.360000610351562,16.459999084472656,16.360000610351562,16.450000762939453,10690094
2023-10-27,13.210116386413574,16.350000381469727,16.43000030517578,16.329999923706055,16.399999618530273,10417109
2023-10-30,13.250514030456543,16.399999618530273,16.479999542236328,16.360000610351562,16.360000610351562,3699582
2023-10-31,13.105081558227539,16.219999313354492,16.489999771118164,16.200000762939453,16.450000762939453,7199294
2023-11-01,13.153559684753418,16.280000686645508,16.350000381469727,16.200000762939453,16.31999969482422,4078815
2023-11-02,13.50097942352295,16.709999084472656,16.709999084472656,16.510000228881836,16.510000228881836,5920447
2023-11-03,13.565619468688965,16.790000915527344,16.81999969482422,16.719999313354492,16.719999313354492,3886459
2023-11-06,13.71912956237793,16.979999542236328,17.059999465942383,16.940000534057617,16.950000762939453,8467598
2023-11-07,13.727209091186523,16.989999771118164,17.030000686645508,16.920000076293945,16.969999313354492,3268217
2023-11-08,13.84032154083252,17.1299991607666,17.200000762939453,16.989999771118164,16.989999771118164,8811346
2023-11-09,13.880722045898438,17.18000030517578,17.190000534057617,17.100000381469727,17.110000610351562,7872521
2023-11-10,13.791845321655273,17.06999969482422,17.1299991607666,17.020000457763672,17.1299991607666,4604123
2023-11-13,13.961519241333008,17.280000686645508,17.420000076293945,17.260000228881836,17.360000610351562,12415344
2023-11-14,14.00191593170166,17.329999923706055,17.389999389648438,17.299999237060547,17.31999969482422,11131936
2023-11-15,14.106948852539062,17.459999084472656,17.6299991607666,17.40999984741211,17.600000381469727,14218647
2023-11-16,14.090791702270508,17.440000534057617,17.540000915527344,17.3700008392334,17.530000686645508,9372539
2023-11-17,14.163507461547852,17.530000686645508,17.579999923706055,17.440000534057617,17.450000762939453,17804080
2023-11-20,14.203904151916504,17.579999923706055,17.600000381469727,17.510000228881836,17.540000915527344,8341814
2023-11-21,14.373577117919922,17.790000915527344,17.81999969482422,17.68000030517578,17.68000030517578,23887034
2023-11-22,14.276620864868164,17.670000076293945,17.760000228881836,17.649999618530273,17.729999542236328,7354882
2023-11-23,14.244302749633789,17.6299991607666,17.75,17.59000015258789,17.690000534057617,5917705
2023-11-24,14.252382278442383,17.639999389648438,17.700000762939453,17.6299991607666,17.65999984741211,4986563
2023-11-27,14.106948852539062,17.459999084472656,17.719999313354492,17.459999084472656,17.639999389648438,7355773
2023-11-28,14.228144645690918,17.610000610351562,17.65999984741211,17.43000030517578,17.43000030517578,7197257
2023-11-29,14.268542289733887,17.65999984741211,17.760000228881836,17.6200008392334,17.6200008392334,9967888
2023-11-30,14.292781829833984,17.690000534057617,17.709999084472656,17.559999465942383,17.670000076293945,5263647
2023-12-01,14.292781829833984,17.690000534057617,17.700000762939453,17.59000015258789,17.639999389648438,6065101
2023-12-04,14.244302749633789,17.6299991607666,17.770000457763672,17.600000381469727,17.719999313354492,4475405
2023-12-05,14.139269828796387,17.5,17.540000915527344,17.450000762939453,17.540000915527344,7328373
2023-12-06,14.179665565490723,17.549999237060547,17.6299991607666,17.479999542236328,17.479999542236328,7937409
2023-12-07,14.131187438964844,17.489999771118164,17.56999969482422,17.479999542236328,17.5,4437182
2023-12-08,14.203904151916504,17.579999923706055,17.719999313354492,17.579999923706055,17.6299991607666,7360211
2023-12-11,14.236223220825195,17.6200008392334,17.65999984741211,17.59000015258789,17.600000381469727,5048564
2023-12-12,14.260461807250977,17.649999618530273,17.770000457763672,17.6200008392334,17.709999084472656,7713046
2023-12-13,14.365497589111328,17.780000686645508,17.780000686645508,17.65999984741211,17.65999984741211,12454741
2023-12-14,14.551326751708984,18.010000228881836,18.040000915527344,17.940000534057617,17.950000762939453,33511992
2023-12-15,14.567485809326172,18.030000686645508,18.1299991607666,18.030000686645508,18.100000381469727,16475813
2023-12-18,14.567485809326172,18.030000686645508,18.049999237060547,17.889999389648438,18.030000686645508,10605766
2023-12-19,14.527087211608887,17.979999542236328,18.040000915527344,17.889999389648438,18.020000457763672,6721699
2023-12-20,14.58364486694336,18.049999237060547,18.09000015258789,18.0,18.020000457763672,27408366
2023-12-21,14.502850532531738,17.950000762939453,17.959999084472656,17.84000015258789,17.8799991607666,6715439
2023-12-22,14.575567245483398,18.040000915527344,18.059999465942383,17.979999542236328,18.030000686645508,15591449
2023-12-25,14.656360626220703,18.139999389648438,18.170000076293945,18.059999465942383,18.059999465942383,20418707
2023-12-26,14.753314971923828,18.260000228881836,18.270000457763672,18.149999618530273,18.149999618530273,15298673
2023-12-27,14.93914794921875,18.489999771118164,18.520000457763672,18.299999237060547,18.299999237060547,26560042
2023-12-28,14.914908409118652,18.459999084472656,18.59000015258789,18.450000762939453,18.540000915527344,9305984
2023-12-29,14.963384628295898,18.520000457763672,18.540000915527344,18.440000534057617,18.459999084472656,12314289
2024-01-02,14.777555465698242,18.290000915527344,18.59000015258789,18.260000228881836,18.559999465942383,9360870
2024-01-03,14.527087211608887,17.979999542236328,18.18000030517578,17.950000762939453,18.18000030517578,23201139
2024-01-04,14.519006729125977,17.969999313354492,18.059999465942383,17.950000762939453,17.979999542236328,11777674
2024-01-05,14.470532417297363,17.90999984741211,18.059999465942383,17.889999389648438,17.969999313354492,13609437
2024-01-08,14.502850532531738,17.950000762939453,18.06999969482422,17.93000030517578,18.0,13293604
2024-01-09,14.510929107666016,17.959999084472656,18.1299991607666,17.93000030517578,18.06999969482422,9329600
2024-01-10,14.46245002746582,17.899999618530273,17.969999313354492,17.84000015258789,17.969999313354492,10257205
2024-01-11,14.543248176574707,18.0,18.020000457763672,17.899999618530273,17.899999618530273,14512063
2024-01-12,14.551326751708984,18.010000228881836,18.079999923706055,17.889999389648438,17.959999084472656,10678808
2024-01-15,14.551326751708984,18.010000228881836,18.010000228881836,18.010000228881836,18.010000228881836,0
2024-01-16,14.494770050048828,17.940000534057617,18.030000686645508,17.90999984741211,18.010000228881836,32360140
2024-01-17,14.309264183044434,16.969999313354492,17.239999771118164,16.969999313354492,17.239999771118164,26327870
2024-01-18,14.342992782592773,17.010000228881836,17.09000015258789,16.959999084472656,17.0,10579001
2024-01-19,14.815189361572266,17.56999969482422,17.59000015258789,17.350000381469727,17.399999618530273,23357702
2024-01-22,15.025992393493652,17.81999969482422,17.899999618530273,17.729999542236328,17.739999771118164,15035124
2024-01-23,15.059721946716309,17.860000610351562,17.8799991607666,17.780000686645508,17.829999923706055,8766287
2024-01-24,15.051288604736328,17.850000381469727,17.920000076293945,17.84000015258789,17.860000610351562,7094803
2024-01-25,15.194634437561035,18.020000457763672,18.040000915527344,17.959999084472656,17.959999084472656,22138481
2024-01-26,15.127177238464355,17.940000534057617,18.010000228881836,17.889999389648438,18.0,7067177
2024-01-29,15.228362083435059,18.059999465942383,18.059999465942383,17.920000076293945,17.959999084472656,14384412
2024-01-30,15.304250717163086,18.149999618530273,18.170000076293945,18.049999237060547,18.049999237060547,15769093
2024-01-31,15.110313415527344,17.920000076293945,18.09000015258789,17.90999984741211,18.09000015258789,5067528
2024-02-01,15.059721946716309,17.860000610351562,17.93000030517578,17.770000457763672,17.899999618530273,7538309
2024-02-02,15.177770614624023,18.0,18.010000228881836,17.940000534057617,17.969999313354492,6356885
2024-02-05,15.270523071289062,18.110000610351562,18.110000610351562,17.979999542236328,18.0,15404185
2024-02-15,15.860770225524902,18.809999465942383,18.950000762939453,18.610000610351562,18.610000610351562,43233095
2024-02-16,15.768016815185547,18.700000762939453,18.8799991607666,18.700000762939453,18.8700008392334,12871515
2024-02-19,15.72585391998291,18.649999618530273,18.700000762939453,18.600000381469727,18.700000762939453,9225096
2024-02-20,15.877634048461914,18.829999923706055,18.850000381469727,18.6299991607666,18.649999618530273,14544000
2024-02-21,15.776446342468262,18.709999084472656,18.760000228881836,18.65999984741211,18.760000228881836,10108923
2024-02-22,15.995682716369629,18.969999313354492,18.969999313354492,18.81999969482422,18.850000381469727,21422729
2024-02-23,16.1474609375,19.149999618530273,19.239999771118164,19.059999465942383,19.059999465942383,33196124
2024-02-26,16.240215301513672,19.260000228881836,19.280000686645508,19.030000686645508,19.149999618530273,17590732
2024-02-27,16.155893325805664,19.15999984741211,19.350000381469727,19.010000228881836,19.229999542236328,13777627
2024-02-29,16.164325714111328,19.170000076293945,19.209999084472656,19.040000915527344,19.09000015258789,13617364
2024-03-01,16.09686851501465,19.09000015258789,19.270000457763672,19.09000015258789,19.200000762939453,13048841
2024-03-04,16.518474578857422,19.59000015258789,19.639999389648438,19.31999969482422,19.34000015258789,27653979
2024-03-05,16.67868423461914,19.780000686645508,19.829999923706055,19.600000381469727,19.670000076293945,19214110
2024-03-06,16.855756759643555,19.989999771118164,19.989999771118164,19.56999969482422,19.579999923706055,19071782
2024-03-07,17.117151260375977,20.299999237060547,20.40999984741211,20.100000381469727,20.100000381469727,25571481
2024-03-08,17.218338012695312,20.420000076293945,20.780000686645508,20.239999771118164,20.600000381469727,36483358
2024-03-11,17.16774559020996,20.360000610351562,20.479999542236328,20.25,20.329999923706055,15675497
2024-03-12,17.454435348510742,20.700000762939453,20.700000762939453,20.290000915527344,20.299999237060547,15548165
2024-03-13,17.437572479248047,20.68000030517578,20.940000534057617,20.579999923706055,20.81999969482422,14649210
2024-03-14,17.226768493652344,20.43000030517578,20.68000030517578,20.34000015258789,20.68000030517578,14228524
2024-03-15,17.218338012695312,20.420000076293945,20.559999465942383,20.360000610351562,20.360000610351562,19757663
2024-03-18,17.530324935913086,20.790000915527344,20.790000915527344,20.459999084472656,20.459999084472656,18234168
2024-03-19,17.564050674438477,20.829999923706055,20.84000015258789,20.56999969482422,20.649999618530273,16463704
2024-03-20,17.437572479248047,20.68000030517578,21.010000228881836,20.649999618530273,20.829999923706055,16017590
2024-03-21,17.876041412353516,21.200000762939453,21.200000762939453,20.90999984741211,20.90999984741211,27019205
2024-03-22,17.994089126586914,21.34000015258789,21.350000381469727,21.110000610351562,21.219999313354492,18997126
2024-03-25,17.909767150878906,21.239999771118164,21.350000381469727,21.18000030517578,21.34000015258789,7796356
2024-03-26,17.75798988342285,21.059999465942383,21.440000534057617,20.850000381469727,21.280000686645508,14420432
2024-03-27,17.91819953918457,21.25,21.270000457763672,21.049999237060547,21.049999237060547,13261667
2024-03-28,18.086843490600586,21.450000762939453,21.450000762939453,21.030000686645508,21.25,18852928
2024-03-29,18.086843490600586,21.450000762939453,21.520000457763672,21.399999618530273,21.450000762939453,10939000
2024-04-01,17.98565673828125,21.329999923706055,21.649999618530273,21.329999923706055,21.5,13326553
2024-04-02,18.30607795715332,21.709999084472656,21.729999542236328,21.5,21.510000228881836,18124872
2024-04-03,18.263916015625,21.65999984741211,21.670000076293945,21.459999084472656,21.600000381469727,8115556
2024-04-08,18.280780792236328,21.68000030517578,21.760000228881836,21.56999969482422,21.75,7192793
2024-04-09,18.533742904663086,21.979999542236328,21.989999771118164,21.770000457763672,21.780000686645508,11934539
2024-04-10,18.500015258789062,21.940000534057617,22.059999465942383,21.899999618530273,21.979999542236328,13618953
2024-04-11,18.373533248901367,21.790000915527344,21.899999618530273,21.690000534057617,21.8799991607666,7020518
2024-04-12,18.373533248901367,21.790000915527344,21.899999618530273,21.729999542236328,21.829999923706055,13219855
2024-04-15,17.951929092407227,21.290000915527344,21.579999923706055,21.239999771118164,21.56999969482422,15581809
2024-04-16,17.412273406982422,20.649999618530273,21.020000457763672,20.459999084472656,21.020000457763672,22175493
2024-04-17,17.589351654052734,20.860000610351562,20.90999984741211,20.65999984741211,20.68000030517578,12271501
2024-04-18,17.7073974609375,21.0,21.010000228881836,20.6200008392334,20.700000762939453,6705311
2024-04-19,16.872621536254883,20.010000228881836,20.540000915527344,19.770000457763672,20.540000915527344,30136914
2024-04-22,16.61965560913086,19.709999084472656,20.040000915527344,19.68000030517578,19.829999923706055,16668585
2024-04-23,16.82202911376953,19.950000762939453,20.049999237060547,19.829999923706055,19.950000762939453,7784074
2024-04-24,17.513460159301758,20.770000457763672,20.790000915527344,20.260000228881836,20.270000457763672,17432034
2024-04-25,17.176176071166992,20.3700008392334,20.579999923706055,20.34000015258789,20.43000030517578,9346271
2024-04-26,17.471298217773438,20.719999313354492,20.860000610351562,20.649999618530273,20.700000762939453,16584796
2024-04-29,17.741127014160156,21.040000915527344,21.18000030517578,20.889999389648438,20.889999389648438,14690389
2024-04-30,17.715831756591797,21.010000228881836,21.170000076293945,21.010000228881836,21.040000915527344,4636759
2024-05-02,17.555620193481445,20.81999969482422,20.860000610351562,20.670000076293945,20.799999237060547,8139454
2024-05-03,17.65680694580078,20.940000534057617,21.219999313354492,20.899999618530273,21.18000030517578,5621015
2024-05-06,18.010953903198242,21.360000610351562,21.420000076293945,21.239999771118164,21.299999237060547,12861048
2024-05-07,18.10370445251465,21.469999313354492,21.530000686645508,21.309999465942383,21.5,6745443
2024-05-08,18.255483627319336,21.649999618530273,21.670000076293945,21.43000030517578,21.469999313354492,12187099
2024-05-09,18.297645568847656,21.700000762939453,21.790000915527344,21.6200008392334,21.65999984741211,13219549
2024-05-10,18.263916015625,21.65999984741211,21.799999237060547,21.5,21.719999313354492,5670555
2024-05-13,18.365102767944336,21.780000686645508,21.889999389648438,21.709999084472656,21.81999969482422,8747347
2024-05-14,18.559040069580078,22.010000228881836,22.020000457763672,21.739999771118164,21.780000686645508,9362797
2024-05-15,18.677087783813477,22.149999618530273,22.31999969482422,22.049999237060547,22.059999465942383,12390650
2024-05-16,18.812002182006836,22.309999465942383,22.6299991607666,22.280000686645508,22.5,17127162
2024-05-17,18.761409759521484,22.25,22.350000381469727,22.200000762939453,22.299999237060547,7728292
2024-05-20,18.719249725341797,22.200000762939453,22.329999923706055,22.040000915527344,22.25,7796846
2024-05-21,18.710817337036133,22.190000534057617,22.290000915527344,22.079999923706055,22.200000762939453,6853555
2024-05-22,19.056533813476562,22.600000381469727,22.610000610351562,22.219999313354492,22.219999313354492,13020582
2024-05-23,19.275768280029297,22.860000610351562,22.899999618530273,22.6200008392334,22.799999237060547,13797831
2024-05-24,19.25890350341797,22.84000015258789,22.860000610351562,22.6299991607666,22.75,5109030
2024-05-27,19.77326202392578,23.450000762939453,23.510000228881836,22.979999542236328,22.979999542236328,15244366
2024-05-28,19.849149703979492,23.540000915527344,23.559999465942383,23.399999618530273,23.5,6354765
2024-05-29,19.66364288330078,23.31999969482422,23.540000915527344,23.299999237060547,23.540000915527344,7078631
2024-05-30,19.28420066833496,22.8700008392334,23.040000915527344,22.84000015258789,23.0,13277663
2024-05-31,19.014371871948242,22.549999237060547,23.049999237060547,22.549999237060547,22.8799991607666,12619160
2024-06-03,19.385385513305664,22.989999771118164,23.059999465942383,22.700000762939453,22.799999237060547,8773597
2024-06-04,19.022804260253906,22.559999465942383,22.979999542236328,22.479999542236328,22.950000762939453,18488198
2024-06-05,19.157718658447266,22.719999313354492,22.790000915527344,22.420000076293945,22.610000610351562,11614396
2024-06-06,19.688940048217773,23.350000381469727,23.440000534057617,23.18000030517578,23.329999923706055,18153055
2024-06-07,19.528730392456055,23.15999984741211,23.299999237060547,23.100000381469727,23.299999237060547,8617419
2024-06-11,19.579322814941406,23.219999313354492,23.350000381469727,23.15999984741211,23.280000686645508,12025981
2024-06-12,19.98406410217285,23.700000762939453,23.700000762939453,23.25,23.25,14385596
2024-06-13,20.405670166015625,24.200000762939453,24.350000381469727,23.979999542236328,24.0,18932293
2024-06-14,20.599607467651367,24.43000030517578,24.43000030517578,24.100000381469727,24.200000762939453,10101169
2024-06-17,20.616470336914062,24.450000762939453,24.540000915527344,24.329999923706055,24.43000030517578,9298047
2024-06-18,20.90316390991211,24.790000915527344,24.809999465942383,24.6299991607666,24.700000762939453,9885662
2024-06-19,21.60302734375,25.6200008392334,25.68000030517578,24.959999084472656,24.969999313354492,27084973
2024-06-20,21.948741912841797,26.030000686645508,26.030000686645508,25.600000381469727,25.639999389648438,22048779
2024-06-21,21.780101776123047,25.829999923706055,25.989999771118164,25.59000015258789,25.739999771118164,24082804
2024-06-24,21.257307052612305,25.209999084472656,25.68000030517578,25.15999984741211,25.6299991607666,29753782
2024-06-25,21.232013702392578,25.18000030517578,25.200000762939453,24.639999389648438,24.959999084472656,25626200
2024-06-26,21.383792877197266,25.360000610351562,25.540000915527344,25.260000228881836,25.3799991607666,31333163
2024-06-27,21.33319854736328,25.299999237060547,25.34000015258789,25.09000015258789,25.100000381469727,18183577
2024-06-28,21.552433013916016,25.559999465942383,25.649999618530273,25.31999969482422,25.360000610351562,9910114
2024-07-01,21.569297790527344,25.579999923706055,25.790000915527344,25.549999237060547,25.579999923706055,12012778
2024-07-02,21.366928100585938,25.34000015258789,25.579999923706055,25.209999084472656,25.549999237060547,14668221
2024-07-03,21.501840591430664,25.5,25.65999984741211,25.450000762939453,25.56999969482422,11601295
2024-07-04,22.007766723632812,26.100000381469727,26.15999984741211,25.920000076293945,25.920000076293945,24012686
2024-07-05,21.965604782104492,26.049999237060547,26.190000534057617,26.049999237060547,26.1200008392334,18624701
2024-07-08,22.68233299255371,26.899999618530273,26.969999313354492,26.079999923706055,26.100000381469727,41242708
2024-07-09,22.758220672607422,26.989999771118164,27.360000610351562,26.639999389648438,27.040000915527344,63468178
2024-07-10,22.79195213317871,27.030000686645508,27.040000915527344,26.639999389648438,26.860000610351562,34175410
2024-07-11,23.061779022216797,27.350000381469727,27.5,27.209999084472656,27.389999389648438,33778833
2024-07-12,22.345048904418945,26.5,26.899999618530273,26.450000762939453,26.809999465942383,64245495
2024-07-15,22.37034797668457,26.530000686645508,26.739999771118164,26.469999313354492,26.6200008392334,31543042
2024-07-16,22.429372787475586,26.600000381469727,26.899999618530273,26.479999542236328,26.600000381469727,40369672
2024-07-17,22.184837341308594,26.309999465942383,26.649999618530273,26.25,26.549999237060547,40134310
2024-07-18,21.577728271484375,25.59000015258789,25.790000915527344,25.40999984741211,25.440000534057617,51997526
2024-07-19,21.189851760864258,25.1299991607666,25.459999084472656,25.1299991607666,25.399999618530273,33703398
2024-07-22,20.481557846069336,24.290000915527344,25.049999237060547,24.100000381469727,25.0,53792594
2024-07-23,21.038074493408203,24.950000762939453,24.950000762939453,24.65999984741211,24.700000762939453,25253738
2024-07-26,20.32978057861328,24.110000610351562,24.18000030517578,23.780000686645508,23.90999984741211,34890537
2024-07-29,20.346643447875977,24.1299991607666,24.540000915527344,24.110000610351562,24.459999084472656,16618848
2024-07-30,20.523717880249023,24.34000015258789,24.3799991607666,23.780000686645508,24.0,23115691
2024-07-31,20.49842071533203,24.309999465942383,24.440000534057617,24.0,24.110000610351562,21319577
2024-08-01,20.86100196838379,24.739999771118164,24.90999984741211,24.610000610351562,24.8700008392334,37886536
2024-08-02,19.73110008239746,23.399999618530273,23.989999771118164,23.3700008392334,23.920000076293945,67888358
2024-08-05,17.85917854309082,21.18000030517578,22.139999389648438,21.149999618530273,22.06999969482422,74144180
2024-08-06,18.685522079467773,22.15999984741211,22.549999237060547,21.229999542236328,21.850000381469727,67675178
2024-08-07,19.40224838256836,23.010000228881836,23.15999984741211,22.3799991607666,22.469999313354492,43630188
2024-08-08,18.972211837768555,22.5,22.780000686645508,22.329999923706055,22.59000015258789,35427257
2024-08-09,19.461273193359375,23.079999923706055,23.290000915527344,22.959999084472656,23.219999313354492,29876440
2024-08-12,19.95876693725586,23.670000076293945,23.790000915527344,23.299999237060547,23.309999465942383,29969096
2024-08-13,20.085248947143555,23.81999969482422,24.0,23.75,23.950000762939453,36592825
2024-08-14,20.346643447875977,24.1299991607666,24.290000915527344,24.06999969482422,24.18000030517578,47061149
2024-08-15,20.16956901550293,23.920000076293945,24.190000534057617,23.920000076293945,24.1299991607666,54313226
2024-08-16,20.618371963500977,23.43000030517578,23.520000457763672,23.3700008392334,23.489999771118164,28647855
2024-08-19,20.69757080078125,23.520000457763672,23.65999984741211,23.450000762939453,23.450000762939453,18458649
2024-08-20,20.732770919799805,23.559999465942383,23.850000381469727,23.549999237060547,23.700000762939453,14873479
2024-08-21,20.539169311523438,23.34000015258789,23.489999771118164,23.299999237060547,23.459999084472656,14933553
2024-08-22,20.433568954467773,23.219999313354492,23.469999313354492,23.190000534057617,23.389999389648438,10753769
2024-08-23,20.49517059326172,23.290000915527344,23.31999969482422,22.979999542236328,23.040000915527344,13264251
2024-08-26,20.433568954467773,23.219999313354492,23.549999237060547,23.190000534057617,23.5,14251906
2024-08-27,20.380769729614258,23.15999984741211,23.209999084472656,23.049999237060547,23.1200008392334,8402535
2024-08-28,20.635971069335938,23.450000762939453,23.450000762939453,23.079999923706055,23.200000762939453,10326000
2024-08-29,20.53036880493164,23.329999923706055,23.420000076293945,23.0,23.059999465942383,14029756
2024-08-30,20.521568298339844,23.31999969482422,23.479999542236328,23.31999969482422,23.450000762939453,11499424
2024-09-02,20.424768447875977,23.209999084472656,23.5,23.190000534057617,23.450000762939453,14226538
2024-09-03,20.407169342041016,23.190000534057617,23.3799991607666,23.139999389648438,23.209999084472656,7615203
2024-09-04,19.439170837402344,22.09000015258789,22.399999618530273,21.760000228881836,22.290000915527344,35539268
2024-09-05,19.38637351989746,22.030000686645508,22.3799991607666,21.989999771118164,22.309999465942383,18729043
2024-09-06,19.641569137573242,22.31999969482422,22.389999389648438,21.969999313354492,22.100000381469727,11007427
2024-09-09,19.307170867919922,21.940000534057617,21.969999313354492,21.81999969482422,21.829999923706055,22288959
2024-09-10,19.254371643066406,21.8799991607666,22.100000381469727,21.719999313354492,22.049999237060547,13650817
2024-09-11,19.210371017456055,21.829999923706055,21.950000762939453,21.809999465942383,21.8799991607666,7448246
2024-09-12,19.90557098388672,22.6200008392334,22.670000076293945,22.399999618530273,22.440000534057617,17315086
2024-09-13,19.914369583129883,22.6299991607666,22.809999465942383,22.520000457763672,22.770000457763672,6988945
2024-09-16,19.975971221923828,22.700000762939453,22.729999542236328,22.520000457763672,22.639999389648438,6580174
2024-09-18,19.641569137573242,22.31999969482422,22.65999984741211,22.280000686645508,22.65999984741211,12831684
2024-09-19,19.94957160949707,22.670000076293945,22.700000762939453,22.299999237060547,22.31999969482422,10687011
2024-09-20,20.099170684814453,22.84000015258789,23.15999984741211,22.84000015258789,23.030000686645508,13197638
2024-09-23,20.204769134521484,22.959999084472656,23.049999237060547,22.8700008392334,22.8700008392334,8366667
2024-09-24,20.424768447875977,23.209999084472656,23.229999542236328,22.81999969482422,22.950000762939453,9988449
2024-09-25,20.776769638061523,23.610000610351562,23.700000762939453,23.540000915527344,23.59000015258789,16199040
2024-09-26,20.917570114135742,23.770000457763672,23.90999984741211,23.719999313354492,23.799999237060547,16136061
2024-09-27,20.935169219970703,23.790000915527344,24.06999969482422,23.770000457763672,23.93000030517578,13505453
2024-09-30,20.32796859741211,23.100000381469727,23.549999237060547,23.100000381469727,23.5,21593996
2024-10-01,20.363168716430664,23.139999389648438,23.25,23.079999923706055,23.15999984741211,7648526
2024-10-04,20.33677101135254,23.110000610351562,23.3799991607666,23.049999237060547,23.209999084472656,7133374
2024-10-07,20.776769638061523,23.610000610351562,23.68000030517578,23.420000076293945,23.43000030517578,10046550
2024-10-08,20.653568267822266,23.469999313354492,23.520000457763672,23.329999923706055,23.510000228881836,6498832
2024-10-09,20.908769607543945,23.760000228881836,23.93000030517578,23.75,23.829999923706055,12893579
2024-10-11,21.20796775817871,24.100000381469727,24.200000762939453,23.8799991607666,23.8799991607666,16904780
2024-10-14,21.295970916748047,24.200000762939453,24.25,23.979999542236328,24.100000381469727,15607830
2024-10-15,21.68316650390625,24.639999389648438,24.690000534057617,24.34000015258789,24.34000015258789,15525673
2024-10-16,21.498369216918945,24.43000030517578,24.600000381469727,24.139999389648438,24.18000030517578,16451158
2024-10-17,21.542367935180664,24.479999542236328,24.549999237060547,24.270000457763672,24.459999084472656,9867318
2024-10-18,21.84156608581543,24.81999969482422,25.110000610351562,24.75,25.100000381469727,23464780
2024-10-21,21.973567962646484,24.969999313354492,25.139999389648438,24.950000762939453,25.030000686645508,15916691
2024-10-22,22.061567306518555,25.06999969482422,25.06999969482422,24.75,24.899999618530273,12611003
2024-10-23,21.95596694946289,24.950000762939453,25.049999237060547,24.889999389648438,24.940000534057617,7234271
2024-10-24,21.718366622924805,24.68000030517578,24.950000762939453,24.639999389648438,24.93000030517578,11986430
2024-10-25,21.991167068481445,24.989999771118164,25.0,24.809999465942383,24.81999969482422,8050599
2024-10-28,21.93836784362793,24.93000030517578,25.239999771118164,24.829999923706055,25.149999618530273,13578191
2024-10-29,21.48956871032715,24.420000076293945,24.579999923706055,24.209999084472656,24.579999923706055,23064890
2024-10-30,21.48076820373535,24.40999984741211,24.690000534057617,24.3799991607666,24.520000457763672,8961007
2024-11-01,21.39276695251465,24.309999465942383,24.31999969482422,23.540000915527344,23.729999542236328,24654707
2024-11-04,21.621566772460938,24.56999969482422,24.579999923706055,24.270000457763672,24.31999969482422,9603529
2024-11-05,21.69196891784668,24.649999618530273,24.770000457763672,24.389999389648438,24.420000076293945,12008024
2024-11-06,21.929569244384766,24.920000076293945,25.110000610351562,24.700000762939453,24.709999084472656,19685799
2024-11-07,22.149568557739258,25.170000076293945,25.260000228881836,24.84000015258789,24.84000015258789,16051632
2024-11-08,22.237565994262695,25.270000457763672,25.450000762939453,25.209999084472656,25.440000534057617,11171530
2024-11-11,22.27276611328125,25.309999465942383,25.309999465942383,25.059999465942383,25.270000457763672,9010548
2024-11-12,21.7271671295166,24.690000534057617,24.969999313354492,24.690000534057617,24.889999389648438,19921879
2024-11-13,21.75356674194336,24.719999313354492,24.850000381469727,24.610000610351562,24.670000076293945,9435608
2024-11-14,21.471967697143555,24.399999618530273,24.700000762939453,24.329999923706055,24.700000762939453,10577689
2024-11-15,21.52476692199707,24.459999084472656,24.559999465942383,24.25,24.5,11908210
2024-11-18,21.199169158935547,24.09000015258789,24.399999618530273,24.059999465942383,24.389999389648438,13713438
2024-11-19,21.41916847229004,24.34000015258789,24.459999084472656,24.100000381469727,24.229999542236328,8956830
2024-11-20,21.401567459106445,24.31999969482422,24.31999969482422,24.31999969482422,24.31999969482422,17317
2024-11-21,21.2343692779541,24.1299991607666,24.229999542236328,24.030000686645508,24.09000015258789,9093857
2024-11-22,21.612768173217773,24.559999465942383,24.579999923706055,24.399999618530273,24.399999618530273,11579426
2024-11-25,21.68316650390625,24.639999389648438,24.899999618530273,24.6299991607666,24.729999542236328,7607830
2024-11-26,21.366369247436523,24.280000686645508,24.389999389648438,24.200000762939453,24.299999237060547,11411776
2024-11-27,21.01436996459961,23.8799991607666,24.229999542236328,23.8799991607666,24.049999237060547,14696241
2024-11-28,20.935169219970703,23.790000915527344,23.899999618530273,23.59000015258789,23.8700008392334,15654168
2024-11-29,20.996768951416016,23.860000610351562,24.0,23.479999542236328,23.540000915527344,10784564
2024-12-02,21.471967697143555,24.399999618530273,24.420000076293945,24.049999237060547,24.049999237060547,8985807
2024-12-03,21.559967041015625,24.5,24.75,24.5,24.649999618530273,9161496
2024-12-04,21.806367874145508,24.780000686645508,24.780000686645508,24.56999969482422,24.6200008392334,8980757
2024-12-05,21.815170288085938,24.790000915527344,24.920000076293945,24.739999771118164,24.860000610351562,6876636
2024-12-06,21.7359676361084,24.700000762939453,24.889999389648438,24.649999618530273,24.81999969482422,5427813
2024-12-09,21.7271671295166,24.690000534057617,24.829999923706055,24.68000030517578,24.760000228881836,5535909
2024-12-10,21.603965759277344,24.549999237060547,24.770000457763672,24.530000686645508,24.690000534057617,6546481
2024-12-11,21.471967697143555,24.399999618530273,24.56999969482422,24.34000015258789,24.34000015258789,8260131
2024-12-12,21.665569305419922,24.6200008392334,24.790000915527344,24.6200008392334,24.649999618530273,7387298
2024-12-13,21.68316650390625,24.639999389648438,24.719999313354492,24.530000686645508,24.56999969482422,5667129
2024-12-16,21.542367935180664,24.479999542236328,24.959999084472656,24.479999542236328,24.90999984741211,10078458
2024-12-17,21.7359676361084,24.700000762939453,24.81999969482422,24.6299991607666,24.6299991607666,5777129
2024-12-18,21.744768142700195,24.709999084472656,24.790000915527344,24.530000686645508,24.68000030517578,6004914
2024-12-19,21.586368560791016,24.530000686645508,24.549999237060547,24.329999923706055,24.450000762939453,11111859
2024-12-20,21.46316909790039,24.389999389648438,24.510000228881836,24.31999969482422,24.440000534057617,6978133
2024-12-23,21.86796760559082,24.850000381469727,24.8700008392334,24.6200008392334,24.6200008392334,11485847
2024-12-24,21.86796760559082,24.850000381469727,25.059999465942383,24.81999969482422,25.020000457763672,5508545
2024-12-25,21.973567962646484,24.969999313354492,25.0,24.899999618530273,24.979999542236328,3642865
2024-12-26,21.991167068481445,24.989999771118164,25.020000457763672,24.950000762939453,24.989999771118164,4537917
2024-12-27,22.04396629333496,25.049999237060547,25.079999923706055,24.940000534057617,24.940000534057617,5843719
2024-12-30,21.920766830444336,24.90999984741211,25.030000686645508,24.889999389648438,25.0,3684984
2024-12-31,21.920766830444336,24.90999984741211,24.90999984741211,24.670000076293945,24.770000457763672,6789013
2025-01-02,21.542367935180664,24.479999542236328,24.84000015258789,24.389999389648438,24.760000228881836,17489631
2025-01-03,21.674365997314453,24.6299991607666,24.780000686645508,24.5,24.639999389648438,8685263
2025-01-06,22.184764862060547,25.209999084472656,25.25,25.0,25.040000915527344,19969066
2025-01-07,22.510366439819336,25.579999923706055,25.690000534057617,25.489999771118164,25.579999923706055,20221773
2025-01-08,22.263967514038086,25.299999237060547,25.549999237060547,25.260000228881836,25.43000030517578,8713901
2025-01-09,21.929569244384766,24.920000076293945,25.299999237060547,24.920000076293945,25.219999313354492,10773896
2025-01-10,21.93836784362793,24.93000030517578,25.06999969482422,24.829999923706055,24.920000076293945,8949537
2025-01-13,21.27836799621582,24.18000030517578,24.780000686645508,24.15999984741211,24.780000686645508,26725353
2025-01-14,21.48076820373535,24.40999984741211,24.440000534057617,24.15999984741211,24.18000030517578,8189703
2025-01-15,21.251968383789062,24.149999618530273,24.40999984741211,24.149999618530273,24.399999618530273,13216957
2025-01-16,21.656768798828125,24.610000610351562,24.790000915527344,24.579999923706055,24.59000015258789,17364656
2025-01-17,21.729381561279297,23.940000534057617,24.1299991607666,23.75,24.1299991607666,17915940
2025-01-20,21.983524322509766,24.219999313354492,24.290000915527344,24.079999923706055,24.079999923706055,10199888
2025-01-21,22.037986755371094,24.280000686645508,24.329999923706055,24.1299991607666,24.170000076293945,8781706
2025-01-22,22.25582504272461,24.520000457763672,24.549999237060547,24.43000030517578,24.469999313354492,8170358
2025-02-03,21.248321533203125,23.40999984741211,23.479999542236328,23.15999984741211,23.15999984741211,32736839
2025-02-04,21.2664737701416,23.43000030517578,23.639999389648438,23.40999984741211,23.549999237060547,8867723
2025-02-05,21.611385345458984,23.809999465942383,23.969999313354492,23.700000762939453,23.719999313354492,12462246
2025-02-06,21.711227416992188,23.920000076293945,24.149999618530273,23.899999618530273,24.049999237060547,9667399
2025-02-07,21.938142776489258,24.170000076293945,24.18000030517578,23.989999771118164,24.0,6447088
2025-02-10,21.6749210357666,23.8799991607666,24.059999465942383,23.81999969482422,24.010000228881836,8939201
2025-02-11,21.85645294189453,24.079999923706055,24.219999313354492,24.030000686645508,24.110000610351562,5470021
2025-02-12,21.747533798217773,23.959999084472656,24.280000686645508,23.950000762939453,24.209999084472656,7232531
2025-02-13,21.8292236328125,24.049999237060547,24.079999923706055,23.90999984741211,23.959999084472656,4770385
2025-02-14,21.62046241760254,23.81999969482422,23.950000762939453,23.809999465942383,23.950000762939453,8841801
2025-02-17,21.938142776489258,24.170000076293945,24.190000534057617,23.950000762939453,23.950000762939453,9429143
2025-02-18,22.01075553894043,24.25,24.25,24.149999618530273,24.209999084472656,4645848
2025-02-19,21.983524322509766,24.219999313354492,24.34000015258789,24.209999084472656,24.25,5371015
2025-02-20,21.901836395263672,24.1299991607666,24.239999771118164,24.049999237060547,24.219999313354492,5915907
2025-02-21,22.074291229248047,24.31999969482422,24.34000015258789,24.100000381469727,24.1299991607666,5988724
2025-02-24,22.01075553894043,24.25,24.25,24.049999237060547,24.059999465942383,4099600
2025-02-25,21.720304489135742,23.93000030517578,23.989999771118164,23.81999969482422,23.969999313354492,10192183
2025-02-26,21.901836395263672,24.1299991607666,24.149999618530273,23.739999771118164,23.780000686645508,5077643
2025-02-27,21.611385345458984,23.809999465942383,24.200000762939453,23.760000228881836,24.15999984741211,12803732
2025-03-03,21.157556533813477,23.309999465942383,23.520000457763672,23.25,23.520000457763672,22486203
2025-03-04,21.112173080444336,23.260000228881836,23.31999969482422,22.850000381469727,22.889999389648438,15008963
2025-03-05,21.348163604736328,23.520000457763672,23.549999237060547,23.40999984741211,23.489999771118164,8395966
2025-03-06,21.284629821777344,23.450000762939453,23.549999237060547,23.389999389648438,23.549999237060547,4978259
2025-03-07,21.021406173706055,23.15999984741211,23.350000381469727,23.149999618530273,23.270000457763672,9572899
2025-03-10,20.885255813598633,23.010000228881836,23.209999084472656,22.93000030517578,23.15999984741211,8944134
2025-03-11,20.46773338317871,22.549999237060547,22.6200008392334,22.229999542236328,22.540000915527344,24567306
2025-03-12,20.64926528930664,22.75,22.93000030517578,22.639999389648438,22.68000030517578,9613996
2025-03-13,20.494964599609375,22.579999923706055,23.1299991607666,22.56999969482422,23.09000015258789,7970971
2025-03-14,20.46773338317871,22.549999237060547,22.610000610351562,22.360000610351562,22.5,7919656
2025-03-17,20.612958908081055,22.709999084472656,22.8799991607666,22.700000762939453,22.799999237060547,5468394
2025-03-18,20.776338577270508,22.889999389648438,23.0,22.809999465942383,22.829999923706055,3841887
2025-03-19,20.549423217773438,22.639999389648438,22.940000534057617,22.579999923706055,22.93000030517578,5886458
2025-03-20,20.8580265045166,22.979999542236328,22.989999771118164,22.799999237060547,22.799999237060547,4637459
2025-03-21,20.75818634033203,22.8700008392334,22.989999771118164,22.860000610351562,22.950000762939453,2908285
2025-03-24,20.703723907470703,22.809999465942383,23.079999923706055,22.790000915527344,23.06999969482422,3132712
2025-03-25,20.89433479309082,23.020000457763672,23.139999389648438,22.93000030517578,23.020000457763672,6454162
2025-03-26,20.89433479309082,23.020000457763672,23.110000610351562,22.940000534057617,23.059999465942383,2831364
2025-03-27,20.46773338317871,22.549999237060547,22.65999984741211,22.530000686645508,22.610000610351562,7459958
2025-03-28,20.14097785949707,22.190000534057617,22.3799991607666,22.079999923706055,22.34000015258789,10595005
2025-03-31,19.28777503967285,21.25,21.600000381469727,21.25,21.479999542236328,23309948
2025-04-01,19.777912139892578,21.790000915527344,21.829999923706055,21.459999084472656,21.459999084472656,9263768
2025-04-02,19.705299377441406,21.709999084472656,21.920000076293945,21.6200008392334,21.790000915527344,18740400
2025-04-07,17.73567771911621,19.540000915527344,19.540000915527344,19.540000915527344,19.540000915527344,7318205
2025-04-08,16.73725128173828,18.440000534057617,19.0,18.190000534057617,18.260000228881836,67820974
2025-04-09,15.756978988647461,17.360000610351562,18.450000762939453,17.15999984741211,18.229999542236328,46591881
2025-04-10,17.32723045349121,19.09000015258789,19.09000015258789,19.09000015258789,19.09000015258789,5032260
2025-04-11,18.162277221679688,20.010000228881836,20.020000457763672,18.43000030517578,18.709999084472656,31041145
2025-04-14,18.30750274658203,20.170000076293945,20.770000457763672,20.139999389648438,20.709999084472656,18001531
2025-04-15,18.50718879699707,20.389999389648438,20.43000030517578,20.139999389648438,20.290000915527344,7400278
2025-04-16,18.171354293823242,20.020000457763672,20.260000228881836,20.0,20.18000030517578,9773092
2025-04-17,18.044281005859375,19.8799991607666,19.959999084472656,19.639999389648438,19.850000381469727,13162689
2025-04-18,18.135046005249023,19.979999542236328,20.059999465942383,19.860000610351562,19.969999313354492,2935157
2025-04-21,17.89905548095703,19.719999313354492,19.989999771118164,19.690000534057617,19.920000076293945,6406849
2025-04-22,17.563220977783203,19.350000381469727,19.719999313354492,19.329999923706055,19.559999465942383,6495155
2025-04-23,18.380115509033203,20.25,20.360000610351562,19.829999923706055,19.8700008392334,9873278
2025-04-24,18.171354293823242,20.020000457763672,20.34000015258789,19.989999771118164,20.329999923706055,5473386
2025-04-25,18.706872940063477,20.610000610351562,20.700000762939453,20.549999237060547,20.600000381469727,9573001
2025-04-28,18.80671501159668,20.719999313354492,20.84000015258789,20.700000762939453,20.729999542236328,5850763
2025-04-29,18.924711227416992,20.850000381469727,20.850000381469727,20.649999618530273,20.709999084472656,5077709
2025-04-30,18.815792083740234,20.729999542236328,20.860000610351562,20.700000762939453,20.780000686645508,4956832
2025-05-02,19.28777503967285,21.25,21.25,21.100000381469727,21.110000610351562,11359114
2025-05-05,19.088090896606445,21.030000686645508,21.479999542236328,20.81999969482422,21.360000610351562,10119695
2025-05-06,19.09716796875,21.040000915527344,21.1299991607666,20.81999969482422,20.899999618530273,7666747
2025-05-07,19.05178451538086,20.989999771118164,21.260000228881836,20.8799991607666,21.1200008392334,6478918
2025-05-08,19.32408332824707,21.290000915527344,21.34000015258789,21.139999389648438,21.200000762939453,5106331
2025-05-09,19.541921615600586,21.530000686645508,21.540000915527344,21.290000915527344,21.360000610351562,6425831
2025-05-12,19.741605758666992,21.75,21.81999969482422,21.68000030517578,21.700000762939453,5993008
2025-05-13,20.095592498779297,22.139999389648438,22.350000381469727,22.1200008392334,22.329999923706055,7987878
2025-05-14,20.55849838256836,22.649999618530273,22.649999618530273,22.40999984741211,22.450000762939453,10869892
2025-05-15,20.449581146240234,22.530000686645508,22.6200008392334,22.440000534057617,22.610000610351562,4901499
2025-05-16,20.45865821838379,22.540000915527344,22.600000381469727,22.440000534057617,22.5,5729252
2025-05-19,20.07744026184082,22.1200008392334,22.450000762939453,22.100000381469727,22.450000762939453,5967245
2025-05-20,20.122821807861328,22.170000076293945,22.440000534057617,22.1200008392334,22.3700008392334,3834692
2025-05-21,20.45865821838379,22.540000915527344,22.549999237060547,22.260000228881836,22.260000228881836,4997632
2025-05-22,20.249895095825195,22.309999465942383,22.3799991607666,22.239999771118164,22.31999969482422,3823565
2025-05-23,20.195436477661133,22.25,22.450000762939453,22.170000076293945,22.450000762939453,3302323
2025-05-26,20.113746643066406,22.15999984741211,22.299999237060547,22.110000610351562,22.209999084472656,3552609
2025-05-27,19.968521118164062,22.0,22.15999984741211,21.950000762939453,22.15999984741211,4038241
2025-05-28,20.068363189697266,22.110000610351562,22.31999969482422,21.979999542236328,22.25,3213090
2025-05-29,20.204511642456055,22.260000228881836,22.40999984741211,22.25,22.40999984741211,7357435
2025-06-02,19.768835067749023,21.780000686645508,22.0,21.700000762939453,21.940000534057617,6809757
2025-06-03,19.9412899017334,21.969999313354492,22.209999084472656,21.950000762939453,22.059999465942383,5499341
2025-06-04,20.313430786132812,22.3799991607666,22.440000534057617,22.239999771118164,22.280000686645508,4866445
2025-06-05,20.358816146850586,22.43000030517578,22.530000686645508,22.3700008392334,22.5,7235478
2025-06-06,20.358816146850586,22.43000030517578,22.479999542236328,22.34000015258789,22.43000030517578,2667146
2025-06-09,20.522193908691406,22.610000610351562,22.649999618530273,22.5,22.610000610351562,6106469
2025-06-10,21.066789627075195,23.209999084472656,23.239999771118164,22.81999969482422,22.81999969482422,13852176
2025-06-11,21.230167388916016,23.389999389648438,23.420000076293945,23.260000228881836,23.3700008392334,9052682
2025-06-12,21.112173080444336,23.260000228881836,23.350000381469727,23.209999084472656,23.299999237060547,5242191
2025-06-13,20.948793411254883,23.079999923706055,23.200000762939453,22.969999313354492,23.100000381469727,6313680
2025-06-16,20.976024627685547,23.110000610351562,23.110000610351562,22.940000534057617,23.0,4368019
2025-06-17,21.021406173706055,23.15999984741211,23.350000381469727,23.09000015258789,23.299999237060547,6803109
2025-06-18,21.12125015258789,23.270000457763672,23.270000457763672,23.059999465942383,23.059999465942383,8032034
2025-06-19,20.96694564819336,23.100000381469727,23.229999542236328,23.040000915527344,23.209999084472656,4479665
2025-06-20,20.8580265045166,22.979999542236328,23.1200008392334,22.81999969482422,23.059999465942383,9823956
2025-06-23,20.812644958496094,22.93000030517578,22.950000762939453,22.6200008392334,22.6299991607666,5622839
2025-06-24,21.239246368408203,23.399999618530273,23.440000534057617,23.309999465942383,23.350000381469727,8518856
2025-06-25,21.502466201782227,23.690000534057617,23.709999084472656,23.59000015258789,23.639999389648438,12791110
2025-06-26,21.529695510864258,23.719999313354492,23.84000015258789,23.68000030517578,23.75,12192215
2025-06-27,21.556926727294922,23.75,23.780000686645508,23.649999618530273,23.760000228881836,5871555
2025-06-30,21.566001892089844,23.760000228881836,23.829999923706055,23.719999313354492,23.780000686645508,5449241
2025-07-01,21.69307518005371,23.899999618530273,24.170000076293945,23.84000015258789,23.84000015258789,16706631
2025-07-02,21.76568603515625,23.979999542236328,24.0,23.829999923706055,23.860000610351562,4616080
2025-07-03,22.074291229248047,24.31999969482422,24.360000610351562,24.219999313354492,24.219999313354492,11879527
2025-07-04,21.956296920776367,24.190000534057617,24.459999084472656,24.149999618530273,24.389999389648438,6570544
2025-07-07,21.756610870361328,23.969999313354492,24.18000030517578,23.93000030517578,24.18000030517578,5943753
2025-07-08,21.702152252197266,23.90999984741211,24.0,23.84000015258789,23.899999618530273,5212507
2025-07-09,22.10152244567871,24.350000381469727,24.360000610351562,23.90999984741211,23.90999984741211,7486567
2025-07-10,22.355667114257812,24.6299991607666,24.649999618530273,24.40999984741211,24.420000076293945,15110698
2025-07-11,22.3919734954834,24.670000076293945,24.690000534057617,24.540000915527344,24.600000381469727,5987010
2025-07-14,22.128751754760742,24.3799991607666,24.610000610351562,24.360000610351562,24.610000610351562,10705156
2025-07-15,22.48274040222168,24.770000457763672,24.809999465942383,24.40999984741211,24.40999984741211,8949568
2025-07-16,22.700578689575195,25.010000228881836,25.139999389648438,24.899999618530273,24.90999984741211,12158956
2025-07-17,22.727807998657227,25.040000915527344,25.15999984741211,24.860000610351562,25.100000381469727,4925854
2025-07-18,23.0545654296875,25.399999618530273,25.399999618530273,25.299999237060547,25.3700008392334,17899069
2025-07-21,23.0545654296875,25.399999618530273,25.5,25.3700008392334,25.399999618530273,8716308
2025-07-22,22.8004207611084,25.1200008392334,25.68000030517578,25.09000015258789,25.469999313354492,13064070
2025-07-23,22.945646286010742,25.280000686645508,25.420000076293945,25.239999771118164,25.280000686645508,8956160
2025-07-24,23.14533233642578,25.5,25.520000457763672,25.3799991607666,25.3799991607666,7742482
2025-07-25,23.12717628479004,25.479999542236328,25.59000015258789,25.420000076293945,25.520000457763672,5664324
2025-07-28,23.290555953979492,25.65999984741211,25.68000030517578,25.5,25.610000610351562,8987148
2025-07-29,23.045486450195312,25.389999389648438,25.6299991607666,25.290000915527344,25.600000381469727,10837855
2025-07-30,23.263324737548828,25.6299991607666,25.649999618530273,25.459999084472656,25.540000915527344,12305554
2025-07-31,23.68992805480957,26.100000381469727,26.1299991607666,25.75,25.75,14791361
2025-08-01,23.571929931640625,25.969999313354492,26.049999237060547,25.700000762939453,25.700000762939453,13478002
2025-08-04,23.435781478881836,25.81999969482422,25.8799991607666,25.68000030517578,25.700000762939453,8904778
2025-08-05,23.853307723999023,26.280000686645508,26.290000915527344,26.149999618530273,26.170000076293945,9992851
2025-08-06,23.67177391052246,26.079999923706055,26.200000762939453,26.079999923706055,26.1200008392334,5801414
2025-08-07,24.30713653564453,26.780000686645508,26.84000015258789,26.5,26.5,16642479
2025-08-08,24.41605567932129,26.899999618530273,26.959999084472656,26.81999969482422,26.860000610351562,8836995
2025-08-11,24.6883544921875,27.200000762939453,27.239999771118164,26.770000457763672,26.899999618530273,9101196
2025-08-12,24.67020034790039,27.18000030517578,27.209999084472656,27.040000915527344,27.200000762939453,11582551
2025-08-13,24.869884490966797,27.399999618530273,27.5,27.15999984741211,27.31999969482422,12701503
2025-08-14,24.78819465637207,27.309999465942383,27.399999618530273,27.209999084472656,27.3799991607666,9782453
2025-08-15,25.042341232299805,27.59000015258789,27.639999389648438,27.299999237060547,27.3700008392334,20415907
2025-08-18,25.25535011291504,27.270000457763672,27.299999237060547,27.0,27.040000915527344,18630487
2025-08-19,24.986772537231445,26.979999542236328,27.329999923706055,26.979999542236328,27.299999237060547,11980049
2025-08-20,24.134740829467773,26.059999465942383,26.690000534057617,26.059999465942383,26.549999237060547,27736620
2025-08-21,24.44036102294922,26.389999389648438,26.450000762939453,26.1299991607666,26.1299991607666,15771509
2025-08-22,24.319965362548828,26.260000228881836,26.549999237060547,26.260000228881836,26.5,10655439
2025-08-25,24.866378784179688,26.850000381469727,26.899999618530273,26.709999084472656,26.850000381469727,11583071
2025-08-26,24.93120574951172,26.920000076293945,26.940000534057617,26.649999618530273,26.770000457763672,12930608
2025-08-27,25.22756576538086,27.239999771118164,27.280000686645508,27.049999237060547,27.049999237060547,8800775
2025-08-28,25.023818969726562,27.020000457763672,27.149999618530273,26.989999771118164,27.110000610351562,9674399
2025-08-29,25.0330810546875,27.030000686645508,27.219999313354492,27.020000457763672,27.149999618530273,7536563
2025-09-01,24.449623107910156,26.399999618530273,26.940000534057617,26.299999237060547,26.81999969482422,13884247
2025-09-02,24.403316497802734,26.350000381469727,26.709999084472656,26.290000915527344,26.639999389648438,4882511
2025-09-03,24.449623107910156,26.399999618530273,26.479999542236328,26.299999237060547,26.299999237060547,5332356
2025-09-04,24.579280853271484,26.540000915527344,26.81999969482422,26.510000228881836,26.690000534057617,7057305
2025-09-05,24.986772537231445,26.979999542236328,27.0,26.829999923706055,26.850000381469727,9492829
2025-09-08,25.134952545166016,27.139999389648438,27.280000686645508,27.100000381469727,27.239999771118164,8847833
2025-09-09,25.551708221435547,27.59000015258789,27.670000076293945,27.25,27.25,15152486
2025-09-10,26.098119735717773,28.18000030517578,28.200000762939453,27.93000030517578,27.940000534057617,15699947
2025-09-11,26.25556182861328,28.350000381469727,28.700000762939453,28.299999237060547,28.459999084472656,23267446
2025-09-12,26.4315242767334,28.540000915527344,28.670000076293945,28.5,28.639999389648438,13521974
2025-09-15,26.40373992919922,28.510000228881836,28.600000381469727,28.350000381469727,28.549999237060547,12406663
2025-09-16,26.690837860107422,28.81999969482422,28.84000015258789,28.610000610351562,28.6299991607666,13415592
2025-09-17,26.514873504638672,28.6299991607666,28.809999465942383,28.600000381469727,28.799999237060547,8659589
2025-09-18,26.89458656311035,29.040000915527344,29.059999465942383,28.579999923706055,28.709999084472656,12142881
2025-09-19,26.755666732788086,28.889999389648438,29.15999984741211,28.799999237060547,29.1200008392334,12673002
2025-09-22,26.79271125793457,28.93000030517578,29.020000457763672,28.809999465942383,29.020000457763672,10223865
2025-09-23,27.144638061523438,29.309999465942383,29.399999618530273,29.1200008392334,29.239999771118164,15430473
2025-09-24,27.024242401123047,29.18000030517578,29.299999237060547,29.0,29.299999237060547,15613039
2025-09-25,27.005720138549805,29.15999984741211,29.31999969482422,29.049999237060547,29.079999923706055,13035746
2025-09-26,26.40373992919922,28.510000228881836,28.969999313354492,28.299999237060547,28.950000762939453,22717876
2025-09-30,26.74640464782715,28.8799991607666,29.149999618530273,28.790000915527344,28.860000610351562,16435377
2025-10-01,26.783451080322266,28.920000076293945,29.34000015258789,28.84000015258789,29.030000686645508,11905832
2025-10-02,27.357646942138672,29.540000915527344,29.600000381469727,29.3700008392334,29.520000457763672,16349957
2025-10-03,27.87627410888672,30.100000381469727,30.100000381469727,29.549999237060547,29.549999237060547,15557593
2025-10-07,28.41342544555664,30.68000030517578,30.700000762939453,30.510000228881836,30.559999465942383,17754108
2025-10-08,28.181894302368164,30.43000030517578,30.43000030517578,30.209999084472656,30.329999923706055,13928030
2025-10-09,28.36711883544922,30.6299991607666,30.84000015258789,30.579999923706055,30.780000686645508,16371413
2025-10-13,27.968887329101562,30.200000762939453,30.200000762939453,29.68000030517578,29.700000762939453,18683458
2025-10-14,27.59843635559082,29.799999237060547,30.770000457763672,29.780000686645508,30.670000076293945,27466180
2025-10-15,28.061498641967773,30.299999237060547,30.31999969482422,29.729999542236328,29.8799991607666,12357449
2025-10-16,28.728307723999023,31.020000457763672,31.049999237060547,30.5,30.5,19799214
2025-10-17,28.3949031829834,30.65999984741211,30.889999389648438,30.639999389648438,30.700000762939453,16153221
2025-10-20,28.87648582458496,31.18000030517578,31.239999771118164,30.75,30.770000457763672,11206743
2025-10-21,28.978361129760742,31.290000915527344,31.520000457763672,31.270000457763672,31.350000381469727,13913474
2025-10-22,28.774612426757812,31.06999969482422,31.1200008392334,30.860000610351562,31.0,14098151
2025-10-23,28.53382110595703,30.809999465942383,30.8700008392334,30.690000534057617,30.729999542236328,9999166
2025-10-27,29.330286026000977,31.670000076293945,31.75,31.520000457763672,31.579999923706055,18065018
2025-10-28,29.32102394104004,31.65999984741211,31.760000228881836,31.540000915527344,31.670000076293945,11571677
2025-10-29,29.83039093017578,32.209999084472656,32.31999969482422,31.969999313354492,31.969999313354492,16776242
2025-10-30,29.793344497680664,32.16999816894531,32.459999084472656,31.8799991607666,32.31999969482422,22881005
2025-10-31,29.9415283203125,32.33000183105469,32.41999816894531,32.16999816894531,32.29999923706055,13058163
2025-11-03,29.774826049804688,32.150001525878906,32.439998626708984,32.040000915527344,32.25,14812523
2025-11-04,29.561817169189453,31.920000076293945,32.56999969482422,31.920000076293945,32.369998931884766,18989071
2025-11-05,29.182106018066406,31.510000228881836,31.549999237060547,30.969999313354492,31.350000381469727,31839007
2025-11-06,29.27471923828125,31.610000610351562,31.809999465942383,31.579999923706055,31.729999542236328,19456878
2025-11-07,28.84870147705078,31.149999618530273,31.350000381469727,31.049999237060547,31.280000686645508,17003418
2025-11-10,29.24693489074707,31.579999923706055,31.6299991607666,31.190000534057617,31.350000381469727,16099663
2025-11-11,28.932052612304688,31.239999771118164,31.790000915527344,31.239999771118164,31.709999084472656,12904932
2025-11-12,29.0987548828125,31.420000076293945,31.450000762939453,31.25,31.329999923706055,14261547
2025-11-13,29.03392791748047,31.350000381469727,31.389999389648438,31.18000030517578,31.329999923706055,12991285
2025-11-14,28.339336395263672,30.600000381469727,30.829999923706055,30.600000381469727,30.780000686645508,19570604
2025-11-17,28.431947708129883,30.700000762939453,31.0,30.690000534057617,30.920000076293945,15095421
2025-11-18,27.718833923339844,29.93000030517578,30.459999084472656,29.860000610351562,30.43000030517578,29676530
2025-11-19,27.505826950073242,29.700000762939453,30.020000457763672,29.6299991607666,29.809999465942383,21305554
2025-11-20,28.56160545349121,30.84000015258789,30.850000381469727,30.489999771118164,30.68000030517578,37226550
2025-11-21,27.496564865112305,29.690000534057617,29.799999237060547,29.440000534057617,29.799999237060547,28445253
2025-11-24,27.320600509643555,29.5,29.84000015258789,29.5,29.809999465942383,18376513
2025-11-25,27.87627410888672,30.100000381469727,30.239999771118164,29.940000534057617,30.18000030517578,21462233
2025-11-26,28.450469970703125,30.719999313354492,30.75,30.420000076293945,30.420000076293945,18009140
2025-11-27,28.746829986572266,31.040000915527344,31.18000030517578,30.8799991607666,31.049999237060547,21091240
2025-11-28,28.932052612304688,31.239999771118164,31.3799991607666,31.049999237060547,31.06999969482422,19522755
2025-12-01,28.672739028930664,30.959999084472656,31.200000762939453,30.920000076293945,31.1299991607666,12064839
2025-12-02,28.66347885131836,30.950000762939453,31.3700008392334,30.93000030517578,31.280000686645508,9327533
2025-12-03,28.904268264770508,31.209999084472656,31.3700008392334,31.149999618530273,31.350000381469727,11050478
2025-12-04,28.839441299438477,31.139999389648438,31.350000381469727,31.020000457763672,31.280000686645508,7847101
2025-12-05,29.209890365600586,31.540000915527344,31.540000915527344,31.219999313354492,31.219999313354492,16083741
2025-12-08,29.49698829650879,31.850000381469727,31.850000381469727,31.540000915527344,31.610000610351562,8960738
2025-12-09,29.46920394897461,31.81999969482422,32.0,31.809999465942383,32.0,6058406
2025-12-10,29.784086227416992,32.15999984741211,32.18000030517578,31.860000610351562,31.899999618530273,7436325
2025-12-11,29.36733055114746,31.709999084472656,32.349998474121094,31.68000030517578,32.310001373291016,10243646
2025-12-12,29.48772621154785,31.84000015258789,31.93000030517578,31.670000076293945,31.8799991607666,8033888
2025-12-15,29.12653923034668,31.450000762939453,31.489999771118164,31.200000762939453,31.229999542236328,7345305
2025-12-16,28.793134689331055,31.09000015258789,31.209999084472656,30.799999237060547,31.170000076293945,13397531
2025-12-17,28.63569450378418,30.920000076293945,31.200000762939453,30.90999984741211,31.09000015258789,7622294
2025-12-18,28.598648071289062,30.8799991607666,30.979999542236328,30.700000762939453,30.81999969482422,10882210
2025-12-19,28.922792434692383,31.229999542236328,31.31999969482422,31.170000076293945,31.200000762939453,6592173
2025-12-22,29.404375076293945,31.75,31.790000915527344,31.559999465942383,31.600000381469727,6719667
2025-12-23,29.450681686401367,31.799999237060547,31.920000076293945,31.799999237060547,31.8799991607666,5430826
2025-12-24,29.589601516723633,31.950000762939453,32.04999923706055,31.8799991607666,32.040000915527344,5826723
2025-12-26,29.83965492248535,32.220001220703125,32.25,32.060001373291016,32.22999954223633,7006327
2025-12-29,30.173059463500977,32.58000183105469,32.630001068115234,32.29999923706055,32.34000015258789,12215097
2025-12-30,30.043397903442383,32.439998626708984,32.560001373291016,32.33000183105469,32.400001525878906,9007362
2025-12-31,30.210100173950195,32.619998931884766,32.81999969482422,32.45000076293945,32.45000076293945,12041124
2026-01-02,30.932477951049805,33.400001525878906,33.400001525878906,33.0,33.16999816894531,76021801
2026-01-05,31.7659854888916,34.29999923706055,34.560001373291016,34.11000061035156,34.150001525878906,60736056
2026-01-06,32.201263427734375,34.77000045776367,34.790000915527344,34.2599983215332,34.369998931884766,36247405
2026-01-07,32.07160949707031,34.630001068115234,35.0,34.4900016784668,35.0,39684480
2026-01-08,31.904905319213867,34.45000076293945,34.689998626708984,34.400001525878906,34.61000061035156,32537673
2026-01-09,31.89564323425293,34.439998626708984,34.619998931884766,34.04999923706055,34.33000183105469,30589701
2026-01-12,32.182743072509766,34.75,34.84000015258789,34.630001068115234,34.810001373291016,22141599
2026-01-13,32.38648986816406,34.970001220703125,35.22999954223633,34.810001373291016,35.15999984741211,33840026
2026-01-14,32.627281188964844,35.22999954223633,35.38999938964844,35.11000061035156,35.11000061035156,35093077
2026-01-15,32.40501403808594,34.9900016784668,35.20000076293945,34.849998474121094,35.20000076293945,56522773
2026-01-16,33.12738800048828,35.77000045776367,35.790000915527344,35.31999969482422,35.5,48914530
2026-01-19,33.21999740600586,35.869998931884766,35.970001220703125,35.599998474121094,35.810001373291016,99131031
2026-01-20,33.369998931884766,33.369998931884766,33.400001525878906,32.97999954223633,33.08000183105469,62027296
2026-01-21,33.060001373291016,33.060001373291016,33.459999084472656,32.970001220703125,33.15999984741211,45212810
2026-01-22,33.560001373291016,33.560001373291016,33.7599983215332,33.5,33.54999923706055,21565780
2026-01-23,33.970001220703125,33.970001220703125,34.040000915527344,33.689998626708984,33.79999923706055,18754926
2026-01-26,34.0,34.0,34.20000076293945,34.0,34.060001373291016,21461932
2026-01-27,34.52000045776367,34.52000045776367,34.560001373291016,34.09000015258789,34.11000061035156,27389171
2026-01-28,34.97999954223633,34.97999954223633,35.0099983215332,34.7599983215332,34.83000183105469,25750183
2026-01-29,34.61000061035156,34.61000061035156,35.16999816894531,34.5,35.13999938964844,27805049
2026-01-30,34.029998779296875,34.029998779296875,34.27000045776367,33.79999923706055,34.27000045776367,32541723
2026-02-02,33.5099983215332,33.5099983215332,33.630001068115234,33.22999954223633,33.59000015258789,28855927
2026-02-03,34.349998474121094,34.349998474121094,34.349998474121094,34.0,34.2599983215332,23310408
2026-02-04,34.400001525878906,34.400001525878906,34.459999084472656,33.97999954223633,34.119998931884766,21425628
2026-02-05,33.77000045776367,33.77000045776367,34.08000183105469,33.65999984741211,33.91999816894531,19695893
2026-02-06,33.630001068115234,33.630001068115234,33.81999969482422,33.0,33.369998931884766,17793638
2026-02-09,34.400001525878906,34.400001525878906,34.709999084472656,34.400001525878906,34.650001525878906,34594373
2026-02-10,35.2599983215332,35.2599983215332,35.27000045776367,34.93000030517578,34.9900016784668,47353688
2026-02-11,35.869998931884766,35.869998931884766,36.0099983215332,35.34000015258789,35.349998474121094,44405413
2026-02-23,35.970001220703125,35.970001220703125,36.56999969482422,35.970001220703125,36.15999984741211,35199118
2026-02-24,37.09000015258789,37.09000015258789,37.22999954223633,36.27000045776367,36.27000045776367,29927368
2026-02-25,38.09000015258789,38.09000015258789,38.349998474121094,37.61000061035156,37.65999984741211,25672768
2026-02-26,38.310001373291016,38.310001373291016,38.5,37.97999954223633,38.209999084472656,17197391
2026-03-02,38.0099983215332,38.0099983215332,38.220001220703125,37.33000183105469,37.36000061035156,23195062
2026-03-03,37.040000915527344,37.040000915527344,38.13999938964844,37.029998779296875,37.970001220703125,31141811
2026-03-04,35.36000061035156,35.36000061035156,36.15999984741211,35.290000915527344,36.15999984741211,47143819
2026-03-05,36.38999938964844,36.38999938964844,37.099998474121094,36.099998474121094,36.75,27609890
2026-03-06,36.38999938964844,36.38999938964844,36.68000030517578,36.02000045776367,36.099998474121094,12857167
2026-03-09,34.58000183105469,34.58000183105469,34.59000015258789,33.970001220703125,34.11000061035156,37908534
2026-03-10,35.52000045776367,35.52000045776367,35.959999084472656,35.130001068115234,35.7400016784668,16414968
2026-03-11,37.189998626708984,37.189998626708984,37.290000915527344,36.20000076293945,36.20000076293945,20751800
2026-03-12,36.790000915527344,36.790000915527344,37.25,36.619998931884766,37.0,10938046
2026-03-13,36.650001525878906,36.650001525878906,36.91999816894531,36.04999923706055,36.119998931884766,14537028
2026-03-16,36.47999954223633,36.47999954223633,37.04999923706055,36.349998474121094,36.959999084472656,15443472
2026-03-17,37.029998779296875,37.029998779296875,37.29999923706055,36.95000076293945,37.0,12195094
2026-03-18,37.7400016784668,37.7400016784668,37.880001068115234,37.5,37.56999969482422,14172454
2026-03-19,37.310001373291016,37.310001373291016,37.619998931884766,37.15999984741211,37.20000076293945,10786465
2026-03-20,37.18000030517578,37.18000030517578,37.5,36.75,37.31999969482422,11452765
2026-03-23,36.2400016784668,36.2400016784668,36.43000030517578,35.97999954223633,36.0,17098811
2026-03-24,36.119998931884766,36.119998931884766,36.86000061035156,35.779998779296875,36.86000061035156,14924588
2026-03-25,37.380001068115234,37.380001068115234,37.52000045776367,37.09000015258789,37.09000015258789,15796411
2026-03-26,37.2599983215332,37.2599983215332,37.939998626708984,37.25,37.5,11770645
2026-03-27,36.9900016784668,36.9900016784668,37.0,36.34000015258789,36.5,9735926
2026-03-30,36.279998779296875,36.279998779296875,36.349998474121094,35.83000183105469,36.15999984741211,15025932
2026-03-31,35.189998626708984,35.189998626708984,36.060001373291016,35.13999938964844,35.97999954223633,20890974
2026-04-01,36.86000061035156,36.86000061035156,36.939998626708984,36.41999816894531,36.540000915527344,15250207
2026-04-02,36.08000183105469,36.08000183105469,37.310001373291016,35.9900016784668,37.15999984741211,12972537
2026-04-07,36.779998779296875,36.779998779296875,37.08000183105469,36.61000061035156,36.779998779296875,10701363
2026-04-08,39.06999969482422,39.06999969482422,39.099998474121094,38.45000076293945,38.45000076293945,31862536
2026-04-09,39.130001068115234,39.130001068115234,39.290000915527344,39.029998779296875,39.20000076293945,13372614
2026-04-10,40.130001068115234,40.130001068115234,40.13999938964844,39.75,39.75,14480057
2026-04-13,40.060001373291016,40.060001373291016,40.31999969482422,39.90999984741211,40.04999923706055,12780442
2026-04-14,41.20000076293945,41.20000076293945,41.279998779296875,40.77000045776367,40.93000030517578,11707808
2026-04-15,41.9900016784668,41.9900016784668,42.529998779296875,41.81999969482422,41.90999984741211,11021908
2026-04-16,42.599998474121094,42.599998474121094,42.65999984741211,42.2400016784668,42.369998931884766,10295444
2026-04-17,42.560001373291016,42.560001373291016,42.79999923706055,42.4900016784668,42.54999923706055,8275346
2026-04-20,42.959999084472656,42.959999084472656,43.290000915527344,42.689998626708984,42.689998626708984,11133196
2026-04-21,43.91999816894531,43.91999816894531,43.91999816894531,43.27000045776367,43.45000076293945,14377397
2026-04-22,44.40999984741211,44.40999984741211,44.61000061035156,43.869998931884766,43.90999984741211,10485083
2026-04-23,44.209999084472656,44.209999084472656,45.779998779296875,43.29999923706055,45.36000061035156,30275818
2026-04-24,45.900001525878906,45.900001525878906,45.900001525878906,44.900001525878906,44.95000076293945,20307991
2026-04-27,46.9900016784668,46.9900016784668,47.5,46.650001525878906,47.11000061035156,30224294
2026-04-28,46.86000061035156,46.86000061035156,47.599998474121094,46.79999923706055,46.959999084472656,15272775
2026-04-29,46.400001525878906,46.400001525878906,46.7400016784668,45.81999969482422,46.2400016784668,13545992
2026-04-30,46.790000915527344,46.790000915527344,47.2400016784668,46.599998474121094,47.15999984741211,14850730
2026-05-04,49.06999969482422,49.06999969482422,49.08000183105469,47.900001525878906,47.9900016784668,19141219
2026-05-05,49.2400016784668,49.2400016784668,49.25,48.83000183105469,49.09000015258789,12987912
2026-05-06,49.83000183105469,49.83000183105469,50.5,49.029998779296875,50.25,19149377
2026-05-07,50.95000076293945,50.95000076293945,51.04999923706055,50.54999923706055,50.849998474121094,11265723
2026-05-08,50.45000076293945,50.45000076293945,51.0,49.720001220703125,50.5,16137055
2026-05-11,50.79999923706055,50.79999923706055,50.900001525878906,50.20000076293945,50.29999923706055,10584514
2026-05-12,50.95000076293945,50.95000076293945,51.20000076293945,50.20000076293945,50.95000076293945,15752162
2026-05-13,50.04999923706055,50.04999923706055,50.25,49.540000915527344,49.70000076293945,18432526
2026-05-14,50.20000076293945,50.20000076293945,51.099998474121094,50.099998474121094,50.849998474121094,6386842
2026-05-15,49.189998626708984,49.189998626708984,51.20000076293945,49.099998474121094,51.04999923706055,21254188
2026-05-18,49.04999923706055,49.04999923706055,49.27000045776367,47.88999938964844,48.369998931884766,17926203
2026-05-19,48.0,48.0,49.20000076293945,48.0,48.9900016784668,14891704
2026-05-20,47.65999984741211,47.65999984741211,48.29999923706055,47.54999923706055,48.0,11958640
2026-05-21,49.83000183105469,49.83000183105469,49.9900016784668,49.060001373291016,49.060001373291016,11880737
2026-05-22,51.099998474121094,51.099998474121094,51.099998474121094,50.400001525878906,50.5,11018000
2026-05-25,53.45000076293945,53.45000076293945,53.54999923706055,52.70000076293945,52.70000076293945,19074424
2026-05-26,53.5,53.5,54.25,53.25,54.04999923706055,11891229
2026-05-27,54.75,54.75,55.599998474121094,54.400001525878906,55.0,13415868
2026-05-28,53.150001525878906,53.150001525878906,55.29999923706055,52.70000076293945,55.099998474121094,18803608
2026-05-29,54.900001525878906,54.900001525878906,55.0,54.150001525878906,54.400001525878906,11650679
2026-06-01,55.5,55.5,56.20000076293945,55.29999923706055,55.29999923706055,11263060
2026-06-02,55.29999923706055,55.29999923706055,56.0,54.349998474121094,55.75,15130217
2026-06-03,56.04999923706055,56.04999923706055,56.5,56.0,56.099998474121094,11675186
2026-06-04,55.29999923706055,55.29999923706055,55.95000076293945,55.150001525878906,55.650001525878906,9553191
2026-06-05,54.099998474121094,54.099998474121094,54.900001525878906,53.04999923706055,54.650001525878906,13256500
2026-06-08,52.400001525878906,52.400001525878906,52.54999923706055,50.0,50.0,23352917
2026-06-09,54.349998474121094,54.349998474121094,54.349998474121094,52.70000076293945,52.900001525878906,8966334
2026-06-10,52.20000076293945,52.20000076293945,54.099998474121094,52.150001525878906,53.70000076293945,18790422
2026-06-11,51.849998474121094,51.849998474121094,52.599998474121094,50.5,51.849998474121094,16352874
2026-06-12,53.0,53.0,53.95000076293945,52.79999923706055,53.79999923706055,9671995
2026-06-15,54.54999923706055,54.54999923706055,54.849998474121094,54.150001525878906,54.599998474121094,6905555
2026-06-16,54.849998474121094,54.849998474121094,55.04999923706055,54.54999923706055,54.849998474121094,8975014
2026-06-17,54.95000076293945,54.95000076293945,54.95000076293945,54.150001525878906,54.400001525878906,6153480
2026-06-18,55.400001525878906,55.400001525878906,55.650001525878906,55.150001525878906,55.54999923706055,8615947
2026-06-22,57.349998474121094,57.349998474121094,57.45000076293945,56.599998474121094,56.599998474121094,10983992
2026-06-23,56.70000076293945,56.70000076293945,57.95000076293945,56.54999923706055,57.599998474121094,14666189
