Date,Adj Close_SOXX,Close_SOXX,High_SOXX,Low_SOXX,Open_SOXX,Volume_SOXX
2021-01-04,120.58525848388672,125.86333465576172,129.92666625976562,124.95333099365234,127.21333312988281,2487600
2021-01-05,123.05065155029297,128.43666076660156,128.43666076660156,125.66666412353516,125.76333618164062,1670700
2021-01-06,122.65147399902344,128.02000427246094,130.5366668701172,126.8566665649414,127.03333282470703,3215100
2021-01-07,127.2789306640625,132.85000610351562,133.17666625976562,129.89332580566406,129.89332580566406,1809000
2021-01-08,127.34600067138672,132.9199981689453,135.3699951171875,131.36000061035156,134.75332641601562,2119800
2021-01-11,128.6361541748047,134.26666259765625,135.3300018310547,131.6666717529297,131.76666259765625,1627500
2021-01-12,129.41542053222656,135.0800018310547,136.3866729736328,133.90333557128906,135.1300048828125,4503900
2021-01-13,129.62620544433594,135.3000030517578,136.6266632080078,134.77000427246094,136.3300018310547,1200000
2021-01-14,132.37261962890625,138.1666717529297,139.75332641601562,136.97999572753906,136.97999572753906,1748400
2021-01-15,129.6804656982422,135.35667419433594,138.1666717529297,134.5800018310547,138.01333618164062,2403900
2021-01-19,134.12908935546875,140.0,140.0933380126953,137.25999450683594,137.5833282470703,2517000
2021-01-20,133.65005493164062,139.5,141.99667358398438,139.17333984375,141.52000427246094,1851000
2021-01-21,135.58218383789062,141.51666259765625,142.0833282470703,139.3733367919922,140.82333374023438,2540400
2021-01-22,133.2828369140625,139.11666870117188,140.97332763671875,139.0433349609375,140.36666870117188,1668300
2021-01-25,133.4744110107422,139.31666564941406,140.63999938964844,136.63333129882812,140.27999877929688,1683300
2021-01-26,131.3059844970703,137.05332946777344,139.39332580566406,137.0399932861328,139.39332580566406,1224900
2021-01-27,124.49093627929688,129.94000244140625,134.68333435058594,129.41000366210938,134.6666717529297,5391300
2021-01-28,127.22145080566406,132.7899932861328,134.69667053222656,131.51333618164062,132.55667114257812,3369900
2021-01-29,125.00189971923828,130.47332763671875,133.7133331298828,130.0399932861328,133.23666381835938,2761800
2021-02-01,129.9391326904297,135.6266632080078,136.0399932861328,132.2566680908203,132.69667053222656,1923300
2021-02-02,132.04684448242188,137.82666015625,138.0,135.96665954589844,137.88999938964844,2429400
2021-02-03,129.3643035888672,135.02667236328125,138.75,134.6666717529297,138.35333251953125,2767800
2021-02-04,130.424560546875,136.13333129882812,136.24000549316406,133.65333557128906,134.60000610351562,1832400
2021-02-05,129.53358459472656,135.20333862304688,137.14999389648438,135.0,137.14999389648438,1462800
2021-02-08,133.4201202392578,139.25999450683594,139.3633270263672,136.10667419433594,136.1133270263672,1947300
2021-02-09,133.02732849121094,138.85000610351562,139.8300018310547,138.07666015625,138.85667419433594,1383300
2021-02-10,133.2891845703125,139.1233367919922,140.72999572753906,137.336669921875,140.0,2220300
2021-02-11,137.90383911132812,143.94000244140625,144.0433349609375,140.27333068847656,140.27333068847656,2112600
2021-02-12,139.60922241210938,145.72000122070312,146.00332641601562,142.78334045410156,143.51666259765625,1925100
2021-02-16,140.31175231933594,146.45333862304688,147.99000549316406,145.82666015625,147.4566650390625,3152400
2021-02-17,137.90707397460938,143.94332885742188,145.73333740234375,141.97000122070312,145.19667053222656,2785200
2021-02-18,136.48912048339844,142.4633331298828,143.1233367919922,140.67999267578125,142.1566619873047,2247600
2021-02-19,139.77850341796875,145.89666748046875,146.76333618164062,144.32666015625,144.6233367919922,2254500
2021-02-22,134.71351623535156,140.61000061035156,145.01333618164062,140.11666870117188,144.0,2652000
2021-02-23,133.701171875,139.55332946777344,140.60667419433594,134.02667236328125,138.02667236328125,4029300
2021-02-24,138.0380096435547,144.0800018310547,144.23333740234375,137.43333435058594,138.68333435058594,3144900
2021-02-25,130.17552185058594,135.8733367919922,143.3433380126953,135.30999755859375,142.39999389648438,5339700
2021-02-26,133.1422576904297,138.97000122070312,140.25332641601562,135.35000610351562,138.10000610351562,4558800
2021-03-01,137.386474609375,143.39999389648438,143.5500030517578,140.0066680908203,141.07666015625,2316600
2021-03-02,133.266845703125,139.10000610351562,143.97999572753906,138.94332885742188,143.97999572753906,3177600
2021-03-03,129.18869018554688,134.8433380126953,139.54666137695312,133.5800018310547,139.24667358398438,4425900
2021-03-04,122.9708251953125,128.35333251953125,135.0399932861328,126.44999694824219,134.4066619873047,7243500
2021-03-05,126.65940856933594,132.20333862304688,132.64999389648438,125.18333435058594,131.30667114257812,6307800
2021-03-08,119.82516479492188,125.06999969482422,132.57000732421875,125.0199966430664,132.03334045410156,7349100
2021-03-09,127.26930236816406,132.83999633789062,133.73333740234375,129.21665954589844,129.60000610351562,4132800
2021-03-10,124.86780548095703,130.3333282470703,135.17333984375,130.3333282470703,135.1300048828125,4082400
2021-03-11,130.1243896484375,135.82000732421875,136.5933380126953,133.50332641601562,134.2100067138672,3689400
2021-03-12,128.7511749267578,134.3866729736328,134.63333129882812,132.3733367919922,133.3333282470703,3153600
2021-03-15,131.46566772460938,137.22000122070312,137.4066619873047,134.1266632080078,135.10667419433594,3894900
2021-03-16,133.16464233398438,138.9933319091797,141.1999969482422,138.18333435058594,138.8433380126953,6785100
2021-03-17,134.84120178222656,140.7433319091797,141.84666442871094,136.03334045410156,137.07333374023438,5773800
2021-03-18,129.26211547851562,134.9199981689453,139.05999755859375,134.76333618164062,138.7866668701172,6042900
2021-03-19,130.85894775390625,136.586669921875,137.7933349609375,133.46665954589844,135.19000244140625,6614100
2021-03-22,133.6277313232422,139.47666931152344,141.11000061035156,137.74000549316406,138.26333618164062,3130200
2021-03-23,130.11480712890625,135.80999755859375,140.26333618164062,135.18333435058594,140.01666259765625,5638800
2021-03-24,128.3296356201172,133.94667053222656,138.6300048828125,133.88333129882812,138.07000732421875,6608100
2021-03-25,128.46591186523438,133.836669921875,134.48666381835938,130.27333068847656,131.6300048828125,5580000
2021-03-26,134.80743408203125,140.44332885742188,140.6999969482422,133.85000610351562,133.94000244140625,6493800
2021-03-29,132.74049377441406,138.2899932861328,139.663330078125,136.63333129882812,139.1300048828125,6540600
2021-03-30,132.42381286621094,137.9600067138672,138.25,136.3300018310547,137.1999969482422,4263600
2021-03-31,135.65853881835938,141.3300018310547,142.39999389648438,138.99000549316406,139.26333618164062,5968200
2021-04-01,140.64666748046875,146.52667236328125,146.61000061035156,143.73666381835938,143.7899932861328,7380000
2021-04-05,143.48468017578125,149.48333740234375,149.9199981689453,147.15333557128906,148.93666076660156,6504000
2021-04-06,141.88168334960938,147.81333923339844,149.52000427246094,146.3433380126953,148.60333251953125,5913000
2021-04-07,141.7888641357422,147.71665954589844,148.47332763671875,146.59666442871094,147.96665954589844,3296400
2021-04-08,143.4047088623047,149.39999389648438,149.57000732421875,148.03334045410156,149.30332946777344,4276500
2021-04-09,142.95675659179688,148.93333435058594,149.0800018310547,147.56666564941406,148.19000244140625,2466000
2021-04-12,141.42095947265625,147.3333282470703,148.15333557128906,146.06666564941406,148.15333557128906,2607900
2021-04-13,141.19700622558594,147.10000610351562,148.6666717529297,145.63333129882812,148.4566650390625,3328500
2021-04-14,139.64520263671875,145.48333740234375,147.93333435058594,144.68666076660156,146.82000732421875,4996200
2021-04-15,141.98406982421875,147.9199981689453,148.22666931152344,145.84666442871094,146.97666931152344,5672400
2021-04-16,141.31857299804688,147.22666931152344,148.22332763671875,146.90333557128906,147.9199981689453,2712600
2021-04-19,137.60389709472656,143.35667419433594,146.63333129882812,142.0399932861328,146.14332580566406,8922300
2021-04-20,135.64254760742188,141.31333923339844,143.47999572753906,140.47999572753906,142.8866729736328,5374500
2021-04-21,139.20046997070312,145.02000427246094,145.07333374023438,140.83999633789062,141.42333984375,4321800
2021-04-22,136.17047119140625,141.8633270263672,144.913330078125,141.0,144.72000122070312,5433000
2021-04-23,138.6533660888672,144.4499969482422,145.04666137695312,142.27000427246094,142.44332885742188,3996300
2021-04-26,141.1938018798828,147.09666442871094,147.27999877929688,144.3766632080078,144.6366729736328,3577800
2021-04-27,140.13473510742188,145.9933319091797,147.77999877929688,145.5500030517578,147.67333984375,4878300
2021-04-28,138.0070343017578,143.77667236328125,145.25332641601562,143.61000061035156,145.18333435058594,2356200
2021-04-29,138.90292358398438,144.7100067138672,145.9066619873047,142.61000061035156,145.82000732421875,3237000
2021-04-30,135.03143310546875,140.67666625976562,143.42666625976562,140.336669921875,142.586669921875,3900000
2021-05-03,133.6267852783203,139.2133331298828,141.82333374023438,138.43666076660156,141.67666625976562,3222900
2021-05-04,131.37428283691406,136.86666870117188,137.45333862304688,134.336669921875,137.39999389648438,6061800
2021-05-05,132.1966094970703,137.72332763671875,139.42666625976562,136.69000244140625,138.5833282470703,4808700
2021-05-06,133.28121948242188,138.85333251953125,138.8866729736328,135.90333557128906,137.46665954589844,3656400
2021-05-07,135.1113739013672,140.75999450683594,141.72000122070312,139.60333251953125,140.26666259765625,2871600
2021-05-10,129.10263061523438,134.5,139.52999877929688,134.26333618164062,139.52999877929688,6354600
2021-05-11,129.27537536621094,134.67999267578125,135.05332946777344,129.92999267578125,130.39666748046875,6719400
2021-05-12,124.00890350341797,129.19332885742188,132.64332580566406,128.67333984375,131.8633270263672,7754100
2021-05-13,125.5895004272461,130.83999633789062,132.86666870117188,129.52999877929688,131.43333435058594,4862400
2021-05-14,129.47698974609375,134.88999938964844,136.11000061035156,131.4566650390625,132.74667358398438,4663500
2021-05-17,128.34751892089844,133.7133331298828,133.82666015625,131.47999572753906,133.63999938964844,3365100
2021-05-18,127.3140640258789,132.6366729736328,135.22666931152344,132.55999755859375,134.97000122070312,2354700
2021-05-19,129.7969207763672,135.22332763671875,135.3633270263672,129.51666259765625,130.06666564941406,4127400
2021-05-20,133.2108612060547,138.77999877929688,139.35333251953125,136.13333129882812,136.23333740234375,5020800
2021-05-21,132.4749755859375,138.01333618164062,139.81333923339844,137.78334045410156,139.75999450683594,5250000
2021-05-24,135.82174682617188,141.5,142.26333618164062,139.3333282470703,139.4566650390625,3373800
2021-05-25,136.224853515625,141.9199981689453,142.9933319091797,141.1199951171875,142.5399932861328,4363500
2021-05-26,136.5896453857422,142.3000030517578,142.9166717529297,141.0066680908203,142.02333068847656,2492400
2021-05-27,137.16552734375,142.89999389648438,143.61666870117188,141.6666717529297,142.0366668701172,3302700
2021-05-28,138.43896484375,144.22666931152344,144.9199981689453,143.18666076660156,143.44000244140625,2179500
2021-06-01,138.0518035888672,143.82333374023438,146.4633331298828,143.0800018310547,145.31666564941406,3373500
2021-06-02,138.89329528808594,144.6999969482422,145.2866668701172,143.2566680908203,143.7133331298828,2140500
2021-06-03,136.50640869140625,142.2133331298828,143.6999969482422,141.54666137695312,143.07666015625,3247500
2021-06-04,139.82119750976562,145.6666717529297,145.9566650390625,143.43333435058594,143.43333435058594,2821500
2021-06-07,138.73336791992188,144.53334045410156,145.2433319091797,143.69332885742188,144.97666931152344,2376300
2021-06-08,137.93983459472656,143.7066650390625,145.913330078125,142.6233367919922,145.66000366210938,2534400
2021-06-09,137.26148986816406,143.0,144.60000610351562,143.0,144.18333435058594,2607000
2021-06-10,138.83822631835938,144.47000122070312,145.03334045410156,142.7566680908203,143.05667114257812,2165100
2021-06-11,139.53977966308594,145.1999969482422,145.1999969482422,144.086669921875,144.90333557128906,1765200
2021-06-14,141.5226593017578,147.26333618164062,147.26333618164062,144.7133331298828,145.56666564941406,3673800
2021-06-15,140.36306762695312,146.05667114257812,147.76666259765625,145.57666015625,146.8699951171875,2388300
2021-06-16,139.04327392578125,144.68333435058594,146.93333435058594,143.53334045410156,146.50999450683594,3614700
2021-06-17,140.54241943359375,146.2433319091797,147.31333923339844,144.17666625976562,144.2866668701172,3873000
2021-06-18,137.17884826660156,142.7433319091797,145.34666442871094,141.9566650390625,145.24000549316406,2889900
2021-06-21,137.68502807617188,143.27000427246094,143.52000427246094,141.69332885742188,142.9066619873047,2233200
2021-06-22,138.33526611328125,143.94667053222656,144.36000061035156,142.67999267578125,143.48333740234375,1737900
2021-06-23,138.9119110107422,144.54666137695312,145.36000061035156,144.25999450683594,144.30667114257812,1889400
2021-06-24,141.27281188964844,147.00332641601562,147.39332580566406,145.8000030517578,145.95333862304688,1428300
2021-06-25,140.88841247558594,146.60333251953125,147.8633270263672,146.19000244140625,147.6266632080078,1343100
2021-06-28,144.25193786621094,150.10333251953125,150.72666931152344,147.50999450683594,147.50999450683594,2651100
2021-06-29,145.3827667236328,151.27999877929688,151.5,149.43333435058594,149.92666625976562,1748100
2021-06-30,145.5044708251953,151.4066619873047,151.69667053222656,150.39666748046875,151.13999938964844,1317300
2021-07-01,143.4190673828125,149.23666381835938,151.25332641601562,148.72999572753906,151.25332641601562,2264100
2021-07-02,144.29356384277344,150.14666748046875,150.50999450683594,148.97332763671875,150.163330078125,1827000
2021-07-06,144.04696655273438,149.88999938964844,151.0399932861328,147.97999572753906,150.55332946777344,2001900
2021-07-07,141.86541748046875,147.6199951171875,150.84666442871094,146.99667358398438,150.8333282470703,1888200
2021-07-08,140.042724609375,145.72332763671875,146.4199981689453,143.40333557128906,144.50999450683594,2000100
2021-07-09,142.3267364501953,148.10000610351562,148.3766632080078,145.14999389648438,146.20333862304688,1833000
2021-07-12,144.15267944335938,150.0,150.0,148.1666717529297,148.73333740234375,3949800
2021-07-13,143.57603454589844,149.39999389648438,150.04666137695312,148.60667419433594,149.3733367919922,2122200
2021-07-14,142.9129638671875,148.7100067138672,151.69667053222656,148.28334045410156,150.4199981689453,2256600
2021-07-15,139.74160766601562,145.41000366210938,148.31333923339844,144.30667114257812,147.9933319091797,2657100
2021-07-16,136.70477294921875,142.25,146.60000610351562,141.91000366210938,145.8633270263672,2571600
2021-07-19,136.5670166015625,142.10667419433594,142.33999633789062,139.50332641601562,140.30667114257812,4068000
2021-07-20,138.42820739746094,144.0433349609375,145.1366729736328,141.0,142.7899932861328,3201000
2021-07-21,142.67909240722656,148.46665954589844,148.5366668701172,144.5933380126953,144.5933380126953,2039400
2021-07-22,141.8366241455078,147.58999633789062,148.39999389648438,146.49667358398438,147.72332763671875,1185000
2021-07-23,142.5605926513672,148.3433380126953,148.49000549316406,146.51333618164062,148.27999877929688,1312500
2021-07-26,142.60540771484375,148.38999938964844,148.72000122070312,147.4066619873047,147.77333068847656,1123200
2021-07-27,139.98828125,145.6666717529297,147.96665954589844,142.58999633789062,147.96665954589844,2508000
2021-07-28,142.27545166015625,148.04666137695312,148.6699981689453,145.4933319091797,146.19667053222656,2289600
2021-07-29,145.177734375,151.06666564941406,151.52999877929688,148.55332946777344,148.61000061035156,2303700
2021-07-30,146.36619567871094,152.30332946777344,152.6133270263672,149.6999969482422,149.6999969482422,2320200
2021-08-02,147.29196166992188,153.26666259765625,155.1666717529297,152.88999938964844,153.76333618164062,2864100
2021-08-03,148.41317749023438,154.43333435058594,154.43333435058594,151.80999755859375,153.60667419433594,1769100
2021-08-04,149.9251708984375,156.0066680908203,156.7566680908203,154.50332641601562,154.73333740234375,1626000
2021-08-05,149.95077514648438,156.03334045410156,157.1266632080078,155.14666748046875,156.7566680908203,1420200
2021-08-06,149.20443725585938,155.2566680908203,156.0366668701172,154.85000610351562,155.11666870117188,1233000
2021-08-09,148.69825744628906,154.72999572753906,155.97332763671875,154.07666015625,155.88333129882812,1065900
2021-08-10,146.97161865234375,152.93333435058594,155.22666931152344,151.81666564941406,154.9600067138672,2695500
2021-08-11,146.46876525878906,152.41000366210938,153.56333923339844,150.6199951171875,153.35000610351562,1296900
2021-08-12,144.89584350585938,150.77333068847656,151.91000366210938,149.52333068847656,151.91000366210938,1531500
2021-08-13,145.80563354492188,151.72000122070312,151.7433319091797,150.29666137695312,150.42666625976562,1060200
2021-08-16,145.2642364501953,151.1566619873047,151.54666137695312,149.88999938964844,151.14666748046875,1143900
2021-08-17,142.45162963867188,148.22999572753906,149.89999389648438,146.8433380126953,149.89999389648438,1850700
2021-08-18,140.56805419921875,146.27000427246094,148.92999267578125,146.07666015625,148.02333068847656,1879200
2021-08-19,141.72129821777344,147.47000122070312,148.27667236328125,144.22666931152344,145.35333251953125,2175600
2021-08-20,142.78482055664062,148.57666015625,148.83999633789062,146.80667114257812,147.8633270263672,1798200
2021-08-23,146.80503845214844,152.75999450683594,152.9633331298828,150.1199951171875,150.1199951171875,2181000
2021-08-24,146.80503845214844,152.75999450683594,153.6666717529297,152.49667358398438,153.1999969482422,1662900
2021-08-25,147.923095703125,153.92333984375,155.05999755859375,153.27667236328125,153.3633270263672,2274300
2021-08-26,148.06077575683594,154.06666564941406,154.6666717529297,152.80667114257812,153.74000549316406,2284500
2021-08-27,150.88621520996094,157.0066680908203,157.19332885742188,153.93666076660156,154.15333557128906,2404500
2021-08-30,151.18731689453125,157.32000732421875,158.8433380126953,156.7566680908203,157.64666748046875,2519400
2021-08-31,149.97964477539062,156.06333923339844,157.6999969482422,154.84666442871094,157.49000549316406,2107800
2021-09-01,149.16273498535156,155.2133331298828,157.00332641601562,155.2133331298828,156.84666442871094,1632600
2021-09-02,149.72015380859375,155.7933349609375,156.27333068847656,155.19000244140625,155.9499969482422,1501500
2021-09-03,150.84140014648438,156.9600067138672,157.57000732421875,155.47332763671875,155.82000732421875,1356000
2021-09-07,150.28712463378906,156.38333129882812,157.04666137695312,155.4566650390625,157.0399932861328,1640700
2021-09-08,148.36190795898438,154.3800048828125,155.82666015625,153.03334045410156,155.6666717529297,3087900
2021-09-09,148.88409423828125,154.92333984375,155.83999633789062,154.18333435058594,154.27667236328125,3921000
2021-09-10,150.06613159179688,156.15333557128906,158.52667236328125,156.13999938964844,156.19667053222656,2959200
2021-09-13,151.5044403076172,157.64999389648438,157.97666931152344,155.51666259765625,157.72666931152344,2835900
2021-09-14,151.51084899902344,157.6566619873047,158.85333251953125,156.93666076660156,158.05332946777344,2581500
2021-09-15,152.38217163085938,158.56333923339844,158.56666564941406,156.44332885742188,157.77999877929688,3770400
2021-09-16,152.67369079589844,158.86666870117188,159.39666748046875,156.76333618164062,157.4166717529297,1655100
2021-09-17,150.23910522460938,156.3333282470703,158.44667053222656,155.6266632080078,158.44667053222656,2426700
2021-09-20,146.51998901367188,152.4633331298828,153.5933380126953,150.21665954589844,153.0,3124800
2021-09-21,146.95240783691406,152.913330078125,154.05999755859375,151.52333068847656,153.60333251953125,2214000
2021-09-22,150.00205993652344,156.086669921875,156.44667053222656,153.55332946777344,154.11666870117188,1309200
2021-09-23,152.00094604492188,158.1666717529297,158.6666717529297,156.26333618164062,156.82666015625,2407200
2021-09-24,151.8265838623047,157.60000610351562,157.93666076660156,156.3333282470703,156.5833282470703,1191900
2021-09-27,151.457275390625,157.21665954589844,157.8333282470703,154.99000549316406,155.913330078125,1339800
2021-09-28,145.5325927734375,151.06666564941406,155.14332580566406,151.06666564941406,154.24667358398438,5448000
2021-09-29,143.236572265625,148.68333435058594,151.84666442871094,148.39332580566406,151.40333557128906,6776400
2021-09-30,143.17880249023438,148.6233367919922,151.07333374023438,148.5833282470703,150.0933380126953,4524900
2021-10-01,143.27191162109375,148.72000122070312,149.4933319091797,146.27667236328125,149.2133331298828,3114900
2021-10-04,139.5822296142578,144.88999938964844,148.0399932861328,144.44667053222656,147.9499969482422,4161900
2021-10-05,141.69520568847656,147.0833282470703,148.10333251953125,145.33999633789062,145.5833282470703,3156000
2021-10-06,142.24752807617188,147.6566619873047,147.77000427246094,144.94332885742188,145.44667053222656,3410700
2021-10-07,143.91098022460938,149.38333129882812,151.3633270263672,149.19332885742188,149.56333923339844,1913400
2021-10-08,142.43701171875,147.85333251953125,150.1133270263672,147.73333740234375,149.9199981689453,1672200
2021-10-11,141.4832763671875,146.8633270263672,149.35333251953125,146.80999755859375,147.26666259765625,1532100
2021-10-12,139.71710205078125,145.02999877929688,148.0066680908203,144.4199981689453,147.7899932861328,3201900
2021-10-13,140.52310180664062,145.86666870117188,146.77333068847656,145.38999938964844,146.0800018310547,1756500
2021-10-14,144.8839111328125,150.39332580566406,150.4066619873047,148.14332580566406,148.55667114257812,2486100
2021-10-15,145.85052490234375,151.39666748046875,151.85000610351562,150.6300048828125,151.49667358398438,1639500
2021-10-18,147.0258026123047,152.61666870117188,152.6666717529297,149.63333129882812,150.49667358398438,1352700
2021-10-19,148.82728576660156,154.48666381835938,154.48666381835938,152.27000427246094,152.96665954589844,1394100
2021-10-20,148.51905822753906,154.1666717529297,154.77000427246094,153.5,153.92999267578125,1261500
2021-10-21,150.0154571533203,155.72000122070312,155.9199981689453,153.10667419433594,153.17666625976562,1303200
2021-10-22,148.33282470703125,153.97332763671875,156.5,153.7066650390625,154.89999389648438,3284400
2021-10-25,149.3507843017578,155.02999877929688,155.9199981689453,154.1999969482422,154.75999450683594,1684800
2021-10-26,149.463134765625,155.14666748046875,156.8000030517578,154.60000610351562,156.2433319091797,1879200
2021-10-27,148.390625,154.03334045410156,155.83999633789062,153.48666381835938,154.20333862304688,3226200
2021-10-28,151.73667907714844,157.5066680908203,157.63333129882812,155.80999755859375,156.08999633789062,3278100
2021-10-29,152.41429138183594,158.2100067138672,158.22999572753906,156.0,156.17666625976562,2135700
2021-11-01,154.8997344970703,160.7899932861328,160.82666015625,158.0,158.39999389648438,2547300
2021-11-02,156.8264617919922,162.7899932861328,162.79666137695312,160.70333862304688,160.70333862304688,2225400
2021-11-03,158.63442993164062,164.6666717529297,164.86666870117188,162.3699951171875,163.0,2175000
2021-11-04,163.97140502929688,170.2066650390625,170.97000122070312,165.6199951171875,166.52667236328125,4080900
2021-11-05,165.79217529296875,172.09666442871094,173.4166717529297,170.38999938964844,171.26666259765625,4534800
2021-11-08,168.0336151123047,174.42333984375,175.55999755859375,172.5366668701172,173.163330078125,2921400
2021-11-09,168.0336151123047,174.42333984375,176.3633270263672,172.5433349609375,176.163330078125,2722800
2021-11-10,163.07872009277344,169.27999877929688,173.49000549316406,168.5433349609375,171.14999389648438,3934200
2021-11-11,166.527587890625,172.86000061035156,173.27333068847656,170.75,172.0800018310547,2283000
2021-11-12,168.1556854248047,174.5500030517578,175.3766632080078,172.50332641601562,173.4600067138672,1970400
2021-11-15,168.03042602539062,174.4199981689453,175.85667419433594,172.6266632080078,175.85667419433594,2318100
2021-11-16,170.54803466796875,177.03334045410156,177.35333251953125,173.42333984375,173.63333129882812,2023200
2021-11-17,169.35986328125,175.8000030517578,177.1233367919922,174.94000244140625,177.1233367919922,1575600
2021-11-18,172.19216918945312,178.74000549316406,179.6366729736328,177.03334045410156,178.99667358398438,1997100
2021-11-19,172.6706085205078,179.23666381835938,180.4499969482422,177.8766632080078,178.76666259765625,3405900
2021-11-22,170.1691436767578,176.63999938964844,182.7066650390625,176.39999389648438,180.26666259765625,4422600
2021-11-23,169.48512268066406,175.92999267578125,177.6366729736328,172.97332763671875,176.4499969482422,2422800
2021-11-24,171.34759521484375,177.8633270263672,177.95333862304688,172.80332946777344,174.5500030517578,2117100
2021-11-26,166.5789794921875,172.913330078125,176.086669921875,171.63999938964844,174.5066680908203,2448000
2021-11-29,172.9821319580078,179.55999755859375,179.9600067138672,174.81666564941406,175.47666931152344,2412300
2021-11-30,169.9507293701172,176.413330078125,180.52999877929688,174.9066619873047,178.85333251953125,3264300
2021-12-01,168.59237670898438,175.00332641601562,182.16000366210938,174.9933319091797,179.0,3112500
2021-12-02,168.83645629882812,175.2566680908203,176.47666931152344,171.8766632080078,173.1999969482422,3124500
2021-12-03,168.40936279296875,174.81333923339844,179.49667358398438,172.85000610351562,177.73666381835938,2490900
2021-12-06,168.19419860839844,174.58999633789062,175.1233367919922,169.1266632080078,174.47332763671875,2091600
2021-12-07,176.6814727783203,183.39999389648438,183.75999450683594,178.4933319091797,178.4933319091797,2692200
2021-12-08,175.53184509277344,182.2066650390625,182.586669921875,180.32666015625,182.42666625976562,1666500
2021-12-09,171.4953155517578,178.01666259765625,182.93666076660156,177.86000061035156,181.1300048828125,1674000
2021-12-10,173.11380004882812,179.69667053222656,182.1999969482422,177.47332763671875,181.336669921875,2020500
2021-12-13,168.50244140625,174.6266632080078,180.19332885742188,174.32000732421875,180.1133270263672,2286600
2021-12-14,167.69186401367188,173.7866668701172,174.70333862304688,171.52333068847656,172.48333740234375,2888100
2021-12-15,173.84811401367188,180.1666717529297,180.3300018310547,171.8000030517578,174.13999938964844,2344200
2021-12-16,166.26376342773438,172.30667114257812,181.41000366210938,171.27333068847656,180.89999389648438,2797800
2021-12-17,165.87135314941406,171.89999389648438,174.63999938964844,170.0399932861328,170.61000061035156,2702100
2021-12-20,164.5718994140625,170.55332946777344,171.88333129882812,168.69332885742188,169.39999389648438,2145900
2021-12-21,170.5094757080078,176.7066650390625,176.7899932861328,172.01333618164062,174.39666748046875,1624200
2021-12-22,172.28173828125,178.5433349609375,178.5433349609375,174.88333129882812,175.79666137695312,2134800
2021-12-23,173.9478302001953,180.27000427246094,181.43666076660156,178.89666748046875,178.89999389648438,2100300
2021-12-27,178.71453857421875,185.2100067138672,185.25,180.8866729736328,180.92999267578125,2503500
2021-12-28,176.74290466308594,183.1666717529297,186.0933380126953,182.32000732421875,186.06666564941406,1974900
2021-12-29,177.01307678222656,183.44667053222656,184.5933380126953,182.32333374023438,183.09666442871094,1254900
2021-12-30,175.01028442382812,181.32000732421875,183.76333618164062,180.7566680908203,183.00332641601562,1361700
2021-12-31,174.48260498046875,180.77333068847656,182.7133331298828,180.75332641601562,181.5066680908203,1217400
2022-01-03,177.95091247558594,184.36666870117188,184.54666137695312,181.27333068847656,181.99000549316406,1699800
2022-01-04,177.4040069580078,183.8000030517578,186.33999633789062,179.3733367919922,185.18666076660156,3504600
2022-01-05,171.37789916992188,177.55667114257812,183.9600067138672,177.39666748046875,182.39332580566406,3751800
2022-01-06,172.70989990234375,178.93666076660156,179.77333068847656,175.60667419433594,177.52999877929688,2934300
2022-01-07,167.7004852294922,173.74667358398438,179.4166717529297,173.20333862304688,178.76333618164062,2284500
2022-01-10,167.76162719726562,173.80999755859375,174.18666076660156,168.0,171.59666442871094,5377500
2022-01-11,170.91786193847656,177.0800018310547,177.2866668701172,171.94667053222656,173.22666931152344,3157200
2022-01-12,172.172607421875,178.3800048828125,180.02333068847656,176.60333251953125,178.7899932861328,3571500
2022-01-13,168.1541290283203,174.21665954589844,182.61666870117188,173.77333068847656,181.10667419433594,3268800
2022-01-14,172.1790313720703,178.3866729736328,178.55332946777344,172.81333923339844,172.836669921875,3401700
2022-01-18,164.48313903808594,170.413330078125,175.55999755859375,170.0399932861328,175.5366668701172,7686000
2022-01-19,159.644287109375,165.39999389648438,172.85333251953125,165.28334045410156,171.79666137695312,9931800
2022-01-20,154.63809204101562,160.2133331298828,168.0,160.0,166.67666625976562,8349900
2022-01-21,152.06422424316406,157.54666137695312,163.61666870117188,157.19667053222656,159.0933380126953,13946100
2022-01-24,153.80162048339844,159.34666442871094,159.64332580566406,148.97666931152344,154.25332641601562,15465300
2022-01-25,148.06185913085938,153.39999389648438,157.16000366210938,152.51666259765625,155.25,10710300
2022-01-26,150.33653259277344,155.7566680908203,162.2566680908203,153.39999389648438,157.7066650390625,8508000
2022-01-27,143.6444091796875,148.82333374023438,157.48666381835938,148.32333374023438,157.29666137695312,8400900
2022-01-28,146.39849853515625,151.67666625976562,151.67666625976562,144.42666625976562,148.70333862304688,7173000
2022-01-31,154.26168823242188,159.82333374023438,160.06666564941406,151.59666442871094,152.43666076660156,7846800
2022-02-01,155.54537963867188,161.15333557128906,161.64666748046875,157.1300048828125,161.3866729736328,4068900
2022-02-02,159.47377014160156,165.22332763671875,165.63999938964844,162.086669921875,164.41000366210938,5229000
2022-02-03,152.53395080566406,158.03334045410156,163.72999572753906,157.42666625976562,161.06666564941406,6506400
2022-02-04,153.4091339111328,158.94000244140625,160.3000030517578,155.1666717529297,157.29666137695312,5061300
2022-02-07,153.32220458984375,158.85000610351562,161.50332641601562,158.25,159.3333282470703,3501900
2022-02-08,157.19912719726562,162.86666870117188,163.19667053222656,157.913330078125,158.17666625976562,2941200
2022-02-09,162.35650634765625,168.2100067138672,168.22999572753906,162.94667053222656,165.01333618164062,5061000
2022-02-10,157.29562377929688,162.96665954589844,169.2933349609375,162.0399932861328,164.10667419433594,4614000
2022-02-11,149.29090881347656,154.67333984375,164.42666625976562,153.56333923339844,163.24000549316406,7881900
2022-02-14,149.43243408203125,154.82000732421875,157.94667053222656,152.8000030517578,155.1999969482422,5697300
2022-02-15,157.67849731445312,163.3633270263672,163.7866668701172,157.75,158.1699981689453,4881000
2022-02-16,157.72994995117188,163.4166717529297,164.02333068847656,159.92999267578125,161.35667419433594,2713200
2022-02-17,151.8068389892578,157.27999877929688,161.47000122070312,157.0366668701172,161.24667358398438,6003000
2022-02-18,150.11129760742188,155.52333068847656,157.93333435058594,153.36000061035156,157.35333251953125,5866200
2022-02-22,149.1975555419922,154.57666015625,158.2866668701172,152.1233367919922,153.8433380126953,8370000
2022-02-23,145.6424102783203,150.89332580566406,158.0,150.4066619873047,156.3699951171875,6525600
2022-02-24,150.9703369140625,156.413330078125,156.663330078125,144.67666625976562,145.02667236328125,8669100
2022-02-25,153.4862823486328,159.02000427246094,159.02000427246094,154.19000244140625,156.4066619873047,7065000
2022-02-28,152.5532989501953,158.05332946777344,159.4566650390625,154.8699951171875,156.9499969482422,4359300
2022-03-01,147.02264404296875,152.32333374023438,158.3300018310547,150.65333557128906,157.413330078125,4265700
2022-03-02,151.6974639892578,157.1666717529297,158.26333618164062,153.23333740234375,153.58999633789062,2850600
2022-03-03,148.5155029296875,153.8699951171875,158.17333984375,152.93333435058594,158.1266632080078,4177800
2022-03-04,144.57424926757812,149.7866668701172,153.7133331298828,148.10000610351562,152.3699951171875,4443300
2022-03-07,137.3223876953125,142.27333068847656,151.30332946777344,142.2433319091797,150.23333740234375,5869200
2022-03-08,139.95419311523438,145.0,150.29666137695312,140.85333251953125,143.2433319091797,7909500
2022-03-09,145.81936645507812,151.07666015625,152.21665954589844,148.17333984375,149.8800048828125,4699800
2022-03-10,142.82723999023438,147.97666931152344,148.5500030517578,145.06666564941406,148.40333557128906,4805700
2022-03-11,139.76112365722656,144.8000030517578,150.39999389648438,144.5066680908203,150.1233367919922,6524400
2022-03-14,135.23753356933594,140.1133270263672,145.11666870117188,139.45333862304688,144.36666870117188,5683800
2022-03-15,141.4534454345703,146.55332946777344,146.89999389648438,140.6300048828125,141.51666259765625,3980400
2022-03-16,148.73753356933594,154.10000610351562,154.1233367919922,147.42333984375,149.0399932861328,4868700
2022-03-17,149.6544189453125,155.0500030517578,155.0500030517578,151.17666625976562,152.35333251953125,4133100
2022-03-18,152.57579040527344,158.07666015625,158.71665954589844,153.01666259765625,153.97000122070312,5004600
2022-03-21,152.2733612060547,157.76333618164062,159.05667114257812,154.94332885742188,157.46665954589844,4801500
2022-03-22,153.11631774902344,158.6366729736328,160.51333618164062,157.32000732421875,157.47666931152344,2886600
2022-03-23,149.25869750976562,154.63999938964844,159.11000061035156,154.59666442871094,157.18666076660156,3530400
2022-03-24,156.79347229003906,162.13999938964844,162.26666259765625,155.3000030517578,155.94000244140625,5002500
2022-03-25,156.4388885498047,161.77333068847656,162.39999389648438,159.08999633789062,161.9600067138672,3103200
2022-03-28,157.65411376953125,163.02999877929688,163.02999877929688,158.48666381835938,160.80332946777344,2735700
2022-03-29,161.26754760742188,166.76666259765625,167.02999877929688,163.39999389648438,165.6300048828125,3093600
2022-03-30,156.11007690429688,161.43333435058594,166.06333923339844,160.57666015625,165.47666931152344,3269100
2022-03-31,152.55783081054688,157.75999450683594,162.02999877929688,157.336669921875,161.31333923339844,3369300
2022-04-01,149.60202026367188,154.70333862304688,158.79666137695312,152.39332580566406,158.42666625976562,5391900
2022-04-04,152.03244018554688,157.21665954589844,157.43666076660156,154.52333068847656,155.10667419433594,2705100
2022-04-05,145.03440856933594,149.97999572753906,156.06333923339844,149.5800018310547,155.92999267578125,4054800
2022-04-06,141.42739868164062,146.25,148.9066619873047,145.0,146.6666717529297,4836900
2022-04-07,141.7368621826172,146.57000732421875,147.88333129882812,143.50332641601562,146.0500030517578,3511800
2022-04-08,138.22012329101562,142.93333435058594,145.4066619873047,142.70333862304688,145.35333251953125,4500300
2022-04-11,135.3803253173828,139.99667358398438,142.0,139.67333984375,140.82000732421875,4291800
2022-04-12,134.96768188476562,139.57000732421875,144.01333618164062,138.83999633789062,142.9566650390625,5894700
2022-04-13,137.87197875976562,142.57333374023438,143.55999755859375,139.60667419433594,140.47332763671875,3309000
2022-04-14,134.0586700439453,138.6300048828125,143.5366668701172,138.4499969482422,143.50332641601562,5903400
2022-04-18,136.37954711914062,141.02999877929688,142.27667236328125,137.76666259765625,137.93666076660156,3630300
2022-04-19,139.36770629882812,144.1199951171875,144.42333984375,139.75332641601562,140.46665954589844,3036600
2022-04-20,139.05821228027344,143.8000030517578,147.6699981689453,143.2933349609375,146.39999389648438,3826200
2022-04-21,135.34808349609375,139.9633331298828,147.19000244140625,139.24000549316406,145.57000732421875,3600300
2022-04-22,132.33738708496094,136.85000610351562,140.52000427246094,136.6199951171875,139.7433319091797,4569000
2022-04-25,134.57443237304688,139.163330078125,139.1999969482422,135.32666015625,135.73333740234375,6353700
2022-04-26,128.60789489746094,132.9933319091797,137.52333068847656,132.836669921875,137.28334045410156,5844000
2022-04-27,127.90518951416016,132.26666259765625,135.57333374023438,131.22999572753906,131.52667236328125,4350300
2022-04-28,134.95480346679688,139.55667114257812,141.04666137695312,133.22332763671875,134.92333984375,4923300
2022-04-29,129.18812561035156,133.5933380126953,140.27000427246094,133.2066650390625,137.60000610351562,4188300
2022-05-02,133.50100708007812,138.05332946777344,138.2066650390625,132.6699981689453,133.71665954589844,4635300
2022-05-03,134.606689453125,139.19667053222656,140.2899932861328,136.72999572753906,137.68666076660156,2300100
2022-05-04,139.82861328125,144.59666442871094,144.836669921875,135.89999389648438,140.22999572753906,4259400
2022-05-05,133.05621337890625,137.5933380126953,142.21665954589844,135.5433349609375,142.00332641601562,4597200
2022-05-06,131.87001037597656,136.36666870117188,139.40333557128906,133.7933349609375,136.3333282470703,3950400
2022-05-09,125.15563201904297,129.42333984375,135.04666137695312,128.663330078125,133.4199981689453,5058600
2022-05-10,128.0019073486328,132.36666870117188,134.81333923339844,129.47666931152344,133.3300018310547,4476600
2022-05-11,124.2208251953125,128.4566650390625,134.32666015625,128.0833282470703,131.23666381835938,5066100
2022-05-12,124.97509002685547,129.23666381835938,130.31333923339844,125.77666473388672,126.87000274658203,5345100
2022-05-13,131.35423278808594,135.8333282470703,136.78334045410156,130.80667114257812,131.50332641601562,4724400
2022-05-16,129.355712890625,133.76666259765625,135.8733367919922,133.25999450683594,134.45333862304688,2372400
2022-05-17,135.63816833496094,140.26333618164062,140.6233367919922,136.74000549316406,137.2566680908203,3193200
2022-05-18,128.80130004882812,133.19332885742188,139.8633270263672,132.6266632080078,137.94667053222656,3581100
2022-05-19,128.02125549316406,132.3866729736328,135.7866668701172,131.23333740234375,132.5433349609375,3303300
2022-05-20,127.95353698730469,132.31666564941406,135.00332641601562,126.38999938964844,134.9933319091797,4083900
2022-05-23,128.5047607421875,132.8866729736328,133.24000549316406,130.27667236328125,131.2899932861328,3639300
2022-05-24,125.37480163574219,129.64999389648438,131.19000244140625,128.17333984375,130.75332641601562,2865600
2022-05-25,127.63123321533203,131.98333740234375,133.22332763671875,128.65333557128906,128.77333068847656,2512500
2022-05-26,132.6177978515625,137.13999938964844,137.75332641601562,130.5366668701172,130.74667358398438,2966700
2022-05-27,138.0718231201172,142.77999877929688,143.01666259765625,139.30332946777344,139.30332946777344,3165600
2022-05-31,137.3626708984375,142.04666137695312,143.30667114257812,139.86666870117188,142.53334045410156,2807100
2022-06-01,135.18368530273438,139.7933349609375,143.49000549316406,137.86000061035156,142.77000427246094,2466000
2022-06-02,139.89305114746094,144.663330078125,144.80667114257812,139.0366668701172,139.30667114257812,2005800
2022-06-03,135.7090606689453,140.336669921875,142.3300018310547,139.68666076660156,141.52999877929688,2065500
2022-06-06,135.9444122314453,140.5800018310547,143.75999450683594,139.64666748046875,143.2866668701172,2241900
2022-06-07,137.0306854248047,141.70333862304688,142.10333251953125,137.83999633789062,138.91000366210938,1866600
2022-06-08,134.11346435546875,138.68666076660156,141.5,137.63999938964844,140.92666625976562,3396000
2022-06-09,130.3067169189453,134.54666137695312,139.67666625976562,134.5433349609375,137.28334045410156,2517000
2022-06-10,125.67732238769531,129.76666259765625,133.47666931152344,129.49667358398438,132.3333282470703,3599100
2022-06-13,118.42658233642578,122.27999877929688,126.6433334350586,121.80999755859375,125.0,4042800
2022-06-14,119.08515167236328,122.95999908447266,124.17333221435547,121.51667022705078,123.62333679199219,2831100
2022-06-15,121.13189697265625,125.07333374023438,127.27333068847656,122.2699966430664,124.41000366210938,3811200
2022-06-16,113.83273315429688,117.53666687011719,121.5433349609375,116.0566635131836,121.41999816894531,3921300
2022-06-17,114.29438018798828,118.01333618164062,118.86666870117188,115.3066635131836,117.80000305175781,3400200
2022-06-21,117.28700256347656,121.10333251953125,122.92333221435547,120.41666412353516,120.50333404541016,2830200
2022-06-22,116.06346893310547,119.83999633789062,121.55332946777344,118.83999633789062,119.01667022705078,4106700
2022-06-23,115.27577209472656,119.02666473388672,120.65333557128906,117.15333557128906,120.55000305175781,2178900
2022-06-24,120.38292694091797,124.30000305175781,124.30000305175781,120.62666320800781,120.88999938964844,3783600
2022-06-27,120.05364227294922,123.95999908447266,125.73332977294922,123.00666809082031,125.42333221435547,2497500
2022-06-28,117.12557983398438,120.9366683959961,126.14666748046875,120.74666595458984,124.6933364868164,3039900
2022-06-29,114.36216735839844,118.08333587646484,119.41999816894531,116.61666870117188,119.27999877929688,3393600
2022-06-30,112.86424255371094,116.53666687011719,118.86000061035156,114.69999694824219,116.42666625976562,3285600
2022-07-01,108.870849609375,112.413330078125,115.21666717529297,110.95999908447266,114.59666442871094,3875100
2022-07-05,109.72957611083984,113.30000305175781,113.30000305175781,108.9000015258789,109.56666564941406,3391200
2022-07-06,110.26546478271484,113.85333251953125,115.1866683959961,112.16999816894531,113.41000366210938,2672100
2022-07-07,115.2015151977539,118.94999694824219,119.54666900634766,116.52666473388672,116.52666473388672,2866200
2022-07-08,115.7503433227539,119.51667022705078,120.33333587646484,116.87333679199219,117.22666931152344,2334000
2022-07-11,113.08377075195312,116.76333618164062,118.2933349609375,116.00333404541016,117.7066650390625,2490000
2022-07-12,113.40013122558594,117.08999633789062,118.38666534423828,116.23666381835938,117.52333068847656,4494300
2022-07-13,114.03934478759766,117.75,118.69000244140625,114.46666717529297,114.69999694824219,3564600
2022-07-14,116.45732879638672,120.24666595458984,120.76000213623047,115.72333526611328,117.4366683959961,3186900
2022-07-15,119.23688507080078,123.11666870117188,123.3133316040039,120.16999816894531,122.08333587646484,2984100
2022-07-18,118.85594177246094,122.72333526611328,126.11666870117188,121.9433364868164,125.15666961669922,2959200
2022-07-19,124.095458984375,128.13333129882812,128.82666015625,124.30332946777344,124.66000366210938,3116700
2022-07-20,127.2591552734375,131.39999389648438,132.02333068847656,127.1500015258789,127.94000244140625,4845300
2022-07-21,129.33816528320312,133.54666137695312,133.63333129882812,130.19667053222656,132.0833282470703,2753400
2022-07-22,126.15186309814453,130.2566680908203,133.17333984375,129.07666015625,133.11666870117188,4548000
2022-07-25,125.35447692871094,129.43333435058594,129.53334045410156,127.2699966430664,129.2566680908203,2862900
2022-07-26,123.26579284667969,127.27666473388672,129.22332763671875,126.80332946777344,128.57333374023438,2510400
2022-07-27,128.90562438964844,133.10000610351562,134.17333984375,129.1699981689453,129.55999755859375,3214200
2022-07-28,130.49392700195312,134.74000549316406,135.02999877929688,130.48666381835938,133.39332580566406,3532200
2022-07-29,131.4979248046875,135.77667236328125,136.1566619873047,132.3333282470703,132.7899932861328,3840900
2022-08-01,132.00479125976562,136.3000030517578,137.47666931152344,133.92666625976562,134.81333923339844,3812100
2022-08-02,131.75296020507812,136.0399932861328,138.10667419433594,134.19000244140625,134.75999450683594,2124900
2022-08-03,135.41384887695312,139.82000732421875,140.0933380126953,135.93333435058594,136.02000427246094,2860800
2022-08-04,136.3920135498047,140.8300018310547,141.25332641601562,139.08999633789062,139.49667358398438,1919100
2022-08-05,135.3299102783203,139.73333740234375,140.93666076660156,137.72666931152344,138.36000061035156,3279900
2022-08-08,133.2831573486328,137.6199951171875,139.336669921875,135.50332641601562,137.80667114257812,3061200
2022-08-09,127.1752700805664,131.31333923339844,134.5800018310547,129.5066680908203,134.44000244140625,4368900
2022-08-10,132.45350646972656,136.76333618164062,137.01666259765625,133.01666259765625,134.81333923339844,3456000
2022-08-11,132.28240966796875,136.586669921875,140.6199951171875,136.2866668701172,137.92333984375,2403900
2022-08-12,136.15310668945312,140.5833282470703,140.9633331298828,136.99667358398438,137.49667358398438,2049600
2022-08-15,136.6599578857422,141.10667419433594,141.5,139.0,139.9566650390625,1325100
2022-08-16,135.26211547851562,139.663330078125,141.0,138.10333251953125,140.38333129882812,1566900
2022-08-17,131.9950714111328,136.2899932861328,137.58999633789062,134.38333129882812,137.52333068847656,2640000
2022-08-18,135.00387573242188,139.39666748046875,140.32666015625,136.1666717529297,136.66000366210938,1698900
2022-08-19,131.359130859375,135.63333129882812,138.17333984375,134.93666076660156,137.47666931152344,2323500
2022-08-22,126.41659545898438,130.52999877929688,133.13333129882812,129.89666748046875,132.88333129882812,2903400
2022-08-23,127.04610443115234,131.17999267578125,133.17999267578125,130.47332763671875,130.6233367919922,2430600
2022-08-24,127.36573028564453,131.50999450683594,131.9633331298828,129.99000549316406,131.02999877929688,1251900
2022-08-25,132.03384399414062,136.3300018310547,136.49000549316406,131.56333923339844,131.6366729736328,2679300
2022-08-26,124.544189453125,128.59666442871094,136.33999633789062,128.39332580566406,136.02333068847656,2838000
2022-08-29,122.02937316894531,126.0,128.70333862304688,125.7933349609375,127.2300033569336,2575200
2022-08-30,120.60890197753906,124.53333282470703,127.40666961669922,123.00333404541016,127.3566665649414,3212700
2022-08-31,119.3466567993164,123.2300033569336,125.086669921875,122.15333557128906,125.08333587646484,2974800
2022-09-01,117.1320571899414,120.9433364868164,120.95999908447266,117.19667053222656,120.086669921875,4537800
2022-09-02,115.84718322753906,119.61666870117188,123.663330078125,119.09333038330078,122.8066635131836,3841200
2022-09-06,114.51065826416016,118.23666381835938,120.25333404541016,117.33000183105469,119.59666442871094,2692500
2022-09-07,116.44766235351562,120.23666381835938,121.25333404541016,117.81666564941406,118.71333312988281,1699500
2022-09-08,118.41044616699219,122.26333618164062,122.72000122070312,118.33333587646484,119.06999969482422,2823300
2022-09-09,121.25135040283203,125.19667053222656,125.84333038330078,123.87333679199219,123.87333679199219,2066400
2022-09-12,121.84210968017578,125.8066635131836,126.43000030517578,124.29666900634766,125.73666381835938,2610900
2022-09-13,114.27500915527344,117.99333190917969,122.0633316040039,117.63666534423828,121.02333068847656,4065000
2022-09-14,115.57276916503906,119.33333587646484,120.16000366210938,117.55332946777344,118.87999725341797,2722800
2022-09-15,113.65518188476562,117.35333251953125,119.91999816894531,116.5566635131836,118.52999877929688,2432700
2022-09-16,114.33633422851562,118.0566635131836,118.18333435058594,115.18000030517578,116.0633316040039,3392100
2022-09-19,114.93680572509766,118.67666625976562,119.30332946777344,116.49666595458984,116.55000305175781,2146200
2022-09-20,113.40982055664062,117.0999984741211,118.0999984741211,116.16999816894531,117.52999877929688,2630700
2022-09-21,112.26377868652344,115.91666412353516,121.11666870117188,115.91666412353516,117.31666564941406,3535200
2022-09-22,109.2098159790039,112.76333618164062,115.73999786376953,112.09666442871094,115.25333404541016,2936100
2022-09-23,107.74739074707031,111.25333404541016,111.7300033569336,109.23666381835938,111.43000030517578,3881700
2022-09-26,106.13163757324219,108.99333190917969,111.96333312988281,108.79666900634766,110.26667022705078,2881500
2022-09-27,107.11837768554688,110.00666809082031,111.78666687011719,108.42666625976562,110.97333526611328,2977200
2022-09-28,108.63739013671875,111.56666564941406,112.00333404541016,108.6433334350586,109.09666442871094,4045200
2022-09-29,105.25849914550781,108.09666442871094,109.73332977294922,106.37000274658203,109.52666473388672,3009000
2022-09-30,103.45382690429688,106.24333190917969,109.45333099365234,106.08000183105469,106.69999694824219,2722800
2022-10-03,107.03073120117188,109.91666412353516,111.14666748046875,106.68333435058594,107.45333099365234,3747300
2022-10-04,112.052001953125,115.07333374023438,115.20999908447266,113.16666412353516,113.4566650390625,3182400
2022-10-05,112.96731567382812,116.01333618164062,117.1866683959961,112.16000366210938,113.16666412353516,2505600
2022-10-06,112.51615905761719,115.55000305175781,118.02666473388672,115.12000274658203,115.8933334350586,2850000
2022-10-07,105.7648696899414,108.61666870117188,112.42333221435547,107.96666717529297,112.1066665649414,3969000
2022-10-10,102.16849517822266,104.92333221435547,108.32333374023438,103.41999816894531,108.1933364868164,4665000
2022-10-11,99.29595184326172,101.97333526611328,104.01000213623047,100.54000091552734,103.05332946777344,4818600
2022-10-12,98.3319320678711,100.98332977294922,102.37999725341797,100.66000366210938,101.83999633789062,3107400
2022-10-13,101.16230010986328,103.88999938964844,105.80332946777344,95.94000244140625,97.03333282470703,4911600
2022-10-14,96.94596862792969,99.55999755859375,105.34333038330078,99.23666381835938,105.34333038330078,3887100
2022-10-17,99.0005874633789,101.66999816894531,103.06999969482422,100.86666870117188,102.20999908447266,3760500
2022-10-18,99.34139251708984,102.0199966430664,105.53666687011719,100.22000122070312,104.8499984741211,3558900
2022-10-19,99.97757720947266,102.67333221435547,103.64666748046875,100.9800033569336,101.2933349609375,3043500
2022-10-20,100.59752655029297,103.30999755859375,106.46333312988281,102.72333526611328,103.23999786376953,3567300
2022-10-21,104.33670043945312,107.1500015258789,107.41666412353516,102.58999633789062,103.04000091552734,3703200
2022-10-24,104.7878646850586,107.61333465576172,108.08000183105469,105.0999984741211,107.51000213623047,3784200
2022-10-25,107.1800308227539,110.06999969482422,110.80999755859375,107.8933334350586,108.06666564941406,2770800
2022-10-26,106.12513732910156,108.98666381835938,111.57333374023438,107.26667022705078,107.79666900634766,4811700
2022-10-27,104.24256896972656,107.05332946777344,110.7300033569336,106.913330078125,109.69999694824219,3589500
2022-10-28,108.32906341552734,111.25,111.413330078125,106.97333526611328,107.25,4192500
2022-10-31,105.96932983398438,108.82666778564453,110.55332946777344,108.2699966430664,110.24666595458984,2394900
2022-11-01,106.822998046875,109.70333099365234,111.37666320800781,109.04666900634766,111.01333618164062,2810400
2022-11-02,103.45060729980469,106.23999786376953,112.32666778564453,106.0999984741211,110.39666748046875,3193800
2022-11-03,102.06462097167969,104.81666564941406,106.4433364868164,103.16000366210938,104.25333404541016,3752100
2022-11-04,106.78729248046875,109.66666412353516,109.94667053222656,107.08999633789062,108.59666442871094,4601700
2022-11-07,109.09506225585938,112.03666687011719,112.46666717529297,109.23666381835938,110.68333435058594,3548700
2022-11-08,111.49695587158203,114.50333404541016,115.85333251953125,112.18333435058594,114.13333129882812,3901200
2022-11-09,107.93305969238281,110.84333038330078,113.01000213623047,110.67333221435547,112.5633316040039,3578700
2022-11-10,119.10189819335938,122.3133316040039,122.61666870117188,116.2066650390625,117.18333435058594,5347500
2022-11-11,122.74695587158203,126.0566635131836,126.79666900634766,121.50333404541016,122.91000366210938,6114000
2022-11-14,121.40319061279297,124.67666625976562,127.12666320800781,124.63333129882812,125.37333679199219,3683100
2022-11-15,124.921630859375,128.2899932861328,130.19667053222656,126.55000305175781,129.8433380126953,4897800
2022-11-16,119.76404571533203,122.99333190917969,125.61666870117188,122.21666717529297,125.36666870117188,4775700
2022-11-17,120.70210266113281,123.9566650390625,124.51000213623047,120.22333526611328,120.44000244140625,3961500
2022-11-18,120.97149658203125,124.23332977294922,126.0566635131836,122.88999938964844,126.02999877929688,3105300
2022-11-21,118.96558380126953,122.17333221435547,123.31999969482422,121.78666687011719,122.87999725341797,1815000
2022-11-22,122.51000213623047,125.8133316040039,125.91000366210938,122.1866683959961,123.22000122070312,3290700
2022-11-23,123.9901123046875,127.33333587646484,128.55999755859375,125.663330078125,125.68000030517578,3905400
2022-11-25,122.33799743652344,125.63666534423828,127.0,125.63666534423828,126.5566635131836,1164000
2022-11-28,119.2804183959961,122.49666595458984,125.38999938964844,121.6500015258789,124.07666778564453,3197700
2022-11-29,118.81952667236328,122.02333068847656,123.55332946777344,121.27666473388672,122.86333465576172,1828200
2022-11-30,125.94733428955078,129.3433380126953,129.43333435058594,121.33999633789062,122.4800033569336,4166100
2022-12-01,125.04175567626953,128.413330078125,130.2433319091797,126.62333679199219,130.11000061035156,4130700
2022-12-02,123.62982177734375,126.96333312988281,127.163330078125,124.55332946777344,125.1933364868164,3110400
2022-12-05,122.06534576416016,125.3566665649414,127.31666564941406,124.22333526611328,126.0999984741211,2709300
2022-12-06,119.49789428710938,122.72000122070312,125.47333526611328,121.4800033569336,125.34333038330078,2182200
2022-12-07,119.24148559570312,122.4566650390625,123.31666564941406,121.18000030517578,121.41000366210938,2111400
2022-12-08,122.68853759765625,125.99666595458984,126.086669921875,122.38333129882812,123.20333099365234,2694300
2022-12-09,121.55249786376953,124.83000183105469,127.03666687011719,124.38333129882812,125.44000244140625,1749000
2022-12-12,123.70446014404297,127.04000091552734,127.17666625976562,123.58000183105469,124.21666717529297,2178900
2022-12-13,125.83055877685547,128.8633270263672,132.97999572753906,127.25,132.40333557128906,4521000
2022-12-14,123.9427261352539,126.93000030517578,130.08999633789062,125.44667053222656,128.5500030517578,3972000
2022-12-15,118.69913482666016,121.55999755859375,124.80332946777344,121.3933334350586,124.26333618164062,3881100
2022-12-16,117.80077362060547,120.63999938964844,121.96333312988281,119.44999694824219,120.913330078125,2465700
2022-12-19,116.34259033203125,119.14666748046875,120.79000091552734,117.91666412353516,120.51333618164062,2231700
2022-12-20,115.63301086425781,118.41999816894531,119.50666809082031,117.3933334350586,117.66000366210938,2275500
2022-12-21,118.23693084716797,121.086669921875,121.48666381835938,119.01667022705078,119.24666595458984,2291700
2022-12-22,113.45875549316406,116.1933364868164,118.92333221435547,113.74666595458984,118.73332977294922,5403300
2022-12-23,113.556396484375,116.2933349609375,116.29666900634766,114.01333618164062,115.1866683959961,2571900
2022-12-27,111.50581359863281,114.1933364868164,115.47666931152344,113.66666412353516,115.37000274658203,3494400
2022-12-28,109.86210632324219,112.51000213623047,114.84666442871094,112.05000305175781,113.4566650390625,2682000
2022-12-29,113.36759948730469,116.0999984741211,116.63999938964844,113.91999816894531,114.34333038330078,3263100
2022-12-30,113.26345825195312,115.99333190917969,116.1866683959961,113.61333465576172,114.44000244140625,2010000
2023-01-03,112.1600570678711,114.86333465576172,118.16666412353516,114.16666412353516,117.9566650390625,2844600
2023-01-04,115.04713439941406,117.81999969482422,118.47333526611328,115.69999694824219,117.05000305175781,3257100
2023-01-05,113.10722351074219,115.83333587646484,117.48666381835938,115.6433334350586,116.65666961669922,2671800
2023-01-06,118.37037658691406,121.22333526611328,121.86000061035156,115.8133316040039,117.4000015258789,4898400
2023-01-09,120.55113983154297,123.4566650390625,126.26333618164062,122.66000366210938,123.44667053222656,4581300
2023-01-10,122.11023712158203,125.05332946777344,125.22333526611328,122.3933334350586,123.03333282470703,2825400
2023-01-11,123.68558502197266,126.66666412353516,126.72000122070312,124.07666778564453,125.12999725341797,2682000
2023-01-12,125.1893539428711,128.2066650390625,128.97999572753906,124.72000122070312,127.3499984741211,3324000
2023-01-13,125.70689392089844,128.73666381835938,128.75,126.38666534423828,126.5433349609375,2079000
2023-01-17,125.85009002685547,128.88333129882812,130.18666076660156,127.6933364868164,128.29666137695312,3017400
2023-01-18,125.1893539428711,128.2066650390625,131.2433319091797,128.16000366210938,130.32666015625,3512700
2023-01-19,121.6773452758789,124.61000061035156,127.13333129882812,124.2066650390625,127.06666564941406,3775200
2023-01-20,125.48553466796875,128.50999450683594,128.58999633789062,124.66999816894531,125.94999694824219,3352500
2023-01-23,131.78701782226562,134.9633331298828,135.413330078125,129.50332641601562,129.7100067138672,5726700
2023-01-24,130.791015625,133.94332885742188,135.1999969482422,133.13333129882812,133.31666564941406,2370300
2023-01-25,131.14578247070312,134.30667114257812,134.54666137695312,130.57666015625,131.586669921875,3301200
2023-01-26,133.35585021972656,136.57000732421875,136.7433319091797,133.60000610351562,135.84666442871094,3896700
2023-01-27,132.50631713867188,135.6999969482422,136.8733367919922,133.8633270263672,134.2100067138672,4289700
2023-01-30,128.98780822753906,132.09666442871094,134.66000366210938,131.99000549316406,133.85000610351562,4384500
2023-01-31,131.39317321777344,134.55999755859375,134.6233367919922,131.71665954589844,131.8433380126953,3104100
2023-02-01,138.24468994140625,141.57666015625,143.0066680908203,135.10667419433594,135.22666931152344,7244100
2023-02-02,141.44747924804688,144.85667419433594,146.0366668701172,142.2133331298828,143.02667236328125,7456200
2023-02-03,138.68734741210938,142.02999877929688,145.2933349609375,141.27667236328125,141.6366729736328,5555400
2023-02-06,136.43496704101562,139.72332763671875,141.8733367919922,139.09666442871094,139.80999755859375,2496300
2023-02-07,140.7737274169922,144.1666717529297,144.85667419433594,139.91000366210938,140.26333618164062,3285300
2023-02-08,137.74671936035156,141.06666564941406,144.38333129882812,140.73666381835938,143.2066650390625,3522000
2023-02-09,138.0981903076172,141.42666625976562,145.18666076660156,140.3800048828125,143.57666015625,3015600
2023-02-10,135.90118408203125,139.17666625976562,140.3866729736328,137.663330078125,139.97999572753906,2947800
2023-02-13,137.89967346191406,141.22332763671875,141.6300048828125,138.6133270263672,139.8333282470703,2122500
2023-02-14,140.40267944335938,143.7866668701172,144.22000122070312,138.92666625976562,139.97666931152344,3252000
2023-02-15,140.97555541992188,144.3733367919922,144.44667053222656,141.24000549316406,142.2899932861328,2143500
2023-02-16,137.51882934570312,140.8333282470703,143.25999450683594,140.60333251953125,141.77333068847656,3444900
2023-02-17,135.3771209716797,138.63999938964844,140.41000366210938,137.38333129882812,140.0,3064200
2023-02-21,130.9927978515625,134.14999389648438,138.0933380126953,133.88999938964844,136.48333740234375,2208600
2023-02-22,130.3646240234375,133.5066680908203,135.47000122070312,132.6999969482422,134.4633331298828,2285700
2023-02-23,134.6512908935547,137.89666748046875,138.55332946777344,135.19000244140625,138.0,4617000
2023-02-24,132.2394256591797,135.42666625976562,136.13999938964844,134.41000366210938,135.4499969482422,2842200
2023-02-27,132.93923950195312,136.14332580566406,137.7100067138672,136.0933380126953,137.69000244140625,2040900
2023-02-28,133.3948974609375,136.61000061035156,138.4566650390625,135.53334045410156,135.82666015625,1582500
2023-03-01,133.4307098388672,136.64666748046875,138.31333923339844,136.10667419433594,137.1133270263672,1922400
2023-03-02,134.49830627441406,137.74000549316406,138.39666748046875,133.47666931152344,134.52000427246094,3108300
2023-03-03,136.5716552734375,139.8633270263672,140.01666259765625,136.67333984375,137.7100067138672,2408700
2023-03-06,134.9832763671875,138.23666381835938,141.4600067138672,137.9066619873047,140.25332641601562,2177100
2023-03-07,133.56092834472656,136.77999877929688,138.96665954589844,136.22999572753906,138.38333129882812,1899000
2023-03-08,137.11199951171875,140.4166717529297,140.57000732421875,137.3300018310547,137.3300018310547,2088300
2023-03-09,134.38763427734375,137.6266632080078,142.41000366210938,137.4166717529297,140.23666381835938,3889800
2023-03-10,131.79025268554688,134.96665954589844,138.72332763671875,134.32666015625,138.36666870117188,3320700
2023-03-13,131.82933044433594,135.0066680908203,136.6666717529297,132.16000366210938,133.55667114257812,3512700
2023-03-14,135.68309020996094,138.95333862304688,139.81333923339844,136.7066650390625,137.36000061035156,2743200
2023-03-15,134.10121154785156,137.3333282470703,137.64666748046875,134.42999267578125,136.96665954589844,3527100
2023-03-16,139.33834838867188,142.69667053222656,143.00999450683594,136.1366729736328,136.73333740234375,3730200
2023-03-17,138.475830078125,141.81333923339844,144.07666015625,141.0399932861328,142.97000122070312,2828400
2023-03-20,139.94052124023438,143.31333923339844,143.77333068847656,140.9166717529297,142.08999633789062,2155800
2023-03-21,140.2171173095703,143.59666442871094,146.0,141.46665954589844,144.47999572753906,2899500
2023-03-22,138.82406616210938,142.1699981689453,147.4166717529297,142.13333129882812,143.60000610351562,3313200
2023-03-23,142.6066436767578,145.67666625976562,147.6300048828125,143.13333129882812,144.27667236328125,4039800
2023-03-24,140.13320922851562,143.14999389648438,144.88999938964844,141.6999969482422,144.49667358398438,3120600
2023-03-27,138.48861694335938,141.47000122070312,144.10667419433594,140.97332763671875,143.6666717529297,1806300
2023-03-28,137.45095825195312,140.41000366210938,141.25999450683594,138.27000427246094,141.14332580566406,2737500
2023-03-29,141.86917114257812,144.92333984375,145.93333435058594,142.48666381835938,142.75332641601562,3140400
2023-03-30,144.20553588867188,147.30999755859375,148.27333068847656,146.26666259765625,146.75999450683594,2602200
2023-03-31,145.09959411621094,148.22332763671875,148.44667053222656,145.95333862304688,146.19000244140625,2151000
2023-04-03,143.8466033935547,146.94332885742188,147.9166717529297,145.1266632080078,147.35667419433594,1876800
2023-04-04,141.1643524169922,144.20333862304688,147.25332641601562,143.39666748046875,147.2100067138672,2324100
2023-04-05,138.717041015625,141.70333862304688,142.78334045410156,140.2066650390625,142.663330078125,3343800
2023-04-06,138.0023956298828,140.97332763671875,142.01333618164062,139.32333374023438,140.41000366210938,1894800
2023-04-10,140.43991088867188,143.4633331298828,143.56333923339844,139.5366668701172,139.75999450683594,1927200
2023-04-11,139.70248413085938,142.7100067138672,144.35667419433594,142.43666076660156,144.2566680908203,1823100
2023-04-12,137.14752197265625,140.10000610351562,144.1666717529297,139.9633331298828,144.1233367919922,2598900
2023-04-13,138.27650451660156,141.25332641601562,142.0833282470703,139.2933349609375,140.4166717529297,3013500
2023-04-14,138.06117248535156,141.03334045410156,142.82666015625,139.49667358398438,141.1199951171875,1963500
2023-04-17,138.06117248535156,141.03334045410156,141.1233367919922,139.09666442871094,139.51666259765625,2206500
2023-04-18,138.65830993652344,141.64332580566406,143.36000061035156,140.57000732421875,142.13333129882812,2765100
2023-04-19,137.1409454345703,140.0933380126953,140.42999267578125,139.23666381835938,139.76333618164062,1264500
2023-04-20,137.01370239257812,139.9633331298828,142.06333923339844,138.5500030517578,138.69000244140625,2391900
2023-04-21,136.0086669921875,138.93666076660156,139.47999572753906,137.7133331298828,139.47999572753906,2157600
2023-04-24,135.39849853515625,138.31333923339844,139.47666931152344,137.3800048828125,138.68666076660156,2074800
2023-04-25,130.84974670410156,133.6666717529297,137.5,133.5800018310547,137.48666381835938,2482500
2023-04-26,131.54806518554688,134.3800048828125,135.7566680908203,133.69332885742188,135.05667114257812,1926300
2023-04-27,132.10276794433594,134.94667053222656,135.11666870117188,131.52999877929688,134.2066650390625,3116700
2023-04-28,134.4848175048828,137.3800048828125,137.413330078125,134.97332763671875,135.57333374023438,2359200
2023-05-01,135.70193481445312,138.6233367919922,139.02667236328125,137.57000732421875,137.92999267578125,1803900
2023-05-02,134.73280334472656,137.63333129882812,139.46665954589844,136.2899932861328,138.67666625976562,2115600
2023-05-03,133.1861114501953,136.05332946777344,138.50999450683594,135.95333862304688,136.86000061035156,2525400
2023-05-04,132.43885803222656,135.2899932861328,136.45333862304688,134.07666015625,134.97666931152344,2102700
2023-05-05,135.3854217529297,138.3000030517578,138.8800048828125,134.77333068847656,135.4566650390625,1619400
2023-05-08,135.95645141601562,138.88333129882812,138.97999572753906,137.0,138.14666748046875,1365300
2023-05-09,133.6429443359375,136.52000427246094,137.0933380126953,135.9633331298828,136.91000366210938,2348400
2023-05-10,135.00363159179688,137.91000366210938,138.8866729736328,136.57666015625,138.05332946777344,2766600
2023-05-11,134.1193389892578,137.0066680908203,138.24667358398438,135.7066650390625,137.9499969482422,1854600
2023-05-12,133.99534606933594,136.8800048828125,138.06666564941406,135.58999633789062,137.49667358398438,1383300
2023-05-15,137.63368225097656,140.59666442871094,140.6233367919922,136.86666870117188,137.27000427246094,1799100
2023-05-16,137.3759002685547,140.3333282470703,141.92999267578125,140.13999938964844,140.13999938964844,2047500
2023-05-17,140.76954650878906,143.8000030517578,144.35333251953125,140.72999572753906,141.61666870117188,1986000
2023-05-18,145.21710205078125,148.3433380126953,148.70333862304688,144.3333282470703,144.44000244140625,3429300
2023-05-19,144.46986389160156,147.5800018310547,148.24667358398438,146.6566619873047,147.91000366210938,2877600
2023-05-22,144.96908569335938,148.08999633789062,148.47999572753906,146.18666076660156,146.25,2299800
2023-05-23,143.1776885986328,146.25999450683594,148.06666564941406,145.93666076660156,147.09666442871094,1553100
2023-05-24,140.6161346435547,143.64332580566406,144.2433319091797,142.1266632080078,143.31666564941406,4341000
2023-05-25,149.981201171875,153.2100067138672,153.8000030517578,148.61666870117188,150.24667358398438,12973800
2023-05-26,159.7834930419922,163.22332763671875,164.06333923339844,155.4933319091797,155.54666137695312,8010900
2023-05-30,159.64974975585938,163.086669921875,167.67333984375,162.42333984375,167.0,7862700
2023-05-31,155.55128479003906,158.89999389648438,162.5366668701172,158.82666015625,160.3300018310547,5358600
2023-06-01,158.22703552246094,161.63333129882812,163.01333618164062,158.23333740234375,159.8699951171875,7343700
2023-06-02,157.85499572753906,161.25332641601562,163.3333282470703,160.0800018310547,162.86666870117188,3318900
2023-06-05,155.4109649658203,158.7566680908203,160.75332641601562,157.94332885742188,160.663330078125,2710800
2023-06-06,157.28726196289062,160.67333984375,161.45333862304688,157.39666748046875,157.6366729736328,3235500
2023-06-07,157.0555877685547,160.22000122070312,163.7899932861328,159.85667419433594,161.51666259765625,3906300
2023-06-08,158.6632080078125,161.86000061035156,162.25999450683594,159.8633270263672,160.69000244140625,2724900
2023-06-09,159.08143615722656,162.2866668701172,164.80332946777344,161.52333068847656,163.69332885742188,2519400
2023-06-12,164.2048797607422,167.51333618164062,167.67333984375,163.99000549316406,164.19000244140625,2638500
2023-06-13,166.40390014648438,169.7566680908203,170.85667419433594,167.82666015625,170.2066650390625,4164300
2023-06-14,168.76632690429688,172.1666717529297,172.25,168.1366729736328,169.1233367919922,8500500
2023-06-15,167.37106323242188,170.7433319091797,172.00332641601562,169.52000427246094,170.18333435058594,6561300
2023-06-16,165.82557678222656,169.1666717529297,172.47999572753906,168.92333984375,172.4633331298828,4956300
2023-06-20,164.4825897216797,167.79666137695312,169.8699951171875,166.32000732421875,168.38999938964844,2024400
2023-06-21,160.473388671875,163.7066650390625,167.57666015625,163.51666259765625,166.7433319091797,4128300
2023-06-22,161.22164916992188,164.47000122070312,165.15333557128906,162.3699951171875,162.5933380126953,3656400
2023-06-23,158.38217163085938,161.57333374023438,162.60000610351562,160.836669921875,161.82000732421875,2057400
2023-06-26,158.8951873779297,162.09666442871094,165.20333862304688,162.08999633789062,162.7066650390625,2434800
2023-06-27,164.44668579101562,167.75999450683594,168.0433349609375,162.0500030517578,162.6666717529297,2763600
2023-06-28,163.17886352539062,166.46665954589844,167.8766632080078,164.8733367919922,165.05332946777344,2912400
2023-06-29,163.22462463378906,166.51333618164062,167.25999450683594,165.13333129882812,167.14332580566406,1674600
2023-06-30,165.7471160888672,169.086669921875,169.76333618164062,167.74667358398438,168.34666442871094,1618200
2023-07-03,167.2207794189453,170.58999633789062,171.0,168.71665954589844,169.8633270263672,809400
2023-07-05,163.52525329589844,166.82000732421875,169.8000030517578,166.76666259765625,169.4499969482422,2821800
2023-07-06,161.46347045898438,164.71665954589844,164.9933319091797,162.63999938964844,163.98666381835938,3454200
2023-07-07,161.53207397460938,164.7866668701172,167.4066619873047,164.52000427246094,165.02667236328125,1824300
2023-07-10,164.89431762695312,168.21665954589844,168.3633270263672,165.1366729736328,165.30332946777344,1833600
2023-07-11,164.9008331298828,168.22332763671875,169.10667419433594,165.79666137695312,168.8000030517578,2370300
2023-07-12,167.97235107421875,171.35667419433594,171.6666717529297,169.69332885742188,170.6566619873047,4269300
2023-07-13,171.44236755371094,174.89666748046875,175.2933349609375,172.5066680908203,173.17333984375,2791200
2023-07-14,169.29891967773438,172.7100067138672,176.48333740234375,171.99667358398438,174.9166717529297,5124900
2023-07-17,173.3505859375,176.8433380126953,177.71665954589844,171.7100067138672,172.77333068847656,2926200
2023-07-18,173.6708221435547,177.1699981689453,177.75332641601562,174.70333862304688,176.0833282470703,2669400
2023-07-19,171.60899353027344,175.06666564941406,177.52667236328125,174.6300048828125,177.39999389648438,2483400
2023-07-20,165.3680877685547,168.6999969482422,172.5399932861328,167.93333435058594,171.94332885742188,5085600
2023-07-21,166.861328125,170.22332763671875,171.81333923339844,169.27000427246094,170.5366668701172,2527800
2023-07-24,166.85482788085938,170.21665954589844,171.42666625976562,169.3333282470703,170.22000122070312,1544400
2023-07-25,169.66162109375,173.0800018310547,174.11000061035156,171.1999969482422,171.1999969482422,1869300
2023-07-26,167.3188018798828,170.69000244140625,172.13333129882812,168.82333374023438,170.9199981689453,2618700
2023-07-27,170.46539306640625,173.89999389648438,177.5366668701172,172.92666625976562,175.1300048828125,3826500
2023-07-28,174.18707275390625,177.69667053222656,178.3000030517578,175.47999572753906,177.2133331298828,2821500
2023-07-31,174.90921020507812,178.43333435058594,178.9600067138672,177.3300018310547,178.34666442871094,1628400
2023-08-01,175.02029418945312,178.54666137695312,178.92333984375,176.25332641601562,176.8000030517578,1343400
2023-08-02,168.3219451904297,171.7133331298828,176.32666015625,170.69000244140625,176.27999877929688,4657800
2023-08-03,167.89059448242188,171.27333068847656,172.50999450683594,169.02333068847656,169.6566619873047,4354800
2023-08-04,167.6259307861328,171.00332641601562,173.3800048828125,169.1199951171875,170.65333557128906,4139400
2023-08-07,169.39036560058594,172.80332946777344,173.02333068847656,171.18666076660156,172.23333740234375,2262900
2023-08-08,166.6947479248047,170.05332946777344,170.24667358398438,167.77333068847656,170.10333251953125,2767500
2023-08-09,163.6363067626953,166.93333435058594,170.00332641601562,166.59666442871094,169.93666076660156,3228000
2023-08-10,162.97630310058594,166.25999450683594,170.05332946777344,165.1300048828125,168.26666259765625,3831600
2023-08-11,159.02589416503906,162.22999572753906,164.3333282470703,161.93666076660156,164.22000122070312,3882000
2023-08-14,163.61346435546875,166.91000366210938,166.9499969482422,161.0500030517578,161.60667419433594,3127200
2023-08-15,160.8818359375,164.1233367919922,166.5800018310547,163.93333435058594,166.04666137695312,2276700
2023-08-16,157.76791381835938,160.94667053222656,164.11000061035156,160.82000732421875,163.94667053222656,2840100
2023-08-17,156.2256622314453,159.3733367919922,161.61000061035156,158.8699951171875,161.24667358398438,2624400
2023-08-18,157.06539916992188,160.22999572753906,160.80332946777344,157.30667114257812,157.6366729736328,2315700
2023-08-21,161.57781982421875,164.8333282470703,165.07666015625,160.72999572753906,160.98666381835938,2757900
2023-08-22,160.15318298339844,163.3800048828125,167.05332946777344,162.82333374023438,166.85000610351562,2055300
2023-08-23,163.42723083496094,166.72000122070312,167.30667114257812,162.25332641601562,162.43666076660156,3027300
2023-08-24,158.02603149414062,161.2100067138672,169.9566650390625,160.8433380126953,169.86666870117188,4848600
2023-08-25,158.70567321777344,161.90333557128906,163.2899932861328,158.6666717529297,161.1699981689453,3435900
2023-08-28,160.71517944335938,163.95333862304688,164.4066619873047,162.28334045410156,163.49667358398438,1689300
2023-08-29,164.93675231933594,168.25999450683594,168.81333923339844,162.89666748046875,163.13333129882812,2730000
2023-08-30,165.7144317626953,169.05332946777344,169.74667358398438,166.55667114257812,167.7566680908203,3073800
2023-08-31,166.861328125,170.22332763671875,171.20333862304688,168.44332885742188,168.44332885742188,2109000
2023-09-01,167.2959442138672,170.6666717529297,171.75,169.43333435058594,171.36000061035156,1891200
2023-09-05,167.2403564453125,170.61000061035156,171.94667053222656,169.14999389648438,170.06333923339844,1871100
2023-09-06,166.0314178466797,169.3766632080078,171.25999450683594,167.47332763671875,170.13333129882812,2008200
2023-09-07,162.23130798339844,165.5,165.97332763671875,163.413330078125,165.49000549316406,3877500
2023-09-08,161.39157104492188,164.64332580566406,166.35000610351562,163.9566650390625,165.14999389648438,1333800
2023-09-11,161.3000946044922,164.5500030517578,166.74000549316406,162.3300018310547,166.7100067138672,1422900
2023-09-12,159.93099975585938,163.15333557128906,165.93666076660156,163.0366668701172,163.4633331298828,1720500
2023-09-13,160.7511444091797,163.99000549316406,165.64666748046875,162.93333435058594,163.10667419433594,2927700
2023-09-14,161.9012908935547,165.163330078125,165.85667419433594,163.60000610351562,165.5800018310547,2022000
2023-09-15,157.22877502441406,160.39666748046875,164.18333435058594,159.5833282470703,164.18333435058594,2901000
2023-09-18,157.76461791992188,160.94332885742188,161.53334045410156,158.8433380126953,159.1666717529297,1722600
2023-09-19,156.43475341796875,159.586669921875,160.5500030517578,158.73666381835938,160.4633331298828,1553700
2023-09-20,153.8665008544922,156.96665954589844,160.98666381835938,156.913330078125,160.31333923339844,2122800
2023-09-21,151.0270538330078,154.07000732421875,156.0800018310547,154.0,155.0933380126953,2532900
2023-09-22,152.28506469726562,155.35333251953125,156.90333557128906,154.7433319091797,155.5366668701172,2395500
2023-09-25,153.39926147460938,156.49000549316406,156.63333129882812,153.91000366210938,154.6266632080078,1587600
2023-09-26,150.61395263671875,153.10333251953125,155.05999755859375,152.42333984375,154.6666717529297,2349000
2023-09-27,151.94203186035156,154.45333862304688,155.61666870117188,152.1566619873047,154.35667419433594,2727300
2023-09-28,154.75552368164062,157.31333923339844,158.97332763671875,153.49667358398438,154.13333129882812,3674400
2023-09-29,155.3162384033203,157.88333129882812,160.1666717529297,157.39666748046875,159.58999633789062,2802600
2023-10-02,156.09996032714844,158.67999267578125,159.92999267578125,156.7566680908203,158.22666931152344,2466600
2023-10-03,152.87001037597656,155.39666748046875,159.41000366210938,154.3000030517578,157.20333862304688,2685900
2023-10-04,154.89979553222656,157.4600067138672,157.93333435058594,155.01333618164062,156.15333557128906,3280200
2023-10-05,154.1488800048828,156.69667053222656,158.10667419433594,155.25,157.5,1902300
2023-10-06,157.46078491210938,160.06333923339844,160.8433380126953,154.86000061035156,155.88999938964844,3818700
2023-10-09,157.0673065185547,159.663330078125,160.1133270263672,157.1699981689453,158.3866729736328,2082000
2023-10-10,159.0806884765625,161.7100067138672,163.14999389648438,159.5,160.16000366210938,1863300
2023-10-11,160.27755737304688,162.92666625976562,163.2566680908203,160.99000549316406,162.26333618164062,2983200
2023-10-12,160.68746948242188,163.3433380126953,165.68666076660156,161.77000427246094,163.19667053222656,3051600
2023-10-13,156.31307983398438,158.89666748046875,163.86000061035156,158.58999633789062,163.6699981689453,2544900
2023-10-16,158.52647399902344,161.14666748046875,161.7433319091797,159.27667236328125,159.43333435058594,1732500
2023-10-17,157.36898803710938,159.97000122070312,161.11000061035156,156.11000061035156,157.92999267578125,2450100
2023-10-18,154.5325164794922,157.086669921875,158.43333435058594,156.2566680908203,157.23666381835938,2865900
2023-10-19,152.1519012451172,154.6666717529297,158.94332885742188,154.11000061035156,158.51666259765625,4398300
2023-10-20,149.95156860351562,152.42999267578125,155.74667358398438,152.15333557128906,154.6566619873047,3013200
2023-10-23,149.09901428222656,151.56333923339844,154.17333984375,149.9166717529297,151.52667236328125,2846100
2023-10-24,151.1222381591797,153.6199951171875,153.9199981689453,151.77000427246094,152.48666381835938,2233500
2023-10-25,145.01321411132812,147.41000366210938,152.10000610351562,146.6366729736328,151.58999633789062,3244200
2023-10-26,144.1508026123047,146.53334045410156,149.79666137695312,145.8699951171875,148.06333923339844,4508100
2023-10-27,145.7018280029297,148.11000061035156,149.50999450683594,147.43333435058594,148.6133270263672,2436900
2023-10-30,143.75071716308594,146.1266632080078,147.99667358398438,144.5399932861328,147.05332946777344,2743200
2023-10-31,145.06568908691406,147.4633331298828,147.8433380126953,144.40333557128906,146.25332641601562,1911600
2023-11-01,148.47926330566406,150.93333435058594,151.07000732421875,147.47999572753906,147.47999572753906,3542100
2023-11-02,151.8534393310547,154.3633270263672,155.46665954589844,152.35333251953125,153.92999267578125,2726700
2023-11-03,155.8441925048828,158.4199981689453,159.57000732421875,155.78334045410156,156.07333374023438,2326800
2023-11-06,155.55560302734375,158.1266632080078,159.11666870117188,156.6300048828125,158.67666625976562,1740000
2023-11-07,156.5458984375,159.13333129882812,159.8300018310547,157.5366668701172,157.77999877929688,1556400
2023-11-08,156.7033233642578,159.2933349609375,160.0399932861328,158.19332885742188,159.28334045410156,2233800
2023-11-09,155.952392578125,158.52999877929688,162.24000549316406,158.2100067138672,160.3333282470703,2383200
2023-11-10,162.2417449951172,164.92333984375,165.43666076660156,159.85333251953125,160.51666259765625,2229000
2023-11-13,160.66122436523438,163.31666564941406,163.8766632080078,162.25332641601562,163.6266632080078,1956000
2023-11-14,166.60302734375,169.35667419433594,169.86000061035156,167.1566619873047,167.44667053222656,2765100
2023-11-15,167.8130340576172,170.586669921875,171.86000061035156,169.3000030517578,170.41000366210938,5104800
2023-11-16,167.89498901367188,170.6699981689453,171.17666625976562,169.29666137695312,169.8699951171875,2275500
2023-11-17,169.0754852294922,171.8699951171875,172.20333862304688,169.86000061035156,170.13999938964844,1815300
2023-11-20,171.56764221191406,174.40333557128906,175.0,171.6266632080078,171.68333435058594,1482000
2023-11-21,168.36065673828125,171.14332580566406,172.97332763671875,170.26333618164062,172.97332763671875,3018600
2023-11-22,168.89840698242188,171.69000244140625,174.40333557128906,171.2100067138672,172.2866668701172,2044200
2023-11-24,169.01974487304688,171.81333923339844,172.0066680908203,171.07666015625,171.67999267578125,516600
2023-11-27,168.7836456298828,171.57333374023438,173.02999877929688,170.75,171.17666625976562,1816800
2023-11-28,167.79661560058594,170.57000732421875,171.47332763671875,169.1999969482422,170.58999633789062,1852200
2023-11-29,169.61651611328125,172.4199981689453,175.00999450683594,172.1300048828125,172.98666381835938,3665700
2023-11-30,168.4327850341797,171.21665954589844,172.8633270263672,169.836669921875,172.69000244140625,2419500
2023-12-01,169.2230682373047,172.02000427246094,172.33999633789062,169.0,170.3300018310547,1719600
2023-12-04,167.3277130126953,170.0933380126953,170.44000244140625,167.63999938964844,170.26666259765625,1810500
2023-12-05,166.3767547607422,169.1266632080078,169.57666015625,167.72332763671875,168.4633331298828,2568300
2023-12-06,165.3503875732422,168.0833282470703,171.67999267578125,167.8866729736328,171.5833282470703,2683500
2023-12-07,169.7837677001953,172.58999633789062,173.1233367919922,168.99000549316406,169.6666717529297,1916700
2023-12-08,171.1249542236328,173.95333862304688,174.7133331298828,172.11000061035156,172.18333435058594,4207200
2023-12-11,176.96180725097656,179.8866729736328,180.44667053222656,175.39666748046875,175.5833282470703,3977100
2023-12-12,178.2373809814453,181.18333435058594,181.2100067138672,178.663330078125,178.97999572753906,2226600
2023-12-13,180.98204040527344,183.97332763671875,185.02333068847656,180.5366668701172,181.2100067138672,5724900
2023-12-14,185.99908447265625,189.07333374023438,189.60667419433594,185.4600067138672,185.4600067138672,3372300
2023-12-15,186.69100952148438,189.77667236328125,191.91000366210938,189.36666870117188,189.6266632080078,3956100
2023-12-18,186.17288208007812,189.25,190.086669921875,187.52667236328125,189.77333068847656,2272200
2023-12-19,187.1664581298828,190.25999450683594,190.64332580566406,189.27999877929688,189.52000427246094,1910100
2023-12-20,181.61810302734375,184.2566680908203,189.56333923339844,184.2566680908203,188.46665954589844,3355800
2023-12-21,186.6450653076172,189.35667419433594,189.70333862304688,187.3633270263672,188.24000549316406,2589300
2023-12-22,187.24305725097656,189.9633331298828,191.10000610351562,188.61000061035156,190.25999450683594,2363400
2023-12-26,190.55165100097656,193.32000732421875,194.086669921875,190.8333282470703,190.8333282470703,1906500
2023-12-27,191.0411834716797,193.81666564941406,194.53334045410156,192.74667358398438,194.20333862304688,1877400
2023-12-28,190.6830596923828,193.45333862304688,194.6366729736328,193.1999969482422,194.26666259765625,1053000
2023-12-29,189.2834014892578,192.03334045410156,193.8800048828125,191.0,193.4933319091797,1452300
2024-01-02,182.4657745361328,185.11666870117188,188.78334045410156,183.5433349609375,188.78334045410156,3256800
2024-01-03,178.54605102539062,181.13999938964844,182.8733367919922,180.42333984375,181.8433380126953,4069800
2024-01-04,177.04452514648438,179.61666870117188,181.44332885742188,177.8800048828125,178.27999877929688,3737100
2024-01-05,178.0269317626953,180.6133270263672,182.1999969482422,179.3866729736328,179.95333862304688,3888900
2024-01-08,183.8260040283203,186.49667358398438,186.98333740234375,181.80667114257812,181.85667419433594,3202200
2024-01-09,183.888427734375,186.55999755859375,187.9933319091797,184.11666870117188,184.39332580566406,2944200
2024-01-10,183.27076721191406,185.93333435058594,187.02333068847656,183.5833282470703,186.98333740234375,2821800
2024-01-11,183.94757080078125,186.6199951171875,187.8333282470703,182.97332763671875,186.19667053222656,3692100
2024-01-12,183.13604736328125,185.79666137695312,187.77667236328125,184.89666748046875,186.8699951171875,2277000
2024-01-16,185.73165893554688,188.42999267578125,189.70333862304688,185.07000732421875,186.02667236328125,4151400
2024-01-17,184.0297393798828,186.70333862304688,186.92333984375,183.5366668701172,186.5066680908203,4971000
2024-01-18,190.10476684570312,192.86666870117188,193.1199951171875,189.80999755859375,191.8866729736328,3552000
2024-01-19,197.54013061523438,200.41000366210938,200.6699981689453,194.30332946777344,195.29666137695312,5326800
2024-01-22,198.18736267089844,201.06666564941406,203.69332885742188,199.22332763671875,202.07000732421875,5288400
2024-01-23,199.50160217285156,202.39999389648438,202.63999938964844,199.22999572753906,201.13999938964844,3282000
2024-01-24,202.40606689453125,205.34666442871094,208.07666015625,203.13333129882812,204.73666381835938,6283800
2024-01-25,201.84425354003906,204.77667236328125,209.26333618164062,203.7433319091797,209.1266632080078,3916800
2024-01-26,196.40328979492188,199.2566680908203,201.9499969482422,198.56666564941406,200.586669921875,5781300
2024-01-29,198.44692993164062,201.3300018310547,201.3300018310547,198.19000244140625,199.64999389648438,3467400
2024-01-30,195.38143920898438,198.22000122070312,201.35333251953125,197.39332580566406,200.1266632080078,3059100
2024-01-31,192.5525665283203,195.35000610351562,198.92333984375,193.60667419433594,195.13999938964844,6573600
2024-02-01,193.50535583496094,196.31666564941406,196.80332946777344,193.74667358398438,196.13999938964844,3464100
2024-02-02,195.97613525390625,198.82333374023438,199.28334045410156,195.77667236328125,196.30999755859375,4801200
2024-02-05,198.65391540527344,201.5399932861328,202.5433349609375,198.30999755859375,200.52000427246094,4735200
2024-02-06,196.33755493164062,199.19000244140625,202.26666259765625,196.95333862304688,202.11000061035156,3624000
2024-02-07,199.34060668945312,202.23666381835938,202.42666625976562,198.51333618164062,200.60000610351562,4839300
2024-02-08,202.76751708984375,205.7133331298828,207.1999969482422,202.79666137695312,202.8733367919922,2760900
2024-02-09,206.8054962158203,209.80999755859375,210.14332580566406,205.75,206.96665954589844,3518700
2024-02-12,206.4309539794922,209.42999267578125,213.30667114257812,208.586669921875,209.8333282470703,4299900
2024-02-13,202.18923950195312,205.1266632080078,207.34666442871094,202.36666870117188,203.35667419433594,6551400
2024-02-14,206.75619506835938,209.75999450683594,209.86666870117188,206.85333251953125,207.7566680908203,3236400
2024-02-15,206.55906677246094,209.55999755859375,211.3800048828125,208.6300048828125,211.1233367919922,2845500
2024-02-16,205.38941955566406,208.3733367919922,212.75,207.7566680908203,211.13333129882812,4103100
2024-02-20,201.9329376220703,204.86666870117188,207.16000366210938,201.7100067138672,206.4199981689453,5547600
2024-02-21,201.4696807861328,204.39666748046875,204.44667053222656,201.47999572753906,202.5500030517578,4471500
2024-02-22,211.3987579345703,214.47000122070312,215.6266632080078,211.50332641601562,212.44332885742188,6676500
2024-02-23,209.11856079101562,212.1566619873047,216.66000366210938,211.02667236328125,215.5500030517578,5105100
2024-02-26,211.1819305419922,214.25,215.2066650390625,212.75999450683594,214.29666137695312,3759000
2024-02-27,210.97164916992188,214.0366668701172,215.8333282470703,213.48333740234375,215.28334045410156,4560900
2024-02-28,208.59945678710938,211.6300048828125,212.75999450683594,210.6366729736328,211.6666717529297,2923800
2024-02-29,214.2506561279297,217.3633270263672,217.8000030517578,213.5833282470703,214.25332641601562,3382800
2024-03-01,223.36819458007812,226.6133270263672,227.58999633789062,219.6266632080078,219.8766632080078,6123000
2024-03-04,225.56298828125,228.83999633789062,231.3433380126953,227.57666015625,229.1266632080078,7328400
2024-03-05,221.1405792236328,224.35333251953125,227.64332580566406,221.89332580566406,226.07333374023438,7260000
2024-03-06,226.574951171875,229.86666870117188,232.28334045410156,227.31333923339844,229.02667236328125,5531700
2024-03-07,234.3453826904297,237.75,238.7100067138672,232.64999389648438,232.7899932861328,4799600
2024-03-08,224.86314392089844,228.1300048828125,240.00999450683594,227.97000122070312,238.5500030517578,10483000
2024-03-11,221.87657165527344,225.10000610351562,226.7899932861328,222.52000427246094,225.5,4499800
2024-03-12,226.4796600341797,229.77000427246094,229.88999938964844,223.99000549316406,227.97999572753906,3598400
2024-03-13,220.95985412597656,224.1699981689453,227.3699951171875,222.80999755859375,227.0500030517578,3264600
2024-03-14,217.1846923828125,220.33999633789062,224.83999633789062,218.1199951171875,223.57000732421875,4662100
2024-03-15,215.6273193359375,218.75999450683594,221.3699951171875,217.10000610351562,217.39999389648438,4105300
2024-03-18,215.45974731445312,218.58999633789062,223.33999633789062,218.3699951171875,222.5,3143300
2024-03-19,213.65594482421875,216.75999450683594,217.69000244140625,212.64999389648438,215.75,3558700
2024-03-20,217.29312133789062,220.4499969482422,221.02999877929688,215.52999877929688,217.27999877929688,3386600
2024-03-21,222.18214416503906,225.17999267578125,229.27999877929688,224.75999450683594,227.3699951171875,4059800
2024-03-22,222.4485626220703,225.4499969482422,227.10000610351562,223.4499969482422,224.16000366210938,2658900
2024-03-25,221.58030700683594,224.57000732421875,226.61000061035156,221.7100067138672,222.25,2283500
2024-03-26,219.91278076171875,222.8800048828125,226.8800048828125,222.8300018310547,226.19000244140625,4414200
2024-03-27,222.6754913330078,225.67999267578125,225.75999450683594,221.39999389648438,225.38999938964844,4161700
2024-03-28,222.9123077392578,225.9199981689453,227.0,224.91000366210938,225.4199981689453,1794300
2024-04-01,225.26058959960938,228.3000030517578,231.4499969482422,226.05999755859375,226.05999755859375,3000900
2024-04-02,221.7874755859375,224.77999877929688,225.25999450683594,222.39999389648438,224.5399932861328,2383500
2024-04-03,222.40908813476562,225.41000366210938,226.99000549316406,222.13999938964844,222.1699981689453,1860600
2024-04-04,216.11402893066406,219.02999877929688,229.1699981689453,218.55999755859375,228.50999450683594,3744000
2024-04-05,218.67942810058594,221.6300048828125,223.0,218.5800018310547,220.0,2428300
2024-04-08,219.24183654785156,222.1999969482422,224.11000061035156,221.30999755859375,222.94000244140625,1866900
2024-04-09,221.60000610351562,224.58999633789062,225.3000030517578,220.75999450683594,224.44000244140625,3170100
2024-04-10,217.55458068847656,220.49000549316406,223.42999267578125,219.22999572753906,220.83999633789062,3610500
2024-04-11,222.46829223632812,225.47000122070312,225.8699951171875,220.05999755859375,221.8800048828125,2455300
2024-04-12,215.16680908203125,218.07000732421875,221.75999450683594,217.63999938964844,221.49000549316406,3210400
2024-04-15,212.44357299804688,215.30999755859375,221.86000061035156,214.24000549316406,221.0500030517578,3170800
2024-04-16,214.05186462402344,216.94000244140625,218.0,214.50999450683594,215.39999389648438,2452300
2024-04-17,207.55946350097656,210.36000061035156,217.44000244140625,209.89999389648438,217.10000610351562,4798600
2024-04-18,203.8791046142578,206.6300048828125,210.22999572753906,205.97000122070312,208.86000061035156,5372700
2024-04-19,195.74879455566406,198.38999938964844,206.1199951171875,197.42999267578125,204.8000030517578,6406600
2024-04-22,198.9752655029297,201.66000366210938,203.11000061035156,198.02000427246094,200.44000244140625,4493800
2024-04-23,203.12924194335938,205.8699951171875,206.86000061035156,202.5,203.0500030517578,3645400
2024-04-24,205.76368713378906,208.5399932861328,212.5,206.74000549316406,211.3800048828125,4077600
2024-04-25,209.58218383789062,212.41000366210938,213.8300018310547,206.92999267578125,208.0399932861328,3902900
2024-04-26,214.0124053955078,216.89999389648438,217.82000732421875,211.66000366210938,212.14999389648438,3812600
2024-04-29,215.64041137695312,218.5500030517578,218.75999450683594,214.97000122070312,216.52000427246094,3247300
2024-04-30,211.14111328125,213.99000549316406,220.0,213.92999267578125,217.60000610351562,3583500
2024-05-01,204.00738525390625,206.75999450683594,213.83999633789062,205.58999633789062,210.00999450683594,7023200
2024-05-02,208.59547424316406,211.41000366210938,212.16000366210938,206.52000427246094,210.3000030517578,3955500
2024-05-03,213.29209899902344,216.1699981689453,217.41000366210938,214.47999572753906,215.85000610351562,3467100
2024-05-06,217.72232055664062,220.66000366210938,220.67999267578125,217.16000366210938,218.00999450683594,2441500
2024-05-07,215.79827880859375,218.7100067138672,221.57000732421875,218.7100067138672,220.97999572753906,2859500
2024-05-08,216.0054931640625,218.9199981689453,219.1300048828125,216.3699951171875,216.60000610351562,3212000
2024-05-09,215.19639587402344,218.10000610351562,219.33999633789062,217.05999755859375,218.92999267578125,1874300
2024-05-10,217.30792236328125,220.24000549316406,222.4199981689453,219.27000427246094,220.49000549316406,3079200
2024-05-13,217.76181030273438,220.6999969482422,222.0800018310547,220.3300018310547,221.1999969482422,1843200
2024-05-14,221.3829345703125,224.3699951171875,224.55999755859375,220.32000732421875,220.52999877929688,2149400
2024-05-15,227.59906005859375,230.6699981689453,230.82000732421875,225.5,226.75,3106200
2024-05-16,226.48411560058594,229.5399932861328,232.44000244140625,229.4600067138672,230.6199951171875,2878400
2024-05-17,225.20143127441406,228.24000549316406,231.39999389648438,226.4199981689453,231.0,1806100
2024-05-20,230.15460205078125,233.25999450683594,234.72000122070312,228.85000610351562,229.27000427246094,2555300
2024-05-21,229.41456604003906,232.50999450683594,232.88999938964844,230.07000732421875,230.17999267578125,2178700
2024-05-22,232.1082305908203,235.24000549316406,235.85000610351562,232.80999755859375,234.6699981689453,3488500
2024-05-23,230.8057861328125,233.9199981689453,240.9199981689453,232.16000366210938,240.8300018310547,4704800
2024-05-24,235.3839874267578,238.55999755859375,239.35000610351562,235.0,236.0399932861328,2450100
2024-05-28,239.3603515625,242.58999633789062,243.6300048828125,238.85000610351562,241.35000610351562,2824200
2024-05-29,234.41708374023438,237.5800018310547,239.17999267578125,237.25999450683594,238.1300048828125,2061100
2024-05-30,232.78904724121094,235.92999267578125,238.3300018310547,234.69000244140625,237.64999389648438,1536800
2024-05-31,230.8946075439453,234.00999450683594,237.36000061035156,227.5,236.77999877929688,2991000
2024-06-03,231.26954650878906,234.38999938964844,237.9499969482422,230.1999969482422,237.8000030517578,1815900
2024-06-04,229.46389770507812,232.55999755859375,234.36000061035156,230.7899932861328,234.0,2246900
2024-06-05,239.49851989746094,242.72999572753906,242.88999938964844,235.86000061035156,236.6999969482422,3749400
2024-06-06,237.53500366210938,240.74000549316406,242.97000122070312,238.94000244140625,242.97000122070312,2261300
2024-06-07,236.82460021972656,240.02000427246094,241.5500030517578,238.35000610351562,240.83999633789062,2052600
2024-06-10,240.238525390625,243.47999572753906,244.1699981689453,237.8300018310547,238.16000366210938,1824300
2024-06-11,240.4361114501953,243.3699951171875,243.7100067138672,239.5,241.89999389648438,1662100
2024-06-12,247.21343994140625,250.22999572753906,251.16000366210938,247.1699981689453,247.6999969482422,3101600
2024-06-13,249.900634765625,252.9499969482422,254.0800018310547,249.50999450683594,252.05999755859375,3469400
2024-06-14,249.00157165527344,252.0399932861328,252.77999877929688,249.72999572753906,250.8000030517578,2567600
2024-06-17,252.93360900878906,256.0199890136719,256.5,250.6199951171875,253.72999572753906,3057900
2024-06-18,256.1543273925781,259.2799987792969,260.6499938964844,256.489990234375,257.0,3071500
2024-06-20,249.19920349121094,252.24000549316406,260.1199951171875,250.82000732421875,259.6600036621094,3921500
2024-06-21,246.76882934570312,249.77999877929688,252.69000244140625,246.94000244140625,250.13999938964844,3156800
2024-06-24,239.7247772216797,242.64999389648438,249.0399932861328,242.52000427246094,247.52999877929688,3958300
2024-06-25,243.4098358154297,246.3800048828125,246.52000427246094,241.7899932861328,244.60000610351562,2551800
2024-06-26,242.46142578125,245.4199981689453,247.66000366210938,242.7100067138672,246.2100067138672,1933800
2024-06-27,241.21658325195312,244.16000366210938,246.75,242.6999969482422,244.94000244140625,2363600
2024-06-28,243.6568145751953,246.6300048828125,251.4600067138672,244.6699981689453,245.85000610351562,3851300
2024-07-01,243.64695739746094,246.6199951171875,246.91000366210938,241.97000122070312,246.49000549316406,2330400
2024-07-02,247.0751190185547,250.08999633789062,250.1699981689453,245.0,245.1999969482422,1617400
2024-07-03,251.19482421875,254.25999450683594,255.5800018310547,249.3800048828125,250.72000122070312,1392200
2024-07-05,251.68881225585938,254.75999450683594,256.8299865722656,253.27999877929688,256.2799987792969,1823900
2024-07-08,256.4606018066406,259.5899963378906,259.8999938964844,256.69000244140625,256.7099914550781,2295500
2024-07-09,256.3420104980469,259.4700012207031,262.0799865722656,257.1300048828125,260.75,2374700
2024-07-10,262.2894287109375,265.489990234375,266.0,260.5799865722656,261.8699951171875,3075800
2024-07-11,253.66470336914062,256.760009765625,267.239990234375,255.97000122070312,267.1499938964844,4689600
2024-07-12,256.7569885253906,259.8900146484375,264.4200134277344,256.55999755859375,257.8399963378906,2929500
2024-07-15,257.0434875488281,260.17999267578125,263.6300048828125,258.5899963378906,261.3500061035156,3202200
2024-07-16,258.6340637207031,261.7900085449219,262.1400146484375,257.5899963378906,261.5299987792969,2595100
2024-07-17,240.238525390625,243.1699981689453,253.66000366210938,242.77999877929688,252.75,9101600
2024-07-18,240.95973205566406,243.89999389648438,247.52000427246094,239.64999389648438,247.41000366210938,5274000
2024-07-19,233.5896453857422,236.44000244140625,243.6999969482422,236.0399932861328,243.55999755859375,4983500
2024-07-22,243.2715301513672,246.24000549316406,246.44000244140625,239.5,241.52000427246094,4941700
2024-07-23,239.64576721191406,242.57000732421875,245.0800018310547,241.83999633789062,242.88999938964844,2418700
2024-07-24,226.90126037597656,229.6699981689453,239.88999938964844,229.35000610351562,239.25999450683594,5738900
2024-07-25,221.84298706054688,224.5500030517578,232.05999755859375,220.6300048828125,227.7100067138672,8437600
2024-07-26,226.60488891601562,229.3699951171875,231.2100067138672,226.91000366210938,229.6699981689453,3805500
2024-07-29,226.13067626953125,228.88999938964844,234.8300018310547,228.02999877929688,231.60000610351562,2926800
2024-07-30,217.92088317871094,220.5800018310547,230.55999755859375,219.82000732421875,230.0,8083500
2024-07-31,232.54244995117188,235.3800048828125,235.60000610351562,228.97000122070312,230.72000122070312,7494100
2024-08-01,215.7869110107422,218.4199981689453,233.2100067138672,215.58999633789062,231.39999389648438,8576300
2024-08-02,204.3168487548828,206.80999755859375,211.4499969482422,204.2100067138672,209.05999755859375,13105400
2024-08-05,200.7108612060547,203.16000366210938,208.67999267578125,192.8699951171875,193.08999633789062,9247100
2024-08-06,202.52867126464844,205.0,210.47999572753906,201.74000549316406,205.05999755859375,6602300
2024-08-07,196.8874969482422,199.2899932861328,213.17999267578125,198.85000610351562,211.5,5292500
2024-08-08,210.4717559814453,213.0399932861328,213.25999450683594,201.24000549316406,205.47000122070312,6243200
2024-08-09,209.22695922851562,211.77999877929688,213.67999267578125,208.75,211.49000549316406,3454500
2024-08-12,210.43223571777344,213.0,215.5500030517578,210.3000030517578,212.10000610351562,4365200
2024-08-13,218.97796630859375,221.64999389648438,221.97999572753906,214.6699981689453,215.99000549316406,4525400
2024-08-14,218.4246826171875,221.08999633789062,224.5399932861328,217.49000549316406,223.64999389648438,3769900
2024-08-15,228.92654418945312,231.72000122070312,232.6199951171875,225.0399932861328,226.07000732421875,4332100
2024-08-16,228.44247436523438,231.22999572753906,232.22000122070312,228.02999877929688,229.58999633789062,3966100
2024-08-19,232.3251190185547,235.16000366210938,235.1999969482422,227.66000366210938,230.3300018310547,2197800
2024-08-20,229.25257873535156,232.0500030517578,235.5500030517578,230.27000427246094,233.9499969482422,2587700
2024-08-21,232.50291442871094,235.33999633789062,236.50999450683594,232.63999938964844,233.2100067138672,1832200
2024-08-22,224.55984497070312,227.3000030517578,237.5,226.6199951171875,236.6999969482422,2969600
2024-08-23,230.576416015625,233.38999938964844,235.0,229.6999969482422,230.9199981689453,3452900
2024-08-26,224.78709411621094,227.52999877929688,233.2100067138672,226.6999969482422,232.47000122070312,2148200
2024-08-27,227.27670288085938,230.0500030517578,230.80999755859375,223.80999755859375,225.8800048828125,2024700
2024-08-28,223.17672729492188,225.89999389648438,230.6999969482422,223.6199951171875,229.08999633789062,3480000
2024-08-29,222.53453063964844,225.25,231.02000427246094,224.2100067138672,227.10000610351562,4084600
2024-08-30,228.35354614257812,231.13999938964844,231.75,227.27999877929688,230.55999755859375,3249700
2024-09-03,210.9261932373047,213.5,226.8300018310547,212.27999877929688,226.8000030517578,7214300
2024-09-04,211.6177520751953,214.1999969482422,217.49000549316406,210.52000427246094,211.11000061035156,4435800
2024-09-05,210.4816436767578,213.0500030517578,216.3800048828125,210.86000061035156,211.1999969482422,3988300
2024-09-06,201.4715576171875,203.92999267578125,211.61000061035156,202.86000061035156,211.4499969482422,5596300
2024-09-09,205.4530029296875,207.9600067138672,208.67999267578125,204.55999755859375,207.24000549316406,4078600
2024-09-10,207.61659240722656,210.14999389648438,210.3800048828125,204.9600067138672,208.33999633789062,2390600
2024-09-11,217.25892639160156,219.91000366210938,220.33999633789062,207.1699981689453,211.58999633789062,6521400
2024-09-12,216.30064392089844,218.94000244140625,220.97000122070312,215.6300048828125,218.6999969482422,4739100
2024-09-13,220.1634979248047,222.85000610351562,223.4499969482422,220.32000732421875,220.85000610351562,5268000
2024-09-16,217.2292938232422,219.8800048828125,221.0,217.0399932861328,219.6699981689453,2469800
2024-09-17,217.49603271484375,220.14999389648438,223.1699981689453,218.22999572753906,222.64999389648438,2304100
2024-09-18,215.09535217285156,217.72000122070312,224.2100067138672,217.5,221.17999267578125,4671900
2024-09-19,224.25360107421875,226.99000549316406,230.05999755859375,224.16000366210938,225.97000122070312,4624700
2024-09-20,220.97361755371094,223.6699981689453,225.57000732421875,220.44000244140625,224.7100067138672,4550800
2024-09-23,221.83311462402344,224.5399932861328,225.5500030517578,222.9499969482422,224.75,2454200
2024-09-24,224.5203094482422,227.25999450683594,228.6300048828125,223.97000122070312,226.5500030517578,4314700
2024-09-25,226.0672607421875,228.27000427246094,229.77000427246094,225.85000610351562,225.97999572753906,2191200
2024-09-26,234.1485137939453,236.42999267578125,238.3800048828125,230.2899932861328,237.72000122070312,5537400
2024-09-27,230.43470764160156,232.67999267578125,237.17999267578125,231.47000122070312,237.14999389648438,2303600
2024-09-30,228.36485290527344,230.58999633789062,232.11000061035156,227.3000030517578,229.7899932861328,2693300
2024-10-01,221.9672088623047,224.1300048828125,231.1999969482422,222.3300018310547,230.5,3926500
2024-10-02,224.9580535888672,227.14999389648438,229.64999389648438,223.25999450683594,224.57000732421875,1762100
2024-10-03,225.76026916503906,227.9600067138672,230.8300018310547,225.2100067138672,225.36000061035156,2110700
2024-10-04,228.85012817382812,231.0800018310547,232.8800048828125,228.38999938964844,232.49000549316406,2685000
2024-10-07,228.22622680664062,230.4499969482422,232.25999450683594,228.77999877929688,229.60000610351562,2006800
2024-10-08,230.47433471679688,232.72000122070312,233.5399932861328,228.94000244140625,230.4499969482422,2508500
2024-10-09,232.88084411621094,235.14999389648438,235.47999572753906,230.8800048828125,232.49000549316406,2019100
2024-10-10,231.24676513671875,233.5,234.7899932861328,230.64999389648438,231.99000549316406,1886400
2024-10-11,233.1879119873047,235.4600067138672,236.19000244140625,231.6699981689453,231.7899932861328,4572900
2024-10-14,237.48599243164062,239.8000030517578,240.2899932861328,236.80999755859375,236.9600067138672,2142500
2024-10-15,225.16604614257812,227.36000061035156,240.47000122070312,225.72000122070312,239.24000549316406,6421200
2024-10-16,225.16604614257812,227.36000061035156,230.1199951171875,226.41000366210938,230.1199951171875,3776600
2024-10-17,226.93875122070312,229.14999389648438,233.8699951171875,229.14999389648438,233.3000030517578,2407800
2024-10-18,227.146728515625,229.36000061035156,231.30999755859375,228.4199981689453,231.3000030517578,1643700
2024-10-21,226.72088623046875,228.92999267578125,229.5399932861328,225.97999572753906,228.44000244140625,2034300
2024-10-22,225.8791046142578,228.0800018310547,228.80999755859375,226.27999877929688,227.67999267578125,2476400
2024-10-23,223.85877990722656,226.0399932861328,228.50999450683594,222.8699951171875,227.64999389648438,2260000
2024-10-24,225.10662841796875,227.3000030517578,228.2100067138672,225.5800018310547,228.07000732421875,2247900
2024-10-25,227.36459350585938,229.5800018310547,233.07000732421875,229.3699951171875,229.4499969482422,2209600
2024-10-28,227.50326538085938,229.72000122070312,231.30999755859375,228.3699951171875,229.5,1508500
2024-10-29,233.09872436523438,235.3699951171875,236.4600067138672,228.86000061035156,229.9199981689453,3135000
2024-10-30,224.8788299560547,227.07000732421875,230.74000549316406,226.97999572753906,229.2899932861328,4324400
2024-10-31,216.1538543701172,218.25999450683594,224.99000549316406,216.55999755859375,224.89999389648438,6120800
2024-11-01,218.4514617919922,220.5800018310547,222.75999450683594,219.30999755859375,220.02000427246094,2130100
2024-11-04,217.1937255859375,219.30999755859375,222.4600067138672,218.5,219.92999267578125,1727700
2024-11-05,219.72900390625,221.8699951171875,222.07000732421875,219.13999938964844,219.41000366210938,2273700
2024-11-06,226.1365966796875,228.33999633789062,229.1699981689453,224.30999755859375,226.36000061035156,3644000
2024-11-07,230.8506622314453,233.10000610351562,233.41000366210938,231.32000732421875,231.8300018310547,3154600
2024-11-08,229.12744140625,231.36000061035156,233.19000244140625,230.13999938964844,231.8300018310547,1769200
2024-11-11,223.39332580566406,225.57000732421875,229.17999267578125,222.77999877929688,229.17999267578125,4250400
2024-11-12,220.95703125,223.11000061035156,225.14999389648438,220.14999389648438,224.77999877929688,3259700
2024-11-13,216.26278686523438,218.3699951171875,222.1300048828125,217.97000122070312,221.5,3057500
2024-11-14,216.13404846191406,218.24000549316406,221.3699951171875,217.83999633789062,220.5,2523600
2024-11-15,209.17190551757812,211.2100067138672,215.6699981689453,210.58999633789062,214.57000732421875,4748200
2024-11-18,211.87554931640625,213.94000244140625,214.3300018310547,210.24000549316406,211.14999389648438,2422300
2024-11-19,212.28158569335938,214.35000610351562,214.80999755859375,212.47000122070312,213.3300018310547,2363400
2024-11-20,210.65744018554688,212.7100067138672,213.67999267578125,209.64999389648438,213.07000732421875,3995000
2024-11-21,213.99490356445312,216.0800018310547,217.25999450683594,210.89999389648438,215.0500030517578,4245400
2024-11-22,214.0840301513672,216.1699981689453,216.6999969482422,214.55999755859375,215.6199951171875,2672600
2024-11-25,216.1736602783203,218.27999877929688,220.3000030517578,216.8800048828125,218.97000122070312,2787700
2024-11-26,213.3709716796875,215.4499969482422,220.58999633789062,213.77000427246094,220.0,2783900
2024-11-27,210.5088348388672,212.55999755859375,214.41000366210938,208.88999938964844,214.25,3122300
2024-11-29,213.32142639160156,215.39999389648438,218.02000427246094,214.0800018310547,214.1199951171875,2505300
2024-12-02,218.9268341064453,221.05999755859375,222.47000122070312,216.52000427246094,216.6999969482422,3707000
2024-12-03,217.68890380859375,219.80999755859375,221.05999755859375,219.02000427246094,219.64999389648438,1914900
2024-12-04,220.57081604003906,222.72000122070312,224.32000732421875,221.13999938964844,224.14999389648438,2681200
2024-12-05,216.40142822265625,218.50999450683594,222.66000366210938,217.88999938964844,222.3300018310547,2422000
2024-12-06,217.70870971679688,219.8300018310547,220.3800048828125,218.0,218.60000610351562,1822900
2024-12-09,216.658935546875,218.77000427246094,221.5399932861328,217.3800048828125,218.5,1574800
2024-12-10,211.5091094970703,213.57000732421875,219.5800018310547,212.19000244140625,219.42999267578125,2566600
2024-12-11,216.82730102539062,218.94000244140625,220.22999572753906,215.39999389648438,216.72999572753906,3233900
2024-12-12,215.1437225341797,217.24000549316406,218.17999267578125,215.4600067138672,217.38999938964844,2680200
2024-12-13,221.14523315429688,223.3000030517578,224.66000366210938,220.00999450683594,222.3000030517578,3720600
2024-12-16,225.24525451660156,227.44000244140625,228.5800018310547,222.38999938964844,224.00999450683594,4774000
2024-12-17,222.0592498779297,223.8699951171875,226.17999267578125,222.55999755859375,224.83999633789062,2397300
2024-12-18,213.84620666503906,215.58999633789062,227.16000366210938,213.9499969482422,225.35000610351562,4426000
2024-12-19,210.25550842285156,211.97000122070312,216.55999755859375,211.4499969482422,216.08999633789062,3255700
2024-12-20,213.08245849609375,214.82000732421875,217.77999877929688,210.3000030517578,210.80999755859375,4681100
2024-12-23,219.52987670898438,221.32000732421875,221.60000610351562,216.47000122070312,216.47000122070312,3044300
2024-12-24,221.79144287109375,223.60000610351562,223.67999267578125,221.35000610351562,222.77999877929688,1252300
2024-12-26,221.7220001220703,223.52999877929688,224.9499969482422,221.69000244140625,221.97999572753906,1303500
2024-12-27,219.84725952148438,221.63999938964844,222.72000122070312,218.85000610351562,222.19000244140625,1933000
2024-12-30,215.5225372314453,217.27999877929688,219.30999755859375,215.6699981689453,217.83999633789062,2566900
2024-12-31,213.7470245361328,215.49000549316406,218.82000732421875,214.63999938964844,217.92999267578125,1354500
2025-01-02,215.06626892089844,216.82000732421875,220.22000122070312,214.9600067138672,217.67999267578125,2409100
2025-01-03,220.67056274414062,222.47000122070312,223.0399932861328,217.9600067138672,218.25,2623200
2025-01-06,227.05848693847656,228.91000366210938,231.8000030517578,227.25999450683594,227.25999450683594,4176500
2025-01-07,223.96372985839844,225.7899932861328,231.88999938964844,224.55999755859375,231.6999969482422,3694800
2025-01-08,221.73191833496094,223.5399932861328,225.4600067138672,221.11000061035156,225.0500030517578,3141400
2025-01-10,216.43511962890625,218.1999969482422,220.8800048828125,216.77999877929688,220.74000549316406,4038000
2025-01-13,215.77052307128906,217.52999877929688,217.83999633789062,213.66000366210938,213.85000610351562,2310000
2025-01-14,217.18896484375,218.9600067138672,220.75,216.1199951171875,219.35000610351562,1492800
2025-01-15,221.40457153320312,223.2100067138672,224.64999389648438,221.6699981689453,222.47999572753906,2900200
2025-01-16,221.73191833496094,223.5399932861328,227.7899932861328,223.52999877929688,227.25,3029500
2025-01-17,227.88177490234375,229.74000549316406,230.32000732421875,227.36000061035156,228.5800018310547,3785500
2025-01-21,230.5698699951172,232.4499969482422,234.5800018310547,229.8000030517578,231.80999755859375,3201500
2025-01-22,233.9026641845703,235.80999755859375,238.33999633789062,234.32000732421875,234.8300018310547,3461100
2025-01-23,233.46620178222656,235.3699951171875,235.3800048828125,231.17999267578125,232.02999877929688,2567100
2025-01-24,228.77450561523438,230.63999938964844,235.47999572753906,229.7100067138672,235.47999572753906,2229900
2025-01-27,210.830810546875,212.5500030517578,219.61000061035156,209.74000549316406,219.0,16943600
2025-01-28,211.7731170654297,213.5,214.77000427246094,208.97999572753906,213.6199951171875,9118300
2025-01-29,212.64598083496094,214.3800048828125,216.17999267578125,212.14999389648438,215.55999755859375,2430800
2025-01-30,216.9707489013672,218.74000549316406,219.99000549316406,215.75999450683594,217.00999450683594,4653800
2025-01-31,216.36566162109375,218.1300048828125,224.2899932861328,217.47000122070312,219.99000549316406,3867800
2025-02-03,212.4674530029297,214.1999969482422,216.85000610351562,210.9600067138672,212.38999938964844,3646800
2025-02-04,214.649658203125,216.39999389648438,217.27000427246094,213.42999267578125,213.72000122070312,3742300
2025-02-05,218.80577087402344,220.58999633789062,221.0399932861328,214.47999572753906,215.8300018310547,2200500
2025-02-06,218.5181121826172,220.3000030517578,220.6999969482422,217.8800048828125,219.0500030517578,3111700
2025-02-07,215.11585998535156,216.8699951171875,222.0800018310547,215.38999938964844,220.80999755859375,3297400
2025-02-10,217.92295837402344,219.6999969482422,220.25,218.4199981689453,218.4499969482422,2698600
2025-02-11,218.12135314941406,219.89999389648438,221.1699981689453,217.88999938964844,217.88999938964844,1549700
2025-02-12,218.35940551757812,220.13999938964844,220.22000122070312,215.9499969482422,216.44000244140625,2017500
2025-02-13,221.03756713867188,222.83999633789062,222.99000549316406,219.88999938964844,219.9499969482422,2546800
2025-02-14,221.26573181152344,223.07000732421875,223.77000427246094,221.9199981689453,222.82000732421875,1566200
2025-02-18,224.92587280273438,226.75999450683594,227.47000122070312,223.47000122070312,224.6999969482422,3605000
2025-02-19,228.66537475585938,230.52999877929688,231.6199951171875,226.25999450683594,227.14999389648438,2635700
2025-02-20,229.2010040283203,231.07000732421875,233.44000244140625,228.75,232.0,2642300
2025-02-21,222.16836547851562,223.97999572753906,231.85000610351562,223.1300048828125,231.75999450683594,2947000
2025-02-24,216.95091247558594,218.72000122070312,225.33999633789062,218.5399932861328,224.97000122070312,3372800
2025-02-25,212.47740173339844,214.2100067138672,219.22000122070312,213.5800018310547,218.4499969482422,3514200
2025-02-26,216.17718505859375,217.94000244140625,219.8000030517578,215.5800018310547,216.9499969482422,2562600
2025-02-27,203.58984375,205.25,219.5,204.9199981689453,219.17999267578125,4349100
2025-02-28,206.8334197998047,208.52000427246094,210.0500030517578,203.1199951171875,205.3699951171875,3722100
2025-03-03,199.52301025390625,201.14999389648438,211.64999389648438,199.32000732421875,211.50999450683594,5067800
2025-03-04,200.63394165039062,202.27000427246094,207.6199951171875,196.6999969482422,200.8000030517578,5487900
2025-03-05,204.95867919921875,206.6300048828125,207.2899932861328,200.57000732421875,204.5399932861328,3312100
2025-03-06,196.43817138671875,198.0399932861328,203.72000122070312,197.3300018310547,199.5800018310547,5088700
2025-03-07,202.20118713378906,203.85000610351562,204.5399932861328,196.47999572753906,198.8000030517578,3713300
2025-03-10,192.84744262695312,194.4199981689453,200.27999877929688,191.55999755859375,198.82000732421875,5410800
2025-03-11,190.5660400390625,192.1199951171875,196.30999755859375,189.11000061035156,194.52000427246094,3776600
2025-03-12,194.49403381347656,196.0800018310547,198.69000244140625,194.32000732421875,196.6999969482422,3143000
2025-03-13,193.52194213867188,195.10000610351562,199.24000549316406,193.17999267578125,196.07000732421875,2504200
2025-03-14,199.49327087402344,201.1199951171875,201.7100067138672,198.32000732421875,198.5,3696800
2025-03-17,202.78640747070312,204.44000244140625,206.25999450683594,200.2100067138672,200.30999755859375,2743100
2025-03-18,200.09588623046875,201.47000122070312,203.0500030517578,200.17999267578125,202.11000061035156,2470800
2025-03-19,201.72470092773438,203.11000061035156,206.42999267578125,200.0,201.5,2330800
2025-03-20,200.11575317382812,201.49000549316406,203.72000122070312,200.36000061035156,200.52000427246094,2265900
2025-03-21,198.0201416015625,199.3800048828125,200.13999938964844,196.3699951171875,197.94000244140625,2873400
2025-03-24,203.89974975585938,205.3000030517578,206.66000366210938,203.3300018310547,203.57000732421875,3947000
2025-03-25,202.79734802246094,204.19000244140625,205.7100067138672,203.55999755859375,205.0500030517578,1419100
2025-03-26,197.11634826660156,198.47000122070312,204.05999755859375,196.44000244140625,203.22000122070312,3595300
2025-03-27,193.23300170898438,194.55999755859375,197.0399932861328,193.3800048828125,195.8699951171875,3545900
2025-03-28,187.39309692382812,188.67999267578125,194.24000549316406,187.44000244140625,193.2899932861328,4122300
2025-03-31,186.8865966796875,188.1699981689453,188.3000030517578,182.1199951171875,184.6999969482422,3843000
2025-04-01,186.98593139648438,188.27000427246094,188.33999633789062,183.8000030517578,187.4499969482422,3108800
2025-04-02,188.1876678466797,189.47999572753906,192.02000427246094,184.72999572753906,185.38999938964844,2784800
2025-04-03,169.1980743408203,170.36000061035156,181.13999938964844,169.99000549316406,179.75,9982600
2025-04-04,156.5548858642578,157.6300048828125,165.77000427246094,154.61000061035156,163.9199981689453,13988400
2025-04-07,160.17007446289062,161.27000427246094,170.4199981689453,148.30999755859375,152.02999877929688,18686500
2025-04-08,153.8037872314453,154.86000061035156,169.85000610351562,151.11000061035156,167.63999938964844,11023300
2025-04-09,182.3676300048828,183.6199951171875,185.55999755859375,154.94000244140625,156.10000610351562,23539500
2025-04-10,167.45999145507812,168.61000061035156,175.64999389648438,162.38999938964844,174.55999755859375,14499000
2025-04-11,171.08509826660156,172.25999450683594,173.11000061035156,164.4199981689453,166.97999572753906,9890900
2025-04-14,172.21731567382812,173.39999389648438,177.5500030517578,170.7899932861328,177.5500030517578,5657400
2025-04-15,172.9224853515625,174.11000061035156,176.6300048828125,173.25,174.32000732421875,3201100
2025-04-16,166.24830627441406,167.38999938964844,169.5800018310547,161.8300018310547,166.3300018310547,10205000
2025-04-17,165.41403198242188,166.5500030517578,168.75,164.80999755859375,168.57000732421875,4921000
2025-04-21,162.52391052246094,163.63999938964844,163.89999389648438,160.25999450683594,163.13999938964844,4769700
2025-04-22,165.68222045898438,166.82000732421875,168.02000427246094,164.6199951171875,165.22999572753906,4996000
2025-04-23,171.8896026611328,173.07000732421875,177.13999938964844,172.35000610351562,175.25,7323800
2025-04-24,181.7816619873047,183.02999877929688,183.55999755859375,176.5399932861328,177.8000030517578,6873400
2025-04-25,183.54953002929688,184.80999755859375,186.1199951171875,180.66000366210938,181.1999969482422,4224900
2025-04-28,183.2217559814453,184.47999572753906,185.75999450683594,180.44000244140625,183.88999938964844,2875400
2025-04-29,181.26519775390625,182.50999450683594,184.5399932861328,181.25,182.24000549316406,3527000
2025-04-30,182.58612060546875,183.83999633789062,184.3800048828125,176.77000427246094,178.0,3580500
2025-05-01,182.33782958984375,183.58999633789062,187.35000610351562,183.47000122070312,186.0,3997600
2025-05-02,188.73390197753906,190.02999877929688,191.8699951171875,187.8300018310547,187.9499969482422,4581400
2025-05-05,187.28387451171875,188.57000732421875,190.4600067138672,187.92999267578125,188.19000244140625,3323200
2025-05-06,185.49615478515625,186.77000427246094,188.25,184.27000427246094,185.25999450683594,2844600
2025-05-07,188.7438201904297,190.0399932861328,190.5800018310547,184.80999755859375,186.5800018310547,3001100
2025-05-08,190.4322509765625,191.74000549316406,195.0399932861328,190.47000122070312,192.50999450683594,3457700
2025-05-09,192.61724853515625,193.94000244140625,195.6300048828125,192.27999877929688,194.47999572753906,2808500
2025-05-12,206.4522247314453,207.8699951171875,209.38999938964844,204.99000549316406,206.8000030517578,10675600
2025-05-13,212.30203247070312,213.75999450683594,214.82000732421875,208.41000366210938,208.6999969482422,5693600
2025-05-14,213.3250274658203,214.7899932861328,216.6999969482422,213.2100067138672,215.2100067138672,4162800
2025-05-15,211.95443725585938,213.41000366210938,215.0,210.91000366210938,212.69000244140625,4216900
2025-05-16,211.67636108398438,213.1300048828125,213.55999755859375,210.67999267578125,213.55999755859375,2521500
2025-05-19,210.40509033203125,211.85000610351562,212.38999938964844,208.1699981689453,208.22000122070312,5334700
2025-05-20,210.09719848632812,211.5399932861328,211.6199951171875,209.41000366210938,210.0399932861328,2968000
2025-05-21,206.2536163330078,207.6699981689453,213.89999389648438,206.35000610351562,209.75,5007700
2025-05-22,204.34669494628906,205.75,209.47000122070312,205.5800018310547,207.52999877929688,5397300
2025-05-23,201.17843627929688,202.55999755859375,203.66000366210938,199.92999267578125,200.47000122070312,9527500
2025-05-27,207.862548828125,209.2899932861328,210.22999572753906,205.27000427246094,206.9600067138672,6057600
2025-05-28,206.81971740722656,208.24000549316406,210.4600067138672,207.75,209.83999633789062,6769200
2025-05-29,207.6638946533203,209.08999633789062,213.1699981689453,207.75,213.02999877929688,8600400
2025-05-30,203.54222106933594,204.94000244140625,207.8699951171875,201.1199951171875,207.82000732421875,10781000
2025-06-02,206.61114501953125,208.02999877929688,208.8300018310547,204.2899932861328,204.4199981689453,6034900
2025-06-03,212.1630096435547,213.6199951171875,214.13999938964844,206.7100067138672,208.14999389648438,8905100
2025-06-04,215.3213348388672,216.8000030517578,217.6199951171875,213.5399932861328,215.38999938964844,7339500
2025-06-05,214.41754150390625,215.88999938964844,220.27999877929688,214.41000366210938,218.47000122070312,10941600
2025-06-06,215.8576202392578,217.33999633789062,220.22999572753906,217.2100067138672,218.0,7582100
2025-06-09,220.94273376464844,222.4600067138672,224.41000366210938,219.1300048828125,219.3300018310547,7712000
2025-06-10,225.7695770263672,227.32000732421875,228.0800018310547,222.99000549316406,223.5399932861328,7676200
2025-06-11,225.0147705078125,226.55999755859375,229.8000030517578,224.27000427246094,228.89999389648438,10405600
2025-06-12,225.3226318359375,226.8699951171875,228.0,224.60000610351562,224.94000244140625,5149200
2025-06-13,219.4529571533203,220.9600067138672,224.5800018310547,220.3000030517578,221.99000549316406,10484600
2025-06-16,226.3836212158203,227.44000244140625,228.5800018310547,223.24000549316406,223.58999633789062,5772500
2025-06-17,224.59197998046875,225.63999938964844,229.63999938964844,225.47999572753906,226.4499969482422,7290000
2025-06-18,225.5076904296875,226.55999755859375,229.19000244140625,225.10000610351562,226.85000610351562,6657600
2025-06-20,224.06442260742188,225.11000061035156,229.0800018310547,222.16000366210938,228.7899932861328,8202300
2025-06-23,225.4579315185547,226.50999450683594,227.88999938964844,221.86000061035156,225.02000427246094,7115100
2025-06-24,234.00804138183594,235.10000610351562,235.36000061035156,230.4600067138672,230.57000732421875,7017500
2025-06-25,236.10824584960938,237.2100067138672,237.24000549316406,234.8000030517578,236.66000366210938,5252500
2025-06-26,237.9595947265625,239.07000732421875,239.64999389648438,237.17999267578125,239.0399932861328,4350100
2025-06-27,237.75059509277344,238.86000061035156,241.22999572753906,236.3699951171875,239.30999755859375,4520500
2025-06-30,237.59132385253906,238.6999969482422,240.1699981689453,237.55999755859375,240.1699981689453,4925300
2025-07-01,236.51632690429688,237.6199951171875,239.17999267578125,234.0800018310547,236.6999969482422,10892900
2025-07-02,241.0153350830078,242.13999938964844,243.1199951171875,237.0,237.08999633789062,5979000
2025-07-03,242.2097625732422,243.33999633789062,244.1999969482422,242.6999969482422,243.14999389648438,3069400
2025-07-07,237.6709442138672,238.77999877929688,242.1300048828125,237.75,241.2899932861328,4859200
2025-07-08,242.2097625732422,243.33999633789062,245.39999389648438,240.11000061035156,241.05999755859375,7276200
2025-07-09,242.9861297607422,244.1199951171875,246.52999877929688,241.8800048828125,244.00999450683594,4415300
2025-07-10,245.4048614501953,246.5500030517578,247.52000427246094,244.27000427246094,246.4199981689453,4868500
2025-07-11,245.02662658691406,246.1699981689453,247.07000732421875,244.05999755859375,245.00999450683594,2649600
2025-07-14,242.69747924804688,243.8300018310547,244.74000549316406,240.35000610351562,244.14999389648438,5522600
2025-07-15,245.11619567871094,246.25999450683594,249.9600067138672,246.10000610351562,248.7899932861328,6042100
2025-07-16,244.44932556152344,245.58999633789062,245.6699981689453,239.22000122070312,244.27999877929688,8348900
2025-07-17,245.3849639892578,246.52999877929688,247.1300048828125,243.91000366210938,245.5399932861328,4801100
2025-07-18,245.58399963378906,246.72999572753906,248.3699951171875,244.8800048828125,247.9499969482422,3758500
2025-07-21,245.802978515625,246.9499969482422,250.19000244140625,246.9499969482422,247.36000061035156,4672600
2025-07-22,242.40882873535156,243.5399932861328,246.5,240.69000244140625,246.0399932861328,6871000
2025-07-23,240.9357147216797,242.05999755859375,242.39999389648438,239.05999755859375,241.72000122070312,5952600
2025-07-24,240.43804931640625,241.55999755859375,242.08999633789062,239.4600067138672,241.58999633789062,4166800
2025-07-25,240.41810607910156,241.5399932861328,241.6699981689453,239.10000610351562,240.10000610351562,3511400
2025-07-28,244.60858154296875,245.75,246.0,243.91000366210938,244.2100067138672,6433000
2025-07-29,245.04653930664062,246.19000244140625,249.52999877929688,244.5,247.2899932861328,5299700
2025-07-30,246.79833984375,247.9499969482422,249.5,245.8699951171875,248.36000061035156,5300500
2025-07-31,238.91513061523438,240.02999877929688,245.2899932861328,237.66000366210938,245.0399932861328,9419300
2025-08-01,236.1381072998047,237.24000549316406,239.61000061035156,232.3300018310547,235.50999450683594,8549000
2025-08-04,239.28341674804688,240.39999389648438,240.86000061035156,237.77000427246094,238.75999450683594,6189500
2025-08-05,237.62118530273438,238.72999572753906,242.4499969482422,235.8800048828125,241.75999450683594,5149700
2025-08-06,235.82952880859375,236.92999267578125,237.4600067138672,233.6699981689453,236.55999755859375,4966500
2025-08-07,239.72137451171875,240.83999633789062,243.3699951171875,238.88999938964844,242.0399932861328,6073400
2025-08-08,241.741943359375,242.8699951171875,243.17999267578125,240.2899932861328,241.00999450683594,5301300
2025-08-11,241.28407287597656,242.41000366210938,246.50999450683594,241.9499969482422,243.77999877929688,4127900
2025-08-12,248.99810791015625,250.16000366210938,250.3800048828125,242.7100067138672,244.24000549316406,10091500
2025-08-13,252.70082092285156,253.8800048828125,254.10000610351562,251.0399932861328,252.1300048828125,6022400
2025-08-14,252.9595947265625,254.13999938964844,255.05999755859375,250.0500030517578,250.36000061035156,5315700
2025-08-15,247.16664123535156,248.32000732421875,252.27000427246094,247.6199951171875,252.19000244140625,6840100
2025-08-18,247.8932342529297,249.0500030517578,249.33999633789062,247.47999572753906,247.5399932861328,4978200
2025-08-19,244.0113525390625,245.14999389648438,250.0399932861328,244.72000122070312,249.07000732421875,3508000
2025-08-20,242.60792541503906,243.74000549316406,244.63999938964844,237.10000610351562,244.63999938964844,9423100
2025-08-21,241.23431396484375,242.36000061035156,244.1199951171875,241.0,242.47000122070312,4581100
2025-08-22,247.9330596923828,249.08999633789062,251.99000549316406,242.44000244140625,243.1199951171875,6527700
2025-08-25,247.35574340820312,248.50999450683594,249.6300048828125,247.27000427246094,248.85000610351562,3654200
2025-08-26,249.6848907470703,250.85000610351562,251.61000061035156,249.50999450683594,249.57000732421875,3762000
2025-08-27,250.172607421875,251.33999633789062,251.66000366210938,248.82000732421875,249.8800048828125,4195400
2025-08-28,251.3769989013672,252.5500030517578,254.32000732421875,250.89999389648438,252.32000732421875,5060200
2025-08-29,244.1805877685547,245.32000732421875,248.94000244140625,244.1699981689453,248.94000244140625,8672600
2025-09-02,241.70211791992188,242.8300018310547,242.92999267578125,238.14999389648438,238.6699981689453,6659200
2025-09-03,240.55746459960938,241.67999267578125,243.4199981689453,239.22999572753906,243.22999572753906,5473300
2025-09-04,243.03591918945312,244.1699981689453,244.52000427246094,238.75,240.05999755859375,11842200
2025-09-05,245.9025421142578,247.0500030517578,248.5,244.1300048828125,247.85000610351562,17105500
2025-09-08,247.69418334960938,248.85000610351562,249.9199981689453,247.55999755859375,248.41000366210938,10290500
2025-09-09,247.9031982421875,249.05999755859375,249.67999267578125,247.22999572753906,249.11000061035156,9305200
2025-09-10,252.27281188964844,253.4499969482422,254.2100067138672,251.86000061035156,253.02999877929688,13398400
2025-09-11,254.00474548339844,255.19000244140625,256.510009765625,254.6199951171875,254.80999755859375,10286200
2025-09-12,254.45265197753906,255.63999938964844,256.3999938964844,254.16000366210938,255.80999755859375,7144200
2025-09-15,256.60260009765625,257.79998779296875,257.8399963378906,254.52999877929688,255.1999969482422,7239200
2025-09-16,257.92022705078125,258.5799865722656,259.04998779296875,256.5799865722656,258.2900085449219,7543300
2025-09-17,257.870361328125,258.5299987792969,260.739990234375,254.8300018310547,257.94000244140625,6566900
2025-09-18,266.8872985839844,267.57000732421875,268.9800109863281,264.1400146484375,265.05999755859375,12601600
2025-09-19,265.181640625,265.8599853515625,267.3999938964844,263.6000061035156,267.29998779296875,5839100
2025-09-22,269.1415100097656,269.8299865722656,270.6600036621094,266.5799865722656,266.6499938964844,5721400
2025-09-23,268.82232666015625,269.510009765625,272.1300048828125,267.9100036621094,270.7900085449219,6068300
2025-09-24,268.41339111328125,269.1000061035156,269.760009765625,265.6099853515625,268.739990234375,7825500
2025-09-25,267.5555725097656,268.239990234375,268.94000244140625,261.79998779296875,264.5799865722656,11157800
2025-09-26,268.1440734863281,268.8299865722656,269.4200134277344,265.739990234375,268.5299987792969,7244300
2025-09-29,268.2438049316406,268.92999267578125,272.79998779296875,268.8699951171875,271.7200012207031,5954900
2025-09-30,270.42822265625,271.1199951171875,271.45001220703125,267.760009765625,268.8500061035156,7091800
2025-10-01,275.6349182128906,276.3399963378906,276.70001220703125,268.8800048828125,269.3800048828125,9339600
2025-10-02,280.9712829589844,281.69000244140625,282.5400085449219,279.6099853515625,281.5,7250000
2025-10-03,279.2456970214844,279.9599914550781,284.3399963378906,278.4800109863281,282.95001220703125,8629100
2025-10-06,287.6242370605469,288.3599853515625,292.510009765625,288.3500061035156,290.989990234375,11275000
2025-10-07,281.1907043457031,281.9100036621094,291.4800109863281,281.5299987792969,290.9800109863281,9952000
2025-10-08,290.796142578125,291.5400085449219,291.8599853515625,281.4800109863281,282.0,9301700
2025-10-09,289.4495544433594,290.19000244140625,291.6099853515625,287.4700012207031,291.0799865722656,7603500
2025-10-10,271.2959899902344,271.989990234375,291.6300048828125,271.4599914550781,290.82000732421875,26691200
2025-10-13,284.1431579589844,284.8699951171875,285.95001220703125,280.3399963378906,282.7799987792969,8703400
2025-10-14,278.3180236816406,279.0299987792969,284.7699890136719,277.3599853515625,278.5,8476000
2025-10-15,286.9061279296875,287.6400146484375,288.0199890136719,281.8399963378906,286.25,7595200
2025-10-16,288.24267578125,288.9800109863281,292.260009765625,285.94000244140625,291.0799865722656,7410400
2025-10-17,287.4347229003906,288.1700134277344,289.6400146484375,283.7200012207031,286.8900146484375,6261500
2025-10-20,292.22247314453125,292.9700012207031,295.0,290.5,290.6099853515625,5832300
2025-10-21,290.5866394042969,291.3299865722656,292.70001220703125,289.2200012207031,292.5,3965200
2025-10-22,283.405029296875,284.1300048828125,289.8299865722656,278.4599914550781,288.1099853515625,7875300
2025-10-23,290.3173828125,291.05999755859375,291.8599853515625,282.25,282.489990234375,5374800
2025-10-24,295.1051025390625,295.8599853515625,298.2200012207031,295.44000244140625,296.3299865722656,4621200
2025-10-27,303.30413818359375,304.0799865722656,305.010009765625,300.4100036621094,301.42999267578125,5165000
2025-10-28,303.6731872558594,304.45001220703125,305.9700012207031,302.3800048828125,303.4599914550781,4156400
2025-10-29,308.81005859375,309.6000061035156,312.7900085449219,306.9700012207031,309.8699951171875,4503100
2025-10-30,304.6307373046875,305.4100036621094,311.1199951171875,305.3800048828125,307.94000244140625,4630700
2025-10-31,305.767822265625,306.54998779296875,311.32000732421875,304.260009765625,308.70001220703125,5163900
2025-11-03,307.5931701660156,308.3800048828125,311.75,307.1300048828125,310.3999938964844,3750800
2025-11-04,295.5041198730469,296.260009765625,304.75,295.54998779296875,300.3399963378906,5288800
2025-11-05,304.6905822753906,305.4700012207031,309.1700134277344,296.8900146484375,297.2099914550781,4949400
2025-11-06,296.7409362792969,297.5,305.8900146484375,295.3500061035156,305.0,8548300
2025-11-07,293.62890625,294.3800048828125,294.45001220703125,283.5899963378906,292.6400146484375,13798600
2025-11-10,301.2294616699219,302.0,303.3599853515625,298.5400085449219,302.44000244140625,6030800
2025-11-11,294.39691162109375,295.1499938964844,300.0199890136719,294.69000244140625,299.0400085449219,5877900
2025-11-12,298.9053955078125,299.6700134277344,301.69000244140625,297.5,300.2200012207031,4145000
2025-11-13,288.64166259765625,289.3800048828125,297.1300048828125,286.45001220703125,295.94000244140625,10980600
2025-11-14,287.7838134765625,288.5199890136719,292.79998779296875,279.4100036621094,280.6199951171875,7142000
2025-11-17,282.83648681640625,283.55999755859375,291.5299987792969,280.239990234375,286.07000732421875,8188700
2025-11-18,276.2732849121094,276.9800109863281,281.4100036621094,274.0899963378906,279.5400085449219,11103100
2025-11-19,280.8914489746094,281.6099853515625,285.1400146484375,276.82000732421875,278.1400146484375,5108100
2025-11-20,267.41595458984375,268.1000061035156,289.989990234375,267.0,288.8999938964844,13398300
2025-11-21,270.13897705078125,270.8299865722656,274.760009765625,260.44000244140625,268.2699890136719,15355900
2025-11-24,281.9786682128906,282.70001220703125,284.04998779296875,273.6199951171875,273.7799987792969,6424800
2025-11-25,282.8564453125,283.5799865722656,284.3399963378906,272.760009765625,278.9599914550781,5942800
2025-11-26,290.64654541015625,291.3900146484375,294.0799865722656,286.6099853515625,286.7200012207031,5818300
2025-11-28,295.98284912109375,296.739990234375,296.989990234375,291.8299865722656,293.25,3038000
2025-12-01,296.16241455078125,296.9200134277344,299.4200134277344,292.5299987792969,292.8699951171875,3933000
2025-12-02,302.0672912597656,302.8399963378906,304.8399963378906,298.69000244140625,300.45001220703125,5086900
2025-12-03,308.5706481933594,309.3599853515625,309.57000732421875,301.4700012207031,304.5,3867100
2025-12-04,305.49853515625,306.2799987792969,308.2699890136719,304.5899963378906,307.8399963378906,4639700
2025-12-05,308.6105651855469,309.3999938964844,312.8299865722656,308.92999267578125,309.29998779296875,4338100
2025-12-08,311.9620056152344,312.760009765625,314.0799865722656,309.8699951171875,311.92999267578125,3620900
2025-12-09,311.38348388671875,312.17999267578125,312.8500061035156,309.44000244140625,310.7799987792969,2775300
2025-12-10,315.5228576660156,316.3299865722656,317.3500061035156,310.55999755859375,312.010009765625,5093800
2025-12-11,313.7174987792969,314.5199890136719,314.7799987792969,305.7900085449219,312.79998779296875,6504700
2025-12-12,298.71588134765625,299.4800109863281,311.6000061035156,297.9599914550781,310.79998779296875,13813600
2025-12-15,297.2496337890625,298.010009765625,303.5,297.2300109863281,302.6000061035156,5241800
2025-12-16,295.87713623046875,296.20001220703125,298.9200134277344,293.0799865722656,296.7099914550781,5850400
2025-12-17,284.9190979003906,285.2300109863281,298.17999267578125,284.42999267578125,297.32000732421875,10422000
2025-12-18,291.7216796875,292.0400085449219,296.9599914550781,290.8399963378906,295.7200012207031,6740400
2025-12-19,299.4831848144531,299.80999755859375,301.69000244140625,294.5,294.6700134277344,5075000
2025-12-22,303.5087890625,303.8399963378906,306.94000244140625,302.54998779296875,306.7300109863281,4019000
2025-12-23,304.6275634765625,304.9599914550781,305.1199951171875,301.3699951171875,302.2099914550781,2708600
2025-12-24,305.8063049316406,306.1400146484375,306.5,304.7099914550781,305.0,1723200
2025-12-26,305.7063903808594,306.0400085449219,307.5400085449219,305.2900085449219,307.3999938964844,1860900
2025-12-29,304.9871826171875,305.32000732421875,306.4599914550781,301.8900146484375,303.3699951171875,3620700
2025-12-30,304.587646484375,304.9200134277344,307.4800109863281,304.70001220703125,306.0799865722656,2984800
2025-12-31,300.82171630859375,301.1499938964844,306.1199951171875,301.1099853515625,305.6400146484375,2954200
2026-01-02,313.3480529785156,313.69000244140625,315.80999755859375,308.55999755859375,308.55999755859375,8491300
2026-01-05,317.7132873535156,318.05999755859375,322.6400146484375,316.8800048828125,320.70001220703125,7923200
2026-01-06,327.9920654296875,328.3500061035156,329.1499938964844,322.0,322.07000732421875,7579900
2026-01-07,324.5358581542969,324.8900146484375,325.95001220703125,322.1099853515625,325.04998779296875,4528500
2026-01-08,319.23162841796875,319.5799865722656,324.19000244140625,316.3999938964844,324.19000244140625,5408300
2026-01-09,328.421630859375,328.7799987792969,330.6700134277344,321.1099853515625,322.79998779296875,7323100
2026-01-12,329.9898986816406,330.3500061035156,331.3800048828125,325.5299987792969,325.70001220703125,5159600
2026-01-13,332.9366455078125,333.29998779296875,336.4200134277344,331.8900146484375,332.8500061035156,3835900
2026-01-14,331.5382080078125,331.8999938964844,331.989990234375,327.17999267578125,331.0299987792969,5468900
2026-01-15,336.8524169921875,337.2200012207031,344.54998779296875,337.2200012207031,343.1000061035156,6531500
2026-01-16,342.0966796875,342.4700012207031,345.4100036621094,340.2200012207031,343.510009765625,5127300
2026-01-20,336.9822998046875,337.3500061035156,343.19000244140625,335.9599914550781,336.20001220703125,6232600
2026-01-21,347.7605285644531,348.1400146484375,351.3299865722656,340.29998779296875,341.8399963378906,7204200
2026-01-22,348.2899475097656,348.6700134277344,354.6000061035156,347.3699951171875,354.3599853515625,4662000
2026-01-23,344.334228515625,344.7099914550781,348.0299987792969,342.1700134277344,346.3900146484375,4335900
2026-01-26,342.696044921875,343.07000732421875,345.5,341.1300048828125,343.2900085449219,4458700
2026-01-27,350.6972961425781,351.0799865722656,353.20001220703125,346.6499938964844,348.1600036621094,5293600
2026-01-28,360.0670471191406,360.4599914550781,362.0400085449219,356.7200012207031,358.5299987792969,5364000
2026-01-29,360.7363586425781,361.1300048828125,363.79998779296875,347.7200012207031,361.17999267578125,8446200
2026-01-30,345.9224853515625,346.29998779296875,360.19000244140625,343.7099914550781,356.0,8719100
2026-02-02,352.3055419921875,352.69000244140625,356.1099853515625,341.8999938964844,342.3699951171875,7758000
2026-02-03,345.26324462890625,345.6400146484375,357.1199951171875,338.0899963378906,355.9100036621094,8371200
2026-02-04,330.0198669433594,330.3800048828125,345.3900146484375,323.3299865722656,342.17999267578125,15231400
2026-02-05,330.4693603515625,330.8299865722656,335.4700012207031,324.0400085449219,326.5400085449219,10406500
2026-02-06,348.130126953125,348.510009765625,349.55999755859375,335.8699951171875,337.3999938964844,9096100
2026-02-09,352.3854675292969,352.7699890136719,354.739990234375,343.8800048828125,344.8399963378906,7091400
2026-02-10,351.04693603515625,351.42999267578125,355.0400085449219,348.1199951171875,353.5199890136719,6252400
2026-02-11,359.807373046875,360.20001220703125,362.2799987792969,351.3999938964844,358.82000732421875,7497000
2026-02-12,351.1168518066406,351.5,365.3800048828125,351.04998779296875,363.4599914550781,9488000
2026-02-13,354.27337646484375,354.6600036621094,357.6099853515625,348.67999267578125,352.79998779296875,5963000
2026-02-17,353.7140197753906,354.1000061035156,357.1000061035156,345.32000732421875,349.80999755859375,4068900
2026-02-18,357.5298767089844,357.9200134277344,361.6700134277344,353.6000061035156,355.82000732421875,5681200
2026-02-19,355.4521179199219,355.8399963378906,356.32000732421875,351.7699890136719,354.17999267578125,5576400
2026-02-20,359.0381774902344,359.42999267578125,361.3299865722656,352.79998779296875,353.5899963378906,6013600
2026-02-23,356.4310607910156,356.82000732421875,360.3800048828125,352.8500061035156,357.57000732421875,6339800
2026-02-24,361.6453857421875,362.0400085449219,364.739990234375,358.0400085449219,361.6000061035156,6206000
2026-02-25,367.5988464355469,368.0,368.82000732421875,365.510009765625,366.20001220703125,4539900
2026-02-26,356.4110412597656,356.79998779296875,366.4800109863281,350.4100036621094,366.3800048828125,13329100
2026-02-27,351.9059753417969,352.2900085449219,354.0299987792969,348.3399963378906,349.6000061035156,6250200
2026-03-02,351.6662292480469,352.04998779296875,352.3299865722656,343.3399963378906,343.7900085449219,7284000
2026-03-03,334.4150695800781,334.7799987792969,339.30999755859375,330.8900146484375,338.0899963378906,17946100
2026-03-04,341.1676940917969,341.5400085449219,343.80999755859375,336.7900085449219,339.9599914550781,10649900
2026-03-05,337.3918151855469,337.760009765625,343.7200012207031,330.57000732421875,338.8999938964844,7239300
2026-03-06,323.1573791503906,323.510009765625,335.0400085449219,321.489990234375,328.3999938964844,8733700
2026-03-09,336.0033264160156,336.3699951171875,337.1700134277344,316.2200012207031,318.30999755859375,9824600
2026-03-10,338.440673828125,338.80999755859375,345.55999755859375,336.30999755859375,336.30999755859375,7471000
2026-03-11,341.71710205078125,342.0899963378906,345.3999938964844,340.45001220703125,340.5,6215100
2026-03-12,329.830078125,330.19000244140625,337.54998779296875,328.6400146484375,337.3399963378906,8008100
2026-03-13,330.9588317871094,331.32000732421875,338.3999938964844,329.7900085449219,333.8800048828125,6450800
2026-03-16,337.46173095703125,337.8299865722656,342.0400085449219,336.32000732421875,338.8900146484375,8018200
2026-03-17,340.0885009765625,340.25,341.1600036621094,336.7900085449219,340.55999755859375,4472100
2026-03-18,338.12945556640625,338.2900085449219,343.44000244140625,338.2900085449219,340.5299987792969,6363900
2026-03-19,340.0385437011719,340.20001220703125,342.7699890136719,326.760009765625,328.760009765625,8292100
2026-03-20,332.3522033691406,332.510009765625,341.25,327.94000244140625,339.7099914550781,9441300
2026-03-23,336.43023681640625,336.5899963378906,344.92999267578125,335.1199951171875,340.1199951171875,8151000
2026-03-24,340.8581237792969,341.0199890136719,343.2200012207031,333.6199951171875,333.7900085449219,5287500
2026-03-25,345.08612060546875,345.25,347.67999267578125,342.1400146484375,344.1700134277344,5869000
2026-03-26,328.69390869140625,328.8500061035156,339.8900146484375,328.5199890136719,339.45001220703125,10172400
2026-03-27,323.32647705078125,323.4800109863281,329.95001220703125,322.1600036621094,326.8399963378906,6334800
2026-03-30,309.6429748535156,309.7900085449219,327.6300048828125,307.260009765625,326.75,13204800
2026-03-31,328.5039978027344,328.6600036621094,329.17999267578125,314.8800048828125,315.6000061035156,14036500
2026-04-01,338.37933349609375,338.5400085449219,342.6499938964844,332.3500061035156,333.489990234375,10130800
2026-04-02,339.44879150390625,339.6099853515625,340.3900146484375,325.0299987792969,325.1099853515625,6521000
2026-04-06,343.9366760253906,344.1000061035156,345.7699890136719,339.9200134277344,341.5199890136719,3105000
2026-04-07,347.5949401855469,347.760009765625,347.94000244140625,338.4700012207031,343.0400085449219,4026000
2026-04-08,370.22418212890625,370.3999938964844,371.1499938964844,362.1300048828125,367.8900146484375,9868700
2026-04-09,378.4502868652344,378.6300048828125,378.95001220703125,371.29998779296875,371.29998779296875,6036700
2026-04-10,386.41650390625,386.6000061035156,389.6000061035156,382.6700134277344,382.6700134277344,5596900
2026-04-13,393.1532897949219,393.3399963378906,393.57000732421875,384.3699951171875,384.8800048828125,4377400
2026-04-14,401.049560546875,401.239990234375,401.44000244140625,393.510009765625,397.8399963378906,5202600
2026-04-15,401.66925048828125,401.8599853515625,402.0899963378906,392.3900146484375,400.30999755859375,5570200
2026-04-16,405.75732421875,405.95001220703125,407.4800109863281,397.989990234375,400.6000061035156,4400500
2026-04-17,415.5126953125,415.7099914550781,415.7300109863281,409.5799865722656,413.3800048828125,5729100
2026-04-20,417.351806640625,417.54998779296875,418.8599853515625,411.7900085449219,417.42999267578125,3493500
2026-04-21,420.5003356933594,420.70001220703125,423.3500061035156,416.6700134277344,420.3999938964844,3676800
2026-04-22,431.5650634765625,431.7699890136719,432.1600036621094,422.82000732421875,427.260009765625,6557600
2026-04-23,440.7906799316406,441.0,446.6400146484375,434.0400085449219,435.3399963378906,10812400
2026-04-24,461.38092041015625,461.6000061035156,463.8699951171875,450.9700012207031,457.5899963378906,9072000
2026-04-27,455.19384765625,455.4100036621094,463.0,448.92999267578125,461.75,8924600
2026-04-28,438.50177001953125,438.7099914550781,446.1400146484375,431.739990234375,437.6300048828125,11014900
2026-04-29,449.7763977050781,449.989990234375,450.3699951171875,442.4100036621094,445.260009765625,5972800
2026-04-30,461.2209777832031,461.44000244140625,462.1400146484375,449.3399963378906,455.70001220703125,5170200
2026-05-01,465.5289306640625,465.75,466.9100036621094,455.07000732421875,458.4700012207031,4155900
2026-05-04,461.8406982421875,462.05999755859375,469.6099853515625,457.80999755859375,467.92999267578125,5233100
2026-05-05,482.5008850097656,482.7300109863281,486.17999267578125,470.2300109863281,471.1400146484375,7203000
2026-05-06,506.6294250488281,506.8699951171875,506.94000244140625,487.8599853515625,497.9599914550781,9768600
2026-05-07,492.12628173828125,492.3599853515625,503.67999267578125,488.1300048828125,502.92999267578125,9913700
2026-05-08,520.0530395507812,520.2999877929688,520.4600219726562,502.75,504.239990234375,7754500
2026-05-11,532.5071411132812,532.760009765625,533.739990234375,521.6599731445312,524.0800170898438,7492600
2026-05-12,515.7450561523438,515.989990234375,525.1500244140625,495.7099914550781,520.8499755859375,14660600
2026-05-13,528.0392456054688,528.2899780273438,532.25,515.9400024414062,527.6199951171875,7346400
2026-05-14,529.7784423828125,530.030029296875,533.1300048828125,522.2100219726562,526.5,5212400
2026-05-15,508.27862548828125,508.5199890136719,518.7899780273438,506.260009765625,511.6700134277344,9388200
2026-05-18,495.6346435546875,495.8699951171875,519.9600219726562,486.9200134277344,518.02001953125,9999000
2026-05-19,496.50421142578125,496.739990234375,506.0400085449219,477.95001220703125,484.3999938964844,12217000
2026-05-20,520.0630493164062,520.3099975585938,520.5399780273438,506.54998779296875,507.7300109863281,9457600
2026-05-21,524.4609985351562,524.7100219726562,526.780029296875,515.0,518.1699829101562,6749900
2026-05-22,537.0750122070312,537.3300170898438,541.8900146484375,530.1699829101562,531.8800048828125,7671100
2026-05-26,569.8194580078125,570.0900268554688,572.9500122070312,555.4099731445312,556.989990234375,8926200
2026-05-27,563.7122802734375,563.97998046875,584.5,551.8900146484375,584.3800048828125,11412400
2026-05-28,569.19970703125,569.469970703125,575.7999877929688,554.8300170898438,564.3200073242188,6763900
2026-05-29,568.8099365234375,569.0800170898438,582.22998046875,564.5999755859375,576.4400024414062,7323900
2026-06-01,571.6585083007812,571.9299926757812,577.989990234375,557.3800048828125,563.6699829101562,6999500
2026-06-02,604.7328491210938,605.02001953125,605.4400024414062,581.9299926757812,585.1699829101562,7475400
2026-06-03,615.3877563476562,615.6799926757812,618.8400268554688,598.010009765625,616.2100219726562,8564700
2026-06-04,602.4338989257812,602.719970703125,611.260009765625,577.5399780273438,587.6400146484375,11445300
2026-06-05,539.5138549804688,539.77001953125,580.5,539.5700073242188,577.8599853515625,22377300
2026-06-08,571.1787719726562,571.4500122070312,581.3800048828125,560.7899780273438,569.77001953125,12843000
2026-06-09,561.8732299804688,562.1400146484375,588.5800170898438,522.239990234375,585.4500122070312,24548100
2026-06-10,541.2529907226562,541.510009765625,572.510009765625,539.3800048828125,551.6599731445312,16672200
2026-06-11,586.6514282226562,586.9299926757812,588.0,554.8099975585938,555.4199829101562,12295400
2026-06-12,595.9669799804688,596.25,602.6900024414062,578.530029296875,584.1099853515625,9928200
2026-06-15,628.4500122070312,628.4500122070312,629.719970703125,618.4500122070312,622.6099853515625,8170800
2026-06-16,591.239990234375,591.239990234375,629.6400146484375,590.6300048828125,623.8400268554688,11204900
2026-06-17,599.72998046875,599.72998046875,621.989990234375,598.9500122070312,611.5599975585938,8948400
2026-06-18,639.4500122070312,639.4500122070312,644.4299926757812,626.1500244140625,626.52001953125,9666000
2026-06-22,655.010009765625,655.010009765625,655.9500122070312,643.9299926757812,653.9600219726562,7759700
2026-06-23,610.280029296875,610.280029296875,612.4736938476562,603.5789794921875,607.5999755859375,1756019
