Date,0050,006208,00692,00881
2021-01-01,,,,
2021-01-04,26.40782928466797,61.111900329589844,24.28515625,11.058250427246094
2021-01-05,26.460918426513672,61.33014678955078,24.29302215576172,11.171595573425293
2021-01-06,26.747615814208984,61.81032180786133,24.505428314208984,11.228267669677734
2021-01-07,27.37409782409668,63.20717239379883,24.98531150817871,11.419537544250488
2021-01-08,27.86254119873047,64.6913070678711,25.433725357055664,11.639144897460938
2021-01-11,28.096147537231445,64.90956115722656,25.567461013793945,12.205870628356934
2021-01-12,28.053672790527344,64.99686431884766,25.575328826904297,11.724151611328125
2021-01-13,28.733247756958008,66.35005950927734,26.047344207763672,11.979179382324219
2021-01-14,28.467784881591797,65.73893737792969,25.882137298583984,12.050020217895508
2021-01-15,28.563352584838867,65.95720672607422,25.811336517333984,12.050020217895508
2021-01-18,28.542116165161133,66.04450988769531,25.811336517333984,11.99334716796875
2021-01-19,29.296016693115234,67.65959167480469,26.393484115600586,12.31213092803955
2021-01-20,29.349111557006836,67.96515655517578,26.393484115600586,12.3192138671875
2021-01-21,30.368471145629883,70.01676177978516,27.156578063964844,12.751344680786133
2021-01-22,29.82598304748535,69.14375305175781,26.77109718322754,13.105546951293945
2021-01-25,29.424543380737305,68.35802459716797,26.456424713134766,12.680501937866211
2021-01-26,28.827808380126953,66.8302230834961,25.984407424926758,12.404224395751953
2021-01-27,28.871206283569336,66.78657531738281,26.00014305114746,12.475066184997559
2021-01-28,28.285320281982422,65.38972473144531,25.4494571685791,12.156281471252441
2021-01-29,27.818777084350586,64.21113586425781,25.14264678955078,11.922507286071777
2021-02-01,28.372116088867188,65.65162658691406,25.559593200683594,12.135027885437012
2021-02-02,29.17500114440918,67.52864074707031,26.27548599243164,12.432559967041016
2021-02-03,29.153301239013672,67.57229614257812,26.251882553100586,12.482148170471191
2021-02-04,28.979703903198242,67.09213256835938,26.086681365966797,12.368802070617676
2021-02-05,29.250947952270508,67.74689483642578,26.314817428588867,12.475066184997559
2021-02-08,,,,
2021-02-09,,,,
2021-02-10,,,,
2021-02-11,,,,
2021-02-12,,,,
2021-02-15,,,,
2021-02-16,,,,
2021-02-17,30.49867057800293,70.54058837890625,27.463390350341797,12.843437194824219
2021-02-18,30.455272674560547,70.45327758789062,27.471254348754883,12.871772766113281
2021-02-19,30.12978172302246,69.79850769042969,27.274581909179688,12.779683113098145
2021-02-22,30.118927001953125,69.7548599243164,27.195911407470703,12.808016777038574
2021-02-23,30.05382537841797,69.49295806884766,27.219514846801758,12.751344680786133
2021-02-24,29.608991622924805,68.35802459716797,26.802566528320312,12.602578163146973
2021-02-25,29.84768295288086,69.05644989013672,27.04644012451172,12.715924263000488
2021-02-26,28.947154998779297,67.61593627929688,26.582294464111328,12.425477981567383
2021-03-01,,,,
2021-03-02,28.9580020904541,67.00482177734375,26.550825119018555,12.290879249572754
2021-03-03,29.381149291992188,68.09610748291016,26.63736915588379,12.453811645507812
2021-03-04,28.806106567382812,66.69927978515625,26.181079864501953,12.184617042541504
2021-03-05,28.63251495361328,66.08814239501953,25.992277145385742,12.106694221496582
2021-03-08,28.610815048217773,66.04450988769531,26.008010864257812,12.042936325073242
2021-03-09,28.502315521240234,65.91354370117188,25.976543426513672,11.99334716796875
2021-03-10,28.621662139892578,66.1318130493164,26.06307601928711,12.000432014465332
2021-03-11,29.229248046875,67.48500061035156,26.511491775512695,12.269627571105957
2021-03-12,29.34859848022461,67.74689483642578,26.598026275634766,12.3192138671875
2021-03-15,29.27264404296875,67.65959167480469,26.590164184570312,12.305047988891602
2021-03-16,29.37030029296875,68.00879669189453,26.629493713378906,12.368802070617676
2021-03-17,29.12074851989746,67.3976821899414,26.456424713134766,12.354636192321777
2021-03-18,29.27264404296875,67.61593627929688,26.53508949279785,12.446727752685547
2021-03-19,28.816957473754883,66.65562438964844,26.204681396484375,12.276710510253906
2021-03-22,28.947154998779297,67.00482177734375,26.29121971130371,12.326298713684082
2021-03-23,28.990554809570312,66.961181640625,26.27548599243164,12.33338451385498
2021-03-24,28.534860610961914,66.00084686279297,25.968671798706055,12.234207153320312
2021-03-25,28.63251495361328,66.21910858154297,26.07094383239746,12.290879249572754
2021-03-26,29.153301239013672,67.3976821899414,26.472158432006836,12.439645767211914
2021-03-29,29.391990661621094,67.83419799804688,26.63736915588379,12.53882122039795
2021-03-30,29.489641189575195,68.05245208740234,26.692428588867188,12.659252166748047
2021-03-31,29.240097045898438,67.52864074707031,26.574424743652344,12.53882122039795
2021-04-01,29.457090377807617,68.00879669189453,26.747501373291016,12.545904159545898
2021-04-02,,,,
2021-04-05,,,,
2021-04-06,,,,
2021-04-07,29.901931762695312,69.05644989013672,27.172313690185547,12.744258880615234
2021-04-08,29.99957847595215,69.31834411621094,27.28244972229004,12.857605934143066
2021-04-09,29.934478759765625,69.10009002685547,27.25885009765625,12.758427619934082
2021-04-12,29.76088523864746,68.79454040527344,27.235240936279297,12.637996673583984
2021-04-13,29.76088523864746,68.79454040527344,27.21164321899414,12.581326484680176
2021-04-14,29.92363166809082,69.14375305175781,27.361116409301758,12.595494270324707
2021-04-15,30.173179626464844,69.84217071533203,27.61285972595215,12.680501937866211
2021-04-16,30.216569900512695,69.84217071533203,27.683658599853516,12.72300910949707
2021-04-19,30.27082633972168,69.84217071533203,27.801664352416992,12.673418045043945
2021-04-20,30.216569900512695,69.97311401367188,27.833133697509766,12.72300910949707
2021-04-21,29.945335388183594,69.23104858398438,27.589262008666992,12.630915641784668
2021-04-22,29.92363166809082,69.01278686523438,27.502721786499023,12.581326484680176
2021-04-23,30.19487190246582,69.66756439208984,27.75446128845215,12.779683113098145
2021-04-26,30.639719009399414,70.7151870727539,28.1320743560791,12.992202758789062
2021-04-27,30.65056610107422,70.62789154052734,28.1320743560791,13.013457298278809
2021-04-28,30.466123580932617,70.32232666015625,28.08487319946289,12.999286651611328
2021-04-29,30.509517669677734,70.49693298339844,28.108476638793945,13.176387786865234
2021-04-30,,,,
2021-05-03,29.99957847595215,69.27469635009766,27.699392318725586,12.751344680786133
2021-05-04,29.73918342590332,68.79454040527344,27.3925838470459,12.581326484680176
2021-05-05,29.457090377807617,68.1397705078125,27.313913345336914,12.382970809936523
2021-05-06,29.717483520507812,68.79454040527344,27.54205322265625,12.503400802612305
2021-05-07,30.249122619628906,69.92947387695312,28.006200790405273,12.779683113098145
2021-05-10,30.042978286743164,69.36199188232422,27.911806106567383,12.53882122039795
2021-05-11,28.91460418701172,67.31037902832031,27.10150909423828,12.198784828186035
2021-05-12,28.07917022705078,66.17545318603516,26.118148803710938,11.66748046875
2021-05-13,27.666881561279297,63.81827926635742,25.764137268066406,11.490377426147461
2021-05-14,27.981523513793945,64.6913070678711,26.055208206176758,11.603721618652344
2021-05-17,27.44988441467285,63.33811569213867,25.85853385925293,11.412453651428223
2021-05-18,28.70846176147461,66.306396484375,26.629493713378906,11.972094535827637
2021-05-19,28.513166427612305,65.82624053955078,26.49575424194336,11.851666450500488
2021-05-20,28.3178653717041,65.65162658691406,26.322683334350586,11.724151611328125
2021-05-21,28.71931266784668,66.39370727539062,26.66883087158203,11.936674118041992
2021-05-24,28.67591094970703,66.39370727539062,26.66096305847168,11.9862642288208
2021-05-25,29.164146423339844,67.65959167480469,27.062175750732422,12.241291999816895
2021-05-26,29.185848236083984,67.70325469970703,27.10150909423828,12.19170093536377
2021-05-27,28.979703903198242,67.22308349609375,26.912704467773438,12.135027885437012
2021-05-28,29.467945098876953,68.1397705078125,27.37685203552246,12.283796310424805
2021-05-31,29.750032424926758,68.8818359375,27.61285972595215,12.482148170471191
2021-06-01,29.880233764648438,69.05644989013672,27.6915283203125,12.482148170471191
2021-06-02,29.880233764648438,68.83819580078125,27.6915283203125,12.361721992492676
2021-06-03,29.858535766601562,69.05644989013672,27.840999603271484,12.432559967041016
2021-06-04,29.717483520507812,68.61991882324219,27.6915283203125,12.361721992492676
2021-06-07,29.793432235717773,68.75089263916016,27.683658599853516,12.368802070617676
2021-06-08,29.61983871459961,68.40167236328125,27.58139419555664,12.33338451385498
2021-06-09,29.40284538269043,67.87785339355469,27.37685203552246,12.283796310424805
2021-06-10,29.858535766601562,69.05644989013672,27.762332916259766,12.48923397064209
2021-06-11,29.967029571533203,69.31834411621094,27.80953598022461,12.503400802612305
2021-06-14,,,,
2021-06-15,30.12978172302246,69.66756439208984,28.037668228149414,12.623831748962402
2021-06-16,30.09722900390625,69.58025360107422,28.061269760131836,12.567158699035645
2021-06-17,30.010433197021484,69.49295806884766,28.006200790405273,12.602578163146973
2021-06-18,29.945335388183594,69.14375305175781,27.88820457458496,12.560073852539062
2021-06-21,29.229248046875,67.65959167480469,27.37685203552246,12.290879249572754
2021-06-22,29.261796951293945,67.52864074707031,27.313913345336914,12.2129545211792
2021-06-23,29.73918342590332,68.79454040527344,27.80953598022461,12.475066184997559
2021-06-24,29.663240432739258,68.66358184814453,27.770198822021484,12.467981338500977
2021-06-25,29.717483520507812,68.8818359375,27.81739616394043,12.475066184997559
2021-06-28,29.77173614501953,69.14375305175781,27.951135635375977,12.467981338500977
2021-06-29,29.858535766601562,69.23104858398438,28.006200790405273,12.53882122039795
2021-06-30,30.151473999023438,69.7548599243164,28.163537979125977,12.602578163146973
2021-07-01,30.010433197021484,69.49295806884766,28.061269760131836,12.510485649108887
2021-07-02,30.010433197021484,69.40565490722656,28.04553985595703,12.53882122039795
2021-07-05,30.292526245117188,70.10407257080078,28.360214233398438,12.737174034118652
2021-07-06,30.3250732421875,70.19136810302734,28.38381576538086,12.694672584533691
2021-07-07,30.16232681274414,69.84217071533203,28.273681640625,12.701757431030273
2021-07-08,30.12978172302246,69.71121215820312,28.22647476196289,12.730090141296387
2021-07-09,29.89107894897461,68.92549133300781,28.014070510864258,12.602578163146973
2021-07-12,30.16232681274414,69.71121215820312,28.242216110229492,12.76551342010498
2021-07-13,30.4118709564209,70.14773559570312,28.407421112060547,12.857605934143066
2021-07-14,30.487823486328125,70.40962982177734,28.47821617126465,12.90010929107666
2021-07-15,30.769914627075195,70.9334487915039,28.682754516601562,12.999286651611328
2021-07-16,30.357622146606445,70.24458312988281,28.45511817932129,12.90010929107666
2021-07-19,30.010433197021484,69.67491912841797,28.178470611572266,12.744258880615234
2021-07-20,29.77173614501953,69.01760864257812,27.846492767333984,12.637996673583984
2021-07-21,29.739105224609375,68.92996215820312,27.712125778198242,12.595494270324707
2021-07-22,29.945770263671875,69.36817932128906,27.957151412963867,12.737174034118652
2021-07-23,29.945770263671875,69.28053283691406,27.94924545288086,12.701757431030273
2021-07-26,29.684715270996094,68.79850006103516,27.712125778198242,12.637996673583984
2021-07-27,29.673837661743164,68.66705322265625,27.648887634277344,12.694672584533691
2021-07-28,29.206100463867188,68.88614654541016,27.388050079345703,12.48923397064209
2021-07-29,29.69559097290039,68.97379302978516,27.783266067504883,12.694672584533691
2021-07-30,29.59769630432129,68.62321472167969,27.6093692779541,12.630915641784668
2021-08-02,30.00016212463379,69.67491912841797,28.044103622436523,12.77259635925293
2021-08-03,30.119813919067383,69.76256561279297,28.138944625854492,12.829269409179688
2021-08-04,30.29384994506836,70.11312103271484,28.312841415405273,12.935530662536621
2021-08-05,30.239469528198242,70.06929779052734,28.312841415405273,13.04887580871582
2021-08-06,30.19595718383789,69.9378433227539,28.233800888061523,12.978034973144531
2021-08-09,30.10893440246582,69.8063735961914,28.146852493286133,12.885942459106445
2021-08-10,29.945770263671875,69.3243637084961,27.980865478515625,12.808016777038574
2021-08-11,29.847877502441406,69.23670196533203,27.87020492553711,12.730090141296387
2021-08-12,29.793487548828125,69.01760864257812,27.79116439819336,12.730090141296387
2021-08-13,29.51067352294922,68.44794464111328,27.53822898864746,12.588412284851074
2021-08-16,29.445415496826172,68.18501281738281,27.51451301574707,12.453811645507812
2021-08-17,29.227863311767578,67.6591567993164,27.222061157226562,12.388036727905273
2021-08-18,29.347511291503906,68.09736633300781,27.372241973876953,12.439196586608887
2021-08-19,28.673107147216797,66.56364440917969,26.779428482055664,12.154159545898438
2021-08-20,28.444677352905273,65.90631866455078,26.6213436126709,12.110308647155762
2021-08-23,29.227863311767578,67.52770233154297,27.253681182861328,12.446504592895508
2021-08-24,29.314878463745117,67.83444213867188,27.38014793395996,12.468430519104004
2021-08-25,29.59769630432129,68.66705322265625,27.735837936401367,12.570749282836914
2021-08-26,29.804370880126953,69.01760864257812,27.85439682006836,12.585366249084473
2021-08-27,30.054550170898438,69.67491912841797,28.115234375,12.658452987670898
2021-08-30,30.34824562072754,70.24458312988281,28.40769386291504,12.768081665039062
2021-08-31,30.533164978027344,70.81426239013672,28.581579208374023,12.826549530029297
2021-09-01,30.674570083618164,70.90190124511719,28.534156799316406,12.98003101348877
2021-09-02,30.435260772705078,70.28839874267578,28.27332305908203,12.914253234863281
2021-09-03,30.8703670501709,71.1648178100586,28.67643165588379,13.089659690856934
2021-09-06,31.011768341064453,71.515380859375,28.715959548950195,13.075039863586426
2021-09-07,30.8703670501709,71.20863342285156,28.613197326660156,12.972721099853516
2021-09-08,30.598421096801758,70.68280029296875,28.38398551940918,12.811933517456055
2021-09-09,30.52228546142578,70.63897705078125,28.36026382446289,12.819242477416992
2021-09-10,30.881237030029297,71.34010314941406,28.644819259643555,12.958104133605957
2021-09-13,30.7724609375,71.03335571289062,28.565776824951172,12.885019302368164
2021-09-14,30.805099487304688,71.1648178100586,28.58949089050293,12.936180114746094
2021-09-15,30.620180130004883,70.63897705078125,28.45511817932129,12.855785369873047
2021-09-16,30.478771209716797,70.55132293701172,28.423500061035156,12.8046236038208
2021-09-17,30.5657958984375,70.59515380859375,28.45511817932129,12.892328262329102
2021-09-20,,,,
2021-09-21,,,,
2021-09-22,29.847877502441406,69.06143188476562,27.87020492553711,12.658452987670898
2021-09-23,30.021921157836914,69.5872802734375,28.13104820251465,12.746156692504883
2021-09-24,30.380876541137695,70.28839874267578,28.35236167907715,12.826549530029297
2021-09-27,30.457019805908203,70.46368408203125,28.447214126586914,12.863093376159668
2021-09-28,30.239469528198242,70.02548217773438,28.249608993530273,12.782697677612305
2021-09-29,29.586820602416992,68.88614654541016,27.767452239990234,12.534207344055176
2021-09-30,29.815244674682617,68.84231567382812,27.806970596313477,12.5195894241333
2021-10-01,29.140838623046875,67.87826538085938,27.30900764465332,12.285715103149414
2021-10-04,28.966796875,67.22095489501953,27.182537078857422,12.183395385742188
2021-10-05,28.923294067382812,66.95805358886719,27.07978630065918,12.161469459533691
2021-10-06,28.934167861938477,66.91421508789062,27.087696075439453,12.161469459533691
2021-10-07,29.445415496826172,68.14118957519531,27.554039001464844,12.453811645507812
2021-10-08,29.195226669311523,67.7029800415039,27.41176414489746,12.402653694152832
2021-10-11,,,,
2021-10-12,28.90153694152832,67.0456771850586,27.127212524414062,12.21993637084961
2021-10-13,28.80363655090332,66.73894500732422,27.000743865966797,12.081074714660645
2021-10-14,28.879779815673828,66.87039947509766,27.040266036987305,12.103002548217773
2021-10-15,29.641202926635742,68.66705322265625,27.735837936401367,12.424579620361328
2021-10-18,29.554187774658203,68.40410614013672,27.65679359436035,12.329567909240723
2021-10-19,29.793487548828125,68.92996215820312,27.909727096557617,12.497664451599121
2021-10-20,29.717348098754883,68.84231567382812,27.901824951171875,12.497664451599121
2021-10-21,29.60857391357422,68.66705322265625,27.783266067504883,12.439196586608887
2021-10-22,29.69559097290039,68.75468444824219,27.862302780151367,12.4903564453125
2021-10-25,29.673837661743164,68.62321472167969,27.8306827545166,12.504974365234375
2021-10-26,29.924020767211914,69.23670196533203,28.012479782104492,12.636528968811035
2021-10-27,29.924020767211914,69.23670196533203,28.06781005859375,12.716920852661133
2021-10-28,29.83700180053711,69.06143188476562,28.012479782104492,12.687687873840332
2021-10-29,29.54330825805664,68.49174499511719,27.846492767333984,12.607292175292969
2021-11-01,29.69559097290039,68.75468444824219,27.957151412963867,12.680378913879395
2021-11-02,29.641202926635742,68.71086120605469,27.98876953125,12.702303886413574
2021-11-03,29.717348098754883,68.92996215820312,28.099428176879883,12.709611892700195
2021-11-04,29.619449615478516,68.71086120605469,28.012479782104492,12.709611892700195
2021-11-05,30.043672561645508,69.5872802734375,28.336551666259766,12.899636268615723
2021-11-08,30.282978057861328,70.15694427490234,28.613197326660156,12.98003101348877
2021-11-09,30.609302520751953,70.77043151855469,28.905658721923828,13.118892669677734
2021-11-10,30.5657958984375,70.55132293701172,28.874040603637695,13.14081859588623
2021-11-11,30.29384994506836,69.9816665649414,28.708051681518555,13.031189918518066
2021-11-12,30.391754150390625,70.28839874267578,28.795000076293945,13.155435562133789
2021-11-15,30.663684844970703,70.90190124511719,29.047937393188477,13.272372245788574
2021-11-16,30.718082427978516,71.1622085571289,29.079511642456055,13.301607131958008
2021-11-17,30.815969467163086,71.29639434814453,29.137693405151367,13.345458984375
2021-11-18,30.990013122558594,71.74366760253906,29.345458984375,13.42585563659668
2021-11-19,31.066158294677734,71.9673080444336,29.378704071044922,13.484322547912598
2021-11-22,30.990013122558594,71.8331298828125,29.328838348388672,13.447779655456543
2021-11-23,30.69632339477539,71.25166320800781,29.09613037109375,13.272372245788574
2021-11-24,30.5657958984375,70.89383697509766,28.97147560119629,13.199286460876465
2021-11-25,30.554912567138672,70.89383697509766,28.98809814453125,13.221213340759277
2021-11-26,30.054550170898438,69.8651123046875,28.555931091308594,13.001956939697266
2021-11-29,30.054550170898438,69.59674072265625,28.456205368041992,13.031189918518066
2021-11-30,30.021921157836914,69.68618774414062,28.539310455322266,13.118892669677734
2021-12-01,30.52228546142578,70.67020416259766,28.904983520507812,13.32353401184082
2021-12-02,30.848609924316406,71.47531127929688,29.15431022644043,13.411235809326172
2021-12-03,30.837730407714844,71.43058013916016,29.179243087768555,13.403928756713867
2021-12-06,30.75071144104004,71.34111785888672,29.145999908447266,13.382001876831055
2021-12-07,30.848609924316406,71.52003479003906,29.212486267089844,13.360076904296875
2021-12-08,30.96826171875,71.74366760253906,29.30390167236328,13.440468788146973
2021-12-09,30.892118453979492,71.78840637207031,29.328838348388672,13.403928756713867
2021-12-10,30.881237030029297,71.56476593017578,29.23741340637207,13.396617889404297
2021-12-13,30.783342361450195,71.29639434814453,29.145999908447266,13.367385864257812
2021-12-14,30.478771209716797,70.67020416259766,28.963157653808594,13.228523254394531
2021-12-15,30.52228546142578,70.67020416259766,28.92160415649414,13.243138313293457
2021-12-16,30.902992248535156,71.52003479003906,29.23741340637207,13.42585563659668
2021-12-17,30.8703670501709,71.52003479003906,29.212486267089844,13.382001876831055
2021-12-20,30.598421096801758,70.89383697509766,28.963157653808594,13.26506519317627
2021-12-21,30.859487533569336,71.43058013916016,29.187557220458984,13.418546676635742
2021-12-22,30.859487533569336,71.52003479003906,29.195865631103516,13.469705581665039
2021-12-23,31.03352165222168,71.92257690429688,29.337148666381836,13.550100326538086
2021-12-24,31.120548248291016,71.9673080444336,29.378704071044922,13.593950271606445
2021-12-27,31.359848022460938,72.5040512084961,29.553232192993164,13.74012279510498
2021-12-28,31.610036849975586,73.08550262451172,29.777620315551758,13.857059478759766
2021-12-29,31.751441955566406,73.35387420654297,29.89397430419922,13.900912284851074
2021-12-30,31.653547286987305,73.2197036743164,29.802549362182617,13.878986358642578
2021-12-31,,,,
2022-01-03,31.84933853149414,73.66698455810547,29.918907165527344,13.864367485046387
2022-01-04,32.54549789428711,75.23246002197266,30.425861358642578,14.076318740844727
2022-01-05,32.48023223876953,75.59027862548828,30.384313583374023,14.120168685913086
2022-01-06,32.175662994384766,74.6510009765625,30.184852600097656,13.893603324890137
2022-01-07,31.892847061157227,73.98007202148438,29.918907165527344,13.76204776763916
2022-01-10,32.099517822265625,74.15898895263672,30.018634796142578,13.76204776763916
2022-01-11,32.2626838684082,74.51681518554688,30.251340866088867,13.703579902648926
2022-01-12,32.53461837768555,75.32190704345703,30.425861358642578,13.74012279510498
2022-01-13,32.69778060913086,75.67974090576172,30.583768844604492,13.798589706420898
2022-01-14,32.69778060913086,75.67974090576172,30.658567428588867,13.725506782531738
2022-01-17,33.0676155090332,76.44010162353516,30.949445724487305,13.930145263671875
2022-01-18,32.69778060913086,75.5455551147461,30.625324249267578,13.892436027526855
2022-01-19,32.30619812011719,74.6510009765625,30.292888641357422,13.726510047912598
2022-01-20,32.436729431152344,74.91937255859375,30.334444046020508,13.703883171081543
2022-01-21,31.714176177978516,73.35387420654297,29.760997772216797,13.454997062683105
2022-01-24,32.01430892944336,74.15898895263672,29.985393524169922,13.61337947845459
2022-01-25,31.49186134338379,73.04078674316406,29.67789649963379,13.432369232177734
2022-01-26,31.469623565673828,72.81714630126953,29.62802505493164,13.341866493225098
2022-01-27,,,,
2022-01-28,,,,
2022-01-31,,,,
2022-02-01,,,,
2022-02-02,,,,
2022-02-03,,,,
2022-02-04,,,,
2022-02-07,31.636363983154297,73.30915069580078,29.885662078857422,13.3267822265625
2022-02-08,31.76975440979004,73.53279113769531,29.918907165527344,13.417287826538086
2022-02-09,31.880916595458984,73.84590148925781,30.11005210876465,13.537960052490234
2022-02-10,32.247745513916016,74.78518676757812,30.384313583374023,13.66617202758789
2022-02-11,32.22551727294922,74.6510009765625,30.351070404052734,13.620922088623047
2022-02-14,31.72529411315918,73.62226104736328,29.96045684814453,13.311697959899902
2022-02-15,31.580795288085938,73.35387420654297,29.835803985595703,13.296613693237305
2022-02-16,32.10323715209961,74.51681518554688,30.284582138061523,13.507791519165039
2022-02-17,32.12547302246094,74.47208404541016,30.292888641357422,13.50024700164795
2022-02-18,32.03654861450195,74.2037124633789,30.243026733398438,13.477624893188477
2022-02-21,31.969850540161133,74.06954193115234,30.23471450805664,13.462538719177246
2022-02-22,31.536319732666016,73.13024139404297,29.852418899536133,13.289072036743164
2022-02-23,31.625247955322266,73.2197036743164,29.96045684814453,13.356948852539062
2022-02-24,30.858238220214844,71.47531127929688,29.23741340637207,13.002474784851074
2022-02-25,30.79154396057129,71.43058013916016,29.22079849243164,12.994932174682617
2022-02-28,,,,
2022-03-01,31.22507095336914,72.28041076660156,29.594783782958984,13.22119426727295
2022-03-02,31.047216415405273,71.9673080444336,29.43687629699707,13.138232231140137
2022-03-03,31.11391258239746,72.05677795410156,29.49505615234375,13.160858154296875
2022-03-04,30.780427932739258,71.29639434814453,29.229106903076172,12.987388610839844
2022-03-07,29.79109764099121,70.17819213867188,28.38140296936035,12.632915496826172
2022-03-08,29.157480239868164,67.89707946777344,27.708229064941406,12.233185768127441
2022-03-09,29.457616806030273,68.2549057006836,28.073904037475586,12.384027481079102
2022-03-10,30.31355094909668,70.2229232788086,28.74707794189453,12.746044158935547
2022-03-11,29.880022048950195,69.37309265136719,28.439584732055664,12.580121040344238
2022-03-14,29.880022048950195,69.14945220947266,28.439584732055664,12.444364547729492
2022-03-15,29.268638610839844,67.85234069824219,27.9243106842041,12.150225639343262
2022-03-16,29.390918731689453,68.07598876953125,28.040660858154297,12.180391311645508
2022-03-17,30.32466697692871,70.31238555908203,28.84680938720703,12.655542373657227
2022-03-18,30.257970809936523,70.04401397705078,28.79694938659668,12.617831230163574
2022-03-21,30.458059310913086,70.49129486083984,28.904983520507812,12.693251609802246
2022-03-22,30.41359519958496,70.40184020996094,28.904983520507812,12.670623779296875
2022-03-23,30.702613830566406,71.1622085571289,29.195865631103516,12.783756256103516
2022-03-24,30.68037986755371,71.07274627685547,29.187557220458984,12.783756256103516
2022-03-25,30.72484588623047,71.25166320800781,29.187557220458984,12.806381225585938
2022-03-28,30.39136505126953,70.44656372070312,28.938228607177734,12.655542373657227
2022-03-29,30.424713134765625,70.53602600097656,28.963157653808594,12.617831230163574
2022-03-30,30.80265998840332,71.34111785888672,29.270660400390625,12.73095989227295
2022-03-31,30.702613830566406,71.20694732666016,29.195865631103516,12.678166389465332
2022-04-01,30.44694709777832,70.62547302246094,29.02964973449707,12.549952507019043
2022-04-04,,,,
2022-04-05,,,,
2022-04-06,30.291316986083984,70.26765441894531,28.88005256652832,12.376485824584961
2022-04-07,29.746633529663086,69.14945220947266,28.41464614868164,12.150225639343262
2022-04-08,29.91337013244629,69.19417572021484,28.555931091308594,12.097431182861328
2022-04-11,29.44649314880371,68.29962921142578,28.148700714111328,11.833457946777344
2022-04-12,29.46872901916504,68.2549057006836,28.148700714111328,11.8410005569458
2022-04-13,30.0245361328125,69.50727081298828,28.60580062866211,12.097431182861328
2022-04-14,29.91337013244629,69.32836151123047,28.530996322631836,12.089888572692871
2022-04-15,29.40203285217285,68.12071990966797,28.09052848815918,11.825916290283203
2022-04-18,29.24640655517578,67.6734390258789,27.96586799621582,11.803289413452148
2022-04-19,29.34644889831543,67.98652648925781,28.065593719482422,11.8410005569458
2022-04-20,29.490962982177734,68.29962921142578,28.181947708129883,11.931504249572754
2022-04-21,29.513195037841797,68.29962921142578,28.231809616088867,11.991840362548828
2022-04-22,29.257526397705078,67.9417953491211,28.048973083496094,11.848543167114258
2022-04-25,28.735069274902344,66.59996032714844,27.542011260986328,11.561944007873535
2022-04-26,28.735069274902344,66.55524444580078,27.53369903564453,11.54686164855957
2022-04-27,28.13479995727539,65.12393951416016,27.01011848449707,11.380936622619629
2022-04-28,28.257076263427734,65.52648162841797,27.14309310913086,11.48652458190918
2022-04-29,28.62390899658203,66.4210433959961,27.45059585571289,11.614739418029785
2022-05-02,,,,
2022-05-03,28.412704467773438,65.75012969970703,27.251134872436523,11.561944007873535
2022-05-04,28.412704467773438,65.88431549072266,27.300996780395508,11.58457088470459
2022-05-05,28.735069274902344,66.55524444580078,27.525388717651367,11.74295425415039
2022-05-06,28.157033920288086,65.30284118652344,27.101543426513672,11.524234771728516
2022-05-09,27.690160751342773,64.1399154663086,26.60289192199707,11.365852355957031
2022-05-10,27.56787872314453,63.96099853515625,26.49485206604004,11.373393058776855
2022-05-11,27.61234474182129,63.96099853515625,26.49485206604004,11.403562545776367
2022-05-12,26.95649528503418,62.44025802612305,25.821674346923828,11.252720832824707
2022-05-13,27.201053619384766,63.06644821166992,26.12917709350586,11.39601993560791
2022-05-16,27.345556259155273,63.334815979003906,26.237218856811523,11.448813438415527
2022-05-17,27.645692825317383,64.00574493408203,26.503164291381836,11.592113494873047
2022-05-18,27.945825576782227,64.72138214111328,26.802350997924805,11.697702407836914
2022-05-19,27.412256240844727,63.603179931640625,26.320327758789062,11.554403305053711
2022-05-20,27.712387084960938,64.27410888671875,26.544715881347656,11.652448654174805
2022-05-23,27.767972946166992,64.40828704833984,26.58626937866211,11.622281074523926
2022-05-24,27.45671844482422,63.603179931640625,26.295392990112305,11.426188468933105
2022-05-25,27.667924880981445,64.05046844482422,26.49485206604004,11.554403305053711
2022-05-26,27.32332992553711,63.29008483886719,26.187353134155273,11.41110610961914
2022-05-27,27.9013614654541,64.6766586303711,26.65275764465332,11.629822731018066
2022-05-30,28.579442977905273,66.15267181396484,27.25944709777832,11.89379596710205
2022-05-31,28.85734748840332,66.64468383789062,27.48383903503418,12.02955150604248
2022-06-01,28.712833404541016,66.55524444580078,27.40073013305664,12.037095069885254
2022-06-02,28.412704467773438,65.92903900146484,27.15140151977539,11.916421890258789
2022-06-03,,,,
2022-06-06,28.612791061401367,66.3763198852539,27.292688369750977,12.0144681930542
2022-06-07,28.323774337768555,65.61593627929688,27.03505516052246,11.871169090270996
2022-06-08,28.635025024414062,66.3763198852539,27.342552185058594,12.006924629211426
2022-06-09,28.546096801757812,66.15267181396484,27.2262020111084,12.02200984954834
2022-06-10,28.257076263427734,65.61593627929688,27.001813888549805,11.961673736572266
2022-06-13,27.467832565307617,63.82682800292969,26.33694839477539,11.614739418029785
2022-06-14,27.42337417602539,63.73737335205078,26.278772354125977,11.58457088470459
2022-06-15,27.28997802734375,63.334815979003906,26.170730590820312,11.501608848571777
2022-06-16,27.234397888183594,63.15590286254883,26.029447555541992,11.41110610961914
2022-06-17,26.867565155029297,62.44025802612305,25.76350212097168,11.237637519836426
2022-06-20,26.62301254272461,61.724609375,25.47262191772461,11.132047653198242
2022-06-21,27.167699813842773,62.84280776977539,25.987892150878906,11.380936622619629
2022-06-22,26.567434310913086,61.54570770263672,25.45600128173828,11.079253196716309
2022-06-23,26.21171760559082,60.6511344909668,25.20667839050293,10.860535621643066
2022-06-24,26.26729965209961,60.830047607421875,25.281476974487305,10.898245811462402
2022-06-27,26.889799118041992,62.1718864440918,25.771812438964844,11.10942268371582
2022-06-28,26.634130477905273,61.724609375,25.588973999023438,10.988751411437988
2022-06-29,26.41180992126465,61.098419189453125,25.356271743774414,10.898245811462402
2022-06-30,25.744842529296875,59.71185302734375,24.73296356201172,10.626733779907227
2022-07-01,24.799978256225586,57.65435791015625,24.034852981567383,10.24208927154541
2022-07-04,24.555423736572266,56.938716888427734,23.743974685668945,10.144042015075684
2022-07-05,24.67770004272461,57.38599395751953,23.85201644897461,10.227005004882812
2022-07-06,24.199708938598633,56.44670486450195,23.38661003112793,9.985658645629883
2022-07-07,24.922256469726562,58.01219177246094,24.026540756225586,10.362760543823242
2022-07-08,25.17792320251465,58.63838195800781,24.24262237548828,10.483433723449707
2022-07-11,24.955604553222656,58.191104888916016,24.059785842895508,10.408014297485352
2022-07-12,24.35533332824707,56.804527282714844,23.453096389770508,10.166667938232422
2022-07-13,25.22238540649414,58.68310546875,24.226003646850586,10.445724487304688
2022-07-14,25.34466552734375,58.862022399902344,24.358972549438477,10.528684616088867
2022-07-15,25.67814826965332,59.7565803527832,24.70802879333496,10.717236518859863
2022-07-18,25.791065216064453,59.93707275390625,24.938079833984375,10.792656898498535
2022-07-19,25.81365394592285,59.98265838623047,24.86810302734375,10.762489318847656
2022-07-20,25.9830322265625,60.16497802734375,24.938079833984375,10.852994918823242
2022-07-21,26.276626586914062,61.030982971191406,25.24422836303711,11.086797714233398
2022-07-22,26.378253936767578,61.30446243286133,25.279218673706055,11.0717134475708
2022-07-25,26.355669021606445,61.258888244628906,25.30545997619629,11.034001350402832
2022-07-26,26.11853790283203,60.666351318359375,25.14801025390625,10.905787467956543
2022-07-27,26.355669021606445,61.167728424072266,25.30545997619629,10.981208801269531
2022-07-28,26.400836944580078,61.35004425048828,25.366687774658203,11.003835678100586
2022-07-29,26.649261474609375,61.89699172973633,25.550376892089844,11.0717134475708
2022-08-01,26.570220947265625,61.71467971801758,25.506643295288086,11.056628227233887
2022-08-02,26.147069931030273,60.71192169189453,25.14801025390625,10.883161544799805
2022-08-03,26.305465698242188,60.98539733886719,25.19174575805664,10.943497657775879
2022-08-04,26.373353958129883,61.167728424072266,25.226734161376953,10.97366714477539
2022-08-05,27.040889739990234,62.671844482421875,25.79529571533203,11.237637519836426
2022-08-08,26.984317779541016,62.53511047363281,25.777801513671875,11.19992733001709
2022-08-09,26.961688995361328,62.39836883544922,25.777801513671875,11.20746898651123
2022-08-10,26.678834915161133,61.80583572387695,25.559123992919922,11.10188102722168
2022-08-11,27.165346145629883,62.94533157348633,26.013978958129883,11.282889366149902
2022-08-12,27.335060119628906,63.401123046875,26.215160369873047,11.358311653137207
2022-08-15,27.58397102355957,63.99365234375,26.425092697143555,11.478983879089355
2022-08-16,27.629226684570312,64.03922271728516,26.442584991455078,11.494328498840332
2022-08-17,27.640541076660156,64.17597198486328,26.477575302124023,11.494328498840332
2022-08-18,27.459510803222656,63.629024505615234,26.363861083984375,11.432944297790527
2022-08-19,27.50477409362793,63.7657585144043,26.39010238647461,11.44828987121582
2022-08-22,27.165346145629883,63.036476135253906,26.11019515991211,11.310173988342285
2022-08-23,26.746721267700195,62.07930374145508,25.751564025878906,11.156712532043457
2022-08-24,26.678834915161133,61.89699172973633,25.68158531188965,11.126019477844238
2022-08-25,26.927749633789062,62.443946838378906,25.882766723632812,11.210424423217773
2022-08-26,27.063514709472656,62.762996673583984,26.04021644592285,11.256463050842285
2022-08-29,26.373353958129883,61.30446243286133,25.392929077148438,10.957209587097168
2022-08-30,26.418609619140625,61.30446243286133,25.44541358947754,11.033943176269531
2022-08-31,26.610950469970703,61.71467971801758,25.611608505249023,11.118346214294434
2022-09-01,26.056556701660156,60.438453674316406,25.095529556274414,10.865133285522461
2022-09-02,25.77370262145996,59.89149475097656,24.850608825683594,10.76538372039795
2022-09-05,25.83027458190918,59.89149475097656,24.903091430664062,10.76538372039795
2022-09-06,25.999984741210938,60.25613021850586,24.9818115234375,10.76538372039795
2022-09-07,25.389020919799805,58.934322357177734,24.4482421875,10.596575736999512
2022-09-08,25.570043563842773,59.25338363647461,24.66691780090332,10.703996658325195
2022-09-09,,,,
2022-09-12,26.113126754760742,60.484031677246094,25.113021850585938,10.888152122497559
2022-09-13,26.248897552490234,60.8030891418457,25.226734161376953,10.957209587097168
2022-09-14,25.717130661010742,59.61802291870117,24.75438690185547,10.773056030273438
2022-09-15,25.76239013671875,59.70916748046875,24.850608825683594,10.796074867248535
2022-09-16,25.468215942382812,59.11664962768555,24.605690002441406,10.657959938049316
2022-09-19,25.355077743530273,58.75200271606445,24.465736389160156,10.619595527648926
2022-09-20,25.581361770629883,59.25338363647461,24.605690002441406,10.711669921875
2022-09-21,25.366392135620117,58.79759216308594,24.439491271972656,10.604248046875
2022-09-22,25.0609073638916,58.06831741333008,24.107101440429688,10.473804473876953
2022-09-23,24.82331085205078,57.430198669433594,23.923410415649414,10.374054908752441
2022-09-26,24.35942840576172,56.33628845214844,23.47730827331543,10.10549545288086
2022-09-27,24.325485229492188,56.24513626098633,23.39858055114746,10.128514289855957
2022-09-28,23.816347122192383,55.060062408447266,22.9437313079834,9.859955787658691
2022-09-29,23.73714828491211,54.877750396728516,22.88250160217285,9.836935043334961
2022-09-30,23.409038543701172,54.1028938293457,22.62009048461914,9.775550842285156
2022-10-03,23.126184463500977,53.5103645324707,22.410158157348633,9.66812801361084
2022-10-04,23.714521408081055,54.741004943847656,22.873754501342773,9.959705352783203
2022-10-05,24.268918991088867,56.10839080810547,23.37234115600586,10.220592498779297
2022-10-06,24.438629150390625,56.518611907958984,23.47730827331543,10.274304389953613
2022-10-07,24.03131866455078,55.56144714355469,23.118675231933594,10.113167762756348
2022-10-10,,,,
2022-10-11,22.786754608154297,52.78109359741211,22.138996124267578,9.637434959411621
2022-10-12,22.673614501953125,52.462032318115234,21.999038696289062,9.614415168762207
2022-10-13,22.402074813842773,51.823917388916016,21.64915657043457,9.530012130737305
2022-10-14,23.04698371887207,53.282466888427734,22.173986434936523,9.836935043334961
2022-10-17,22.617046356201172,52.234134674072266,21.867835998535156,9.706493377685547
2022-10-18,22.87727165222168,52.87224578857422,22.095260620117188,9.775550842285156
2022-10-19,22.571788787841797,52.18855285644531,21.88532829284668,9.66812801361084
2022-10-20,22.44733428955078,52.05181121826172,21.78911018371582,9.606742858886719
2022-10-21,22.37944984436035,51.732765197753906,21.727882385253906,9.553030014038086
2022-10-24,22.311561584472656,51.732765197753906,21.727882385253906,9.606742858886719
2022-10-25,21.881624221801758,50.59327697753906,21.395488739013672,9.399566650390625
2022-10-26,22.08527946472168,51.18581008911133,21.5179500579834,9.430261611938477
2022-10-27,22.402074813842773,51.86949920654297,21.780363082885742,9.560705184936523
2022-10-28,22.119220733642578,51.231388092041016,21.526697158813477,9.437934875488281
2022-10-31,22.41339111328125,51.915077209472656,21.780363082885742,9.606742858886719
2022-11-01,22.5378475189209,52.18855285644531,21.911571502685547,9.64510726928711
2022-11-02,22.628360748291016,52.41645431518555,22.016536712646484,9.714166641235352
2022-11-03,22.334192276000977,51.77833938598633,21.762866973876953,9.637434959411621
2022-11-04,22.368133544921875,51.86949920654297,21.80660629272461,9.65278148651123
2022-11-07,22.75281524658203,52.735511779785156,22.173986434936523,9.790897369384766
2022-11-08,22.99040985107422,53.32804870605469,22.401409149169922,9.852282524108887
2022-11-09,23.646635055541992,54.6954345703125,22.88250160217285,10.151533126831055
2022-11-10,23.420351028442383,54.194053649902344,22.707561492919922,10.090147972106934
2022-11-11,24.66490936279297,57.01998519897461,23.74846839904785,10.542861938476562
2022-11-14,24.891197204589844,57.65809631347656,23.89716911315918,10.634940147399902
2022-11-15,25.954729080200195,59.98265838623047,24.780630111694336,10.995576858520508
2022-11-16,25.90947151184082,59.917823791503906,24.78063201904297,11.018596649169922
2022-11-17,25.920785903930664,59.917823791503906,24.753870010375977,11.049288749694824
2022-11-18,25.8528995513916,59.7789192199707,24.673587799072266,11.003251075744629
2022-11-21,25.76239013671875,59.5010871887207,24.620065689086914,10.941865921020508
2022-11-22,25.977357864379883,60.05674743652344,24.70926856994629,10.987903594970703
2022-11-23,26.158384323120117,60.47348403930664,24.905515670776367,11.003251075744629
2022-11-24,26.40729331970215,61.02912902832031,25.164203643798828,11.149038314819336
2022-11-25,26.40729331970215,60.936527252197266,25.128522872924805,11.118346214294434
2022-11-28,25.875530242919922,59.917823791503906,24.744949340820312,10.926518440246582
2022-11-29,26.113126754760742,60.28826141357422,24.95903778076172,10.964883804321289
2022-11-30,26.328096389770508,60.89021682739258,25.164203643798828,11.087654113769531
2022-12-01,26.780664443969727,61.81631088256836,25.503175735473633,11.271807670593262
2022-12-02,26.54306983947754,61.39957046508789,25.31584930419922,11.256463050842285
2022-12-05,26.577007293701172,61.35325622558594,25.34261131286621,11.271807670593262
2022-12-06,26.090497970581055,60.3808708190918,24.96795654296875,11.064634323120117
2022-12-07,25.932100296020508,59.96412658691406,24.81631088256836,10.934192657470703
2022-12-08,25.626619338989258,59.26956558227539,24.557626724243164,10.819095611572266
2022-12-09,26.022613525390625,60.149349212646484,24.860916137695312,10.964883804321289
2022-12-12,25.77370262145996,59.73261642456055,24.700349807739258,10.88047981262207
2022-12-13,25.660560607910156,59.408477783203125,24.575464248657227,10.849788665771484
2022-12-14,25.977357864379883,60.195655822753906,24.88767433166504,10.995576858520508
2022-12-15,25.999984741210938,60.24197006225586,24.905515670776367,10.941865921020508
2022-12-16,25.570043563842773,59.17695999145508,24.504100799560547,10.76538372039795
2022-12-19,25.42296028137207,58.89912796020508,24.414897918701172,10.711669921875
2022-12-20,24.959083557128906,57.880435943603516,23.99564552307129,10.496824264526367
2022-12-21,25.0609073638916,58.019344329833984,24.040245056152344,10.504497528076172
2022-12-22,25.479530334472656,58.99174499511719,24.423816680908203,10.627267837524414
2022-12-23,25.049592971801758,58.15826416015625,24.102689743041992,10.489151000976562
2022-12-26,25.140106201171875,58.29718017578125,24.191890716552734,10.496824264526367
2022-12-27,25.25324821472168,58.43608856201172,24.26325225830078,10.542861938476562
2022-12-28,24.891197204589844,57.5099983215332,23.942119598388672,10.358708381652832
2022-12-29,24.778057098388672,57.278480529785156,23.826156616210938,10.343361854553223
2022-12-30,24.936452865600586,57.5099983215332,23.99564552307129,10.397073745727539
2023-01-02,,,,
2023-01-03,25.0609073638916,57.97304153442383,24.08484649658203,10.489151000976562
2023-01-04,25.00433921813965,57.74152755737305,24.040245056152344,10.473804473876953
2023-01-05,25.18536376953125,58.15826416015625,24.147287368774414,10.481478691101074
2023-01-06,25.298505783081055,58.52870178222656,24.298934936523438,10.611920356750488
2023-01-09,26.20363998413086,60.427181243896484,24.976877212524414,10.918846130371094
2023-01-10,26.305465698242188,60.89021682739258,25.13744354248047,10.995576858520508
2023-01-11,26.328096389770508,60.75130844116211,25.083921432495117,11.003251075744629
2023-01-12,26.21495246887207,60.70500564575195,25.066082000732422,10.972557067871094
2023-01-13,26.520437240600586,61.39957046508789,25.28908920288086,11.003251075744629
2023-01-16,26.72409439086914,61.90891647338867,25.422893524169922,11.049288749694824
2023-01-17,26.72409439086914,61.81631088256836,25.396129608154297,11.056961059570312
2023-01-18,,,,
2023-01-19,,,,
2023-01-20,,,,
2023-01-23,,,,
2023-01-24,,,,
2023-01-25,,,,
2023-01-26,,,,
2023-01-27,,,,
2023-01-30,27.92725372314453,64.59457397460938,26.448728561401367,11.536673545837402
2023-01-31,27.3719482421875,63.52956771850586,26.047317504882812,11.426575660705566
2023-02-01,27.53391456604004,63.85369873046875,26.20787811279297,11.513081550598145
2023-02-02,27.996667861938477,64.77978515625,26.537933349609375,11.701821327209473
2023-02-03,27.996667861938477,64.77978515625,26.52901268005371,11.701821327209473
2023-02-06,27.59175682067871,63.90000915527344,26.225719451904297,11.560267448425293
2023-02-07,27.53391456604004,63.76108169555664,26.145437240600586,11.528809547424316
2023-02-08,27.96196174621582,64.68717193603516,26.511167526245117,11.749004364013672
2023-02-09,27.973529815673828,64.73347473144531,26.493331909179688,11.764732360839844
2023-02-10,27.996667861938477,64.82608795166016,26.511167526245117,11.772597312927246
2023-02-13,27.93882179260254,64.68717193603516,26.448728561401367,11.69395637512207
2023-02-14,28.147062301635742,65.05760192871094,26.64497947692871,11.772597312927246
2023-02-15,27.499202728271484,63.76108169555664,26.10083770751953,11.568130493164062
2023-02-16,27.83470344543457,64.45565032958984,26.421968460083008,11.686091423034668
2023-02-17,27.4760684967041,63.6221809387207,26.19004249572754,11.59172248840332
2023-02-20,27.53391456604004,63.76108169555664,26.306005477905273,11.607450485229492
2023-02-21,27.5223445892334,63.66847610473633,26.25248146057129,11.646771430969238
2023-02-22,27.221553802490234,63.02021789550781,26.047317504882812,11.489489555358887
2023-02-23,27.62646484375,63.946311950683594,26.350608825683594,11.670364379882812
2023-02-24,27.487638473510742,63.6221809387207,26.243560791015625,11.560267448425293
2023-02-27,,,,
2023-02-28,,,,
2023-03-01,27.61489486694336,63.946311950683594,26.34168815612793,11.741142272949219
2023-03-02,27.59175682067871,63.76108169555664,26.32384490966797,11.717548370361328
2023-03-03,27.61489486694336,63.90000915527344,26.395206451416016,11.7332763671875
2023-03-06,27.880977630615234,64.59457397460938,26.609294891357422,11.890559196472168
2023-03-07,28.06608009338379,64.91869354248047,26.769861221313477,11.992794036865234
2023-03-08,27.83470344543457,64.50196075439453,26.618215560913086,11.914151191711426
2023-03-09,27.81156349182129,64.40935516357422,26.62713623046875,11.898423194885254
2023-03-10,27.3719482421875,63.4832649230957,26.25248146057129,11.69395637512207
2023-03-13,27.487638473510742,63.66847610473633,26.359525680541992,11.741142272949219
2023-03-14,27.186847686767578,62.973907470703125,26.047317504882812,11.599586486816406
2023-03-15,27.209983825683594,62.973907470703125,26.074077606201172,11.615315437316895
2023-03-16,27.082727432250977,62.649784088134766,25.931350708007812,11.59172248840332
2023-03-17,27.5223445892334,63.4832649230957,26.20787811279297,11.772597312927246
2023-03-20,27.325674057006836,63.15912628173828,26.109760284423828,11.72541332244873
2023-03-21,27.452930450439453,63.436954498291016,26.25248146057129,11.80405330657959
2023-03-22,27.973529815673828,64.64087677001953,26.689579010009766,11.984929084777832
2023-03-23,28.193336486816406,65.05760192871094,26.885822296142578,12.063570022583008
2023-03-24,28.27431869506836,65.42803955078125,27.00179100036621,12.165803909301758
2023-03-27,28.100786209106445,65.01130676269531,26.912586212158203,12.055706024169922
2023-03-28,27.85784149169922,64.45565032958984,26.698497772216797,11.922016143798828
2023-03-29,27.90411949157715,64.64087677001953,26.787700653076172,11.929879188537598
2023-03-30,28.04294204711914,64.87239074707031,26.97502899169922,12.04784107208252
2023-03-31,28.135494232177734,65.05760192871094,27.028549194335938,12.095027923583984
2023-04-03,,,,
2023-04-04,,,,
2023-04-05,,,,
2023-04-06,27.996667861938477,64.87239074707031,26.85906410217285,11.984929084777832
2023-04-07,27.996667861938477,64.77978515625,26.9215087890625,11.984929084777832
2023-04-10,27.996667861938477,64.87239074707031,26.939348220825195,11.984929084777832
2023-04-11,27.96196174621582,64.77978515625,26.939348220825195,11.992794036865234
2023-04-12,27.892547607421875,64.64087677001953,26.90366554260254,11.97706413269043
2023-04-13,27.649600982666016,64.08522033691406,26.743101119995117,11.874831199645996
2023-04-14,27.915687561035156,64.68717193603516,26.939348220825195,11.969202041625977
2023-04-17,27.846271514892578,64.59457397460938,26.885822296142578,11.914151191711426
2023-04-18,27.753721237182617,64.36304473876953,26.81446075439453,11.866968154907227
2023-04-19,27.545482635498047,63.90000915527344,26.62713623046875,11.80405330657959
2023-04-20,27.51077651977539,63.80739212036133,26.591453552246094,11.780460357666016
2023-04-21,27.44135856628418,63.6221809387207,26.484411239624023,11.701821327209473
2023-04-24,27.337244033813477,63.39065170288086,26.430885314941406,11.686091423034668
2023-04-25,26.978609085083008,62.60348892211914,26.10083770751953,11.458032608032227
2023-04-26,26.862916946411133,62.094139099121094,25.9759521484375,11.418712615966797
2023-04-27,26.83978271484375,62.233055114746094,26.00271224975586,11.481624603271484
2023-04-28,27.163707733154297,62.9276123046875,26.288162231445312,11.631043434143066
2023-05-01,,,,
2023-05-02,27.233121871948242,63.02021789550781,26.314924240112305,11.678228378295898
2023-05-03,27.117435455322266,62.83500289916992,26.20787811279297,11.66249942779541
2023-05-04,27.186847686767578,62.9276123046875,26.27032470703125,11.686091423034668
2023-05-05,27.256261825561523,63.15912628173828,26.297082901000977,11.701821327209473
2023-05-08,27.429792404174805,63.52956771850586,26.45764923095703,11.796189308166504
2023-05-09,27.51077651977539,63.714786529541016,26.555774688720703,11.80405330657959
2023-05-10,27.256261825561523,63.251747131347656,26.36844825744629,11.701821327209473
2023-05-11,27.198415756225586,62.973907470703125,26.243560791015625,11.631043434143066
2023-05-12,27.117435455322266,62.788700103759766,26.172199249267578,11.638907432556152
2023-05-15,27.117435455322266,62.788700103759766,26.216800689697266,11.59172248840332
2023-05-16,27.44135856628418,63.52956771850586,26.520092010498047,11.709685325622559
2023-05-17,27.892547607421875,64.50196075439453,26.90366554260254,11.83551025390625
2023-05-18,28.26275062561035,65.33544158935547,27.21587562561035,11.953473091125488
2023-05-19,28.343734741210938,65.47434997558594,27.314001083374023,12.01638412475586
2023-05-22,28.297460556030273,65.42803955078125,27.28723907470703,11.984929084777832
2023-05-23,28.27431869506836,65.42803955078125,27.296159744262695,12.00852108001709
2023-05-24,28.135494232177734,65.10391235351562,27.21587562561035,11.992794036865234
2023-05-25,28.470991134643555,65.79847717285156,27.438880920410156,12.189395904541016
2023-05-26,29.141984939575195,67.32652282714844,27.991941452026367,12.511824607849121
2023-05-29,29.327091217041016,67.65065002441406,28.152509689331055,12.676973342895508
2023-05-30,29.327091217041016,67.78956604003906,28.152509689331055,12.724156379699707
2023-05-31,29.188264846801758,67.41913604736328,28.063304901123047,12.684836387634277
2023-06-01,28.95688247680664,66.86347961425781,27.902742385864258,12.590466499328613
2023-06-02,29.327091217041016,67.69695281982422,28.24171257019043,12.724156379699707
2023-06-05,29.234535217285156,67.5117416381836,28.179271697998047,12.684836387634277
2023-06-06,29.315519332885742,67.7432632446289,28.366596221923828,12.700565338134766
2023-06-07,29.639448165893555,68.48413848876953,28.589601516723633,12.881439208984375
2023-06-08,29.3502254486084,67.83586883544922,28.295230865478516,12.716293334960938
2023-06-09,29.570035934448242,68.43783569335938,28.527162551879883,12.873574256896973
2023-06-12,29.847686767578125,68.94717407226562,28.69664764404297,12.983674049377441
2023-06-13,30.437698364257812,70.38260650634766,29.205108642578125,13.306103706359863
2023-06-14,30.426130294799805,70.24369049072266,29.222946166992188,13.345422744750977
2023-06-15,30.5186824798584,70.52153778076172,29.36566925048828,13.455521583557129
2023-06-16,30.437698364257812,70.29000091552734,29.338911056518555,13.40833568572998
2023-06-19,30.3682861328125,70.24369049072266,29.303226470947266,13.455521583557129
2023-06-20,30.206323623657227,69.82696533203125,29.178340911865234,13.33755874633789
2023-06-21,30.206323623657227,69.8732681274414,29.214027404785156,13.353285789489746
2023-06-22,,,,
2023-06-23,,,,
2023-06-26,30.021221160888672,69.45652770996094,29.04454231262207,13.227460861206055
2023-06-27,29.824548721313477,69.2249984741211,28.848291397094727,13.109498023986816
2023-06-28,29.870824813842773,69.13239288330078,28.866134643554688,13.156683921813965
2023-06-29,29.859254837036133,69.13239288330078,28.87505340576172,13.180276870727539
2023-06-30,29.870824813842773,69.2249984741211,28.955337524414062,13.227460861206055
2023-07-03,30.241029739379883,70.01216888427734,29.303226470947266,13.431927680969238
2023-07-04,30.310443878173828,70.29000091552734,29.410276412963867,13.604937553405762
2023-07-05,30.2641658782959,70.01216888427734,29.276470184326172,13.542024612426758
2023-07-06,29.593172073364258,68.761962890625,28.803695678710938,13.313966751098633
2023-07-07,29.54689598083496,68.53044128417969,28.65204620361328,13.243188858032227
2023-07-10,29.489049911499023,68.34522247314453,28.616365432739258,13.203869819641113
2023-07-11,29.893962860107422,69.3176040649414,29.035619735717773,13.455521583557129
2023-07-12,29.951807022094727,69.41021728515625,29.196182250976562,13.612801551818848
2023-07-13,30.287302017211914,70.15109252929688,29.437034606933594,13.832998275756836
2023-07-14,30.59966278076172,70.66043853759766,29.740324020385742,14.02173900604248
2023-07-17,30.54181671142578,70.79934692382812,29.731403350830078,14.037467002868652
2023-07-18,30.483131408691406,70.70696258544922,29.696746826171875,14.076784133911133
2023-07-19,30.224899291992188,70.42413330078125,29.54169464111328,13.903776168823242
2023-07-20,30.365755081176758,70.42413330078125,29.5599365234375,13.943096160888672
2023-07-21,29.861024856567383,69.38709259033203,29.27719497680664,13.880183219909668
2023-07-24,29.872760772705078,69.48136901855469,29.35927963256836,14.061057090759277
2023-07-25,30.248374938964844,70.23558044433594,29.623777389526367,14.13969898223877
2023-07-26,30.166208267211914,70.14130401611328,29.5599365234375,14.084650993347168
2023-07-27,30.40096664428711,70.47126007080078,29.696746826171875,14.092514991760254
2023-07-28,30.40096664428711,70.5184097290039,29.733226776123047,14.20261287689209
2023-07-31,30.23663902282715,70.23558044433594,29.45960807800293,14.029601097106934
2023-08-01,30.389225006103516,70.56553649902344,29.632902145385742,14.092514991760254
2023-08-02,30.01361656188965,69.76419830322266,29.185989379882812,13.738629341125488
2023-08-03,,,,
2023-08-04,29.872760772705078,69.38709259033203,29.094785690307617,13.715036392211914
2023-08-07,30.166208267211914,69.85847473144531,29.37752342224121,13.96668815612793
2023-08-08,29.814075469970703,69.19854736328125,29.076541900634766,13.85659122467041
2023-08-09,29.861024856567383,69.2928237915039,29.067424774169922,13.801542282104492
2023-08-10,29.6732177734375,68.91571807861328,28.83028793334961,13.526298522949219
2023-08-11,29.649747848510742,68.77429962158203,28.821165084838867,13.54988956451416
2023-08-14,29.227184295654297,67.92582702636719,28.438098907470703,13.463384628295898
2023-08-15,29.274131774902344,67.97295379638672,28.520185470581055,13.565617561340332
2023-08-16,29.12154197692871,67.69013214111328,28.383377075195312,13.670653343200684
2023-08-17,29.25065803527832,67.78441619873047,28.56578826904297,13.751448631286621
2023-08-18,29.0745906829834,67.4544448852539,28.383377075195312,13.565619468688965
2023-08-21,28.87504768371582,67.21875,28.273927688598633,13.525219917297363
2023-08-22,29.10980224609375,67.54872131347656,28.438098907470703,13.630255699157715
2023-08-23,29.30934715270996,68.0672378540039,28.656993865966797,13.751448631286621
2023-08-24,29.814075469970703,69.19854736328125,29.021820068359375,14.00191593170166
2023-08-25,29.238922119140625,68.02009582519531,28.47458267211914,13.63833236694336
2023-08-28,29.426725387573242,68.25579071044922,28.593151092529297,13.670653343200684
2023-08-29,29.591054916381836,68.58575439453125,28.766443252563477,13.727209091186523
2023-08-30,29.720170974731445,68.91571807861328,28.87588882446289,13.808006286621094
2023-08-31,29.508888244628906,68.44432830810547,28.693477630615234,13.791845321655273
2023-09-01,29.55584144592285,68.53860473632812,28.693477630615234,13.743369102478027
2023-09-04,29.755386352539062,69.00999450683594,28.903249740600586,13.832244873046875
2023-09-05,29.684955596923828,68.91571807861328,28.866771697998047,13.864562034606934
2023-09-06,29.57931900024414,68.68001556396484,28.793804168701172,13.880722045898438
2023-09-07,29.30934715270996,68.0672378540039,28.57491111755371,13.767606735229492
2023-09-08,29.18023109436035,67.78441619873047,28.483701705932617,13.654492378234863
2023-09-11,29.062854766845703,67.54872131347656,28.31041145324707,13.492902755737305
2023-09-12,29.356300354003906,68.0672378540039,28.520185470581055,13.646413803100586
2023-09-13,29.391511917114258,68.11437225341797,28.56578826904297,13.622174263000488
2023-09-14,29.802335739135742,69.05712890625,28.912372589111328,13.848403930664062
2023-09-15,29.896236419677734,69.2928237915039,29.122146606445312,13.961519241333008
2023-09-18,29.57931900024414,68.63288879394531,28.77556037902832,13.783766746520996
2023-09-19,29.4502010345459,68.35005187988281,28.638751983642578,13.71912956237793
2023-09-20,29.285869598388672,67.92582702636719,28.492822647094727,13.614094734191895
2023-09-21,28.816360473632812,67.03018951416016,28.146242141723633,13.420186042785645
2023-09-22,28.792884826660156,66.84164428710938,28.091516494750977,13.45250415802002
2023-09-25,29.00416374206543,67.36016082763672,28.264806747436523,13.58177661895752
2023-09-26,28.663766860961914,66.5588150024414,27.927345275878906,13.39594554901123
2023-09-27,28.675506591796875,66.5588150024414,27.991191864013672,13.420186042785645
2023-09-28,28.792884826660156,66.79450988769531,28.082395553588867,13.50097942352295
2023-09-29,,,,
2023-10-02,29.168495178222656,67.69013214111328,28.4016170501709,13.775686264038086
2023-10-03,28.992427825927734,67.36016082763672,28.237443923950195,13.694891929626465
2023-10-04,28.6168155670166,66.51168060302734,27.899982452392578,13.597935676574707
2023-10-05,29.02764129638672,67.31302642822266,28.246566772460938,13.759528160095215
2023-10-06,29.13327980041504,67.64299011230469,28.383377075195312,13.808006286621094
2023-10-09,,,,
2023-10-10,,,,
2023-10-11,29.63800811767578,68.68001556396484,28.784683227539062,13.904958724975586
2023-10-12,29.884498596191406,69.24568176269531,29.012697219848633,13.961519241333008
2023-10-13,29.802335739135742,69.1042709350586,28.948854446411133,13.953438758850098
2023-10-16,29.63800811767578,68.72716522216797,28.80292320251465,13.84032154083252
2023-10-17,29.708433151245117,68.72716522216797,28.77556037902832,13.816085815429688
2023-10-18,29.297609329223633,67.97295379638672,28.4654598236084,13.58985710144043
2023-10-19,29.30934715270996,68.11437225341797,28.501943588256836,13.614094734191895
2023-10-20,29.438467025756836,68.2086410522461,28.520185470581055,13.622174263000488
2023-10-23,29.0745906829834,67.4544448852539,28.182723999023438,13.436344146728516
2023-10-24,29.098066329956055,67.50157928466797,28.2100830078125,13.46866226196289
2023-10-25,29.156755447387695,67.59586334228516,28.255685806274414,13.50097942352295
2023-10-26,28.581602096557617,66.51168060302734,27.763174057006836,13.218195915222168
2023-10-27,28.710718154907227,66.60594940185547,27.854381561279297,13.210116386413574
2023-10-30,28.640291213989258,66.51168060302734,27.845258712768555,13.250514030456543
2023-10-31,28.44074821472168,66.08743286132812,27.6628475189209,13.105081558227539
2023-11-01,28.581602096557617,66.27599334716797,27.72669219970703,13.153559684753418
2023-11-02,29.227184295654297,67.8786849975586,28.35601234436035,13.50097942352295
2023-11-03,29.4502010345459,68.25579071044922,28.55666732788086,13.565619468688965
2023-11-06,29.708433151245117,68.86857604980469,28.80292320251465,13.71912956237793
2023-11-07,29.696693420410156,68.8214340209961,28.81204605102539,13.727209091186523
2023-11-08,29.861024856567383,69.15139770507812,28.921491622924805,13.84032154083252
2023-11-09,29.872760772705078,69.24568176269531,28.976215362548828,13.880722045898438
2023-11-10,29.755386352539062,68.96286010742188,28.857648849487305,13.791845321655273
2023-11-13,30.213159561157227,69.99989318847656,29.22247314453125,13.961519241333008
2023-11-14,30.283586502075195,70.23558044433594,29.32280158996582,14.00191593170166
2023-11-15,30.6474609375,70.98978424072266,29.687623977661133,14.106948852539062
2023-11-16,30.659198760986328,71.1433334350586,29.73665428161621,14.090791702270508
2023-11-17,30.75309944152832,71.28636932373047,29.73665428161621,14.163507461547852
2023-11-20,30.741361618041992,71.19100952148438,29.68008041381836,14.203904151916504
2023-11-21,31.116971969604492,72.04931640625,30.028926849365234,14.373577117919922
2023-11-22,30.83526611328125,71.52479553222656,29.774364471435547,14.276620864868164
2023-11-23,30.823530197143555,71.42942810058594,29.78379249572754,14.244302749633789
2023-11-24,30.800050735473633,71.3817367553711,29.774364471435547,14.252382278442383
2023-11-27,30.600509643554688,70.76185607910156,29.604656219482422,14.106948852539062
2023-11-28,30.811786651611328,71.3817367553711,29.840364456176758,14.228144645690918
2023-11-29,30.788312911987305,71.33406066894531,29.793222427368164,14.268542289733887
2023-11-30,30.83526611328125,71.47709655761719,29.868648529052734,14.292781829833984
2023-12-01,30.94090461730957,71.57247161865234,29.88750457763672,14.292781829833984
2023-12-04,30.823530197143555,71.42942810058594,29.90635871887207,14.244302749633789
2023-12-05,30.600509643554688,70.95259094238281,29.69894027709961,14.139269828796387
2023-12-06,30.706148147583008,71.1433334350586,29.821504592895508,14.179665565490723
2023-12-07,30.518341064453125,70.76185607910156,29.63294219970703,14.131187438964844
2023-12-08,30.76483917236328,71.19100952148438,29.821504592895508,14.203904151916504
2023-12-11,30.800050735473633,71.33406066894531,29.830934524536133,14.236223220825195
2023-12-12,30.8704776763916,71.47709655761719,29.915786743164062,14.260461807250977
2023-12-13,30.88221549987793,71.57247161865234,29.934646606445312,14.365497589111328
2023-12-14,31.25782585144043,72.28772735595703,30.23634910583496,14.551326751708984
2023-12-15,31.38694190979004,72.52613830566406,30.311777114868164,14.567485809326172
2023-12-18,31.43389129638672,72.5738296508789,30.340059280395508,14.567485809326172
2023-12-19,31.316516876220703,72.43077087402344,30.255205154418945,14.527087211608887
2023-12-20,31.398681640625,72.5738296508789,30.368343353271484,14.58364486694336
2023-12-21,31.12870979309082,72.00161743164062,30.142066955566406,14.502850532531738
2023-12-22,31.21087646484375,72.1446762084961,30.217491149902344,14.575567245483398
2023-12-25,31.339990615844727,72.47845458984375,30.27406120300293,14.656360626220703
2023-12-26,31.51605796813965,72.85992431640625,30.53805160522461,14.753314971923828
2023-12-27,31.868194580078125,73.52748107910156,30.754899978637695,14.93914794921875
2023-12-28,31.868194580078125,73.62284851074219,30.764331817626953,14.914908409118652
2023-12-29,31.797767639160156,73.57516479492188,30.67947769165039,14.963384628295898
2024-01-01,,,,
2024-01-02,31.66864776611328,73.33676147460938,30.632335662841797,14.777555465698242
2024-01-03,31.116971969604492,72.09698486328125,30.16092300415039,14.527087211608887
2024-01-04,31.105236053466797,72.04931640625,30.179777145385742,14.519006729125977
2024-01-05,31.023067474365234,71.85858154296875,30.066638946533203,14.470532417297363
2024-01-08,31.163921356201172,72.38309478759766,30.255205154418945,14.502850532531738
2024-01-09,31.222612380981445,72.33540344238281,30.19863510131836,14.510929107666016
2024-01-10,31.05828094482422,72.04931640625,30.076068878173828,14.46245002746582
2024-01-11,31.187400817871094,72.38309478759766,30.189207077026367,14.543248176574707
2024-01-12,31.140445709228516,72.19235229492188,30.08549690246582,14.551326751708984
2024-01-15,31.140445709228516,72.19235229492188,30.08549690246582,14.551326751708984
2024-01-16,30.905691146850586,71.71552276611328,29.90635871887207,14.494770050048828
2024-01-17,30.617412567138672,71.23869323730469,29.689510345458984,14.309264183044434
2024-01-18,30.821611404418945,71.52479553222656,29.81207847595215,14.342992782592773
2024-01-19,31.92667007446289,73.90894317626953,30.641761779785156,14.815189361572266
2024-01-22,32.142879486083984,74.29042053222656,30.754899978637695,15.025992393493652
2024-01-23,32.202938079833984,74.5288314819336,30.868045806884766,15.059721946716309
2024-01-24,32.19092559814453,74.5765151977539,30.84918212890625,15.051288604736328
2024-01-25,32.587303161621094,75.43482208251953,31.160314559936523,15.194634437561035
2024-01-26,32.587303161621094,75.43482208251953,31.160314559936523,15.127177238464355
2024-01-29,32.79150390625,75.9116439819336,31.367738723754883,15.228362083435059
2024-01-30,32.707420349121094,75.76858520507812,31.28288459777832,15.304250717163086
2024-01-31,32.27500915527344,74.81493377685547,30.94346809387207,15.110313415527344
2024-02-01,32.27500915527344,74.81493377685547,31.05660057067871,15.059721946716309
2024-02-02,32.45518112182617,75.29176330566406,31.179170608520508,15.177770614624023
2024-02-05,32.65937423706055,75.86396026611328,31.292312622070312,15.270523071289062
2024-02-06,,,,
2024-02-07,,,,
2024-02-08,,,,
2024-02-09,,,,
2024-02-12,,,,
2024-02-13,,,,
2024-02-14,,,,
2024-02-15,34.19685363769531,79.1064224243164,32.44255447387695,15.860770225524902
2024-02-16,33.94461441040039,78.67727661132812,32.27284622192383,15.768016815185547
2024-02-19,33.896568298339844,78.5819091796875,32.25399398803711,15.72585391998291
2024-02-20,34.028690338134766,78.86800384521484,32.4614143371582,15.877634048461914
2024-02-21,33.920589447021484,78.5819091796875,32.39541244506836,15.776446342468262
2024-02-22,34.304954528808594,79.4878921508789,32.60283660888672,15.995682716369629
2024-02-23,34.53317642211914,80.01240539550781,32.77254104614258,16.1474609375
2024-02-26,34.58122253417969,80.25081634521484,32.866825103759766,16.240215301513672
2024-02-27,34.43708038330078,79.96470642089844,32.715972900390625,16.155893325805664
2024-02-28,,,,
2024-02-29,34.425071716308594,80.0600814819336,32.753692626953125,16.164325714111328
2024-03-01,34.304954528808594,79.82167053222656,32.687686920166016,16.09686851501465
2024-03-04,35.30191421508789,81.8720474243164,33.375953674316406,16.518474578857422
2024-03-05,35.590187072753906,82.63497924804688,33.6682243347168,16.67868423461914
2024-03-06,35.75835418701172,83.11180114746094,33.80965042114258,16.855756759643555
2024-03-07,36.5871467590332,84.82839965820312,34.46963119506836,17.117151260375977
2024-03-08,37.10364532470703,85.92512512207031,34.8561897277832,17.218338012695312
2024-03-11,36.731285095214844,85.16218566894531,34.611045837402344,17.16774559020996
2024-03-12,37.11565399169922,86.0204849243164,34.95046615600586,17.454435348510742
2024-03-13,37.29582977294922,86.59268188476562,35.09189224243164,17.437572479248047
2024-03-14,37.259796142578125,86.3542709350586,35.03532409667969,17.226768493652344
2024-03-15,36.75531005859375,85.63902282714844,34.77132797241211,17.218338012695312
2024-03-18,37.09163284301758,86.11585998535156,34.92218017578125,17.530324935913086
2024-03-19,37.00755310058594,86.11585998535156,34.96931838989258,17.564050674438477
2024-03-20,36.80335235595703,85.73439025878906,34.79018783569336,17.437572479248047
2024-03-21,37.812320709228516,87.73707580566406,35.610443115234375,17.876041412353516
2024-03-22,37.764278411865234,87.7847671508789,35.60101318359375,17.994089126586914
2024-03-25,37.83634948730469,87.83244323730469,35.5444450378418,17.909767150878906
2024-03-26,37.86037063598633,87.92780303955078,35.64815902709961,17.75798988342285
2024-03-27,37.87238311767578,87.97549438476562,35.64815902709961,17.91819953918457
2024-03-28,37.69221115112305,87.54634857177734,35.60101318359375,18.086843490600586
2024-03-29,37.90842056274414,87.88013458251953,35.78957748413086,18.086843490600586
2024-04-01,37.812320709228516,87.59402465820312,35.58216094970703,17.98565673828125
2024-04-02,38.35284423828125,88.8814697265625,36.11013412475586,18.30607795715332
2024-04-03,38.088592529296875,88.5000228881836,35.81786346435547,18.263916015625
2024-04-04,,,,
2024-04-05,,,,
2024-04-08,38.3047981262207,88.78610229492188,36.03471374511719,18.280780792236328
2024-04-09,39.217674255371094,91.02721405029297,36.732398986816406,18.533742904663086
2024-04-10,39.157615661621094,90.93185424804688,36.67583465576172,18.500015258789062
2024-04-11,39.03750228881836,90.55038452148438,36.63812255859375,18.373533248901367
2024-04-12,38.941410064697266,90.4073486328125,36.600406646728516,18.373533248901367
2024-04-15,38.436927795410156,89.45367431640625,36.27042007446289,17.951929092407227
2024-04-16,37.39192199707031,87.06951904296875,35.15789031982422,17.412273406982422
2024-04-17,37.812320709228516,88.07086181640625,35.610443115234375,17.589351654052734
2024-04-18,38.18468475341797,88.7384262084961,35.88386154174805,17.7073974609375
2024-04-19,36.25082778930664,84.39925384521484,34.35648727416992,16.872621536254883
2024-04-22,36.142723083496094,83.92242431640625,34.290489196777344,16.61965560913086
2024-04-23,36.49105453491211,84.63766479492188,34.601619720458984,16.82202911376953
2024-04-24,37.56008529663086,87.16488647460938,35.49730682373047,17.513460159301758
2024-04-25,36.875431060791016,85.78206634521484,34.931610107421875,17.176176071166992
2024-04-26,37.47600555419922,87.11719512939453,35.478450775146484,17.471298217773438
2024-04-29,38.148651123046875,88.45232391357422,36.06299591064453,17.741127014160156
2024-04-30,38.01652145385742,88.40464782714844,36.00642776489258,17.715831756591797
2024-05-01,,,,
2024-05-02,37.51203536987305,87.26024627685547,35.53501510620117,17.555620193481445
2024-05-03,37.7042236328125,87.73707580566406,35.657588958740234,17.65680694580078
2024-05-06,38.2447395324707,88.97683715820312,36.2232780456543,18.010953903198242
2024-05-07,38.4609489440918,89.40599060058594,36.421268463134766,18.10370445251465
2024-05-08,38.6050910949707,89.7397689819336,36.477840423583984,18.255483627319336
2024-05-09,38.55704116821289,89.64440155029297,36.36469650268555,18.297645568847656
2024-05-10,38.83330535888672,90.35964965820312,36.70411682128906,18.263916015625
2024-05-13,39.22968673706055,90.97953033447266,36.96810531616211,18.365102767944336
2024-05-14,39.49394607543945,91.69478607177734,37.21324157714844,18.559040069580078
2024-05-15,40.03445816040039,92.98223114013672,37.5809440612793,18.677087783813477
2024-05-16,40.226646423339844,93.55442810058594,37.807220458984375,18.812002182006836
2024-05-17,40.17859649658203,93.2683334350586,37.75065231323242,18.761409759521484
2024-05-20,40.16658401489258,93.12527465820312,37.72236251831055,18.719249725341797
2024-05-21,40.1185417175293,93.07759094238281,37.6563720703125,18.710817337036133
2024-05-22,40.8392333984375,94.88955688476562,38.297489166259766,19.056533813476562
2024-05-23,41.15153884887695,95.55712127685547,38.48605728149414,19.275768280029297
2024-05-24,40.98337173461914,95.2710189819336,38.40119934082031,19.25890350341797
2024-05-27,41.547916412353516,96.41542053222656,38.844329833984375,19.77326202392578
2024-05-28,41.607975006103516,96.46310424804688,39.032894134521484,19.849149703979492
2024-05-29,41.04343032836914,95.41407012939453,38.5803337097168,19.66364288330078
2024-05-30,40.33475112915039,93.74516296386719,37.929786682128906,19.28420066833496
2024-05-31,39.87831497192383,92.98223114013672,37.71294021606445,19.014371871948242
2024-06-03,40.73113250732422,94.55577087402344,38.297489166259766,19.385385513305664
2024-06-04,40.08251190185547,93.2683334350586,37.854366302490234,19.022804260253906
2024-06-05,40.46687698364258,94.17430877685547,38.203208923339844,19.157718658447266
2024-06-06,41.84820556640625,97.08299255371094,39.21202850341797,19.688940048217773
2024-06-07,41.523895263671875,96.36774444580078,38.96689224243164,19.528730392456055
2024-06-10,,,,
2024-06-11,41.631996154785156,96.60615539550781,39.00461196899414,19.579322814941406
2024-06-12,42.376712799072266,98.37042999267578,39.42887496948242,19.98406410217285
2024-06-13,42.989295959472656,99.70555877685547,39.98514175415039,20.405670166015625
2024-06-14,43.241539001464844,100.37312316894531,40.239707946777344,20.599607467651367
2024-06-17,43.241539001464844,100.325439453125,40.26799011230469,20.616470336914062
2024-06-18,43.96223449707031,101.99434661865234,40.871395111083984,20.90316390991211
2024-06-19,45.1513786315918,105.14144897460938,42.031070709228516,21.60302734375
2024-06-20,45.58379364013672,105.7136459350586,42.30448913574219,21.948741912841797
2024-06-21,45.30752944946289,104.90303039550781,42.0499267578125,21.780101776123047
2024-06-24,44.20246505737305,102.61422729492188,41.144813537597656,21.257307052612305
2024-06-25,44.17844009399414,102.47118377685547,41.144813537597656,21.232013702392578
2024-06-26,44.52678298950195,103.42485809326172,41.45594787597656,21.383792877197266
2024-06-27,44.514766693115234,103.23411560058594,41.39937973022461,21.33319854736328
2024-06-28,44.79103088378906,104.14009857177734,41.691654205322266,21.552433013916016
2024-07-01,44.827064514160156,104.3308334350586,41.729366302490234,21.569297790527344
2024-07-02,44.52678298950195,103.5678939819336,41.49365997314453,21.366928100585938
2024-07-03,45.06729507446289,104.75997161865234,41.94621658325195,21.501840591430664
2024-07-04,46.24442672729492,107.43023681640625,42.83246994018555,22.007766723632812
2024-07-05,46.07626724243164,107.19182586669922,42.71933364868164,21.965604782104492
2024-07-08,47.529666900634766,110.2435531616211,43.82243347167969,22.68233299255371
2024-07-09,47.48161697387695,110.3865966796875,43.77529525756836,22.758220672607422
2024-07-10,47.6497802734375,110.86343383789062,43.99214553833008,22.79195213317871
2024-07-11,48.70679473876953,113.39064025878906,44.83125686645508,23.061779022216797
2024-07-12,47.169315338134766,110.2435531616211,43.68101501464844,22.345048904418945
2024-07-15,47.253395080566406,110.05281829833984,43.63386917114258,22.37034797668457
2024-07-16,47.53107452392578,110.61260223388672,43.83841323852539,22.429372787475586
2024-07-17,46.867061614990234,109.17233276367188,43.39127731323242,22.184837341308594
2024-07-18,46.02195739746094,106.96392059326172,42.57311248779297,21.577728271484375
2024-07-19,44.971614837646484,104.65948486328125,41.716888427734375,21.189851760864258
2024-07-22,43.63151931762695,101.39488220214844,40.52769470214844,20.481557846069336
2024-07-23,44.98368835449219,104.32343292236328,41.50759506225586,21.038074493408203
2024-07-24,,,,
2024-07-25,,,,
2024-07-26,43.22104263305664,100.62674713134766,40.11861038208008,20.32978057861328
2024-07-29,43.60737991333008,101.4428939819336,40.518184661865234,20.346643447875977
2024-07-30,43.60737991333008,101.53890228271484,40.48012924194336,20.523717880249023
2024-07-31,43.66773986816406,101.4428939819336,40.48012924194336,20.49842071533203
2024-08-01,44.42832946777344,103.26724243164062,41.14607620239258,20.86100196838379
2024-08-02,42.18276596069336,98.32231903076172,39.300453186035156,19.73110008239746
2024-08-05,38.33150863647461,89.96875,35.932655334472656,17.85917854309082
2024-08-06,40.444271087646484,93.66544342041016,37.56898880004883,18.685522079467773
2024-08-07,42.04996871948242,97.4581527709961,38.85331726074219,19.40224838256836
2024-08-08,41.18071746826172,95.72982788085938,38.1873664855957,18.972211837768555
2024-08-09,42.46044921875,98.61035919189453,39.309967041015625,19.461273193359375
2024-08-12,42.99165725708008,99.90660095214844,39.74758529663086,19.95876693725586
2024-08-13,43.10031509399414,100.24267578125,39.880775451660156,20.085248947143555
2024-08-14,43.64359664916992,101.4428939819336,40.3564567565918,20.346643447875977
2024-08-15,43.3055534362793,100.86678314208984,40.10910415649414,20.16956901550293
2024-08-16,44.28345489501953,103.0751953125,40.87969970703125,20.618371963500977
2024-08-19,44.34382247924805,103.17121124267578,40.87969970703125,20.69757080078125
2024-08-20,44.36796569824219,103.21922302246094,40.946292877197266,20.732770919799805
2024-08-21,43.897125244140625,102.01899719238281,40.69894027709961,20.539169311523438
2024-08-22,43.66773986816406,101.58692169189453,40.394508361816406,20.433568954467773
2024-08-23,43.69188690185547,101.73094177246094,40.43256378173828,20.49517059326172
2024-08-26,43.76432418823242,101.68293762207031,40.48964309692383,20.433568954467773
2024-08-27,43.57115173339844,101.29886627197266,40.3849983215332,20.380769729614258
2024-08-28,44.18687438964844,102.69112396240234,40.87969970703125,20.635971069335938
2024-08-29,43.58322525024414,101.53890228271484,40.24229049682617,20.53036880493164
2024-08-30,43.78847122192383,101.53890228271484,40.327911376953125,20.521568298339844
2024-09-02,43.66773986816406,101.4428939819336,40.337425231933594,20.424768447875977
2024-09-03,43.47457504272461,101.15483093261719,40.23278045654297,20.407169342041016
2024-09-04,41.34973907470703,96.30593872070312,38.50131607055664,19.439170837402344
2024-09-05,41.603271484375,96.7380142211914,38.6249885559082,19.38637351989746
2024-09-06,42.19484329223633,98.08226776123047,39.13871765136719,19.641569137573242
2024-09-09,41.54290771484375,96.49797821044922,38.54888153076172,19.307170867919922
2024-09-10,41.6153450012207,96.54598236083984,38.63450241088867,19.254371643066406
2024-09-11,41.4946174621582,96.30593872070312,38.4632568359375,19.210371017456055
2024-09-12,43.05202102661133,99.85859680175781,39.671478271484375,19.90557098388672
2024-09-13,43.0761604309082,100.24267578125,39.84272384643555,19.914369583129883
2024-09-16,43.160675048828125,100.62674713134766,40.071044921875,19.975971221923828
2024-09-17,,,,
2024-09-18,42.94336700439453,99.76258087158203,39.72855758666992,19.641569137573242
2024-09-19,43.49871826171875,101.15483093261719,40.27083206176758,19.94957160949707
2024-09-20,44.05406951904297,102.35505676269531,40.73699188232422,20.099170684814453
2024-09-23,44.24723434448242,102.73912811279297,40.91775131225586,20.204769134521484
2024-09-24,44.66979217529297,103.74732971191406,41.2602424621582,20.424768447875977
2024-09-25,45.333805084228516,105.4276351928711,41.93570327758789,20.776769638061523
2024-09-26,45.708065032958984,106.14777374267578,42.1354866027832,20.917570114135742
2024-09-27,45.611480712890625,105.90772247314453,42.05937957763672,20.935169219970703
2024-09-30,44.416255950927734,103.21922302246094,40.946292877197266,20.32796859741211
2024-10-01,44.331748962402344,103.21922302246094,41.0985107421875,20.363168716430664
2024-10-02,,,,
2024-10-03,,,,
2024-10-04,44.331748962402344,103.21922302246094,41.069969177246094,20.33677101135254
2024-10-07,45.430381774902344,105.57166290283203,41.95472717285156,20.776769638061523
2024-10-08,45.213069915771484,105.0915756225586,41.73591613769531,20.653568267822266
2024-10-09,45.635623931884766,106.33980560302734,42.144996643066406,20.908769607543945
2024-10-10,,,,
2024-10-11,46.39621353149414,108.16414642333984,42.68727111816406,21.20796775817871
2024-10-14,46.43243408203125,108.30816650390625,42.734840393066406,21.295970916748047
2024-10-15,47.42241287231445,110.37255096435547,43.52446365356445,21.68316650390625
2024-10-16,46.60145568847656,108.64423370361328,42.91559600830078,21.498369216918945
2024-10-17,46.67389678955078,108.69224548339844,43.02024841308594,21.542367935180664
2024-10-18,47.8328971862793,111.28472900390625,43.952571868896484,21.84156608581543
2024-10-21,47.820823669433594,111.5727767944336,43.952571868896484,21.973567962646484
2024-10-22,47.639732360839844,110.99667358398438,43.83841323852539,22.061567306518555
2024-10-23,47.32583236694336,110.32454681396484,43.619598388671875,21.95596694946289
2024-10-24,47.03608322143555,109.65242004394531,43.36273193359375,21.718366622924805
2024-10-25,47.42241287231445,110.42056274414062,43.67668151855469,21.991167068481445
2024-10-28,47.33790588378906,110.27653503417969,43.5720329284668,21.93836784362793
2024-10-29,46.2392692565918,108.2601547241211,42.74435043334961,21.48956871032715
2024-10-30,46.311710357666016,107.7320556640625,42.74435043334961,21.48076820373535
2024-10-31,,,,
2024-11-01,45.9978141784668,107.20396423339844,42.439918518066406,21.39276695251465
2024-11-04,46.58938217163086,108.64423370361328,42.972679138183594,21.621566772460938
2024-11-05,46.75840377807617,108.93228149414062,43.067813873291016,21.69196891784668
2024-11-06,47.132667541503906,109.8444595336914,43.372249603271484,21.929569244384766
2024-11-07,47.67594909667969,110.80463409423828,43.800357818603516,22.149568557739258
2024-11-08,48.050209045410156,111.81282043457031,44.1523551940918,22.237565994262695
2024-11-11,48.0743522644043,111.81282043457031,44.19041442871094,22.27276611328125
2024-11-12,46.842918395996094,109.17233276367188,43.19149398803711,21.7271671295166
2024-11-13,46.54109191894531,108.45219421386719,42.98219680786133,21.75356674194336
2024-11-14,46.1185417175293,107.58804321289062,42.63970184326172,21.471967697143555
2024-11-15,46.44451141357422,107.82807922363281,42.810951232910156,21.52476692199707
2024-11-18,45.792572021484375,106.86014556884766,42.29027557373047,21.199169158935547
2024-11-19,46.42036437988281,107.87648010253906,42.75309753417969,21.41916847229004
2024-11-20,46.227195739746094,107.63449096679688,42.52168273925781,21.401567459106445
2024-11-21,45.72013473510742,106.37618255615234,42.1745719909668,21.2343692779541
2024-11-22,46.61353302001953,108.070068359375,42.91701126098633,21.612768173217773
2024-11-25,46.44451141357422,107.87648010253906,42.782020568847656,21.68316650390625
2024-11-26,45.84086227416992,106.37618255615234,42.51204299926758,21.366369247436523
2024-11-27,45.17685317993164,105.06946563720703,41.70210647583008,21.01436996459961
2024-11-28,45.10441970825195,104.82748413085938,41.59604263305664,20.935169219970703
2024-11-29,45.213069915771484,104.77908325195312,41.692466735839844,20.996768951416016
2024-12-02,46.28756332397461,107.58609771728516,42.52168273925781,21.471967697143555
2024-12-03,46.91535186767578,108.84441375732422,42.92665481567383,21.559967041015625
2024-12-04,47.19302749633789,109.71556091308594,43.225563049316406,21.806367874145508
2024-12-05,47.44655990600586,110.19952392578125,43.36054992675781,21.815170288085938
2024-12-06,47.26546859741211,109.86074829101562,43.33161926269531,21.7359676361084
2024-12-09,47.32583236694336,109.9575424194336,43.37018966674805,21.7271671295166
2024-12-10,46.98779296875,109.47357177734375,43.14841842651367,21.603965759277344
2024-12-11,46.577308654785156,108.31204986572266,42.74345779418945,21.471967697143555
2024-12-12,47.1205940246582,109.52197265625,43.196632385253906,21.665569305419922
2024-12-13,47.15681457519531,109.81234741210938,43.206275939941406,21.68316650390625
2024-12-16,47.34998321533203,110.10272979736328,43.36054992675781,21.542367935180664
2024-12-17,47.59143829345703,110.53829956054688,43.418399810791016,21.7359676361084
2024-12-18,47.59143829345703,110.73188781738281,43.447330474853516,21.744768142700195
2024-12-19,46.93949508666992,109.47357177734375,43.023075103759766,21.586368560791016
2024-12-20,46.504878997802734,108.31204986572266,42.62774658203125,21.46316909790039
2024-12-23,47.62765884399414,110.63510131835938,43.42804718017578,21.86796760559082
2024-12-24,47.76045608520508,110.87708282470703,43.53410720825195,21.86796760559082
2024-12-25,47.905330657958984,111.21585845947266,43.669097900390625,21.973567962646484
2024-12-26,47.86911392211914,111.3126449584961,43.68838119506836,21.991167068481445
2024-12-27,48.02606201171875,111.60303497314453,43.79444122314453,22.04396629333496
2024-12-30,47.76045608520508,111.26425170898438,43.58231735229492,21.920766830444336
2024-12-31,47.26546859741211,110.44151306152344,43.37983322143555,21.920766830444336
2025-01-02,46.85498809814453,109.18319702148438,42.868797302246094,21.542367935180664
2025-01-03,47.32583236694336,109.86074829101562,43.254486083984375,21.674365997314453
2025-01-06,48.8108024597168,113.24851989746094,44.469390869140625,22.184764862060547
2025-01-07,49.35408020019531,114.45845031738281,44.864715576171875,22.510366439819336
2025-01-08,48.61763381958008,113.05493927001953,44.32476043701172,22.263967514038086
2025-01-09,48.06228256225586,111.79661560058594,43.80408477783203,21.929569244384766
2025-01-10,48.050209045410156,111.45783996582031,43.74623107910156,21.93836784362793
2025-01-13,46.93949508666992,109.18319702148438,42.830230712890625,21.27836799621582
2025-01-14,47.229248046875,109.61875915527344,43.061641693115234,21.48076820373535
2025-01-15,46.867061614990234,109.13479614257812,42.77238082885742,21.251968383789062
2025-01-16,47.820823669433594,111.11906433105469,43.62088394165039,21.656768798828125
2025-01-17,48.053375244140625,111.60303497314453,43.80408477783203,21.729381561279297
2025-01-20,48.54296875,112.81295776367188,44.14155578613281,21.983524322509766
2025-01-21,48.64088821411133,112.95813751220703,44.19941329956055,22.037986755371094
2025-01-22,49.2773551940918,114.60363006591797,44.78758239746094,22.25582504272461
2025-01-23,,,,
2025-01-24,,,,
2025-01-27,,,,
2025-01-28,,,,
2025-01-29,,,,
2025-01-30,,,,
2025-01-31,,,,
2025-02-03,47.17211151123047,109.52197265625,43.003787994384766,21.248321533203125
2025-02-04,47.45363235473633,109.90914916992188,43.196632385253906,21.2664737701416
2025-02-05,48.175777435302734,111.74822235107422,43.73659133911133,21.611385345458984
2025-02-06,48.38385009765625,112.18379211425781,43.9390754699707,21.711227416992188
2025-02-07,48.60416793823242,112.81295776367188,44.18977355957031,21.938142776489258
2025-02-10,48.053375244140625,111.74822235107422,43.7848014831543,21.6749210357666
2025-02-11,48.34713363647461,112.23218536376953,43.92943572998047,21.85645294189453
2025-02-12,48.27368927001953,112.18379211425781,43.871578216552734,21.747533798217773
2025-02-13,48.065616607666016,111.65142822265625,43.852294921875,21.8292236328125
2025-02-14,47.49034881591797,110.34471130371094,43.31233596801758,21.62046241760254
2025-02-17,48.212493896484375,111.89341735839844,43.91979217529297,21.938142776489258
2025-02-18,48.38385009765625,112.42578125,44.112632751464844,22.01075553894043
2025-02-19,48.29817581176758,111.79661560058594,44.03549575805664,21.983524322509766
2025-02-20,48.11457824707031,111.79661560058594,43.88121795654297,21.901836395263672
2025-02-21,48.45729064941406,112.42578125,44.16083908081055,22.074291229248047
2025-02-24,48.02889633178711,111.50624084472656,43.8619384765625,22.01075553894043
2025-02-25,47.404666900634766,110.05433654785156,43.51482391357422,21.720304489135742
2025-02-26,47.661705017089844,110.29631805419922,43.53410720825195,21.901836395263672
2025-02-27,47.12315368652344,109.52197265625,43.09056854248047,21.611385345458984
2025-02-28,,,,
2025-03-03,46.0338134765625,106.90853881835938,42.222782135009766,21.157556533813477
2025-03-04,45.727821350097656,106.18258666992188,42.01065444946289,21.112173080444336
2025-03-05,46.32756805419922,107.5376968383789,42.47347640991211,21.348163604736328
2025-03-06,46.04605484008789,106.76335906982422,42.28063201904297,21.284629821777344
2025-03-07,45.6176643371582,105.79541778564453,41.837093353271484,21.021406173706055
2025-03-10,45.348384857177734,105.26304626464844,41.70210647583008,20.885255813598633
2025-03-11,44.55280303955078,103.1819839477539,40.88252639770508,20.46773338317871
2025-03-12,44.74863815307617,103.61756134033203,41.036800384521484,20.64926528930664
2025-03-13,44.33248519897461,102.94000244140625,40.79574966430664,20.494964599609375
2025-03-14,44.185604095458984,102.50443267822266,40.641475677490234,20.46773338317871
2025-03-17,44.565040588378906,103.52075958251953,40.95002365112305,20.612958908081055
2025-03-18,44.74863815307617,103.9079360961914,41.152503967285156,20.776338577270508
2025-03-19,44.19784927368164,102.64962768554688,40.67040252685547,20.549423217773438
2025-03-20,45.15254592895508,104.82748413085938,41.461055755615234,20.8580265045166
2025-03-21,44.78535461425781,104.10153198242188,41.171791076660156,20.75818634033203
2025-03-24,44.73639678955078,103.71435546875,41.10429382324219,20.703723907470703
2025-03-25,45.20150375366211,105.166259765625,41.4899787902832,20.89433479309082
2025-03-26,45.16478729248047,104.92427825927734,41.50926208496094,20.89433479309082
2025-03-27,44.30800247192383,102.84320831298828,40.73789596557617,20.46773338317871
2025-03-28,43.867374420166016,101.77848052978516,40.28471374511719,20.14097785949707
2025-03-31,42.2884407043457,98.24551391601562,38.94446563720703,19.28777503967285
2025-04-01,43.15746307373047,100.42337036132812,39.7158317565918,19.777912139892578
2025-04-02,43.08402633666992,100.37496948242188,39.75440216064453,19.705299377441406
2025-04-03,,,,
2025-04-04,,,,
2025-04-07,38.7756233215332,90.3568344116211,35.78185272216797,17.73567771911621
2025-04-08,37.51492691040039,87.0174560546875,34.55730438232422,16.73725128173828
2025-04-09,35.78911590576172,83.14571380615234,32.95671844482422,15.756978988647461
2025-04-10,39.36313247680664,91.42156219482422,36.24467468261719,17.32723045349121
2025-04-11,40.28112030029297,93.69621276855469,36.987117767333984,18.162277221679688
2025-04-14,40.07304000854492,92.87346649169922,36.81355667114258,18.30750274658203
2025-04-15,40.47695541381836,93.88980865478516,37.208885192871094,18.50718879699707
2025-04-16,39.7425651550293,92.05072021484375,36.59178924560547,18.171354293823242
2025-04-17,39.301937103271484,91.42156219482422,36.331451416015625,18.044281005859375
2025-04-18,39.387611389160156,91.51836395263672,36.4857292175293,18.135046005249023
2025-04-21,38.8245849609375,90.21163940429688,35.89755630493164,17.89905548095703
2025-04-22,38.175872802734375,88.71134185791016,35.36724090576172,17.563220977783203
2025-04-23,39.86496353149414,92.58308410644531,36.82320022583008,18.380115509033203
2025-04-24,39.632408142089844,92.05072021484375,36.59178924560547,18.171354293823242
2025-04-25,40.57487106323242,94.37377166748047,37.41136932373047,18.706872940063477
2025-04-28,40.91758346557617,94.95452880859375,37.70063400268555,18.80671501159668
2025-04-29,41.07670211791992,95.53528594970703,37.86454772949219,18.924711227416992
2025-04-30,41.27253723144531,95.7288818359375,37.88383102416992,18.815792083740234
2025-05-01,,,,
2025-05-02,42.4720344543457,98.72948455810547,38.963748931884766,19.28777503967285
2025-05-05,42.09260177612305,97.47116088867188,38.549137115478516,19.088090896606445
2025-05-06,41.860050201416016,96.93879699707031,38.433433532714844,19.09716796875
2025-05-07,41.700931549072266,96.84201049804688,38.385223388671875,19.05178451538086
2025-05-08,42.2517204284668,98.24551391601562,38.799835205078125,19.32408332824707
2025-05-09,42.77803039550781,99.16504669189453,39.233726501464844,19.541921615600586
2025-05-12,43.2553825378418,100.22978210449219,39.638694763183594,19.741605758666992
2025-05-13,43.78169631958008,101.7300796508789,40.13043975830078,20.095592498779297
2025-05-14,44.77311325073242,103.95633697509766,40.97895050048828,20.55849838256836
2025-05-15,44.67519760131836,103.85955047607422,40.91145324707031,20.449581146240234
2025-05-16,44.7975959777832,103.95633697509766,40.97895050048828,20.45865821838379
2025-05-19,44.173362731933594,102.55282592773438,40.44863510131836,20.07744026184082
2025-05-20,44.2590446472168,102.74642181396484,40.467918395996094,20.122821807861328
2025-05-21,44.94447326660156,104.10153198242188,40.97895050048828,20.45865821838379
2025-05-22,44.45488357543945,102.94000244140625,40.51612854003906,20.249895095825195
2025-05-23,44.27128601074219,102.6980209350586,40.43899154663086,20.195436477661133
2025-05-26,44.22232437133789,102.4560317993164,40.400421142578125,20.113746643066406
2025-05-27,43.830650329589844,101.39130401611328,39.98581314086914,19.968521118164062
2025-05-28,43.90409469604492,102.02046966552734,40.16901397705078,20.068363189697266
2025-05-29,44.00200653076172,102.06885528564453,40.19793701171875,20.204511642456055
2025-05-30,,,,
2025-06-02,43.059547424316406,99.93939971923828,39.397640228271484,19.768835067749023
2025-06-03,43.36553955078125,100.56856536865234,39.60012435913086,19.9412899017334
2025-06-04,44.381446838378906,103.13359832763672,40.57398223876953,20.313430786132812
2025-06-05,44.46712112426758,103.52075958251953,40.631832122802734,20.358816146850586
2025-06-06,44.54056167602539,103.66595458984375,40.73789596557617,20.358816146850586
2025-06-09,44.96895217895508,104.6338882446289,41.056087493896484,20.522193908691406
2025-06-10,46.180686950683594,107.10212707519531,42.04922103881836,21.066789627075195
2025-06-11,46.180686950683594,108.11846160888672,42.39633560180664,21.230167388916016
2025-06-12,46.180686950683594,107.82807922363281,42.1649284362793,21.112173080444336
2025-06-13,46.180686950683594,106.37618255615234,41.75996017456055,20.948793411254883
2025-06-16,46.180686950683594,106.71495056152344,41.846736907958984,20.976024627685547
2025-06-17,46.180686950683594,107.15052795410156,42.01065444946289,21.021406173706055
2025-06-18,46.579708099365234,107.92487335205078,42.38669204711914,21.12125015258789
2025-06-19,46.11949157714844,106.90853881835938,41.89494705200195,20.96694564819336
2025-06-20,46.05094528198242,106.86014556884766,41.846736907958984,20.8580265045166
2025-06-23,45.6690673828125,105.8922119140625,41.63460922241211,20.812644958496094
2025-06-24,46.501373291015625,107.87648010253906,42.31919860839844,21.239246368408203
2025-06-25,47.17700958251953,109.32838439941406,42.791664123535156,21.502466201782227
2025-06-26,47.23576354980469,109.27998352050781,42.839874267578125,21.529695510864258
2025-06-27,47.28471755981445,109.61875915527344,42.87844467163086,21.556926727294922
2025-06-30,47.35326385498047,109.42517852783203,42.96522521972656,21.566001892089844
2025-07-01,47.6274299621582,110.39311218261719,43.21591567993164,21.69307518005371
2025-07-02,47.63722610473633,110.5866928100586,43.27376937866211,21.76568603515625
2025-07-03,48.293277740478516,111.65142822265625,43.717308044433594,22.074291229248047
2025-07-04,47.84285354614258,110.82868194580078,43.37018966674805,21.956296920776367
2025-07-07,47.55888748168945,110.34471130371094,43.206275939941406,21.756610870361328
2025-07-08,47.343467712402344,109.66716003417969,43.07128143310547,21.702152252197266
2025-07-09,47.83306121826172,110.78028869628906,43.38947296142578,22.10152244567871
2025-07-10,48.381404876708984,112.0385971069336,43.813724517822266,22.355667114257812
2025-07-11,48.587032318115234,112.52256774902344,44.006568908691406,22.3919734954834
2025-07-14,48.303070068359375,111.65142822265625,43.717308044433594,22.128751754760742
2025-07-15,48.95912170410156,113.24851989746094,44.26690673828125,22.48274040222168
2025-07-16,49.35079574584961,114.40921020507812,44.773292541503906,22.700578689575195
2025-07-17,49.64455032348633,114.75088500976562,44.8026237487793,22.727807998657227
2025-07-18,50.378936767578125,116.410400390625,45.32073974609375,23.0545654296875
2025-07-21,50.19158172607422,115.92230224609375,45.15454864501953,23.0545654296875
2025-07-22,49.84645080566406,115.14134979248047,44.84172439575195,22.8004207611084
2025-07-23,49.99436569213867,115.8246841430664,45.04701614379883,22.945646286010742
2025-07-24,50.29018783569336,116.31278228759766,45.31096267700195,23.14533233642578
2025-07-25,50.19158172607422,116.06873321533203,45.16432571411133,23.12717628479004
2025-07-28,50.33949279785156,116.45921325683594,45.34029006958008,23.290555953979492
2025-07-29,49.74784469604492,114.99492645263672,44.84172439575195,23.045486450195312
2025-07-30,50.29018783569336,116.26396942138672,45.2718620300293,23.263324737548828
2025-07-31,50.83253479003906,117.7282485961914,45.76065444946289,23.68992805480957
2025-08-01,50.3887939453125,116.50801849365234,45.34029006958008,23.571929931640625
2025-08-04,50.09297180175781,115.8246841430664,45.144775390625,23.435781478881836
2025-08-05,50.733924865722656,117.38658905029297,45.7411003112793,23.853307723999023
2025-08-06,50.29018783569336,116.26396942138672,45.39894485473633,23.67177391052246
2025-08-07,51.720008850097656,120.07110595703125,46.630699157714844,24.30713653564453
2025-08-08,51.720008850097656,120.02229309082031,46.552494049072266,24.41605567932129
2025-08-11,52.11444091796875,120.8032455444336,46.88487243652344,24.6883544921875
2025-08-12,52.16374588012695,120.94967651367188,46.923973083496094,24.67020034790039
2025-08-13,52.607479095458984,121.97466278076172,47.27590560913086,24.869884490966797
2025-08-14,52.4102668762207,121.29133605957031,47.13904571533203,24.78819465637207
2025-08-15,52.4102668762207,121.29133605957031,47.16836929321289,25.042341232299805
2025-08-18,52.55817794799805,121.73062133789062,47.305233001708984,25.25535011291504
2025-08-19,52.459571838378906,121.4377670288086,47.187923431396484,24.986772537231445
2025-08-20,50.980445861816406,117.82586669921875,45.91706466674805,24.134740829467773
2025-08-21,51.27627182006836,118.70443725585938,46.22989273071289,24.44036102294922
2025-08-22,51.02975082397461,117.97229766845703,46.04414749145508,24.319965362548828
2025-08-25,51.966529846191406,120.46157836914062,46.923973083496094,24.866378784179688
2025-08-26,52.015830993652344,120.41276550292969,46.93375015258789,24.93120574951172
2025-08-27,52.262351989746094,121.29133605957031,47.256351470947266,25.22756576538086
2025-08-28,51.76931381225586,119.9734878540039,46.88487243652344,25.023818969726562
2025-08-29,51.76931381225586,119.82705688476562,46.718685150146484,25.0330810546875
2025-09-01,51.27627182006836,118.70443725585938,46.24944305419922,24.449623107910156
2025-09-02,51.27627182006836,118.65563201904297,46.259220123291016,24.403316497802734
2025-09-03,51.226966857910156,118.50920104980469,46.26899719238281,24.449623107910156
2025-09-04,51.57209396362305,119.29014587402344,46.552494049072266,24.579280853271484
2025-09-05,52.11444091796875,120.41276550292969,47.03150939941406,24.986772537231445
2025-09-08,52.607479095458984,121.87704467773438,47.41276550292969,25.134952545166016
2025-09-09,53.14982986450195,122.85323333740234,47.88200759887695,25.551708221435547
2025-09-10,54.18521499633789,125.44013214111328,48.79115676879883,26.098119735717773
2025-09-11,54.67825698852539,126.51394653320312,49.22129440307617,26.25556182861328
2025-09-12,55.22060012817383,127.63655853271484,49.66120529174805,26.4315242767334
2025-09-15,55.22060012817383,127.5877456665039,49.612327575683594,26.40373992919922
2025-09-16,55.96016311645508,129.3448944091797,50.24775695800781,26.690837860107422
2025-09-17,55.56572723388672,128.3686981201172,49.905601501464844,26.514873504638672
2025-09-18,56.157379150390625,129.58892822265625,50.44327163696289,26.89458656311035
2025-09-19,56.20668029785156,129.5401153564453,50.44327163696289,26.755666732788086
2025-09-22,56.60111618041992,130.5163116455078,50.78542709350586,26.79271125793457
2025-09-23,57.63650131225586,133.0543975830078,51.616371154785156,27.144638061523438
2025-09-24,57.58720016479492,133.10321044921875,51.71413040161133,27.024242401123047
2025-09-25,57.38998031616211,132.5175018310547,51.5674934387207,27.005720138549805
2025-09-26,56.45320129394531,130.22344970703125,50.638790130615234,26.40373992919922
2025-09-29,,,,
2025-09-30,56.995548248291016,131.59011840820312,51.225341796875,26.74640464782715
2025-10-01,57.2913703918457,132.1270294189453,51.37197494506836,26.783451080322266
2025-10-02,58.37606430053711,134.90914916992188,52.300682067871094,27.357646942138672
2025-10-03,59.2142333984375,137.0567626953125,52.93611145019531,27.87627410888672
2025-10-06,,,,
2025-10-07,60.841270446777344,140.61985778808594,54.304725646972656,28.41342544555664
2025-10-08,60.29892349243164,139.00914001464844,53.81593322753906,28.181894302368164
2025-10-09,60.74265670776367,140.42462158203125,54.2558479309082,28.36711883544922
2025-10-10,,,,
2025-10-13,60.15100860595703,138.66748046875,53.66929626464844,27.968887329101562
2025-10-14,59.855186462402344,138.42343139648438,53.52265930175781,27.59843635559082
2025-10-15,60.939876556396484,141.20556640625,54.45136260986328,28.061498641967773
2025-10-16,62.123172760009766,143.84127807617188,55.47782516479492,28.728307723999023
2025-10-17,61.186397552490234,141.64486694335938,54.69575881958008,28.3949031829834
2025-10-20,62.22178268432617,143.9388885498047,55.57558059692383,28.87648582458496
2025-10-21,62.32039260864258,144.0853271484375,55.62446212768555,28.978361129760742
2025-10-22,61.82735061645508,143.3531951904297,55.38006591796875,28.774612426757812
2025-10-23,61.48221969604492,142.23056030273438,54.98903274536133,28.53382110595703
2025-10-24,,,,
2025-10-27,62.91204071044922,145.7936553955078,56.259891510009766,29.330286026000977
2025-10-28,62.46830368041992,144.9150848388672,55.9177360534668,29.32102394104004
2025-10-29,63.503692626953125,147.3555450439453,56.69980239868164,29.83039093017578
2025-10-30,63.503692626953125,147.30673217773438,56.602046966552734,29.793344497680664
2025-10-31,63.848819732666016,148.18531799316406,56.84644317626953,29.9415283203125
2025-11-03,63.257171630859375,146.6234130859375,56.35765075683594,29.774826049804688
2025-11-04,63.05995178222656,146.1841278076172,56.21100997924805,29.561817169189453
2025-11-05,62.271087646484375,144.03651428222656,55.526702880859375,29.182106018066406
2025-11-06,62.41899871826172,144.86627197265625,55.72222137451172,29.27471923828125
2025-11-07,61.67943572998047,142.76747131347656,55.13567352294922,28.84870147705078
2025-11-10,62.46830368041992,144.47579956054688,55.77109909057617,29.24693489074707
2025-11-11,62.024566650390625,143.59722900390625,55.38006591796875,28.932052612304688
2025-11-12,62.32039260864258,144.5246124267578,55.819976806640625,29.0987548828125
2025-11-13,62.024566650390625,143.5484161376953,55.42894744873047,29.03392791748047
2025-11-14,60.841270446777344,140.7662811279297,54.40248489379883,28.339336395263672
2025-11-17,61.03848648071289,141.3520050048828,54.597999572753906,28.431947708129883
2025-11-18,59.608665466308594,138.25,53.400001525878906,27.718833923339844
2025-11-19,59.2142333984375,137.3000030517578,53.0,27.505826950073242
2025-11-20,61.03848648071289,141.5500030517578,54.599998474121094,28.56160545349121
2025-11-21,59.01701354980469,136.5500030517578,52.849998474121094,27.496564865112305
2025-11-24,58.72119140625,135.89999389648438,52.650001525878906,27.320600509643555
2025-11-25,59.51005554199219,138.1999969482422,53.349998474121094,27.87627410888672
2025-11-26,60.49613571166992,140.60000610351562,54.20000076293945,28.450469970703125
2025-11-27,61.03848648071289,141.6999969482422,54.599998474121094,28.746829986572266
2025-11-28,61.48221969604492,142.85000610351562,55.0,28.932052612304688
2025-12-01,60.64405059814453,140.6999969482422,54.25,28.672739028930664
2025-12-02,60.841270446777344,141.35000610351562,54.45000076293945,28.66347885131836
2025-12-03,61.43291473388672,142.4499969482422,55.0,28.904268264770508
2025-12-04,61.33430862426758,142.35000610351562,54.95000076293945,28.839441299438477
2025-12-05,61.87665557861328,143.5500030517578,55.400001525878906,29.209890365600586
2025-12-08,62.81343460083008,145.6999969482422,56.25,29.49698829650879
2025-12-09,62.714820861816406,145.4499969482422,56.04999923706055,29.46920394897461
2025-12-10,63.158565521240234,146.5,56.25,29.784086227416992
2025-12-11,62.46830368041992,144.6999969482422,55.70000076293945,29.36733055114746
2025-12-12,62.56691360473633,145.5,55.849998474121094,29.48772621154785
2025-12-15,61.92595672607422,143.8000030517578,55.20000076293945,29.12653923034668
2025-12-16,61.38361358642578,142.4499969482422,54.599998474121094,28.793134689331055
2025-12-17,61.03848648071289,142.0500030517578,54.54999923706055,28.63569450378418
2025-12-18,61.03848648071289,141.64999389648438,54.599998474121094,28.598648071289062
2025-12-19,61.63013458251953,143.0500030517578,55.0,28.922792434692383
2025-12-22,62.517608642578125,145.1999969482422,55.75,29.404375076293945
2025-12-23,62.81343460083008,146.0,56.04999923706055,29.450681686401367
2025-12-24,62.961341857910156,146.3000030517578,56.20000076293945,29.589601516723633
2025-12-25,,,,
2025-12-26,63.503692626953125,147.5500030517578,56.650001525878906,29.83965492248535
2025-12-29,64.34185791015625,149.1999969482422,57.25,30.173059463500977
2025-12-30,64.24325561523438,149.14999389648438,57.29999923706055,30.043397903442383
2025-12-31,64.6869888305664,150.10000610351562,57.54999923706055,30.210100173950195
2026-01-02,66.01819610595703,152.9499969482422,58.54999923706055,30.932477951049805
2026-01-05,68.53270721435547,158.64999389648438,60.650001525878906,31.7659854888916
2026-01-06,69.42018127441406,160.5,61.25,32.201263427734375
2026-01-07,68.87783813476562,159.0,60.79999923706055,32.07160949707031
2026-01-08,69.12435913085938,159.5500030517578,61.099998474121094,31.904905319213867
2026-01-09,68.87783813476562,159.14999389648438,60.900001525878906,31.89564323425293
2026-01-12,69.37088012695312,160.14999389648438,61.25,32.182743072509766
2026-01-13,69.71600341796875,160.85000610351562,61.54999923706055,32.38648986816406
2026-01-14,69.76531219482422,161.4499969482422,61.599998474121094,32.627281188964844
2026-01-15,69.66670227050781,160.9499969482422,61.599998474121094,32.40501403808594
2026-01-16,70.99791717529297,164.1999969482422,62.79999923706055,33.12738800048828
2026-01-19,71.58956146240234,165.5,63.04999923706055,33.21999740600586
2026-01-20,71.58956146240234,165.5,63.150001525878906,33.369998931884766
2026-01-21,70.8499984741211,164.10000610351562,62.650001525878906,33.060001373291016
2026-01-22,71.80000305175781,165.85000610351562,63.29999923706055,33.560001373291016
2026-01-23,72.25,167.14999389648438,63.75,33.970001220703125
2026-01-26,72.25,167.3000030517578,63.79999923706055,34.0
2026-01-27,73.05000305175781,169.0,64.3499984741211,34.52000045776367
2026-01-28,74.19999694824219,171.6999969482422,65.1500015258789,34.97999954223633
2026-01-29,73.75,170.75,64.94999694824219,34.61000061035156
2026-01-30,72.5999984741211,168.0500030517578,64.05000305175781,34.029998779296875
2026-02-02,71.5,165.35000610351562,63.04999923706055,33.5099983215332
2026-02-03,72.94999694824219,168.8000030517578,64.3499984741211,34.349998474121094
2026-02-04,72.9000015258789,168.85000610351562,64.30000305175781,34.400001525878906
2026-02-05,72.0,166.5500030517578,63.54999923706055,33.77000045776367
2026-02-06,71.9000015258789,166.5,63.650001525878906,33.630001068115234
2026-02-09,73.94999694824219,171.25,65.25,34.400001525878906
2026-02-10,75.5,174.8000030517578,66.44999694824219,35.2599983215332
2026-02-11,77.19999694824219,178.64999389648438,67.80000305175781,35.869998931884766
2026-02-12,,,,
2026-02-13,,,,
2026-02-16,,,,
2026-02-17,,,,
2026-02-18,,,,
2026-02-19,,,,
2026-02-20,,,,
2026-02-23,77.4000015258789,179.0500030517578,68.05000305175781,35.970001220703125
2026-02-24,79.4000015258789,184.0,69.5999984741211,37.09000015258789
2026-02-25,81.0999984741211,187.75,70.94999694824219,38.09000015258789
2026-02-26,81.1500015258789,188.0,71.1500015258789,38.310001373291016
2026-02-27,,,,
2026-03-02,80.3499984741211,186.35000610351562,70.55000305175781,38.0099983215332
2026-03-03,78.75,182.39999389648438,69.0999984741211,37.040000915527344
2026-03-04,75.5999984741211,175.0500030517578,66.30000305175781,35.36000061035156
2026-03-05,77.4000015258789,179.35000610351562,67.8499984741211,36.38999938964844
2026-03-06,76.8499984741211,178.1999969482422,67.55000305175781,36.38999938964844
2026-03-09,73.5999984741211,170.4499969482422,64.5,34.58000183105469
2026-03-10,75.19999694824219,174.0,66.1500015258789,35.52000045776367
2026-03-11,78.19999694824219,181.1999969482422,68.69999694824219,37.189998626708984
2026-03-12,76.5999984741211,177.85000610351562,67.44999694824219,36.790000915527344
2026-03-13,75.94999694824219,176.25,66.9000015258789,36.650001525878906
2026-03-16,75.5999984741211,175.5,66.69999694824219,36.47999954223633
2026-03-17,76.6500015258789,177.75,67.3499984741211,37.029998779296875
2026-03-18,77.80000305175781,180.5,68.5,37.7400016784668
2026-03-19,76.0,176.60000610351562,66.9000015258789,37.310001373291016
2026-03-20,75.9000015258789,176.1999969482422,66.75,37.18000030517578
2026-03-23,74.25,172.25,65.1500015258789,36.2400016784668
2026-03-24,74.4000015258789,172.75,65.5,36.119998931884766
2026-03-25,76.19999694824219,176.5500030517578,67.05000305175781,37.380001068115234
2026-03-26,75.80000305175781,176.14999389648438,66.69999694824219,37.2599983215332
2026-03-27,75.0,174.4499969482422,66.0999984741211,36.9900016784668
2026-03-30,73.9000015258789,171.35000610351562,65.0,36.279998779296875
2026-03-31,72.3499984741211,168.10000610351562,63.849998474121094,35.189998626708984
2026-04-01,75.44999694824219,175.3000030517578,66.55000305175781,36.86000061035156
2026-04-02,73.94999694824219,171.60000610351562,65.25,36.08000183105469
2026-04-03,,,,
2026-04-06,,,,
2026-04-07,75.30000305175781,174.8000030517578,66.55000305175781,36.779998779296875
2026-04-08,79.19999694824219,183.60000610351562,69.8499984741211,39.06999969482422
2026-04-09,79.1500015258789,183.9499969482422,69.9000015258789,39.130001068115234
2026-04-10,80.75,187.3000030517578,71.0999984741211,40.130001068115234
2026-04-13,80.5999984741211,186.9499969482422,70.94999694824219,40.060001373291016
2026-04-14,83.0999984741211,192.0500030517578,72.6500015258789,41.20000076293945
2026-04-15,84.1500015258789,195.0500030517578,73.69999694824219,41.9900016784668
2026-04-16,85.0,196.8000030517578,74.4000015258789,42.599998474121094
2026-04-17,84.1500015258789,194.85000610351562,73.80000305175781,42.560001373291016
2026-04-20,84.55000305175781,196.0,74.3499984741211,42.959999084472656
2026-04-21,86.0,199.5500030517578,75.19999694824219,43.91999816894531
2026-04-22,86.3499984741211,199.9499969482422,75.69999694824219,44.40999984741211
2026-04-23,86.3499984741211,200.10000610351562,75.8499984741211,44.209999084472656
2026-04-24,89.94999694824219,208.9499969482422,78.9000015258789,45.900001525878906
2026-04-27,93.0,215.4499969482422,81.0999984741211,46.9900016784668
2026-04-28,92.0,213.14999389648438,80.4000015258789,46.86000061035156
2026-04-29,90.75,210.4499969482422,79.44999694824219,46.400001525878906
2026-04-30,90.5,209.75,79.0999984741211,46.790000915527344
2026-05-01,,,,
2026-05-04,94.5999984741211,219.1999969482422,82.5,49.06999969482422
2026-05-05,94.5999984741211,219.60000610351562,82.44999694824219,49.2400016784668
2026-05-06,95.75,222.0,83.55000305175781,49.83000183105469
2026-05-07,97.69999694824219,226.8000030517578,85.30000305175781,50.95000076293945
2026-05-08,97.0,224.3000030517578,85.05000305175781,50.45000076293945
2026-05-11,96.9000015258789,224.4499969482422,84.6500015258789,50.79999923706055
2026-05-12,96.8499984741211,224.5500030517578,84.5,50.95000076293945
2026-05-13,95.5,221.1999969482422,83.44999694824219,50.04999923706055
2026-05-14,96.05000305175781,222.5,83.80000305175781,50.20000076293945
2026-05-15,95.4000015258789,220.39999389648438,83.0,49.189998626708984
2026-05-18,94.9000015258789,219.39999389648438,82.44999694824219,49.04999923706055
2026-05-19,93.0999984741211,215.64999389648438,81.19999694824219,48.0
2026-05-20,92.5,214.10000610351562,80.69999694824219,47.65999984741211
2026-05-21,95.8499984741211,221.5500030517578,83.5,49.83000183105469
2026-05-22,97.30000305175781,225.0500030517578,84.5999984741211,51.099998474121094
2026-05-25,100.80000305175781,233.14999389648438,87.5999984741211,53.45000076293945
2026-05-26,100.0999984741211,232.5500030517578,87.25,53.5
2026-05-27,102.55000305175781,237.60000610351562,89.05000305175781,54.75
2026-05-28,100.5,233.14999389648438,87.25,53.150001525878906
2026-05-29,105.4000015258789,241.25,90.44999694824219,54.900001525878906
2026-06-01,105.5,243.89999389648438,91.0999984741211,55.5
2026-06-02,105.69999694824219,244.5500030517578,91.44999694824219,55.29999923706055
2026-06-03,107.5999984741211,248.8000030517578,93.1500015258789,56.04999923706055
2026-06-04,106.0999984741211,245.9499969482422,92.05000305175781,55.29999923706055
2026-06-05,104.1500015258789,241.0500030517578,90.4000015258789,54.099998474121094
2026-06-08,100.94999694824219,233.85000610351562,87.69999694824219,52.400001525878906
2026-06-09,103.5,239.5500030517578,89.9000015258789,54.349998474121094
2026-06-10,100.25,232.0500030517578,87.3499984741211,52.20000076293945
2026-06-11,99.8499984741211,231.0,86.9000015258789,51.849998474121094
2026-06-12,101.94999694824219,236.10000610351562,88.5999984741211,53.0
2026-06-15,105.25,244.10000610351562,91.05000305175781,54.54999923706055
2026-06-16,105.9000015258789,245.35000610351562,91.6500015258789,54.849998474121094
2026-06-17,106.0,246.3000030517578,91.6500015258789,54.95000076293945
2026-06-18,107.30000305175781,249.10000610351562,92.80000305175781,55.400001525878906
2026-06-19,,,,
2026-06-22,111.1500015258789,257.45001220703125,95.8499984741211,57.349998474121094
2026-06-23,110.0999984741211,254.35000610351562,95.05000305175781,56.70000076293945
