Date,0050,006208,00692,00881
2021-01-01,,,,
2021-01-04,,,,
2021-01-05,0.002010356143756331,0.003571259587476172,0.00032389767974905226,0.010249826310673171
2021-01-06,0.01083474817744956,0.007829347285898791,0.008743504907926303,0.005072873957884028
2021-01-07,0.023421975784282623,0.022598985817929185,0.019582730316591856,0.01703467357562949
2021-01-08,0.01784326839819439,0.023480478842269337,0.017947098587510757,0.019230844713235884
2021-01-11,0.008384243807295633,0.0033737777028757243,0.005258201653938199,0.04869135455299878
2021-01-12,-0.0015117640825247358,0.0013449969475163304,0.0003077275880505326,-0.03946617424484811
2021-01-13,0.024224099692933265,0.020819391898530215,0.01845588707984991,0.021752343320917245
2021-01-14,-0.009238874686622434,-0.009210573974876457,-0.006342562522379747,0.005913663474796715
2021-01-15,0.003357047400933011,0.003320244543803863,-0.0027355075213928437,0.0
2021-01-18,-0.000743484841797093,0.0013236333973885017,0.0,-0.004703149779167415
2021-01-19,0.02641361711204593,0.024454444280920917,0.022553950194545314,0.026580049389564264
2021-01-20,0.001812357783919527,0.004516209347519284,0.0,0.0005752813375154986
2021-01-21,0.034732212818199715,0.03018613255078484,0.028912209734114347,0.03507779134751643
2021-01-22,-0.017863530091556723,-0.012468567609183467,-0.014194751629949098,0.02777764066259847
2021-01-25,-0.013459394317663298,-0.011363694041914174,-0.011754186537035971,-0.0324324513129739
2021-01-26,-0.02028017879118571,-0.022349995083608243,-0.01784131050684512,-0.021787587231799077
2021-01-27,0.0015054180626612457,-0.0006531141764819504,0.0006055795679069664,0.005711101878313807
2021-01-28,-0.020293090487193965,-0.020915140195456816,-0.021180109720359996,-0.02555374929621501
2021-01-29,-0.01649418118588608,-0.018024068338381105,-0.012055674783001624,-0.019230731513868005
2021-02-01,0.019890845770782706,0.022433658948214807,0.016583234638053,0.017825159948822833
2021-02-02,0.02829838468964363,0.028590520261845054,0.028008770958408702,0.024518450588899343
2021-02-03,-0.000743784217457244,0.0006464722971595283,-0.0008983064799582552,0.003988575447183562
2021-02-04,-0.005954637328794754,-0.007105923605224218,-0.006292927251964953,-0.009080656494821704
2021-02-05,0.009359793667261362,0.009759151229829843,0.008745307976188332,0.008591302033388981
2021-02-08,0.0,0.0,0.0,0.0
2021-02-09,0.0,0.0,0.0,0.0
2021-02-10,0.0,0.0,0.0,0.0
2021-02-11,0.0,0.0,0.0,0.0
2021-02-12,0.0,0.0,0.0,0.0
2021-02-15,0.0,0.0,0.0,0.0
2021-02-16,0.0,0.0,0.0,0.0
2021-02-17,0.042655801369868795,0.041237219052265184,0.04364738326115458,0.029528581601407478
2021-02-18,-0.0014229441028057455,-0.001237738343585093,0.00028634477800326685,0.002206229598761933
2021-02-19,-0.01068750738225932,-0.009293675466611306,-0.007159208570471032,-0.007154387720203936
2021-02-22,-0.00036026550637247023,-0.0006253395317112886,-0.0028843889145925283,0.0022170865810742235
2021-02-23,-0.0021614854848891474,-0.0037546037043570957,0.0008679039645853592,-0.004424736260030482
2021-02-24,-0.014801235779209776,-0.01633163277573091,-0.01531799228708286,-0.01166673173405175
2021-02-25,0.008061447447985648,0.010217166120357613,0.009098889687811251,0.008993881917349844
2021-02-26,-0.030170782620653758,-0.020859943034019057,-0.01716106290748942,-0.02284114590696462
2021-03-01,0.0,0.0,0.0,0.0
2021-03-02,0.000374720475130097,-0.00903802469626147,-0.001183846079775397,-0.01083247921683983
2021-03-03,0.014612444609138686,0.01628667425148511,0.003259561105061204,0.01325636617418735
2021-03-04,-0.019571825420937605,-0.020512592413662767,-0.01712966805060956,-0.021615438761145023
2021-03-05,-0.006026208830529289,-0.009162578548152833,-0.007211418325498542,-0.0063951801499269045
2021-03-08,-0.0007578763315294612,-0.0006602168822270604,0.0006053228343196881,-0.0052663340840087836
2021-03-09,-0.0037922557184996153,-0.0019829988404204135,-0.0012099132805033497,-0.004117696528980863
2021-03-10,0.004187260454800779,0.003311449148206691,0.0033311819572234835,0.0005907313777677725
2021-03-11,0.02122818388438641,0.020461975842489766,0.017205020462425447,0.022432155468747883
2021-03-12,0.004083253635475126,0.0038807768201167825,0.0032640373787640176,0.004041385591712299
2021-03-15,-0.0025880090085745877,-0.001288666614638001,-0.00029558926602213376,-0.0011499011583546714
2021-03-16,0.003336092559887982,0.005161204914866158,0.0014791006379499816,0.005181132311196768
2021-03-17,-0.008496738902292744,-0.008985815536800446,-0.006499147227766788,-0.001145291048803343
2021-03-18,0.00521605833612071,0.003238302598305598,0.002973371516221235,0.007454008271081447
2021-03-19,-0.0155669767495199,-0.01420244904517387,-0.01245174230157231,-0.013659593574299689
2021-03-22,0.004518087141676563,0.0052388285443703,0.0033023990450402607,0.004039209313338343
2021-03-23,0.0014992772447877112,-0.0006512984522780707,-0.0005984400512732968,0.0005748522192661198
2021-03-24,-0.01571871258075974,-0.014341664144848387,-0.011676822792695885,-0.008041374241049115
2021-03-25,0.003422282098474838,0.0033069533062770606,0.003938285118475049,0.004632265543833114
2021-03-26,0.018188632268038685,0.017798089307516474,0.015389339265531321,0.01210381410624728
2021-03-29,0.008187389162226388,0.0064767183962688435,0.006240923810625132,0.007972530331003425
2021-03-30,0.0033223516255946883,0.003217463990091707,0.0020669996598081664,0.009604646579870035
2021-03-31,-0.008462094946240728,-0.00769717070090703,-0.0044208733132683475,-0.00951327493628984
2021-04-01,0.00742108795222407,0.0071104044078520445,0.006512902209859339,0.0005648807829261582
2021-04-02,0.0,0.0,0.0,0.0
2021-04-05,0.0,0.0,0.0,0.0
2021-04-06,0.0,0.0,0.0,0.0
2021-04-07,0.015101334829146218,0.015404671883674892,0.015882317789830402,0.01581031694064161
2021-04-08,0.0032655653832591724,0.0037924658231183184,0.004053244540021428,0.008893969793742906
2021-04-09,-0.002170021030085678,-0.003148576212229859,-0.0008650112022201562,-0.007713591061740299
2021-04-12,-0.005799116213491162,-0.004421841150471395,-0.0008661099530014038,-0.00943932512200274
2021-04-13,0.0,0.0,-0.0008664405554688059,-0.004484111712282801
2021-04-14,0.005468467357013118,0.005076168027682737,0.0054929865537587386,0.0011260963350552267
2021-04-15,0.008339494388314161,0.01010095102953712,0.00920076918224022,0.00674905372644119
2021-04-16,0.0014380411539323124,0.0,0.002563981949136096,0.003352167906218728
2021-04-19,0.001795585646803044,0.0,0.004262650189021722,-0.0038977465178506865
2021-04-20,-0.0017923672978094052,0.0018748457700943355,0.0011319230638089373,0.003912998393714062
2021-04-21,-0.008976350168868774,-0.010605007939799682,-0.008761919929432649,-0.007238340153640221
2021-04-22,-0.0007247779933478027,-0.003152656549542554,-0.0031367356669701474,-0.0039260144324331225
2021-04-23,0.009064415622527466,0.009487771130502143,0.009153257772352763,0.01576595509698442
2021-04-26,0.01473253830552812,0.015037452361159387,0.013605490796683828,0.016629492594624873
2021-04-27,0.00035402059893163695,-0.001234466538803769,0.0,0.0016359457964407742
2021-04-28,-0.006017589350009955,-0.004326405244530873,-0.0016778413144642457,-0.0010889225163366323
2021-04-29,0.0014243390246166943,0.002482942922039433,0.0008404324692306009,0.01362391183457401
2021-04-30,0.0,0.0,0.0,0.0
2021-05-03,-0.016714102112220353,-0.017337444078434072,-0.014553770569827318,-0.0322579384391527
2021-05-04,-0.008679956961980761,-0.006931188011241929,-0.0110763611038599,-0.013333354274560727
2021-05-05,-0.009485568048583137,-0.009517759601323617,-0.0028719635266342136,-0.015765879296207985
2021-05-06,0.008839744162117524,0.00960921782655344,0.008352515234082425,0.009725452359069076
2021-05-07,0.017889775180802703,0.016497435188805865,0.016852322664427044,0.022096573152171173
2021-05-10,-0.006814886351512617,-0.008115061692405057,-0.00337049229005848,-0.018847250793983417
2021-05-11,-0.03755866309131395,-0.02957834396515835,-0.029030619130678392,-0.02711868892896796
2021-05-12,-0.028893148754780773,-0.016861082327402244,-0.03628433704957057,-0.043553875809697384
2021-05-13,-0.014683078682086403,-0.03562006463410461,-0.013554235344360732,-0.01517920197740108
2021-05-14,0.011372512359867804,0.013679901926999971,0.01129752318433419,0.009864270624127425
2021-05-17,-0.018999648066303942,-0.020917669422148455,-0.00754836980643292,-0.01648332953081777
2021-05-18,0.04585000533295536,0.046864052708229575,0.029814523063151244,0.04903773557313662
2021-05-19,-0.006802709789361927,-0.0072414724714736645,-0.005022231097407404,-0.010059065685353197
2021-05-20,-0.006849504294937692,-0.0026526496303826974,-0.00653202418819232,-0.010759232864419488
2021-05-21,0.014176467430476292,0.011303310017675594,0.013150161510309566,0.01812689853895466
2021-05-24,-0.0015112380523033542,0.0,-0.0002950190485753179,0.004154432825124621
2021-05-25,0.017025979557863113,0.01906633100277677,0.015048694654458572,0.02127666853721477
2021-05-26,0.0007441264499610245,0.0006453338517353746,0.0014534435024056158,-0.004051129934149689
2021-05-27,-0.007063160584480643,-0.007092291290027974,-0.00696657244466814,-0.004648494104901313
2021-05-28,0.016847694417775783,0.013636491574683829,0.017246411199766776,0.012259421765839162
2021-05-31,0.009572683982655983,0.010890342367713357,0.008620702267867042,0.01614743968670762
2021-06-01,0.004376510850878423,0.002534978202310967,0.002848983956790674,0.0
2021-06-02,0.0,-0.0031605170799062776,0.0,-0.009647872812742708
2021-06-03,-0.0007261656055899124,0.0031705376182011857,0.005397726020392346,0.005730429352104771
2021-06-04,-0.004724017520361001,-0.006321365601461126,-0.005368746995040419,-0.0056977786341777525
2021-06-07,0.002555691337644772,0.0019086850897527263,-0.0002841923482139741,0.0005727420604750844
2021-06-08,-0.005826570089163874,-0.005079501697698552,-0.0036940350180960646,-0.002863458931631757
2021-06-09,-0.007325945762230779,-0.007657984836168308,-0.00741594709041693,-0.0040206484582127056
2021-06-10,0.015498172982244762,0.017363491001233466,0.01408054075162224,0.016724280916554868
2021-06-11,0.0036335942853902292,0.0037924658231183184,0.0017002556704157623,0.0011343235304515087
2021-06-14,0.0,0.0,0.0,0.0
2021-06-15,0.005431040507393625,0.005037920053217793,0.00820338203726334,0.009631855224935038
2021-06-16,-0.0010804166925423297,-0.0012532487934304726,0.0008417794158332992,-0.004489369872298532
2021-06-17,-0.002883847110094484,-0.0012546020991394125,-0.0019624546642861285,0.002818414644039313
2021-06-18,-0.002169172581099277,-0.005025041771050787,-0.004213217519340784,-0.0033726678825292122
2021-06-21,-0.023913151481721684,-0.02146486575355766,-0.01833579991479639,-0.021432565295934958
2021-06-22,0.00111357310207727,-0.0019354377478919549,-0.0022989746996433524,-0.0063400450701086575
2021-06-23,0.016314325309685573,0.0187461148958199,0.018145427519719037,0.021461773509744653
2021-06-24,-0.002553634108793834,-0.0019036184609624307,-0.0014145204807120004,-0.0005679205538084986
2021-06-25,0.0018286298791783118,0.0031786004091391984,0.0016995680233127253,0.0005682432708415952
2021-06-28,0.0018256130090652523,0.003802411923158777,0.0048077638412797885,-0.0005679205538084986
2021-06-29,0.00291550419361597,0.0012625223302706878,0.0019700507252236044,0.005681744299554037
2021-06-30,0.009810870657279258,0.00756613327467659,0.0056179411801762225,0.005084763681398208
2021-07-01,-0.004677741526219248,-0.0037546037043570957,-0.003631227691277217,-0.007307434466654383
2021-07-02,0.0,-0.0012562878894089025,-0.0005605556808107037,0.002264945749014924
2021-07-05,0.009399832593009805,0.010062835146614324,0.011220121953707585,0.01581909576938756
2021-07-06,0.0010744233348831678,0.001245227688283057,0.000832205701557287,-0.0033368037110205195
2021-07-07,-0.00536672832225682,-0.004974933487302269,-0.003880173323636993,0.0005580960398470225
2021-07-08,-0.001078997980617613,-0.0018750642453922994,-0.0016696403129290438,0.002230613395032721
2021-07-09,-0.007922486005448093,-0.011271082525608489,-0.007525001010216914,-0.010016580930229613
2021-07-12,0.009074542415566933,0.01139956799726205,0.008143964629372835,0.012928724174428918
2021-07-13,0.008273371786798656,0.006261882758678006,0.005849576435017045,0.007214164523382527
2021-07-14,0.002497463244404363,0.003733466573798694,0.002492132563699956,0.0033056975887499895
2021-07-15,0.009252583769175038,0.007439592724070021,0.007182273781013659,0.007688102348347714
2021-07-16,-0.013399207812749836,-0.009711436189235534,-0.007936348552176842,-0.007629446383688676
2021-07-19,-0.011436631891268645,-0.008109721434484518,-0.009722242796730618,-0.0120813248124364
2021-07-20,-0.007953802280523004,-0.00943396123113327,-0.01178125842294453,-0.008338045234853264
2021-07-21,-0.0010960368670207554,-0.001269914824619578,-0.004825275134589524,-0.003363064918992742
2021-07-22,0.006949268900379835,0.006357426427714641,0.008841820246009213,0.011248448115906529
2021-07-23,0.0,-0.00126349696982897,-0.00028278847033547105,-0.002780569928110377
2021-07-26,-0.008717591512163447,-0.0069576944076571445,-0.008483938326076523,-0.00501983743529244
2021-07-27,-0.00036643805250025085,-0.0019106061652840456,-0.0022819665451522253,0.0044845644775466376
2021-07-28,-0.015762612278458432,0.0031906614958920887,-0.00943392581943403,-0.016183057304045345
2021-07-29,0.01675987212461938,0.0012723383259247711,0.01443023461013837,0.016449256565656212
2021-07-30,-0.003296606175254735,-0.005082775539893447,-0.006259047770995174,-0.005022338490769829
2021-08-02,0.013597876543308463,0.015325781676124528,0.015745899158571275,0.011216979155459272
2021-08-03,0.0039883715940103315,0.0012579344973973061,0.0033818518393324837,0.004437081414985888
2021-08-04,0.005778124209818047,0.005024978895810328,0.006179932895955309,0.0082827205484437
2021-08-05,-0.0017950975847812467,-0.0006250362491644346,0.0,0.008762311275521517
2021-08-06,-0.0014389255181800342,-0.001876063724320809,-0.002791684740647171,-0.0054288841896994455
2021-08-09,-0.0028819348511545106,-0.0018798081312828563,-0.0030795851794844786,-0.0070960291160143685
2021-08-10,-0.00541912698114555,-0.0069049552764851585,-0.005897178549896465,-0.0060473405274910075
2021-08-11,-0.0032690012769257537,-0.001264515654736842,-0.003954865265460961,-0.006084207812866782
2021-08-12,-0.0018222385698558607,-0.003164410154365971,-0.002836022467539334,0.0
2021-08-13,-0.00949247802612585,-0.008253893646402166,-0.009101288665772533,-0.011129367889211594
2021-08-16,-0.0022113363855386092,-0.0038413399424785943,-0.0008612018191208604,-0.010692423817834529
2021-08-17,-0.0073883211151170025,-0.007712193579471616,-0.010629003622674826,-0.005281508944794844
2021-08-18,0.004093627319249116,0.006476721768661431,0.0055168789675033025,0.004129779385329879
2021-08-19,-0.02297994325952779,-0.02252248517700317,-0.021657469358448922,-0.022914425278663053
2021-08-20,-0.00796669133689254,-0.00987514656782007,-0.005903220432456058,-0.003607892308561511
2021-08-23,0.027533655915499944,0.024601338685668273,0.02375302987672856,0.027761137683200543
2021-08-24,0.0029771301120908866,0.00454242920369019,0.004640354829503313,0.001761613153705044
2021-08-25,0.009647587006916813,0.012274164240671404,0.012990799147591048,0.008206226403246086
2021-08-26,0.006982792636313739,0.005105147279076849,0.004274573709972307,0.0011627760540506848
2021-08-27,0.008394047026783591,0.009523808471021633,0.009364322502353195,0.005807279433901469
2021-08-30,0.009772079374306575,0.008176026733736075,0.010402171435394125,0.008660511476002775
2021-08-31,0.0060932470235941505,0.008109938658196203,0.0061210651698124785,0.004579220788533123
2021-09-01,0.004631197116073071,0.0012375876274419717,-0.0016591948510571441,0.011965921396096757
2021-09-02,-0.007801553868912681,-0.008652835702112505,-0.009141105590357745,-0.005067613363722523
2021-09-03,0.014296124508847097,0.012468900744081024,0.014257559889914395,0.013582392477803129
2021-09-06,0.004580486220450375,0.004926072462548392,0.001378410450112444,-0.00111689895809286
2021-09-07,-0.0045596010307582535,-0.004289251246897718,-0.0035785752558561423,-0.007825503004229017
2021-09-08,-0.00880928797921876,-0.007384401365496007,-0.008010702356475607,-0.012394283447539456
2021-09-09,-0.0024882210469329147,-0.0006199986701977966,-0.0008357422156261007,0.000570480634400683
2021-09-10,0.011760310972032562,0.009925484879669044,0.010033596194377159,0.01083228251853341
2021-09-13,-0.0035224007517419276,-0.004299789641192264,-0.0027593972220918417,-0.005640086735238747
2021-09-14,0.0010606415220082432,0.001850709372359205,0.0008301565085058193,0.0039705654432762305
2021-09-15,-0.006002881353329603,-0.007389055090126551,-0.004700073593345344,-0.006214720586752209
2021-09-16,-0.0046181609542368385,-0.0012408746194968456,-0.001111157510816807,-0.0039796686534718795
2021-09-17,0.0028552558146752727,0.0006212622209957885,0.0011123935552708186,0.006849452293320901
2021-09-20,0.0,0.0,0.0,0.0
2021-09-21,0.0,0.0,0.0,0.0
2021-09-22,-0.023487639529543358,-0.02172559787866657,-0.020555643104277932,-0.01814065465130743
2021-09-23,0.00583102283843373,0.007614212076420435,0.00935921632705794,0.006928469451946917
2021-09-24,0.011956442807694145,0.010075382548122125,0.007867231784939976,0.006307221813120156
2021-09-27,0.002506289266124506,0.0024938018576463605,0.0033454866505799874,0.0028490784715573536
2021-09-28,-0.0071428616160192915,-0.006218833289879266,-0.0069463790787146484,-0.006250106113383835
2021-09-29,-0.021582684351412196,-0.016270300423386286,-0.017067731933934516,-0.019439584649829977
2021-09-30,0.007720467005737142,-0.0006362799166468314,0.0014231898548591193,-0.0011662420702500675
2021-10-01,-0.022619504182986305,-0.014003745857945504,-0.017907846161644536,-0.01868067019299058
2021-10-04,-0.005972434434650342,-0.009683666519050393,-0.00463109342681145,-0.008328348537155694
2021-10-05,-0.0015018162969455684,-0.003911002254623153,-0.003780028990677309,-0.0017996564598202758
2021-10-06,0.00037595284030689236,-0.0006547158799706798,0.0002920914771060712,0.0
2021-10-07,0.01766933949257332,0.018336529625178732,0.01721604246912034,0.0240383932999928
2021-10-08,-0.008496698833868277,-0.006430905248694385,-0.005163484618709413,-0.004107814764761852
2021-10-11,0.0,0.0,0.0,0.0
2021-10-12,-0.010059511820537215,-0.009708625174879582,-0.010380638727929714,-0.01473211522380602
2021-10-13,-0.0033873766237091374,-0.004574973221431411,-0.0046620587475932895,-0.011363533489439082
2021-10-14,0.002643529563912672,0.0019696815369047993,0.0014637437848636914,0.0018150565305683486
2021-10-15,0.02636526718076526,0.02686769873758066,0.025723559763155324,0.026570024327633446
2021-10-18,-0.0029356147317268766,-0.003829304887555174,-0.0028498991889939207,-0.007647076522806495
2021-10-19,0.008096983615131226,0.007687491990453044,0.009145438401393147,0.0136336117855691
2021-10-20,-0.002555573594680949,-0.0012715295588562325,-0.00028313230575149895,0.0
2021-10-21,-0.0036602924601210063,-0.002545853512572971,-0.004249144415265693,-0.00467830331152419
2021-10-22,0.0029389142341056385,0.001276175712707328,0.0028447595921390345,0.004112794451587742
2021-10-25,-0.0007325434667078135,-0.0019121566423807579,-0.0011348676340310337,0.0011703364900654822
2021-10-26,0.008431100429968863,0.008939937397869135,0.0065322518024961695,0.010520181788009175
2021-10-27,0.0,0.0,0.0019752009432811857,0.0063618644050527084
2021-10-28,-0.0029079971355371326,-0.002531462007739238,-0.0019713072154098343,-0.0022987466195233397
2021-10-29,-0.009843265903318188,-0.008248987518807982,-0.0059254666513510745,-0.006336512952302753
2021-11-01,0.005154558640270812,0.0038389948035890686,0.003973880896042115,0.005797179725052892
2021-11-02,-0.001831519241838997,-0.0006373855474602896,0.0011309492093487528,0.0017290471115323225
2021-11-03,0.0025688961513339326,0.0031887382620832128,0.00395368026116083,0.0005753291963388474
2021-11-04,-0.003294320978811327,-0.003178602530574004,-0.003094311892329893,0.0
2021-11-05,0.014322445274111528,0.012755175120779727,0.011568839555657684,0.014951233563998079
2021-11-08,0.007965254438344616,0.008186323696319109,0.009762855539327653,0.006232326493472051
2021-11-09,0.01077583790692982,0.008744497782692262,0.010221206386857418,0.010698098952510948
2021-11-10,-0.0014213529460515018,-0.003096046990832879,-0.0010938383584440103,0.0016713244601180843
2021-11-11,-0.008897067633139688,-0.008074354219819502,-0.0057487251056309585,-0.008342606403720088
2021-11-12,0.0032318178607140258,0.004383036197769474,0.003028711099589021,0.0095344818387737
2021-11-15,0.008947515606847034,0.008728360773837318,0.008784070714511483,0.008888849259493403
2021-11-16,0.0017740067210720856,0.0036713728044019955,0.0010869704392499902,0.0022026873288389925
2021-11-17,0.003186625969055168,0.0018856327499714443,0.0020007819735998744,0.003296733393338247
2021-11-18,0.005647839688476042,0.006273434420967616,0.007130474479730031,0.006024270301666634
2021-11-19,0.0024570874435581036,0.003117215070931545,0.0011328869208562242,0.00435479964171126
2021-11-22,-0.002451064962615157,-0.0018644321326879432,-0.0016973424877987364,-0.002710028058599878
2021-11-23,-0.009476915244331363,-0.008094686612615698,-0.00793444235774532,-0.013043596352859343
2021-11-24,-0.004252219220498121,-0.005022005337132152,-0.004284238773596627,-0.0055066105409528054
2021-11-25,-0.00035606242137420363,0.0,0.000573755495363093,0.0016612170625893707
2021-11-26,-0.016375841205265473,-0.014510777160665067,-0.014908430731396138,-0.016583682254492693
2021-11-29,0.0,-0.003841281766797433,-0.0034922945761328705,0.002248352225467487
2021-11-30,-0.001085659671363759,0.001285218539770705,0.002920455703964153,0.0067302181694886
2021-12-01,0.016666631724141068,0.014120680873948022,0.012812960767149661,0.015598979831284332
2021-12-02,0.010691350859129978,0.011392454942493524,0.008625734235611082,0.006582472593788635
2021-12-03,-0.0003526744520500058,-0.000625826447427813,0.0008552032661541809,-0.0005448455844183631
2021-12-06,-0.002821834341383167,-0.0012524367028680095,-0.0011392749024125015,-0.0016358547020648428
2021-12-07,0.0031836168559571387,0.002507907592732783,0.002281148660242316,-0.001638392576535197
2021-12-08,0.0038786770206873378,0.0031268554770214063,0.0031293264269813825,0.006017321938037723
2021-12-09,-0.0024587516555508726,0.0006235918935606488,0.0008509677756975975,-0.00271865751180711
2021-12-10,-0.00035223948679352635,-0.0031152724123089115,-0.003117237066486922,-0.0005454271984181025
2021-12-13,-0.003170037148573668,-0.0037500518382620474,-0.003126593199413552,-0.0021820451540687236
2021-12-14,-0.009894024766940568,-0.008782915198897068,-0.006273322418617,-0.010388164991524396
2021-12-15,0.0014276904869154894,0.0,-0.001434701899949431,0.0011048140913287874
2021-12-16,0.012473076028022723,0.012025303131799614,0.010919492852785595,0.013797131690440168
2021-12-17,-0.001055729429107477,0.0,-0.0008525767630591652,-0.0032663661037801717
2021-12-20,-0.00880928797921876,-0.008755558030413835,-0.008535001471687065,-0.008738355048151902
2021-12-21,0.00853202313745749,0.0075710835661362275,0.007747759043837732,0.011570352744170842
2021-12-22,0.0,0.001252329894348314,0.00028465590942672314,0.003812551855438606
2021-12-23,0.005639566064181256,0.005628382528609643,0.0048391452770562005,0.0059685599203058715
2021-12-24,0.0028042771634042563,0.0006219346144429316,0.0014164772839939666,0.003236134346730868
2021-12-27,0.007689445965434194,0.00745815257854443,0.005940633784464744,0.010752762852446418
2021-12-28,0.007977998724211233,0.00801957140772136,0.007592676195052439,0.008510599606609492
2021-12-29,0.004473424256413949,0.0036720221164798783,0.003907430728663508,0.0031646545328412046
2021-12-30,-0.0030831566237558006,-0.0018290858346319272,-0.003058306703761282,-0.0015773012417602539
2021-12-31,0.0,0.0,0.0,0.0
2022-01-03,0.006185444011430841,0.006108750259063989,0.0039042902649253364,-0.001053309890105103
2022-01-04,0.02185789077234901,0.0212507064495413,0.016944275080319482,0.015287481093309463
2022-01-05,-0.0020053666325698938,0.004756173112126394,-0.0013655414641778885,0.003115157156900805
2022-01-06,-0.009377064860429773,-0.012425905367797752,-0.006564603894343324,-0.01604551376563801
2022-01-07,-0.008789746874117155,-0.008987541309576907,-0.008810559325688194,-0.009468786043091981
2022-01-10,0.006480160291493897,0.0024184476476365457,0.003333264482672682,0.0
2022-01-11,0.005083130751247555,0.004825122860543374,0.007752053733509401,-0.0042484858341880205
2022-01-12,0.008428762789435051,0.010804163542221579,0.0057690167628021705,0.0026666675945743457
2022-01-13,0.005015034433513366,0.0047507275950704475,0.005189910126145447,0.004255195691318603
2022-01-14,0.0,0.0,0.002445695439447837,-0.0052964053170703185
2022-01-17,0.0113107034487554,0.01004708405014565,0.009487667568811364,0.014909357037408366
2022-01-18,-0.011184202253752273,-0.011702581364879339,-0.010472610013926076,-0.00270702389897981
2022-01-19,-0.011975812477753367,-0.011841254416952163,-0.010854925329259357,-0.011943620203504035
2022-01-20,0.004040441730402078,0.003595016523830763,0.0013717874566228083,-0.0016484071152882418
2022-01-21,-0.022275773971215607,-0.02089577499900197,-0.018904130002637687,-0.018161721410734577
2022-01-24,0.009463678002559872,0.010975763104574154,0.007539927043797245,0.011771270928832234
2022-01-25,-0.016319189872597173,-0.015078444639891497,-0.010254893746459381,-0.013296496036368732
2022-01-26,-0.0007061436435110702,-0.0030618569687772546,-0.0016804238367352786,-0.006737660154236491
2022-01-27,0.0,0.0,0.0,0.0
2022-01-28,0.0,0.0,0.0,0.0
2022-01-31,0.0,0.0,0.0,0.0
2022-02-01,0.0,0.0,0.0,0.0
2022-02-02,0.0,0.0,0.0,0.0
2022-02-03,0.0,0.0,0.0,0.0
2022-02-04,0.0,0.0,0.0,0.0
2022-02-07,0.005298456053422385,0.0067567107408419425,0.00869572046898548,-0.0011305964326848716
2022-02-08,0.004216364014106411,0.003050648381162313,0.0011124092409999786,0.006791256766782938
2022-02-09,0.003498994176508008,0.004258105080986008,0.00638876755022455,0.00899378678554319
2022-02-10,0.011506222456266535,0.012719531610795531,0.009108635003973964,0.009470553510317892
2022-02-11,-0.000689295968215986,-0.001794283023356713,-0.001094090186703478,-0.0033110909824271006
2022-02-14,-0.015522579685941507,-0.013780658206072882,-0.012869844480214665,-0.0227021435634982
2022-02-15,-0.0045546882735850724,-0.0036454577325145676,-0.004160579499192352,-0.0011331587231048212
2022-02-16,0.016543024304735088,0.01585384537058543,0.015041597427120967,0.01588207575250089
2022-02-17,0.0006926363922734602,-0.0006002825003368351,0.0002742815885004024,-0.0005585307936079031
2022-02-18,-0.002768034198183167,-0.0036036534423772304,-0.001645993835362125,-0.0016756810787766918
2022-02-21,-0.0020819369509307295,-0.0018081377302082702,-0.0002748476670364486,-0.0011193495983743418
2022-02-22,-0.013560614146459926,-0.012681333144768936,-0.01264426057069723,-0.012885138981028943
2022-02-23,0.002819866852254771,0.0012233281138973595,0.003619068490630095,0.0051077167471307305
2022-02-24,-0.024253082100446965,-0.023824084330887785,-0.024133258228912435,-0.02653855095212143
2022-02-25,-0.002161311322039894,-0.000625826447427813,-0.0005682757810856476,-0.0005800903515109646
2022-02-28,0.0,0.0,0.0,0.0
2022-03-01,0.01407941717222716,0.011897294209087805,0.012798599279352674,0.01741156395037957
2022-03-02,-0.00569588899347806,-0.004331778400914144,-0.005335652631219379,-0.0062749275485779465
2022-03-03,0.002148217286207066,0.0012432021163377716,0.001976427619550636,0.0017221436460157502
2022-03-04,-0.010718184309834178,-0.010552561848399256,-0.009016739886641867,-0.01318071674531307
2022-03-07,-0.03214153792500585,-0.015683853576274998,-0.02900204705285081,-0.027293640364146277
2022-03-08,-0.02126868263662829,-0.0325045801463647,-0.02371883818237186,-0.03164192215163286
2022-03-09,0.01029363867155153,0.0052701270174662085,0.013197341904353621,0.01233053399259787
2022-03-10,0.0290564626698242,0.02883334989510189,0.02397863523079402,0.029232548006660197
2022-03-11,-0.014301488495177539,-0.012101897610660495,-0.010696503152786252,-0.013017616801130338
2022-03-14,0.0,-0.003223734640438014,0.0,-0.010791350272336575
2022-03-15,-0.020461278010731276,-0.018758088022174935,-0.018118198725692758,-0.023636314032595362
2022-03-16,0.00417785475011212,0.0032960995742754573,0.004166626537929652,0.0024827252758639062
2022-03-17,0.03176995771256674,0.032851477150365405,0.028749269966592328,0.03900950715412832
2022-03-18,-0.0021994031143995896,-0.003816846490093062,-0.0017284407416116032,-0.0029798125106158535
2022-03-21,0.006612753453739684,0.006385711760259927,0.003751582588168656,0.005977285498824481
2022-03-22,-0.0014598471581606098,-0.0012690169907575433,0.0,-0.0017826661915294473
2022-03-23,0.009502941993039693,0.010800404434036182,0.010063389601634887,0.008928721961699582
2022-03-24,-0.0007241716661452458,-0.001257159974196398,-0.00028457490349864667,0.0
2022-03-25,0.001449330773240609,0.0025173774832816243,0.0,0.001769821719779685
2022-03-28,-0.010853783813782769,-0.011299378162644813,-0.008542291202995322,-0.01177841337624319
2022-03-29,0.0010972881092981002,0.0012699310732617874,0.0008614572429175293,-0.0029798125106158535
2022-03-30,0.012422363752900178,0.0114139100762356,0.010617031135125465,0.008965777085283566
2022-03-31,-0.0032479713724262727,-0.0018806900740180321,-0.002555281236022666,-0.004146859565527405
2022-04-01,-0.00832719761903633,-0.008165977141692649,-0.0056931313051862276,-0.010112967325687228
2022-04-04,0.0,0.0,0.0,0.0
2022-04-05,0.0,0.0,0.0,0.0
2022-04-06,-0.005111517788451536,-0.005066424169673622,-0.005153254322286194,-0.013822098716075981
2022-04-07,-0.017981504622962774,-0.015913469984436657,-0.016115151341036027,-0.0182814563397512
2022-04-08,0.005605225970089611,0.0006467659440989593,0.004972257683156345,-0.0043451420614759595
2022-04-11,-0.015607635701875289,-0.012928060772139816,-0.01426079842730854,-0.021820602414995394
2022-04-12,0.0007551279620618967,-0.0006548133753954133,0.0,0.0006373969639628108
2022-04-13,0.01886091230083231,0.01834835312492622,0.01623875713459233,0.021656161967251064
2022-04-14,-0.0037025051735843917,-0.0025739652796780144,-0.002615004802743459,-0.0006234885782315791
2022-04-15,-0.017093937527246528,-0.017419156824683868,-0.015438221276670272,-0.0218341369171835
2022-04-18,-0.005293045476805203,-0.006566003477094573,-0.004437812268142549,-0.0019133296968832925
2022-04-19,0.003420671286604504,0.004626445292061687,0.003565979903791927,0.003194968976247603
2022-04-20,0.004924414683461054,0.00460536430284364,0.004145787536526946,0.007643247054309521
2022-04-21,0.0007538599427050485,0.0,0.0017692853764184058,0.005056873945985085
2022-04-22,-0.008662858758900938,-0.005239177231797121,-0.006476259760854197,-0.011949558291494244
2022-04-25,-0.01785718709438522,-0.01974977280299406,-0.018074166957936177,-0.02418855678697962
2022-04-26,0.0,-0.0006714100297958714,-0.0003018016826378256,-0.0013044829921070589
2022-04-27,-0.020889781468222846,-0.021505516861352825,-0.019015990204209188,-0.014369707630526585
2022-04-28,0.004346087633039009,0.006181169586190194,0.00492314110765979,0.009277615963495967
2022-04-29,0.012981977672936962,0.013651912102513375,0.011328950070122579,0.011162195771777572
2022-05-02,0.0,0.0,0.0,0.0
2022-05-03,-0.0073786053761495385,-0.010100920762252108,-0.007266180461975469,-0.004545552702998612
2022-05-04,0.0,0.0020408445067481296,0.00182971858575387,0.0019570131818356096
2022-05-05,0.01134579805644842,0.010183439716735077,0.008219184781450561,0.013671923718376
2022-05-06,-0.02011602439807314,-0.018817499202444354,-0.0153983398921409,-0.01862559264799757
2022-05-09,-0.01658104934869986,-0.017808194851632875,-0.018399376621066055,-0.013743421486000162
2022-05-10,-0.0044160822790568766,-0.0027894787489441963,-0.004061207190324212,0.0006634524700535049
2022-05-11,0.001612964824871499,0.0,0.0,0.0026526373302671047
2022-05-12,-0.023752037826536676,-0.023776059534113214,-0.025407868571535097,-0.013227595529567981
2022-05-13,0.009072334209794697,0.010028629050265803,0.011908706710905603,0.012734618134770948
2022-05-16,0.005312391269562067,0.004255317604588527,0.0041349087619186875,0.004632626399911688
2022-05-17,0.010975697964148212,0.01059336708739389,0.010136189968216414,0.012516585865281815
2022-05-18,0.010856401876461197,0.01118082771739104,0.011288716443577984,0.00910868522901942
2022-05-19,-0.0190929888426985,-0.01727716826310377,-0.01798436410197979,-0.012250192199042442
2022-05-20,0.010948782963330572,0.010548669984727477,0.008525278431749994,0.008485539800935582
2022-05-23,0.0020058128170497014,0.002087592717272546,0.001565415034020079,-0.002588947657801599
2022-05-24,-0.01120911857506468,-0.012500054784797654,-0.01094085012105006,-0.01687212728150722
2022-05-25,0.00769234082294501,0.007032486640830449,0.007585324014846906,0.011221137868433706
2022-05-26,-0.012454672944453682,-0.011871632236570728,-0.011605987877128188,-0.012401955484096172
2022-05-27,0.021155237721473652,0.021908230886939828,0.017772109617716136,0.019166995670520937
2022-05-30,0.02430281093238884,0.022821419888575445,0.022762727264985516,0.022697958704042565
2022-05-31,0.009723930263892733,0.007437523087645337,0.008231712714163786,0.01141397912961728
2022-06-01,-0.0050078782854307,-0.0013420334067065776,-0.003023918960942784,0.0006270860421508928
2022-06-02,-0.010452780209427637,-0.009408806917475698,-0.009099341954412199,-0.010025108128319804
2022-06-03,0.0,0.0,0.0,0.0
2022-06-06,0.00704215235317962,0.006784277316390419,0.005203666922043881,0.008227830778260614
2022-06-07,-0.010100962293842608,-0.011455645737388331,-0.009439642065970144,-0.011927211465426968
2022-06-08,0.010989025789210238,0.01158839832324321,0.011374011360818281,0.011435734585879098
2022-06-09,-0.0031055751681875465,-0.00336939546627002,-0.0042552784817861955,0.0012563766995099535
2022-06-10,-0.010124695517471971,-0.00811358815827401,-0.00824162409678153,-0.005018804154310441
2022-06-13,-0.027930833705595015,-0.027266368169338917,-0.024622993718816488,-0.029003827238803903
2022-06-14,-0.0016185619734109258,-0.0014015211734288435,-0.0022089134920791897,-0.0025974352277214896
2022-06-15,-0.0048643229613321015,-0.006315876414036747,-0.004111370266834391,-0.007161425050482451
2022-06-16,-0.002036650198269374,-0.0028248778130877117,-0.00539851322789886,-0.007868702556675378
2022-06-17,-0.013469463678264626,-0.011331400613230014,-0.010217098691888693,-0.015201733128788253
2022-06-20,-0.00910215015367366,-0.011461333981413802,-0.011290398404737556,-0.009396091167009013
2022-06-21,0.020459265090456924,0.01811592501107495,0.02022839403099508,0.02235787854805671
2022-06-22,-0.022094822419372995,-0.020640390096677397,-0.020466872267000613,-0.02650778542283805
2022-06-23,-0.013389200521186528,-0.014535103178797248,-0.009794267704339443,-0.019741183921860972
2022-06-24,0.0021205037893790024,0.002949872544951715,0.002967411367162054,0.003472221917322882
2022-06-27,0.02369864714634362,0.022058816151677707,0.01939504819961102,0.019377143432689925
2022-06-28,-0.009508015995745245,-0.007194201345233631,-0.007094512284474441,-0.010862065087748562
2022-06-29,-0.008347205358367304,-0.010144903173749276,-0.009093848595020049,-0.008236204149761783
2022-06-30,-0.025252619716560454,-0.022693977692122114,-0.024582012216197824,-0.02491337011958461
2022-07-01,-0.036701109047222236,-0.034457063595821014,-0.02822591715279077,-0.03619592965517715
2022-07-04,-0.009861077986708655,-0.012412609344183645,-0.012102353865926063,-0.009572974211630947
2022-07-05,0.004979604810086302,0.007855411810003377,0.004550281270762735,0.008178494300776107
2022-07-06,-0.019369353841663828,-0.01636791537867055,-0.01951224622212966,-0.023598928438746336
2022-07-07,0.029857695105392823,0.02773389362083889,0.027363124636101466,0.037764349010507514
2022-07-08,0.010258570811942702,0.010794113554663864,0.008993455256629312,0.011644887394256287
2022-07-11,-0.008829904178506154,-0.007627718469655265,-0.007541945329216482,-0.007194152980206758
2022-07-12,-0.02405356374738954,-0.02382799929384538,-0.02521591243939303,-0.023188511502260423
2022-07-13,0.035600090812202945,0.03307092367278264,0.03295544623341051,0.02744818172164898
2022-07-14,0.004848079151868134,0.0030488661041911946,0.005488684990154313,0.00794201770159697
2022-07-15,0.013157906619433835,0.015197540220472261,0.01432967844551114,0.01790840068310806
2022-07-18,0.0043973944392470266,0.0030204606765895647,0.009310780822445519,0.007037297301963008
2022-07-19,0.0008758354751601249,0.0007605582026233293,-0.0028060222401431467,-0.0027951949121143294
2022-07-20,0.006561577101578786,0.003039539193800289,0.0028139181570738803,0.008409355614141134
2022-07-21,0.01129946488891398,0.01439383794761917,0.012276347300626211,0.021542698320502485
2022-07-22,0.003867595009479974,0.004480993887957085,0.0013860717058074012,-0.0013605611874051293
2022-07-25,-0.0008561944704631452,-0.0007434073544374531,0.0010380582892590695,-0.003406166294544266
2022-07-26,-0.008997347727352834,-0.009672668624074898,-0.006221966422983227,-0.01161989004483932
2022-07-27,0.009079034961934074,0.008264500745756242,0.006260921667374575,0.006915716406045158
2022-07-28,0.001713783965666238,0.002980588475544277,0.0024195489242049284,0.00206050875095265
2022-07-29,0.009409721765669232,0.00891519290540188,0.007241352085988417,0.006168555352503269
2022-08-01,-0.00296595563892299,-0.002945409891885964,-0.0017116615142885871,-0.0013625009722613157
2022-08-02,-0.015925762042972358,-0.016248290207528937,-0.014060377809419045,-0.015688931459846955
2022-08-03,0.006057878287307972,0.004504480163887825,0.0017391238395727537,0.005543987629670344
2022-08-04,0.0025807663193064823,0.0029897498936006794,0.001388883631025184,0.002756841363060536
2022-08-05,0.025310993168336626,0.024590026425726608,0.022538056266734996,0.024054891731130512
2022-08-08,-0.0020920894613003505,-0.002181745406063751,-0.0006781934912944987,-0.0033557044132069835
2022-08-09,-0.0008385901902194792,-0.002186637828700211,0.0,0.0006733665560425539
2022-08-10,-0.010490962945565396,-0.009495971170894513,-0.008483171873131745,-0.009421213604662304
2022-08-11,0.01823584995431249,0.018436703205505944,0.01779618758983914,0.016304294604166047
2022-08-12,0.006247443823804266,0.007241068749579194,0.007733588624291965,0.006684660687499067
2022-08-15,0.00910592121770848,0.009345722416256308,0.008008050468070627,0.010624134082358738
2022-08-16,0.0016406506870272342,0.0007121077148459776,0.0006619577275281952,0.0013367576705922701
2022-08-17,0.0004095080987613908,0.00213539861627976,0.0013232560538334326,0.0
2022-08-18,-0.006549447528375718,-0.008522620886475263,-0.00429473684210524,-0.0053403903547735165
2022-08-19,0.0016483647771308174,0.0021489251147799315,0.0009953512653795293,0.0013422241047966743
2022-08-22,-0.012340692086494243,-0.011436896480822911,-0.010606522948010899,-0.012064324403664561
2022-08-23,-0.015410253772784377,-0.015184421028629158,-0.013735291208540001,-0.013568443461347779
2022-08-24,-0.002538118667316569,-0.0029367599301376446,-0.0027174549056101505,-0.0027510840770580414
2022-08-25,0.009330044562271267,0.00883653782449989,0.00783368352459246,0.0075862661881560545
2022-08-26,0.005041827762437112,0.0051093797134711405,0.006083187472623486,0.00410676936808585
2022-08-29,-0.02550151961974123,-0.023238760384692303,-0.02485721922160755,-0.026585034961112863
2022-08-30,0.0017159615376409754,0.0,0.0020668947709672203,0.007003022855629482
2022-08-31,0.007280506188740654,0.006691475120681467,0.00653142913897109,0.00764939937396325
2022-09-01,-0.020833294509196687,-0.020679456646820693,-0.020150196691818056,-0.022774333870483998
2022-09-02,-0.010855389813734462,-0.009049849724601322,-0.009759536256910173,-0.009180703310600502
2022-09-05,0.0021949489089749807,0.0,0.002111924313348279,0.0
2022-09-06,0.00657020345500392,0.006088267942642167,0.0031610570515958614,0.0
2022-09-07,-0.023498622306602046,-0.02193648773220047,-0.021358312444112126,-0.015680628557492526
2022-09-08,0.007129957654326002,0.005413844879104124,0.008944430921709712,0.010137323980105029
2022-09-09,0.0,0.0,0.0,0.0
2022-09-12,0.021239040503079787,0.020769244982221213,0.018085115184771183,0.01720436487890087
2022-09-13,0.00519933131733219,0.005275069398517518,0.004528021815437544,0.0063424411987154095
2022-09-14,-0.020258637164327076,-0.019490230510820328,-0.018724074884202246,-0.016806610785339293
2022-09-15,0.0017598960126847807,0.0015288088619085372,0.003887065521340549,0.0021367044699676097
2022-09-16,-0.011418746194540974,-0.009923398328690824,-0.009855646795625339,-0.012793068860443957
2022-09-19,-0.00444232918035925,-0.0061682607846964554,-0.005687855665391317,-0.0035996016708064182
2022-09-20,0.008924603954620025,0.008533852417477839,0.005720392431893373,0.008670235508155821
2022-09-21,-0.008403369489757728,-0.007692243808134158,-0.006754483635787456,-0.010028490028490045
2022-09-22,-0.012042894003027937,-0.012403139702270138,-0.01360052170660997,-0.012301067687348954
2022-09-23,-0.009480762543464638,-0.010989103392721966,-0.0076197889337374924,-0.009523718470523357
2022-09-26,-0.01868737208561122,-0.019047648147304308,-0.018647096487638293,-0.025887606941910613
2022-09-27,-0.0013934307367204912,-0.0016180013569678797,-0.003353353853493113,0.0022778533801166567
2022-09-28,-0.020930234381615787,-0.021069801432076374,-0.019439181029370478,-0.026515093380105714
2022-09-29,-0.0033253981760483775,-0.0033111479308962632,-0.002668689978479688,-0.0023347715567391125
2022-09-30,-0.013822626765132129,-0.014119685332965148,-0.01146776353896517,-0.006240175499724998
2022-10-03,-0.01208311395071393,-0.010951896561096852,-0.009280790782568049,-0.010988928440702095
2022-10-04,0.025440294550474807,0.022998169086106524,0.020686884079045287,0.030158613824918357
2022-10-05,0.023377978980376746,0.024979188191017965,0.02179732473013196,0.026194263460132428
2022-10-06,0.006992901470562973,0.007311225539447408,0.004491082712208216,0.005255261980235737
2022-10-07,-0.01666666666666672,-0.016935390521675364,-0.015275730812354782,-0.015683458566287722
2022-10-10,0.0,0.0,0.0,0.0
2022-10-11,-0.05178925358899977,-0.05004105704732542,-0.04237609196191283,-0.047040928668928284
2022-10-12,-0.004965169816709469,-0.006044991824733947,-0.006321760354124684,-0.002388580648934324
2022-10-13,-0.011976021206806742,-0.01216336655297423,-0.0159044279472772,-0.008778801054809104
2022-10-14,0.02878790961946054,0.02814433128560956,0.024242508607411173,0.032205930946061834
2022-10-17,-0.01865482129528484,-0.01967499396284811,-0.013806738689034592,-0.013260397173995297
2022-10-18,0.011505715287582596,0.012216362317162943,0.010399960087375204,0.007114563613505043
2022-10-19,-0.013353116098099749,-0.01293103634868964,-0.009501237884443348,-0.010988928440702095
2022-10-20,-0.005513718893119024,-0.0026201461948892613,-0.004396466337784344,-0.0063492285825862416
2022-10-21,-0.0030241651108671164,-0.006129393253387461,-0.0028100183048168637,-0.005591160879147017
2022-10-24,-0.0030335088824716694,0.0,0.0,0.005622597727600764
2022-10-25,-0.019269711850653515,-0.022026431718061623,-0.015298023081431134,-0.021565707705442083
2022-10-26,0.009307135560668645,0.011711696631853341,0.005723698133916599,0.003265571987467686
2022-10-27,0.014344185665711606,0.013357004924634097,0.012195075469328298,0.013832444778934638
2022-10-28,-0.012626244780926,-0.012302241669251757,-0.011646542489073042,-0.012841135363286238
2022-10-31,0.013299310277746335,0.013345121865590226,0.011783782816325417,0.01788611445464161
2022-11-01,0.005552769994090712,0.0052677499807851635,0.006024161273183948,0.003993487799551332
2022-11-02,0.004016054740548336,0.004366885959975253,0.004790400813929452,0.007160041876169476
2022-11-03,-0.01299999039091937,-0.012173943040140967,-0.011521782107710932,-0.007898946420994535
2022-11-04,0.0015196998620528035,0.0017605782965939287,0.002009814189470438,0.0015923870992895495
2022-11-07,0.017197755945421278,0.01669598871185829,0.016847194711562485,0.01430840251243004
2022-11-08,0.010442426658735293,0.011236013575517623,0.010256284538673555,0.006269614766473586
2022-11-09,0.028543432184055195,0.02564102564102555,0.02147599063073935,0.03037373339527072
2022-11-10,-0.009569396515322626,-0.009166778257618913,-0.007645147907968108,-0.006046885131259283
2022-11-11,0.05314003760401187,0.05214467932825251,0.04583966034628939,0.04486693035831646
2022-11-14,0.00917448503330931,0.011191008069806108,0.006261486493052804,0.008733701480742928
2022-11-15,0.04272722870132739,0.040316316725333534,0.03696927424130214,0.03391055390272002
2022-11-16,-0.001743711838390949,-0.0010808889847644387,7.696933557177488e-08,0.0020935500652314865
2022-11-17,0.0004366894201093263,0.0,-0.0010799566631887192,0.002785481808812218
2022-11-18,-0.0026189928341936453,-0.0023182512772250696,-0.0032432185864295082,-0.004166573522795036
2022-11-21,-0.0035009386275196563,-0.004647658988742309,-0.0021692066196941084,-0.005578819778041533
2022-11-22,0.008344246264431199,0.009338657057480937,0.0036231780201509967,0.004207479261992386
2022-11-23,0.006968624741797047,0.006939047160748668,0.007942246460049818,0.0013967615060757055
2022-11-24,0.009515457587418119,0.009188241720164747,0.010386774417443512,0.013249469458719965
2022-11-25,0.0,-0.0015173373370620524,-0.0014179177445504676,-0.002752892191975498
2022-11-28,-0.02013697770325762,-0.016717451857360732,-0.015264467953179262,-0.017253265040553023
2022-11-29,0.00918228571976143,0.0061824278424951196,0.008651803525345558,0.0035112157897791985
2022-11-30,0.008232244151710866,0.009984620549744694,0.00822010306804577,0.011196681299974864
2022-12-01,0.01718954714762666,0.015209242197330441,0.013470408063492867,0.01660888362264412
2022-12-02,-0.008871871158734002,-0.00674159314152778,-0.007345219796052738,-0.0013613273220592914
2022-12-05,0.0012785806023520863,-0.0007543088518556784,0.0010571246631079223,0.0013631830604043937
2022-12-06,-0.01830564734936957,-0.01584896167399552,-0.014783589791603324,-0.01837978020274722
2022-12-07,-0.006071086674510839,-0.0069019248401758215,-0.0060736111959909245,-0.011789062506733727
2022-12-08,-0.011780031449212358,-0.011582942071739377,-0.010423957031699738,-0.010526341496260194
2022-12-09,0.015452455166370171,0.014843767146391906,0.012350110898653899,0.013475081280646561
2022-12-12,-0.009565176983003632,-0.0069283008634500876,-0.006458584593855621,-0.007697664034155505
2022-12-13,-0.004389823814277993,-0.005426493275525468,-0.005056023904685847,-0.002820753071476001
2022-12-14,0.012345687271230865,0.013250264422249636,0.012704137746853306,0.01343696151510776
2022-12-15,0.0008710230250967843,0.0007693950480134326,0.0007168745007495314,-0.004884776687125725
2022-12-16,-0.016536208834257216,-0.017678871884504566,-0.01611750892943098,-0.016129077242988066
2022-12-19,-0.005752171759249025,-0.004694935854936078,-0.0036403245966477593,-0.004989492239015458
2022-12-20,-0.018246369388503325,-0.01729553648552895,-0.01717199052094931,-0.020057158119658136
2022-12-21,0.004079629227156101,0.002399919488613067,0.0018586511056004618,0.0007310080988720546
2022-12-22,0.01670422241711078,0.016759938887885406,0.015955395789848392,0.011687404287554326
2022-12-23,-0.016873833898312207,-0.014128770644603383,-0.013148106295656548,-0.012996457665268135
2022-12-26,0.003613361281838312,0.002388586001164983,0.0037008721624727237,0.0007315428626293308
2022-12-27,0.004500458854248324,0.002382763382579034,0.002949812504700944,0.004385866886023715
2022-12-28,-0.014336809548356366,-0.015847916300827714,-0.013235350994722728,-0.017467131590868656
2022-12-29,-0.004545386277374774,-0.004025696374631238,-0.004843471844720781,-0.0014815097147431455
2022-12-30,0.006392582218329501,0.004041968111002214,0.007113564709174902,0.005192885246557699
2023-01-02,0.0,0.0,0.0,0.0
2023-01-03,0.004990866141298733,0.00805152541131715,0.003717381698482569,0.0088560740743866
2023-01-04,-0.0022572265612958997,-0.003993476466355617,-0.0018518465723257327,-0.0014630857252584395
2023-01-05,0.007239725465741476,0.007217277069248462,0.0044526298451634805,0.0007327057940849091
2023-01-06,0.004492371624454483,0.006369475214222264,0.00628010779981536,0.012444967880358426
2023-01-09,0.0357781684345615,0.03243672597990943,0.027900081948940558,0.028922736253421233
2023-01-10,0.003885937761814562,0.0076627036701775175,0.006428599083457165,0.007027366008573566
2023-01-11,0.0008603037782308753,-0.002281292356442699,-0.002129178724753933,0.0006979367542845338
2023-01-12,-0.0042974592322746474,-0.0007621695169742759,-0.0007111899074753181,-0.0027895398970942953
2023-01-13,0.011653073645327083,0.01144163997593739,0.008896771427697514,0.002797343197549651
2023-01-16,0.007679253114152074,0.008295595627829222,0.005290990126833872,0.0041840064934699495
2023-01-17,0.0,-0.001495836078153956,-0.0010527486177047685,0.0006943713798501783
2023-01-18,0.0,0.0,0.0,0.0
2023-01-19,0.0,0.0,0.0,0.0
2023-01-20,0.0,0.0,0.0,0.0
2023-01-23,0.0,0.0,0.0,0.0
2023-01-24,0.0,0.0,0.0,0.0
2023-01-25,0.0,0.0,0.0,0.0
2023-01-26,0.0,0.0,0.0,0.0
2023-01-27,0.0,0.0,0.0,0.0
2023-01-30,0.04502151933299836,0.044943851426508585,0.04144721930026285,0.04338556350905076
2023-01-31,-0.019883998851517037,-0.016487549813737346,-0.015176950967101144,-0.009543295534401364
2023-02-01,0.005917237692379729,0.005102049700685729,0.006164189762729144,0.007570587414920782
2023-02-02,0.016806665640968887,0.014503254223225737,0.012593741293969618,0.016393506445850026
2023-02-03,0.0,0.0,-0.00033614786193569834,0.0
2023-02-06,-0.014462829764474994,-0.01358102684123641,-0.01143251095723774,-0.012096739031131287
2023-02-07,-0.0020963599749952433,-0.0021741383382154478,-0.003061201483945619,-0.0027212087558806664
2023-02-08,0.015546179572436314,0.01452438095232389,0.01398830252020411,0.01909952763844114
2023-02-09,0.0004137073629884025,0.000715795636512695,-0.0006727586420994802,0.0013386663532397591
2023-02-10,0.0008271407440216816,0.0014306851377754448,0.0006732115509884284,0.0006685194228117641
2023-02-13,-0.002066176932954966,-0.002142902957966375,-0.0023551948356079766,-0.006679998959857603
2023-02-14,0.007453446339972025,0.005726483035030094,0.007420051027093422,0.006724921428001629
2023-02-15,-0.023016951695403298,-0.019928804547314938,-0.02042192488383565,-0.01736802969882123
2023-02-16,0.01220037978839894,0.01089330067124017,0.012303465358545207,0.010197060790446022
2023-02-17,-0.012884453733574497,-0.0129308972387564,-0.008777770085747094,-0.008075320585404278
2023-02-20,0.0021053255615108846,0.0021832127535792445,0.004427750821582421,0.0013568300001924882
2023-02-21,-0.0004202082046448341,-0.001452384250042682,-0.0020346691320709542,0.003387560928197031
2023-02-22,-0.010928966671714169,-0.010181776742419824,-0.007815030971324077,-0.013504332642103045
2023-02-23,0.01487464838332353,0.014695189672484288,0.01164386009207763,0.015742633617658264
2023-02-24,-0.005025122505699975,-0.005068799154716919,-0.004062450145881691,-0.009433889797588746
2023-02-27,0.0,0.0,0.0,0.0
2023-02-28,0.0,0.0,0.0,0.0
2023-03-01,0.0046295862613026095,0.0050946227743291495,0.0037391025514303955,0.01564624913142154
2023-03-02,-0.0008378828301224273,-0.002896652668097688,-0.0006773767252198359,-0.002009506574351727
2023-03-03,0.0008385854664865189,0.0021788755150067285,0.002710908759451014,0.0013422600299184406
2023-03-06,0.009635479872508679,0.010869557430706944,0.008110883327829388,0.013404851668244566
2023-03-07,0.0066390233951230115,0.005017752234088624,0.0060342196443621265,0.008597984224610666
2023-03-08,-0.008243995854759989,-0.006419303367730889,-0.005664790681830456,-0.006557508193008599
2023-03-09,-0.0008313346559859491,-0.0014357019497892587,0.0003351340188544327,-0.0013201105620611608
2023-03-10,-0.015806923252016047,-0.014378194567025493,-0.014070411727895582,-0.017184362702032385
2023-03-13,0.004226598351699806,0.0029174804078679895,0.004077489593944605,0.004035067030652817
2023-03-14,-0.010942765673851218,-0.01090914494153461,-0.011844225857586044,-0.012056389646086463
2023-03-15,0.0008510048381695778,0.0,0.0010273649604548574,0.0013559923466552881
2023-03-16,-0.004676827235468584,-0.005146947292720361,-0.005473900183506908,-0.0020311931295275976
2023-03-17,0.016232381250453898,0.013303810174164488,0.010663825725813814,0.015603791818245893
2023-03-20,-0.007145849496539625,-0.005105891162814125,-0.0037438295441875047,-0.0040079507711271445
2023-03-21,0.004657026690984223,0.004398860986667419,0.0054662001716119235,0.006706798469978015
2023-03-22,0.018963344047157715,0.018978248266330988,0.016649761284279085,0.015323192254428575
2023-03-23,0.007857666608073854,0.0064467745413485655,0.0073528056047347246,0.006561652325924872
2023-03-24,0.0028723882428680625,0.005693994415536974,0.0043133776213446495,0.008474596369679066
2023-03-27,-0.006137459502859155,-0.006369330197682266,-0.0033036619017901003,-0.009049782977979537
2023-03-28,-0.00864547758911094,-0.008547073744167744,-0.00795495602888907,-0.011089344755343622
2023-03-29,0.0016612198720320492,0.0028737036936645755,0.0033411198495296723,0.0006595398499655847
2023-03-30,0.0049749842701145575,0.0035815414118602895,0.006993072718301185,0.009887936137547904
2023-03-31,0.0033003735807421997,0.0028550078008184876,0.001984064693802079,0.003916623004830866
2023-04-03,0.0,0.0,0.0,0.0
2023-04-04,0.0,0.0,0.0,0.0
2023-04-05,0.0,0.0,0.0,0.0
2023-04-06,-0.004934207627335208,-0.0028468799363919883,-0.0062705952489156,-0.009102818075473085
2023-04-07,0.0,-0.0014275039004092438,0.002324901815346392,0.0
2023-04-10,0.0,0.001429544580874298,0.0006626460612766394,0.0
2023-04-11,-0.0012396516576117511,-0.0014275039004092438,0.0,0.0006562368481088932
2023-04-12,-0.0024824488147130452,-0.002144316871311336,-0.0013245561076742352,-0.0013116129674579646
2023-04-13,-0.008710090887904864,-0.008596053470660614,-0.0059681243937992345,-0.00853572560953375
2023-04-14,0.009623523266608869,0.009392986338448539,0.0073382327632658395,0.007947131238614569
2023-04-17,-0.0024866321487087006,-0.001431473330096189,-0.0019869049630992786,-0.004599375106468906
2023-04-18,-0.003323614713031331,-0.0035843449626411505,-0.0026542443434317553,-0.003960251640672818
2023-04-19,-0.00750308760057683,-0.0071941218035196375,-0.006985951559554726,-0.005301678365220885
2023-04-20,-0.0012599567116653443,-0.001449405659505576,-0.0013400869666871928,-0.0019987158902801117
2023-04-21,-0.0025233004034368456,-0.0029026602637396426,-0.004025440445057149,-0.00667537838666632
2023-04-24,-0.0037940735411921,-0.003639127619074367,-0.002021035098659696,-0.0013442269997944178
2023-04-25,-0.013118913826385414,-0.012417647706971624,-0.012487194563827186,-0.019515405685848974
2023-04-26,-0.004288291449978554,-0.008136125186755883,-0.004784733749984338,-0.003431653008027391
2023-04-27,-0.0008611958118149854,0.0022371840183377234,0.001030187504405644,0.005509551682447711
2023-04-28,0.012068839071912363,0.011160583208726926,0.010977700285558889,0.013013735950660577
2023-05-01,0.0,0.0,0.0,0.0
2023-05-02,0.0025554000019378798,0.0014716209217016107,0.0010180250879225916,0.004056810931882593
2023-05-03,-0.00424800421963889,-0.0029389774031722826,-0.0040678865856723645,-0.0013468610127304048
2023-05-04,0.0025596901137525663,0.0014738505808009617,0.00238274132570071,0.0020228935817163674
2023-05-05,0.0025532249856143885,0.003679052304254249,0.0010185711165786593,0.0013460363782367146
2023-05-08,0.006366631628499375,0.005865208380418707,0.006105860888089065,0.008064384023502624
2023-05-09,0.0029524144553225717,0.0029154741278241136,0.0037087746121018395,0.0006666558333072725
2023-05-10,-0.00925145439027919,-0.007267377376814599,-0.0070540751859135,-0.008660752092091384
2023-05-11,-0.0021223038473194844,-0.0043926005722431105,-0.004736246335443561,-0.0060484510135042635
2023-05-12,-0.0029773903608626417,-0.0029410175480936163,-0.002719201952673944,0.0006761214896680023
2023-05-15,0.0,0.0,0.001704153327158231,-0.004054069888110523
2023-05-16,0.011945197085306836,0.011799378128895643,0.01156858628139057,0.01017647181747594
2023-05-17,0.016441935265262275,0.015306149102056965,0.014463506836728035,0.010745372295220212
2023-05-18,0.013272470603939102,0.012921790674466527,0.011604741462215351,0.009966856915214484
2023-05-19,0.0028654010599804547,0.002126080161874988,0.0036054492279988803,0.0052629920317532886
2023-05-22,-0.0016326071917891483,-0.000707306369928884,-0.000979790862030927,-0.002617679299484532
2023-05-23,-0.0008178069871709326,0.0,0.00032691726455880143,0.0019684718259387335
2023-05-24,-0.004909913635331553,-0.004953949399844948,-0.002941223945218785,-0.0013096569550122839
2023-05-25,0.011924329450098137,0.010668557299051917,0.008193941575407315,0.016393333119157916
2023-05-26,0.02356763070728407,0.02322311579161207,0.020156089208609895,0.02645157363278261
2023-05-29,0.006351876093877218,0.004814257199911687,0.0057362308212838276,0.013199412573509317
2023-05-30,0.0,0.0020534320893423885,0.0,0.003721948096596872
2023-05-31,-0.004733724501071235,-0.005464410149151777,-0.0031686264987527135,-0.003090184597869361
2023-06-01,-0.007927239635845296,-0.008241820730468974,-0.005721440002327105,-0.007439582618319007
2023-06-02,0.012784827252412256,0.012465298102563471,0.012148274877020526,0.010618342090678023
2023-06-05,-0.003155989766284062,-0.0027358865344141448,-0.0022109449643747947,-0.003090184597869361
2023-06-06,0.00277015232151534,0.003429353188458828,0.0066475999072428404,0.0012399805578746648
2023-06-07,0.011049738854342461,0.0109365154357155,0.0078615457792377,0.014241403121364682
2023-06-08,-0.009758033134300015,-0.009465982454121447,-0.01029642372150319,-0.012820452074039479
2023-06-09,0.00748922648736472,0.008873872602271238,0.008196847288648001,0.012368456577171116
2023-06-12,0.009389600802156117,0.007442350766151851,0.005941182963950853,0.008552387261174355
2023-06-13,0.01976741451604158,0.020819307729385894,0.017718480738313946,0.024833468227576372
2023-06-14,-0.00038005729998269455,-0.001973726500345996,0.000610767267890111,0.0029549625689690995
2023-06-15,0.0030418651390056173,0.003955476827854909,0.004883938897896067,0.008249932648215053
2023-06-16,-0.0026535914731585786,-0.0032832078329627645,-0.0009112066795236018,-0.0035068055544431598
2023-06-19,-0.0022804691279424416,-0.0006588479755511578,-0.0012162886857847166,0.003519146516995919
2023-06-20,-0.005333277895464561,-0.0059325635623663775,-0.004261836463839597,-0.008766872133993742
2023-06-21,0.0,0.0006631076574785677,0.001223047363375196,0.0011791545552648497
2023-06-22,0.0,0.0,0.0,0.0
2023-06-23,0.0,0.0,0.0,0.0
2023-06-26,-0.006127937483381252,-0.005964232511929679,-0.00580149699371213,-0.00942276906727535
2023-06-27,-0.006551113911096307,-0.003333440980618385,-0.006756894752032561,-0.008918025799282692
2023-06-28,0.0015516108210624768,-0.001337747820318591,0.0006185200438511007,0.0035993672481442474
2023-06-29,-0.0003873336902728841,0.0,0.0003089697431666316,0.0017932291338591533
2023-06-30,0.00038748377579378435,0.0013395397867486114,0.0027803972350861628,0.0035798937261559693
2023-07-03,0.012393528730600956,0.011371187107364511,0.012014674194002373,0.015457752769683086
2023-07-04,0.002295362935460954,0.003968339157000456,0.003653179356298386,0.012880494635304496
2023-07-05,-0.0015268004673218982,-0.003952653686601804,-0.00454964199448038,-0.0046242726754195385
2023-07-06,-0.022171230742983994,-0.017856981344468892,-0.016148617051120584,-0.016840750763283174
2023-07-07,-0.0015637422177849913,-0.0033670011255143573,-0.005264931166792608,-0.005316063528592374
2023-07-10,-0.001957771448258372,-0.0027027231630845083,-0.001245313183584229,-0.0029690008058191886
2023-07-11,0.013730959451850877,0.014227499108353303,0.014650857879346724,0.01905894009509823
2023-07-12,0.0019349780508524095,0.001336070706195791,0.0055298463308250945,0.011688879341096525
2023-07-13,0.011201160413116362,0.010673864354824092,0.008249446927225401,0.016175709540742433
2023-07-14,0.01031325812290218,0.007260699583375274,0.010302987970830069,0.013644238690929678
2023-07-17,-0.0018904152555663245,0.001965857969542073,-0.00029995199613663814,0.0011216866053058716
2023-07-18,-0.0019214738693792421,-0.001304875572910258,-0.0011656538458429955,0.0028008707720876824
2023-07-19,-0.008471311993412556,-0.004000020285501171,-0.005221184191190442,-0.012290304620862447
2023-07-20,0.004660256691802811,0.0,0.0006174961370981613,0.0028280081316036654
2023-07-21,-0.016621691878238476,-0.01472564392123965,-0.009565025500196112,-0.004512121285907722
2023-07-24,0.0003930178617133073,0.0013587026736985308,0.0028037062917656286,0.013031086692729232
2023-07-25,0.01257380156851684,0.010854872844831887,0.009009000229848851,0.0055928861515806005
2023-07-26,-0.002716399539437253,-0.0013422887320960752,-0.002155054882077234,-0.003893151400234829
2023-07-27,0.007782163903255812,0.004704161967272524,0.00462823398236667,0.0005583381808182963
2023-07-28,0.0,0.0006690622270093538,0.001228415697002161,0.00781250793035948
2023-07-31,-0.005405341987401613,-0.004010715581290847,-0.009202455561931888,-0.01218168665757624
2023-08-01,0.005046393653777903,0.004697847623669871,0.005882429492068075,0.004484368031411279
2023-08-02,-0.012359921786041839,-0.011355942795274743,-0.015081640107684202,-0.025111603630840862
2023-08-03,0.0,0.0,0.0,0.0
2023-08-04,-0.004693062860122832,-0.005405433188690467,-0.003124913409242147,-0.0017172709393178387
2023-08-07,0.009823246560289878,0.006793513368492876,0.009717814557671067,0.018348603439281908
2023-08-08,-0.011673087784915603,-0.009446632934672516,-0.010245299349453618,-0.00788282305918131
2023-08-09,0.0015747389733404837,0.0013624047297946529,-0.00031355607884875347,-0.003972762252516193
2023-08-10,-0.00628937164856147,-0.005442204434117248,-0.008158164772513299,-0.019942971120855302
2023-08-11,-0.0007909464051373272,-0.0020520493869037315,-0.00031643279220217035,0.0017440870113072382
2023-08-14,-0.014251843051598545,-0.012337059045070764,-0.013291141292885222,-0.0063841801666641995
2023-08-15,0.001606294974334066,0.00069379751535803,0.0028864996699475842,0.0075934050661801145
2023-08-16,-0.005212444869311272,-0.004160796897551777,-0.004796897114391574,0.007742793970521911
2023-08-17,0.004433695799896276,0.00139287743478822,0.006426690994676187,0.005910126316392983
2023-08-18,-0.006019261244740948,-0.0048679524289056975,-0.0063856523800303044,-0.013513424482048175
2023-08-21,-0.00686314044601033,-0.00349413423614775,-0.0038561086761000896,-0.002978083786357777
2023-08-22,0.00813001470852348,0.004908917727219908,0.0058064525268723965,0.007765920443631558
2023-08-23,0.006854904232233006,0.007676185876577035,0.007697243026276723,0.00889146431320409
2023-08-24,0.017220728753559955,0.01662047036055525,0.012730791097591343,0.018213884742672715
2023-08-25,-0.019291336114359292,-0.0170300039955934,-0.018856067433098422,-0.025966701023758754
2023-08-28,0.006423057172469271,0.0034650772304058997,0.004164009066452534,0.0023698627799733085
2023-08-29,0.0055843634194510106,0.004834222571411972,0.006060617784776401,0.004137018660777425
2023-08-30,0.004363347596578304,0.004810965294395508,0.0038046264857460876,0.005885915694723742
2023-08-31,-0.007109068460009027,-0.006840090818905686,-0.00631707633162526,-0.0011704053887546806
2023-09-01,0.001591154532990302,0.0013774176846073072,0.0,-0.003514846494191093
2023-09-04,0.006751454090092812,0.006877726389693528,0.007310794205074966,0.006466811005812367
2023-09-05,-0.002366991803795737,-0.0013661271660196928,-0.0012620740895892268,0.002336364187929485
2023-09-06,-0.0035585903551303977,-0.003420156115613082,-0.002527734311971397,0.0011655623344730692
2023-09-07,-0.009127047432429092,-0.0089222127416414,-0.007602088625211834,-0.008149094138973023
2023-09-08,-0.004405286056931912,-0.004155033525527485,-0.003191940343956645,-0.00821597821393194
2023-09-11,-0.004022460519078397,-0.003477124956905997,-0.006083838908109818,-0.01183417281444532
2023-09-12,0.010096929207827232,0.007676185876577035,0.007409783417680504,0.011377169919793984
2023-09-13,0.0011994550636742485,0.0006924682255384784,0.0015989657047972283,-0.0017762571507681235
2023-09-14,0.013977634875675271,0.013840788979520013,0.012132846354670823,0.016607456584815772
2023-09-15,0.0031507825884493634,0.0034130420564382202,0.007255510307479396,0.008168111735856964
2023-09-18,-0.010600579115871533,-0.009523857759705101,-0.01190112226618234,-0.012731601177454643
2023-09-19,-0.004365143284643436,-0.004121011355236015,-0.004754326017763599,-0.004689370136024773
2023-09-20,-0.005579976719495394,-0.0062066500587468765,-0.005095520106155549,-0.007656085446854699
2023-09-21,-0.016031933870991888,-0.013185522376626624,-0.012163782776587473,-0.014243230651190264
2023-09-22,-0.0008146638432753317,-0.0028128404293255027,-0.0019443322734558066,0.0024081719233504106
2023-09-25,0.007337886310358366,0.0077573875696432815,0.00616877528551818,0.009609546253916745
2023-09-26,-0.011736138443110167,-0.011896435747025924,-0.011939281049152206,-0.01368238303131164
2023-09-27,0.00040956692439997333,0.0,0.0022861674643279706,0.0018095395868642505
2023-09-28,0.004093327331028185,0.003541152065962505,0.003258299611473392,0.006020287683026426
2023-09-29,0.0,0.0,0.0,0.0
2023-10-02,0.013045248985079416,0.013408620782214387,0.01136731714973771,0.020347178667387
2023-10-03,-0.006036216514397896,-0.004874732889997513,-0.005780414753522423,-0.005864995243288762
2023-10-04,-0.012955529670241162,-0.01259617278498626,-0.011950850525510592,-0.007079738456497786
2023-10-05,0.014356095226878862,0.012048196917141762,0.012422384876397574,0.011883604053142038
2023-10-06,0.0036392383021994767,0.00490192911521925,0.004843431197725456,0.0035232404746605717
2023-10-09,0.0,0.0,0.0,0.0
2023-10-10,0.0,0.0,0.0,0.0
2023-10-11,0.01732480244993062,0.015330863551987095,0.014138773947884431,0.007021465397827331
2023-10-12,0.008316701903074986,0.008236256123204333,0.007921365349312648,0.004067650791068411
2023-10-13,-0.0027493470165209644,-0.002042160955557204,-0.002200511484806822,-0.0005787681371370867
2023-10-16,-0.0055139175297649334,-0.005457053634861597,-0.005041002370806291,-0.008106762782459809
2023-10-17,0.00237617296309911,0.0,-0.0009500016124731614,-0.001751095545817316
2023-10-18,-0.013828525386377244,-0.010973992937773347,-0.010776525333835885,-0.016374298553980315
2023-10-19,0.00040064099955827714,0.0020805106903971637,0.0012816854136386002,0.0017835090222468875
2023-10-20,0.004405416209857016,0.0013839780902245025,0.0006400223994456056,0.0005934679437995527
2023-10-23,-0.012360573750496817,-0.011057193859272063,-0.011832372966357974,-0.013641736824400397
2023-10-24,0.0008074282877659211,0.000698758984589487,0.0009707723352083697,0.0024052759352881647
2023-10-25,0.0020169421832412215,0.0013967681736686277,0.0016165425124514687,0.002399433658034855
2023-10-26,-0.01972624669668477,-0.01603918769064072,-0.017430536021822984,-0.02094540695381575
2023-10-27,0.004517453497302704,0.0014173269713444459,0.0032851972935508122,-0.0006112429306097678
2023-10-30,-0.0024529843014717834,-0.0014153209987199933,-0.00032751933445984704,0.0030580838852045655
2023-10-31,-0.0069672126507607235,-0.006378544908996142,-0.006550888814834788,-0.010975609843869027
2023-11-01,0.0049525378436783285,0.002853197312649547,0.002307957658461035,0.0036991854121994905
2023-11-02,0.022587334219953847,0.02418208418235812,0.022697267316292846,0.026412602146948405
2023-11-03,0.007630455833022687,0.005555583654930585,0.00707627649063336,0.004787804139112506
2023-11-06,0.008768433071010495,0.008977778046041385,0.008623410841550161,0.01131611380101627
2023-11-07,-0.0003951649275878433,-0.0006845216136674992,0.00031673342481930433,0.0005889243025118951
2023-11-08,0.005533661065588058,0.0047944901000080975,0.0037986046428493125,0.008240017974128433
2023-11-09,0.0003930178617133073,0.0013634439902328044,0.0018921478994757823,0.0029190438203856583
2023-11-10,-0.003929145386296629,-0.004084321911114519,-0.004091856427004936,-0.006402889125600386
2023-11-13,0.015384549311324935,0.015037559049020377,0.01264220439256003,0.012302481337382876
2023-11-14,0.002331002183846742,0.003366965935573285,0.003433263329162939,0.0028934308416135313
2023-11-15,0.012015566102115072,0.010738201230990674,0.012441593842116072,0.007501324915085261
2023-11-16,0.00038299497339333577,0.002162975926441213,0.0016515401836123544,-0.0011453327319356221
2023-11-17,0.003062724543913431,0.0020105311596403386,0.0,0.005160516230300116
2023-11-20,-0.00038167936564070803,-0.0013377003647505603,-0.0019024960663723833,0.002852167125856564
2023-11-21,0.012218403212890028,0.012056394347190746,0.011753554258716159,0.011945516119279409
2023-11-22,-0.009053125625411607,-0.007280025684989533,-0.008477238604185033,-0.006745450506602135
2023-11-23,-0.00038060044932253234,-0.001333347840157817,0.00031664905227568596,-0.0022637090065130705
2023-11-24,-0.0007617382408747764,-0.0006676708253590125,-0.00031654881739273666,0.0005672112528498641
2023-11-27,-0.0064785962085811555,-0.008684023455381773,-0.005699811061154247,-0.010204148545980063
2023-11-28,0.006904362395190988,0.008760096337447676,0.007961863665865598,0.008591212346392041
2023-11-29,-0.0007618428586904091,-0.0006679031443178607,-0.00157980740744057,0.002839277013900965
2023-11-30,0.0015250332627243512,0.0020051555642639496,0.002531653025061198,0.0016988098439136845
2023-12-01,0.003425898892528867,0.0013343443652369391,0.0006312990213013236,0.0
2023-12-04,-0.0037935031834961386,-0.0019985829024957713,0.0006308369166911909,-0.003391857566803602
2023-12-05,-0.007235399454976643,-0.006675640151166395,-0.0069355966643164235,-0.007373679335768268
2023-12-06,0.003452181197595605,0.002688309054572402,0.00412689189083304,0.002856988881566158
2023-12-07,-0.006116269687335141,-0.005362095610901507,-0.006323034191688559,-0.003418848371421479
2023-12-08,0.008077048073798165,0.006064756722931053,0.006363269361431945,0.005145831747384033
2023-12-11,0.0011445391576101471,0.0020093990578651244,0.00031621247047586287,0.0022753651786879825
2023-12-12,0.002286585224252846,0.0020051555642639496,0.0028444371582840855,0.0017025994921409104
2023-12-13,0.000380228113389558,0.0013343443652369391,0.000630431799877762,0.007365524572769733
2023-12-14,0.012162675037481918,0.009993447496345675,0.01007870590076343,0.0129357971378945
2023-12-15,0.004130679432512663,0.0032980833459193004,0.0024946136442989264,0.0011104868918767608
2023-12-18,0.0014958254528782966,0.0006575745838535152,0.0009330421446478443,0.0
2023-12-19,-0.0037340085915328336,-0.001971217139066006,-0.0027967686283129067,-0.002773203162581561
2023-12-20,0.002623687836327937,0.0019751105107563838,0.0037394622933506483,0.003893255028391218
2023-12-21,-0.00859819054265254,-0.007884553178341913,-0.007451061622717803,-0.005540064582534976
2023-12-22,0.002639578456642866,0.001986882822337943,0.0025022900535363046,0.005013960034170317
2023-12-25,0.004136831951720765,0.004626514372079837,0.0018720962908520544,0.00554306939665361
2023-12-26,0.005617977186180401,0.005263215513096053,0.008720019440123572,0.0066151719499634165
2023-12-27,0.01117324420124044,0.009162194017610314,0.007100923667834325,0.012596015041268283
2023-12-28,0.0,0.0012970311268794,0.0003066776024571727,-0.0016225517132899547
2023-12-29,-0.0022099444868456386,-0.0006476755081454844,-0.002758198243328791,0.0032501855088569176
2024-01-01,0.0,0.0,0.0,0.0
2024-01-02,-0.004060658424582586,-0.003240268927388823,-0.001536598154714519,-0.012418925745332432
2024-01-03,-0.017420251113440477,-0.016905254423558946,-0.015389380159582355,-0.016949234578800487
2024-01-04,-0.0003771548256417123,-0.0006611712975465034,0.0006251181780065895,-0.0005562355594900259
2024-01-05,-0.002641631748440121,-0.0026472820672689412,-0.003748808293299044,-0.0033386796172062416
2024-01-08,0.004540295119182858,0.007299242948669571,0.006271609148633672,0.0022333743018152497
2024-01-09,0.0018833003751177468,-0.0006588740831652284,-0.0018697626676751344,0.0005570336063351888
2024-01-10,-0.005263218661912039,-0.003955007126775656,-0.004058667642869107,-0.003340866724694025
2024-01-11,0.004157341266770587,0.004632637726437849,0.0037617349298812996,0.005586753900994834
2024-01-12,-0.001505579413840441,-0.0026351801236945693,-0.0034353394673777293,0.0005554863010099886
2024-01-15,0.0,0.0,0.0,0.0
2024-01-16,-0.007538574257091035,-0.006604986728519946,-0.005954303635884672,-0.0038867041215684406
2024-01-17,-0.009327685905554994,-0.006648902642231058,-0.0072509119365389285,-0.012798124176089942
2024-01-18,0.006669369491380195,0.004016108127767426,0.004128331153562259,0.0023571162791380385
2024-01-19,0.03585337105007791,0.0333331626648099,0.027830441426694552,0.032921760900038066
2024-01-22,0.0067720627023371005,0.005161450557441105,0.0036922876584457587,0.014228844922371975
2024-01-23,0.00186848828450481,0.0032091748572564693,0.003678952892893772,0.002244747124806379
2024-01-24,-0.00037302440105535517,0.0006398022734579456,-0.0006111069711548511,-0.000559993206369902
2024-01-25,0.01231333228577336,0.011509077388366373,0.01008559739866599,0.009523824609914078
2024-01-26,0.0,0.0,0.0,-0.0044395407717032764
2024-01-29,0.006266267067764009,0.0063209786442188776,0.006656677467725247,0.0066889442343160965
2024-01-30,-0.0025641872775734598,-0.0018845432578105115,-0.0027051400397026804,0.004983374660534112
2024-01-31,-0.013220583868494451,-0.012586369742043746,-0.010849910686636433,-0.012672120002467646
2024-02-01,0.0,0.0,0.0036561020394816346,-0.0033481415917585577
2024-02-02,0.005582398619499607,0.006373453864582546,0.0039466662670581965,0.007838701692195249
2024-02-05,0.006291541386501676,0.007599728513811632,0.003628769186018177,0.006111072503340642
2024-02-06,0.0,0.0,0.0,0.0
2024-02-07,0.0,0.0,0.0,0.0
2024-02-08,0.0,0.0,0.0,0.0
2024-02-09,0.0,0.0,0.0,0.0
2024-02-12,0.0,0.0,0.0,0.0
2024-02-13,0.0,0.0,0.0,0.0
2024-02-14,0.0,0.0,0.0,0.0
2024-02-15,0.04707620511877697,0.04274048107730355,0.03675796882443838,0.038652713563269936
2024-02-16,-0.00737609459534827,-0.005424917469866064,-0.00523103851423834,-0.005847976423622003
2024-02-19,-0.0014154266558946693,-0.0012121343766351433,-0.0005841515730308222,-0.0026739504210847587
2024-02-20,0.0038977998785025836,0.0036407192000533772,0.006430842307406204,0.009651630318537885
2024-02-21,-0.0031767573197530874,-0.0036275124458434727,-0.002033241417158216,-0.00637297129312886
2024-02-22,0.011331320830595404,0.01152915449177705,0.006402886957222131,0.013896435809578334
2024-02-23,0.0066527385459407284,0.006598655851048463,0.005205204666443031,0.00948869915849504
2024-02-26,0.0013913030030383577,0.0029796748207799872,0.0028769224053892817,0.0057442073631690516
2024-02-27,-0.004168220216518859,-0.0035651964347085396,-0.004589801506318381,-0.005192171048381877
2024-02-28,0.0,0.0,0.0,0.0
2024-02-29,-0.00034871327239494043,0.0011927144524628286,0.001152945280806561,0.0005219388452011309
2024-03-01,-0.003489235650396494,-0.0029779004129646403,-0.002015214209245886,-0.004173214539830106
2024-03-04,0.029061682196432237,0.025686970448232316,0.02105584148035189,0.02619180640318408
2024-03-05,0.008165927091364544,0.00931858732903601,0.00875692312053089,0.009698816618743722
2024-03-06,0.004725097789287869,0.005770218662278337,0.004200580494527317,0.010616696289319494
2024-03-07,0.02317759278536702,0.020654088673839777,0.019520485000728227,0.015507728573673996
2024-03-08,0.014116940276199808,0.012928753439722884,0.0112144667439944,0.00591142479143536
2024-03-11,-0.01003567779482395,-0.008879119489685006,-0.007033008837034727,-0.002938287217270852
2024-03-12,0.010464346550577153,0.010078408023809882,0.009806705067453514,0.016699324718806974
2024-03-13,0.004854441775168361,0.00665186857470812,0.0040464721069672915,-0.000966107979203934
2024-03-14,-0.0009661570902286254,-0.0027532459385459784,-0.001612000440476491,-0.0120890672051156
2024-03-15,-0.013539689859115467,-0.00828271838978345,-0.007535141491458286,-0.0004893826117264855
2024-03-18,0.009150318250279454,0.005567989246742844,0.0043384078827484185,0.018119456302213344
2024-03-19,-0.0022668115687300983,0.0,0.0013498073108282327,0.0019238513061614615
2024-03-20,-0.005517812649593279,-0.004429726726614458,-0.005122506312590702,-0.007200969613148422
2024-03-21,0.02741512087031861,0.023359185745998712,0.023577201808018478,0.02514506727511967
2024-03-22,-0.0012705461199464807,0.0005435711730406023,-0.0002648080398806041,0.0066036831930709194
2024-03-25,0.001908445718290519,0.0005431020434767397,-0.0015889476364122634,-0.004686093033929639
2024-03-26,0.0006348696163116507,0.0010857013505642943,0.002917867732845414,-0.00847455280559617
2024-03-27,0.000317283784803557,0.0005423920940386129,0.0,0.009021835062045902
2024-03-28,-0.004757344315854395,-0.004878015360861632,-0.001322532349286809,0.009411880420642449
2024-03-29,0.0057361827554829325,0.0038126776980140775,0.005296599272742286,0.0
2024-04-01,-0.0025350529536456445,-0.0032556837296118246,-0.005795445182771308,-0.005594494825585272
2024-04-02,0.014294904912324435,0.0146978640767228,0.014838142511779395,0.01781537496988217
2024-04-03,-0.00689001596185701,-0.004291635135561966,-0.008093868036896046,-0.0023031662831876076
2024-04-04,0.0,0.0,0.0,0.0
2024-04-05,0.0,0.0,0.0,0.0
2024-04-08,0.005676387142883543,0.0032325348333495096,0.006054249466261874,0.0009233932414549617
2024-04-09,0.02383190027897575,0.02524169546182753,0.019361475898882485,0.013837598913400306
2024-04-10,-0.0015314165077439101,-0.0010475966252621038,-0.0015399029906810746,-0.0018197967915880575
2024-04-11,-0.003067433263574837,-0.004195116548727951,-0.0010282546401992887,-0.0068368597602970205
2024-04-12,-0.0024615361764223076,-0.0015796276230934936,-0.00102941715435656,0.0
2024-04-15,-0.012954905034228692,-0.010548637149835893,-0.009015926392586193,-0.02294627553572748
2024-04-16,-0.027187547451818728,-0.026652401834322825,-0.030673197397621976,-0.03006115290712974
2024-04-17,0.011243035653292655,0.011500497354801409,0.012872012265052746,0.010169737341667373
2024-04-18,0.00984769083740944,0.0075798553383235046,0.007678040557622223,0.006711208531530399
2024-04-19,-0.0506448325185721,-0.048898459761795965,-0.042564378580079665,-0.04714277897269392
2024-04-22,-0.0029821306823353266,-0.00564968891411155,-0.0019209786165245157,-0.014992686618405138
2024-04-23,0.009637664838128224,0.00852263842878287,0.009073376640858166,0.012176756811223433
2024-04-24,0.02929569384452768,0.02985930301610984,0.02588569871895019,0.04110271364149898
2024-04-25,-0.018228239644100475,-0.01586441725932075,-0.015936327764742297,-0.019258563702822973
2024-04-26,0.016286575536381465,0.01556419472115178,0.015654608134092918,0.017182063422245486
2024-04-29,0.01794869967864776,0.015325663116180888,0.016476061460596103,0.015444118291806364
2024-04-30,-0.003463547603905437,-0.0005390032089191976,-0.001568592523264467,-0.001425797670473239
2024-05-01,0.0,0.0,0.0,0.0
2024-05-02,-0.013270180034664514,-0.012945038280459453,-0.013092458429076581,-0.009043411865250928
2024-05-03,0.0051233760323707855,0.005464453163422478,0.0034493823112986544,0.005763781125596834
2024-05-06,0.014335685702537848,0.014130415689771914,0.015864479439948287,0.020057248090469937
2024-05-07,0.0056533111289076565,0.004823204061746633,0.005465833799771724,0.005149674460048326
2024-05-08,0.0037477533663674567,0.003733288777468813,0.0015532671660374309,0.008383873875250192
2024-05-09,-0.0012446525936076203,-0.0010627109109209165,-0.003101716537618482,0.0023095494147975515
2024-05-10,0.0071650775656921795,0.007978725894097094,0.009333786646025022,-0.0018433821496729452
2024-05-13,0.010207253142903605,0.006860149177362995,0.007192340198741043,0.005540255016107665
2024-05-14,0.006736208222872575,0.007861721583692027,0.006631020413133237,0.01056009890531362
2024-05-15,0.013685947814089605,0.014040548252673535,0.00988095818980339,0.0063606584064059835
2024-05-16,0.004800571102259843,0.0061538312582201105,0.006021040805577194,0.007223524339286191
2024-05-17,-0.0011944800531503708,-0.003058055843382923,-0.0014962259871318384,-0.0026893693715250855
2024-05-20,-0.00029897713551230165,-0.0015338408180637364,-0.0007493855917281023,-0.0022471677086147723
2024-05-21,-0.001196076254467382,-0.000512038391245806,-0.0017493720857492123,-0.0004504661473824223
2024-05-22,0.0179640547750346,0.019467263001085477,0.017025461049464896,0.018476823872152215
2024-05-23,0.007647191792081953,0.007035172404699308,0.004923772271747451,0.011504425133058271
2024-05-24,-0.004086532823848521,-0.002994044725279643,-0.0022049008567742723,-0.000874921111642557
2024-05-27,0.01377496906281861,0.012012063715934218,0.011539496181647069,0.02670757036694882
2024-05-28,0.0014455260079453414,0.0004945652423344882,0.00485435844415405,0.00383789381650268
2024-05-29,-0.01356818440819485,-0.01087497781488389,-0.011594334338750345,-0.009345832110960406
2024-05-30,-0.017266568450759134,-0.017491206100568535,-0.016862141019377552,-0.01929663883837407
2024-05-31,-0.011316201152824057,-0.008138359352199642,-0.005717049449334821,-0.013992220939174516
2024-06-03,0.02138549575128268,0.016923015447060985,0.015499956960298489,0.0195122743920233
2024-06-04,-0.015924443184881176,-0.013615641087418084,-0.011570546096267953,-0.018703845368609806
2024-06-05,0.00958934616493723,0.00971364351039572,0.009215386623092403,0.007092245514781936
2024-06-06,0.0341347958065068,0.030886170704449212,0.026406671285191363,0.02772884387965857
2024-06-07,-0.007749682413974668,-0.007367388345743908,-0.006251557757716131,-0.008137038122385865
2024-06-10,0.0,0.0,0.0,0.0
2024-06-11,0.0026033417728961172,0.002473970425250771,0.0009679942225782057,0.0025906662373142986
2024-06-12,0.01788808399958297,0.018262548488188868,0.010877252177910135,0.020671873642257754
2024-06-13,0.014455655475329898,0.0135724605888079,0.014108106941892462,0.021097113264209932
2024-06-14,0.0058675778786883015,0.006695357814340941,0.006366519698546069,0.00950408881736875
2024-06-17,0.0,-0.00047506458217960734,0.0007028422165675785,0.0008186014849640433
2024-06-18,0.016666740181959128,0.01663493501373714,0.014984730976054239,0.013906045424503022
2024-06-19,0.027049219588707096,0.03085565485039843,0.02837377082413406,0.03348122020446964
2024-06-20,0.009577005656309368,0.005442163542823231,0.006505150163915285,0.016003061218723857
2024-06-21,-0.00606057917984637,-0.007668031240250284,-0.006017384517110536,-0.007683362326114995
2024-06-24,-0.024390303455465556,-0.021818274381175118,-0.021524727627419304,-0.02400331866602512
2024-06-25,-0.0005435208952198067,-0.001393993034272789,0.0,-0.0011898661555354018
2024-06-26,0.00788490708967271,0.00930675611675369,0.007561933367241869,0.00714860007779583
2024-06-27,-0.00026986670897721776,-0.001844261584616147,-0.0013645363005855282,-0.00236601290166516
2024-06-28,0.006206124645747213,0.008776003610053262,0.007059875703506524,0.010276680548676254
2024-07-01,0.0008044831668327923,0.001831521823937754,0.0009045478738320956,0.0007824998968997132
2024-07-02,-0.00669866581523193,-0.007312693937213677,-0.0056484521628510365,-0.009382303119310653
2024-07-03,0.012139032929649796,0.011510107919416646,0.010906644783813313,0.0063140798812828525
2024-07-04,0.026119420987816167,0.02548936541787361,0.021128326440946532,0.023529433680379075
2024-07-05,-0.0036363189418462394,-0.002219216458718809,-0.002641367440679887,-0.0019157755558651957
2024-07-08,0.03154334639470724,0.028469776218915444,0.025822027845045614,0.03262956870794387
2024-07-09,-0.001010946002593771,0.001297522748171076,-0.001075664000763199,0.0033456734842320923
2024-07-10,0.003541650648777761,0.004319701599160508,0.004953713721079334,0.0014821659854933333
2024-07-11,0.022182987188322123,0.022795671515946525,0.01907411693284855,0.011838691458345707
2024-07-12,-0.03156601473943765,-0.027754381578456888,-0.025657140401684986,-0.03107870026451054
2024-07-15,0.001782509282335587,-0.001730122604100215,-0.0010793211533671743,0.0011322003533686953
2024-07-16,0.005876391376449019,0.005086502501274959,0.004687736184488811,0.002638528951473429
2024-07-17,-0.013970079902176469,-0.013020844290141942,-0.010199637538432227,-0.010902464749417251
2024-07-18,-0.018031943723542332,-0.0202286798724981,-0.018855513736857676,-0.02736594641123513
2024-07-19,-0.02282263987042843,-0.021544046975832676,-0.020111850180183577,-0.017975780663282648
2024-07-22,-0.02979869690820436,-0.031192611595570408,-0.0285062901478369,-0.03342609107360894
2024-07-23,0.03099064754132841,0.028882628556895718,0.02417853685754978,0.027171597567011707
2024-07-24,0.0,0.0,0.0,0.0
2024-07-25,0.0,0.0,0.0,0.0
2024-07-26,-0.03918410841603481,-0.035434855693127654,-0.03346338611264976,-0.033667240555538935
2024-07-29,0.008938638606046823,0.008110635331584515,0.009959823532762035,0.0008294663681926995
2024-07-30,0.0,0.0009464270685963783,-0.0009392182853071862,0.008702881771466497
2024-07-31,0.0013841683438433616,-0.0009455321913361958,0.0,-0.0012325819846382702
2024-08-01,0.017417654357785528,0.017983994522395408,0.016451206380023065,0.017688253065298865
2024-08-02,-0.05054350532600871,-0.047884723988367184,-0.04485538322728577,-0.054163356472463176
2024-08-05,-0.09129930758469984,-0.08496106594219133,-0.08569361364919825,-0.09487162558040152
2024-08-06,0.05511816587259144,0.04108863822616349,0.0455388963143597,0.04626996333471567
2024-08-07,0.039701485245122736,0.04049208771224899,0.034185867166371287,0.038357306798944
2024-08-08,-0.020671864395893524,-0.01773402061290741,-0.017140126560554192,-0.022164263456505573
2024-08-09,0.03107599452279053,0.030090217174735923,0.029397171335272976,0.025777772237248087
2024-08-12,0.012510655165077766,0.013145087097101493,0.01113250120913678,0.025563268083931945
2024-08-13,0.002527416802388327,0.00336389013237004,0.0033508992819391015,0.0063371655315840325
2024-08-14,0.012605048338764524,0.011973126129461109,0.011927584144100223,0.013014252470572307
2024-08-15,-0.007745539754846376,-0.005679164081678789,-0.0061291951766120345,-0.008702881771466386
2024-08-16,0.02258143312217764,0.02189434521074385,0.019212484714953293,0.022251489243676037
2024-08-19,0.0013632085475629996,0.0009315134439928929,0.0,0.0038411780241656146
2024-08-20,0.0005444550704991613,0.000465360241552526,0.001629003408617491,0.0017006884217170004
2024-08-21,-0.010612171342356924,-0.011627929322980401,-0.0060409034058221955,-0.009337951450159365
2024-08-22,-0.005225521596250338,-0.004235245516807984,-0.007480094400750259,-0.005141413240915105
2024-08-23,0.0005529719139187872,0.0014177029697111099,0.0009420939000175377,0.0030147273308549494
2024-08-26,0.0016579116058701437,-0.0004718736458568795,0.0014117164445388575,-0.0030056660672147517
2024-08-27,-0.0044139252328709855,-0.003777146481793725,-0.0025844825339687016,-0.0025839453191544015
2024-08-28,0.014131429437933107,0.013744059945268061,0.01224963243923849,0.01252167327865239
2024-08-29,-0.013661277194698118,-0.011220265542223107,-0.015592316351958013,-0.005117387694016373
2024-08-30,0.004709288275505541,0.0,0.0021276343634988315,-0.00042865798833979785
2024-09-02,-0.002757149322429875,-0.0009455321913361958,0.00023591241538745145,-0.004716981132075526
2024-09-03,-0.004423513239353194,-0.002839657249602001,-0.0025942353729553336,-0.0008616550968435499
2024-09-04,-0.048875370625920955,-0.047935349871170096,-0.043036160224038,-0.04743423688088322
2024-09-05,0.006131414982085026,0.00448648864470691,0.0032121625433509937,-0.0027160272393561558
2024-09-06,0.014219357919569076,0.013895814906489834,0.01330043359664379,0.013163659382393389
2024-09-09,-0.015450598379459612,-0.016152660281448794,-0.015070399747367902,-0.01702502826078367
2024-09-10,0.0017436739593235107,0.0004974627580893731,0.0022210989457276398,-0.002734695063026815
2024-09-11,-0.0029010341992589117,-0.0024863141299816816,-0.004432451934541004,-0.0022852278135078175
2024-09-12,0.03753266470942718,0.03688929393396756,0.0314123538914155,0.03618878395419589
2024-09-13,0.0005607031614602853,0.0038462284850113715,0.004316591728175112,0.00044201692331702347
2024-09-16,0.0019619812228965916,0.0038314155832768204,0.005730558892496074,0.0030933260797836315
2024-09-17,0.0,0.0,0.0,0.0
2024-09-18,-0.005034862040219523,-0.008587838565800365,-0.00854700285138088,-0.016740216564968602
2024-09-19,0.01293217779750222,0.013955633954852331,0.013649488127391862,0.015681154075141368
2024-09-20,0.012767071755605208,0.011865234897951993,0.011575619292932382,0.0074988615417770355
2024-09-23,0.00438472149220992,0.003752343677441372,0.004437230673629333,0.00525387098617025
2024-09-24,0.009549926386828167,0.009813219341459067,0.008370233918493897,0.010888484391470055
2024-09-25,0.01486492048876853,0.01619613233056616,0.016370742756763645,0.017234035777876855
2024-09-26,0.008255648252669445,0.006830643108775458,0.00476403898303257,0.006776822312949182
2024-09-27,-0.002113069542513224,-0.0022614819045869705,-0.0018062453120324395,0.0008413551736139446
2024-09-30,-0.026204471840904242,-0.02538530135387751,-0.02646464859009212,-0.02900385548254214
2024-10-01,-0.0019026139577985601,0.0,0.003717500518221506,0.0017316102614914897
2024-10-02,0.0,0.0,0.0,0.0
2024-10-03,0.0,0.0,0.0,0.0
2024-10-04,0.0,0.0,-0.0006944671333822816,-0.0012963456447141475
2024-10-07,0.024782076913585138,0.022790714863831107,0.02154269928441166,0.021635618872994478
2024-10-08,-0.0047834037628737835,-0.004547501356640615,-0.005215408367566288,-0.005929765424821487
2024-10-09,0.009345837761082443,0.01187754558892351,0.009801641924462645,0.012356283253934341
2024-10-10,0.0,0.0,0.0,0.0
2024-10-11,0.01666657611046629,0.017155765989669725,0.012866876694528573,0.014309696660812277
2024-10-14,0.000780679020552455,0.0013314955586367638,0.0011143667340707264,0.0041495328346770055
2024-10-15,0.021320846297530505,0.01906028443732133,0.018477271781882187,0.018181635797299922
2024-10-16,-0.01731158610693917,-0.015658940974376367,-0.013989090138134541,-0.008522615317924753
2024-10-17,0.001554481507154648,0.0004419174230281264,0.0024385634715387017,0.002046607248102017
2024-10-18,0.024831875554645944,0.023851595934723635,0.0216717357570384,0.013888823714042431
2024-10-21,-0.00025241031917189183,0.002588385604257004,0.0,0.006043608609035633
2024-10-22,-0.003786871381504464,-0.0051634747023519,-0.002597314002730333,0.004004781746035135
2024-10-23,-0.006589037728400693,-0.006055377592112943,-0.004991395301261026,-0.004786620804790309
2024-10-24,-0.006122431049098709,-0.006092268578749782,-0.005888785421390597,-0.010821674448908691
2024-10-25,0.008213474090947415,0.007005250772280869,0.007240078541216555,0.012560817776631872
2024-10-28,-0.001782005246188656,-0.0013043558770359232,-0.0023959830840956098,-0.0024009287314810113
2024-10-29,-0.02320839096461791,-0.01828476302264692,-0.01899572821116735,-0.02045727086443838
2024-10-30,0.001566657567017904,-0.004878055655881397,0.0,-0.0004095245795960878
2024-10-31,0.0,0.0,0.0,0.0
2024-11-01,-0.0067779008111553685,-0.00490189690903875,-0.00712215561113505,-0.00409674600023846
2024-11-04,0.012860784881404186,0.013434852717565171,0.012553290362477876,0.010695195271100522
2024-11-05,0.0036278997180656525,0.0026512938672211828,0.0022138423066782043,0.003256107484098436
2024-11-06,0.008004203163223034,0.00837380826912959,0.007068752801712819,0.010953377604308034
2024-11-07,0.011526645605139496,0.008741219763135799,0.009870555925688862,0.010032085487079234
2024-11-08,0.007850078620805778,0.009098774149414846,0.008036404107611528,0.003972873615756711
2024-11-11,0.0005024581468797695,0.0,0.0008619978357176095,0.0015829124027169073
2024-11-12,-0.025615194181617618,-0.023615249670260963,-0.022604912255016596,-0.024496238185669594
2024-11-13,-0.006443374738081653,-0.006596346634486494,-0.004845796263351132,0.0012150508287338546
2024-11-14,-0.009079077950124526,-0.007968036121726252,-0.0079682982731345,-0.012944959699728198
2024-11-15,0.00706808333276121,0.0022310658654438598,0.004016195757604812,0.002458983992442265
2024-11-18,-0.014036952316809237,-0.008976638198086473,-0.012162207196634967,-0.01512665685261294
2024-11-19,0.01370948017735052,0.009510884795085772,0.010943933426073693,0.01037773281137122
2024-11-20,-0.0041612909057738845,-0.002243205706305651,-0.0054128193807914116,-0.0008217411990742995
2024-11-21,-0.010968889557856132,-0.01169056869542584,-0.008163147032997031,-0.007812426892180757
2024-11-22,0.01954058731646935,0.015923543809522434,0.017603955060375043,0.01782011465989397
2024-11-25,-0.003626020073885461,-0.001791321683929925,-0.0031453889302255345,0.0032572565496591377
2024-11-26,-0.012997211533328112,-0.013907550051324047,-0.006310538071609084,-0.014610285652358668
2024-11-27,-0.014485091712867493,-0.012283923783931061,-0.019051931318649018,-0.016474454726515875
2024-11-28,-0.0016033314979065905,-0.0023030621206658886,-0.0025433689503169266,-0.00376888504210815
2024-11-29,0.002408859447085465,-0.0004617193602188818,0.0023181076054232808,0.0029424042766537095
2024-12-02,0.02376510620059258,0.026789836083813023,0.01988886886141361,0.022631993847581633
2024-12-03,0.01356279092306445,0.011695898138676553,0.009523895818029926,0.00409833626397349
2024-12-04,0.0059186517335581,0.008003600053412052,0.006963231468328557,0.011428627542014791
2024-12-05,0.005372242958721962,0.004411069940012391,0.003122848331377437,0.000403662544410599
2024-12-06,-0.0038167426458841636,-0.0030742023440480937,-0.0006672116500221481,-0.0036306226782375495
2024-12-09,0.001277121994608832,0.0008810619800401209,0.0008901214565488758,-0.00040488220902468175
2024-12-10,-0.00714280935562539,-0.004401431965837643,-0.005113448706091428,-0.005670383511336197
2024-12-11,-0.008735977751452184,-0.010610066820360031,-0.009385294921386511,-0.0061098996177174625
2024-12-12,0.011664164065375404,0.01117071269565395,0.01060219772687776,0.00901648190827542
2024-12-13,0.0007686777148470103,0.0026512922367711855,0.0002232478356527512,0.0008122195285182876
2024-12-16,0.004096303829612902,0.0026443509504823215,0.0035706383727875934,-0.006493450516105281
2024-12-17,0.005099369877850757,0.0039560305542398755,0.0013341593713853683,0.008986927598222394
2024-12-18,0.0,0.0017513229134658026,0.000666322669388375,0.00040488220902479277
2024-12-19,-0.013698749820652889,-0.011363628534124315,-0.009764820219260617,-0.007284491647355451
2024-12-20,-0.009259070385497448,-0.010610066820360031,-0.009188755586974962,-0.0057072806175653135
2024-12-23,0.024143269918935895,0.021447765558095133,0.018774170870244467,0.01886014622742871
2024-12-24,0.0027882378524193285,0.002187203730679821,0.002442201180176129,0.0
2024-12-25,0.00303335823459161,0.0030554161972426996,0.0031008030437589262,0.00482899732431763
2024-12-26,-0.0007560063847263931,0.000870258076178132,0.00044157758242957534,0.0008009216284254883
2024-12-27,0.003278692182498988,0.002608778317654048,0.0024276483855654174,0.0024009287314810113
2024-12-30,-0.005530453994934237,-0.0030356097774731916,-0.004843625467642831,-0.0055888065355949035
2024-12-31,-0.010363960656278204,-0.007394456304014363,-0.004646015704548367,0.0
2025-01-02,-0.008684574837581338,-0.01139350598482014,-0.011780495249505307,-0.017262119440919266
2025-01-03,0.010048967845484924,0.006205636838037654,0.008996958300905522,0.006127370144775268
2025-01-06,0.03137758003408453,0.030836960963266602,0.028087370701789238,0.02354850263252617
2025-01-07,0.011130276764592884,0.010683851948064094,0.008889816102823689,0.014676809954186965
2025-01-08,-0.014921691937687442,-0.012262188099449789,-0.012035184715334157,-0.010946020200958917
2025-01-09,-0.01142283598961491,-0.011130196323649533,-0.011746835268734324,-0.015019707041993846
2025-01-10,-0.0002512056482141256,-0.003030285245628206,-0.0013207375299334467,0.0004012207966836989
2025-01-13,-0.023115694620403193,-0.02040810179915098,-0.020938955050885055,-0.030084273001366846
2025-01-14,0.006172903216578485,0.003989278072736413,0.005402982341511375,0.009512017442104836
2025-01-15,-0.007668689358028669,-0.004414965252523828,-0.006717367310779099,-0.010651379772651848
2025-01-16,0.020350370208366275,0.018181810555491618,0.01983764046682457,0.019047666913895922
2025-01-17,0.004862977189907136,0.004355424022001841,0.004199842360523842,0.0033528899498203035
2025-01-20,0.010188535214684435,0.010841307235224251,0.007704099058623903,0.011695811982212145
2025-01-21,0.0020171709030738505,0.0012869066764413795,0.0013107266474261525,0.0024774204564443902
2025-01-22,0.013085019689172084,0.014567277665437084,0.013307169801419994,0.009884672759430835
2025-01-23,0.0,0.0,0.0,0.0
2025-01-24,0.0,0.0,0.0,0.0
2025-01-27,0.0,0.0,0.0,0.0
2025-01-28,0.0,0.0,0.0,0.0
2025-01-29,0.0,0.0,0.0,0.0
2025-01-30,0.0,0.0,0.0,0.0
2025-01-31,0.0,0.0,0.0,0.0
2025-02-03,-0.042722335128767996,-0.04434115574476205,-0.039827878791182436,-0.04526920514460264
2025-02-04,0.005967950860941151,0.003535149196838283,0.004484358235937735,0.0008542903923074441
2025-02-05,0.015217909456710421,0.01673266688935149,0.012500024285266864,0.016218559740808658
2025-02-06,0.00431903071274653,0.003897778005051311,0.004629627610652554,0.004619882989323587
2025-02-07,0.004553540905312126,0.005608347137822323,0.005705584082463133,0.010451521470383307
2025-02-10,-0.011332211155054894,-0.00943805954301935,-0.009164384512405088,-0.011998360271624597
2025-02-11,0.0061131687595619155,0.00433083410646895,0.0033032979921541195,0.008375204958226856
2025-02-12,-0.0015191048761507009,-0.00043118869471237,-0.0013170556932113886,-0.004983386095004483
2025-02-13,-0.004310270573886665,-0.004745461724625533,-0.0004395395712128991,0.0037562803834529923
2025-02-14,-0.011968384727978232,-0.01170353966578419,-0.012313128761433978,-0.009563382496854511
2025-02-17,0.015206143954966223,0.014035163411002749,0.014025016053716088,0.014693504364091448
2025-02-18,0.0035541866292954083,0.004757776678643966,0.004390744277709802,0.0033098864927156857
2025-02-19,-0.0017707207201524966,-0.005596275537681161,-0.0017486372632257163,-0.0012371777235219428
2025-02-20,-0.0038013353840277153,0.0,-0.0035034873312501658,-0.0037158703967430373
2025-02-21,0.0071228391649595935,0.005627770089766226,0.0063722279665185955,0.00787398969073072
2025-02-24,-0.008840657657200879,-0.008179088417706093,-0.006768453916853434,-0.0028782663800065444
2025-02-25,-0.012996955558589596,-0.013020834402415082,-0.007913798957466578,-0.013195869141830907
2025-02-26,0.005422211213800043,0.002198745764483645,0.00044314311637871917,0.008357705400434456
2025-02-27,-0.011299455828810534,-0.007020591544757759,-0.01018830278635896,-0.013261492989122048
2025-02-28,0.0,0.0,0.0,0.0
2025-03-03,-0.02311687832286302,-0.023862187417800218,-0.020138662283260556,-0.020999524296616556
2025-03-04,-0.0066471166161508055,-0.006790403801804068,-0.0050240101390899294,-0.002145023377184918
2025-03-05,0.013115575734733431,0.012762075317203525,0.01101677578020066,0.011177936226308471
2025-03-06,-0.006076580876897775,-0.007200617005202026,-0.004540348640360792,-0.0029760771996748536
2025-03-07,-0.00930352240636978,-0.009066231079771891,-0.010490350890963951,-0.01236684171983915
2025-03-10,-0.005902965088046552,-0.0050320848685030395,-0.0032264879469895424,-0.006476748462132864
2025-03-11,-0.017543774053532357,-0.01977011297642295,-0.019653205734343815,-0.019991252879367094
2025-03-12,0.004395573345891135,0.004221448124109406,0.0037735922999384552,0.008869174848501915
2025-03-13,-0.009299790368546779,-0.006539035373553492,-0.005874013518504362,-0.007472454227084313
2025-03-14,-0.003313170981874558,-0.004231297385401955,-0.0037816191168411617,-0.0013286783833323934
2025-03-17,0.008587332926357272,0.00991495565355005,0.007591948089712419,0.007095339878801399
2025-03-18,0.004119766576520023,0.0037400857106659746,0.004944571409461362,0.00792606582674571
2025-03-19,-0.012308505959676141,-0.012109839324300209,-0.011714996511826836,-0.010921816596949241
2025-03-20,0.021600522897885055,0.02121640861654228,0.01944050660028962,0.015017613072285663
2025-03-21,-0.008132239437284916,-0.006925208159448637,-0.006976780346841571,-0.004786654392396672
2025-03-24,-0.001093165949643815,-0.0037192201334487196,-0.0016394053222579252,-0.0026236604666907137
2025-03-25,0.01039661209862941,0.013999067827331402,0.009383082183568092,0.00920659908681154
2025-03-26,-0.0008122840643032259,-0.0023009424019351243,0.0004647699333664157,0.0
2025-03-27,-0.018970194966450915,-0.019834017262873593,-0.018582988004121503,-0.020417085020250303
2025-03-28,-0.00994466071985578,-0.010352922673928844,-0.011124340364606189,-0.015964421539230278
2025-03-31,-0.03599334896812223,-0.034712314384921616,-0.0332693963370313,-0.04236153903629403
2025-04-01,0.020549879704963026,0.022167489979992627,0.019806822529561563,0.025411800957423347
2025-04-02,-0.0017015999512085545,-0.0004819682782215562,0.0009711594179651062,-0.0036714068672956124
2025-04-03,0.0,0.0,0.0,0.0
2025-04-04,0.0,0.0,0.0,0.0
2025-04-07,-0.10000000885408722,-0.09980710452475106,-0.09992728408853413,-0.09995390684497873
2025-04-08,-0.03251260207163997,-0.03695767319294341,-0.03422260857624915,-0.05629480041249202
2025-04-09,-0.046003315127350564,-0.0444938570268234,-0.04631686313816441,-0.058568296346269144
2025-04-10,0.09986322602815512,0.09953427554866345,0.09976588668248709,0.09965434782740279
2025-04-11,0.023321005360211533,0.024880898106762528,0.020484197781277746,0.0481927432332514
2025-04-14,-0.005165702696370511,-0.00878099821267897,-0.0046924742090797,0.007995997590489079
2025-04-15,0.01007947999920411,0.010943299539452056,0.010738666879160919,0.010907334177640449
2025-04-16,-0.018143416452175876,-0.019587732324637952,-0.016584639503896104,-0.018146165085230037
2025-04-17,-0.011087056158529118,-0.006834906001290331,-0.007114651536781813,-0.0069930554381992804
2025-04-18,0.0021798998269104697,0.0010588504012456479,0.004246397969271953,0.00503012557608562
2025-04-21,-0.014294505514939826,-0.014278276969812431,-0.016120629221659466,-0.013012954266765409
2025-04-22,-0.016708798274490566,-0.016630864446026905,-0.014773022282217774,-0.018762694128253044
2025-04-23,0.04424498000314969,0.04364427555088235,0.04116689011585195,0.04651165821368064
2025-04-24,-0.00583357838068943,-0.00575012051866286,-0.006284379923673367,-0.011357992560349306
2025-04-25,0.023780107374844928,0.02523664613611687,0.02239792300463761,0.029470486215893432
2025-04-28,0.008446419997482302,0.006153798145946077,0.007731999234029452,0.005337186597305532
2025-04-29,0.0038887597669987617,0.006116160528624626,0.004347771095705388,0.006274153447189068
2025-04-30,0.004767547135678063,0.002026433315250431,0.0005092704345894816,-0.00575539263811653
2025-05-01,0.0,0.0,0.0,0.0
2025-05-02,0.029062841864408107,0.03134480069777146,0.028506037497259884,0.025084405367153506
2025-05-05,-0.008933706216275539,-0.012745165996415508,-0.010640963145796434,-0.010352886357066993
2025-05-06,-0.005524761238183795,-0.005461757988186933,-0.0030014571381213884,0.00047553588217508214
2025-05-07,-0.0038012054829873465,-0.000998428926514916,-0.0012543803561535505,-0.002376449400424474
2025-05-08,0.013208071353187467,0.014492712519604822,0.010801339156166323,0.014292562077131254
2025-05-09,0.012456533407487536,0.009359539578213782,0.011182812867461145,0.011272891120019723
2025-05-12,0.011158815352660945,0.010737003088455044,0.010321942314188037,0.010218245011636817
2025-05-13,0.01216759050224181,0.014968580344937976,0.012405680814039366,0.01793100036742934
2025-05-14,0.022644552735362256,0.021883963247241178,0.0211438186897015,0.023035194598874487
2025-05-15,-0.00218692966168621,-0.0009310302944458559,-0.0016471201090707543,-0.005297917887839287
2025-05-16,0.0027397388939860434,0.0009318979196404342,0.0016498375897415762,0.00044387569988080244
2025-05-19,-0.013934525552647736,-0.013500966734711795,-0.01294116595698569,-0.018633575695614968
2025-05-20,0.0019396738211479025,0.0018877674455006765,0.0004767353615129366,0.002260325291902898
2025-05-21,0.01548674682990181,0.013188879423077449,0.012628079840715234,0.01668932984295779
2025-05-22,-0.010893212348000225,-0.011157660400346048,-0.011294138937103959,-0.010204145371127127
2025-05-23,-0.004129975155276355,-0.0023507042996758765,-0.0019038589368669534,-0.0026893284091772385
2025-05-26,-0.001105945722751689,-0.002356317420130316,-0.0009537924309576118,-0.004044965043715987
2025-05-27,-0.008856930234130922,-0.01039204588060405,-0.010262467320471313,-0.007220212498421086
2025-05-28,0.0016756394418702136,0.006205321605431413,0.004581645883659391,0.004999973255024104
2025-05-29,0.0022301299091727067,0.00047427364602237176,0.0007200334736743308,0.006784233047401056
2025-05-30,0.0,0.0,0.0,0.0
2025-06-02,-0.021418548397024617,-0.020862931796843065,-0.019908901872600082,-0.021563331122121165
2025-06-03,0.007106255053020982,0.006295471567585809,0.005139498956947097,0.008723570882824383
2025-06-04,0.023426603199713902,0.025505315200448297,0.02459229346874814,0.018661826102185364
2025-06-05,0.0019304076814048443,0.0037539779583066757,0.0014257876807055592,0.002234253839029421
2025-06-06,0.0016515697418904018,0.0014025689910870387,0.0026103632849456826,0.0
2025-06-09,0.009617986096486009,0.009337044728086497,0.007810701087488381,0.00802491464446442
2025-06-10,0.02694603082825653,0.023589287103579437,0.024189678207148235,0.02653691514693013
2025-06-11,0.0,0.009489396349503298,0.008254958223074649,0.007755228239942458
2025-06-12,0.0,-0.0026857798467790905,-0.005458187889178845,-0.005557860487396926
2025-06-13,0.0,-0.013464921919542627,-0.009604386316716895,-0.007738647678139143
2025-06-16,0.0,0.003184622696835948,0.002077988892606797,0.0012998942657973522
2025-06-17,0.0,0.004081690431248397,0.003917092552865986,0.00216349603063537
2025-06-18,0.008640433372239631,0.007226706323658183,0.00895100546716332,0.0047496336856247545
2025-06-19,-0.009880193350182642,-0.00941705560659889,-0.01160140061344106,-0.007305652046151523
2025-06-20,-0.0014862760369193095,-0.0004526602837022775,-0.0011507388703255739,-0.005194802595681947
2025-06-23,-0.00829250945516058,-0.009057948121187431,-0.005069157148703041,-0.0021757353702988036
2025-06-24,0.018224718740728285,0.01873856587382372,0.016442796000059712,0.0204972222782267
2025-06-25,0.014529383622191805,0.013458951344119896,0.011164330390768695,0.012393087250286872
2025-06-26,0.0012453940553902587,-0.00044271100476001024,0.0011266246599757057,0.0012663342347110085
2025-06-27,0.001036375964541092,0.0031000703317460854,0.0009003388714874383,0.0012648212519736912
2025-06-30,0.0014496500921108435,-0.0017659443413987619,0.002023873504747753,0.00042098602039741806
2025-07-01,0.005789803803542881,0.008845620978712443,0.005834729340368439,0.005892296986697243
2025-07-02,0.00020568278796284645,0.0017535571161466645,0.001338712782553264,0.003347190497422048
2025-07-03,0.013771826980432778,0.009628060895413793,0.010249596282920326,0.01417851905027634
2025-07-04,-0.009326850762883754,-0.007368882691001,-0.007940067520459837,-0.005345327161188296
2025-07-07,-0.0059353914619505455,-0.004366835674600167,-0.0037794099603007947,-0.009094705320098151
2025-07-08,-0.004529537604723188,-0.006140314850852868,-0.0031244189391278487,-0.0025030837058472866
2025-07-09,0.010341310628818157,0.010150063717911939,0.007387556574431242,0.01840233119924828
2025-07-10,0.01146369570505179,0.01135859479563428,0.009777753160856717,0.011498966607560224
2025-07-11,0.004250133743123996,0.004319677812708811,0.004401460797762047,0.001624034793505702
2025-07-14,-0.005844404076722931,-0.007741909412432024,-0.006573129226638774,-0.011755182756702953
2025-07-15,0.013581986296393511,0.014304265518393144,0.012571649958159625,0.015996774304487316
2025-07-16,0.008000021816470415,0.010249054986927186,0.01143937628659164,0.009689134129395871
2025-07-17,0.005952377731648362,0.0029864274394959534,0.0006551049880507698,0.0011994984557170962
2025-07-18,0.014792891451458345,0.014461896138911134,0.011564411946489495,0.014376988359351639
2025-07-21,-0.0037189161487918287,-0.0041929083904307385,-0.0036669988620064986,0.0
2025-07-22,-0.006876271050666349,-0.006736861143038619,-0.006927856852846248,-0.011023615663205644
2025-07-23,0.0029674105996289057,0.005934743268317666,0.004578141247090883,0.006369423021791887
2025-07-24,0.005917109647441743,0.004214111595835179,0.005859356641082725,0.008702568144126843
2025-07-25,-0.0019607425198192585,-0.0020982136912707228,-0.003236235873775639,-0.0007844368519681622
2025-07-28,0.0029469298772966113,0.0033642138643787955,0.00389609172032368,0.007064401947630028
2025-07-29,-0.011753159774225863,-0.012573387396752511,-0.010996084786026206,-0.01052226938113543
2025-07-30,0.010901841938321333,0.011035643118330718,0.009592352659794079,0.009452535871798506
2025-07-31,0.010784349346986799,0.012594436454320235,0.01079682605299892,0.018338020127113275
2025-08-01,-0.008729465224573407,-0.010364802985598276,-0.009186153147067722,-0.004980940545532331
2025-08-04,-0.005870792301076788,-0.0058651272197473014,-0.004312162067226288,-0.005775872113722769
2025-08-05,0.012795269294491263,0.013485078062438705,0.013209167960067658,0.017815759440043655
2025-08-06,-0.008746357219626355,-0.009563440236135312,-0.00748026291922399,-0.007610425169416679
2025-08-07,0.02843141129390414,0.03274562665107328,0.02713178262005389,0.02684051594627812
2025-08-08,0.0,-0.00040653299411108623,-0.0016771163644377918,0.0044809533001568536
2025-08-11,0.007626295444269848,0.00650672832106558,0.007139862089897919,0.011152448882103094
2025-08-12,0.0009460902062792265,0.0012121443308774627,0.0008339714910303719,-0.0007353322917027505
2025-08-13,0.008506544302852248,0.008474485394543319,0.00750005812612109,0.008094143551752753
2025-08-14,-0.0037487487070123615,-0.0056022021755421925,-0.0028949185009878864,-0.003284688942741032
2025-08-15,0.0,0.0,0.0006220655814277443,0.010252726326013484
2025-08-18,0.0028221774204406636,0.003621736659777275,0.0029015993248633354,0.00850594912988778
2025-08-19,-0.0018761325728738898,-0.0024057571206274053,-0.0024798434098879385,-0.010634482376320253
2025-08-20,-0.028195540389073237,-0.029742809160291928,-0.026931864600824418,-0.03409931020479362
2025-08-21,0.005802733837475538,0.007456516818020953,0.0068128933379181245,0.012663081639902707
2025-08-22,-0.0048077012493967786,-0.006167752481099464,-0.004017860053013078,-0.004926099916745974
2025-08-25,0.018357507279394447,0.021100552840628284,0.01910830452891532,0.022467689138747637
2025-08-26,0.0009487096330438316,-0.00040521523021519457,0.00020835978817057565,0.002607012701554945
2025-08-27,0.004739345529706895,0.007296324048128078,0.006873546590898005,0.011887111231070113
2025-08-28,-0.009433907176373713,-0.0108651470779344,-0.007860933458906816,-0.00807635574312493
2025-08-29,0.0,-0.0012205277337312692,-0.0035445822445597797,0.0003701307531094322
2025-09-01,-0.00952382706820376,-0.009368665626043438,-0.010043991915423045,-0.02330747643499076
2025-09-02,0.0,-0.00041114922023688383,0.0002113986341487628,-0.0018939600787727384
2025-09-03,-0.0009615551288755242,-0.0012340835976060172,0.0002113539542114573,0.0018975539702397182
2025-09-04,0.006737215316108491,0.006589740014284251,0.006127145040786042,0.005303057016015078
2025-09-05,0.01051628725271958,0.009410832895550225,0.010289789196618715,0.01657866584431522
2025-09-08,0.00946068246738574,0.01216049783998252,0.008106397357520834,0.005930338050413431
2025-09-09,0.010309385250314884,0.00800961872885253,0.009896956884286157,0.0165807226220398
2025-09-10,0.019480497575919076,0.02105682311678625,0.018987281768511277,0.0213845395206822
2025-09-11,0.009099197857216579,0.008560373572325863,0.008815893345500925,0.006032698695915384
2025-09-12,0.009918808124447898,0.00887342486954279,0.008937409997173518,0.00670191136143794
2025-09-15,0.0,-0.00038243640201585105,-0.00098422331430148,-0.001051182188483768
2025-09-16,0.01339288212305978,0.013772080802091358,0.012807892984961766,0.010873381258793113
2025-09-17,-0.0070485120235894705,-0.007547234805993397,-0.006809367765986285,-0.006592687587816393
2025-09-18,0.01064778499188046,0.009505667038838927,0.010773743213620346,0.014320756929323109
2025-09-19,0.0008779104047735853,-0.0003766746656556075,0.0,-0.005165345449586245
2025-09-22,0.007017597916798346,0.007535860890476975,0.0067829751211507805,0.0013845487580799176
2025-09-23,0.01829266279017494,0.019446503701342932,0.01636186025864017,0.013135169494451482
2025-09-24,-0.0008553806414071108,0.0003668639826841513,0.0018939581500803104,-0.004435338578746673
2025-09-25,-0.003424716743797851,-0.004400409397995131,-0.002835529897763811,-0.0006853943321819544
2025-09-26,-0.016323041357673707,-0.017311314296794555,-0.018009471591033943,-0.022290840838985027
2025-09-29,0.0,0.0,0.0,0.0
2025-09-30,0.009607018590881422,0.010494797244632315,0.011583050557622876,0.012977885691450197
2025-10-01,0.005190267532228843,0.004080177274988328,0.0028625118554563844,0.0013850995295596746
2025-10-02,0.018932937042221543,0.021056401276948966,0.01807808875940231,0.02143845690738
2025-10-03,0.01435809535883159,0.015918961305475543,0.012149542935207203,0.018957301695023077
2025-10-06,0.0,0.0,0.0,0.0
2025-10-07,0.027477127625581632,0.025997222046565183,0.02585407502145287,0.01926912235730538
2025-10-08,-0.008914129346134114,-0.011454411907206197,-0.009000918678996106,-0.008148652953939517
2025-10-09,0.007358891164743975,0.010182651063330495,0.00817443231002124,0.006572465679338224
2025-10-10,0.0,0.0,0.0,0.0
2025-10-13,-0.009740240777631692,-0.01251305571263217,-0.010810846915648709,-0.014038489726704406
2025-10-14,-0.004917991408798894,-0.0017599589423608064,-0.002732231892282444,-0.013245109437202696
2025-10-15,0.018121906523095976,0.02009872881851038,0.017351591274071154,0.01677856964107116
2025-10-16,0.019417436832485313,0.018665777398172212,0.01885099850092109,0.023762418769537552
2025-10-17,-0.015079320097484694,-0.015269685880080819,-0.014096917874695802,-0.01160543615094689
2025-10-20,0.016921818790650356,0.016195585875784957,0.016085740399834902,0.016960179032769807
2025-10-21,0.0015848135502110061,0.0010173664678683192,0.0008795505190712927,0.0035279675579167336
2025-10-22,-0.007911407029857598,-0.005081238822142953,-0.0043936822104596596,-0.007031063699240003
2025-10-23,-0.005582172242041716,-0.0078312512407136,-0.007060901176727308,-0.008368186414801748
2025-10-24,0.0,0.0,0.0,0.0
2025-10-27,0.023255845697716104,0.025051543670990828,0.023111131460220813,0.027913013020105737
2025-10-28,-0.007053292581488235,-0.006026123388272575,-0.006081694211623079,-0.00031578570194390476
2025-10-29,0.016574628820243298,0.016840622270564154,0.013986015894260406,0.01737207370929461
2025-10-30,0.0,-0.00033125910664832947,-0.0017240877038960933,-0.0012419023465642942
2025-10-31,0.005434756491095927,0.005964329005476943,0.004317798080009538,0.004973722323902585
2025-11-03,-0.009266390581436967,-0.01054021362155877,-0.008598469704040101,-0.005567593902503609
2025-11-04,-0.003117746866453386,-0.0029960104534113574,-0.0026019675344629567,-0.007153992445125712
2025-11-05,-0.012509748476600135,-0.014691153941260637,-0.012173897936388345,-0.012844648519063195
2025-11-06,0.002375276831794615,0.005760745423232461,0.003521161594482791,0.0031736304486560396
2025-11-07,-0.011848363534624928,-0.014487848900921807,-0.010526282640820894,-0.014552411511205343
2025-11-10,0.012789804918011072,0.011965808677239398,0.01152476295338034,0.013804205850065143
2025-11-11,-0.007103394904068527,-0.006081091499842706,-0.007011394413661387,-0.010766334305411407
2025-11-12,0.004769496575758758,0.0064582264524502,0.007943487993016918,0.005761854256995047
2025-11-13,-0.004746856460126514,-0.0067545331737680625,-0.007005186678322617,-0.0022278260906043457
2025-11-14,-0.019077863297023545,-0.019381161315614404,-0.01851852871428017,-0.023923443090130614
2025-11-17,0.0032414844806383236,0.004160967188021392,0.003593855672893387,0.0032679421837729095
2025-11-18,-0.02342490937838204,-0.021945249413163004,-0.021942160083697204,-0.025081425729624907
2025-11-19,-0.00661702564191835,-0.00687158732905746,-0.007490665064589064,-0.007684557505402312
2025-11-20,0.030807678788990822,0.030954114388459963,0.030188650455114985,0.038383812467603695
2025-11-21,-0.03311800549882493,-0.03532320658567378,-0.03205128294700321,-0.037289240974677784
2025-11-24,-0.005012489208811699,-0.004760228053799831,-0.0037842375405199302,-0.0063995032227467386
2025-11-25,0.013434062164791483,0.01692423219319439,0.013295288280250395,0.020338996540248955
2025-11-26,0.016569975623395683,0.017366202664767627,0.015932564444789632,0.020598013191201803
2025-11-27,0.008965048141716947,0.007823547631404137,0.007380031467732806,0.01041670018717844
2025-11-28,0.007269728345447257,0.008115802258580773,0.007326035477244419,0.006443236552306386
2025-12-01,-0.013632707180126546,-0.01505081598467306,-0.013636363636363669,-0.008962847774711236
2025-12-02,0.003252088979670553,0.00461982352076773,0.0036866500081005338,-0.0003229610398560734
2025-12-03,0.009724390742743116,0.007782036061045439,0.010100995947733615,0.008400564868666471
2025-12-04,-0.0016051022492792333,-0.0007019364469547096,-0.0009090770374644563,-0.0022428163459528028
2025-12-05,0.00884247277764394,0.00842990443828695,0.008189276736879636,0.012845223397906835
2025-12-08,0.01513945790148008,0.014977316968145082,0.015342932323278546,0.009828791800133185
2025-12-09,-0.00156994661477039,-0.001715854531478156,-0.0035555691189236294,-0.0009419384533392305
2025-12-10,0.007075594784868411,0.007218996725943283,0.0035682563008352375,0.010685130110321017
2025-12-11,-0.010929029738463214,-0.012286710250906552,-0.009777764214409679,-0.013992562104722106
2025-12-12,0.0015785593414043841,0.005528701234485567,0.0026929570758900123,0.0040996460400342105
2025-12-15,-0.010244342284667085,-0.011683827822970394,-0.011638276256763502,-0.012248722692620673
2025-12-16,-0.008757929119245778,-0.009388081188216102,-0.010869606531259235,-0.01144676126397648
2025-12-17,-0.005622463155040003,-0.00280796002143624,-0.0009157369680925509,-0.005467976559190402
2025-12-18,0.0,-0.00281597428144853,0.0009165763109044711,-0.0012937151739141894
2025-12-19,0.009693033623852987,0.009883580766664402,0.007326035477244419,0.011334254772998875
2025-12-22,0.014400001980692023,0.015029666904001981,0.013636363636363669,0.01665062744854162
2025-12-23,0.0047318821796789035,0.005509663006693977,0.005381152234269937,0.0015748204131960097
2025-12-24,0.0023547073650724837,0.0020548154229986793,0.002676209240333405,0.00471703276010782
2025-12-25,0.0,0.0,0.0,0.0
2025-12-26,0.008614028116918693,0.008544087313229864,0.00800713090445715,0.008450718933149304
2025-12-29,0.013198685754021389,0.011182608352136691,0.010591323176699419,0.01117320364064911
2025-12-30,-0.0015324750966867473,-0.00033514110442744993,0.0008733491189614195,-0.004297262603265017
2025-12-31,0.006907078588757054,0.006369508856236328,0.004363001803293409,0.00554871559613801
2026-01-02,0.02057921228761228,0.018987280005579033,0.01737619484373565,0.023911796814315434
2026-01-05,0.03808815230823237,0.03726706153626824,0.03586682008851527,0.026946031907330914
2026-01-06,0.012949642530285077,0.011660927669008947,0.00989280229226508,0.013702642374970209
2026-01-07,-0.007812470807366356,-0.009345794392523366,-0.007346951231664511,-0.004026361603948536
2026-01-08,0.0035791047275817167,0.0034591386903006782,0.004934198039885596,-0.00519787377280434
2026-01-09,-0.003566340421718217,-0.00250710841505708,-0.0032732725570672194,-0.00029030285055753335
2026-01-12,0.007158209455163433,0.006283380699658947,0.005747101237302266,0.00900122427844674
2026-01-13,0.004975045586621096,0.004370978668183589,0.004897946727519198,0.006330933171086128
2026-01-14,0.0007072806018417754,0.0037301263410611796,0.000812335299436473,0.007434931101856668
2026-01-15,-0.0014134520611193135,-0.0030969340938438172,0.0,-0.006812309906903291
2026-01-16,0.019108338150070514,0.020192606782373,0.019480532348447932,0.02229204287809683
2026-01-19,0.008333262589219625,0.007917192910591675,0.003980891768107897,0.002795554105147424
2026-01-20,0.0,0.0,0.0015860791439878952,0.004515398482595634
2026-01-21,-0.010330598109190237,-0.008459177622262115,-0.007917656182400923,-0.009289708376272965
2026-01-22,0.013408674637921392,0.010664228731936065,0.010375062974470106,0.015124016310657185
2026-01-23,0.006267366700775767,0.007838334308877704,0.0071090168777756535,0.01221691986396678
2026-01-26,0.0,0.0008974523526834588,0.0007843017578124112,0.0008830962089749761
2026-01-27,0.011072706598723947,0.010161368303838403,0.00862067779996245,0.015294131110696219
2026-01-28,0.01574255781576861,0.015976313303208256,0.012432060151167601,0.013325581644631823
2026-01-29,-0.006064649147574541,-0.005532888556361248,-0.003069909024595696,-0.010577442445018126
2026-01-30,-0.0155932410288665,-0.01581257363538613,-0.013856719611573975,-0.01675821499064678
2026-02-02,-0.015151494452347647,-0.016066628379712733,-0.015612861312265358,-0.015280648733964397
2026-02-03,0.020279677597792922,0.020864812947647193,0.020618544849980047,0.025067149945158684
2026-02-04,-0.0006853382378995132,0.00029622660458406,-0.0007769296588777674,0.0014556929833777765
2026-02-05,-0.01234569968505983,-0.013621575176892553,-0.011664133423035072,-0.018313983725881222
2026-02-06,-0.001388867696126339,-0.00030022846497501643,0.0015736001576540648,-0.004145673312132003
2026-02-09,0.02851175770316816,0.028528528528528607,0.025137445966447736,0.022896236494435174
2026-02-10,0.020960150314037973,0.020729944827782898,0.018390757827466464,0.024999905741496242
2026-02-11,0.022516515870757425,0.022025118864480664,0.02031611987231763,0.017300074855052916
2026-02-12,0.0,0.0,0.0,0.0
2026-02-13,0.0,0.0,0.0,0.0
2026-02-16,0.0,0.0,0.0,0.0
2026-02-17,0.0,0.0,0.0,0.0
2026-02-18,0.0,0.0,0.0,0.0
2026-02-19,0.0,0.0,0.0,0.0
2026-02-20,0.0,0.0,0.0,0.0
2026-02-23,0.002590732973354992,0.002239066156952685,0.0036873154682479647,0.0027879088875431
2026-02-24,0.02583979277224291,0.02764589144860996,0.022777301290998864,0.031137027908693327
2026-02-25,0.021410540498391528,0.020380434782608647,0.01939653022583121,0.026961445022539943
2026-02-26,0.0006165604525105728,0.0013315579227697327,0.0028189511802603207,0.00577582619642425
2026-02-27,0.0,0.0,0.0,0.0
2026-03-02,-0.009858324543625452,-0.0087765632791722,-0.00843286663743581,-0.007830932941886304
2026-03-03,-0.019912862532740605,-0.021196737738967686,-0.02055286342897744,-0.02551953298709675
2026-03-04,-0.04000001937624009,-0.04029600378658915,-0.04052091872928065,-0.045356378608282344
2026-03-05,0.023809564657252924,0.024564427173911163,0.023378512081715375,0.029128924251074384
2026-03-06,-0.007105982440761549,-0.006412094319136474,-0.004421450686954764,0.0
2026-03-09,-0.04229017650656719,-0.04349046090192121,-0.04515178259016295,-0.04973887301324398
2026-03-10,0.021739110153428554,0.020827240336271702,0.025581419005874517,0.027183301819978967
2026-03-11,0.039893618640234774,0.04137929280598951,0.038548682744409035,0.0470157136098881
2026-03-12,-0.020460339342213474,-0.018487808505225578,-0.018195051754394398,-0.01075551831008592
2026-03-13,-0.008485659775809395,-0.008996379244341157,-0.008154120789439334,-0.0038053652124088178
2026-03-16,-0.004608275025469788,-0.004255319148936176,-0.0029896049786987122,-0.004638525963567508
2026-03-17,0.013888929536383987,0.012820512820512775,0.0097451507589017,0.015076733661242514
2026-03-18,0.015003281187028206,0.015471167369901506,0.017075004483048106,0.019173721916698527
2026-03-19,-0.023136285104774723,-0.021606614384955036,-0.023357641957972186,-0.011393754267401746
2026-03-20,-0.0013157693963301575,-0.002265057426096395,-0.0022421752235817216,-0.0034843490573628344
2026-03-23,-0.021739150101549365,-0.022417690219384445,-0.023970014593574396,-0.02528237275399181
2026-03-24,0.002020222570759733,0.002902757619738683,0.005372194411723319,-0.0033113339134676067
2026-03-25,0.024193486363534245,0.02199712330974135,0.0236641687291268,0.034883781104384504
2026-03-26,-0.0052492639436201305,-0.0022656989428437857,-0.005220075877482744,-0.003210346258775032
2026-03-27,-0.010554129545503499,-0.009650848749056418,-0.008995479783704963,-0.0072462870431846405
2026-03-30,-0.01466664632161463,-0.01777008253916046,-0.0166414296446884,-0.0191944543647653
2026-03-31,-0.020974330443214173,-0.018967025878228516,-0.017692331167367792,-0.030044106650022773
2026-04-01,0.04284725002765466,0.04283162811908792,0.04228668194457441,0.04745672204644702
2026-04-02,-0.019880716509889096,-0.02110665649646193,-0.019534229784283652,-0.021161116830742066
2026-04-03,0.0,0.0,0.0,0.0
2026-04-06,0.0,0.0,0.0,0.0
2026-04-07,0.018255661382386545,0.018648000200605086,0.019923418417744143,0.01940124480924199
2026-04-08,0.05179274553021851,0.05034326600756489,0.049586705800701125,0.06226212592525604
2026-04-09,-0.0006312553571934387,0.001906268154093782,0.0007158633192574371,0.0015357403061091457
2026-04-10,0.02021476239135578,0.018211503990718914,0.017167337940585226,0.02555583881174095
2026-04-13,-0.0018576040356520496,-0.0018686924602927535,-0.00210972614765248,-0.0017443232733884706
2026-04-14,0.031017370314252446,0.027280054489263073,0.023960601138247606,0.028457297817480853
2026-04-15,0.012635416017303669,0.015620931800722104,0.01445279284666312,0.019174779148013243
2026-04-16,0.010100991785005453,0.00897205830617498,0.009498027226898298,0.01452719150442694
2026-04-17,-0.009999982048483402,-0.009908520924815978,-0.008064495454511378,-0.0009388991141484615
2026-04-20,0.004753434564774173,0.005901944369832046,0.007452512189973115,0.009398442158713438
2026-04-21,0.017149578898945306,0.018112260468152064,0.01143239396860185,0.02234634788015244
2026-04-22,0.00406974969908247,0.00200447953078009,0.006648936440039055,0.011156687133317522
2026-04-23,0.0,0.0007502333461513189,0.0019815261813216356,-0.0045035073998341835
2026-04-24,0.0416907763490002,0.044227838954429055,0.04021098369301135,0.038226701569867405
2026-04-27,0.033907761592396835,0.031107921009494444,0.02788335748663573,0.02374727922336417
2026-04-28,-0.010752688172043001,-0.01067534501896672,-0.008631281891645859,-0.00276656870550418
2026-04-29,-0.013586956521739135,-0.012667121865147402,-0.01181597710953941,-0.00981645493984562
2026-04-30,-0.0027548209366391463,-0.0033261912967114116,-0.0044052673072989545,0.008405158983258332
2026-05-01,0.0,0.0,0.0,0.0
2026-05-04,0.045303850542774526,0.04505362073059449,0.04298358522713852,0.04872833371841745
2026-05-05,0.0,0.001824859310412652,-0.0006060975970644256,0.0034644790034614736
2026-05-06,0.012156464528839228,0.010928933651090489,0.013341493562530449,0.01198213104135415
2026-05-07,0.020365503375897598,0.021621635368278325,0.02094554082680178,0.02247639756631048
2026-05-08,-0.007164759161794265,-0.011022927541272876,-0.002930832251533566,-0.009813542541959985
2026-05-11,-0.0010309121043411418,0.0006687199930610621,-0.004703133586432484,0.006937531592233537
2026-05-12,-0.0005160273577958785,0.00044556072566437344,-0.0017720203564680626,0.002952785986844564
2026-05-13,-0.01393906551771218,-0.014918753319916322,-0.012426071618435675,-0.017664406524083076
2026-05-14,0.005759194259244094,0.005877048235502391,0.004194201513664675,0.002997033529779536
2026-05-15,-0.006767324364671201,-0.009438229678721877,-0.009546575448973416,-0.020119564160965275
2026-05-18,-0.005241090062921727,-0.00453720520731804,-0.006626542792262824,-0.002846094603719318
2026-05-19,-0.018967365888471144,-0.0170920697553405,-0.015160704017790128,-0.02140671260739191
2026-05-20,-0.006444666852361669,-0.0071875160530390225,-0.006157635699404085,-0.007083336512247684
2026-05-21,0.03621619972022794,0.03479680866818935,0.034696445571783974,0.045530885241083396
2026-05-22,0.015127851859363384,0.01579778809202881,0.013173634420611924,0.02548658632147438
2026-05-25,0.03597122189336632,0.03599196060825505,0.03546099354738996,0.0459883044812317
2026-05-26,-0.0069444896472601325,-0.002573411367932321,-0.003995416440840338,0.0009354394077991657
2026-05-27,0.024475570579255423,0.021715772889643326,0.020630407470003664,0.02336448598130847
2026-05-28,-0.019990277823035862,-0.018729007124235975,-0.02021339685650103,-0.029223716422303037
2026-05-29,0.048756234088347394,0.034741609760075454,0.0366761827878761,0.03292568108672422
2026-06-01,0.0009487521126509968,0.010984430659002564,0.007186307880705067,0.010928933651090489
2026-06-02,0.0018957056705419806,0.002665064253955407,0.0038419152577759963,-0.0036036173502603797
2026-06-03,0.01797541703628691,0.017378858912140416,0.0185894437875036,0.013562387167220358
2026-06-04,-0.01394052064378759,-0.011455008314138704,-0.011808893785315688,-0.0133809100840111
2026-06-05,-0.01837885934294159,-0.01992272395724215,-0.01792505672108613,-0.021699833263926105
2026-06-08,-0.030724959488758086,-0.029869308679063677,-0.02986730677060645,-0.03142323468004138
2026-06-09,0.025260060711692844,0.02437458541574311,0.025085571883600943,0.037213681134706356
2026-06-10,-0.03140096618357491,-0.031308703420803274,-0.02836488329784692,-0.03955837666132356
2026-06-11,-0.0039900401583931044,-0.004524899969613916,-0.005151653761911734,-0.00670502459200828
2026-06-12,0.02103153236066757,0.022077948500067723,0.01956268030370434,0.02217939363012489
2026-06-15,0.032368839142125294,0.03388394660393401,0.02765242234572196,0.02924526862378385
2026-06-16,0.006175786469158284,0.005120851981748498,0.006589768852396594,0.00549952779571683
2026-06-17,0.0009442726409845115,0.0038720070291800024,0.0,0.0018231958359222755
2026-06-18,0.012264179733564307,0.011368262351054037,0.012547752392062739,0.008189276736879636
2026-06-19,0.0,0.0,0.0,0.0
2026-06-22,0.035880693053326196,0.03352069810887803,0.032866328901543174,0.03519849990132751
2026-06-23,-0.009446720983744994,-0.01204119617995092,-0.008346326918088343,-0.011333874951626188
