Date,0050,006208,00692,00881,TAIEX,SP500,NASDAQ,SOXX,USD_TWD,VIX,NIKKEI225,HANGSENG,KOSPI,US10Y
2021-01-01,,,,,,,,,,,,,,
2021-01-04,,,,,,,,,-0.0008796083232996965,,,,,
2021-01-05,0.002010356143756331,0.003571259587476172,0.00032389767974905226,0.010249826310673171,0.006576285123691017,0.007082595157549276,0.009490116019786887,0.020445227695354617,0.0016753039220644972,-0.06043749359531836,-0.003659424986194426,0.006444510940113446,0.01566340673209421,0.04143946322799641
2021-01-06,0.01083474817744956,0.007829347285898791,0.008743504907926303,0.005072873957884028,-0.001126690434413824,0.005709842747752214,-0.006097992513683037,-0.003244010057975033,-0.00519554141558376,-0.010655108766291721,-0.003781170221051511,0.0015349592080882157,-0.007476871268942253,0.09109955342701426
2021-01-07,0.023421975784282623,0.022598985817929185,0.019582730316591856,0.01703467357562949,0.015408670884735187,0.014847403800101189,0.025641300789502663,0.03772850430705721,-0.0044714720207886804,-0.10769840001825937,0.016047914617869585,-0.005192101990216469,0.021383248334318816,0.027831020269010187
2021-01-08,0.01784326839819439,0.023480478842269337,0.017947098587510757,0.019230844713235884,0.016428959860161685,0.005491862685268911,0.010292726308001487,0.0005269529447984311,0.0034782555059014175,-0.03620926879315989,0.023604778049963526,0.011968017791337271,0.03974693988715039,0.03174606884820785
2021-01-11,0.008384243807295633,0.0033737777028757243,0.005258201653938199,0.04869135455299878,0.006036595319823146,-0.006554750898592476,-0.012539844430301206,0.010131087718625587,0.0032298875962781803,0.11688314101048247,0.0,0.0010761088492508009,-0.0011833018893717684,0.02443434383971721
2021-01-12,-0.0015117640825247358,0.0013449969475163304,0.0003077275880505326,-0.03946617424484811,-0.0036381383714123583,0.0004157884466327033,0.002761492284541589,0.006057910875996164,0.00013207182501551173,-0.03114617950067544,0.0008994818765055701,0.013205044520582243,-0.007146373723242894,0.005300390568396596
2021-01-13,0.024224099692933265,0.020819391898530215,0.01845588707984991,0.021752343320917245,0.017372136099950586,0.0022756417379066196,0.004323642135673156,0.0016287464912798644,-0.001523866753858849,-0.048006894251865995,0.010376596846272346,-0.001455272993713952,0.007146655653347933,-0.04393668876403223
2021-01-14,-0.009238874686622434,-0.009210573974876457,-0.006342562522379747,0.005913663474796715,-0.003981618061412617,-0.0037534511943366766,-0.001242334431341141,0.021187183372035623,0.001429659277378148,0.046825797316417894,0.00849258197141567,0.009252849921354445,0.0005208835773635734,0.03768371980296292
2021-01-15,0.003357047400933011,0.003320244543803863,-0.0027355075213928437,0.0,-0.005780841688809102,-0.007190027975370938,-0.008704551600417165,-0.020337694745418355,-0.0011099764382738186,0.046881726993027506,-0.006240102347233711,0.002702052145000522,-0.020327445589726323,-0.028343620106479506
2021-01-18,-0.000743484841797093,0.0013236333973885017,0.0,-0.004703149779167415,-0.000281092399480376,0.0,0.0,0.0,-0.00016438136585916752,0.0,-0.009711666079981862,0.010110995244232646,-0.023322198704003205,0.0
2021-01-19,0.02641361711204593,0.024454444280920917,0.022553950194545314,0.026580049389564264,0.016997829694305633,0.008136379515524483,0.015284816517290523,0.03430450093831561,-3.544459519000398e-06,-0.04519311317065755,0.013853377161789249,0.02700744863659099,0.026122034106444314,-0.004557880782669277
2021-01-20,0.001812357783919527,0.004516209347519284,0.0,0.0005752813375154986,-0.004483767095057822,0.013935625421946263,0.0197065068945248,-0.0035714431979672057,-0.0024015161615658087,-0.07142856556629995,-0.003848685009316344,0.010801848368109601,0.007078093725416901,-0.0018314782388465511
2021-01-21,0.034732212818199715,0.03018613255078484,0.028912209734114347,0.03507779134751643,0.021990756186637928,0.0003167233075522802,0.005473641067082813,0.01445662635333922,-0.0008956304875132881,-0.012048203419881442,0.008189793568283754,-0.0011584804819310124,0.014862512509605352,0.017431131756555418
2021-01-22,-0.017863530091556723,-0.012468567609183467,-0.014194751629949098,0.02777764066259847,-0.008341041238197788,-0.0030106116552376383,0.0008979007267215788,-0.016959063932598606,0.0024668330598713872,0.02767355351938039,-0.0043610519012040605,-0.01603561910441509,-0.006393934687031977,-0.01623084508746997
2021-01-25,-0.013459394317663298,-0.011363694041914174,-0.011754186537035971,-0.0324324513129739,-0.004525257343149014,0.0036158389430824833,0.006861866299858299,0.0014373500828408492,-0.00025753041093057316,0.05842084416064908,0.006665392390442504,0.024149816223714815,0.021766368522436963,-0.04674610529251022
2021-01-26,-0.02028017879118571,-0.022349995083608243,-0.01784131050684512,-0.021787587231799077,-0.018040931072369037,-0.0014888337468982327,-0.0007282686399603389,-0.01624600923316577,-0.001130491485045626,-0.007330749132337333,-0.00957971708635863,-0.025456737670315532,-0.021402351471843883,0.0
2021-01-27,0.0015054180626612457,-0.0006531141764819504,0.0006055795679069664,0.005711101878313807,0.002720543781964402,-0.025677883699462,-0.026086775791876904,-0.05190203815824934,-7.166220309284821e-05,0.6164204319953999,0.0031188499117793533,-0.003189059247457826,-0.005652308106145587,-0.024999908300543106
2021-01-28,-0.020293090487193965,-0.020915140195456816,-0.021180109720359996,-0.02555374929621501,-0.01818751191436152,0.009760625975629766,0.005015639747580014,0.02193344036100142,0.0005373342428047767,-0.1881214773509905,-0.015288555638040657,-0.025488830749446634,-0.01713658304773269,0.042406292275062096
2021-01-29,-0.01649418118588608,-0.018024068338381105,-0.012055674783001624,-0.019230731513868005,-0.01800547971377675,-0.019311475173124593,-0.019979495142946724,-0.017446358867705736,-1.433942665640675e-05,0.0953327095463401,-0.0189389418732141,-0.00935381421007564,-0.03025043137568728,0.03405866788530054
2021-02-01,0.019890845770782706,0.022433658948214807,0.016583234638053,0.017825159948822833,0.01795314544039206,0.016051767614439383,0.025453836623223758,0.03949726349984051,0.0024487312054366495,-0.08612875093162653,0.015459426577431712,0.0215370761936462,0.026987366285836423,-0.014638638270062843
2021-02-02,0.02829838468964363,0.028590520261845054,0.028008770958408702,0.024518450588899343,0.02270979367971937,0.013898223484416938,0.015622214267598356,0.016220762355045437,-0.0018106222993248267,-0.15476191602506528,0.009651441761159285,0.012315840364969022,0.013178352219932465,0.025998139803826037
2021-02-03,-0.000743784217457244,0.0006464722971595283,-0.0008983064799582552,0.003988575447183562,0.0007151314844924261,0.0010087690809532646,-0.0001645684665440017,-0.020315070034951033,-0.003302304960001723,-0.1036776085250426,0.01002497618864151,0.002009036993765978,0.010614106911613685,0.023529432071850875
2021-02-04,-0.005954637328794754,-0.007105923605224218,-0.006292927251964953,-0.009080656494821704,-0.004127782877246022,0.010853322230420792,0.012284611399153267,0.008195900480996832,0.00021539661287794942,-0.049759903851645415,-0.010631343488733402,-0.0066181419780318995,-0.013461402997339333,0.007073400455925416
2021-02-05,0.009359793667261362,0.009759151229829843,0.008745307976188332,0.008591302033388981,0.006123730963717433,0.003897495164625342,0.005701919834175451,-0.006831351000245234,0.0013960800645584914,-0.0413412769685686,0.01542731697810451,0.006017129081010486,0.010713942595661052,0.027216766749087462
2021-02-08,0.0,0.0,0.0,0.0,0.0,0.007399348360373592,0.009478709727799739,0.030004076986606343,0.0025337757010726047,0.017728745424351322,0.021171914791673796,0.0010512940819977779,-0.009417936019902817,-0.008547000709448138
2021-02-09,0.0,0.0,0.0,0.0,0.0,-0.0011135249921484514,0.0014341624018918697,-0.002944021841252198,-0.0033138729719300875,0.01836155338281853,0.003995770029092904,0.005345210750455243,-0.002125382817293575,-0.0025862250578961854
2021-02-10,0.0,0.0,0.0,0.0,0.0,-0.00034518493235935477,-0.00251075632577924,0.0019684382304863135,-0.000968351826880709,0.016643579487721327,0.001931815082720334,0.019084259547679228,0.005157814823937068,-0.02074324162116814
2021-02-11,0.0,0.0,0.0,0.0,0.0,0.0016624551635393559,0.003810280369455299,0.03462137273847077,0.003855796973129433,-0.033651649787194926,0.0,0.004489192822415111,0.0,0.02206529196858731
2021-02-12,0.0,0.0,0.0,0.0,0.0,0.0047110331133788375,0.004969438229909917,0.012366467183009489,-0.0006508968010011662,-0.06023532643037688,-0.0014497675113073205,0.0,0.0,0.03626947805684333
2021-02-15,0.0,0.0,0.0,0.0,0.0,0.0,0.0,0.0,0.0025730650545330302,0.0,0.019108358217092336,0.0,0.014971366875023984,0.0
2021-02-16,0.0,0.0,0.0,0.0,0.0,-0.0005692724183511411,-0.0034032017018987837,0.0050321167548141865,-0.000749595177754192,0.07461190898097625,0.012750887241094855,0.01899310680886135,0.005163647918652758,0.08249997764825912
2021-02-17,0.042655801369868795,0.041237219052265184,0.04364738326115458,0.029528581601407478,0.03543067094855168,-0.0003204020092266724,-0.005838032790532077,-0.01713811070689042,0.001643260526494661,0.0018639756399749796,-0.005762176297068211,0.011002147718025768,-0.009332180362364606,0.0015396260297286801
2021-02-18,-0.0014229441028057455,-0.001237738343585093,0.00028634477800326685,0.002206229598761933,0.0038026294860902254,-0.004415835627354592,-0.007169807943156803,-0.010281948926506912,-0.0043260216490864645,0.04604650098224017,-0.0018519496407418679,-0.015752641970347203,-0.015020460809560321,-0.010760997835815411
2021-02-19,-0.01068750738225932,-0.009293675466611306,-0.007159208570471032,-0.007154387720203936,-0.005061331144658121,-0.0018548966445751658,0.0006562836554027118,0.02409996432624384,-0.002073860051611476,-0.019564274723678277,-0.007215546818468588,0.001616620420666015,0.006790578060088537,0.0450661153090115
2021-02-22,-0.00036026550637247023,-0.0006253395317112886,-0.0028843889145925283,0.0022170865810742235,0.0042089636206206205,-0.0077328394581538396,-0.024607095138204582,-0.036235809217900594,0.0016869897980316129,0.0634921348897759,0.004600897575829599,-0.010602161796016363,-0.008968315346318256,0.018587342473125545
2021-02-23,-0.0021614854848891474,-0.0037546037043570957,0.0008679039645853592,-0.004424736260030482,0.0020255886632734033,0.0012563181187927874,-0.0050136229714826674,-0.0075147942733745365,-0.003525900056213449,-0.014498939937146127,0.0,0.010317028362922365,-0.0031365896937657345,-0.005839427871984548
2021-02-24,-0.014801235779209776,-0.01633163277573091,-0.01531799228708286,-0.01166673173405175,-0.014040290432818736,0.01135161376597904,0.009860197347546285,0.032436796983419836,0.0014671331918394426,-0.07659023846891821,-0.016060804071946877,-0.02985052453750059,-0.024465115117674352,0.019823839827526335
2021-02-25,0.008061447447985648,0.010217166120357613,0.009098889687811251,0.008993881917349844,0.014781740420564793,-0.02447880752512621,-0.03519202121238085,-0.0569588609200572,-0.007188495229882186,0.3537956505658677,0.01673548618968912,0.011976809013351186,0.03496182332447906,0.09287252922880351
2021-02-26,-0.030170782620653758,-0.020859943034019057,-0.01716106290748942,-0.02284114590696462,-0.030292635521793954,-0.004750214169902844,0.005558162482053319,0.02279027422105462,0.004159123786789953,-0.03253716325953937,-0.039851797411834644,-0.03637536754021231,-0.027983440884097988,-0.03820814774287262
2021-03-01,0.0,0.0,0.0,0.0,0.0,0.023790763506800205,0.030053817590480314,0.03187730922224241,0.0032414966528486744,-0.1645796155959014,0.02407961055107899,0.016299376702906265,0.0,-0.009589080690643126
2021-03-02,0.000374720475130097,-0.00903802469626147,-0.001183846079775397,-0.01083247921683983,-0.00043374756858660657,-0.008080851690870694,-0.016928612525136666,-0.029985694865256263,-0.0012923819309750284,0.03211991382215107,-0.008607550630404415,-0.012111368675643441,0.010262422714190311,-0.0214384637269458
2021-03-03,0.014612444609138686,0.01628667425148511,0.003259561105061204,0.01325636617418735,0.016608301303062678,-0.01306622187199813,-0.027026402691170515,-0.03060142600405602,-0.0028398027365883483,0.10663898979853403,0.005132236650595923,0.026964680326614365,0.012852017839388497,0.03886930617664208
2021-03-04,-0.019571825420937605,-0.020512592413662767,-0.01712966805060956,-0.021615438761145023,-0.018833295624334556,-0.013417213930100202,-0.02110213486468815,-0.048130103194822915,-0.0007209970414093769,0.0712410803560184,-0.021279072863758963,-0.02154022135759237,-0.012812237511350855,0.054421715747644095
2021-03-05,-0.006026208830529289,-0.009162578548152833,-0.007211418325498542,-0.0063951801499269045,-0.003217551100295868,0.01949596819778221,0.0154580997392475,0.029995597477409097,0.0033549933005410093,-0.1368568389631607,-0.002274068917169414,-0.004737182311776,-0.00566125747876145,0.002580688925118313
2021-03-08,-0.0007578763315294612,-0.0006602168822270604,0.0006053228343196881,-0.0052663340840087836,-0.002215049302292993,-0.005359231030161227,-0.02407017139681733,-0.053957647928482566,0.004116781609573739,0.03284669387487393,-0.00419446261644929,-0.019157792514110983,-0.009962760055797437,0.02702698556148464
2021-03-09,-0.0037922557184996153,-0.0019829988404204135,-0.0012099132805033497,-0.004117696528980863,0.002084656266904128,0.01415464230382213,0.03685099962979543,0.06212499341004585,0.01272943077039801,-0.05653705007969756,0.00990456726796718,0.008142734110705652,-0.006671981174809383,-0.0313282917861063
2021-03-10,0.004187260454800779,0.003311449148206691,0.0033311819572234835,0.0005907313777677725,0.003695183633119603,0.006030313342701321,-0.00038169672335397475,-0.018869411888972176,-0.001096069592764981,-0.06117358213477153,0.00029699296307006406,0.004667152777504402,-0.006048142981880167,-0.016817608553706065
2021-03-11,0.02122818388438641,0.020461975842489766,0.017205020462425447,0.022432155468747883,0.016836048620466393,0.010395487004435822,0.025238666489519668,0.04209719348581098,-0.0017698266663561668,-0.028812040510530323,0.006029642451707007,0.016538597966981206,0.01878890368969155,0.004605243138328996
2021-03-12,0.004083253635475126,0.0038807768201167825,0.0032640373787640176,0.004041385591712299,0.00467380566565323,0.0010153984958789497,-0.005881895051674801,-0.010553092509327122,-0.007127161762129908,-0.05568230588091916,0.017328347271662325,-0.021979761033116274,0.013501656457348243,0.0707269440482945
2021-03-15,-0.0025880090085745877,-0.001288666614638001,-0.00029558926602213376,-0.0011499011583546714,-0.00035986125576314976,0.006491921301497117,0.010499329999251517,0.02108324680839413,0.005167708541374605,-0.0318994601438356,0.0016535737929321837,0.0032720938199575222,-0.00284178901381138,-0.01712538061302593
2021-03-16,0.003336092559887982,0.005161204914866158,0.0014791006379499816,0.005181132311196768,0.003928166750143625,-0.0015696837343783798,0.0008811743787140447,0.012923333055546937,0.0011014164447242791,-0.011982015121855594,0.005177521829885734,0.006725785644201565,0.007045963408444322,0.008711921737580397
2021-03-17,-0.008496738902292744,-0.008985815536800446,-0.006499147227766788,-0.001145291048803343,-0.00596695200792885,0.00287938213053085,0.003980967442432259,0.012590124667156699,0.00212229228687022,-0.028297187841544558,-0.00022591976630192967,0.0002215018701499094,-0.006413052545512499,0.012338050765652975
2021-03-18,0.00521605833612071,0.003238302598305598,0.002973371516221235,0.007454008271081447,0.004441312857573099,-0.014760539319459198,-0.030242086440928184,-0.04137523420120037,-0.0006693435002753656,0.12220491094179375,0.010109533493987355,0.012798788924856641,0.006073834213494722,0.0542352132175421
2021-03-19,-0.0155669767495199,-0.01420244904517387,-0.01245174230157231,-0.013659593574299689,-0.013359635867152608,-0.0006027039747036333,0.0075532959004116496,0.012353443771822237,0.00663059429778623,-0.029193659082201173,-0.014055092581101492,-0.014105461117160156,-0.008636625576696755,0.001156054467481793
2021-03-22,0.004518087141676563,0.0052388285443703,0.0033023990450402607,0.004039209313338343,0.007403715840725189,0.007025118077311765,0.012281260257784199,0.021158534566110943,-0.0006547704063115667,-0.09880675545533557,-0.020740444998633145,-0.0036425038776595198,-0.0013390452866545166,-0.027713613308602225
2021-03-23,0.0014992772447877112,-0.0006512984522780707,-0.0005984400512732968,0.0005748522192661198,-0.0007183720407116789,-0.007630854183940605,-0.011200851824211822,-0.02628888599356871,-0.0027302551212525783,0.07521187179100952,-0.006109191402786318,-0.013430999478406425,-0.010120367620871873,-0.027315916507060223
2021-03-24,-0.01571871258075974,-0.014341664144848387,-0.011676822792695885,-0.008041374241049115,-0.008992051842549365,-0.00546733601831495,-0.02009499330572939,-0.013719971986128177,0.003334690081613134,0.04433505220216083,-0.020361498866590222,-0.02032608671068248,-0.00279221916218797,-0.014652044242802642
2021-03-25,0.003422282098474838,0.0033069533062770606,0.003938285118475049,0.004632265543833114,0.0017477121581668253,0.005240265846959469,0.0012181895920093666,0.0010619234166657776,0.0027356146036974227,-0.06556609655538248,0.011418954255286717,-0.0006637709240351342,0.003998191158676834,0.0
2021-03-26,0.018188632268038685,0.017798089307516474,0.015389339265531321,0.01210381410624728,0.015301251405924532,0.016631202604519668,0.012409828654125432,0.04936346245258716,0.000793525942686335,-0.04795552151447913,0.015552391656688647,0.0156568612351764,0.010863146926016087,0.02850062259896502
2021-03-29,0.008187389162226388,0.0064767183962688435,0.006240923810625132,0.007972530331003425,0.010431256794169563,-0.0008680126852336212,-0.0060188523018330775,-0.01533253949748381,0.0028839118577712597,0.09968181865989645,0.007122817798609793,6.603138682725884e-05,-0.001634315798752728,0.03674698237117191
2021-03-30,0.0033223516255946883,0.003217463990091707,0.0020669996598081664,0.009604646579870035,0.00479059406709359,-0.0031578329337678124,-0.0010919696746045648,-0.002385714405592876,-0.002029020416646765,-0.054484048854243516,0.0016396282215458413,0.008440845504338323,0.011185610367637544,0.002905284926833396
2021-03-31,-0.008462094946240728,-0.00769717070090703,-0.0044208733132683475,-0.00951327493628984,-0.007476307820015071,0.0036224990395776757,0.015444572694241598,0.02442707155258028,-0.0030286910965079405,-0.01070887227359063,-0.008626406827758948,-0.006968782805528817,-0.002794813721498368,0.01158754385827998
2021-04-01,0.00742108795222407,0.0071104044078520445,0.006512902209859339,0.0005648807829261582,0.008529445641900946,0.011825201774944727,0.017607195685596322,0.036769736026629696,-0.002345197043831182,-0.10670101729522818,0.007199348628130986,0.01974711823322073,0.008486251847749982,-0.03837344186430758
2021-04-02,0.0,0.0,0.0,0.0,0.0,0.0,0.0,0.0,0.003076761333436595,0.0,0.015826769555145503,0.0,0.008227034814988876,0.0
2021-04-05,0.0,0.0,0.0,0.0,0.0,0.014438226417743616,0.016726828364677537,0.020178314539209374,0.0024172825752466487,0.033467970355421706,0.00788001607824751,0.0,0.0025796804070015167,0.024419302021452927
2021-04-06,0.0,0.0,0.0,0.0,0.0,-0.0009735307519511682,-0.0005260598791950732,-0.011171902283979462,-0.005026206697744784,0.011725348610297948,-0.013048485443306168,0.0,0.0020026723158714788,-0.037209307805727065
2021-04-07,0.015101334829146218,0.015404671883674892,0.015882317789830402,0.01581031694064161,0.014729102910662428,0.001475232784985625,-0.0006964355744338846,-0.0006542015267642087,0.001574680830820796,-0.05298018473281174,0.0011502383313026776,-0.00912062691697546,0.003303348083931734,-0.0018116068526624618
2021-04-08,0.0032655653832591724,0.0037924658231183184,0.004053244540021428,0.008893969793742906,0.0066058700053801545,0.0042206328286402695,0.010261623933502051,0.01139613280924201,-0.0028629884562738628,-0.012237708994171426,-0.0007335356523553438,0.011622383492474686,0.0018646264976949212,-0.012704190981791985
2021-04-09,-0.002170021030085678,-0.003148576212229859,-0.0008650112022201562,-0.007713591061740299,-0.004273777952553681,0.007719934348738189,0.005125408395453057,-0.003123692897266883,0.0007160361348310662,-0.015339245851263672,0.0019886269132374235,-0.010661499641936967,-0.003620485393435069,0.02083335768163641
2021-04-12,-0.005799116213491162,-0.004421841150471395,-0.0008661099530014038,-0.00943932512200274,0.0003322401970311528,-0.00019607884876882142,-0.0036107728121699267,-0.010743088719660787,0.0045574892409234735,0.01318150427290643,-0.007703897194238807,-0.008555113025329186,0.0011846575274123694,0.005402127062934303
2021-04-13,0.0,0.0,-0.0008664405554688059,-0.004484111712282801,-0.002063445026427857,0.0032944868090414303,0.010548708258122819,-0.0015835930395706743,-0.0037333170572916297,-0.015375531119335095,0.007206772358589131,0.0015453650409227304,0.010680602150042073,-0.031044733162630345
2021-04-14,0.005468467357013118,0.005076168027682737,0.0054929865537587386,0.0011260963350552267,0.002440461583073983,-0.004087726727828533,-0.009878449674107004,-0.010990343424051918,0.0007078933127258047,0.020420430052712657,-0.004390321847084988,0.014162071011238009,0.0041967398612940965,0.009242135216825487
2021-04-15,0.008339494388314161,0.01010095102953712,0.00920076918224022,0.00674905372644119,0.012496153902719076,0.01109419052516647,0.013055420174782562,0.016748639719364133,-0.00281554051087729,-0.024720428602236777,0.0007325622330078829,-0.003726171630153652,0.003755112762320101,-0.06593408992659677
2021-04-16,0.0014380411539323124,0.0,0.002563981949136096,0.003352167906218728,0.004806545273710494,0.0036088195555097347,0.0009673274813244426,-0.004687123189212605,-0.0031199556190403266,-0.019311991594313294,0.0013723345705296541,0.006132374192855172,0.0013430168321924008,0.028104564469242144
2021-04-19,0.001795585646803044,0.0,0.004262650189021722,-0.0038977465178506865,0.0060883445105130996,-0.005306560094486046,-0.009789850945085554,-0.026285829417281525,0.0003433798790331011,0.06400005634014416,6.737779631826868e-05,0.004709727805684905,6.877049948594838e-05,0.01780038013592744
2021-04-20,-0.0017923672978094052,0.0018748457700943355,0.0011319230638089373,0.003912998393714062,0.0035097528521692567,-0.006802319771775922,-0.009234791831184364,-0.014253589678165146,-0.004530113461426399,0.08039325136184017,-0.019706282865434632,0.0010162827350237436,0.0068336842982559265,-0.024359722865570976
2021-04-21,-0.008976350168868774,-0.010605007939799682,-0.008761919929432649,-0.007238340153640221,-0.007028439469071612,0.009306055472153574,0.01189228129776998,0.02623013520491102,-0.003590917502681479,-0.06316918018726325,-0.02033753719530218,-0.017635066586921377,-0.015226515914547267,0.0012803932166405296
2021-04-22,-0.0007247779933478027,-0.003152656549542554,-0.0031367356669701474,-0.0039260144324331225,-0.006111963921575758,-0.009210657476561801,-0.00944856589330434,-0.021767159119035928,-0.001641316224407774,0.06914280482700885,0.023839133242507193,0.004661459547059543,0.0018476468424313275,-0.006393855752034883
2021-04-23,0.009064415622527466,0.009487771130502143,0.009153257772352763,0.01576595509698442,0.011890926858045159,0.010928696540176919,0.014357615081555863,0.018233724799048945,0.0037991549586497975,-0.07375730776554967,-0.00573996461403492,0.0112469599736027,0.001120389036691316,0.008365515621978403
2021-04-26,0.01473253830552812,0.015037452361159387,0.013605490796683828,0.016629492594624873,0.015723427358090847,0.001782270924804541,0.008701745037853259,0.0183222078387002,-0.001933337905959176,0.017888024657076285,0.003638777181884878,-0.00433030724756045,0.011458356997211983,0.0019144996302382644
2021-04-27,0.00035402059893163695,-0.001234466538803769,0.0,0.0016359457964407742,0.001343668320104463,-0.00021489588801437698,-0.0034345640809080313,-0.0075008021482551035,-0.007990832859932295,-0.004535143224154603,-0.004612331962906557,-0.00038997968746168343,-0.0006558159217354698,0.033120971229180673
2021-04-28,-0.006017589350009955,-0.004326405244530873,-0.0016778413144642457,-0.0010889225163366323,-0.001612369536094671,-0.0008455399168898481,-0.002781323065609853,-0.015183250633991952,0.0032076763647559403,-0.015945261264952326,0.002141291126128486,0.004484930154187383,-0.010558481317139434,-0.0012330297636642396
2021-04-29,0.0014243390246166943,0.002482942922039433,0.0008404324692306009,0.01362391183457401,-4.947426643286956e-05,0.006762806734045723,0.0022432185139893424,0.006491620421808841,-0.004093553697287922,0.019097217048208215,0.0,0.007977613798383576,-0.00232593813925408,0.012345667202249944
2021-04-30,0.0,0.0,0.0,0.0,0.0,-0.007194706699326425,-0.008511961175354799,-0.027871914993746083,-0.0006118920845618048,0.05678591512439679,-0.008306604498779957,-0.01973769849757412,-0.008257524368719293,-0.005487770616901533
2021-05-03,-0.016714102112220353,-0.017337444078434072,-0.014553770569827318,-0.0322579384391527,-0.01960022814880369,0.002748090747253684,-0.00483858197885767,-0.010402376652933198,0.0028992165555055127,-0.016120426360561657,0.0,-0.012788279215964482,-0.0065632383730421795,-0.014714928277085981
2021-05-04,-0.008679956961980761,-0.006931188011241929,-0.0110763611038599,-0.013333354274560727,-0.016755571629025412,-0.006678337608227225,-0.018828201194453165,-0.016856668644049888,0.002783092616461813,0.06389951449590203,0.0,0.00703874768752244,0.006449912487388687,-0.009334154173738285
2021-05-05,-0.009485568048583137,-0.009517759601323617,-0.0028719635266342136,-0.015765879296207985,-0.005334889640771001,0.0007034637617677753,-0.0037466591942640903,0.006259418832961883,-0.0011029890401905718,-0.016940448226939298,0.0,-0.004873042370641789,0.0,-0.005025135787766755
2021-05-06,0.008839744162117524,0.00960921782655344,0.008352515234082425,0.009725452359069076,0.008960160559546404,0.008165456466051824,0.0037121457122524237,0.008204521957695166,-0.0002939674112609758,-0.03968669681572368,0.018003849901169877,0.00772329578420794,0.0041494371385832896,-0.014520203303015511
2021-05-07,0.017889775180802703,0.016497435188805865,0.016852322664427044,0.022096573152171173,0.017102181882039824,0.007373341616968343,0.008758291888812941,0.013731525162002933,0.0022592693141363362,-0.09244148515566208,0.0009018048815989665,-0.0009362054455006596,0.011634499206303328,0.010249860687028933
2021-05-10,-0.006814886351512617,-0.008115061692405057,-0.00337049229005848,-0.018847250793983417,-0.0028574269597917423,-0.010435647322188157,-0.02547802225972562,-0.04447252005977875,-0.006984398409560111,0.1779508219483823,0.005467692408405833,-0.0005239389587561316,0.016295539363171185,0.015852869886123777
2021-05-11,-0.03755866309131395,-0.02957834396515835,-0.029030619130678392,-0.02711868892896796,-0.037856422794740885,-0.00867391280271812,-0.0009275327257869392,0.0013380420689597106,-0.0007746834120708757,0.11088506216152072,-0.030819822687034426,-0.020347479519469247,-0.012270371030179028,0.013732805994694397
2021-05-12,-0.028893148754780773,-0.016861082327402244,-0.03628433704957057,-0.043553875809697384,-0.04105140024283427,-0.021449400664502738,-0.026718837795905892,-0.04073839931134693,0.006696384970054758,0.26327838643896095,-0.016116840453977543,0.007754336571296427,-0.014884269340265877,0.043719274153406706
2021-05-13,-0.014683078682086403,-0.03562006463410461,-0.013554235344360732,-0.01517920197740108,-0.014606030805524917,0.012173141406923493,0.007160285482193274,0.012745834203626849,0.0038328026526472936,-0.1616528077982975,-0.024851221505010734,-0.018149142137159013,-0.01250919004160489,-0.015929244119588737
2021-05-14,0.011372512359867804,0.013679901926999971,0.01129752318433419,0.009864270624127425,0.01001845797336709,0.014917956876899785,0.023237368480184983,0.030953935684294498,-0.0031044780426563445,-0.18677042159827906,0.02318787201457062,0.011144127459781883,0.009996431856553523,-0.01978416829150076
2021-05-17,-0.018999648066303942,-0.020917669422148455,-0.00754836980643292,-0.01648332953081777,-0.029898117719939776,-0.0025300521932207776,-0.0037923111043243196,-0.008723332442391651,0.000819688136178387,0.048378515324243754,-0.009244989081140464,0.005941276014772345,-0.005961985596313557,0.0030581010769374917
2021-05-18,0.04585000533295536,0.046864052708229575,0.029814523063151244,0.04903773557313662,0.0515889353414174,-0.008517292959364653,-0.005636435871819501,-0.008052005240993032,0.0033726628756043375,0.08215014683780053,0.02091692074995133,0.014177464331717404,0.012292162454472733,0.0012194965050233986
2021-05-19,-0.006802709789361927,-0.0072414724714736645,-0.005022231097407404,-0.010059065685353197,-0.0008249924819233589,-0.002943411456817757,-0.0002931088157486217,0.019501826208168094,-0.003161713514924669,0.0393627060253805,-0.012757160845532467,0.0,0.0,0.02496955516638688
2021-05-20,-0.006849504294937692,-0.0026526496303826974,-0.00653202418819232,-0.010759232864419488,-0.0055973288851880465,0.010554741756143349,0.017744707478573485,0.026302168104353818,-0.0026675804134449477,-0.06807936014903804,0.0019184110492007633,-0.0050193199727514015,-0.0033942167206684193,-0.029114691450866315
2021-05-21,0.014176467430476292,0.011303310017675594,0.013150161510309566,0.01812689853895466,0.016188342180252002,-0.0007838806801412357,-0.004783631990481263,-0.0055242163698566715,0.002136927485614226,-0.02515725475782904,0.007814724337814605,0.00028647830632211324,-0.0018531272903045126,-0.0012239744918375317
2021-05-24,-0.0015112380523033542,0.0,-0.0002950190485753179,0.004154432825124621,0.0022224473290466396,0.009911292190138532,0.014117721428874797,0.02526342220809319,-5.370506244251061e-05,-0.08684863687990696,0.0016519379043500315,-0.0016227062476866783,-0.0038397530578490047,-0.01470583938534753
2021-05-25,0.017025979557863113,0.01906633100277677,0.015048694654458572,0.02127666853721477,0.015753171365983976,-0.0021252837802967495,-0.00029280069151282895,0.00296790977050998,0.0022684271317261473,0.023913072998898333,0.006676315941685607,0.01754874879675139,0.00859333368687909,-0.027363201783513258
2021-05-26,0.0007441264499610245,0.0006453338517353746,0.0014534435024056158,-0.004051129934149689,0.0028934976096810505,0.0018768165702687245,0.005918508635931463,0.002677865754323161,-0.006850546741188235,-0.07855623833596592,0.003089200977479667,0.008825417028095472,-0.0009113355500081077,0.006393855752034883
2021-05-27,-0.007063160584480643,-0.007092291290027974,-0.00696657244466814,-0.004648494104901313,-0.0025282902714277578,0.0011653145418315525,-0.00012518027096375395,0.004216146519609554,-0.005481574945320644,-0.035714332801561,-0.0032532320077169885,-0.0018106881023279842,-0.000921567444443383,0.022871673017552885
2021-05-28,0.016847694417775783,0.013636491574683829,0.017246411199766776,0.012259421765839162,0.016218307148309297,0.0007688818911402162,0.0009070840642058098,0.009283947101436318,0.004301047842272254,0.0011947704920629576,0.021030515438329678,0.00038508091865008254,0.007335301620115198,-0.018012449448042478
2021-05-31,0.009572683982655983,0.010890342367713357,0.008620702267867042,0.01614743968670762,0.011710743839923765,0.0,0.0,0.0,-0.0060099979469249165,0.0,-0.009925760987069765,0.0009404696903061449,0.004763633640756604,0.0
2021-06-01,0.004376510850878423,0.002534978202310967,0.002848983956790674,0.0,0.005504382863281476,-0.0004923335226864056,-0.0008917010152208471,-0.002796620556356988,-0.003740046758353377,0.06801905573270361,-0.001584896308367112,0.010846644470532185,0.005602573019988233,0.02150540147781821
2021-06-02,0.0,-0.0031605170799062776,0.0,-0.009647872812742708,0.00015488545247777097,0.0014469348384307246,0.0014450287626555092,0.006095477765178714,0.0023658256413328083,-0.023463691913108042,0.004574138500646141,-0.005781894236968954,0.000732451401023626,-0.014860711142828054
2021-06-03,-0.0007261656055899124,0.0031705376182011857,0.005397726020392346,0.005730429352104771,0.004725948682937853,-0.0036287033416374515,-0.010309458387126047,-0.017185038282293785,-0.0013704629347449648,0.03203669267484277,0.0038681754314182637,-0.01131797918999522,0.00719550134835667,0.02137023251806225
2021-06-04,-0.004724017520361001,-0.006321365601461126,-0.005368746995040419,-0.0056977786341777525,-0.005725912267155464,0.008834095710505974,0.014688774858050868,0.024283027076428043,0.0028971699929969397,-0.089800485422317,-0.004012299707644051,-0.0016546861500679189,-0.0022632831717208646,-0.0400000352125901
2021-06-07,0.002555691337644772,0.0019086850897527263,-0.0002841923482139741,0.0005727420604750844,-0.003703183129194265,-0.0007967387044511831,0.004866592327830599,-0.007780147854675401,-0.003178454040775325,0.0,0.002685439616986196,-0.004523821214641233,0.0037159695971056284,0.0057692713286059405
2021-06-08,-0.005826570089163874,-0.005079501697698552,-0.0036940350180960646,-0.002863458931631757,-0.00045067075860172334,0.00017502486450582388,0.0031113169361038917,-0.005719844743143132,0.0031522926766149872,0.039585847473210256,-0.001918716239650009,-0.000204897358974776,-0.0013191514790081849,-0.026131299192826196
2021-06-09,-0.007325945762230779,-0.007657984836168308,-0.00741594709041693,-0.0040206484582127056,-0.006441138187948781,-0.0018238673194856947,-0.0009450801550839882,-0.004917685515250181,-0.0012996551722471716,0.048037475658119,-0.003547898244716574,-0.001346356527830661,-0.009745013046571382,-0.025523582725980987
2021-06-10,0.015498172982244762,0.017363491001233466,0.01408054075162224,0.016724280916554868,0.01137554458220924,0.004652243012262192,0.007804918728772536,0.011487099926641653,0.0069815143394595935,-0.10005584512285925,0.003387285278948715,-0.00013046822395446078,0.0026304376985477607,-0.0201477314567704
2021-06-11,0.0036335942853902292,0.0037924658231183184,0.0017002556704157623,0.0011343235304515087,0.003164411080458507,0.0019484346695590737,0.003501332955533787,0.005053027277357236,-0.007991440532836847,-0.02795035728430051,-0.00033945327182571816,0.003592693831928395,0.0076536222968817125,0.002056217271064753
2021-06-14,0.0,0.0,0.0,0.0,0.0,0.0018152018730952513,0.007443073498693664,0.014210138811022066,0.00303002470849556,0.047284331575444316,0.007360264476192091,0.0,0.0008647392051297498,0.02667580985058482
2021-06-15,0.005431040507393625,0.005037920053217793,0.00820338203726334,0.009631855224935038,0.009165442951023506,-0.0020116937805257917,-0.0071453576292487275,-0.008193682061415908,-0.00015194752635017128,0.0384381385952417,0.00958445612109493,-0.007059171997127911,0.001998690161285621,-0.0013325072603697086
2021-06-16,-0.0010804166925423297,-0.0012532487934304726,0.0008417794158332992,-0.004489369872298532,-0.003651409361261959,-0.005390124612855707,-0.0023577768295566237,-0.009402713430854415,-0.002735540137186243,0.06639242834163106,-0.005104768187440767,-0.007042591155231204,0.006152907678738773,0.04669783497950575
2021-06-17,-0.002883847110094484,-0.0012546020991394125,-0.0019624546642861285,0.002818414644039313,0.004781064960553527,-0.00043571559205179966,0.008666146563395483,0.010781862836549028,0.004237852911618267,-0.022038546938694892,-0.009309330394611681,0.004281418071381049,-0.004184602031665707,-0.03696620032965281
2021-06-18,-0.002169172581099277,-0.005025041771050787,-0.004213217519340784,-0.0033726678825292122,-0.004144208575209807,-0.013124468779900589,-0.009248392997500465,-0.02393278257587894,0.0002529073491499556,0.166197226081096,-0.001869507992153352,0.00849760750890538,0.0009096499616099152,-0.04037060755001087
2021-06-21,-0.023913151481721684,-0.02146486575355766,-0.01833579991479639,-0.021432565295934958,-0.014756359807702513,0.014002289962720793,0.007918572901479237,0.0036899260780101084,0.0034676060407665688,-0.13574885360979994,-0.032908015309102256,-0.010842214122234517,-0.008304918754638013,0.023448219843626994
2021-06-22,0.00111357310207727,-0.0019354377478919549,-0.0022989746996433524,-0.0063400450701086575,0.0007367008667109598,0.005124491902218642,0.00790504662839453,0.004722648832592435,0.005993308042535395,-0.06875347032979973,0.03117358765370315,-0.006291559351855103,0.007124757689232819,-0.008086229768359599
2021-06-23,0.016314325309685573,0.0187461148958199,0.018145427519719037,0.021461773509744653,0.015294391354964132,-0.0010832833431588806,0.0012952072125995695,0.004168459089735954,0.00010018741461803593,-0.020408172611160347,-0.00031990695582939654,0.01791998770300407,0.0037716028272285484,0.01019020765334977
2021-06-24,-0.002553634108793834,-0.0019036184609624307,-0.0014145204807120004,-0.0005679205538084986,0.0041097760847983444,0.005811249724885448,0.006865284655006576,0.016995669138290648,0.0030196518945295736,-0.021446043770847023,1.1769525100957523e-05,0.002269162836155303,0.003024902837515553,0.0
2021-06-25,0.0018286298791783118,0.0031786004091391984,0.0016995680233127253,0.0005682432708415952,0.005458956233655776,0.0033305973193167304,-0.0006486082548177174,-0.002720972343657757,-0.0045872105787782,-0.021916116193956947,0.006612907175118643,0.014048656259002312,0.005094181472534709,0.032952269786577615
2021-06-28,0.0018256130090652523,0.003802411923158777,0.0048077638412797885,-0.0005679205538084986,0.005026596459912991,0.0023149642620619026,0.009757403567579814,0.023873683658745648,-0.001444073621782116,0.008962890163154658,-0.0006247864853670126,-0.00068013424498925,-0.00028769037774001305,-0.03776039584934365
2021-06-29,0.00291550419361597,0.0012625223302706878,0.0019700507252236044,0.005681744299554037,0.0004103667797432653,0.00027733619326086867,0.0019185747914842732,0.007839262849076434,-0.0017871681871741707,0.01649747621230091,-0.00810417233425309,-0.009368537446856506,-0.004606440987535154,0.0013531625102443101
2021-06-30,0.009810870657279258,0.00756613327467659,0.0056179411801762225,0.005084763681398208,0.008936799140270235,0.0013281596467464851,-0.0016780925737093222,0.0008371288035387003,0.002153447075292414,-0.011860207779553322,-0.0007316268322191677,-0.005730489750103374,0.00304258406902691,-0.025000040273408075
2021-07-01,-0.004677741526219248,-0.0037546037043570957,-0.003631227691277217,-0.007307434466654383,-0.002338519091177549,0.0052216268542757405,0.0012706667667650162,-0.014332229316088574,-0.0020770441327403466,-0.02210994208190664,-0.002934551808756125,0.0,-0.004434726254908039,0.025641068006216683
2021-07-02,0.0,-0.0012562878894089025,-0.0005605556808107037,0.002264945749014924,-0.00021390287067579727,0.007500081663913916,0.008053101231080717,0.006097490911907366,0.0021927857820869256,-0.026485779039815083,0.002655802787915995,-0.017952345237877476,-8.532119823390083e-05,-0.03310812443516542
2021-07-05,0.009399832593009805,0.010062835146614324,0.011220121953707585,0.01581909576938756,0.011811288040260326,0.0,0.0,0.0,0.002116288814962397,0.0,-0.006430464084406617,-0.005896059554596156,0.003482845144582747,0.0
2021-07-06,0.0010744233348831678,0.001245227688283057,0.000832205701557287,-0.0033368037110205195,-0.0003493303375577961,-0.0020218560598241897,0.0016605657624200187,-0.0017089971546323524,0.0011024363241982638,0.09090914843906228,0.0015742774362970113,-0.002510015634160645,0.0036438611999654036,-0.042627526033192975
2021-07-07,-0.00536672832225682,-0.004974933487302269,-0.003880173323636993,0.0005580960398470225,-0.003482421398830149,0.003358975310182588,9.683284021178018e-05,-0.015144706788858153,-0.0025707007491830858,-0.014598525749495717,-0.0096449284039003,-0.003998176063068071,-0.006011682550187802,-0.03576644133210549
2021-07-08,-0.001078997980617613,-0.0018750642453922994,-0.0016696403129290438,0.002230613395032721,0.0008627336588562518,-0.008561024934316985,-0.007178920506270892,-0.01284804220411706,-0.0005484749429269797,0.17283945093793274,-0.008774997972304632,-0.02887948500670967,-0.009941179718465532,-0.024981069546484047
2021-07-09,-0.007922486005448093,-0.011271082525608489,-0.007525001010216914,-0.010016580930229613,-0.011452386996227748,0.011277947808795874,0.009762485818334499,0.016309393059804833,0.0028118780778858543,-0.14842103656969574,-0.0063165655432239065,0.007049213002960686,-0.010677343359520974,0.052794999725577885
2021-07-12,0.009074542415566933,0.01139956799726205,0.008143964629372835,0.012928724174428918,0.008654405254726605,0.0034511743312370946,0.0021303552642399914,0.0128292339071725,-0.00032184803806400986,-0.000618061105884915,0.02249785834044893,0.006242605570524917,0.00886279151758207,0.0051623074980888806
2021-07-13,0.008273371786798656,0.006261882758678006,0.005849576435017045,0.007214164523382527,0.001863076129130059,-0.0035168126585656267,-0.0037730901597803346,-0.004000237107542048,0.00029335951163789176,0.058750819941689736,0.005223165007877784,0.016288061381891872,0.0076729223846725425,0.038151082333734765
2021-07-14,0.002497463244404363,0.003733466573798694,0.002492132563699956,0.0033056975887499895,-9.914718103554154e-05,0.0011649345752446916,-0.0022278903259194127,-0.004618254577152037,0.002145965054271892,-0.04614491102809537,-0.0038216129924504294,-0.0062921230910985,-0.002008273100066127,-0.041696124981886906
2021-07-15,0.009252583769175038,0.007439592724070021,0.007182273781013659,0.007688102348347714,0.01055934623789967,-0.0032622408541723713,-0.006952588512905256,-0.02219082240935888,-0.001877246831716306,0.041641170137951544,-0.01151407809102778,0.007514489870796615,0.0065577818387991815,-0.043510249537756285
2021-07-16,-0.013399207812749836,-0.009711436189235534,-0.007936348552176842,-0.007629446383688676,-0.0077042249936508655,-0.007538854211077806,-0.00796868689005259,-0.02173178602649939,-0.0031073033461498367,0.08465611491366087,-0.009760206822427175,0.0003004027461805947,-0.0028330600741124368,0.002312954244130916
2021-07-19,-0.011436631891268645,-0.008109721434484518,-0.009722242796730618,-0.0120813248124364,-0.005923359550718765,-0.015869512427409305,-0.010553630711868212,-0.0010076923042579011,0.003310667475223461,0.21951214469301195,-0.012510761058162068,-0.018386226743911993,-0.010030752730006087,-0.09153843261786365
2021-07-20,-0.007953802280523004,-0.00943396123113327,-0.01178125842294453,-0.008338045234853264,-0.014644224215467183,0.015162609437855634,0.01568474398635078,0.0136284063474017,0.0037644428540022368,-0.12311113145616315,-0.009567951526051721,-0.008386000279791528,-0.003495668288330478,0.023708719114851284
2021-07-21,-0.0010960368670207554,-0.001269914824619578,-0.004825275134589524,-0.003363064918992742,-0.003990655970691037,0.008241819990835397,0.009177971924420714,0.030708228400013082,-0.002785146330062438,-0.09224529838067741,0.005836092780168833,-0.0012718589790621238,-0.005193813009590764,0.05872620386839578
2021-07-22,0.006949268900379835,0.006357426427714641,0.008841820246009213,0.011248448115906529,0.00650337289823133,0.0020166699583279435,0.0035982499502607013,-0.0059046370950708305,-0.0013393424013419253,-0.012283602190330645,0.0,0.01833856625859065,0.010665736841374063,-0.011718739086063357
2021-07-23,0.0,-0.00126349696982897,-0.00028278847033547105,-0.002780569928110377,3.356662135178823e-05,0.010145452020822843,0.010377581211183262,0.005104242364910361,0.0012195828206831294,-0.027699251346815612,0.0,-0.014495083554978527,0.0012952889161306214,0.016600812564451894
2021-07-26,-0.008717591512163447,-0.0069576944076571445,-0.008483938326076523,-0.00501983743529244,-0.009637520443553593,0.0023821998626283314,0.00025070627558165803,0.00031435800485302146,0.0008072048895577666,0.02209297348319761,0.010356071674894718,-0.04134620319863225,-0.009055368210180492,-0.0077760422701675935
2021-07-27,-0.00036643805250025085,-0.0019106061652840456,-0.0022819665451522253,0.0044845644775466376,-0.007681842223602131,-0.0047124448070912095,-0.0121375515919806,-0.018352224552921625,0.0010314739798571448,0.10125146156828113,0.004919707488307168,-0.04222194184423689,0.002350448298351182,-0.03291540325998166
2021-07-28,-0.015762612278458432,0.0031906614958920887,-0.00943392581943403,-0.016183057304045345,-0.007796725985795616,-0.0001862618826539153,0.006957432752077386,0.016338299104277754,-0.0008307485781863244,-0.05423559459227267,-0.013891937106938479,0.015444651817793753,0.0013395322195790538,0.021880121821463927
2021-07-29,0.01675987212461938,0.0012723383259247711,0.01443023461013837,0.016449256565656212,0.015616364001731275,0.004206152980007483,0.0010621237898131852,0.020399040600315388,-0.004456871264529649,-0.0333150584814359,0.007278741181194093,0.03303145907645755,0.0017887071821853784,0.006344183962333272
2021-07-30,-0.003296606175254735,-0.005082775539893447,-0.006259047770995174,-0.005022338490769829,-0.008929614570383548,-0.0054060480514769305,-0.0071442835489050616,0.008186250521316829,-0.0019355838620490617,0.03050841722613762,-0.01795488224307762,-0.013463298619120656,-0.012437307510510198,-0.023640732337674386
2021-08-02,0.013597876543308463,0.015325781676124528,0.015745899158571275,0.011216979155459272,0.014835220958218986,-0.001842805614891363,0.0005718536203818125,0.0063249986577713635,0.002840781628680622,0.0668859281065497,0.0182318269094619,0.010583998085471613,0.006470299739195218,-0.052461614174648785
2021-08-03,0.0039883715940103315,0.0012579344973973061,0.0033818518393324837,0.004437081414985888,0.002884057775334181,0.0082034265474622,0.005464160640535676,0.007612199658424856,-0.00011461536470191991,-0.07297010461209863,-0.005010235602348256,-0.0015620056384666459,0.004374706284978824,0.0017035555439122163
2021-08-04,0.005778124209818047,0.005024978895810328,0.006179932895955309,0.0082827205484437,0.003995204463965285,-0.004632387901412294,0.0013034249936207942,0.010187730185229782,-0.0025285900086162716,-0.003880354690702914,-0.002089224911548171,0.008846423299930795,0.013357467291887026,0.006802734880060335
2021-08-05,-0.0017950975847812467,-0.0006250362491644346,0.0,0.008762311275521517,-0.0011785981209809782,0.006005446813494242,0.0077527559316279415,0.00017078018249661042,-0.004868857324872744,-0.03839725392733928,0.005221818603051043,-0.008395394842160564,-0.0012955816557307376,0.027871614818681056
2021-08-06,-0.0014389255181800342,-0.001876063724320809,-0.002791684740647171,-0.0054288841896994455,-0.0043651266083103435,0.001675266241764728,-0.003985221407782014,-0.004977219290103085,0.00042214695517728273,-0.06539357773223542,0.0033150435270716816,-0.0009650586604064149,-0.0017611558750753042,0.059983528156117405
2021-08-09,-0.0028819348511545106,-0.0018798081312828563,-0.0030795851794844786,-0.0070960291160143685,-0.002346699236804528,-0.0009399082741974318,0.00164601761290184,-0.0033925251747192187,0.0034587822656699796,0.035294099584386895,0.0,0.003972589075693422,-0.003039477372634436,0.020930287144691695
2021-08-10,-0.00541912698114555,-0.0069049552764851585,-0.005897178549896465,-0.0060473405274910075,-0.009236967484797631,0.0009926793341701323,-0.00485120942451589,-0.011611694875234058,-0.0013190604335480138,0.004186698866484928,0.002448282979473193,0.012259401189008035,-0.005284589372414716,0.018982517510051977
2021-08-11,-0.0032690012769257537,-0.001264515654736842,-0.003954865265460961,-0.006084207812866782,-0.005568167776512034,0.0012757437876824707,-0.0015519377793203892,-0.0034214319619365607,0.0014611821242085377,-0.03692679007897037,0.006538955522174206,0.002049981071168494,-0.0069591435057805295,-0.009687042749765618
2021-08-12,-0.0018222385698558607,-0.003164410154365971,-0.002836022467539334,0.0,-0.00042027972693947646,0.004146380281677686,0.003462216978957544,-0.01073895687009152,-0.001247040309911407,-0.0358688881242718,-0.0019768160549387126,-0.0053390468367696675,-0.0038005830956832076,0.028592917766220527
2021-08-13,-0.00949247802612585,-0.008253893646402166,-0.009101288665772533,-0.011129367889211594,-0.01381131906836286,0.001607306655808216,0.00044819847282950853,0.006278924343511072,0.00017988092582732484,-0.0089801373927193,-0.001351744216446349,-0.00475910804084867,-0.011560303051609488,-0.051206974449882314
2021-08-16,-0.0022113363855386092,-0.0038413399424785943,-0.0008612018191208604,-0.010692423817834529,-0.007262928357508636,0.002620850702215849,-0.0019659192352415866,-0.003713142500490263,0.0004137683724649843,0.04336576299285588,-0.016226132081418876,-0.007963065926542612,0.0,-0.03084046222320258
2021-08-17,-0.0073883211151170025,-0.007712193579471616,-0.010629003622674826,-0.005281508944794844,-0.011709642028386091,-0.00706069881494753,-0.009299872399218145,-0.019362004580444347,-0.0006581203164657268,0.1110421163144204,-0.0035867481916704858,-0.016637413699519654,-0.008892264922009896,0.0007955821434533217
2021-08-18,0.004093627319249116,0.006476721768661431,0.0055168789675033025,0.004129779385329879,0.009897761193329968,-0.010748470745585936,-0.008888368867441265,-0.013222561540579103,0.003947547414152153,0.20435510209906327,0.00588669348891413,0.004705245114791978,0.005039576756334929,0.011923676869294964
2021-08-19,-0.02297994325952779,-0.02252248517700317,-0.021657469358448922,-0.022914425278663053,-0.026795549648580108,0.0012566922329095842,0.0010932108653904926,0.008204168615155272,-0.002050272910535056,0.004636086364605774,-0.011046952326347559,-0.021288880797957765,-0.01934194643054088,-0.0243519387850466
2021-08-20,-0.00796669133689254,-0.00987514656782007,-0.005903220432456058,-0.003607892308561511,-0.002043306431557923,0.008141567655737925,0.011887815511235633,0.007504322584125145,0.00631416798043416,-0.1435164097555205,-0.009820690338509741,-0.018431161766340742,-0.012047164440330937,0.014492759187345827
2021-08-23,0.027533655915499944,0.024601338685668273,0.02375302987672856,0.027761137683200543,0.024470742368881915,0.00852379036424833,0.01549408766183169,0.02815577930367641,-0.001677456572554803,-0.07596982155088206,0.017805715135165157,0.010457628225669424,0.00970424899023592,-0.003968250213867153
2021-08-24,0.0029771301120908866,0.00454242920369019,0.004640354829503313,0.001761613153705044,0.0045927225273694194,0.0014957363013194946,0.005163034136896005,0.0,-0.0024954892170808707,0.004081614949343004,0.008651243786784502,0.024625256006677088,0.015562077819474718,0.02788841972460654
2021-08-25,0.009647587006916813,0.012274164240671404,0.012990799147591048,0.008206226403246086,0.013504521442448736,0.002220118224179668,0.0014687643751494228,0.007615932414615223,-0.00029026000624543524,-0.024970871949668183,-0.0002631906068349954,-0.0013203828070109669,0.0027116622481022645,0.04031011419695818
2021-08-26,0.006982792636313739,0.005105147279076849,0.004274573709972307,0.0011627760540506848,0.0012379289325212817,-0.005824918819612557,-0.006385565282822414,0.0009307542750947029,-0.00029403683720852225,0.12209643390577263,0.0006307811330361623,-0.010829777986092637,-0.005809066628267967,0.0
2021-08-27,0.008394047026783591,0.009523808471021633,0.009364322502353195,0.005807279433901469,0.008376930756656575,0.008807632480425154,0.012290430225497584,0.0190829707509117,0.0011368208333430996,-0.13004250228750225,-0.003646001859187842,-0.00030685093707116806,0.0017164204903226121,-0.02235467303965566
2021-08-30,0.009772079374306575,0.008176026733736075,0.010402171435394125,0.008660511476002775,0.01084198756985777,0.004306570844779589,0.009014815323540093,0.0019955546247305556,-0.0015617977666271265,-0.012202493168921968,0.00535970781777384,0.005181399725110003,0.003283461304812052,-0.020579320786919375
2021-08-31,0.0060932470235941505,0.008109938658196203,0.0061210651698124785,0.004579220788533123,0.005390131691661582,-0.0013491160395050494,-0.00043557330857424414,-0.007987919515650255,-0.005159072661616082,0.01791222968576589,0.010804522538331751,0.013291201969005684,0.017518050484051084,0.014786034162878492
2021-09-01,0.004631197116073071,0.0012375876274419717,-0.0016591948510571441,0.011965921396096757,-0.0009318787166271436,0.0003116886257619189,0.003285854843843916,-0.005446804406441075,-0.005788106784613389,-0.022451392121492608,0.012868864382064027,0.00576911335306618,0.0024224276015112345,-0.0015337225614090455
2021-09-02,-0.007801553868912681,-0.008652835702112505,-0.009141105590357745,-0.005067613363722523,-0.008826287910279174,0.002842638410522902,0.0014239508624365182,0.0037369844639609795,0.0037324773544429313,0.018621925865588196,0.0032508583487986797,0.0023874264209524654,-0.009719278858619673,-0.00614440547710815
2021-09-03,0.014296124508847097,0.012468900744081024,0.014257559889914395,0.013582392477803129,0.011383538739452304,-0.0003350311257153127,0.0021094165230068906,0.007488947275088087,-0.0016262187852567056,0.0,0.020480999504799424,-0.007222550773676284,0.007938019793851225,0.02163832805198118
2021-09-06,0.004580486220450375,0.004926072462548392,0.001378410450112444,-0.00111689895809286,-0.0012341861880639238,0.0,0.0,0.0,-0.0007094580716562326,0.0,0.018256634618943668,0.010101178428087332,0.0007091461858566017,0.0
2021-09-07,-0.0045596010307582535,-0.004289251246897718,-0.0035785752558561423,-0.007825503004229017,-0.0037971133766500076,-0.003395574405981705,0.0007036504137616362,-0.0036745582589199355,-0.00267686535439815,0.1054234953274027,0.008639613788191447,0.007261989019078374,-0.004966755177259974,0.036308605972728
2021-09-08,-0.00880928797921876,-0.007384401365496007,-0.008010702356475607,-0.012394283447539456,-0.009087159067643347,-0.001318566739775151,-0.005703691103410624,-0.012810256896563454,0.0021101781649590645,-0.009922839648963677,0.00886044479542547,-0.0012408602082003561,-0.007664484830807616,-0.026277381916890552
2021-09-09,-0.0024882210469329147,-0.0006199986701977966,-0.0008357422156261007,0.000570480634400683,0.001959402616299011,-0.004605608657393345,-0.002511320298010933,0.0035196789154345876,0.002881360677490674,0.04677061221646239,-0.0057327548829401165,-0.022982838930164617,-0.01526721210360893,-0.026236856706590483
2021-09-10,0.011760310972032562,0.009925484879669044,0.010033596194377159,0.01083228251853341,0.009838013584253513,-0.007722578759925436,-0.008706557514796764,0.007939312520676811,-0.0014853093066332645,0.11436178793244811,0.01245161395720551,0.019050791579172444,0.0035509226465260113,0.032332513704479426
2021-09-13,-0.0035224007517419276,-0.004299789641192264,-0.0027593972220918417,-0.005640086735238747,-0.0016171937346456389,0.0022764876184568905,-0.0006556291656001356,0.009584499184217998,0.0007563923680651286,-0.07541765470963968,0.0021568574257520012,-0.01496225878197499,0.0006718678496393515,-0.012677077137480008
2021-09-14,0.0010606415220082432,0.001850709372359205,0.0008301565085058193,0.0039705654432762305,-0.0006540154274649046,-0.00574663850657553,-0.004489752273612702,4.2300353661151036e-05,-0.0004013982372002012,0.004646269558077121,0.007315261549242225,-0.012070286080360204,0.006704254660675701,-0.03549852757619698
2021-09-15,-0.006002881353329603,-0.007389055090126551,-0.004700073593345344,-0.006214720586752209,-0.004640140684055827,0.008473996979569742,0.008230648031459342,0.005750892675953301,-0.00013753358462487153,-0.06577589103373593,-0.005164269888011219,-0.01839131411759176,0.0014512768569179268,0.02114335995829819
2021-09-16,-0.0046181609542368385,-0.0012408746194968456,-0.001111157510816807,-0.0039796686534718795,-0.004339102296300523,-0.0015511404489350067,0.001344827868280607,0.0019130792133954522,-0.0008286278713395268,0.0280528173993837,-0.006173730936814947,-0.014595064494011267,-0.007391962698990451,0.020705483124435098
2021-09-17,0.0028552558146752727,0.0006212622209957885,0.0011123935552708186,0.006849452293320901,-0.00011054977147395562,-0.009110872450405094,-0.009086478918501784,-0.015946333376742228,0.00290812873130486,0.11342958112931156,0.005827555223486547,0.010252622756135255,0.003328952708202104,0.029301303680342894
2021-09-20,0.0,0.0,0.0,0.0,0.0,-0.01697731100841482,-0.021940308438318068,-0.024754648301301918,0.0032137649227486076,0.2354637070774368,0.0,-0.032969265317437046,0.0,-0.04452553963304251
2021-09-21,0.0,0.0,0.0,0.0,0.0,-0.0008123585165593639,0.0022087957059100383,0.002951261641180203,-0.0005758707281434683,-0.05250869397877245,-0.021650450633214913,0.005078954449231565,0.0,0.01145911804433375
2021-09-22,-0.023487639529543358,-0.02172559787866657,-0.020555643104277932,-0.01814065465130743,-0.020314466347325588,0.009519611195260236,0.010202436849988672,0.02075265145021543,-0.001707175212354528,-0.14326763890289562,-0.006712884963750332,0.0,0.0,0.00906341745121364
2021-09-23,0.00583102283843373,0.007614212076420435,0.00935921632705794,0.006928469451946917,0.009004017992111812,0.012134715784494876,0.010431106514105393,0.013325724388347115,-0.0005303275156031129,-0.10733117337761822,0.0,0.011949752883297027,-0.004117143903512033,0.055389223694096046
2021-09-24,0.011956442807694145,0.010075382548122125,0.007867231784939976,0.006307221813120156,0.010655018058567611,0.001461009046688222,-0.0003016188282812804,-0.0011471124828766888,-0.000682211458426174,-0.04723559851896364,0.020560812574425658,-0.013007244361623038,-0.0007482103838019061,0.03546104447461973
2021-09-27,0.002506289266124506,0.0024938018576463605,0.0033454866505799874,0.0028490784715573536,0.0031042578223439143,-0.0027763826213396126,-0.0051656045602379574,-0.0024324361537017003,0.001517060419170324,0.056901421345455505,-0.0002892675725691962,0.0006869638972981651,0.0026877623382517424,0.016438307397965035
2021-09-28,-0.0071428616160192915,-0.006218833289879266,-0.0069463790787146484,-0.006250106113383835,-0.007643054153294249,-0.020364110556098214,-0.028275944894625926,-0.039117847603603706,-0.002625588217266994,0.23933900406917985,-0.0018551420982785283,0.012045684937226131,-0.011398875406113507,0.03369277130597004
2021-09-29,-0.021582684351412196,-0.016270300423386286,-0.017067731933934516,-0.019439584649829977,-0.01897271276451229,0.0015691842194003325,-0.0023537507216799813,-0.01577667561648477,0.003033913578156522,-0.029677442325058756,-0.021192443109919412,0.0066574193651249836,-0.012153284556484789,0.004563213366360674
2021-09-30,0.007720467005737142,-0.0006362799166468314,0.0014231898548591193,-0.0011662420702500675,0.00470521654934708,-0.011909714125195148,-0.004400386817909885,-0.000403317214848542,0.0026786537597112137,0.02570921708494045,-0.0031014083993072816,-0.0035623238794169065,0.002793887066682599,-0.007787128259060916
2021-10-01,-0.022619504182986305,-0.014003745857945504,-0.017907846161644536,-0.01868067019299058,-0.021487089362422607,0.01149147763018199,0.00817520590596521,0.0006502996898980484,0.000870062684014794,-0.0881589914428128,-0.023141877172862535,0.0,-0.01617564262908644,-0.032701157678879045
2021-10-04,-0.005972434434650342,-0.009683666519050393,-0.00463109342681145,-0.008328348537155694,-0.009808827980541945,-0.012985898136748442,-0.02136514944288126,-0.02575300325854457,-0.0029673035435864303,0.08815159570501252,-0.011337071716733704,-0.021943333750836902,0.0,0.0013522476593590405
2021-10-05,-0.0015018162969455684,-0.003911002254623153,-0.003780028990677309,-0.0017996564598202758,0.003193519876920403,0.010524514660609219,0.01251095042120598,0.01513785873787854,0.004622746792353416,-0.07229964780507026,-0.021893966568029333,0.0028199454586275152,-0.01888261417220194,0.032410600273931944
2021-10-06,0.00037595284030689236,-0.0006547158799706798,0.0002920914771060712,0.0,-0.004106121759336556,0.004102792854185466,0.004716702202846257,0.0038979610143594634,-0.0004052439552877374,-0.014084471727988102,-0.010540174834195337,-0.005711056146726512,-0.018182570447261015,-0.003270107971335534
2021-10-07,0.01766933949257332,0.018336529625178732,0.01721604246912034,0.0240383932999928,0.019562989423227872,0.008298280656405366,0.010488919967170274,0.011694067172448364,0.0028703642809331242,-0.06952376592726939,0.005424915789752349,0.03067784340489066,0.01758749972088003,0.030839848973411632
2021-10-08,-0.008496698833868277,-0.006430905248694385,-0.005163484618709413,-0.004107814764761852,-0.004393341229724235,-0.0019137230947889883,-0.00508252988394553,-0.010242224071845496,0.0006260929330723641,-0.039406367537669684,0.013394236949134442,0.00551051031818206,-0.0010677326779491292,0.021642291237479627
2021-10-11,0.0,0.0,0.0,0.0,0.0,-0.006865763848056816,-0.006402111692132784,-0.006695839375272072,0.0029139603243388823,0.06553007523916032,0.0160169965205208,0.01961684453516832,0.0,0.00560744151168957
2021-10-12,-0.010059511820537215,-0.009708625174879582,-0.010380638727929714,-0.01473211522380602,-0.010672190988157193,-0.0024167805585421087,-0.0013999719156209123,-0.012483272664838174,-0.0002495532860183891,-0.007499980926513716,-0.009389710616309555,-0.014313868271999874,-0.01350342162712792,-0.02106562619260066
2021-10-13,-0.0033873766237091374,-0.004574973221431411,-0.0046620587475932895,-0.011363533489439082,-0.006976293911928111,0.00302251448379387,0.00730819243666847,0.005768798121553065,0.0030560564493047337,-0.060957227635665134,-0.0031997211581622498,0.0,0.009611240792760878,-0.019620264099874496
2021-10-14,0.002643529563912672,0.0019696815369047993,0.0014637437848636914,0.0018150565305683486,0.002403296181165304,0.01706310194558336,0.017279458258460334,0.03103268622815003,-0.004593172827468184,-0.09549349987025113,0.014592974941460612,0.0,0.015021678974400654,-0.019367314983568473
2021-10-15,0.02636526718076526,0.02686769873758066,0.025723559763155324,0.026570024327633446,0.024037556760573286,0.007460210377712606,0.004986036147378581,0.006671643262343929,-0.00037861546088968634,-0.033214789621489715,0.01813255041224293,0.014756926106456403,0.00884019720182283,0.03752463449287324
2021-10-18,-0.0029356147317268766,-0.003829304887555174,-0.0028498991889939207,-0.007647076522806495,-0.004512702501603516,0.00337476955709759,0.008355164604418874,0.008058097224866723,0.0003966132769770425,0.0006135110030618396,-0.0014851033777215639,0.0031103858513066296,-0.002779422893829042,0.005076152498940001
2021-10-19,0.008096983615131226,0.007687491990453044,0.009145438401393147,0.0136336117855691,0.01168533960872642,0.007393339551406308,0.007141634497185745,0.012252836728579242,-0.001814297267368814,-0.037400348047283094,0.006547995711739141,0.014854964629718914,0.00743681001312102,0.032196969269365106
2021-10-20,-0.002555573594680949,-0.0012715295588562325,-0.00028313230575149895,0.0,-0.0007603017770537734,0.0036640298040166996,-0.0004897952438996933,-0.002071041862215184,-0.004397263985292166,-0.013375798770586256,0.001370204967848787,0.013526417982751227,-0.005252540753777679,0.0006116493797398981
2021-10-21,-0.0036602924601210063,-0.002545853512572971,-0.004249144415265693,-0.00467830331152419,0.00010003973832839463,0.002995871849622578,0.00621759683814882,0.010075467375295855,-0.0007295224928105526,-0.03098770492762115,-0.01869630509487985,-0.004533599090455365,-0.0019248439042017784,0.02444985387754084
2021-10-22,0.0029389142341056385,0.001276175712707328,0.0028447595921390345,0.004112794451587742,-4.5562675333954417e-05,-0.0010725536274130976,-0.008248059464175173,-0.011216393818467396,0.00044957070593443227,0.02798135042568428,0.003353336563076903,0.004204872391097458,-0.00038910461612995384,-0.012529849444215091
2021-10-25,-0.0007325434667078135,-0.0019121566423807579,-0.0011348676340310337,0.0011703364900654822,0.0003256607611741291,0.004748196569493546,0.009046252790430476,0.006862672484914345,0.0006650025718368813,-0.012313709027853004,-0.007097396997291061,0.00019518594170819803,0.0047835535612057445,-0.012084580829157865
2021-10-26,0.008431100429968863,0.008939937397869135,0.0065322518024961695,0.010520181788009175,0.00829274400217983,0.0018197952535197182,0.0005910666206350168,0.0007522589479020958,-0.0011064362481889578,0.04855641615694517,0.017678054496869322,-0.003587925168758832,0.009448654443712678,-0.009785952610552262
2021-10-27,0.0,0.0,0.0019752009432811857,0.0063618644050527084,0.002360580912958321,-0.005051568068462853,8.524894004491301e-06,-0.007175747834453072,-0.0003560047541382172,0.0625782245710913,-0.0002669390724652221,-0.015727976714562386,-0.007736788567760944,-0.055589818716462736
2021-10-28,-0.0029079971355371326,-0.002531462007739238,-0.0019713072154098343,-0.0022987466195233397,-0.001928011008708319,0.009829281576461124,0.013932955164567495,0.022548958717226508,-0.0012159936409591454,-0.026501700101433157,-0.00955901073001686,-0.0028487457813893835,-0.005268548716968358,0.025506810990207462
2021-10-29,-0.009843265903318188,-0.008248987518807982,-0.0059254666513510745,-0.006336512952302753,-0.0031816616362847494,0.001949334719149265,0.0032540872849680103,0.0044657119742483875,-0.001411970392591222,-0.01633396530841069,0.0025190625625597374,-0.006984352671635108,-0.012915590887958683,-0.007015253999802518
2021-11-01,0.005154558640270812,0.0038389948035890686,0.003973880896042115,0.005797179725052892,0.00475823432657041,0.0018000771431341267,0.0062929295010552,0.016307152647567102,0.0033689728389292295,0.009225068660444258,0.02611008664402492,-0.008784246033697651,0.0027805115178003437,0.011560697624688032
2021-11-02,-0.001831519241838997,-0.0006373855474602896,0.0011309492093487528,0.0017290471115323225,-0.00013296808685814288,0.0036803630854131963,0.0034419058169636862,0.012438544850819744,-0.0005608215380703552,-0.023156560895795986,-0.00425605783664007,-0.0021726045445100706,0.011598101844179975,-0.01650795054033216
2021-11-03,0.0025688961513339326,0.0031887382620832128,0.00395368026116083,0.0005753291963388474,0.0032924850336646383,0.006461279195357994,0.010350454503191608,0.011528463493912344,0.0020646575213145724,-0.05801623614093532,0.0,-0.0029848966981714797,-0.012536968571094098,0.019367314983568473
2021-11-04,-0.003294320978811327,-0.003178602530574004,-0.003094311892329893,0.0,-0.002528932147279006,0.004181942361150437,0.008141469198615692,0.0336432330607932,-0.002476811217840602,0.022516502670477445,0.009263563996403157,0.008009648572912864,0.002523770751924781,-0.034832139126527384
2021-11-05,0.014322445274111528,0.012755175120779727,0.011568839555657684,0.014951233563998079,0.012766720003805965,0.003732799652949259,0.0019623378893316445,0.01110419382786021,0.0030443315205987975,0.06735751231330078,-0.006135348168045285,-0.014060536122398104,-0.004676138973616184,-0.046587990102500476
2021-11-08,0.007965254438344616,0.008186323696319109,0.009762855539327653,0.006232326493472051,0.006845179653643285,0.0008877879113036169,0.0006743541449454327,0.013519575428545538,-0.0015785487615485039,0.044902899980162614,-0.0035296855299119523,-0.004291839426730726,-0.003054645855618987,0.030282196210949408
2021-11-09,0.01077583790692982,0.008744497782692262,0.010221206386857418,0.010698098952510948,0.007238381658370097,-0.003498775895770745,-0.005995379305199555,0.0,-0.001038380748334622,0.03252040624976815,-0.007509725231191422,0.0019932881406730107,0.0007634652398160746,-0.04342013288053448
2021-11-10,-0.0014213529460515018,-0.003096046990832879,-0.0010938383584440103,0.0016713244601180843,0.0010427364968685904,-0.008225823395229703,-0.01660714526110052,-0.029487522578263037,-0.0025142983222369297,0.05343075471894454,-0.0061013770965168135,0.007375520915203326,-0.010899738557911709,0.08938540370532766
2021-11-11,-0.008897067633139688,-0.008074354219819502,-0.0057487251056309585,-0.008342606403720088,-0.006100967672579394,0.0005509400447352153,0.005221265241686979,0.02114848458394536,0.0009988865953174386,-0.057127587879079234,0.00587767119062077,0.01007553978645448,-0.0017917049659156303,0.0
2021-11-12,0.0032318178607140258,0.004383036197769474,0.003028711099589021,0.0095344818387737,0.0037594186906662053,0.007222656026415475,0.009976877944862572,0.009776743630304674,0.0015382331008222394,-0.07757638412921752,0.011343429308516617,0.0031677954564917066,0.015002163520769551,0.01410261230356058
2021-11-15,0.008947515606847034,0.008728360773837318,0.008784070714511483,0.008888849259493403,0.006641110554767904,-1.0739820344718431e-05,-0.0004482926367641582,-0.0007449013638618496,-0.0007338040674534918,0.012277399898743102,0.0056342534005746625,0.0024849781240956492,0.010347605159616968,0.025916566459027512
2021-11-16,0.0017740067210720856,0.0036713728044019955,0.0010869704392499902,0.0022026873288389925,0.0033264483656776367,0.003865229864862485,0.007569817119782218,0.014983052189593948,-0.0010366346222370204,-0.007277072986680122,0.0010517704573125286,0.012715934113355365,-0.0007701427490759416,0.006777521755694904
2021-11-17,0.003186625969055168,0.0018856327499714443,0.0020007819735998744,0.003296733393338247,0.004007668495111361,-0.002601625374463401,-0.003273475409930282,-0.006966784396149395,0.0017367335924207694,0.04520462633970257,-0.00401867229310493,-0.002477240627080546,-0.011607474790193861,-0.018359836244075556
2021-11-18,0.005647839688476042,0.006273434420967616,0.007130474479730031,0.006024270301666634,0.004353181044745913,0.0033847802152713324,0.004530938030708143,0.016723595858716633,-0.0021581998868929197,0.028053741970408108,-0.003020376075011044,-0.012879467588163163,-0.005076943667385536,-0.00935161219047298
2021-11-19,0.0024570874435581036,0.003117215070931545,0.0011328869208562242,0.00435479964171126,-0.0012924228834824136,-0.001398665559303236,0.0039847207999677,0.0027785196812770696,0.0023683804502110384,0.01819213712611245,0.004973501624664367,-0.010653751009453538,0.008020729481328814,-0.033354294362773484
2021-11-22,-0.002451064962615157,-0.0018644321326879432,-0.0016973424877987364,-0.002710028058599878,-0.0008290058889780516,-0.0031971365563219223,-0.012622227368676908,-0.014486917404086808,-0.0004819405370708463,0.07035177217290145,0.0009493833998091006,-0.003937364260577558,0.014213966984784276,0.05794269913733152
2021-11-23,-0.009476915244331363,-0.008094686612615698,-0.00793444235774532,-0.013043596352859343,-0.0077186856721341845,0.001657132912945114,-0.005021843179240482,-0.004019653512466803,-0.0008454839627064503,0.010954568786483598,0.0,-0.012013774310403846,-0.005283306023396661,0.025846187884990934
2021-11-24,-0.004252219220498121,-0.005022005337132152,-0.004284238773596627,-0.0055066105409528054,-0.0013358683470401367,0.0022938506357221833,0.004443118848677985,0.010989003074263204,-0.0006518208123295066,-0.04127963218285824,-0.01583420054021345,0.0013759735387144367,-0.0010142490093723033,-0.013197404713021665
2021-11-25,-0.00035606242137420363,0.0,0.000573755495363093,0.0016612170625893707,0.0006614657194699003,0.0,0.0,0.0,0.0005873650129220032,0.0,0.0067099416768501285,0.002214261661704242,-0.0046822516684588145,0.0
2021-11-26,-0.016375841205265473,-0.014510777160665067,-0.014908430731396138,-0.016583682254492693,-0.016132081786093377,-0.022724822637582465,-0.0223139898909841,-0.027830070895813463,-0.00010804853762869104,0.540366036423789,-0.02534503127095733,-0.02666274675806246,-0.014706747320799352,-0.09908813950893014
2021-11-29,0.0,-0.003841281766797433,-0.0034922945761328705,0.002248352225467487,-0.002377791031457077,0.013200199537034996,0.01879526912792029,0.03843913851159475,0.0032127476153762657,-0.19776385705068866,-0.01626688279579902,-0.009479832716181913,-0.009235630078607171,0.032388649312893536
2021-11-30,-0.001085659671363759,0.001285218539770705,0.002920455703964153,0.0067302181694886,0.005751927810493829,-0.01896131033450521,-0.01553204635822969,-0.01752436828924342,-0.003888186544208083,0.1842335199588756,-0.01634003198731171,-0.015804824412539165,-0.02416717890836928,-0.05686275426445919
2021-12-01,0.016666631724141068,0.014120680873948022,0.012812960767149661,0.015598979831284332,0.00907922021406904,-0.011815187417889228,-0.018255005548189707,-0.007992626252133372,-0.006015391135506087,0.14453844163236207,0.004092457700705099,0.007823562255908856,0.02138420108723471,-0.006236967421331174
2021-12-02,0.010691350859129978,0.011392454942493524,0.008625734235611082,0.006582472593788635,0.007897799506820569,0.01419443613158311,0.008343391390618793,0.0014477498603928662,0.0009355301659201842,-0.10186375291794603,-0.006523929148753549,0.005495169097081032,0.015708430223722702,0.009762858309535716
2021-12-03,-0.0003526744520500058,-0.000625826447427813,0.0008552032661541809,-0.0005448455844183631,-0.0015650448990368604,-0.008448563730297565,-0.019234407705369105,-0.002529628465450906,0.0026879558407451043,0.09731660962818656,0.009951987107421179,-0.0009348984871180299,0.007829522740132377,-0.07251374529255017
2021-12-06,-0.002821834341383167,-0.0012524367028680095,-0.0011392749024125015,-0.0016358547020648428,-0.000504583632419453,0.011730872577451423,0.009259285033501596,-0.001277626023885703,-0.0007767573687550433,-0.11379197138690988,-0.003646191173662827,-0.017558549522559974,0.0016574712870569552,0.06775871721223181
2021-12-07,0.0031836168559571387,0.002507907592732783,0.002281148660242316,-0.001638392576535197,0.0061458439612189775,0.020707080374404274,0.03032939047579708,0.050461158827971975,7.234314124260344e-05,-0.1946284347362568,0.01891443716342045,0.02716471587383995,0.006212047659337472,0.03207810552665569
2021-12-08,0.0038786770206873378,0.0031268554770214063,0.0031293264269813825,0.006017321938037723,0.0019947271862681415,0.0030852853123166657,0.006379219948745574,-0.006506781200478762,0.0030152288191467314,-0.0909090829878787,0.01423338593492729,0.0005507493138638964,0.0033693254127094008,0.019594543436481482
2021-12-09,-0.0024587516555508726,0.0006235918935606488,0.0008509677756975975,-0.00271865751180711,0.004581499264145306,-0.007181080169894716,-0.017078626969719846,-0.022995995620522347,-0.004033519989395717,0.08442212750654599,-0.004682797581073372,0.010750995592931023,0.009251122353099772,-0.014579162357607478
2021-12-10,-0.00035223948679352635,-0.0031152724123089115,-0.003117237066486922,-0.0005454271984181025,-0.00490447642500913,0.009549073338481762,0.007296951180025157,0.009437485168986237,0.0019869610513112423,-0.13392026876115581,-0.010015542472684436,-0.010683989870586497,-0.006383773094608913,0.001344972606715178
2021-12-13,-0.003170037148573668,-0.0037500518382620474,-0.003126593199413552,-0.0021820451540687236,-0.003290659791860384,-0.009136167611567658,-0.01390345484936839,-0.026637729870625293,-0.0017915667600949536,0.08667730795045947,0.007128572545122891,-0.001714498410320342,-0.0028469812655445015,-0.04365341815633583
2021-12-14,-0.009894024766940568,-0.008782915198897068,-0.006273322418617,-0.010388164991524396,-0.009468384725488388,-0.0074706775774360246,-0.0113954084973521,-0.004810478624602599,0.003976679770889113,0.07779418834331042,-0.0072571945408089755,-0.013301458774723773,-0.004567459785231098,0.009831417641199769
2021-12-15,0.0014276904869154894,0.0,-0.001434701899949431,0.0011048140913287874,0.0034507185038703536,0.016348464630746795,0.021521734156584316,0.03671167970020339,0.0013804370735586158,-0.11877563027025972,0.0009524292337865781,-0.009104328797351346,0.0004819161732227961,0.017385324059436158
2021-12-16,0.012473076028022723,0.012025303131799614,0.010919492852785595,0.013797131690440168,0.007114378048768355,-0.008743415379980468,-0.024743722282876468,-0.04362630350618035,-0.0016016422960428711,0.0663555582450257,0.021314320534016717,0.002337252716085869,0.005693475974313689,-0.02802461170610726
2021-12-17,-0.001055729429107477,0.0,-0.0008525767630591652,-0.0032663661037801717,0.0015096143888970737,-0.010287680637092622,-0.0007081485979841817,-0.0023601671839388327,0.0006488768386792021,0.04861448783840361,-0.017912161546506433,-0.012049547001128813,0.0037653110155668745,-0.014064767528061295
2021-12-20,-0.00880928797921876,-0.008755558030413835,-0.008535001471687065,-0.008738355048151902,-0.008055003231343338,-0.01138805785140995,-0.012441874957189958,-0.007834105833700145,0.002503808657290607,0.06026894588789067,-0.021294610858090146,-0.01930662748396228,-0.018136142339762462,0.01212559183758155
2021-12-21,0.00853202313745749,0.0075710835661362275,0.007747759043837732,0.011570352744170842,0.006800577986121548,0.017777934551572505,0.02404050772065003,0.036078919396842934,-0.00042407306586322857,-0.08132927599900819,0.020752495830058892,0.009957006081731334,0.004060084136643605,0.047921041279261
2021-12-22,0.0,0.001252329894348314,0.00028465590942672314,0.003812551855438606,0.0021114159189628,0.010180197220578835,0.011785329890441787,0.01039392424311436,-0.0030630283447893314,-0.11327944037066295,0.0015646867072036663,0.005702760769814796,0.0031764221129924053,-0.020174829603667233
2021-12-23,0.005639566064181256,0.005628382528609643,0.0048391452770562005,0.0059685599203058715,0.006721894896616565,0.006223699921661829,0.008470648337796538,0.009670740123514543,-0.0006923632525830392,-0.035963505446898525,0.008268204574280347,0.003952438847779183,0.004587044140299312,0.024708313608300614
2021-12-24,0.0028042771634042563,0.0006219346144429316,0.0014164772839939666,0.003236134346730868,0.0008347218156232739,0.0,0.0,0.0,-0.0031142829512521564,0.0,-0.0005479232798895062,0.0012985947791455121,0.004756238017592729,0.0
2021-12-27,0.007689445965434194,0.00745815257854443,0.005940633784464744,0.010752762852446418,0.004860292550530776,0.01383893524747526,0.013919663740542099,0.027403091884144137,0.0019764833964968087,-0.015590133272275541,-0.003687260487195032,0.0,-0.004275579218363856,-0.00803756441932546
2021-12-28,0.007977998724211233,0.00801957140772136,0.007592676195052439,0.008510599606609492,0.008192785738687647,-0.0010101548486260992,-0.005641646623189445,-0.011032308433675642,0.00015897270692888377,-0.007918517377369816,0.013694131211166027,0.002445804719960698,0.006897681675400946,0.0
2021-12-29,0.004473424256413949,0.0036720221164798783,0.003907430728663508,0.0031646545328412046,0.0028284489673295887,0.0014018951394270118,-0.000982148984303155,0.0015286164932937218,-0.005371417516269572,-0.03363740717171748,-0.005582524434924574,-0.008334055530335727,-0.008923115798418313,0.04186363165117024
2021-12-30,-0.0030831566237558006,-0.0018290858346319272,-0.003058306703761282,-0.0015773012417602539,-0.0016132728267722607,-0.0029897555945093135,-0.001564113444927684,-0.01131437515694056,0.0029925320044581483,0.02241882853465449,-0.003984169804942761,0.0011032707438756173,-0.005225065568202791,-0.018146466267324524
2021-12-31,0.0,0.0,0.0,0.0,0.0,-0.0026261799136575448,-0.00613597676383737,-0.0030151339111105235,0.0014954966241516043,-0.006347409742402221,0.0,0.012359814622217247,0.0,-0.001980211887235739
2022-01-03,0.006185444011430841,0.006108750259063989,0.0039042902649253364,-0.001053309890105103,0.0028360709198904654,0.006374052530970564,0.012005780861697346,0.01987766915507372,0.0015691196372695781,-0.03600458516882421,0.0,-0.00525351123788953,0.0,0.07671961572348485
2022-01-04,0.02185789077234901,0.0212507064495413,0.016944275080319482,0.015287481093309463,0.014002884814486638,-0.000629621957060511,-0.013268662568625578,-0.0030733504536154532,-0.002794019421395566,0.018674666193889244,0.017716144973366044,0.000648335374171527,0.003892360845209497,0.024570000821577453
2022-01-05,-0.0020053666325698938,0.004756173112126394,-0.0013655414641778885,0.003115157156900805,-0.0014243859384822644,-0.019392757790687165,-0.033448068827544475,-0.03396827327306273,-0.003953035838036634,0.16676521113368237,0.0010364928122723605,-0.016427328239127847,-0.01179899226775849,0.02218229044500375
2022-01-06,-0.009377064860429773,-0.012425905367797752,-0.006564603894343324,-0.01604551376563801,-0.007137367266400463,-0.0009637690162076495,-0.0012787651008169254,0.007772301672931636,0.0029401680820926313,-0.0060820544687738565,-0.02878379945859877,0.007229561601676426,-0.01132033898038931,0.016422285298656414
2022-01-07,-0.008789746874117155,-0.008987541309576907,-0.008810559325688194,-0.009468786043091981,-0.01078838306639196,-0.004050216740091761,-0.009612181106264384,-0.029004791709589695,0.0008552395448278016,-0.04334525012819401,-0.00032675640652690685,0.018225807106970304,0.011764940930780954,0.021927286049596928
2022-01-10,0.006480160291493897,0.0024184476476365457,0.003333264482672682,0.0,0.0038317013900048824,-0.0014410312534549607,0.0004639618180870553,0.00036459028541124816,0.001375818452457933,0.03411510564179698,0.0,0.010775724645181395,-0.009533323710556929,0.005081842796538227
2022-01-11,0.005083130751247555,0.004825122860543374,0.007752053733509401,-0.0042484858341880205,0.002677178490952059,0.009159984668711818,0.014095062052256635,0.018813806195975946,-0.0021368538113663016,-0.05103091704045948,-0.008992030257410577,-0.00031493076129185393,0.00022547839081998866,-0.01910107889766499
2022-01-12,0.008428762789435051,0.010804163542221579,0.0057690167628021705,0.0026666675945743457,0.004767522281045933,0.002817754443029452,0.0023057094374328013,0.0073412191632147294,0.0010181915789688745,-0.04291140764402346,0.019246348247151657,0.02793326103577809,0.015406301696969882,-0.012027506894133788
2022-01-13,0.005015034433513366,0.0047507275950704475,0.005189910126145447,0.004255195691318603,0.0033484602004314468,-0.0142436152864307,-0.025123142542254673,-0.023339824224815287,-0.0010279950885446754,0.15266733817170586,-0.00961317401974926,0.0011310309477952085,-0.0034953616664851195,-0.008115975640946904
2022-01-14,0.0,0.0,0.002445695439447837,-0.0052964053170703185,-0.0018224080660121933,0.0008199802697488323,0.005871651774452147,0.023935792519683696,-0.0011812339167283081,-0.05514519750543956,-0.012806693342136022,-0.001901336755984695,-0.01356142616318301,0.035651660276788455
2022-01-17,0.0113107034487554,0.01004708405014565,0.009487667568811364,0.014909357037408366,0.006635178224898786,0.0,0.0,0.0,-0.0010157396047735245,0.0,0.007439843423765469,-0.006778855935393846,-0.01089003979216896,0.0
2022-01-18,-0.011184202253752273,-0.011702581364879339,-0.010472610013926076,-0.00270702389897981,-0.007924175213033124,-0.018387945694007368,-0.025973956147712918,-0.04469703582751572,-0.004150620006049377,0.18759772179685963,-0.0026918481188289434,-0.004345935778250154,-0.008947824140363325,0.0524831019818679
2022-01-19,-0.011975812477753367,-0.011841254416952163,-0.010854925329259357,-0.011943620203504035,-0.008225836207622184,-0.009689541868338813,-0.011486990364095284,-0.02941852859210392,0.0033729503376602743,0.04651160260463971,-0.02795811804935011,0.0006249927606625238,-0.007666941671219063,-0.020375328368857692
2022-01-20,0.004040441730402078,0.003595016523830763,0.0013717874566228083,-0.0016484071152882418,-0.0005037257057625144,-0.01103737849414832,-0.012987228782384785,-0.0313584354254377,0.0011411707123594184,0.07295596407914773,0.011129597470622254,0.03417212944164061,0.007177302072096214,0.0032840299290348707
2022-01-21,-0.022275773971215607,-0.02089577499900197,-0.018904130002637687,-0.018161721410734577,-0.017508707075300722,-0.018914821867908604,-0.02720779129382689,-0.01664446168392253,0.0024720838148857283,0.12739352127562054,-0.00902569245288587,0.0005290552625969447,-0.00991724302264363,-0.046917604071403884
2022-01-24,0.009463678002559872,0.010975763104574154,0.007539927043797245,0.011771270928832234,0.005013507641818293,0.002771738943381896,0.0062611999653316985,0.01142541086755644,0.00273396976775353,0.03639512038741466,0.0024020329567040477,-0.012380653904184524,-0.014920857950193489,-0.0068688980298600155
2022-01-25,-0.016319189872597173,-0.015078444639891497,-0.010254893746459381,-0.013296496036368732,-0.016005297496696103,-0.012171906253646725,-0.02279587751406098,-0.03731925147796877,-0.0009858684610533075,0.04214047641997154,-0.01656601354525178,-0.016744153329486755,-0.025648319277175813,0.027665693181400552
2022-01-26,-0.0007061436435110702,-0.0030618569687772546,-0.0016804238367352786,-0.006737660154236491,-0.0015094384591016752,-0.0014966358477518371,0.00020902706987113717,0.015362994057123602,0.0012326381455518565,0.025673916591080648,-0.0044232893147237995,0.001909411049690224,-0.004098641291885974,0.0364554444748133
2022-01-27,0.0,0.0,0.0,0.0,0.0,-0.00538408875771057,-0.013981551050466057,-0.044514286033278005,-0.0012094978497395603,-0.04599497357522364,-0.031136167469076326,-0.01988070691353605,-0.034972907657325414,-0.022186151235299767
2022-01-28,0.0,0.0,0.0,0.0,0.0,0.024347646888076113,0.03128861783890824,0.019172965875919434,0.003325596475219461,-0.09281731534766324,0.02090304834753498,-0.010791780647498639,0.01868436973892207,-0.013835138240221534
2022-01-31,0.0,0.0,0.0,0.0,0.0,0.018885951732779516,0.03408061973195786,0.053710862993429975,0.0025399246859625357,-0.10231380836290327,0.010653778657031543,0.010708230573459598,0.0,0.0
2022-02-01,0.0,0.0,0.0,0.0,0.0,0.00686300355780145,0.007452318282233916,0.008321517941096923,-0.0020340162921449467,-0.11558601885025821,0.00283312552160897,0.0,0.0,0.010101014155334154
2022-02-02,0.0,0.0,0.0,0.0,0.0,0.00942251544733641,0.004987439334134924,0.02525559108252029,-0.001011834938484557,0.0059199031664420865,0.016807410635550024,0.0,0.0,-0.018888844884470957
2022-02-03,0.0,0.0,0.0,0.0,0.0,-0.024391082077444004,-0.03736623070394007,-0.043516995489448984,0.00030636052156918225,0.10230874663969036,-0.01061572284941914,0.0,0.0167008264062809,0.034541329778925434
2022-02-04,0.0,0.0,0.0,0.0,0.0,0.0051569298644233985,0.01579308962791215,0.005737628251586857,-0.0002486011289392076,-0.04640661397998014,0.007293323394192974,0.032393113278618824,0.015673102471673417,0.056376532225950626
2022-02-07,0.005298456053422385,0.0067567107408419425,0.00869572046898548,-0.0011305964326848716,0.012781219483113171,-0.0037017126347429485,-0.0058405296292791675,-0.00056665023178748,0.002022027810925975,-0.015503820570566651,-0.0069650569157483355,0.00025481809675831357,-0.0018907125702337657,-0.0072538545830691525
2022-02-08,0.004216364014106411,0.003050648381162313,0.0011124092409999786,0.006791256766782938,0.003701600684520523,0.008401207191663262,0.012755742282319904,0.02528611310927298,0.0009352869523764351,-0.062117237024522876,0.0013083255103547575,-0.010173519813297505,0.000513617946158007,0.019832978826725522
2022-02-09,0.003498994176508008,0.004258105080986008,0.00638876755022455,0.00899378678554319,0.010307995137233572,0.014517207887505545,0.020847579004696026,0.0328079375651924,-0.000747489279132485,-0.06902991663801339,0.010824805217358735,0.02057174216058355,0.00814868802202695,-0.012794255991273484
2022-02-10,0.011506222456266535,0.012719531610795531,0.009108635003973964,0.009470553510317892,0.01026297273820198,-0.01811572566845976,-0.021029860954935087,-0.031171418270866447,-0.00088112628861714,0.19789583888369267,0.004213614535568011,0.0038002179666332125,0.0011123151762466588,0.052877075077441216
2022-02-11,-0.000689295968215986,-0.001794283023356713,-0.001094090186703478,-0.0033110909824271006,-0.0014784192959439446,-0.01896945434456343,-0.027809056735481952,-0.05088962282289433,0.001645029539128151,0.14429112442310887,0.0,-0.0007097257662581624,-0.008737584030051537,-0.03741992111173731
2022-02-14,-0.015522579685941507,-0.013780658206072882,-0.012869844480214665,-0.0227021435634982,-0.017108326530812512,-0.0038405967262932217,-1.6711350646736456e-05,0.00094798316708955,0.0028605704772510787,0.03545319048668061,-0.02225911510350942,-0.014056073417862525,-0.01573309449808169,0.020971870937623427
2022-02-15,-0.0045546882735850724,-0.0036454577325145676,-0.004160579499192352,-0.0011331587231048212,-0.002548072900495857,0.01576672117072042,0.025294892996708285,0.055182553125616485,-0.0015839209130393828,-0.09283442173841527,-0.007917416469824579,-0.008179455536498792,-0.010330984739405413,0.024549109985617212
2022-02-16,0.016543024304735088,0.01585384537058543,0.015041597427120967,0.01588207575250089,0.015578381663496454,0.0008812077558950637,-0.0011082169806798658,0.0003263135912321413,-0.0014751218320701032,-0.05486380566359328,0.02215547143408525,0.014911880587554771,0.01985395017544289,0.0009779241891902934
2022-02-17,0.0006926363922734602,-0.0006002825003368351,0.0002742815885004024,-0.0005585307936079031,0.0020349213719024206,-0.021173138152195015,-0.02884222075150311,-0.037552227485950884,-0.00035581921065863664,0.15726634626770597,-0.008285795063559198,0.0029883667743171305,0.005279064436444436,-0.036638950166205775
2022-02-18,-0.002768034198183167,-0.0036036534423772304,-0.001645993835362125,-0.0016756810787766918,-0.0019826785843343186,-0.0071661613961429005,-0.012295170961021396,-0.011169071124364272,0.0009312888004138209,-0.012806851744392778,-0.0040685697695992395,-0.018757831518734447,0.0001566754832584838,-0.020283956285494176
2022-02-21,-0.0020819369509307295,-0.0018081377302082702,-0.0002748476670364486,-0.0011193495983743418,-0.0005956102879036695,0.0,0.0,0.0,0.0011962768307509641,0.0,-0.007787059374212313,-0.0064798790730863365,-0.00026233027924782437,0.0
2022-02-22,-0.013560614146459926,-0.012681333144768936,-0.01264426057069723,-0.012885138981028943,-0.013840864201064118,-0.010142945264832837,-0.012293321292873194,-0.006087097240471184,-0.0020667391326812945,0.03819817895287869,-0.017140277529300474,-0.02689567320637065,-0.013488595782127799,0.008281528403741412
2022-02-23,0.002819866852254771,0.0012233281138973595,0.003619068490630095,0.0051077167471307305,0.004810507858677315,-0.018412122845487655,-0.025709284814148692,-0.023828441764726316,0.0008988658941737615,0.07670951172469942,0.0,0.005964255819515207,0.004706678408934684,0.0148870865248949
2022-02-24,-0.024253082100446965,-0.023824084330887785,-0.024133258228912435,-0.02653855095212143,-0.025542012177141693,0.014956856067329216,0.03344965952305512,0.03658224706361701,0.0012680530722726235,-0.02256611065794678,-0.01810193321616871,-0.03206719331078267,-0.026008163067438916,-0.004046543358716015
2022-02-25,-0.002161311322039894,-0.000625826447427813,-0.0005682757810856476,-0.0005800903515109646,0.0032753837802674823,0.022372677655603468,0.01640470550170625,0.01666516407128693,0.006978153222107819,-0.09003956364492816,0.019471071048788202,-0.0058677599327761065,0.010555708404592412,0.008633804013266522
2022-02-28,0.0,0.0,0.0,0.0,0.0,-0.002442603440647617,0.004146173676350395,-0.006078610962237607,-0.0037196669370429536,0.09278722188416721,0.0019005651237891108,-0.002378869802645567,0.008375768389099258,-0.07401810648703244
2022-03-01,0.01407941717222716,0.011897294209087805,0.012798599279352674,0.01741156395037957,0.013939939251482292,-0.015473503680411893,-0.015921318808865603,-0.036253918763383686,0.00045775877592668657,0.10514096571814391,0.011984112188342388,0.0021437663179484368,0.0,-0.07177812422009966
2022-03-02,-0.00569588899347806,-0.004331778400914144,-0.005335652631219379,-0.0062749275485779465,-0.0017124797466232522,0.018642691757321028,0.01622466062683925,0.03179659825001391,0.002545122402115574,-0.07743097080840666,-0.01682607955751314,-0.01835499171271382,0.0016079283339911488,0.09256004146555763
2022-03-03,0.002148217286207066,0.0012432021163377716,0.001976427619550636,0.0017221436460157502,0.0037386544757220808,-0.005254666430088317,-0.015567102786323672,-0.020975703719052552,-0.0027204410374684906,-0.008458042642086161,0.006980639937258504,0.005523646804434179,0.016112349188855957,-0.011260068390976263
2022-03-04,-0.010718184309834178,-0.010552561848399256,-0.009016739886641867,-0.01318071674531307,-0.01103359215055999,-0.007934042550334475,-0.016583024660655976,-0.02653765825359866,0.0028601534116379224,0.04921259916429599,-0.02226710412930688,-0.02501634751416071,-0.012249423215701327,-0.0650759251342381
2022-03-07,-0.03214153792500585,-0.015683853576274998,-0.02900204705285081,-0.027293640364146277,-0.03145093247534603,-0.029518158313449172,-0.03624010422385804,-0.050160119170626793,0.002691523452047706,0.1397748994586303,-0.029403375278598043,-0.038696508441704136,-0.022893487066870888,0.01566129348995582
2022-03-08,-0.02126868263662829,-0.0325045801463647,-0.02371883818237186,-0.03164192215163286,-0.02057429666502908,-0.00723375351819977,-0.0027597433362587243,0.019165159185560166,0.005329603901337077,-0.036213982639098585,-0.017067282710730214,-0.013855391458726496,-0.010904102353586631,0.06910332898910454
2022-03-09,0.01029363867155153,0.0052701270174662085,0.013197341904353621,0.01233053399259787,0.011299052020029343,0.02569824789143582,0.03594999879032046,0.04190780718527343,0.0009725650712339995,-0.07628807923971881,-0.0029615615451896726,-0.006653138483605159,0.0,0.040598277807827765
2022-03-10,0.0290564626698242,0.02883334989510189,0.02397863523079402,0.029232548006660197,0.024556627605756942,-0.004291813651667864,-0.009474510344760545,-0.020519403818459958,-0.0012507469270610638,-0.0684129789987108,0.039359560660984005,0.012727967195220957,0.022086702323264706,0.0323408445794775
2022-03-11,-0.014301488495177539,-0.012101897610660495,-0.010696503152786252,-0.013017616801130338,-0.009663113594997386,-0.012961545123475138,-0.021793698646173865,-0.021467307869405428,0.0011567703893768932,0.01720147091094537,-0.020537674996398247,-0.016106583015241593,-0.007103643810029925,-0.003480840262509388
2022-03-14,0.0,-0.003223734640438014,0.0,-0.010791350272336575,-9.85344610985317e-05,-0.007421002465963666,-0.02044485651336314,-0.032366583564289564,0.00389743246888985,0.03317074659394059,0.0057652738113080915,-0.049729463659566986,-0.005873161328781573,0.06786435124625467
2022-03-15,-0.020461278010731276,-0.018758088022174935,-0.018118198725692758,-0.023636314032595362,-0.019520231310662384,0.021408574170870942,0.02920228710808659,0.045962919473442554,0.0035197769856842864,-0.06106391268822087,0.0015264378432489067,-0.05716769947831091,-0.009116804542244061,0.009345785021542818
2022-03-16,0.00417785475011212,0.0032960995742754573,0.004166626537929652,0.0024827252758639062,0.0008725911861828806,0.02238376135718223,0.03768198333754036,0.05149459677272339,0.00027709438903933403,-0.10593361902427767,0.01639396433707274,0.09081795543542825,0.014380896175347768,0.012962905933829871
2022-03-17,0.03176995771256674,0.032851477150365405,0.028749269966592328,0.03900950715412832,0.02995075345541487,0.01234781757145198,0.013264600759922862,0.006164451930683379,-0.004905526087041756,-0.03749531297860276,0.03458118630805451,0.07037861698817682,0.01326700945611936,0.0018281300584266358
2022-03-18,-0.0021994031143995896,-0.003816846490093062,-0.0017284407416116032,-0.0029798125106158535,0.00047562604039708134,0.011662294827948783,0.02049681043012841,0.019520783151939503,-0.007082709597816872,-0.07012073360774285,0.0065485978596364625,-0.004131395096392598,0.0046427772471748785,-0.020072952607561922
2022-03-21,0.006612753453739684,0.006385711760259927,0.003751582588168656,0.005977285498824481,0.00594848495223288,-0.00043466036210393355,-0.003985930702764762,-0.0019821571850647812,0.006317034814020683,-0.014243826587096553,0.0,-0.008922892501050605,-0.007746514821399875,0.07774676683650839
2022-03-22,-0.0014598471581606098,-0.0012690169907575433,0.0,-0.0017826661915294473,-3.6926208977439146e-05,0.0113041136006502,0.019536881439528697,0.005535810967146615,0.001904321675453291,-0.025074378893781613,0.014786347112665466,0.031474895461028884,0.00891642029616091,0.025053929972294053
2022-03-23,0.009502941993039693,0.010800404434036182,0.010063389601634887,0.008928721961699582,0.009775685017594071,-0.012272698789159042,-0.013198885448984954,-0.02519405048376966,0.002020406549248399,0.02746290959458708,0.02997529763083384,0.012097281854674957,0.009243560453182642,-0.02191310973695282
2022-03-24,-0.0007241716661452458,-0.001257159974196398,-0.00028457490349864667,0.0,-0.0018221150038536527,0.01434391292056647,0.0193383593530696,0.05048131134723621,0.0032423198586866153,-0.08061093097712246,0.0025046386453804192,-0.009394696536305647,-0.001970763467768921,0.008616966855607311
2022-03-25,0.001449330773240609,0.0025173774832816243,0.0,0.001769821719779685,-0.0012492938857652236,0.005066170567449069,-0.0015882393904287362,-0.0022614700411663913,0.003214343626089411,-0.03968623014876527,0.0014033678605276378,-0.024654589053397014,0.00011725576433718743,0.06450235699315998
2022-03-28,-0.010853783813782769,-0.011299378162644813,-0.008542291202995322,-0.01177841337624319,-0.008878197882615013,0.007144955276586762,0.013098783178834283,0.007768050712912533,0.000610785588096352,-0.056703524048953846,-0.00731617728175904,0.01308532598663481,-0.00015381866460717486,-0.006019303484833705
2022-03-29,0.0010972881092981002,0.0012699310732617874,0.0008614572429175293,-0.0029798125106158535,0.0016352953570386575,0.012256547427530462,0.018442430849983316,0.022920009833507837,0.004000848124449341,-0.03718795585561396,0.011041028646131767,0.011190245980596591,0.0042168003335874005,-0.031085951871017925
2022-03-30,0.012422363752900178,0.0114139100762356,0.010617031135125465,0.008965777085283566,0.010935330043225777,-0.0062937001746978805,-0.012132317995023678,-0.03198083420775999,-0.005398931505235405,0.02275133935739304,-0.007969933991412104,0.013881957401241873,0.0020685067267884882,-0.017500022351740863
2022-03-31,-0.0032479713724262727,-0.0018806900740180321,-0.002555281236022666,-0.004146859565527405,-0.0026543605330607845,-0.015652540713177343,-0.015354234978109282,-0.022754752058239625,-0.003587334239694262,0.06363163720077791,-0.007343578570855103,-0.010578417487649538,0.003971949346557535,-0.013146792537114371
2022-04-01,-0.00832719761903633,-0.008165977141692649,-0.0056931313051862276,-0.010112967325687228,-0.0038364920322281337,0.0034102225843584133,0.0028817842175135056,-0.01937501687832499,0.003158542970105538,-0.04523347905316466,-0.005587391463920399,0.0019412403427443436,-0.006454700675517899,0.021486975859477564
2022-04-04,0.0,0.0,0.0,0.0,0.0,0.008090938687879357,0.019005700991305163,0.016245903080662982,0.0018276505532142107,-0.05399895625369899,0.00254790299062857,0.02099678755787937,0.006587880374528732,0.014724377802258326
2022-04-05,0.0,0.0,0.0,0.0,0.0,-0.012551720801807331,-0.02259616428127298,-0.04602985788868641,-0.00277313382152089,0.13247178418139316,0.0018571131913764916,0.0,0.00047139086774694583,0.05970151614252961
2022-04-06,-0.005111517788451536,-0.005066424169673622,-0.005153254322286194,-0.013822098716075981,-0.00584887340871354,-0.009716916613271898,-0.022201199444210284,-0.02487002859029086,0.002263185631593334,0.05087967950013872,-0.015750683573144464,-0.01874434248635748,-0.008759757285706882,0.02073551385593464
2022-04-07,-0.017981504622962774,-0.015913469984436657,-0.016115151341036027,-0.0182814563397512,-0.019624433763732352,0.004253385628492534,0.000610526451974458,0.00218814390889821,0.0025198154052490374,-0.02488692918169999,-0.016882098388714573,-0.012297675429044919,-0.014321569216945607,0.016481404127355548
2022-04-08,0.005605225970089611,0.0006467659440989593,0.004972257683156345,-0.0043451420614759595,0.0061651131566868855,-0.002651026482054286,-0.013405467774730062,-0.024811745070739022,0.0025517279341435994,-0.018097420113952323,0.0036160520109467242,0.002890061594823967,0.0016802745601596225,0.023001549720793157
2022-04-11,-0.015607635701875289,-0.012928060772139816,-0.01426079842730854,-0.021820602414995394,-0.013663651719089676,-0.01687729010355421,-0.02181022821548395,-0.0205454741756651,0.003205020156220151,0.15170137121782057,-0.006087692239770237,-0.030345130213781935,-0.002699534219821609,0.024695875710191606
2022-04-12,0.0007551279620618967,-0.0006548133753954133,0.0,0.0006373969639628108,-0.0033703507884563777,-0.003417447717741773,-0.0030114650323394,-0.003048031031464782,0.0048457784786037905,-0.0045137712992801005,-0.01813987689747143,0.005225787736044429,-0.009780582576023877,-0.019784196878860683
2022-04-13,0.01886091230083231,0.01834835312492622,0.01623875713459233,0.021656161967251064,0.018288616178733452,0.011174577597236057,0.020343125369180592,0.021518461563855507,0.00024112050736491142,-0.10057710268084685,0.01930928964342371,0.0025910193813416527,0.018648089924342637,-0.013944906320306094
2022-04-14,-0.0037025051735843917,-0.0025739652796780144,-0.002615004802743459,-0.0006234885782315791,-0.00323668544535749,-0.01214413784439794,-0.0214393549626527,-0.02765833021418218,-0.005899197170308623,0.04033002201755176,0.0122379676695068,0.006723517150588387,8.097607718626776e-05,0.05247489040686881
2022-04-15,-0.017093937527246528,-0.017419156824683868,-0.015438221276670272,-0.0218341369171835,-0.014001832210182474,0.0,0.0,0.0,0.0034469010597268923,0.0,-0.0029004323154350198,0.0,-0.007601069912013703,0.0
2022-04-18,-0.005293045476805203,-0.006566003477094573,-0.004437812268142549,-0.0019133296968832925,-0.006193215362950699,-0.0002048682840329885,-0.0014021132712079831,0.01731239817935326,0.004998936235429685,-0.023348047085126056,-0.010832187776664615,0.0,-0.0010571343346619244,0.012022602215640221
2022-04-19,0.003420671286604504,0.004626445292061687,0.003565979903791927,0.003194968976247603,0.0055939394058472924,0.016057604355527166,0.021549057864598486,0.021910610812316822,0.003538203450695221,-0.03608476474097866,0.006917197975841116,-0.022786434046151438,0.009535064853126274,0.017819747889429083
2022-04-20,0.004924414683461054,0.00460536430284364,0.004145787536526946,0.007643247054309521,0.009149461860251229,-0.0006184750715809706,-0.012231571260869711,-0.0022207010990844545,0.0013589222115946153,-0.04913435204370564,0.00862549530028378,-0.003951435848426943,-7.354147456317683e-05,-0.02506014073652596
2022-04-21,0.0007538599427050485,0.0,0.0017692853764184058,0.005056873945985085,-0.0012205834769419832,-0.014752948498371943,-0.020695641619913663,-0.026680400411749017,-0.0030833851240669174,0.1161417640647251,0.012315849426419723,-0.012530597031557567,0.0035016937335361487,0.027112726574261448
2022-04-22,-0.008662858758900938,-0.005239177231797121,-0.006476259760854197,-0.011949558291494244,-0.006005352636578309,-0.027740054250753654,-0.025454971602217213,-0.022244100790830168,0.004303314967822658,0.2438271033900683,-0.016252306363141567,-0.002112982570986577,-0.008613706546223732,-0.0037710511463829866
2022-04-25,-0.01785718709438522,-0.01974977280299406,-0.018074166957936177,-0.02418855678697962,-0.023740811756913005,0.005697936985382235,0.012894760520932191,0.01690410652168728,0.0007511784906242269,-0.042183575516809735,-0.018980835203153634,-0.037269130973049625,-0.01759156390599015,-0.02752922453164819
2022-04-26,0.0,-0.0006714100297958714,-0.0003018016826378256,-0.0013044829921070589,0.0014372670140345711,-0.028146308431003852,-0.039532127663313155,-0.04433633767108458,-0.004001911578310646,0.2405625421864992,0.004111578562793428,0.0032900486007119145,0.004207613580942571,-0.019108245326139528
2022-04-27,-0.020889781468222846,-0.021505516861352825,-0.019015990204209188,-0.014369707630526585,-0.020513294091196843,0.0020980468517017847,-0.00014495112707713087,-0.005463936594724994,0.0036651209235754045,-0.05727923777069188,-0.011740720280289163,0.0005843293909062464,-0.01096199443006829,0.016594517525356345
2022-04-28,0.004346087633039009,0.006181169586190194,0.00492314110765979,0.009277615963495967,0.007117019065411956,0.02474690007293945,0.03063517815465322,0.055115933758546065,0.002525581784408981,-0.050949385788478296,0.0174811833200037,0.016534874393588472,0.010772749012682326,0.01596871420390067
2022-04-29,0.012981977672936962,0.013651912102513375,0.011328950070122579,0.011162195771777572,0.010524076979817165,-0.036284507106413955,-0.04171148368488564,-0.04273043795631992,0.002655316089686943,0.11370462756871169,0.0,0.04010721483684421,0.010331832057344892,0.008382874100663074
2022-05-02,0.0,0.0,0.0,0.0,0.0,0.005675242812353654,0.016326369359157544,0.0333845037951459,-0.0006349043113590414,-0.031736566612720285,-0.0010939810310178766,0.0,-0.0028200209712448965,0.037755443161243685
2022-05-03,-0.0073786053761495385,-0.010100920762252108,-0.007266180461975469,-0.004545552702998612,-0.005621883238479675,0.004837126381486367,0.002212842306591023,0.008282202488432588,0.0017191021218201374,-0.09554731410044925,0.0,0.000592715087043949,-0.0026009750363265027,-0.012016025611693681
2022-05-04,0.0,0.0020408445067481296,0.00182971858575387,0.0019570131818356096,0.004056615041935219,0.02986242108440229,0.0319252033961146,0.03879393995454783,-0.002119750644664742,-0.13094016833183098,0.0,-0.011011861348324103,-0.0010781330891860286,-0.014527021040439347
2022-05-05,0.01134579805644842,0.010183439716735077,0.008219184781450561,0.013671923718376,0.007864928101130708,-0.035649708609806985,-0.04991723044645091,-0.04843357695839978,-0.006189235153336137,0.2273800420652159,0.0,-0.0036473834728690813,0.0,0.051079851423625255
2022-05-06,-0.02011602439807314,-0.018817499202444354,-0.0153983398921409,-0.01862559264799757,-0.017244721330146318,-0.0056742248424840325,-0.014047298430269972,-0.008915051562092158,0.012541078282115592,-0.032371801416157364,0.006899380944858979,-0.038062050374494394,-0.01234703770572354,0.01859097262960918
2022-05-09,-0.01658104934869986,-0.017808194851632875,-0.018399376621066055,-0.013743421486000162,-0.021896327079235056,-0.03203710063235676,-0.0429332850439349,-0.050916643881274704,0.0014624635640354544,0.15104337148978209,-0.02533816612580675,0.0,0.0,-0.014088988687599224
2022-05-10,-0.0044160822790568766,-0.0027894787489441963,-0.004061207190324212,0.0006634524700535049,0.0007963323077013751,0.0024578974498534745,0.0098440558256081,0.022741887709510022,0.003406402477327486,-0.0506474337131857,-0.0057843485162927255,-0.018411769002336098,-0.01813188492189699,-0.027931135360270698
2022-05-11,0.001612964824871499,0.0,0.0,0.0026526373302671047,-0.0034523241399240234,-0.01646320750393837,-0.03181463527135442,-0.029539264153478295,-0.003673782665213121,-0.01303426139127628,0.0017786081117039387,0.00972210851305988,-0.0016522009757876654,-0.02405613964876241
2022-05-12,-0.023752037826536676,-0.023776059534113214,-0.025407868571535097,-0.013227595529567981,-0.02433863725107377,-0.0012959645058717717,0.0005913045152083907,0.006071967645980836,0.0015956719826561994,-0.02426292635771765,-0.01773580131527419,-0.022408075521813453,-0.01627528810207779,-0.035604276417978364
2022-05-13,0.009072334209794697,0.010028629050265803,0.011908706710905603,0.012734618134770948,0.01382242294021574,0.02386969542307149,0.03817092317214654,0.051043313990489336,0.0044629864882697046,-0.09128106946002879,0.02636751143203786,0.026750288781297593,0.021238514262343244,0.041888546039331453
2022-05-16,0.005312391269562067,0.004255317604588527,0.0041349087619186875,0.004632626399911688,0.0043265325608521366,-0.003946400929555671,-0.012046587118805574,-0.015214735414618485,-0.001324587601386762,-0.04849329702742333,0.004518010071275835,0.0025851551358093694,-0.002941323433362064,-0.019761448194281828
2022-05-17,0.010975697964148212,0.01059336708739389,0.010136189968216414,0.012516585865281815,0.00975092222311269,0.020169632234863677,0.027585979950759842,0.04856728244888564,-0.002353733057646634,-0.04987255064177387,0.004245263237662389,0.03269682690541731,0.009188957229649297,0.03163011426274265
2022-05-18,0.010856401876461197,0.01118082771739104,0.011288716443577984,0.00910868522901942,0.014995587976621927,-0.04039526078745259,-0.04725839355913897,-0.05040519471811977,-0.0035709624715448696,0.18620684413680677,0.0094317920741942,0.0020269251807605304,0.0021141637230299715,-0.027628038732416482
2022-05-19,-0.0190929888426985,-0.01727716826310377,-0.01798436410197979,-0.012250192199042442,-0.016968915060745826,-0.005833781800992588,-0.0025967770269819113,-0.006056185421795868,0.004539631126624144,-0.05200254362444057,-0.01889025349140916,-0.02536293962338798,-0.012810414713108398,-0.010741476019229146
2022-05-20,0.010948782963330572,0.010548669984727477,0.008525278431749994,0.008485539800935582,0.007773208927529085,0.00014614176965843662,-0.002974920561311878,-0.0005289629882045954,-0.004697343518617725,0.002725721385562929,0.01273307928671863,0.02964912498684691,0.01811103079846199,-0.02381789062942341
2022-05-23,0.0020058128170497014,0.002087592717272546,0.001565415034020079,-0.002588947657801599,0.00071605169169775,0.018555039930923556,0.015909771722706134,0.0043079993555590335,0.0038005856878970956,-0.03228001199756625,0.009816745083026435,-0.01193111074176123,0.0030651590504520154,0.02583424048453642
2022-05-24,-0.01120911857506468,-0.012500054784797654,-0.01094085012105006,-0.01687212728150722,-0.011932123013287388,-0.008120797617175213,-0.023477503945948386,-0.024356756032757332,-0.007505118220247797,0.03405903217324835,-0.009383875820646037,-0.01748704830062886,-0.015679565254118843,-0.03462748451717734
2022-05-25,0.00769234082294501,0.007032486640830449,0.007585324014846906,0.011221137868433706,0.008795016650703147,0.009450764734207695,0.015117474542464926,0.017997488730993716,0.0014140509828020065,-0.03667232243556173,-0.0026297096585569113,0.0029420062064240415,0.004355494712021457,-0.003985477544209193
2022-05-26,-0.012454672944453682,-0.011871632236570728,-0.011605987877128188,-0.012401955484096172,-0.008395426052787758,0.019883256167224195,0.026752698354298943,0.03907009679846496,-0.004121005100007014,-0.030666225361201227,-0.0027348932581908736,-0.0027301361679136216,-0.001822552014979717,0.002546369333525922
2022-05-27,0.021155237721473652,0.021908230886939828,0.017772109617716136,0.019166995670520937,0.01862313312763475,0.02474226295510973,0.03325876158439245,0.04112589227774177,-0.003298202059625277,-0.06472729769620034,0.0066469050288811005,0.028890157128107496,0.009799268171536202,-0.004716985212684821
2022-05-30,0.02430281093238884,0.022821419888575445,0.022762727264985516,0.022697958704042565,0.021172676863580042,0.0,0.0,0.0,-0.0005799542361255572,0.0,0.021945972278741177,0.020609890603496384,0.011982283389692316,0.0
2022-05-31,0.009723930263892733,0.007437523087645337,0.008231712714163786,0.01141397912961728,0.0118689369105347,-0.006274368617659065,-0.0041002144775873495,-0.005136111088087536,-0.015872479522662797,0.018273764900883505,-0.003274781655057124,0.013788605413809885,0.006083168182101195,0.0368210242246485
2022-06-01,-0.0050078782854307,-0.0013420334067065776,-0.003023918960942784,0.0006270860421508928,-0.007893949714940729,-0.007482768681131846,-0.007195338452745226,-0.015863011263913318,0.005566975948988917,-0.019091255815355868,0.006528267753054928,-0.005615626751662717,0.0,0.030590678655443293
2022-06-02,-0.010452780209427637,-0.009408806917475698,-0.009099341954412199,-0.010025108128319804,-0.0073474585383371815,0.018431018038486124,0.026882446624324485,0.03483679139372686,0.0047185849166335725,-0.03775792917626375,-0.0016028094155539074,-0.009993388063790465,-0.010018955690006548,-0.006141210338304615
2022-06-03,0.0,0.0,0.0,0.0,0.0,-0.016347313992415624,-0.024695330174669516,-0.02990849398305917,-0.0009372287861050266,0.0028317801018318267,0.012682970897427648,0.0,0.0043850906367448594,0.015104671727175223
2022-06-06,0.00704215235317962,0.006784277316390419,0.005203666922043881,0.008227830778260614,0.0032255186954064374,0.003137400778913113,0.004049008555051747,0.0017342361765668723,0.008934408796311022,0.011294827307630095,0.005558774621279738,0.02712105028964573,0.0,0.02739265782048017
2022-06-07,-0.010100962293842608,-0.011455645737388331,-0.009439642065970144,-0.011927211465426968,-0.005605220828552193,0.009523393173235029,0.009440084373188107,0.007990568906282025,0.0006913903292402601,-0.041882698438058696,0.0010051118958345207,-0.0056447321981272225,-0.01659139762731121,-0.0217248916521795
2022-06-08,0.010989025789210238,0.01158839832324321,0.011374011360818281,0.011435734585879098,0.009545815027212967,-0.010793945785935621,-0.0073067148690396655,-0.02128881615305611,0.0008066598187788099,-0.0024979755265417403,0.01039007913581469,0.022428354309127707,-7.241466851604095e-05,0.01917905869742098
2022-06-09,-0.0031055751681875465,-0.00336939546627002,-0.0042552784817861955,0.0012563766995099535,-0.0029495151957734667,-0.02379869397635359,-0.027472419148148797,-0.0283845283903309,0.0011494686050941283,0.08889821158196898,0.0004335237323633834,-0.006611027665424318,-0.00027034288365124226,0.004952085265220507
2022-06-10,-0.010124695517471971,-0.00811358815827401,-0.00824162409678153,-0.005018804154310441,-0.009699621368708278,-0.029110303335524668,-0.03523930712446288,-0.03552690636914457,0.00498995426452975,0.06362590408982616,-0.014948393480034183,-0.00287488900999322,-0.011262807330839841,0.03679368983386744
2022-06-13,-0.027930833705595015,-0.027266368169338917,-0.024622993718816488,-0.029003827238803903,-0.023641303477237363,-0.038768430665237275,-0.04680671501819644,-0.05769330467514344,0.0019029841677364878,0.2259459624419342,-0.03007622611651406,-0.03387111451706459,-0.03519440622894465,0.06653993817283288
2022-06-14,-0.0016185619734109258,-0.0014015211734288435,-0.0022089134920791897,-0.0025974352277214896,-0.0014691295038539165,-0.0037736797459957394,0.001768779070838944,0.005560992498007344,0.0015754511710839303,-0.03909470350260291,-0.013249870509059902,1.946859812473889e-05,-0.004607703310229527,0.03475938953792901
2022-06-15,-0.0048643229613321015,-0.006315876414036747,-0.004111370266834391,-0.007161425050482451,-0.002998629484837534,0.014592504858983224,0.0250085000040583,0.017187241831157385,-0.003738798333152271,-0.09391244773461938,-0.01140446197906364,0.01140216510699954,-0.018287459707252984,-0.025265592338734266
2022-06-16,-0.002036650198269374,-0.0028248778130877117,-0.00539851322789886,-0.007868702556675378,-0.01004044867337528,-0.03251195148816344,-0.040818510003493014,-0.06025798324620524,-0.005838823728256393,0.11242403205118334,0.003989912006786334,-0.021718447004180796,0.0016466709255793521,-0.02592048884306386
2022-06-17,-0.013469463678264626,-0.011331400613230014,-0.010217098691888693,-0.015201733128788253,-0.012460094765702201,0.002200865698254617,0.014301012162795113,0.004055485807106685,0.009896223501687063,-0.05523525220126546,-0.017713884825092063,0.011012980588146037,-0.004275082848030243,-0.02056239534040538
2022-06-20,-0.00910215015367366,-0.011461333981413802,-0.011290398404737556,-0.009396091167009013,-0.017497291880636756,0.0,0.0,0.0,0.00020206488993435023,0.0,-0.007386638557755232,0.004218749999999938,-0.020442988427042064,0.0
2022-06-21,0.020459265090456924,0.01811592501107495,0.02022839403099508,0.02235787854805671,0.023494887840308065,0.024477242280086964,0.0250918154268005,0.026183460381569823,3.3649272604296954e-05,-0.030195909156774836,0.01843489872764903,0.018695963296893492,0.007486272495295099,0.020994083995327095
2022-06-22,-0.022094822419372995,-0.020640390096677397,-0.020466872267000613,-0.02650778542283805,-0.024216312214600078,-0.0013015723144006452,-0.0014652893000179912,-0.010431962652544646,0.0007070604458019325,-0.041073194739407515,-0.003686604463975618,-0.025568668235115055,-0.02744781912433769,-0.04566072768639595
2022-06-23,-0.013389200521186528,-0.014535103178797248,-0.009794267704339443,-0.019741183921860972,-0.011161868698180477,0.009532217409177868,0.01620456472734455,-0.006786776628509239,-0.001759568201539774,0.003454178635086791,0.0008298122951144737,0.012639232745180307,-0.012160606076395242,-0.027883340788320887
2022-06-24,0.0021205037893790024,0.002949872544951715,0.002967411367162054,0.003472221917322882,0.008360318969414138,0.03056329358583576,0.03342444110524623,0.04430380081943541,-0.0019749280622988197,-0.06265059354983915,0.012254695634522639,0.0209266778556918,0.022589800784960756,0.018578852785468003
2022-06-27,0.02369864714634362,0.022058816151677707,0.01939504819961102,0.019377143432689925,0.015989304812834115,-0.0029730715337762392,-0.007156532662280779,-0.002735310366148158,0.0027319055458230324,-0.01028273169313021,0.014317501418656509,0.023502811425627934,0.014924289174892191,0.02208000183105474
2022-06-28,-0.009508015995745245,-0.007194201345233631,-0.007094512284474441,-0.010862065087748562,-0.006952005136308559,-0.020143036075892073,-0.029763398261811846,-0.0243896177036238,-0.008890682858296861,0.05231910231895376,0.006631661807707356,0.008522504123792407,0.008397518098721468,0.0037570707269385384
2022-06-29,-0.008347205358367304,-0.010144903173749276,-0.009093848595020049,-0.008236204149761783,-0.01293983648059216,-0.0007117454091590814,-0.0003264658188628644,-0.02359358629859376,0.008188896340560747,-0.007052212927895818,-0.009052712950930686,-0.018826915995129312,-0.018207455567706088,-0.03524646017952482
2022-06-30,-0.025252619716560454,-0.022693977692122114,-0.024582012216197824,-0.02491337011958461,-0.027191330864565044,-0.008759278267998716,-0.013343253400551203,-0.013098079892043035,-0.0002021708586102955,0.019531223012811516,-0.01535410164198292,-0.006232770114526165,-0.01907076894456583,-0.039120612361907225
2022-07-01,-0.036701109047222236,-0.034457063595821014,-0.02822591715279077,-0.03619592965517715,-0.03255491468985905,0.010553814029047315,0.008986463811260226,-0.0353822685908296,-0.000313508567219567,-0.07001039309054802,-0.017331081911098112,0.0,-0.011669169677553826,-0.0279273041508018
2022-07-04,-0.009861077986708655,-0.012412609344183645,-0.012102353865926063,-0.009572974211630947,-0.008786153819547948,0.0,0.0,0.0,0.004730923233973838,0.0,0.008412808850521314,-0.0013467400367326299,-0.0022034311129937034,0.0
2022-07-05,0.004979604810086302,0.007855411810003377,0.004550281270762735,0.008178494300776107,0.009294511593376908,0.0015841285142366157,0.01746884005659366,0.00788757049794242,-0.0035574907572391012,0.031460678973232126,0.010310549423254933,0.00104078512399286,0.018014702097484125,-0.027691216821111975
2022-07-06,-0.019369353841663828,-0.01636791537867055,-0.01951224622212966,-0.023598928438746336,-0.02534569346982196,0.0035731642904301975,0.003498369066551321,0.004883721334471236,0.0030549056215776194,-0.029411813593453018,-0.01195226456237819,-0.012190971448877486,-0.02125307198310744,0.03702388429611769
2022-07-07,0.029857695105392823,0.02773389362083889,0.027363124636101466,0.037764349010507514,0.025080227428472712,0.014964587965241805,0.0228395911688426,0.044765153121749,0.0002451058252566085,-0.024317232684692103,0.014665391198416255,0.002636810023551428,0.018437969112511166,0.032612353830509866
2022-07-08,0.010258570811942702,0.010794113554663864,0.008993455256629312,0.011644887394256287,0.008946591155245764,-0.000830271529819071,0.001201234056863676,0.00476407036884785,-0.001208516784162117,-0.05521474456557396,0.0010064033055445787,0.0037978568449994476,0.0070000847176652226,0.030917611952507196
2022-07-11,-0.008829904178506154,-0.007627718469655265,-0.007541945329216482,-0.007194152980206758,-0.008572694560825989,-0.011527461422777274,-0.02257868253095774,-0.023037275693994386,0.0,0.062094185249382816,0.011129057574019052,-0.027689689281319874,-0.004398895358263322,-0.0354724704969509
2022-07-12,-0.02405356374738954,-0.02382799929384538,-0.02521591243939303,-0.023188511502260423,-0.02718938203925536,-0.009243878717321574,-0.009485002930735176,0.0027975762704866014,0.0037375108318897787,0.04279712785511025,-0.017739642296293323,-0.013229329144318513,-0.009618552379752177,-0.011033096979289891
2022-07-13,0.035600090812202945,0.03307092367278264,0.03295544623341051,0.02744818172164898,0.026813114196382548,-0.0044569025122100925,-0.0015224856620029703,0.005636797374953151,6.0292840538211934e-05,-0.01722246994999932,0.005395876855945003,-0.002244739684874375,0.00468128607385343,-0.018255544904544285
2022-07-14,0.004848079151868134,0.0030488661041911946,0.005488684990154313,0.00794201770159697,0.007947112691764957,-0.00299863390215227,0.00032098918500000906,0.02120306823309659,-0.0033148844532467914,-0.01565995828012623,0.006217097571536101,-0.0022472543210108054,-0.0027011989007743598,0.019283744294764205
2022-07-15,0.013157906619433835,0.015197540220472261,0.01432967844551114,0.01790840068310806,0.007763994479827119,0.01920124935943668,0.01788517343520679,0.023867594278019322,0.005129964154072741,-0.08219697377460611,0.0054452558297466425,-0.021853675707931175,0.0037289916352887253,-0.010135125338900708
2022-07-18,0.0043973944392470266,0.0030204606765895647,0.009310780822445519,0.007037297301963008,0.011615967559372331,-0.008363571580831342,-0.008065554513161488,-0.0031948444318521396,-0.00025736300774925613,0.04416012030702099,0.0,0.027020717862698662,0.018992020481594762,0.010238897851962525
2022-07-19,0.0008758354751601249,0.0007605582026233293,-0.0028060222401431467,-0.0027951949121143294,-0.0017364263611719943,0.02762829164595959,0.031082661784792576,0.0440829220128065,-0.003042345806122171,-0.031620524157513485,0.0064658033784210645,-0.008880242970178531,-0.0018019279220607975,0.019932437330549613
2022-07-20,0.006561577101578786,0.003039539193800289,0.0028139181570738803,0.008409355614141134,0.0026636338055463504,0.005895806193263242,0.01575152660446255,0.02549405364994728,-0.0011401876953881507,-0.02530615670340397,0.0266519032365089,0.011091403354154483,0.006697734323651394,0.00563099027656544
2022-07-21,0.01129946488891398,0.01439383794761917,0.012276347300626211,0.021542698320502485,0.013878871865417253,0.00986137270919718,0.013612768540006925,0.016336820759956572,0.00317934136341691,-0.03224449654420847,0.004434215408896769,-0.015107061252961795,0.009346969244123038,-0.041501952228801375
2022-07-22,0.003867595009479974,0.004480993887957085,0.0013860717058074012,-0.0013605611874051293,0.0007805857727456456,-0.00933246697634671,-0.018698779929550824,-0.024635436710283898,-1.3340914888027022e-05,-0.003461701496893066,0.0040161189889580395,0.0016772969518077385,-0.0066496289643236395,-0.043642642513472496
2022-07-25,-0.0008561944704631452,-0.0007434073544374531,0.0010380582892590695,-0.003406166294544266,-0.0008716274898101783,0.0013151670479691902,-0.004346793139435978,-0.006320843385509423,-0.002653919986508213,0.014329132169649261,-0.0077167393421327946,-0.0022417806116066252,0.004408454708746401,0.013294984180246106
2022-07-26,-0.008997347727352834,-0.009672668624074898,-0.006221966422983227,-0.01161989004483932,-0.00867346958790316,-0.01154320266205866,-0.01867994358107039,-0.016662221670942667,0.0009059601811458595,0.056934926753241966,-0.001589900899843899,0.01667764509212133,0.003856578742359229,-0.011702125231137117
2022-07-27,0.009079034961934074,0.008264500745756242,0.006260921667374575,0.006915716406045158,0.007753851154154168,0.026156273782937722,0.040635394784761525,0.04575341960428281,0.0030944219450737,-0.058728259683077266,0.0021890652953910905,-0.011281122209650385,0.0010651102384544586,-0.019016854833707963
2022-07-28,0.001713783965666238,0.002980588475544277,0.0024195489242049284,0.00206050875095265,-0.0019896977088829093,0.012133338697180918,0.010818266210801841,0.012321437639552846,-0.002038713434828976,-0.0391566203259186,0.0035983319502448374,-0.002291208780825227,0.008172115434276428,-0.019385506190816693
2022-07-29,0.009409721765669232,0.00891519290540188,0.007241352085988417,0.006168555352503269,0.007263674819037558,0.014207760082581844,0.018754277573103773,0.007693827795674624,0.0018654255451322488,-0.04478280355650055,-0.0004975590396703033,-0.022604721061422417,0.006664550681683368,-0.014546823728277869
2022-08-01,-0.00296595563892299,-0.002945409891885964,-0.0017116615142885871,-0.0013625009722613157,-0.0012253197771469049,-0.0028230841271976725,-0.0017521187427524954,0.0038545585858558162,0.002908236353866167,0.07079232228236565,0.006895599686394416,0.00046288163146734895,0.00030593514175003556,-0.013626046138237147
2022-08-02,-0.015925762042972358,-0.016248290207528937,-0.014060377809419045,-0.015688931459846955,-0.01564976676282792,-0.006662395550704803,-0.0016347914184267065,-0.001907741774250682,0.005532912952061597,0.04772329883125637,-0.014239780025878113,-0.023635460260670538,-0.005150324319502464,0.051803527716755005
2022-08-03,0.006057878287307972,0.004504480163887825,0.0017391238395727537,0.005543987629670344,0.0020199767382169664,0.015638477163140152,0.02586497726792847,0.027786006979856115,-0.006685899478526491,-0.08274130869142016,0.005333261799446154,0.0039554102242702616,0.008948046390739428,0.0025538014021031508
2022-08-04,0.0025807663193064823,0.0029897498936006794,0.001388883631025184,0.002756841363060536,-0.005063222375748633,-0.0007773401640558397,0.004137926994010943,0.007223520200953626,-0.0008108983206702725,-0.02323463376561352,0.006859617598126366,0.02058720944594028,0.004737108810377588,-0.02620079720998192
2022-08-05,0.025310993168336626,0.024590026425726608,0.022538056266734996,0.024054891731130512,0.022706794854856938,-0.0016257460597355333,-0.004954984210656432,-0.007787136825988306,0.00032398554970947124,-0.013526161767891565,0.008723621078551957,0.0013829848618098772,0.0071529129872389685,0.0612854217736738
2022-08-08,-0.0020920894613003505,-0.002181745406063751,-0.0006781934912944987,-0.0033557044132069835,-0.0010394946257056281,-0.0012375507238541195,-0.0010341530511025487,-0.015124172664255364,-0.00022371069755522388,0.006619446785919081,0.002604040123263207,-0.007730442031932849,0.0009234176903147873,-0.026408384342178404
2022-08-09,-0.0008385901902194792,-0.002186637828700211,0.0,0.0006733665560425539,0.0019886352554141506,-0.004248692893594086,-0.011904840056636057,-0.04582639989604853,0.0018600869157348043,0.02254577367755073,-0.00882428323051554,-0.0021116713957530786,0.00415541409307596,0.011573173677106752
2022-08-10,-0.010490962945565396,-0.009495971170894513,-0.008483171873131745,-0.009421213604662304,-0.00739260267357722,0.021290637641290244,0.028883635990728074,0.04150363813512148,0.0009099748000620522,-0.09324761800459969,-0.0064511111204117455,-0.019626605229315586,-0.009019548336033356,-0.003932755900625584
2022-08-11,0.01823584995431249,0.018436703205505944,0.01779618758983914,0.016304294604166047,0.017325774130194427,-0.0007054739583503,-0.005825812114957363,-0.001291749885058091,-0.003916327686917409,0.023302988710988792,0.0,0.02404740681721984,0.017292310998846316,0.036611628716379574
2022-08-12,0.006247443823804266,0.007241068749579194,0.007733588624291965,0.006684660687499067,0.005995592766709024,0.017322368774566943,0.0209140964349257,0.029260859635078518,0.0013005635116274394,-0.033168319355867615,0.026156287321856375,0.004640347536384315,0.001648286324911652,-0.013504166959048658
2022-08-15,0.00910592121770848,0.009345722416256308,0.008008050468070627,0.010624134082358738,0.00839689561223067,0.0039695418998517695,0.006197454956740289,0.0037226561230447874,-0.000210354578339067,0.021505379494489052,0.011377694691056872,-0.006679337307356925,0.0,-0.02035805131765389
2022-08-16,0.0016406506870272342,0.0007121077148459776,0.0006619577275281952,0.0013367576705922701,0.0002089012188606354,0.0018756797165810912,-0.0019424057936537897,-0.010228617283749353,0.0013258375377005471,-0.013032592428007916,-9.937526175640699e-05,-0.010495550106618068,0.002207361825967924,0.01182371683218153
2022-08-17,0.0004095080987613908,0.00213539861627976,0.0013232560538334326,0.0,0.002910390595354251,-0.007237794954094601,-0.012549441898795477,-0.02415343021824712,-0.0012974273469312791,0.010665265554941072,0.012257455272290274,0.0046357679815263175,-0.006729786501264545,0.024433430811415136
2022-08-18,-0.006549447528375718,-0.008522620886475263,-0.00429473684210524,-0.0053403903547735165,-0.004441540906990227,0.002269561170191503,0.002103839376660366,0.022794823239402406,-0.00027052376956115953,-0.017085435130927973,-0.009603090697817063,-0.007957809843520236,-0.003345925829843055,-0.0044935269724111215
2022-08-19,0.0016483647771308174,0.0021489251147799315,0.0009953512653795293,0.0013422241047966743,0.0007807167219260336,-0.012900001139847905,-0.020062730350480673,-0.026997335100740205,0.0012693909777732326,0.05316978240915504,-0.00040807440707402165,0.0004614036672352384,-0.006124322530585813,0.03784720945965403
2022-08-22,-0.012340692086494243,-0.011436896480822911,-0.010606522948010899,-0.012064324403664561,-0.010619959665600032,-0.0214000649197158,-0.02547373607288772,-0.03762612745726679,0.0042804096583544116,0.1553397473948257,-0.004695075298422058,-0.005869046486637219,-0.012111390552335788,0.016058834907701547
2022-08-23,-0.015410253772784377,-0.015184421028629158,-0.013735291208540001,-0.013568443461347779,-0.009790005433980897,-0.0022378626777133093,-2.184761752122011e-05,0.004979638708686895,0.0009866863868770448,0.013025268202878415,-0.011868586014690319,-0.00782065531348497,-0.011029405932741154,0.005597616159582985
2022-08-24,-0.002538118667316569,-0.0029367599301376446,-0.0027174549056101505,-0.0027510840770580414,-0.0017686416217783663,0.0029161604463010526,0.004056962479091597,0.0025158256990507333,0.0012710719903399337,-0.05350480642350064,-0.004895108447338092,-0.012024137803955726,0.004972555308174309,0.017026865574698125
2022-08-25,0.009330044562271267,0.00883653782449989,0.00783368352459246,0.0075862661881560545,0.008683254086245817,0.014091605518061545,0.016710674650921797,0.03665125381864387,0.0011600877468875836,-0.04557401499065716,0.005846653850237082,0.036309619440084484,0.012180048290457046,-0.025756576008243437
2022-08-26,0.005041827762437112,0.0051093797134711405,0.006083187472623486,0.00410676936808585,0.005157906849160954,-0.03368805871951874,-0.039366165036856526,-0.05672526311775028,-0.0005628272937328038,0.17355365748976292,0.005701430460057111,0.010098876045341543,0.0015218505592420328,0.0029742441752906856
2022-08-29,-0.02550151961974123,-0.023238760384692303,-0.02485721922160755,-0.026585034961112863,-0.023055363642714766,-0.006666355799502699,-0.01021602718740311,-0.020192160671824833,0.0030807079910377677,0.02543034554427015,-0.026619523884632845,-0.007279031980060191,-0.021821637013435646,0.024711633325904536
2022-08-30,0.0017159615376409754,0.0,0.0020668947709672203,0.007003022855629482,0.0018383426939552194,-0.011028155571448206,-0.01119437247919608,-0.011640403900458063,0.0028730851951361824,0.0,0.011356920415176441,-0.003705268365664094,0.009905698291471365,0.0
2022-08-31,0.007280506188740654,0.006691475120681467,0.00653142913897109,0.00764939937396325,0.009483352736849193,-0.007817025105971265,-0.005633145372805681,-0.01046560541988617,0.0022622757618622202,-0.01297208153817453,-0.0036903224179709593,0.00026875132845893823,0.008617185222166812,0.007395499255037796
2022-09-01,-0.020833294509196687,-0.020679456646820693,-0.020150196691818056,-0.022774333870483998,-0.019448261843863168,0.0029962320243361873,-0.0026294673402982305,-0.018556025520672037,-0.003416930506516702,-0.011983044578061208,-0.015309191222915741,-0.01789481246686775,-0.022831229259701047,0.0421322094607357
2022-09-02,-0.010855389813734462,-0.009049849724601322,-0.009759536256910173,-0.009180703310600502,-0.00870298120914248,-0.010736500458081055,-0.013090185070848248,-0.010969447589559422,0.00710453974581382,-0.003521132803927185,-0.00038432010680466977,-0.007410236357567768,-0.0025667202225434504,-0.022052074851309666
2022-09-05,0.0021949489089749807,0.0,0.002111924313348279,0.0,-0.0008137665852279152,0.0,0.0,0.0,0.00212124646175349,0.0,-0.00112945823441446,-0.011638370314886237,-0.0023781675504661592,0.0
2022-09-06,0.00657020345500392,0.006088267942642167,0.0031610570515958614,0.0,0.001098184063029306,-0.004095056983834944,-0.007389839849719526,-0.011536965562242374,0.0023846062832659776,0.056537124965786445,0.00024983664798838845,-0.0011946899688100032,0.0026376589524952365,0.04603815608135742
2022-09-07,-0.023498622306602046,-0.02193648773220047,-0.021358312444112126,-0.015680628557492526,-0.018201726969038767,0.018341016392734,0.02139386370549512,0.016915491699358354,0.0036726685016230665,-0.08435527575753499,-0.007102199519214647,-0.008250372922633309,-0.01392521984123496,-0.022455033291157944
2022-09-08,0.007129957654326002,0.005413844879104124,0.008944430921709712,0.010137323980105029,0.012031194863122874,0.006610721877456038,0.005955739945304739,0.0168555020668244,0.0015941896240934117,-0.041801899545889976,0.023148798866217346,-0.009960021258000218,0.0032906375398347176,0.008269509813607856
2022-09-09,0.0,0.0,0.0,0.0,0.0,0.015271449816332883,0.02109062115923166,0.02399200685244751,0.0003533638600961009,-0.03473103234333241,0.005325822755722243,0.02692342155462768,0.0,0.00880924768582969
2022-09-12,0.021239040503079787,0.020769244982221213,0.018085115184771183,0.01720436487890087,0.015360578439422623,0.0105842727693497,0.012722642617655877,0.004872187199409073,-0.00028191133038779626,0.047389200540585596,0.011602419833597777,0.0,0.0,0.012345645332523913
2022-09-13,0.00519933131733219,0.005275069398517518,0.004528021815437544,0.0063424411987154095,0.005874109861445209,-0.0432366134006168,-0.051591283487904094,-0.062105790393528815,0.0010696608845459643,0.14243818596528657,0.002540859311488841,-0.001827815723895676,0.02737095012487689,0.01784650296959489
2022-09-14,-0.020258637164327076,-0.019490230510820328,-0.018724074884202246,-0.016806610785339293,-0.01585162376090654,0.0033870120853238816,0.007401801225843663,0.01135646384418365,0.007632050374805743,-0.04070409210556314,-0.027818346588567078,-0.024823472676868907,-0.01556215313063003,-0.002922264951464859
2022-09-15,0.0017598960126847807,0.0015288088619085372,0.003887065521340549,0.0021367044699676097,0.0008002606776540411,-0.011317739184353415,-0.014276784041799329,-0.016592033695542074,-0.0015971034548785124,0.004204916322369412,0.0020594485777813976,0.004418783352668987,-0.003976845203527812,0.013774962065800533
2022-09-16,-0.011418746194540974,-0.009923398328690824,-0.009855646795625339,-0.012793068860443957,-0.007381048255436062,-0.007182134089448455,-0.008999023383428173,0.005993148156153705,0.004924518868563821,0.001141940570009048,-0.011058285232558918,-0.00891114698130635,-0.007931472339207435,-0.003180154972760696
2022-09-19,-0.00444232918035925,-0.0061682607846964554,-0.005687855665391317,-0.0035996016708064182,-0.009345029743330624,0.006857100716286535,0.007566047453750002,0.00525179944445231,0.0012491050330740716,-0.02053228227542203,0.0,-0.010431829739480092,-0.011381712476204897,0.012180990681760928
2022-09-20,0.008924603954620025,0.008533852417477839,0.005720392431893373,0.008670235508155821,0.008569448363297427,-0.011272103097361819,-0.00953355356396024,-0.013285432449803958,0.001951339515686934,0.054347810795459806,0.004380842383689965,0.011604522176356546,0.005174849512109558,0.02320919467737692
2022-09-21,-0.008403369489757728,-0.007692243808134158,-0.006754483635787456,-0.010028490028490045,-0.008576376534443098,-0.017116493600784488,-0.017930720522194132,-0.010105314200235527,0.000542755829479491,0.030559643901659994,-0.013554007905070331,-0.017932658055194395,-0.008716825756486912,-0.017082079816475804
2022-09-22,-0.012042894003027937,-0.012403139702270138,-0.01360052170660997,-0.012301067687348954,-0.00969804561839549,-0.00842758097968943,-0.01367007630896977,-0.02720345549785186,0.0035419145010713304,-0.02286528741986016,-0.005832388167807623,-0.016084361493893473,-0.006347920548956276,0.05641024352182411
2022-09-23,-0.009480762543464638,-0.010989103392721966,-0.0076197889337374924,-0.009523718470523357,-0.01163838344877488,-0.017232619015461026,-0.017970841690997275,-0.013390968740527476,0.002807592860585073,0.09396708076704297,0.0,-0.011829418570237005,-0.018140837852090974,-0.002966536717394108
2022-09-26,-0.01868737208561122,-0.019047648147304308,-0.018647096487638293,-0.025887606941910613,-0.024095502171544547,-0.010340526208282075,-0.005981798511244696,-0.01499575221845506,0.00801250572114487,0.07820849730188573,-0.026599536595644513,-0.004356645959837646,-0.030157230826965087,0.04895861319194439
2022-09-27,-0.0013934307367204912,-0.0016180013569678797,-0.003353353853493113,0.0022778533801166567,0.0035127554891545287,-0.0021203598092424114,0.002460453129081941,0.009297322974251898,0.0010065612168248528,0.010539372916239298,0.005308744860878178,0.0002895480905795722,0.0013148334005719242,0.022176370604034545
2022-09-28,-0.020930234381615787,-0.021069801432076374,-0.019439181029370478,-0.026515093380105714,-0.026074363622854202,0.019672139926234733,0.0205124565711714,0.01418068947637563,-0.004650746861577515,-0.07423307614159502,-0.014974056577249928,-0.03412200957539513,-0.02453844474175948,-0.06533805848003582
2022-09-29,-0.0033253981760483775,-0.0033111479308962632,-0.002668689978479688,-0.0023347715567391125,0.005063797495673539,-0.021126437880238824,-0.02842382603896354,-0.03110246837629882,-0.00012627340739845838,0.05500330784050478,0.009477744999320192,-0.004927963936624202,0.0007559581930471904,0.011336047551412154
2022-09-30,-0.013822626765132129,-0.014119685332965148,-0.01146776353896517,-0.006240175499724998,-0.008103855652199732,-0.015066695771983274,-0.015077019902302924,-0.01714514510335341,-0.0012787324089980068,-0.0069095261400811125,-0.01834981878446995,0.003318267023555199,-0.007112132538787952,0.015212148950592308
2022-10-03,-0.01208311395071393,-0.010951896561096852,-0.009280790782568049,-0.010988928440702095,-0.009244207912113223,0.025883894952576147,0.022675698224330354,0.03457488624547378,0.005453555861455461,-0.048070854440891986,0.010740481143916458,-0.008321530889515816,0.0,-0.04022078914796823
2022-10-04,0.025440294550474807,0.022998169086106524,0.020686884079045287,0.030158613824918357,0.02075406697890081,0.030583700679551518,0.03337643340857799,0.046914289901610395,-0.0006068155133903685,-0.03421929148145797,0.029616574696606168,0.0,0.02500122608886035,-0.009312495118655506
2022-10-05,0.023377978980376746,0.024979188191017965,0.02179732473013196,0.026194263460132428,0.01656611296675181,-0.002017948757084831,-0.002484743081567209,0.008168651204340183,-0.004898758765475852,-0.01788787283187543,0.00475390325276126,0.05904507514200863,0.0026433154099287925,0.039259042273188216
2022-10-06,0.006992901470562973,0.007311225539447408,0.004491082712208216,0.005255261980235737,0.006565994917872464,-0.010245080846639998,-0.006756885189625583,-0.003993691569281532,-0.0033040285834535776,0.06900179591409161,0.007034209483403497,-0.004191753389278796,0.010220265715446653,0.017823865693025853
2022-10-07,-0.01666666666666672,-0.016935390521675364,-0.015275730812354782,-0.015683458566287722,-0.013660297358419116,-0.028003617786773516,-0.038011145359464704,-0.06000284247366272,0.0004916685892324413,0.027522940366608406,-0.007146909911519339,-0.015106447785191879,-0.0022432231195332886,0.014898045522245384
2022-10-10,0.0,0.0,0.0,0.0,0.0,-0.00749246363390188,-0.010354547069698405,-0.034003488325204945,0.005453593564254122,0.03475765725043045,0.0,-0.02950333296414165,0.0,0.0012876936836327957
2022-10-11,-0.05178925358899977,-0.05004105704732542,-0.04237609196191283,-0.047040928668928284,-0.04351465508670538,-0.006519175777754405,-0.01099488564729767,-0.028115744779739327,0.0025795610253211976,0.036363644913174786,-0.026362903509272284,-0.02232144781637513,-0.018259265297303817,0.01311725300589539
2022-10-12,-0.004965169816709469,-0.006044991824733947,-0.006321760354124684,-0.002388580648934324,-0.0018914986876493733,-0.0032907731480149582,-0.0008719215684585002,-0.009708550625632029,0.0010222224035347782,-0.0017841620988797713,-0.00016741335637515675,-0.007802238248314497,0.0047443293414126675,-0.009393232265400897
2022-10-13,-0.011976021206806742,-0.01216336655297423,-0.0159044279472772,-0.008778801054809104,-0.02067921395665162,0.02596564246086497,0.022275949155863284,0.028783813990745033,-0.0016056337842464963,-0.04855523311243615,-0.006038988612579788,-0.01867668850406512,-0.01797974730297136,0.012813929510953503
2022-10-14,0.02878790961946054,0.02814433128560956,0.024242508607411173,0.032205930946061834,0.024775296710185968,-0.02366266361565439,-0.030778111883558834,-0.04167888113807827,0.002341520702051625,0.0025046938750283854,0.032523771250790645,0.012116587520485611,0.02296944751598251,0.01467619625107286
2022-10-17,-0.01865482129528484,-0.01967499396284811,-0.013806738689034592,-0.013260397173995297,-0.012345279526184028,0.026480052302171098,0.0343374456659189,0.021193442744738222,0.003560580503860322,-0.02029980041342172,-0.011626499435599458,0.0015198583004127908,0.0032360452651307714,0.0012467923487260446
2022-10-18,0.011505715287582596,0.012216362317162943,0.010399960087375204,0.007114563613505043,0.012234249073696413,0.011427569666488724,0.009048557270162183,0.003442454862573552,0.0008134965474435596,-0.02773352935793738,0.014205055231507169,0.01815936292919962,0.013623397095358758,-0.004234112206972229
2022-10-19,-0.013353116098099749,-0.01293103634868964,-0.009501237884443348,-0.010988928440702095,-0.011270364336272487,-0.0066720972934503076,-0.008530190270310656,0.006404024307122169,0.000906509330880656,0.008524597668256861,0.0037280788817906085,-0.023843381236024586,-0.005560128019340693,0.03226612093976522
2022-10-20,-0.005513718893119024,-0.0026201461948892613,-0.004396466337784344,-0.0063492285825862416,-0.0023626973762138626,-0.007950909706564868,-0.00614857561259452,0.006200883819392766,0.004216576925899718,-0.02535762941617703,-0.009187233475107304,-0.013994044080898771,-0.008648211358675995,0.023988364572118615
2022-10-21,-0.0030241651108671164,-0.006129393253387461,-0.0028100183048168637,-0.005591160879147017,-0.00980213484303838,0.02372481982226482,0.02306957866695325,0.037169640421435,-0.0018038895389356213,-0.009673082475206707,-0.004309291209934063,-0.004244390464967607,-0.0022406532224538145,-0.0030761978136349954
2022-10-24,-0.0030335088824716694,0.0,0.0,0.005622597727600764,0.002947163072725356,0.011881976654619875,0.00855368530117695,0.004324118394632093,0.00267958280093894,0.005389014635704514,0.003135682170299914,-0.06356313937909253,0.010410548773626793,0.004984663227659114
2022-10-25,-0.019269711850653515,-0.022026431718061623,-0.015298023081431134,-0.021565707705442083,-0.014844881504362806,0.016266654579669915,0.022506941972041616,0.022828656208283338,0.004080113857687806,-0.04656620700949654,0.010208708920597331,-0.0009947232642311121,-0.00048737290392253385,-0.029759187110936836
2022-10-26,0.009307135560668645,0.011711696631853341,0.005723698133916599,0.003265571987467686,0.0049683476011415095,-0.007387716072364547,-0.020370339850394603,-0.00984225779330894,-0.0026089072376338507,-0.041461645670640146,0.006662704073489012,0.010027969877325571,0.006483013861400488,-0.022638738958340565
2022-10-27,0.014344185665711606,0.013357004924634097,0.012195075469328298,0.013832444778934638,0.015501574393034234,-0.006082610618211248,-0.01625380286469269,-0.017739137086221324,-0.008195023386873834,0.004032210419143256,-0.0031569012457154377,0.007198908735787768,0.017434507050966275,-0.0194271065603413
2022-10-28,-0.012626244780926,-0.012302241669251757,-0.011646542489073042,-0.012841135363286238,-0.010671997943883293,0.024626377895927698,0.028702839582782413,0.03920178182665035,0.0025060024412564275,-0.05987584615530317,-0.008778164447180492,-0.03661414574093236,-0.008904362451723213,0.01854208584461614
2022-10-31,0.013299310277746335,0.013345121865590226,0.011783782816325417,0.01788611445464161,0.012615325357673068,-0.00745440410765752,-0.010295007199019768,-0.021783014706695414,0.002215745939227798,0.005048511097732078,0.017792221885474913,-0.011844131972270522,0.011113651103616062,0.01670820659295713
2022-11-01,0.005552769994090712,0.0052677499807851635,0.006024161273183948,0.003993487799551332,0.006753795319407674,-0.004101230608784645,-0.00885506457328944,0.008055804582590254,0.004163334716003719,-0.0027047796404234825,0.003315237476265054,0.052308094121163995,0.018141646283561963,-0.006131982953627713
2022-11-02,0.004016054740548336,0.004366885959975253,0.004790400813929452,0.007160041876169476,0.004829251130122447,-0.02500198485734284,-0.03361076663591045,-0.03156989420565104,-0.003835907343443412,0.0019372780102207,-0.0005610514036975545,0.024063015521860187,0.0007066342807431347,0.0017275344035887485
2022-11-03,-0.01299999039091937,-0.012173943040140967,-0.011521782107710932,-0.007898946420994535,-0.008669377052152427,-0.010585992315429671,-0.01727912914020502,-0.013397565894498253,0.003844503233182639,-0.02165511833231948,0.0,-0.030812816814834942,-0.003295089126205908,0.01601381053858275
2022-11-04,0.0015196998620528035,0.0017605782965939287,0.002009814189470438,0.0015923870992895495,0.003088595380544845,0.013618724670070526,0.012792258759678266,0.04627138634159511,-0.0030234853325058486,-0.029644269668647527,-0.01676043247590875,0.053564323292910165,0.008269044514416679,0.007759472426637437
2022-11-07,0.017197755945421278,0.01669598871185829,0.016847194711562485,0.01430840251243004,0.015124349003186044,0.009613981920559844,0.008521947566883847,0.021610902587615666,-0.004696764211378102,-0.00814659314892785,0.012055276550420935,0.026902218362709007,0.009947117053458632,0.013955747310276045
2022-11-08,0.010442426658735293,0.011236013575517623,0.010256284538673555,0.006269614766473586,0.00937929710289409,0.005597892802462701,0.004891908610668683,0.022016519960266656,-0.00465640067779749,0.04887065771724597,0.012513558815032022,-0.0023258507072878576,0.011489212599430143,-0.020882841207011227
2022-11-09,0.028543432184055195,0.02564102564102555,0.02147599063073935,0.03037373339527072,0.021805142570594738,-0.02077788695478977,-0.024776310600627016,-0.03196406710245958,-0.0018901016272467874,0.021534816654065425,-0.005585500738585547,-0.012006238275365289,0.010575010268185858,0.006059160399077834
2022-11-10,-0.009569396515322626,-0.009166778257618913,-0.007645147907968108,-0.006046885131259283,-0.00990187625916139,0.05543448436034493,0.07350217126661285,0.10347930960920193,0.0038440005829478707,-0.09812186473630413,-0.009753423553211737,-0.016962384136133157,-0.009148589737173252,-0.0775716754823913
2022-11-11,0.05314003760401187,0.05214467932825251,0.04583966034628939,0.04486693035831646,0.0373081136980804,0.009240746788147902,0.018821023663351477,0.03060453051978218,-0.015981455828401714,-0.04292393537646866,0.029784585597210755,0.07739674263382157,0.03368950196218634,-0.004178645192182584
2022-11-14,0.00917448503330931,0.011191008069806108,0.006261486493052804,0.008733701480742928,0.011946465012161012,-0.008935777048800997,-0.011225527356838128,-0.010947442641224492,-0.00972552207609323,0.05372997601585361,-0.010617894556735341,0.01697198136164091,-0.0034270888975475033,0.013637567865352196
2022-11-15,0.04272722870132739,0.040316316725333534,0.03696927424130214,0.03391055390272002,0.0262018899217904,0.008713116550319144,0.014486177803630484,0.028981447924246506,-0.0066759595166066,0.03413406611531178,0.000954789161669245,0.04105675772383832,0.0022953452025153975,-0.017076322012511858
2022-11-16,-0.001743711838390949,-0.0010808889847644387,7.696933557177488e-08,0.0020935500652314865,-0.000615961106436691,-0.008252046497990273,-0.01538507569246772,-0.04128656589385138,0.0061510743123134315,-0.017522424170070217,0.0013622946727880336,-0.004723224616860255,-0.0011611869639955863,-0.02816533609770855
2022-11-17,0.0004366894201093263,0.0,-0.0010799566631887192,0.002785481808812218,-0.0001457721443002269,-0.0030893228355314273,-0.0034604230432442318,0.007832542230833184,-0.0014157670755384766,-0.007465794301908857,-0.0034868495779586395,-0.01154769742507955,-0.013945811019020704,0.022481090216120103
2022-11-18,-0.0026189928341936453,-0.0023182512772250696,-0.0032432185864295082,-0.004166573522795036,-0.0020804784925849695,0.00475858190881473,9.866427325477822e-05,0.0022318908698280016,-0.0003222242284840471,-0.03384870270006601,-0.0011027623462530611,-0.002943704651979795,0.0006468042851384137,0.01139072364173721
2022-11-21,-0.0035009386275196563,-0.004647658988742309,-0.0021692066196941084,-0.005578819778041533,-0.0038332039552659847,-0.003883688698329779,-0.010905181685126442,-0.016581697651409155,0.0027816244093905595,-0.03287198102485167,0.001613616599935419,-0.01870936086789443,-0.010218934361638676,0.00183341260844605
2022-11-22,0.008344246264431199,0.009338657057480937,0.0036231780201509967,0.004207479261992386,0.006423146522665402,0.013579987927526016,0.013597011913617951,0.029793644697123867,0.0006332427232416116,-0.0478532945266944,0.006117461523601264,-0.013111756797088758,-0.005881372378073957,-0.017516379044521857
2022-11-23,0.006968624741797047,0.006939047160748668,0.007942246460049818,0.0013967615060757055,0.004561884918307113,0.0059146891478476515,0.009925370082103813,0.012081545528104254,-0.0007645079131286536,-0.04415220731024261,0.0,0.00570466315551843,0.005296698553976853,-0.013837096536180149
2022-11-24,0.009515457587418119,0.009188241720164747,0.010386774417443512,0.013249469458719965,0.012010780027869261,0.0,0.0,0.0,-0.000884044595383715,0.0,0.009508894560354975,0.007823061279012,0.009644322507017078,0.0
2022-11-25,0.0,-0.0015173373370620524,-0.0014179177445504676,-0.002752892191975498,-0.00037136325588471575,-0.0002830441976333642,-0.005224482717800627,-0.013324569495543614,-0.005363641239729655,0.007370988487393815,-0.0035253577896500188,-0.004944272974120367,-0.0014213443459435426,-0.004047518764526026
2022-11-28,-0.02013697770325762,-0.016717451857360732,-0.015264467953179262,-0.017253265040553023,-0.014997428830952675,-0.015444192913123267,-0.01575402410255644,-0.024992881235560538,0.0005013785441942975,0.08341458948647107,-0.004249870743629369,-0.015684944318380967,-0.012137730052901863,0.003251174200202822
2022-11-29,0.00918228571976143,0.0061824278424951196,0.008651803525345558,0.0035112157897791985,0.010494668841595445,-0.0015918653377758885,-0.005947755695959067,-0.003863934498474886,0.0025090282774300476,-0.014407911211844038,-0.004793205583406568,0.05241897376460014,0.010430671329689334,0.012152264931389878
2022-11-30,0.008232244151710866,0.009984620549744694,0.00822010306804577,0.011196681299974864,0.011550939405102767,0.030947872397389053,0.04408497935210032,0.059988520547148205,-0.0019383461963815574,-0.05984465520642579,-0.002099684089215459,0.021563179797090326,0.01608461382950921,-0.012006360458239551
2022-12-01,0.01718954714762666,0.015209242197330441,0.013470408063492867,0.01660888362264412,0.0089552440597378,-0.0008676332180498347,0.0012600449348185716,-0.007190137198135105,-0.005428787960220394,-0.03595722905060661,0.009191960152856282,0.007485468581406307,0.0029565095295642774,-0.04698893372105273
2022-12-02,-0.008871871158734002,-0.00674159314152778,-0.007345219796052738,-0.0013613273220592914,-0.002805613725319178,-0.001194660488065602,-0.0018245404905873341,-0.01129169925109852,-0.006179764975580926,-0.039314550435815665,-0.015878212144921133,-0.0032604830764583204,-0.01835199373857055,-0.006517427492614192
2022-12-05,0.0012785806023520863,-0.0007543088518556784,0.0010571246631079223,0.0013631830604043937,0.0006720167076581518,-0.017894212283564803,-0.019330765633861158,-0.012654519683779841,-0.0016280663193990463,0.08866739671621793,0.0015299932465142607,0.045136475126647424,-0.006165971451655428,0.0265259366905517
2022-12-06,-0.01830564734936957,-0.01584896167399552,-0.014783589791603324,-0.01837978020274722,-0.01681227680489228,-0.014399194981406072,-0.02002241761491763,-0.02103341829720695,0.0008186396765614834,0.06843373861657565,0.002353264118443832,-0.003950621632515361,-0.010813019985296934,-0.023895517147721423
2022-12-07,-0.006071086674510839,-0.0069019248401758215,-0.0060736111959909245,-0.011789062506733727,-0.006712670479638749,-0.0018623708845491027,-0.005114880452569248,-0.002145717235737976,0.002306691777625547,0.02300406978469849,-0.007153040451925774,-0.03221817734665178,-0.0043247647026238845,-0.029888989106585218
2022-12-08,-0.011780031449212358,-0.011582942071739377,-0.010423957031699738,-0.010526341496260194,-0.005261085111737285,0.00752178195750397,0.011265194529635147,0.028908160484016454,0.00011425350804961099,-0.017195740052941555,-0.004044249217854845,0.033771789775098426,-0.00492275094544159,0.024354443918045643
2022-12-09,0.015452455166370171,0.014843767146391906,0.012350110898653899,0.013475081280646561,0.010471327504663286,-0.007349578247904498,-0.006982483560052377,-0.00925954254677186,-0.005679400441186089,0.024226064872098885,0.011843584140311059,0.023168808852883638,0.007574590627787758,0.021770259689126936
2022-12-12,-0.009565176983003632,-0.0069283008634500876,-0.006458584593855621,-0.007697664034155505,-0.006313303706379725,0.014279296218109305,0.012641973617082636,0.017703974151853874,0.0075731691396832,0.09505037597659727,-0.002103138488281364,-0.021970813342892415,-0.006705630407741747,0.012335337778377253
2022-12-13,-0.004389823814277993,-0.005426493275525468,-0.005056023904685847,-0.002820753071476001,-0.006133743831237104,0.0072896644387934195,0.010146443972977481,0.017186919779099696,-0.0004463614642967739,-0.09800003051757811,0.004041311590454955,0.006811080642291634,-0.0002613198297511943,-0.030462512227947935
2022-12-14,0.012345687271230865,0.013250264422249636,0.012704137746853306,0.01343696151510776,0.014900570627961018,-0.006052724634100337,-0.007632706348839391,-0.015002974316830286,-0.002574982797804437,-0.06252771153512049,0.007203091089335478,0.003942090970685985,0.011317694638970588,0.0005712920598370808
2022-12-15,0.0008710230250967843,0.0007693950480134326,0.0007168745007495314,-0.004884776687125725,-0.0003548640256594293,-0.024921675023714007,-0.03225878925859804,-0.04230656749369566,-0.003813575353422971,0.07994326314338274,-0.0037118530963555774,-0.015495979968243256,-0.015954998143951182,-0.015129880953377528
2022-12-16,-0.016536208834257216,-0.017678871884504566,-0.01611750892943098,-0.016129077242988066,-0.013952644625782162,-0.011137750774080746,-0.009723863171244296,-0.007568388829173767,0.010684150398249992,-0.009198383056260973,-0.018700474222052343,0.004237793189238559,-0.0004023563127285579,0.009275380987701087
2022-12-19,-0.005752171759249025,-0.004694935854936078,-0.0036403245966477593,-0.004989492239015458,-0.006554645402858772,-0.009007516001852345,-0.014887788556092962,-0.01237838465535468,-0.0012723086589110366,-0.008841766380156879,-0.010516120998574907,-0.0050311570446189835,-0.0033262843498290673,0.028431928176987364
2022-12-20,-0.018246369388503325,-0.01729553648552895,-0.01717199052094931,-0.020057158119658136,-0.01824182054869783,0.0010373383615349674,0.00010241561013923928,-0.006099051652093679,0.0004842320542652878,-0.041926874703784645,-0.02458404299197625,-0.013331901586080552,-0.00802658117379984,0.028762893894147545
2022-12-21,0.004079629227156101,0.002399919488613067,0.0018586511056004618,0.0007310080988720546,0.00454269440116617,0.014867993802734736,0.01538428633212896,0.022518828865979446,-0.002004141984302543,-0.06564245239575606,-0.00678667550894374,0.0034401748348955596,-0.001860072180468797,0.0
2022-12-22,0.01670422241711078,0.016759938887885406,0.015955395789848392,0.011687404287554326,0.014650426666362959,-0.01445169956861636,-0.02177999242230466,-0.040411868946261253,-0.0014646554788004806,0.09466864212360981,0.00455319498230744,0.02707292258208338,0.011928134944633184,-0.004071689696537928
2022-12-23,-0.016873833898312207,-0.014128770644603383,-0.013148106295656548,-0.012996457665268135,-0.011861195973838612,0.005868102525282026,0.0020752181276857407,0.0008605857766246228,0.0019882954114212037,-0.05006820703232606,-0.01028446078327716,-0.004378230091007573,-0.018262609386392015,0.022349419234031
2022-12-26,0.003613361281838312,0.002388586001164983,0.0037008721624727237,0.0007315428626293308,0.0009459326027125847,0.0,0.0,0.0,0.0001659157541351597,0.0,0.006503431094615042,0.0,0.0014911035010067852,0.0
2022-12-27,0.004500458854248324,0.002382763382579034,0.002949812504700944,0.004385866886023715,0.003031110325401931,-0.004049622110409712,-0.013777081992805584,-0.01805783689185969,-0.0008489209231152817,0.03737416137667604,0.0015905554850828008,0.0,0.006754079257149215,0.029058909539120492
2022-12-28,-0.014336809548356366,-0.015847916300827714,-0.013235350994722728,-0.017467131590868656,-0.010840690955863042,-0.012020638322615351,-0.013516595627798833,-0.014741000691741335,0.00010089656376099931,0.02263278428415183,-0.004059651840158107,0.015610098720578947,-0.02243669040684837,0.006994867761996204
2022-12-29,-0.004545386277374774,-0.004025696374631238,-0.004843471844720781,-0.0014815097147431455,-0.006214595293378089,0.01746133164481911,0.025926983731464404,0.031908119017383996,0.00019208767641454294,-0.03161693201844007,-0.009370743840284024,-0.00792855136342463,-0.019316384823744426,-0.013377937909350601
2022-12-30,0.006392582218329501,0.004041968111002214,0.007113564709174902,0.005192885246557699,0.003739497721010565,-0.0025407424823445934,-0.0011079667356473921,-0.0009186155111560179,-0.0015588763526886984,0.010727590322163083,3.181147487052449e-05,0.002039878648096183,0.0,0.011473249000506947
2023-01-02,0.0,0.0,0.0,0.0,0.0,0.0,0.0,0.0,-0.0010527684814520821,0.0,0.0,0.0,-0.004797880941375898,0.0
2023-01-03,0.004990866141298733,0.00805152541131715,0.003717381698482569,0.0088560740743866,0.006113423400367246,-0.004000548879248611,-0.007595676525395945,-0.009741899118315134,0.002359058602062758,0.05676047706072218,0.0,0.018394993247487612,-0.0031406230392359014,-0.022170653985428723
2023-01-04,-0.0022572265612958997,-0.003993476466355617,-0.0018518465723257327,-0.0014630857252584395,-0.0017568914048190498,0.007538970575044379,0.006910506579939524,0.025740690643514252,-0.002272171303189241,-0.03886460281546322,-0.01447203912701911,0.03215740963012048,0.016811820531744237,-0.022146024937464648
2023-01-05,0.007239725465741476,0.007217277069248462,0.0044526298451634805,0.0007327057940849091,0.007177899118900877,-0.011645528874622113,-0.014678559857027706,-0.016861879253219803,0.0012300256185848735,0.02044519995053551,0.004041761271636579,0.01245896138970326,0.0038430845796773028,0.0029657367635267384
2023-01-06,0.004492371624454483,0.006369475214222264,0.00628010779981536,0.012444967880358426,0.005054876393675967,0.02284078102943865,0.02562286746180975,0.04653242218143583,-0.0021181091840254407,-0.05921638370081361,0.005927346305856451,-0.002875204651094143,0.011180566291138616,-0.04059140369001457
2023-01-09,0.0357781684345615,0.03243672597990943,0.027900081948940558,0.028922736253421233,0.026359226269338176,-0.0007676325452631305,0.00627860067395658,0.018423217932636016,-0.002008250125457245,0.03975391320164223,0.0,0.018897961614184222,0.02629727528026704,-0.014569920339870368
2023-01-10,0.003885937761814562,0.0076627036701775175,0.006428599083457165,0.007027366008573566,0.0034401625339106623,0.006978233159061986,0.010058575475722531,0.012933077963574124,-0.0032557516594241553,-0.06326806705012156,0.007765923824676113,-0.002659341803315396,0.00047660708939534224,0.029570683178040458
2023-01-11,0.0008603037782308753,-0.002281292356442699,-0.002129178724753933,0.0006979367542845338,-0.0034803533473002357,0.012849424614881588,0.01759718440686031,0.012901030556693449,-0.0009651326875864674,0.024781352321307182,0.010331754028369389,0.00490307926196154,0.003495911002074026,-0.01850321726806292
2023-01-12,-0.0042974592322746474,-0.0007621695169742759,-0.0007111899074753181,-0.0027895398970942953,-0.0013422947639846194,0.0034159058663651987,0.006351242581983385,0.012157996589750475,7.88445475705668e-05,-0.10715980144763149,0.00014445710126298472,0.003641007801365559,0.002360668561202761,-0.029544181768075717
2023-01-13,0.011653073645327083,0.01144163997593739,0.008896771427697514,0.002797343197549651,0.006278339450477288,0.003996858363534361,0.007095704033847516,0.004134057423633042,-0.003597797916299106,-0.025491213180093064,-0.012487827038049959,0.010437831512927653,0.008874884515533088,0.01797623611638577
2023-01-16,0.007679253114152074,0.008295595627829222,0.005290990126833872,0.0041840064934699495,0.006940028428365386,0.0,0.0,0.0,-0.0015234636804044577,0.0,-0.011378433603819738,0.00037079317754917795,0.005770955422484958,0.0
2023-01-17,0.0,-0.001495836078153956,-0.0010527486177047685,0.0006943713798501783,0.0003965912776873193,-0.0020304911890052235,0.0014396574368051862,0.0011391269125393677,0.0016413781756230428,0.055040883263509865,0.012251392251797721,-0.0077749689451201975,-0.008529753372058302,0.0068357073219358355
2023-01-18,0.0,0.0,0.0,0.0,0.0,-0.015562598500411085,-0.012446977232457357,-0.005250183641850259,-0.0017376122490909696,0.0506198094700645,0.024960688945471432,0.0046510819576688345,-0.004652379273056284,-0.04526169220533138
2023-01-19,0.0,0.0,0.0,0.0,0.0,-0.007638350296294338,-0.009559198779177658,-0.02805357289881738,-0.0030155918344667576,0.008849572459461275,-0.014403604039439077,-0.001246403323646117,0.005075335758809363,0.006518540558991592
2023-01-20,0.0,0.0,0.0,0.0,0.0,0.018918401045981525,0.02655298556861485,0.03129743982707334,0.005101912827120358,-0.03265107511439913,0.0056162671369413,0.018182544778662768,0.006267979080342823,0.02561080108430258
2023-01-23,0.0,0.0,0.0,0.0,0.0,0.01188134498366522,0.020105191184978777,0.05021680922004612,-0.0007021084755080009,-0.0020151594336836887,0.013275439271512868,0.0,0.0,0.011768119452910009
2023-01-24,0.0,0.0,0.0,0.0,0.0,-0.0007115031258156934,-0.0026521944021373756,-0.007557665494858368,-0.0008147110518731404,-0.030792464384042373,0.01461197576171469,0.0,0.0,-0.015886522769616218
2023-01-25,0.0,0.0,0.0,0.0,0.0,-0.0001817250594663422,-0.00184477523053872,0.0027124710669752528,-0.0008417569896871369,-0.006250043461718424,0.003510005770117619,0.0,0.013906656671068163,-0.0020179324580597013
2023-01-26,0.0,0.0,0.0,0.0,0.0,0.011007853469181317,0.017594224748618492,0.016851992548957195,-0.0006574500152405349,-0.018343835580149404,-0.0011775781757698,0.0236850617722677,0.016503470295774036,0.008954401584498894
2023-01-27,0.0,0.0,0.0,0.0,0.0,0.002494840970949097,0.009494085356936521,-0.006370422292347411,-0.001282785825150401,-0.011745825879941552,0.000723996925564796,0.005411542876519793,0.006226122696826097,0.0071571304696347315
2023-01-30,0.04502151933299836,0.044943851426508585,0.04144721930026285,0.04338556350905076,0.03756065532602815,-0.012968740984683369,-0.019609884551499812,-0.02655351825566621,0.001562496941712288,0.07725555307905929,0.0018566504641874815,-0.02728955177267378,-0.013506352027893964,0.00938039563524562
2023-01-31,-0.019883998851517037,-0.016487549813737346,-0.015176950967101144,-0.009543295534401364,-0.014755567870053055,0.014642470285510134,0.016740690038561823,0.01864800265457056,-0.005321298343589742,-0.02708128891997874,-0.003874511147415882,-0.010303723053935454,-0.010361233919075397,-0.006195458646564012
2023-02-01,0.005917237692379729,0.005102049700685729,0.006164189762729144,0.007570587414920782,0.010149207708888941,0.010452303944590291,0.02000686360023396,0.05214514997881192,-0.0021265717722409594,-0.07886591800937293,0.0007235117371429123,0.010523126816272876,0.010193465744124053,-0.03740435472981851
2023-02-02,0.016806665640968887,0.014503254223225737,0.012593741293969618,0.016393506445850026,0.011350765186004752,0.014699373244309921,0.032539740784891746,0.02316753944037986,-0.016582837368281922,0.04812527490848306,0.002017411863484586,-0.005156731872949516,0.00778832296680787,-0.0002944262341565418
2023-02-03,0.0,0.0,-0.00033614786193569834,0.0,0.0004809184339793493,-0.010354610691310495,-0.015889924793735077,-0.01951347489973465,0.0003385474287380674,-0.021356093342568938,0.00391978531488224,-0.01356607143492472,0.004666091538696682,0.04004716138663578
2023-02-06,-0.014462829764474994,-0.01358102684123641,-0.01143251095723774,-0.012096739031131287,-0.013448978677263801,-0.006140463017754394,-0.009952568975146847,-0.016240705537476363,0.014311345312556512,0.06001093213574449,0.006695494816981951,-0.02023550424561016,-0.017017401467245397,0.028878821126801846
2023-02-07,-0.0020963599749952433,-0.0021741383382154478,-0.003061201483945619,-0.0027212087558806664,0.0005255595521653778,0.01287251059802652,0.019040234872172324,0.03180094128415201,0.0010846105035744458,-0.039629461949033495,-0.00029536328308565896,0.0036065632309092432,0.005545105121486982,0.011007143962633581
2023-02-08,0.015546179572436314,0.01452438095232389,0.01398830252020411,0.01909952763844114,0.014106943253404447,-0.011080724476164705,-0.01678009171011119,-0.021502649053783962,0.0009600229505188906,0.05198281464557564,-0.0028538350123150646,-0.0007127049095391191,0.013023535470898517,-0.005715816087517367
2023-02-09,0.0004137073629884025,0.000715795636512695,-0.0006727586420994802,0.0013386663532397591,-0.0012459821499473112,-0.00882979617773516,-0.010154003174058679,0.0025515739968089424,0.00047958285565607994,0.055017828317822426,-0.0008009475816208589,0.01601426132785755,-0.0008535347870719523,0.008212420047705837
2023-02-10,0.0008271407440216816,0.0014306851377754448,0.0006732115509884284,0.0006685194228117641,-0.0007731133114661226,0.0021952617756952897,-0.006061281272442431,-0.015909015322301157,-0.0012815549168979645,-0.008691376426090858,0.0031405800971127107,-0.020067158781437944,-0.004751135985083477,0.01656254923897027
2023-02-13,-0.002066176932954966,-0.002142902957966375,-0.0023551948356079766,-0.006679998959857603,-0.002718359373286794,0.011448609342766147,0.014820629942192687,0.014705459657191167,0.005926048172392839,-0.009254774851576553,-0.008805620622123422,-0.0012269695501956335,-0.00689550251709814,-0.007211525296886512
2023-02-14,0.007453446339972025,0.005726483035030094,0.007420051027093422,0.006724921428001629,0.007089436974500041,-0.0002804145319874607,0.005748533344260842,0.01815092029305343,0.001298833356684792,-0.07030483256873721,0.006396877884932817,-0.00239364728336533,0.005275794701291359,0.011837479220958125
2023-02-15,-0.023016951695403298,-0.019928804547314938,-0.02042192488383565,-0.01736802969882123,-0.014155105354971553,0.002773175690496066,0.009233951875017299,0.004080235354722017,0.0009496980651897413,-0.03595982605303094,-0.003655798239222241,-0.014284042591079071,-0.015306367465896753,0.012762589290485682
2023-02-16,0.01220037978839894,0.01089330067124017,0.012303465358545207,0.010197060790446022,0.007620760223242318,-0.013788741489130674,-0.01779198600938292,-0.02452003869693753,0.0017620875929991175,0.10641802428809233,0.007075160827194171,0.008432566169639832,0.01959721571678852,0.008926206289092686
2023-02-17,-0.012884453733574497,-0.0129308972387564,-0.008777770085747094,-0.008075320585404278,-0.004552895706729676,-0.002767405825327751,-0.005782855053017344,-0.015573928197421427,-0.0016170479276262917,-0.007436768367024893,-0.0066184895015203304,-0.012762701910078,-0.00980416716060628,-0.003903165948143439
2023-02-20,0.0021053255615108846,0.0021832127535792445,0.004427750821582421,0.0013568300001924882,0.004620908191694806,0.0,0.0,0.0,0.003976474793814022,0.0,0.000683622443630183,0.008067177556804861,0.001595194337617789,0.0
2023-02-21,-0.0004202082046448341,-0.001452384250042682,-0.0020346691320709542,0.003387560928197031,0.0007568231513030987,-0.020041234255327334,-0.025024432145246744,-0.03238599763865835,-0.0002897448229778332,0.14235765815702117,-0.002137148523451371,-0.017114538787842748,0.0015640146170927682,0.03317655505837269
2023-02-22,-0.010928966671714169,-0.010181776742419824,-0.007815030971324077,-0.013504332642103045,-0.00926752353338045,-0.0015735561458868341,0.0012852525659377,-0.0047954837092404334,0.003952011034348946,-0.025360730320178493,-0.013423286855814287,-0.00514627442858262,-0.016787597176302405,-0.008090980290408889
2023-02-23,0.01487464838332353,0.014695189672484288,0.01164386009207763,0.015742633617658264,0.012753327987778729,0.005329429416074394,0.007241641517952591,0.032882132727560354,-0.0003018271428945063,-0.051592708777226104,0.0,-0.0035492950850367633,0.008855661979818574,-0.011215943839450682
2023-02-24,-0.005025122505699975,-0.005068799154716919,-0.004062450145881691,-0.009433889797588746,-0.0071480746308046905,-0.010537551485558128,-0.016863952439089114,-0.017911935476962015,-0.006309991704757989,0.025070988739244404,0.012882084930533111,-0.01677090480121146,-0.006346621039380107,0.01804587114517453
2023-02-27,0.0,0.0,0.0,0.0,0.0,0.0030730045671669703,0.006322107562301227,0.005292021190239193,0.012343504893300494,-0.03322562578770549,-0.0010752564245397611,-0.0033247959520319448,-0.008652470452872096,-0.006837161614957732
2023-02-28,0.0,0.0,0.0,0.0,0.0,-0.0030360018281855305,-0.000997684588255665,0.0034275655607138855,-0.0019245327814509938,-0.011933173789771434,0.0007876181498445156,-0.00790083161648869,0.004249577770545132,-0.001529842444343621
2023-03-01,0.0046295862613026095,0.0050946227743291495,0.0037391025514303955,0.01564624913142154,0.0061081964522158305,-0.004725264845680033,-0.00663954471401107,0.00026846887408238373,0.0015687512432163153,-0.0057971417782864965,0.0025858007118779724,0.04213959546122603,0.0,0.019918302060275117
2023-03-02,-0.0008378828301224273,-0.002896652668097688,-0.0006773767252198359,-0.002009506574351727,1.4712461529953202e-05,0.0075821940867943916,0.007337769086146251,0.008001129851112454,-0.0027768952012560133,-0.04810494532498932,-0.0006418017352212146,-0.009226608490131794,0.006216714421907188,0.019779668756958024
2023-03-03,0.0008385854664865189,0.0021788755150067285,0.002710908759451014,0.0013422600299184406,0.0006218584270081262,0.0161477371607488,0.019718196108873487,0.015415428316199131,0.0013350510728340481,-0.05615111653403504,0.015586152299870815,0.006758774762702924,0.0017381512586789327,-0.026761593125490202
2023-03-06,0.009635479872508679,0.010869557430706944,0.008110883327829388,0.013404851668244566,0.009936293649599026,0.0006871667698291617,-0.0011352143180701768,-0.011630370175054416,-0.003362565654610128,0.006490040060511015,0.011111231555791301,0.001733332826871825,0.012561335804249119,0.004793151733036627
2023-03-07,0.0066390233951230115,0.005017752234088624,0.0060342196443621265,0.008597984224610666,0.005987237881395657,-0.015326919115337678,-0.012454041742200883,-0.01053721661483309,0.00250505783283983,0.052659833965358116,0.002527849609721189,-0.0033348712601668495,0.0002964243098866337,-0.002008570258925646
2023-03-08,-0.008243995854759989,-0.006419303367730889,-0.005664790681830456,-0.006557508193008599,-0.002502820615157386,0.0014147940136839399,0.003960851212893246,0.026587649629289167,0.004948438893666696,-0.02450227353229084,0.00476980935251059,-0.023532636702710552,-0.012763181967836656,0.0002516140788244581
2023-03-09,-0.0008313346559859491,-0.0014357019497892587,0.0003351340188544327,-0.0013201105620611608,-0.003005401276725994,-0.01845935787384867,-0.02052957762828267,-0.019869633905689965,-4.879129801615978e-05,0.1831501773005757,0.0062916518607400995,-0.006259448444610682,-0.005271504571331076,-0.012826991285309397
2023-03-10,-0.015806923252016047,-0.014378194567025493,-0.014070411727895582,-0.017184362702032385,-0.015500933918775717,-0.01447813845705137,-0.017591622044585642,-0.01932753415717181,0.002899933725023729,0.09685973319727981,-0.01674098346829589,-0.030403904967849837,-0.010127774952508384,-0.05859873168603602
2023-03-13,0.004226598351699806,0.0029174804078679895,0.004077489593944605,0.004035067030652817,0.002208527433058105,-0.001509761003189447,0.0044843065053172815,0.00029651478764747274,0.0004802740985374587,0.06935489006518969,-0.011050671168815085,0.019464406828323177,0.006685908309145283,-0.048714433448081795
2023-03-14,-0.010942765673851218,-0.01090914494153461,-0.011844225857586044,-0.012056389646086463,-0.012857584143333822,0.016476655480623936,0.0213883253506999,0.029232946512250058,-0.012121795567030746,-0.10520365261572151,-0.021949582596398898,-0.02274626482633413,-0.025566300695435085,0.0349928599911864
2023-03-15,0.0008510048381695778,0.0,0.0010273649604548574,0.0013559923466552881,0.0017688267647102407,-0.00698088356543769,0.0005162177483539754,-0.011658627907586094,-0.002495492162647772,0.10155920328285806,0.0002733596198623012,0.015165668928405207,0.01309084423535456,-0.04013191533479721
2023-03-16,-0.004676827235468584,-0.005146947292720361,-0.005473900183506908,-0.0020311931295275976,-0.010818440590949052,0.017562006217166637,0.024770791940567527,0.03905361316554212,0.004641388756255305,-0.12050496144149447,-0.008038019454729928,-0.01719351250293244,-0.0007606183147739198,0.02663228304899934
2023-03-17,0.016232381250453898,0.013303810174164488,0.010663825725813814,0.015603791818245893,0.01523145747258181,-0.011019457310067593,-0.00740534542040483,-0.0061901000013360186,0.0009501745798927708,0.10961289616581449,0.011964916563456773,0.016386229936489638,0.007477166904570787,-0.05299862069699357
2023-03-20,-0.007145849496539625,-0.005105891162814125,-0.0037438295441875047,-0.0040079507711271445,-0.0021348812433601427,0.008918403718310097,0.0038717368666496554,0.010577233306946265,0.0022586744123582747,-0.05331244994705253,-0.014199244010318024,-0.026532598430302534,-0.006883190495300728,0.025331359690981436
2023-03-21,0.004657026690984223,0.004398860986667419,0.0054662001716119235,0.006706798469978015,0.006062299110028091,0.012982193897784988,0.015808289114035645,0.001976525933193418,-0.0036579630154522924,-0.11469981372746085,0.0,0.013581009098754926,0.0038458921789521483,0.035909222039000044
2023-03-22,0.018963344047157715,0.018978248266330988,0.016649761284279085,0.015323192254428575,0.015922297265609897,-0.01646322377571363,-0.016032767401691905,-0.009934957829616287,-0.0008490095930143715,0.041160014156131464,0.01933295607922858,0.017273693941018076,0.011978923571265954,-0.029395437649507472
2023-03-23,0.007857666608073854,0.0064467745413485655,0.0073528056047347246,0.006561652325924872,0.006566447592995406,0.0029845287333754023,0.0100634818011891,0.027247275052665554,-0.004268366821229441,0.015723287415586373,-0.001711168617804737,0.02338833585954947,0.003111354616041284,-0.026857171739850694
2023-03-24,0.0028723882428680625,0.005693994415536974,0.0043133776213446495,0.008474596369679066,0.0031990771135297358,0.005639807253104534,0.0031015804249405754,-0.0173444545392194,-0.006985169374756017,-0.038478585393539766,-0.0012530949850557693,-0.006681463274357369,-0.003926623279194685,-0.007633524733198338
2023-03-27,-0.006137459502859155,-0.006369330197682266,-0.0033036619017901003,-0.009049782977979537,-0.005302683931479701,0.0016469543057482383,-0.0046617307035543565,-0.011735921086873935,0.006072023832427664,-0.052437874960925224,0.003345565244976756,-0.017473178914070187,-0.002376846956976708,0.04378698133027403
2023-03-28,-0.00864547758911094,-0.008547073744167744,-0.00795495602888907,-0.011089344755343622,-0.008138129010698658,-0.0015738434957162095,-0.004483004809774704,-0.007492736329590466,-0.005210878373039907,-0.030582575555772262,0.0015060252739573787,0.011087713652638165,0.010675642330666424,0.01020401750159916
2023-03-29,0.0016612198720320492,0.0028737036936645755,0.0033411198495296723,0.0006595398499655847,0.004348589740368336,0.014237268879836451,0.017937753484835728,0.032143922070926756,0.006033856244355151,-0.04256377082360119,0.013283159244319664,0.020609411435099867,0.0036879679519175035,0.0005611934683207309
2023-03-30,0.0049749842701145575,0.0035815414118602895,0.006993072718301185,0.009887936137547904,0.00505206947087844,0.005715269388667954,0.007314081426607499,0.01646844573262296,0.005635242649384864,-0.005230145244791484,-0.0036167840916134786,0.0057809109611453025,0.0037808072808236393,-0.004206356295507474
2023-03-31,0.0033003735807421997,0.0028550078008184876,0.001984064693802079,0.003916623004830866,0.0011754292223644658,0.014436542471763847,0.017350560198826193,0.006199888388676689,-0.005374277782982939,-0.01682437892337696,0.009306102133869842,0.0044796853324229335,0.00966108862105175,-0.016051860974109378
2023-04-03,0.0,0.0,0.0,0.0,0.0,0.0036988464765423945,-0.0026558827975756705,-0.008635384063533147,0.005699800335432492,-0.008021471644866773,0.005230462850863038,0.0004446207779216227,-0.0018248989992232234,-0.018317084158484098
2023-04-04,0.0,0.0,0.0,0.0,0.0,-0.005796972083329965,-0.00517825793420712,-0.018646606268651666,-0.001520067838502559,0.02425880223436394,0.003521675948025882,-0.00659457390305751,0.0033045299532277195,-0.0271137526993257
2023-04-05,0.0,0.0,0.0,0.0,0.0,-0.002492370531228194,-0.010676744384193637,-0.017336610549793408,-0.0030611598664394,0.004210522300318598,-0.016762227080431846,0.0,0.005926180952305016,-0.014983504320256302
2023-04-06,-0.004934207627335208,-0.0028468799363919883,-0.0062705952489156,-0.009102818075473085,-0.0036103997976969504,0.0035791630944272956,0.007593620889580155,-0.005151821149801616,0.005117619823123309,-0.03563942913495044,-0.012246996904368257,0.002792134165784388,-0.014419620405503486,0.00030427926903642266
2023-04-07,0.0,-0.0014275039004092438,0.002324901815346392,0.0,0.001627401417694685,0.0,0.0,0.0,-0.0009953675874764256,0.0,0.0016627343676629547,0.0,0.01267873760821736,0.0
2023-04-10,0.0,0.001429544580874298,0.0006626460612766394,0.0,0.002504967756448817,0.0009963029974375814,-0.00029778468712937656,0.017662847428579376,-0.003847904979152328,0.03097824492616752,0.004191740229783081,0.0,0.008701445456932966,0.038625258794367845
2023-04-11,-0.0012396516576117511,-0.0014275039004092438,0.0,0.0006562368481088932,0.002375255563720202,-4.1352477946232646e-05,-0.004342842088717935,-0.005250834703228069,0.004250978290440077,0.0068529822256617745,0.010483916453227327,0.007576582864966319,0.014243188188324485,0.005563705305417388
2023-04-12,-0.0024824488147130452,-0.002144316871311336,-0.0013245561076742352,-0.0013116129674579646,0.001199571939123345,-0.004134884052006904,-0.008522362262689986,-0.018288595038939204,-0.0013858526299423968,-0.000523572182309362,0.005705976142155178,-0.00856132793017994,0.001091027387317034,-0.0037856760006775847
2023-04-13,-0.008710090887904864,-0.008596053470660614,-0.0059681243937992345,-0.00853572560953375,-0.008046833900886452,0.01326268999363811,0.019861089599533255,0.00823188438045852,-0.0010957903902104604,-0.06757469383008197,0.0026447416538013524,0.0017046446807316151,0.004320492109966656,0.009061648312176374
2023-04-14,0.009623523266608869,0.009392986338448539,0.0073382327632658395,0.007947131238614569,0.00788812507901282,-0.0020693734728036706,-0.003517906995037845,-0.0015572568311787993,0.0001477816927988318,-0.04101121199580893,0.011950859470925002,0.004636642271101277,0.0038373860942788607,0.02027814995189159
2023-04-17,-0.0024866321487087006,-0.001431473330096189,-0.0019869049630992786,-0.004599375106468906,0.0021419547251133597,0.00330615690296554,0.0028250988184479464,0.0,0.001806190430197363,-0.007029814530175482,0.0007478412851846805,0.016813046487557992,0.001718817452832866,0.019591142607815915
2023-04-18,-0.003323614713031331,-0.0035843449626411505,-0.0026542443434317553,-0.003960251640672818,-0.005895266162690538,0.0008552202959737354,-0.00035447192478732514,0.004325165724890834,-0.0012948662398797328,-0.007079695211328563,0.005051793659359927,-0.006348599808244093,-0.0018711152110141294,-0.005291020045086414
2023-04-19,-0.00750308760057683,-0.0071941218035196375,-0.006985951559554726,-0.005301678365220885,-0.006236559100083472,-8.42619976980652e-05,0.00031434078590986125,-0.01094319195616733,-0.0004791770225415215,-0.02198460136130065,-0.0018169029356067679,-0.013692155942351958,0.0015518671450553967,0.00839864814263791
2023-04-20,-0.0012599567116653443,-0.001449405659505576,-0.0013400869666871928,-0.0019987158902801117,-0.003991649989123158,-0.00595254815297297,-0.008033976051417424,-0.0009278267813378482,0.0028109870956032346,0.043134935073663616,0.0017761727399849825,0.0014341752768165517,-0.004648387754931815,-0.01582452021901415
2023-04-21,-0.0025233004034368456,-0.0029026602637396426,-0.004025440445057149,-0.00667537838666632,-0.006654729708725826,0.0009031888869577287,0.001069723197583139,-0.007335291163149127,0.0007138464920868337,-0.023296424971048224,-0.0032522356521741402,-0.015749409020123895,-0.00729980542932851,0.007052145673008825
2023-04-24,-0.0037940735411921,-0.003639127619074367,-0.002021035098659696,-0.0013442269997944178,0.0015304683559880239,0.0008515791660903549,-0.0029206777855622645,-0.004486246873269484,0.0021499357690617504,0.0071555711752655515,0.001020515821003709,-0.005767711207581794,-0.008214079211565029,-0.01540611466865327
2023-04-25,-0.013118913826385414,-0.012417647706971624,-0.012487194563827186,-0.019515405685848974,-0.01639097570509529,-0.015810858882773227,-0.01977536596551721,-0.03359529005318773,-0.0017305958027742374,0.11071645392595375,0.0009285593968584305,-0.017137256080025143,-0.013663554772637254,-0.033854962419738954
2023-04-26,-0.004288291449978554,-0.008136125186755883,-0.004784733749984338,-0.003431653008027391,0.00025369087503213095,-0.003841187197329843,0.00467740520462101,0.005336796585662995,0.003980776032341815,0.004264388205224678,-0.0071138752334258815,0.00710518495214485,-0.001683369909993404,0.010600710931085056
2023-04-27,-0.0008611958118149854,0.0022371840183377234,0.001030187504405644,0.005509551682447711,0.002397478953539256,0.01956614972249704,0.02428565332444066,0.004216730652835121,-0.0021307654530519082,-0.09607215771140842,0.0014501795386738792,0.004201479637340855,0.0044188053603388955,0.02797208529633277
2023-04-28,0.012068839071912363,0.011160583208726926,0.010977700285558889,0.013013735950660577,0.010880807149393767,0.008253202753460531,0.0069459870766872545,0.018031791442482126,-4.894741266836533e-05,-0.07339993560038638,0.01401237802954669,0.0027364037981840728,0.002291829333498141,-0.021542009953705032
2023-05-01,0.0,0.0,0.0,0.0,0.0,-0.0003861064902076494,-0.0011434488352971561,0.009050220925690189,0.0038920080033559845,0.01901141925294425,0.009243698787173571,0.0,0.0,0.03534182574073963
2023-05-02,0.0025554000019378798,0.0014716209217016107,0.0010180250879225916,0.004056810931882593,0.0036780358401011792,-0.011586262936400304,-0.010815866234458515,-0.007141618658950355,-0.0005594376441980797,0.10572144098292036,0.0011938782654603575,0.001972409243256923,0.009138352533659244,-0.03777280216287149
2023-05-03,-0.00424800421963889,-0.0029389774031722826,-0.0040678865856723645,-0.0013468610127304048,-0.005312596569670425,-0.006998305064656485,-0.004567662174075893,-0.01147969801069082,0.0008461435758913005,0.031496031738794894,0.0,-0.011771476912214696,-0.009107147157405127,-0.010468094234062475
2023-05-04,0.0025596901137525663,0.0014738505808009617,0.00238274132570071,0.0020228935817163674,0.0035760721686588504,-0.007218732334382416,-0.004900463198694083,-0.005610595653197548,-0.003511702439530473,0.09541984653435587,0.0,0.012669083885833432,-0.00018388140859404434,-0.01528064766338244
2023-05-05,0.0025532249856143885,0.003679052304254249,0.0010185711165786593,0.0013460363782367146,0.0010916782634151634,0.018474751389515376,0.02248042492676028,0.022248483296240185,-0.0006167011944236966,-0.14435040301165503,0.0,0.005041928772488102,0.0,0.028349754285148743
2023-05-08,0.006366631628499375,0.005865208380418707,0.006105860888089065,0.008064384023502624,0.004703677798070904,0.0004521286642489297,0.0017579930178321934,0.004217807616894165,-0.0016292353143386729,-0.01221646220459538,-0.007135905128787368,0.012355474739185635,0.004906163210121273,0.02176430850449984
2023-05-09,0.0029524144553225717,0.0029154741278241136,0.0037087746121018395,0.0006666558333072725,0.0017917613191045234,-0.004579421277258522,-0.006312362133444105,-0.01701653033734296,0.00032704000167660396,0.042991729205911655,0.0101188483140211,-0.021158230225155172,-0.0012533383174141433,0.0
2023-05-10,-0.00925145439027919,-0.007267377376814599,-0.0070540751859135,-0.008660752092091384,-0.005464271865578518,0.004483965263404999,0.010418334588292,0.01018151210765783,0.0020204003000325876,-0.0434781812659798,-0.0041254784494377805,-0.005304161803330487,-0.005398296658971735,-0.023288843879095467
2023-05-11,-0.0021223038473194844,-0.0043926005722431105,-0.004736246335443561,-0.0060484510135042635,-0.00812697030847287,-0.0016966239932159066,0.0017933159522116604,-0.006550139371160446,-0.0011549336057862236,-0.0005903322648502796,0.00015592979899614612,-0.0009315843872544916,-0.0022070849882721566,-0.012212799715700218
2023-05-12,-0.0029773903608626417,-0.0029410175480936163,-0.002719201952673944,0.0006761214896680023,-0.0007914651679478135,-0.0015833068345566526,-0.0035502694228333187,-0.0009244969506732037,0.0027274715849956443,0.005906696967935332,0.008980759653349324,-0.005903062869850317,-0.006254547621437179,0.019428902942584925
2023-05-15,0.0,0.0,0.001704153327158231,-0.004054069888110523,-0.0017617024927593095,0.0029581644391338813,0.0065503807998585906,0.027152705585445913,0.0036516729492317435,0.005284800291198266,0.008099789922249245,0.01752108910338368,0.001587680436163419,0.012994466389555814
2023-05-16,0.011945197085306836,0.011799378128895643,0.01156858628139057,0.01017647181747594,0.012849754181551543,-0.006377683373153031,-0.0017921374825017322,-0.0018729571003688328,-0.002174600343595179,0.050817692128321434,0.007312762621627167,0.0003564715826624987,0.00035892171055884603,0.01168760803766955
2023-05-17,0.016441935265262275,0.015306149102056965,0.014463506836728035,0.010745372295220212,0.016038742251281768,0.011890829058788244,0.01276187897683756,0.024703359421850424,0.0011319512009602128,-0.062256750757876844,0.008397268752457165,-0.020906720433471415,0.005813922012295913,0.009016642610955472
2023-05-18,0.013272470603939102,0.012921790674466527,0.011604741462215351,0.009966856915214484,0.011088642236144475,0.009445048649426635,0.015060875347562286,0.03159458599033349,0.0004386347885725339,-0.04860708721874096,0.015961533543986883,0.00852120796260647,0.008313754565782983,0.01870983261231851
2023-05-19,0.0028654010599804547,0.002126080161874988,0.0036054492279988803,0.0052629920317532886,0.004536118738561967,-0.0014458676054706077,-0.0024383200911972658,-0.0051456622438201816,-0.003280141882412324,0.0473520414335562,0.007667314089848221,-0.014025253773333857,0.00890122349845357,0.012061378928620803
2023-05-22,-0.0016326071917891483,-0.000707306369928884,-0.000979790862030927,-0.002617679299484532,0.0003690730211545201,0.0001550346964389604,0.004967639250745837,0.0034555428260969467,-0.0022905982863488106,0.02379533796777844,0.009038806254011877,0.011701436293039214,0.007601117021337922,0.007313160744625513
2023-05-23,-0.0008178069871709326,0.0,0.00032691726455880143,0.0019684718259387335,0.0004412999010032781,-0.011222026747550129,-0.012619530405120427,-0.012357097281524898,0.0013389437537105753,0.07669969043541625,-0.004151302061539797,-0.012547910850211452,0.004094502472836936,-0.00564671855203569
2023-05-24,-0.004909913635331553,-0.004953949399844948,-0.002941223945218785,-0.0013096569550122839,-0.0017735302227973593,-0.007318600335353365,-0.0060579879978504,-0.017890734095162508,0.004709616568235431,0.0809498081174409,-0.008885971047504326,-0.016227484721775487,-3.898566896320954e-05,0.005678785052947166
2023-05-25,0.011924329450098137,0.010668557299051917,0.008193941575407315,0.016393333119157916,0.008210722043634933,0.008757581265902425,0.017136089638588814,0.06660022729297488,9.733202517114847e-05,-0.044433413204546524,0.003860522388572818,-0.019303783371116823,-0.004969915678317616,0.025544444100396912
2023-05-26,0.02356763070728407,0.02322311579161207,0.020156089208609895,0.02645157363278261,0.013077018245150951,0.01304908677799732,0.021861601969538347,0.06535680334286686,-0.001577467327915194,-0.0621733889580256,0.0037394629445868244,0.0,0.0016127660428459922,-0.001048754225381865
2023-05-29,0.006351876093877218,0.004814257199911687,0.0057362308212838276,0.013199412573509317,0.007952111250036475,0.0,0.0,0.0,-0.0024317613065398813,0.0,0.01026087880518678,-0.010444944966480407,0.0,0.0
2023-05-30,0.0,0.0020534320893423885,0.0,0.003721948096596872,-0.0008151179191400182,1.660326849850513e-05,0.0032167273131766816,-0.0008370281784844114,-0.00485579828710947,-0.027298142486906207,0.0030294707737301696,0.002407938036050661,0.010438430491467976,-0.02887136397581569
2023-05-31,-0.004733724501071235,-0.005464410149151777,-0.0031686264987527135,-0.003090184597869361,-0.0026336991529510856,-0.006108624209833935,-0.00630997442731529,-0.02567160281859382,0.0008285623590460478,0.02749149339943724,-0.014053787221435798,-0.019440420315471885,-0.0032488251029952897,-0.0170270170130985
2023-06-01,-0.007927239635845296,-0.008241820730468974,-0.005721440002327105,-0.007439582618319007,-0.00399968050621391,0.009854453563032717,0.012809177775460867,0.01720172698048472,0.002768221503654411,-0.12764776183701698,0.00842171424560667,-0.0009520192169063524,-0.003084914536764516,-0.007973616497070624
2023-06-02,0.012784827252412256,0.012465298102563471,0.012148274877020526,0.010618342090678023,0.011764299553952196,0.014534424705965554,0.010670122196841714,-0.0023513035790211356,-0.00205902953817072,-0.06709260464245015,0.012078169370397074,0.04023894780111803,0.012529410870333768,0.023004419003731513
2023-06-05,-0.003155989766284062,-0.0027358865344141448,-0.0022109449643747947,-0.003090184597869361,0.00045008509530930496,-0.0020035816359177394,-0.0008564338895286072,-0.015482758404030461,0.002753178441449622,0.008904051874655927,0.021989726277556576,0.008367337915101025,0.0054009457004491335,0.0005418838982258478
2023-06-06,0.00277015232151534,0.003429353188458828,0.0066475999072428404,0.0012399805578746648,0.0028257302003742435,0.0023538963079141606,0.003551947097114816,0.012073131374501056,-0.0006913027091105528,-0.05227423815469123,0.008981151264443099,-0.0004825445809456541,0.0,0.0016246421381103104
2023-06-07,0.011049738854342461,0.0109365154357155,0.0078615457792377,0.014241403121364682,0.009594533656025472,-0.0038120096998572883,-0.012919110141085155,-0.001472936787408785,-0.00045683059769185963,-0.0014326975436259604,-0.018243550278664866,0.007996150051064355,7.271729987512465e-05,0.022979194610541098
2023-06-08,-0.009758033134300015,-0.009465982454121447,-0.01029642372150319,-0.012820452074039479,-0.011156225942977605,0.0061886426142414575,0.01019612027883765,0.010235995179151969,0.0026475905649385734,-0.020803441218256724,-0.008537723912144801,0.002450638245377057,-0.0018160268476271613,-0.018498925667209787
2023-06-09,0.00748922648736472,0.008873872602271238,0.008196847288648001,0.012368456577171116,0.009125957424259479,0.001148059539441082,0.0015575848295441563,0.0026359491571195104,-0.0021847668096783845,0.013186835912539108,0.019717931671762168,0.004703284425544352,0.01160917452914445,0.008346768718891617
2023-06-12,0.009389600802156117,0.007442350766151851,0.005941182963950853,0.008552387261174355,0.00408427778594489,0.009321148810237156,0.015293622272195995,0.03220642035474164,0.000495978614851067,0.08532178681744873,0.005232579854183239,0.0007406583670219735,-0.004471449986416354,0.005340512671900166
2023-06-13,0.01976741451604158,0.020819307729385894,0.017718480738313946,0.024833468227576372,0.0154069467071698,0.006932489951473775,0.008275223093845652,0.013391930793690943,0.0016405400768413347,-0.02664893844804339,0.018025788909786122,0.006035224736127498,0.0032707145097530255,0.019654682518599254
2023-06-14,-0.00038005729998269455,-0.001973726500345996,0.000610767267890111,0.0029549625689690995,0.0012511771263630234,0.0008194255259321714,0.003916518215594023,0.014196943435417442,-0.004340447382571333,-0.0499657467070983,0.01465152150051563,-0.005788513358773506,-0.007153233911239454,-0.011200829117845701
2023-06-15,0.0030418651390056173,0.003955476827854909,0.004883938897896067,0.008249932648215053,0.005617766199769614,0.01217813742034668,0.011473237282990212,-0.008267429276138882,0.005013448997665648,0.044668579282937326,-0.0005054438694963581,0.021665854391683892,-0.004024328675756084,-0.01791361383903023
2023-06-16,-0.0026535914731585786,-0.0032832078329627645,-0.0009112066795236018,-0.0035068055544431598,-0.0026576500956001503,-0.0036716195284263176,-0.006765668991231766,-0.00923389276704989,-0.002538162116159981,-0.06620689918254985,0.006587625119790053,0.010663678081463734,0.006612894470348962,0.010997888575765558
2023-06-19,-0.0022804691279424416,-0.0006588479755511578,-0.0012162886857847166,0.003519146516995919,-0.00082998923849531,0.0,0.0,0.0,0.001784501265216898,0.0,-0.0099583300304239,-0.0063610862020789805,-0.00620386200730505,0.0
2023-06-20,-0.005333277895464561,-0.0059325635623663775,-0.004261836463839597,-0.008766872133993742,-0.0051897349505205526,-0.0047351076976228645,-0.0016275363600825044,-0.008098793241711921,0.0027289097851679323,0.025110794205745357,0.0005540319903432067,-0.015357416089609055,-0.0017589913357444198,-0.01061288439539354
2023-06-21,0.0,0.0006631076574785677,0.001223047363375196,0.0011791545552648497,0.0010177669953450597,-0.005245281583003636,-0.0120791937010305,-0.0243746226064937,0.005244933169579857,-0.048991376049651536,0.0055776144797328175,-0.019826025456166407,-0.008553090144615916,-0.0016090216718582795
2023-06-22,0.0,0.0,0.0,0.0,0.0,0.003710798414438443,0.009510313459474506,0.004662832287893437,-0.0009788985314920229,-0.02196969439722829,-0.009240816657041129,0.0,0.004286354941157811,0.020413637978010657
2023-06-23,0.0,0.0,0.0,0.0,0.0,-0.007658808766684566,-0.010130934474014253,-0.017612259604600555,0.0022895214931535346,0.041053426741707755,-0.014530034668461922,-0.01708673808753125,-0.009098914276866266,-0.015793614737544037
2023-06-26,-0.006127937483381252,-0.005964232511929679,-0.00580149699371213,-0.00942276906727535,-0.008322103485512433,-0.004486838293256468,-0.011616752338173497,0.003239100346887458,0.00010326359102408311,0.06026789024599055,-0.0025236312263213767,-0.005073583503977908,0.0047079308415494125,-0.005349018584597132
2023-06-27,-0.006551113911096307,-0.003333440980618385,-0.006756894752032561,-0.008918025799282692,-0.01004381446043201,0.011455854954693034,0.01648869761865246,0.03493811552568782,0.00022582732332154798,-0.03578948974609375,-0.004907838116005592,0.018835667509647935,-0.0003137087015211426,0.01317552703550584
2023-06-28,0.0015516108210624768,-0.001337747820318591,0.0006185200438511007,0.0035993672481442474,0.0028263115985984744,-0.00035407668843834283,0.002661622651845219,-0.007709624912941027,-0.0003386645052837478,-0.022561824680231046,0.020150333515910557,0.0012492040111209413,-0.006663058231275887,-0.015392741786533493
2023-06-29,-0.0003873336902728841,0.0,0.0003089697431666316,0.0017932291338591533,0.00039383958769434457,0.004473544672805918,-3.0895350120463405e-05,0.00028043526845200617,0.002032675426720365,0.008190592269372798,0.0012096269785297764,-0.012397808088556617,-0.005526081218160006,0.03881403016849694
2023-06-30,0.00038748377579378435,0.0013395397867486114,0.0027803972350861628,0.0035798937261559693,-0.001579579957618149,0.012269004495714109,0.014464356514040322,0.015454110926813813,0.001957740034576938,0.00369277628328879,-0.0013570852638828956,-0.000946939220118237,0.005592116789830737,-0.009081495848275223
2023-07-03,0.012393528730600956,0.011371187107364511,0.012014674194002373,0.015457752769683086,0.009970723110084068,0.0011706778016009611,0.0020923830090737727,0.008891034516027352,0.0009223125029154122,-0.0014717040131794201,0.017002271787301737,0.020625464883990086,0.014893046379463426,0.010212106382257558
2023-07-04,0.002295362935460954,0.003968339157000456,0.003653179356298386,0.012880494635304496,0.0033112650921276465,0.0,0.0,0.0,-0.0018686456158967246,0.0,-0.00980076964632659,0.005650394224608002,-0.0035196994441785145,0.0
2023-07-05,-0.0015268004673218982,-0.003952653686601804,-0.00454964199448038,-0.0046242726754195385,-0.0049204234148435555,-0.0019683184132291975,-0.0018180183557514606,-0.022099682443103008,-0.00031523483706941136,0.04495214621001242,-0.0025078992749671958,-0.01572434408884249,-0.0055180669763451595,0.02255051640363681
2023-07-06,-0.022171230742983994,-0.017856981344468892,-0.016148617051120584,-0.016840750763283174,-0.017252131367249235,-0.007922511336500904,-0.008165110655578123,-0.012608345166010948,0.004704298353081393,0.0888574928131427,-0.016967659229543575,-0.030210286355532134,-0.008805723512020136,0.024334590052088823
2023-07-07,-0.0015637422177849913,-0.0033670011255143573,-0.005264931166792608,-0.005316063528592374,-0.005844051505954573,-0.0028651005386203243,-0.0013392981121250758,0.00042488567494536333,0.0032891535876820033,-0.03950775085850766,-0.0117352509739993,-0.009029898232907785,-0.011571487457600171,0.002227246129046234
2023-07-10,-0.001957771448258372,-0.0027027231630845083,-0.001245313183584229,-0.0029690008058191886,-0.0006847102627778323,0.002405026057131332,0.0018125503401811294,0.020814712333057983,-0.002167456816167368,0.01618339665224955,-0.006134583088778789,0.0062083933215346665,-0.0023785910763557405,-0.010864233753334673
2023-07-11,0.013730959451850877,0.014227499108353303,0.014650857879346724,0.01905894009509823,0.014778857816944768,0.0067422110558885695,0.005496316094583564,3.951320472084241e-05,0.0032310640020125625,-0.015262080085862384,0.000429945934571796,0.009746325601638794,0.016578743948906682,-0.006490270248587393
2023-07-12,0.0019349780508524095,0.001336070706195791,0.0055298463308250945,0.011688879341096525,0.0037351012604593947,0.007411233485312474,0.01150085121968658,0.0186264549792583,-0.0030134404822088623,-0.0876010901191373,-0.00806247948536376,0.010778187142270523,0.00477269394821378,-0.02989948680101573
2023-07-13,0.011201160413116362,0.010673864354824092,0.008249446927225401,0.016175709540742433,0.0058584437045106075,0.008470153458069118,0.015777784559968477,0.02065825987015546,-0.007410692182331924,0.005169844536294876,0.014882339000734435,0.025962103826047578,0.00641235161628706,-0.025900062540878843
2023-07-14,0.01031325812290218,0.007260699583375274,0.010302987970830069,0.013644238690929678,0.01303002929332564,-0.0010244071333035398,-0.0017590263115579985,-0.012502439779391472,-0.0024489496393167443,-0.019838318214570272,-0.0008658510966251809,0.0032639863247270196,0.014305973857507315,0.01542145413529461
2023-07-17,-0.0018904152555663245,0.001965857969542073,-0.00029995199613663814,0.0011216866053058716,0.0029263463837654324,0.0038553825145495324,0.009299474849521872,0.023932026663123995,-0.00025192838579823906,0.010494706750155292,0.0,0.0,-0.0035384273695355795,-0.00576068980194655
2023-07-18,-0.0019214738693792421,-0.001304875572910258,-0.0011656538458429955,0.0028008707720876824,-0.006136906213254134,0.007117275205842377,0.007630033916212975,0.0018473327005086304,0.0,-0.013353068072256224,0.003168473845031272,-0.02050392083184316,-0.004345125167048547,-0.0021068994331954194
2023-07-19,-0.008471311993412556,-0.004000020285501171,-0.005221184191190442,-0.012290304620862447,-0.006470355493731206,0.002357910335732072,0.0003051409203362887,-0.011872049592630884,-0.0015186069095689536,0.03458646853760361,0.012375884120524594,-0.0033346175640652786,0.0002377160088578023,-0.012404310084344394
2023-07-20,0.004660256691802811,0.0,0.0006174961370981613,0.0028280081316036654,0.002830680528370877,-0.006756896218903741,-0.02052580861142228,-0.03636700870585663,0.004540036607663556,0.016715082733324893,-0.012327071179749072,-0.001281691515391814,-0.003071040163334482,0.029930514557231502
2023-07-21,-0.016621691878238476,-0.01472564392123965,-0.009565025500196112,-0.004512121285907722,-0.007817783939418455,0.0003240945218980773,-0.0021687640343482917,0.009029797566113329,-0.0001771974418194322,-0.02787701186768976,-0.005733042559410095,0.007778956172985074,0.0036650716930650695,-0.0044110529217472605
2023-07-24,0.0003930178617133073,0.0013587026736985308,0.0028037062917656286,0.013031086692729232,0.00017087708570384663,0.004034153877153557,0.0018571154083166785,-3.8955965493414624e-05,0.009156598400786198,0.022794077738759633,0.012279791455458655,-0.021342271612659225,0.007192239692927149,0.005212462836029053
2023-07-25,0.01257380156851684,0.010854872844831887,0.009009000229848851,0.0055928861515806005,0.009703242945243273,0.002814673351556163,0.006095045505843499,0.016821768051535013,-0.0007024221354253735,-0.003594550056315482,-0.0005635828146900446,0.04104584460519467,0.0030168693346623865,0.014259742477034765
2023-07-26,-0.002716399539437253,-0.0013422887320960752,-0.002155054882077234,-0.003893151400234829,-0.002112917893505095,-0.00015543889679858758,-0.0012216214148701443,-0.013808775365718229,-0.0042811141890044535,-0.04834055504259438,-0.00043356284375395404,-0.003563771674602867,-0.016726919493950332,-0.015593014116123127
2023-07-27,0.007782163903255812,0.004704161967272524,0.00462823398236667,0.0005583381808182963,0.0046187499900423035,-0.006424666064487883,-0.005462475464587224,0.0188059629352495,0.001540150649083527,0.09249433706148413,0.006820680621229425,0.014147521843776989,0.004416805805294466,0.04180732547416732
2023-07-28,0.0,0.0006690622270093538,0.001228415697002161,0.00781250793035948,0.0029642679295842633,0.009877842794752345,0.018971367342880407,0.021832464763391624,0.0026366433109039633,-0.07494794830966023,-0.004011098631768073,0.014127482391242507,0.0017320809368333023,-0.010717841957723184
2023-07-31,-0.005405341987401613,-0.004010715581290847,-0.009202455561931888,-0.01218168665757624,-0.008529497468934832,0.0014687129405193122,0.0020507139709664557,0.004145758004626021,0.0018276753650217081,0.022505640844104002,0.012606776024362443,0.00815295923549808,0.009301009511798242,-0.0025195238620708826
2023-08-01,0.005046393653777903,0.004697847623669871,0.005882429492068075,0.004484368031411279,0.003933377836203622,-0.002665087639215691,-0.004329380345865719,0.0006350951115996484,0.0014479631182464647,0.022010285268964536,0.00917512866093717,-0.0033776839986160434,0.013101212198999734,0.023238192740247854
2023-08-02,-0.012359921786041839,-0.011355942795274743,-0.015081640107684202,-0.025111603630840862,-0.01854070168475186,-0.013839541336347905,-0.02173494215109273,-0.03827184173152354,0.0062454493864865235,0.15506100503167586,-0.022967958941442768,-0.024673196825241606,-0.018972166594549256,0.00666500854622587
2023-08-03,0.0,0.0,0.0,0.0,0.0,-0.0025479738404268204,-0.0009826112061147585,-0.002562652822956646,0.0011109649518115106,-0.010565573317698362,-0.016767010003441385,-0.004944911381572048,-0.004234743088613602,0.02721923961896988
2023-08-04,-0.004693062860122832,-0.005405433188690467,-0.003124913409242147,-0.0017172709393178387,-0.002962683780387332,-0.005300074155050516,-0.0036160820687143325,-0.00157640573675355,0.00032876483677957147,0.07412062182919765,0.0010407790179629561,0.006106410378252658,-0.00099403308402235,-0.030794982794477344
2023-08-07,0.009823246560289878,0.006793513368492876,0.009717814557671067,0.018348603439281908,0.009043173185787845,0.00902409277936278,0.006122559882137724,0.01052602545547865,0.0003634997101045201,-0.07777777158106369,0.0019200145024889093,-7.886684437863334e-05,-0.008487047593444874,0.004433528605590764
2023-08-08,-0.011673087784915603,-0.009446632934672516,-0.010245299349453618,-0.00788282305918131,-0.0069975104436338365,-0.004218283044793103,-0.007866008907301492,-0.01591364223238867,0.00042652007585042284,0.013950495051900047,0.0038049972947744592,-0.01810581686354107,-0.0026078019500901384,-0.01275135971083885
2023-08-09,0.0015747389733404837,0.0013624047297946529,-0.00031355607884875347,-0.003972762252516193,-0.00036326561787558553,-0.007038730380597102,-0.011689501365355404,-0.01834755563797985,0.004105387823833073,-0.0018761559349974588,-0.005341984748665207,0.003224500994930324,0.012098049306925374,-0.003477381740003227
2023-08-10,-0.00628937164856147,-0.005442204434117248,-0.008158164772513299,-0.019942971120855302,-0.014002790717812741,0.00025071394456976925,0.0011638740994814878,-0.004033357114729519,-0.002720516060018996,-0.00689220904851684,0.008362860268996464,0.00011589241165510522,-0.0013665621674264772,0.016949112253312304
2023-08-11,-0.0007909464051373272,-0.0020520493869037315,-0.00031643279220217035,0.0017440870113072382,-0.002010809952746051,-0.0010696923700230787,-0.006779785355134793,-0.02423916152465888,0.0010249841079341682,-0.06372241038319659,0.0,-0.008991478430121824,-0.003959181643376164,0.02156870078234019
2023-08-14,-0.014251843051598545,-0.012337059045070764,-0.013291141292885222,-0.0063841801666641995,-0.012504470672389134,0.005750475751703066,0.010515357285537208,0.02884794463515883,0.00480438042102449,-0.0013477397276295822,-0.012740798444219381,-0.015813141600309666,-0.007868717342637166,0.0038387219666558003
2023-08-15,0.001606294974334066,0.00069379751535803,0.0028864996699475842,0.0075934050661801145,0.0037295286359031454,-0.011550909428841738,-0.011406767356623049,-0.016695621162534535,0.0003135457817806664,0.110661229650443,0.005582687782894835,-0.01025066640255401,0.0,0.00884325505636574
2023-08-16,-0.005212444869311272,-0.004160796897551777,-0.004796897114391574,0.007742793970521911,-0.00048748596118775023,-0.007555395210577687,-0.011475265963829862,-0.019355336797314604,-0.001225512175489496,0.019441167677507476,-0.014642883280044594,-0.013551860046031261,-0.017593352657915062,0.008765624436926078
2023-08-17,0.004433695799896276,0.00139287743478822,0.006426690994676187,0.005910126316392983,0.0042489084405892275,-0.007712913029036983,-0.011703489942506917,-0.00977544514336215,0.0015031977294908128,0.06615009878315026,-0.004432936979990698,-0.00014566414217676016,-0.002292407139627861,0.011742647239154191
2023-08-18,-0.006019261244740948,-0.0048679524289056975,-0.0063856523800303044,-0.013513424482048175,-0.008194791480666375,-0.00014870682600087726,-0.001963621846486574,0.005375153649420872,-0.0005138810643254832,-0.03297932770916012,-0.005541017971763762,-0.02050465537738322,-0.006091670957144357,-0.01323123469275822
2023-08-21,-0.00686314044601033,-0.00349413423614775,-0.0038561086761000896,-0.002978083786357777,1.1028670310109234e-05,0.006879188518795987,0.015560378401998198,0.028729565379419286,0.00017556763480008897,-0.009826594438788527,0.003652721277040971,-0.018247634736125673,0.001716929058943828,0.021406747038388074
2023-08-22,0.00813001470852348,0.004908917727219908,0.0058064525268723965,0.007765920443631558,0.0034257652888769474,-0.002777466728829614,0.0006134631095886522,-0.008817032203864206,0.0004451197536554652,-0.009340330137234454,0.00922111215666166,0.009516992119359191,0.0027662393459739754,-0.0032243065270023408
2023-08-23,0.006854904232233006,0.007676185876577035,0.007697243026276723,0.00889146431320409,0.008473921751471325,0.011044879965972587,0.015930862238648924,0.02044322685676425,0.001904946196743973,-0.058338232832990555,0.004819983721051635,0.003086399084333946,-0.0040703690660103264,-0.030036994542153694
2023-08-24,0.017220728753559955,0.01662047036055525,0.012730791097591343,0.018213884742672715,0.011701147104056897,-0.013457974663146133,-0.018734784615455746,-0.03304956776924639,-0.0037901822213773917,0.07634551036616566,0.008651950152944732,0.020522898320924465,0.012843716479993939,0.008813763624162307
2023-08-25,-0.019291336114359292,-0.0170300039955934,-0.018856067433098422,-0.025966701023758754,-0.01724949733220682,0.006717966037625089,0.00940886429747212,0.004300821309038749,-0.0013090351627094154,-0.0883721157175057,-0.020532329097990853,-0.005094357085014933,-0.0073059012806685475,0.0009444415482671165
2023-08-28,0.006423057172469271,0.0034650772304058997,0.004164009066452534,0.0023698627799733085,0.001679431666672393,0.006264619755036449,0.008423400565617412,0.01266184242089774,-6.600817961854855e-05,-0.03826532970612717,0.017256075067422216,0.0006263791983898148,0.009634248420563818,-0.006369415287834079
2023-08-29,0.0055843634194510106,0.004834222571411972,0.006060617784776401,0.004137018660777425,0.006928876680357243,0.01450830719454621,0.017411719907285406,0.026267418489019256,0.0001886243790714115,-0.04177719612919528,0.0017712305268005046,0.019485639192501347,0.0034402633874863753,-0.021367444927118173
2023-08-30,0.004363347596578304,0.004810965294395508,0.0038046264857460876,0.005885915694723742,0.005785126588636391,0.003833182103508026,0.005418180315595267,0.004715016104195557,-0.0016028849651440469,-0.03944634618325349,0.0033043823869141065,-6.329366050061846e-05,0.003549957254152636,-0.000970448012895142
2023-08-31,-0.007109068460009027,-0.006840090818905686,-0.00631707633162526,-0.0011704053887546806,-0.005102360269459427,-0.0015969365120942491,0.001117041903629934,0.006920920224661176,0.0010010172886230073,-0.022334323995730432,0.008841580763735646,-0.005453638210402678,-0.0019326536683672568,-0.006070931321554562
2023-09-01,0.001591154532990302,0.0013774176846073072,0.0,-0.003514846494191093,0.0006269909752045777,0.0017991292600010311,-0.00022516302575414926,0.002604654378284721,0.0002830540251703706,-0.03537211149823438,0.002798318338514516,0.0,0.00291046773204906,0.019545547269381958
2023-09-04,0.006751454090092812,0.006877726389693528,0.007310794205074966,0.006466811005812367,0.008696336830040119,0.0,0.0,0.0,0.0017354415040899962,0.0,0.006987350067952036,0.025138618611152186,0.008128878932546657,0.0
2023-09-05,-0.002366991803795737,-0.0013661271660196928,-0.0012620740895892268,0.002336364187929485,0.00011435124397984886,-0.004194177587506065,-0.0007739112297372452,-0.0003322720632343845,-0.00016324073626783342,0.07028266352709411,0.0029624912391801317,-0.020550133133503512,-0.0009170328075382983,0.02276546135682067
2023-09-06,-0.0035585903551303977,-0.003420156115613082,-0.002527734311971397,0.0011655623344730692,-0.0031830908852356066,-0.006971599351452862,-0.010589900590306622,-0.007228749234507448,0.0014658741223405602,0.03140610800820931,0.006182743158633208,-0.0003754521987340276,-0.007296100290745344,0.0051546005902367575
2023-09-07,-0.009127047432429092,-0.0089222127416414,-0.007602088625211834,-0.008149094138973023,-0.007110669878825249,-0.0032112659361860363,-0.008912590971509537,-0.022887896234135785,0.0009215558948310054,-0.003460220857774976,-0.00751906559349147,-0.01343687906173685,-0.005882979865309057,-0.006992944810711221
2023-09-08,-0.004405286056931912,-0.004155033525527485,-0.003191940343956645,-0.00821597821393194,-0.0025946644729110124,0.0014266227216406246,0.000923729163887721,-0.005176170672078206,0.0030531171425924875,-0.03888885283175714,-0.011646733089296424,0.0,-0.00022763694551453106,-0.00046956144863563587
2023-09-11,-0.004022460519078397,-0.003477124956905997,-0.006083838908109818,-0.01183417281444532,-0.0086311621574936,0.006723453106275201,0.011362063076793438,-0.0005667981285356616,0.0016733677994777985,-0.0028901706222559387,-0.004265365143984012,-0.00580269672277145,0.0036111094873485516,0.007045610740729291
2023-09-12,0.010096929207827232,0.007676185876577035,0.007409783417680504,0.011377169919793984,0.008504968699746929,-0.005695885604828921,-0.010366463632020317,-0.008487873810550606,-0.00556332326305542,0.031159372866542467,0.009505162362687614,-0.0038990297431881205,-0.007939287576219978,-0.005597053929302653
2023-09-13,0.0011994550636742485,0.0006924682255384784,0.0015989657047972283,-0.0017762571507681235,0.0005309226811582857,0.0012416323054647016,0.0029026153032538637,0.005128115590925519,0.0017958901124717208,-0.052705553346921175,-0.002131156078877816,-0.0009247766017108638,-0.0007412054400879331,-0.0035177923781202214
2023-09-14,0.013977634875675271,0.013840788979520013,0.012132846354670823,0.016607456584815772,0.013632701994279461,0.00842991886716793,0.008141255257291702,0.007154826104673884,-0.002155596677621885,-0.04896141467543513,0.014112844713084716,0.0021488558215783105,0.015066848992755011,0.009178638189459853
2023-09-15,0.0031507825884493634,0.0034130420564382202,0.007255510307479396,0.008168111735856964,0.006744546579728228,-0.012159612938677844,-0.015633990228098638,-0.02886027556267401,-0.000815148181333325,0.07566304915127442,0.011004195719861665,0.007478463097645216,0.011034338002821498,0.007929085598050278
2023-09-18,-0.010600579115871533,-0.009523857759705101,-0.01190112226618234,-0.012731601177454643,-0.013160022535897986,0.0007212876971294246,0.0001393427382558876,0.0034080459853778056,0.00028554359396615325,0.015228429204342975,0.0,-0.013877872828594873,-0.01021038038758526,-0.0006941831052469372
2023-09-19,-0.004365143284643436,-0.004121011355236015,-0.004754326017763599,-0.004689370136024773,-0.003708170502154551,-0.002151010615372817,-0.0023376544932555143,-0.00842942175176531,0.0006430824687451153,0.007857118334088975,-0.008663084772492113,0.003715398452492913,-0.006023959864415618,0.010650615025019405
2023-09-20,-0.005579976719495394,-0.0062066500587468765,-0.005095520106155549,-0.007656085446854699,-0.006105335229911635,-0.0093947947580596,-0.0152842254938379,-0.016417404108501343,0.0025549508158961842,0.07299792428826057,-0.006582176502446524,-0.00619932539306578,0.00020710660905720601,-0.0036654741913649813
2023-09-21,-0.016031933870991888,-0.013185522376626624,-0.012163782776587473,-0.014243230651190264,-0.013189197183205104,-0.01640093410321941,-0.01820083525776428,-0.01845396500028018,0.0009036943995639479,0.15852050976095722,-0.013709876216098094,-0.012870099865388007,-0.01749006528086894,0.030121876902990286
2023-09-22,-0.0008146638432753317,-0.0028128404293255027,-0.0019443322734558066,0.0024081719233504106,0.001704425413283417,-0.002295598477193961,-0.0009203657299904355,0.0083297053893987,0.004033278269981899,-0.019384272225830057,-0.005176966901723867,0.022771437136943407,-0.0027197493291392094,-0.00937495908832997
2023-09-25,0.007337886310358366,0.0077573875696432815,0.00616877528551818,0.009609546253916745,0.006592439582647769,0.0040230650909416354,0.00450435966933882,0.007316520366319024,-0.0002178097385048261,-0.017441926226863136,0.008524334549284251,-0.018173118045335723,-0.0049319108757653884,0.023433891387502515
2023-09-26,-0.011736138443110167,-0.011896435747025924,-0.011939281049152206,-0.01368238303131164,-0.01070737226691576,-0.014734533990868215,-0.01565103968908521,-0.018157250635470912,-0.0008777210926956824,0.12071011606950299,-0.011125572895551827,-0.014799728909039578,-0.013138298127302384,0.003522737007604304
2023-09-27,0.00040956692439997333,0.0,0.0022861674643279706,0.0018095395868642505,0.0021067762920736754,0.00022931406074522265,0.0022382218257912534,0.008817770202447006,0.002710100200153054,-0.03801484690607215,0.0017592300801205774,0.00829962653693328,0.0008526688027992169,0.01491878860767204
2023-09-28,0.004093327331028185,0.003541152065962505,0.003258299611473392,0.006020287683026426,0.0026596520173354232,0.005893173970516585,0.008281670323690316,0.01851687638266486,0.001118344873288768,-0.0482985287557941,-0.015426368342577157,-0.013561300157464373,0.0,-0.006268872871768805
2023-09-29,0.0,0.0,0.0,0.0,0.0,-0.002709582086142026,0.0013665370849522684,0.00362322913160229,-0.005120149624754378,0.010380640345549086,-0.00046749961547254415,0.025132684226436997,0.0,-0.005220832545001275
2023-10-02,0.013045248985079416,0.013408620782214387,0.01136731714973771,0.020347178667387,0.012447936042918384,7.936755559079245e-05,0.006690905179622897,0.0050459754362128795,0.005745343056007934,0.0051369948765045415,-0.003067971929056168,0.0,0.0,0.02405426079499695
2023-10-03,-0.006036216514397896,-0.004874732889997513,-0.005780414753522423,-0.005864995243288762,-0.006219047642639919,-0.013744071674259506,-0.018658258553729046,-0.020691548828088546,0.0019166355232618226,0.1232254401523627,-0.016433985019056907,-0.026864041701385233,0.0,0.02541105184898873
2023-10-04,-0.012955529670241162,-0.01259617278498626,-0.011950850525510592,-0.007079738456497786,-0.010997704110641382,0.008109754957160709,0.013518162893201069,0.01327785058205877,0.0001516111518740093,-0.06066737721347171,-0.02276265996407989,-0.007811386266092013,-0.024088616269088647,-0.013952501379272841
2023-10-05,0.014356095226878862,0.012048196917141762,0.012422384876397574,0.011883604053142038,0.011069590320801126,-0.001304030159777203,-0.0012223991812109203,-0.00484775028116502,-0.0006344507962983137,-0.004843926423974909,0.017967067063012987,0.0010484685272031946,-0.0008687086868636174,-0.003801504831563718
2023-10-06,0.0036392383021994767,0.00490192911521925,0.004843431197725456,0.0035232404746605717,0.004075163439813068,0.011814893014644445,0.015999431488532334,0.021485105225037326,-0.002709645805099248,-0.05624656684978524,-0.002596573450729389,0.015807679604279867,0.002134249710466385,0.014203924560864056
2023-10-09,0.0,0.0,0.0,0.0,0.0,0.00630385429964031,0.00393857881941817,-0.002498897701890157,-0.0026612155142728966,0.01432664693808805,0.0,0.0017968636034537688,0.0,0.002717393742010632
2023-10-10,0.0,0.0,0.0,0.0,0.0,0.005207990781392224,0.0058289980012835585,0.012818593522961885,0.0006008641088628419,-0.03785311002340763,0.02425769904616293,0.008410498980422343,-0.0025531721669164176,-0.029601776852135164
2023-10-11,0.01732480244993062,0.015330863551987095,0.014138773947884431,0.007021465397827331,0.009167902893788105,0.00429300817103373,0.007140086063511575,0.007523659269683902,-0.003758872824822568,-0.05519674081955506,0.005984290974720752,0.012927971985137177,0.019770412829307027,-0.012889455835098595
2023-10-12,0.008316701903074986,0.008236256123204333,0.007921365349312648,0.004067650791068411,0.009229881775930204,-0.00624643434611849,-0.006256366393108337,0.002557514078037393,0.0013337411367397856,0.03729026574143468,0.01747687504743456,0.01928739769291732,0.012138374782074246,0.02546248277237595
2023-10-13,-0.0027493470165209644,-0.002042160955557204,-0.002200511484806822,-0.0005787681371370867,-0.002575780052759935,-0.005018858888767519,-0.012301941561011387,-0.02722296680959324,0.0034498526735733392,0.15757933352966802,-0.0054984394671576675,-0.023289659287613396,-0.009545114307944469,-0.017614539081015734
2023-10-16,-0.0055139175297649334,-0.005457053634861597,-0.005041002370806291,-0.008106762782459809,-0.007765799618186464,0.01059436938392988,0.011989799114342059,0.014160006106909595,0.0007802568918739983,-0.10921328383441054,-0.02032928382312671,-0.009716806757885443,-0.00810614697839751,0.017930374360933587
2023-10-17,0.00237617296309911,0.0,-0.0009500016124731614,-0.001751095545817316,-0.0005818708467223432,-9.824505308242415e-05,-0.002522886057275797,-0.007301530985425186,-0.0002609097479768785,0.03893086065869911,0.01204268652869378,0.007538421747714574,0.009822485361272948,0.028650303892618467
2023-10-18,-0.013828525386377244,-0.010973992937773347,-0.010776525333835885,-0.016374298553980315,-0.01211596873882903,-0.013399820506516447,-0.01621503244204303,-0.018024336262163154,0.004303052871834856,0.07494408364001504,6.120224122119211e-05,-0.002296715916021541,0.0009878081020509022,0.011759785835487202
2023-10-19,0.00040064099955827714,0.0020805106903971637,0.0012816854136386002,0.0017835090222468875,0.0007189573075738753,-0.008482848196321058,-0.009622745399077814,-0.01540527060976793,0.0021748199303619486,0.11342353709976805,-0.019088261884699143,-0.024623060782791195,-0.019004323467974538,0.017128897626150108
2023-10-20,0.004405416209857016,0.0013839780902245025,0.0006400223994456056,0.0005934679437995527,-0.0007299557752927788,-0.012585283719027562,-0.01534713783548236,-0.014461420617129295,-0.0014508549811510507,0.01448595661066987,-0.005448819345834743,-0.007155443354048163,-0.016888835169912575,-0.012830820123599151
2023-10-23,-0.012360573750496817,-0.011057193859272063,-0.011832372966357974,-0.013641736824400397,-0.011517764639509154,-0.0016855698941634634,0.002658734913320915,-0.005685531196697791,-0.0005038966791286459,-0.06172263020488311,-0.008311385739970922,0.0,-0.007570518092105294,-0.017465469008682177
2023-10-24,0.0008074282877659211,0.000698758984589487,0.0009707723352083697,0.0024052759352881647,0.0035935092693262227,0.007265792222727274,0.009336069859430474,0.013569666350197407,-0.0029692153040949965,-0.06872859441333212,0.0020257980048854485,-0.01051713173973412,0.011238763360034154,0.00041346257808849707
2023-10-25,0.0020169421832412215,0.0013967681736686277,0.0016165425124514687,0.002399433658034855,0.00301229959965732,-0.014339628627712542,-0.02425064995187376,-0.04042438837768414,-0.000992725378481718,0.0643121383691494,0.006682376417441072,0.005520443722935031,-0.008533670010735572,0.023347089362433238
2023-10-26,-0.01972624669668477,-0.01603918769064072,-0.017430536021822984,-0.02094540695381575,-0.01743085381652021,-0.011832519778109618,-0.01759656099899698,-0.005947123538420085,0.005474476980509069,0.024269428338627552,-0.02136687994946218,-0.0023833723398259954,-0.027120285831646607,-0.021805022607645497
2023-10-27,0.004517453497302704,0.0014173269713444459,0.0032851972935508122,-0.0006112429306097678,0.003786929258525973,-0.004800280229768528,0.0037631692898962843,0.010759741621394259,-0.0006609096449337049,0.02852998761514658,0.012741421094093708,0.020776134316659922,0.0016223795352929837,0.0
2023-10-30,-0.0024529843014717834,-0.0014153209987199933,-0.00032751933445984704,0.0030580838852045655,0.0009339758202491222,0.012010022325859904,0.011585113500682365,-0.013391121213692125,0.0017028794282381021,-0.07146217325109949,-0.009509920911887626,0.0004384748797450211,0.0033611066642211807,0.006191994036631954
2023-10-31,-0.0069672126507607235,-0.006378544908996142,-0.006550888814834788,-0.010975609843869027,-0.009189665623205556,0.006474957307233353,0.004828950306144497,0.00914758513751468,-0.005136671932754799,-0.08151901824564878,0.005273768703182302,-0.016883421737924453,-0.014091907946449322,0.0
2023-11-01,0.0049525378436783285,0.002853197312649547,0.002307957658461035,0.0036991854121994905,0.0023304425308050547,0.010505999486313922,0.016358692885156012,0.023531230852974483,0.004818957001067936,-0.0700109478029951,0.024070916144078636,-0.0006253431169456203,0.010346870908308992,-0.01764101859850764
2023-11-02,0.022587334219953847,0.02418208418235812,0.022697267316292846,0.026412602146948405,0.022345500970104792,0.01885855702012762,0.017817344295621318,0.02272489740499606,-0.0008054883399617463,-0.07172501076628712,0.011019685050319694,0.007531996796294571,0.018057342643990504,-0.025057399185384077
2023-11-03,0.007630455833022687,0.005555583654930585,0.00707627649063336,0.004787804139112506,0.0067513273596293555,0.009393730253031363,0.013847390311102048,0.02628029494365225,-0.006727043338677685,-0.047892720773170416,0.0,0.025160444349631605,0.01076341350071175,-0.023773839686923592
2023-11-06,0.008768433071010495,0.008977778046041385,0.008623410841550161,0.01131611380101627,0.008584443032273015,0.0017529924220356374,0.0030048343837911773,-0.0018517820452630396,-0.0021642199929325923,-0.0013413483765277734,0.023743112383502796,0.01712345239052193,0.05659239143152339,0.02281704465792278
2023-11-07,-0.0003951649275878433,-0.0006845216136674992,0.00031673342481930433,0.0005889243025118951,0.00213761039979965,0.0028401189192852616,0.008956435098135707,0.00636618283677115,0.0003926512985428232,-0.005372728130387805,-0.013350059372742473,-0.01649893998126295,-0.02334193325312295,-0.01951953595216005
2023-11-08,0.005533661065588058,0.0047944901000080975,0.0037986046428493125,0.008240017974128433,0.0033491776715870447,0.0010049156221052513,0.0007734540102011245,0.0010056151475643649,-0.0006791163810595524,-0.02430794059092134,-0.0032641432286730776,-0.00575542144783725,-0.00914083868273785,-0.010501057679247916
2023-11-09,0.0003930178617133073,0.0013634439902328044,0.0018921478994757823,0.0029190438203856583,0.0002879374844320104,-0.008083839306732843,-0.00944733231172945,-0.004792053991013789,0.0042331222103415556,0.058131499216304006,0.014921758978770017,-0.0032542335497337538,0.0022546727699972458,0.023656943742489833
2023-11-10,-0.003929145386296629,-0.004084321911114519,-0.004091856427004936,-0.006402889125600386,-0.003761004635882026,0.015616441094852496,0.020460834618605483,0.040328668980448734,0.0011640889396631326,-0.07325048321473948,-0.0024000017230044746,-0.01759032677580752,-0.0071774170834456585,-0.0004320371121424582
2023-11-13,0.015384549311324935,0.015037559049020377,0.01264220439256003,0.012302481337382876,0.00938813399524463,-0.0008358389332403515,-0.0022010345194884984,-0.009741763008838333,0.0028615993590586086,0.04163727236494141,0.0005219830173208706,0.01295982127297135,-0.0024484377708658966,0.0008643446646732222
2023-11-14,0.002331002183846742,0.003366965935573285,0.003433263329162939,0.0028934308416135313,0.004538307687240062,0.019075017703661823,0.02372500082634854,0.036983428963593745,-0.0031317602473895922,-0.04065043171853533,0.003400949532642139,-0.0016843341679536605,0.012268275582657084,-0.041234884714939524
2023-11-15,0.012015566102115072,0.010738201230990674,0.012441593842116072,0.007501324915085261,0.012595885574200327,0.0015970120755575135,0.0006711867436635099,0.007262813486399677,-0.005194670295959769,0.0014124617216946245,0.025194864899802383,0.03921056153274782,0.02195414440563037,0.021166373112783576
2023-11-16,0.00038299497339333577,0.002162975926441213,0.0016515401836123544,-0.0011453327319356221,0.0024753889281960983,0.0011904273935798848,0.0006969788535535759,0.0004883706233840268,-0.002132410680105945,0.009873017393189798,-0.0028427779699973232,-0.013616886304552267,0.000607241738174169,-0.019845574151913237
2023-11-17,0.003062724543913431,0.0020105311596403386,0.0,0.005160516230300116,0.0021995886093659767,0.0012820490603360213,0.0008368161463585544,0.007031158123034675,-0.005361010585086534,-0.03631281530524766,0.004810528046668816,-0.021232247773482982,-0.007366763854689928,-0.0008999295310873068
2023-11-20,-0.00038167936564070803,-0.0013377003647505603,-0.0019024960663723833,0.002852167125856564,8.841239262546985e-05,0.007390278097329839,0.011259780156814392,0.01473990732032604,-0.0032132626900811534,-0.028260894053073637,-0.0058706803394491525,0.018556052702694448,0.008644189999986063,-0.004278327734979492
2023-11-21,0.012218403212890028,0.012056394347190746,0.011753554258716159,0.011945516119279409,0.01198273534654426,-0.0020209310950652926,-0.005918976898016903,-0.018692251244390556,-0.008404013385645337,-0.004474233156233853,-0.0010150531112852468,-0.0024850665299110952,0.007715145744958685,-0.0009045025203787693
2023-11-22,-0.009053125625411607,-0.007280025684989533,-0.008477238604185033,-0.006745450506602135,-0.006111344738066848,0.00406112922094648,0.004639434748342275,0.003194037458386534,-0.0029871571577547718,-0.03745318245039286,0.002928796790128585,3.997906550745611e-05,0.000509886527636727,-0.00045276862346899094
2023-11-23,-0.00038060044932253234,-0.001333347840157817,0.00031664905227568596,-0.0022637090065130705,-0.000907495588610141,0.0,0.0,0.0,0.004589758947224354,0.0,0.0,0.009937649468095833,0.001297929620974081,0.0
2023-11-24,-0.0007617382408747764,-0.0006676708253590125,-0.00031654881739273666,0.0005672112528498641,-0.000412318276733159,0.0005968736678840791,-0.0010522142946574053,0.0007184075492057129,0.003045899881200631,-0.0303502203692656,0.005192634744831226,-0.019620516119886355,-0.007288417473718778,0.0126812124319311
2023-11-27,-0.0064785962085811555,-0.008684023455381773,-0.005699811061154247,-0.010204148545980063,-0.008676829780145168,-0.001954157460090089,-0.0006897889174645178,-0.001396873740055593,0.0006958739453368779,0.018459032225695893,-0.00528941457244636,-0.0019567488648754017,-0.00038851201365586174,-0.018559968881897926
2023-11-28,0.006904362395190988,0.008760096337447676,0.007961863665865598,0.008591212346392041,0.011893860280847823,0.0009801185306033133,0.0028607666948001764,-0.005847900876968182,-0.0035086629839250483,0.0,-0.0011744090933085705,-0.009752886240697034,0.010458194856441727,-0.012075637738472866
2023-11-29,-0.0007618428586904091,-0.0006679031443178607,-0.00157980740744057,0.002839277013900965,0.0016902211129532496,-0.0009462486392383118,-0.001629318209511399,0.010845871391275796,-0.00802538501065364,0.02285263762351275,-0.002609280883311027,-0.020784732570126918,-0.0007732500968862244,-0.014990788223045892
2023-11-30,0.0015250332627243512,0.0020051555642639496,0.002531653025061198,0.0016988098439136845,0.0036434669065061875,0.0037840728581564065,-0.002263248582567323,-0.006978866835768427,-0.006491401865898361,-0.004622455166284678,0.004971963247892841,0.002909440810165531,0.006143312435775039,0.018965190775059648
2023-12-01,0.003425898892528867,0.0013343443652369391,0.0006312990213013236,0.0,0.00025811855102730874,0.005873742123607695,0.005539809477836721,0.004691979669899871,0.00981686899414469,-0.022445817348339614,-0.001653748831748958,-0.012473247913838637,-0.011943418240254688,-0.02895229722205117
2023-12-04,-0.0037935031834961386,-0.0019985829024957713,0.0006308369166911909,-0.003391857566803602,-0.0009673587812422113,-0.005408509126972105,-0.00835650374571173,-0.011200336008276857,-0.005896645950528856,0.03562943825713938,-0.005989624076367828,-0.010947516767214616,0.003968024625650157,0.014671149342334822
2023-12-05,-0.007235399454976643,-0.006675640151166395,-0.0069355966643164235,-0.007373679335768268,-0.0053652560293405704,-0.0005688697261614362,0.0031313631845699685,-0.005683208327128542,0.007521885066418044,-0.01758406296467019,-0.013705441446397515,-0.019115070227102016,-0.00821882036474264,-0.02728547110131141
2023-12-06,0.003452181197595605,0.002688309054572402,0.00412689189083304,0.002856988881566158,0.0018877492535174234,-0.003906202808869552,-0.00584685317046485,-0.006168933809148847,0.002940513077498652,0.009338512217643702,0.020444282358493604,0.008292538712798558,0.0004409502953583999,-0.011987578683561373
2023-12-07,-0.006116269687335141,-0.005362095610901507,-0.006323034191688559,-0.003418848371421479,-0.004722181190049524,0.007968189065892917,0.013662559985409661,0.026812033476421915,-0.0008535741997394153,0.00693910182998847,-0.017568367758098113,-0.007129214922099836,-0.0013263769880978993,0.0019413671932086984
2023-12-08,0.008077048073798165,0.006064756722931053,0.006363269361431945,0.005145831747384033,0.006091300556195112,0.00409549786994079,0.004461613372241491,0.007899380144548163,-0.0019720937647662584,-0.05436447284339452,-0.016752207959197962,-0.0007047356551254103,0.010344825221486165,0.028093895225866028
2023-12-11,0.0011445391576101471,0.0020093990578651244,0.00031621247047586287,0.0022753651786879825,0.001975933540682595,0.003924494286698943,0.001980044970512962,0.0341087192912608,-0.0005568435956523343,0.022672042455262664,0.014979061306193309,-0.00813498664834833,0.0029827072599022397,-0.001413437484905744
2023-12-12,0.002286585224252846,0.0020051555642639496,0.0028444371582840855,0.0017025994921409104,0.0018538515102279884,0.00459935752021523,0.006991874209597793,0.007208186615429657,-0.002594788416349525,-0.044338908514846676,0.0015826650645449636,0.010678632836991886,0.003924158016217261,-0.007784853406033632
2023-12-13,0.000380228113389558,0.0013343443652369391,0.000630431799877762,0.007365524572769733,0.0010486055359522073,0.013650676351045998,0.013799906761109648,0.015398898977952546,0.004631688947277279,0.009941995740939458,0.002516535765338279,-0.008901035146111291,-0.009707095193917548,-0.041131684492509035
2023-12-14,0.012162675037481918,0.009993447496345675,0.01007870590076343,0.0129357971378945,0.01054327258708887,0.0026470624846992585,0.001873196984936376,0.027721226129112875,-0.010043531382914583,0.023789989486111995,-0.007292079173856991,0.010687172648848442,0.013351079279824818,-0.025539282372490146
2023-12-15,0.004130679432512663,0.0032980833459193004,0.0024946136442989264,0.0011104868918767608,0.0011759835156519571,-7.62494933082003e-05,0.0035470745020602656,0.0037200454550079254,0.0008762037854230798,-0.016025626330215204,0.008697870855482126,0.02377731345650913,0.007617435666441796,-0.0005089296249639608
2023-12-18,0.0014958254528782966,0.0006575745838535152,0.0009330421446478443,0.0,-0.001235713786054915,0.004528344366900416,0.00613542188136762,-0.0027753207973660876,0.00524301763827939,0.022801359343169958,-0.006416948079020823,-0.009704451276582815,0.0012872914044133044,0.006619150474779456
2023-12-19,-0.0037340085915328336,-0.001971217139066006,-0.0027967686283129067,-0.002773203162581561,-0.004275911531506638,0.005866407818910568,0.00660257722755575,0.005336846261945416,0.0008677068074613992,-0.0023885896212750835,0.014054471465899221,-0.007470608395466982,0.000658369110713819,-0.00809308671743203
2023-12-20,0.002623687836327937,0.0019751105107563838,0.0037394622933506483,0.003893255028391218,0.0033367432683415466,-0.014684266911006771,-0.015015396760213684,-0.029643960557766302,-0.0033465989557395215,0.09098167339325469,0.013743502594728785,0.006592580846713103,0.017811605431193644,-0.011473696752473894
2023-12-21,-0.00859819054265254,-0.007884553178341913,-0.007451061622717803,-0.005540064582534976,-0.005186161111112364,0.010301467821202559,0.012581569697390549,0.027678751162358406,0.0012791495872452874,-0.0014630912693524012,-0.015900747949116556,0.0004406161054590907,-0.00546227633789631,0.004384823197284726
2023-12-22,0.002639578456642866,0.001986882822337943,0.0025022900535363046,0.005013960034170317,0.0030147861455658287,0.0016600585268868873,0.00194465797598542,0.0032038990282106106,-0.003736782960108931,-0.045421238306660006,0.0008624510252288609,-0.01688938649843208,-0.0001961560917969063,0.0017976295291264321
2023-12-25,0.004136831951720765,0.004626514372079837,0.0018720962908520544,0.00554306939665361,0.0004665088698287967,0.0,0.0,0.0,-0.0036226354270691985,0.0,0.0025620410216271594,0.0,0.0,0.0
2023-12-26,0.005617977186180401,0.005263215513096053,0.008720019440123572,0.0066151719499634165,0.008343763777672208,0.0042316894655107795,0.005442589922190821,0.01767004768334468,0.0012773344446850299,-0.003069835968746104,0.0015583167078427884,0.0,0.00118486873042567,-0.0038451947747155657
2023-12-27,0.01117324420124044,0.009162194017610314,0.007100923667834325,0.012596015041268283,0.00787357218475404,0.0014304577464787638,0.00163250921849456,0.00256902770525258,-0.0056780331319218336,-0.04311004432713539,0.011270893886186073,0.017406520691967353,0.004191944079145138,-0.02496137048352165
2023-12-28,0.0,0.0012970311268794,0.0003066776024571727,-0.0016225517132899547,0.001054642742363665,0.0003701746080437829,-0.00026756679144923634,-0.0018745894094085447,-0.0031445393355279405,0.0032180177691847334,-0.004204631264368874,0.025184570622038382,0.01598623657810405,0.0160992002500846
2023-12-29,-0.0022099444868456386,-0.0006476755081454844,-0.002758198243328791,0.0032501855088569176,0.0011413168589380351,-0.0028264750133749628,-0.005550795886222426,-0.007340233607447733,-0.004788328985291246,-0.001603885913022296,-0.0022495548932739418,0.0002265568391230932,0.0,0.004155852680846728
2024-01-01,0.0,0.0,0.0,0.0,0.0,0.0,0.0,0.0,-0.0005179379186538435,0.0,0.0,0.0,0.0,0.0
2024-01-02,-0.004060658424582586,-0.003240268927388823,-0.001536598154714519,-0.012418925745332432,-0.004297116466016604,-0.005660579005492328,-0.016348242234944355,-0.036018091916590556,-0.00044000291677548375,0.06024096477831753,0.0,-0.01518354623554008,0.005472126908107056,0.02069326524240034
2024-01-03,-0.017420251113440477,-0.016905254423558946,-0.015389380159582355,-0.016949234578800487,-0.01649228076412912,-0.008016314922730805,-0.011765621673558213,-0.021481965704017503,0.006860424901047546,0.06363637611557316,0.0,-0.008466521431900298,-0.02340990506003271,-0.009883434706542182
2024-01-04,-0.0003771548256417123,-0.0006611712975465034,0.0006251181780065895,-0.0005562355594900259,-0.0005501443934380346,-0.0034283812973570083,-0.005613279720430908,-0.00840974006584283,0.005275459898703483,0.006410267295756666,-0.005255854325544984,-2.5812622419296716e-05,-0.007781981661760362,0.0214998389591452
2024-01-05,-0.002641631748440121,-0.0026472820672689412,-0.003748808293299044,-0.0033386796172062416,-0.0017384828156632448,0.0018256861788026324,0.0009490160780862844,0.005548924008794476,0.0003898027981255048,-0.05520167916870922,0.0026776026948291953,-0.0066472738468441595,-0.003455690848449544,0.012778722285482491
2024-01-08,0.004540295119182858,0.007299242948669571,0.006271609148633672,0.0022333743018152497,0.003054917612432817,0.014114629309846638,0.022011682116056308,0.03257412913993818,-0.003284639253521182,-0.020224752812624813,0.0,-0.018800948111932225,-0.0039797094949381995,-0.009896082054689281
2024-01-09,0.0018833003751177468,-0.0006588740831652284,-0.0018697626676751344,0.0005570336063351888,-0.0021152131518220596,-0.0014779006799081618,0.0009391435011270044,0.0003395803895354099,-0.007463136321570363,-0.02446480861549971,0.011557447844374513,-0.0021221467382881443,-0.0025625152658005357,0.004247925782116635
2024-01-10,-0.005263218661912039,-0.003955007126775656,-0.004058667642869107,-0.003340866724694025,-0.003983884913753566,0.00566597189372442,0.007534164415768263,-0.0033588873974883526,0.011070581272880409,-0.00548594414129322,0.020097013041435074,-0.0057281745481216895,-0.007519798940771039,0.0027370381329718807
2024-01-11,0.004157341266770587,0.004632637726437849,0.0037617349298812996,0.005586753900994834,0.004562643844165715,-0.0006710555783868699,3.6075596183460235e-05,0.003692916219882436,0.0018254264271539977,-0.019700552266877946,0.01765709282438177,0.012720146642590135,-0.0006726885933950877,-0.013151416614496592
2024-01-12,-0.001505579413840441,-0.0026351801236945693,-0.0034353394673777293,0.0005554863010099886,-0.0018517891834584077,0.0007509755941104146,0.0001716301438894341,-0.0044117105432117665,-0.007192046382251016,0.020900340647264315,0.015042856359534174,-0.003524709839984208,-0.005991477514635801,-0.0067890244963250135
2024-01-15,0.0,0.0,0.0,0.0,0.0019408761589856383,0.0,0.0,0.0,0.00587818268824547,0.0,0.009126083968141296,-0.0017390415673497195,0.00037224664385804296,0.0
2024-01-16,-0.007538574257091035,-0.006604986728519946,-0.005954303635884672,-0.0038867041215684406,-0.011395293752028635,-0.0037313402367431525,-0.0018974562268223583,0.014173133086774481,0.0038422436149398997,0.08976380790896399,-0.007871735152474302,-0.021608474578516668,-0.011243077943121627,0.029367072318269294
2024-01-17,-0.009327685905554994,-0.006648902642231058,-0.0072509119365389285,-0.012798124176089942,-0.01066936498019444,-0.005616897183990499,-0.005937327117390034,-0.009163325011029344,0.008430854010390787,0.06864160395890595,-0.0039706048466251476,-0.03712482693410635,-0.0246998840386079,0.009837668962896728
2024-01-18,0.006669369491380195,0.004016108127767426,0.004128331153562259,0.0023571162791380385,0.003845752896719512,0.008805260963896,0.013464956148553586,0.03301111812846713,0.002686100789593082,-0.04462473624843866,-0.0003263489088231042,0.007520481609476493,0.0016996333530645558,0.009254775281485994
2024-01-19,0.03585337105007791,0.0333331626648099,0.027830441426694552,0.032921760900038066,0.026337127016353046,0.012313502764936146,0.016958373056834786,0.03911192703319277,0.0012079320549103212,-0.058740263056175857,0.014016106897637881,-0.005398956792166731,0.013401399423117244,0.0004825904960741312
2024-01-22,0.0067720627023371005,0.005161450557441105,0.0036922876584457587,0.014228844922371975,0.007554784976987472,0.0021943252026270788,0.0032212402859392864,0.0032764585790658884,-0.0062316810741828155,-0.00827072246421412,0.016229883853936533,-0.0227002266316384,-0.0033929538128794068,-0.012542220676469262
2024-01-23,0.00186848828450481,0.0032091748572564693,0.003678952892893772,0.002244747124806379,0.0033393152819474192,0.002921374261968035,0.004274033267473776,0.006631298203082281,-0.0005034596135321534,-0.04852156254805884,-0.0008038675423810426,0.02625466637354701,0.005786519447535943,0.011724557230943455
2024-01-24,-0.00037302440105535517,0.0006398022734579456,-0.0006111069711548511,-0.000559993206369902,6.938533336109387e-05,0.0008119284117831249,0.0036289192508331958,0.014558603490127497,0.000860763428329081,0.04701196363514493,-0.007971227035615813,0.035553623996627426,-0.003598858081355627,0.008691398650120252
2024-01-25,0.01231333228577336,0.011509077388366373,0.01008559739866599,0.009523824609914078,0.00709276503221834,0.005260365527706368,0.0018460293212483325,-0.002775674480078427,-0.00328079755907984,0.02359204397585213,0.0002757176827767882,0.019628452399283125,0.00026325024590123647,-0.011010053640186035
2024-01-26,0.0,0.0,0.0,-0.0044395407717032764,-0.0004215966405062277,-0.0006517852510764532,-0.0035549884554011424,-0.026956247947073186,0.0007350350663963834,-0.014126363054103419,-0.013395301866990006,-0.016020856997754462,0.003327465211538483,0.006776349984628505
2024-01-29,0.006266267067764009,0.0063209786442188776,0.006656677467725247,0.0066889442343160965,0.006924221152651233,0.007556774896180896,0.011172802417547256,0.010405325383564978,-0.0013380371723147322,0.02564103670581619,0.007716442929921019,0.007836506993168735,0.008912369774300766,-0.016586483133260388
2024-01-30,-0.0025641872775734598,-0.0018845432578105115,-0.0027051400397026804,0.004983374660534112,-0.00469104479333371,-0.0006006499345398986,-0.007559466711257956,-0.01544740814943435,-0.002817131452696353,-0.02132352600873144,0.0010802462610175478,-0.023249639466311756,-0.0007357462347190591,-0.007822064097589454
2024-01-31,-0.013220583868494451,-0.012586369742043746,-0.010849910686636433,-0.012672120002467646,-0.00804398568682585,-0.016105744611597972,-0.022301279588428202,-0.014478717590150625,-0.000830523890604784,0.07813673396435372,0.006123563012977451,-0.013906490618073697,-0.000688315903487613,-0.02266568299668481
2024-02-01,0.0,0.0,0.0036561020394816346,-0.0033481415917585577,0.004390763424243049,0.012493688211609788,0.013032824817912125,0.0049482036195060974,0.0027568595221623138,-0.03275263097802583,-0.007585421574142881,0.005239863093937869,0.01816909740937711,-0.02621630737401559
2024-02-02,0.005582398619499607,0.006373453864582546,0.0039466662670581965,0.007838701692195249,0.005110182189104195,0.01068444607751462,0.01740117285606213,0.012768532469213056,-0.00035210710893140984,-0.0021613640290952807,0.004069776397140901,-0.002097517038953889,0.028653390328863715,0.04400726895862861
2024-02-05,0.006291541386501676,0.007599728513811632,0.003628769186018177,0.006111072503340642,0.002001149817599579,-0.0031863375266721894,-0.002000806671063504,0.013663807319691523,0.0029391269736438463,-0.012996411568089838,0.005424540047899606,-0.001516059766011879,-0.009176732189415726,0.032482033773738594
2024-02-06,0.0,0.0,0.0,0.0,0.0,0.0023104108269635937,0.0007257690071089673,-0.011660280991226402,0.00046286652961713415,-0.04462323725477424,-0.005322637056346169,0.040416502699554435,-0.0058310688725821125,-0.017771345133106187
2024-02-07,0.0,0.0,0.0,0.0,0.0,0.008241457963390042,0.009458623130085275,0.015295350697720922,-0.004412846837899997,-0.0176110634395672,-0.0011265911925825156,-0.003407133375352589,0.012957118075381135,0.00488997070424535
2024-02-08,0.0,0.0,0.0,0.0,0.0,0.0005705832608251526,0.0023526788279171207,0.017191230915281075,0.005281733404715716,-0.0031176899525243718,0.02058031513945524,-0.012673842464607565,0.004115600944536446,0.014598525749495828
2024-02-09,0.0,0.0,0.0,0.0,0.0,0.0057423415255595245,0.012470166654928727,0.01991432939521265,-0.0020244159448720156,0.010946078478523358,0.0009261417823460683,-0.008281247770485334,0.0,0.004076671754454253
2024-02-12,0.0,0.0,0.0,0.0,0.0,-0.0009489536011326738,-0.0030086532446064185,-0.001811084536830987,0.0020604504828647396,0.07733951866959421,0.0,0.0,0.0,-0.0035824856006445582
2024-02-13,0.0,0.0,0.0,0.0,0.0,-0.013674255653625456,-0.01799901514048463,-0.02054786065640357,-0.002531229780123878,0.13783201968635694,0.028905728931772456,0.0,0.011189405665662733,0.03451583311979278
2024-02-14,0.0,0.0,0.0,0.0,0.0,0.009579763275017639,0.013001787624161487,0.022587530264498223,0.005762511191539366,-0.09274449411038432,-0.006865679381848122,0.008433564877492694,-0.01102790261611497,-0.011353055271127621
2024-02-15,0.04707620511877697,0.04274048107730355,0.03675796882443838,0.038652713563269936,0.030310448098840537,0.005821250684729495,0.0029648203145733465,-0.0009534335637839675,-0.003927712441166409,-0.02573017264356725,0.01205785299495954,0.004109102526769659,-0.00252626420353963,-0.006327730487672434
2024-02-16,-0.00737609459534827,-0.005424917469866064,-0.00523103851423834,-0.005847976423622003,-0.0020016719009597894,-0.0048034698371121065,-0.008205591408306456,-0.0056625314737954735,-0.0026288406984117385,0.016416812168366768,0.00862983858311761,0.024793932567299448,0.013375147403939414,0.012971770788864134
2024-02-19,-0.0014154266558946693,-0.0012121343766351433,-0.0005841515730308222,-0.0026739504210847587,0.0015343901570623597,0.0,0.0,0.0,0.002255126060222823,0.0,-0.0004380510463442011,-0.011282133482316214,0.011892357134607678,0.0
2024-02-20,0.0038977998785025836,0.0036407192000533772,0.006430842307406204,0.009651630318537885,0.006297522514733034,-0.006005322001165325,-0.00918314703992118,-0.016828919138441756,0.0021989185165642855,0.082865191302115,-0.002775369889394419,0.005688390104903185,-0.008383504070968772,-0.00465657289202448
2024-02-21,-0.0031767573197530874,-0.0036275124458434727,-0.002033241417158216,-0.00637297129312886,-0.004097955157141175,0.001264199922982101,-0.003193068764124063,-0.002294112299819573,-0.0007738215560203487,-0.005188062471480959,-0.002644412775616223,0.015731016471875137,-0.0016856036040868716,0.011695839247322315
2024-02-22,0.011331320830595404,0.01152915449177705,0.006402886957222131,0.013896435809578334,0.009448801440578247,0.02112288421741404,0.029571519211352593,0.04928323264172718,0.0015456807377836057,-0.05215125050698921,0.021862841194379312,0.014533609749210141,0.004130674778095367,0.0004625045010122619
2024-02-23,0.0066527385459407284,0.006598655851048463,0.005205204666443031,0.00948869915849504,0.0019312885212652287,0.0003479475462115911,-0.002792723201286873,-0.010786237184328362,0.0008814408362198822,-0.054332872347019445,0.0,-0.001020718842703161,0.0012873813898293118,-0.015484148388368646
2024-02-26,0.0013913030030383577,0.0029796748207799872,0.0028769224053892817,0.0057442073631690516,0.0031161383748661287,-0.003786751350190576,-0.0012859000787753816,0.00986698523159113,0.004705245996972307,-0.0007272893732244157,0.0034536012744994515,-0.005447800234479772,-0.007729457369378134,0.009154825211207474
2024-02-27,-0.004168220216518859,-0.0035651964347085396,-0.004589801506318381,-0.005192171048381877,-0.00494196611994846,0.0017063496993998672,0.003696099190204194,-0.000995735627241534,-0.0016865689324997435,-0.022561824680231046,0.00014805109206350586,0.00938160408134947,-0.008322388687417193,0.0037218589529148804
2024-02-28,0.0,0.0,0.0,0.0,0.0,-0.001658155060430544,-0.005460426146002173,-0.011244128735524495,0.0008653250591499351,0.030528655107632474,-0.0008024634762645588,-0.015124422901770296,0.010376941287856711,-0.00950171235923225
2024-02-29,-0.00034871327239494043,0.0011927144524628286,0.001152945280806561,0.0005219388452011309,0.005959315304422619,0.005229094697149161,0.009040759717745095,0.027091150800971464,0.002277027285789046,-0.03179194575191846,-0.0010671243216273663,-0.0015365778156194443,-0.0037439086579440506,-0.0051474758870353465
2024-03-01,-0.003489235650396494,-0.0029779004129646403,-0.002015214209245886,-0.004173214539830106,-0.0016259934881998062,0.00800782894888763,0.011373441373127013,0.042555475053968284,-0.0010426928511686473,-0.021641788814083185,0.019012032559570624,0.004723997578856665,0.0,-0.016933214759523585
2024-03-04,0.029061682196432237,0.025686970448232316,0.02105584148035189,0.02619180640318408,0.019506877426717306,-0.0011932620709189656,-0.004143220330287578,0.00982590070756495,-0.0017586998206308158,0.02898551673472971,0.004971337464288128,0.000393699257799085,0.012076291955720242,0.009330152137297265
2024-03-05,0.008165927091364544,0.00931858732903601,0.00875692312053089,0.009698816618743722,0.004227301850537213,-0.010193100883444606,-0.016530603760192664,-0.019606093585278206,-0.001584294895698446,0.07190513591449865,-0.00028924919187967024,-0.026110618199989055,-0.009299777885502847,-0.019435833471596164
2024-03-06,0.004725097789287869,0.005770218662278337,0.004200580494527317,0.010616696289319494,0.005804392720889506,0.005141103203274655,0.005768667588931464,0.024574286489258856,0.000990196821442746,0.0027662490835065334,-0.0001707745928322124,0.01704240156954362,-0.0029855485773883084,-0.007976792772822372
2024-03-07,0.02317759278536702,0.020654088673839777,0.019520485000728227,0.015507728573673996,0.009952604831186207,0.010304127925951478,0.015085253391797115,0.034295192290078935,-0.002425451004595569,-0.004137959973565475,-0.012273901808785515,-0.01267237083460171,0.002320708000328686,-0.0029239969921149855
2024-03-08,0.014116940276199808,0.012928753439722884,0.0112144667439944,0.00591142479143536,0.004661471561968833,-0.0065285190034379825,-0.011569172022392493,-0.040462665236538076,-0.0009280926429229286,0.020775637081209553,0.0022786213645291653,0.007616207546710108,0.01236203798886315,-0.000733084691266539
2024-03-11,-0.01003567779482395,-0.008879119489685006,-0.007033008837034727,-0.002938287217270852,-0.002994150887593805,-0.001122238087346461,-0.004093277501581061,-0.013281733117969763,0.0005789736572445747,0.032564484624427736,-0.021881488753016765,0.01432000760067953,-0.007651989112750335,0.003668345722663613
2024-03-12,0.010464346550577153,0.010078408023809882,0.009806705067453514,0.016699324718806974,0.009554392072756546,0.011201787981366396,0.015379609957051343,0.02074616686460251,-0.0028868258741585606,-0.09067017675620026,-0.0005918669114498565,0.030500530093834355,0.008259884044588661,0.012426929122294261
2024-03-13,0.004854441775168361,0.00665186857470812,0.0040464721069672915,-0.000966107979203934,0.0007009439745004897,-0.0019245297153407392,-0.00540219254125307,-0.02437219266123103,0.0011670135758301559,-0.00650290112685159,-0.002617254670508329,-0.0006663717202445296,0.00438510166965056,0.008904861753381121
2024-03-14,-0.0009661570902286254,-0.0027532459385459784,-0.001612000440476491,-0.0120890672051156,0.00047219568149703406,-0.0028710915621273925,-0.0030436369931828855,-0.017085283469691848,0.0002484507667166458,0.04727269952947433,0.0028791153148219895,-0.007051191167659843,0.00935187901816592,0.025286247331298695
2024-03-15,-0.013539689859115467,-0.00828271838978345,-0.007535141491458286,-0.0004893826117264855,-0.012810760745144978,-0.006482917484461503,-0.009632641594030877,-0.00717073118638567,0.0038016886083072077,0.0006944603574132735,-0.0025700854853131228,-0.014194927208306396,-0.01909691244850842,0.0013960079475821008
2024-03-18,0.009150318250279454,0.005567989246742844,0.0043384078827484185,0.018119456302213344,0.010026653594563673,0.006318059504952345,0.008156194047562515,-0.0007771372477310967,0.0024646821955720544,-0.005551694972461885,0.026682090785532075,0.0009705533029882307,0.007124536670298998,0.008364370957159695
2024-03-19,-0.0022668115687300983,0.0,0.0013498073108282327,0.0019238513061614615,-0.001139364284441946,0.0056491496501236416,0.003933308886094222,-0.00837187694090169,0.0011802450064548609,-0.03558968817844477,0.006621973660529523,-0.012405878821225014,-0.011046884790124278,-0.009907884732861305
2024-03-20,-0.005517812649593279,-0.004429726726614458,-0.005122506312590702,-0.007200969613148422,-0.0036636586659868353,0.008904173912846591,0.01253310748131975,0.017023521234872607,0.002825426998389391,-0.056439924037285816,0.0,0.0008221579483815855,0.012789080406100384,-0.005585331214846168
2024-03-21,0.02741512087031861,0.023359185745998712,0.023577201808018478,0.02514506727511967,0.020957905899499973,0.0032365354015160275,0.0019811152137096943,0.022499666795922302,0.0010021719335595591,-0.009202445238506662,0.020299637083457833,0.019345217715310392,0.024058308276944107,-0.00046802133213108554
2024-03-22,-0.0012705461199464807,0.0005435711730406023,-0.0002648080398806041,0.0066036831930709194,0.0014525329595025394,-0.0014021878490156903,0.0016449659920487747,0.0011990993157098284,0.003803263646266597,0.010835939821674634,0.0017828826232730854,-0.021563586450491057,-0.0022868852074020563,-0.012409265847160289
2024-03-25,0.001908445718290519,0.0005431020434767397,-0.0015889476364122634,-0.004686093033929639,-0.0017885564059555437,-0.0030549644525015296,-0.0026995005442512765,-0.003903174760942374,0.0016309646746559547,0.009953993613303291,-0.011600068708312428,-0.0015655094996537278,-0.003998453735807317,0.008297735407827522
2024-03-26,0.0006348696163116507,0.0010857013505642943,0.002917867732845414,-0.00847455280559617,-0.003256683411952621,-0.002799795225030266,-0.004197298103708835,-0.007525606709560817,-0.006294041552667218,0.003790765149775055,-0.00039812430196550785,0.00878249627956773,0.007130418233622926,-0.004467335419696905
2024-03-27,0.000317283784803557,0.0005423920940386129,0.0,0.009021835062045902,0.0036583082987935445,0.008630626525532925,0.005137342249128984,0.012562755842201456,0.004767770651749492,-0.0347432058987206,0.009027648315163894,-0.013568186465896748,-0.0007181413757374466,-0.008974989362950492
2024-03-28,-0.004757344315854395,-0.004878015360861632,-0.001322532349286809,0.009411880420642449,-0.002651883338017913,0.0011164855071790214,-0.0012231803666122865,0.001063504586123587,0.0029512331100887135,0.017996909289228258,-0.014588329815292567,0.009063718034288515,-0.003371930231562792,0.0023831629667088183
2024-03-29,0.0057361827554829325,0.0038126776980140775,0.005296599272742286,0.0,0.007341129462103524,0.0,0.0,0.0,0.0012101572572218444,0.0,0.00501321303670732,0.0,0.00029492626354388207,0.0
2024-04-01,-0.0025350529536456445,-0.0032556837296118246,-0.005795445182771308,-0.005594494825585272,-0.0035536387239506473,-0.0020135845401164643,0.001060481678206937,0.010534554525801987,-0.0026266618358599114,0.04919288073705452,-0.014029214741928975,0.0,0.00044790330764010733,0.029243972731625156
2024-04-02,0.014294904912324435,0.0146978640767228,0.014838142511779395,0.01781537496988217,0.012077749370692059,-0.0072390590731691296,-0.009537202134034861,-0.01541820528768556,0.0025364619011380984,0.0703296750897886,0.0008999379857346224,0.023583199702168045,0.0019287025104317568,0.008315956332775265
2024-04-03,-0.00689001596185701,-0.004291635135561966,-0.008093868036896046,-0.0023031662831876076,-0.006301529819396801,0.001091122364688113,0.0022788632814920717,0.0028027396370597923,0.0007497134359799595,-0.019164937683158856,-0.009715591923371902,-0.01219145874615779,-0.01677706449345362,-0.0022908940593405758
2024-04-04,0.0,0.0,0.0,0.0,0.0,-0.012334336350379616,-0.014030437387686057,-0.028303965709742807,-0.0021942336743966395,0.14096304734949738,0.00814382721660123,0.0,0.012940678942136907,-0.01056257258627602
2024-04-05,0.0,0.0,0.0,0.0,0.0,0.011099194174331695,0.01242684640827707,0.011870581389905599,0.0024805489664398994,-0.019571846321599473,-0.019637938762850693,-7.053395959077946e-05,-0.010134952247447093,0.016012941995620533
2024-04-08,0.005676387142883543,0.0032325348333495096,0.006054249466261874,0.0009233932414549617,0.003938498687823255,-0.00037463099831791524,0.0003348261776734418,0.00257183975717612,0.001971982305842168,-0.05240181349224815,0.009103411630487335,0.0005339470376390931,0.0012673822054141137,0.010507082252017685
2024-04-09,0.02383190027897575,0.02524169546182753,0.019361475898882485,0.013837598913400306,0.0185378379779646,0.0014454931932483817,0.0032410371150539685,0.010756019894721858,-0.001195805343893186,-0.013824887685854326,0.010829019257921457,0.005690644770490971,-0.004595879043729489,-0.013110220095281178
2024-04-10,-0.0015314165077439101,-0.0010475966252621038,-0.0015399029906810746,-0.0018197967915880575,-0.0015709563815653471,-0.009456980649108493,-0.008357288798496176,-0.01825552934844832,-0.0033236826467953895,0.05473969783420429,-0.0048102907103678705,0.018486944943646444,0.0,0.04443420968995104
2024-04-11,-0.003067433263574837,-0.004195116548727951,-0.0010282546401992887,-0.0068368597602970205,-0.0004964759893468784,0.007444797710585593,0.016810934405752542,0.022586109344614025,0.006782125595073074,-0.05632913497334324,-0.0035162538662262266,-0.002575423734125115,0.0006654130944596659,0.00350883136936031
2024-04-12,-0.0024615361764223076,-0.0015796276230934936,-0.00102941715435656,0.0,-0.0008023039345643745,-0.01455068829580164,-0.0162453557122334,-0.03282033174660459,0.001289503566611172,0.16096577083110009,0.0020516349250538912,-0.021839087682537506,-0.009287131298912232,-0.016826953135746003
2024-04-15,-0.012954905034228692,-0.010548637149835893,-0.009015926392586193,-0.02294627553572748,-0.013830675802599668,-0.01202135494776202,-0.01793315000423834,-0.012656394801793813,0.0009155415847534876,0.11091855202373435,-0.0073563734596926444,-0.0072497767623800335,-0.004247166636245692,0.028672973550747383
2024-04-16,-0.027187547451818728,-0.026652401834322825,-0.030673197397621976,-0.03006115290712974,-0.02678800819309357,-0.0020565070133361507,-0.0012445393102040736,0.007570441427245944,0.004179325060941874,-0.04316172352906522,-0.019412367899667826,-0.021173581399989372,-0.022767887712661805,0.006698387810195383
2024-04-17,0.011243035653292655,0.011500497354801409,0.012872012265052746,0.010169737341667373,0.015645148817386545,-0.005780602724641426,-0.011464041399442126,-0.03033097204946389,0.0033683409634026606,-0.010326116195473745,-0.013241033496344201,0.0001766337949911101,-0.009752322097280164,-0.015883211636996575
2024-04-18,0.00984769083740944,0.0075798553383235046,0.007678040557622223,0.006711208531530399,0.004347088791672782,-0.002208160119998248,-0.005220186514490188,-0.017731587973108365,-0.004920221304314132,-0.011532075509642303,0.0031057124549853654,0.008247022993310038,0.019549729843763686,0.013522311298846068
2024-04-19,-0.0506448325185721,-0.048898459761795965,-0.042564378580079665,-0.04714277897269392,-0.03812977104377491,-0.00875854812743615,-0.020478174173957586,-0.03987809380454366,0.002408928500440055,0.039444393581814285,-0.026558709154720028,-0.009870058817113891,-0.016259856736606904,-0.006886177314268771
2024-04-22,-0.0029821306823353266,-0.00564968891411155,-0.0019209786165245157,-0.014992686618405138,-0.0059352553064973,0.008731248071466746,0.011078373020564358,0.016482711705017028,0.0027178153354217027,-0.09460174436266822,0.009988515725489311,0.01772357800896973,0.014499175274454101,0.0017335588812810165
2024-04-23,0.009637664838128224,0.00852263842878287,0.009073376640858166,0.012176756811223433,0.009688138454874373,0.011964576270872662,0.015877623641452843,0.02087684833554615,0.002430425847365969,-0.07378990048797274,0.003032986084302136,0.019213069339488964,-0.002441554862655071,-0.005407764348589694
2024-04-24,0.02929569384452768,0.02985930301610984,0.02588569871895019,0.04110271364149898,0.027167373321982158,0.0002130100613548791,0.0010263567185926359,0.012969305478746751,-0.0024398701951591217,0.017845805872141796,0.024177516419089162,0.02212498659534856,0.020102774693337322,0.011744214927242869
2024-04-25,-0.018228239644100475,-0.01586441725932075,-0.015936327764742297,-0.019258563702822973,-0.013626259295338894,-0.004576430353515626,-0.006427279398895758,0.018557680207289096,0.003808770229507319,-0.03757046784203688,-0.021622360036482657,0.004840894510647731,-0.017613709357189533,0.011607889379518177
2024-04-26,0.016286575536381465,0.01556419472115178,0.015654608134092918,0.017182063422245486,0.013248943960749937,0.01020914263474304,0.02025015947888842,0.0211383500090061,-0.0029515783315217092,-0.022121025056567434,0.0081396125005464,0.021210361861508265,0.010541637704252427,-0.007862240463940462
2024-04-29,0.01794869967864776,0.015325663116180888,0.016476061460596103,0.015444118291806364,0.01863818412124374,0.0031784486665891176,0.003464341573386376,0.007607063611273723,0.0008607137638918516,-0.023952073391426465,0.0,0.005425128872952101,0.011711595459254598,-0.011779889360301832
2024-04-30,-0.003463547603905437,-0.0005390032089191976,-0.001568592523264467,-0.001425797670473239,-0.0048264169017123715,-0.01573051358686217,-0.020350255647543336,-0.02086481873677226,-0.003839184473235724,0.06680296776684846,0.012413375388812486,0.0009082787078471544,0.0017191517906378628,0.015604687720740085
2024-05-01,0.0,0.0,0.0,0.0,0.0,-0.0034354388154940185,-0.003342728598578648,-0.03378654169470674,0.005543625559814025,-0.01661337262268492,-0.00342682236067704,0.0,0.0,-0.019419565221373114
2024-05-02,-0.013270180034664514,-0.012945038280459453,-0.013092458429076581,-0.009043411865250928,-0.008538685839082238,0.009128437077573048,0.015089538105478306,0.022489818118826888,-0.004225153435658102,-0.04613385460092079,-0.0009923294758391599,0.025001454148258828,-0.0031240596669277476,-0.00522300154632227
2024-05-03,0.0051233760323707855,0.005464453163422478,0.0034493823112986544,0.005763781125596834,0.005334710464831138,0.012556739721478527,0.019908523092361685,0.022515468146659945,-0.004002988704028487,-0.08106270499449886,0.0,0.014762845644161304,-0.0026158477397215663,-0.015532727552299286
2024-05-06,0.014335685702537848,0.014130415689771914,0.015864479439948287,0.020057248090469937,0.009492729647566867,0.01032612390701182,0.011940825728499194,0.020770678231440076,-0.0021362587285993495,0.0,0.0,0.005541313223261124,0.0,-0.0024444792005751115
2024-05-07,0.0056533111289076565,0.004823204061746633,0.005465833799771724,0.005149674460048326,0.006344919339527744,0.0013434298232750663,-0.0010208682164319915,-0.008837135958902897,-0.00043067197592394635,-0.01927355324634561,0.01566665311325588,-0.005325117823738013,0.021568250799290256,-0.005791941143697521
2024-05-08,0.0037477533663674567,0.003733288777468813,0.0015532671660374309,0.008383873875250192,0.0022746944638225575,-5.835618166138978e-06,-0.001824564273542717,0.0009602224661511283,0.0031243083104899316,-0.017384697671535276,-0.01629274659502833,-0.008956461898969481,0.00390948557844828,0.006497934898637148
2024-05-09,-0.0012446525936076203,-0.0010627109109209165,-0.003101716537618482,0.0023095494147975515,-0.006750569718193655,0.005090947698625836,0.0026682598912928235,-0.003745725528491728,-0.0009516764309563941,-0.023846186124361513,-0.003360802518904471,0.01222850778141904,-0.011988909369448297,-0.009572622499218975
2024-05-10,0.0071650775656921795,0.007978725894097094,0.009333786646025022,-0.0018433821496729452,0.00720159390313424,0.001649398844549843,-0.00032971753262078796,0.009812090396225326,0.0001793319460277054,-0.011032261172400193,0.0040744073600953445,0.022973001021244777,0.005711353708842237,0.012362397536008984
2024-05-13,0.010207253142903605,0.006860149177362995,0.007192340198741043,0.005540255016107665,0.007188770345091466,-0.00024130405535727206,0.0028988736124690995,0.002088685651756128,0.0026346452966479195,0.08366535257186958,-0.0012987076683630416,0.007982673292820097,-0.00015395119317540562,-0.005106625082459293
2024-05-14,0.006736208222872575,0.007861721583692027,0.006631020413133237,0.01056009890531362,0.006143467624945442,0.004837813139759728,0.007501687268846036,0.016628830659260352,-0.0016192227613095467,-0.013235316185802093,0.004625462275098524,-0.0021631953125965664,0.0011477396305963339,-0.008033870868537463
2024-05-15,0.013685947814089605,0.014040548252673535,0.00988095818980339,0.0063606584064059835,0.00768905386860852,0.011715927882596233,0.0140032960621852,0.028078611842174084,-0.0017854125279843647,-0.07228019832446109,0.0007735903032757285,0.0,0.0,-0.020022547048378136
2024-05-16,0.004800571102259843,0.0061538312582201105,0.006021040805577194,0.007223524339286191,0.007426455838037249,-0.0020816677921287052,-0.0026322592446381687,-0.004898721715813625,-0.008739389928487662,-0.0024096171430353364,0.013925259294861325,0.015876216241677454,0.008299300226324968,0.004820915680608495
2024-05-17,-0.0011944800531503708,-0.003058055843382923,-0.0014962259871318384,-0.0026893693715250855,-0.0021492914094993765,0.0011647735102702228,-0.0007395719535787659,-0.005663462635207228,0.0028877622974334827,-0.034621602458483336,-0.0034142322438696082,0.0091388955891889,-0.010308711519251723,0.009824131294615679
2024-05-20,-0.00029897713551230165,-0.0015338408180637364,-0.0007493855917281023,-0.0022471677086147723,0.0006190547021835968,0.0009163899374069473,0.0065263471593897115,0.021994401848768108,0.0012515050063168776,0.01334444123990064,0.007278160814432111,0.004224863376406596,0.006430171780684724,0.0038460907768476105
2024-05-21,-0.001196076254467382,-0.000512038391245806,-0.0017493720857492123,-0.0004504661473824223,-0.0016397830333553243,0.002501874243978186,0.002247710278890258,-0.0032153865451662877,0.0012995161060771476,-0.023868310366918943,-0.0031418225330184235,-0.02116504844712097,-0.006549615133097486,-0.0051836296003584525
2024-05-22,0.0179640547750346,0.019467263001085477,0.017025461049464896,0.018476823872152215,0.014836548818675244,-0.002706123039226127,-0.0018464196133320954,0.011741471334087539,0.0009004381018689056,0.03625635055846632,-0.008468655363759181,-0.00130170266977081,-0.00026428896812680236,0.0045310332512353835
2024-05-23,0.007647191792081953,0.007035172404699308,0.004923772271747451,0.011504425133058271,0.0025798091936253265,-0.0073807894850155265,-0.003899033617177028,-0.005611366967438025,-0.00033810014699131585,0.03905618367782915,0.012588132403288821,-0.017029354567041022,-0.000605811125338529,0.009246704833713482
2024-05-24,-0.004086532823848521,-0.002994044725279643,-0.0022049008567742723,-0.000874921111642557,-0.0019479338523243905,0.0070010425881694704,0.011039641622729413,0.019835730163674903,-9.6243747411906e-05,-0.06577917952048329,-0.011689814537326315,-0.013767314854494117,-0.012568827435069041,-0.0017876865192538727
2024-05-27,0.01377496906281861,0.012012063715934218,0.011539496181647069,0.02670757036694882,0.01105615256831216,0.0,0.0,0.0,-0.0009869189434805747,0.0,0.006570135011165101,0.011736840608255195,0.013167841677408365,0.0
2024-05-28,0.0014455260079453414,0.0004945652423344882,0.00485435844415405,0.00383789381650268,0.0025060173618918213,0.0002488018529340774,0.005856216072961384,0.016893095317197293,-0.0036968990725814166,0.08298405245544349,-0.0011477741666461316,-0.0003287479785215597,-5.1374620775979096e-05,0.01678974907925701
2024-05-29,-0.01356818440819485,-0.01087497781488389,-0.011594334338750345,-0.009345832110960406,-0.008962690097293446,-0.007367046509680453,-0.005834399316332561,-0.020651990983456048,0.003236723675793307,0.10526313070017856,-0.007682335584436428,-0.01828529101117693,-0.0167288125289502,0.0180537778270502
2024-05-30,-0.017266568450759134,-0.017491206100568535,-0.016862141019377552,-0.01929663883837407,-0.013757393248701622,-0.005975035585443322,-0.010844781866387043,-0.006945042029562698,0.006315619238836723,0.01330535977664793,-0.013038977832967702,-0.013358239002459693,-0.015635194658214502,-0.01513844519120977
2024-05-31,-0.011316201152824057,-0.008138359352199642,-0.005717049449334821,-0.013992220939174516,-0.008905424398374384,0.00802787620486467,-0.00012311268544940024,-0.008138010442143573,-0.000636234547158887,-0.10711818674023643,0.011398750772054989,-0.008259929416103096,0.00040982839640180124,-0.008783478859067051
2024-06-03,0.02138549575128268,0.016923015447060985,0.015499956960298489,0.0195122743920233,0.017121719263391677,0.0011160825806737495,0.005596072980382338,0.0016238532758821034,0.003356387546574968,0.014705849788028802,0.011305704654324122,0.017889196651960315,0.017447240930936747,-0.024811694743086865
2024-06-04,-0.015924443184881176,-0.013615641087418084,-0.011570546096267953,-0.018703845368609806,-0.008364332748305281,0.0015028090913065117,0.0016864588530618452,-0.007807551106355115,-0.0046419102039185756,0.003813897181103032,-0.0021984493435361907,0.0022317135968965562,-0.007612216023114016,-0.014993181618523144
2024-06-05,0.00958934616493723,0.00971364351039572,0.009215386623092403,0.007092245514781936,0.006005712697569221,0.011847649793331305,0.01962677894658782,0.04373072318888238,0.0004487073545036413,-0.04027353640702469,-0.008942115527554195,-0.00103818715833226,0.010292589060746815,-0.010839467644740086
2024-06-06,0.0341347958065068,0.030886170704449212,0.026406671285191363,0.02772884387965857,0.01944708756402913,-0.00019981663563317653,-0.0008599799663757679,-0.008198448308541662,-0.0023756310030170757,-0.00395884325271656,0.005542709563439718,0.00281356600569449,0.0,-0.0018652126227878263
2024-06-07,-0.007749682413974668,-0.007367388345743908,-0.006251557757716131,-0.008137038122385865,-0.0020234199872982694,-0.0011152197300303701,-0.002328539208430902,-0.002990731603470742,-0.0013363032114330764,-0.028616825028659476,-0.0005059497286008519,-0.005945377871448221,0.012333118377021668,0.03480487882032213
2024-06-10,0.0,0.0,0.0,0.0,0.0,0.0025808546645145203,0.0034668758435063562,0.01441541616762354,0.00608832729111719,0.042553149977613725,0.00915704458186073,0.0,-0.007896660490227081,0.008803619829236276
2024-06-11,0.0026033417728961172,0.002473970425250771,0.0009679942225782057,0.0025906662373142986,-0.0030314102026263168,0.0027103813151374556,0.008784134188007497,0.0008224578437161512,-0.002190993617724568,0.008634270983343129,0.002475242323491722,-0.010377846245984923,0.0015364255505607716,-0.014544654110061117
2024-06-12,0.01788808399958297,0.018262548488188868,0.010877252177910135,0.020671873642257754,0.011785994524791121,0.008503672791998707,0.015273035793879508,0.02818764806306895,-0.000562872544702997,-0.06303505023896772,-0.006594596040567335,-0.013121453606734224,0.008446266222939869,-0.024750166660224338
2024-06-13,0.014455655475329898,0.0135724605888079,0.014108106941892462,0.021097113264209932,0.01193154297591259,0.0023446558536817097,0.0033575430637895476,0.010869938239828958,-0.003552426383712781,-0.008305679550378975,-0.004018914762392911,0.009744262249386848,0.00979410061260455,-0.01327128270192468
2024-06-14,0.0058675778786883015,0.006695357814340941,0.006366519698546069,0.00950408881736875,0.00863577013670791,-0.000393860697500914,0.0012067490836344952,-0.0035976823796176616,0.003043370457556316,0.060301532021133974,0.0024299768775397634,-0.009432730332025074,0.0012813685608217273,-0.005899031586243053
2024-06-17,0.0,-0.00047506458217960734,0.0007028422165675785,0.0008186014849640433,-0.0003639861324233884,0.007664386564552705,0.00950533124235986,0.015791215000679815,0.0015480119319866148,0.0071090168777756535,-0.01834665170235028,-0.00031547351889371633,-0.005191314094416866,0.015665793389495253
2024-06-18,0.016666740181959128,0.01663493501373714,0.014984730976054239,0.013906045424503022,0.01159736185000071,0.0025213273947457537,0.0002918145153441021,0.012733453637935321,-0.0014838275415750557,-0.03529410268746169,0.009964400042033139,-0.001146756397732318,0.007222704534604274,-0.014489320084116852
2024-06-19,0.027049219588707096,0.03085565485039843,0.02837377082413406,0.03348122020446964,0.01986645158123146,0.0,0.0,0.0,0.0014396198742181454,0.0,0.002303728802548255,0.028737036892486634,0.012087961009859871,0.0
2024-06-20,0.009577005656309368,0.005442163542823231,0.006505150163915285,0.016003061218723857,0.008468955214737006,-0.0025259318472709014,-0.007873631753103294,-0.027152084339796767,0.0010293992607994795,0.07967475829590032,0.0016141193413283794,-0.00515834495504619,0.003682012633419385,0.008774052460002624
2024-06-21,-0.00606057917984637,-0.007668031240250284,-0.006017384517110536,-0.007683362326114995,-0.006524324296809936,-0.001562130321101196,-0.001818712036232295,-0.009752736411107854,-0.0012290844763791497,-0.006024090761646117,-0.0009461021088562616,-0.016732774558666397,-0.008323701492828017,0.0007051674730713664
2024-06-24,-0.024390303455465556,-0.021818274381175118,-0.021524727627419304,-0.02400331866602512,-0.018908700814464607,-0.003065171894990004,-0.01088445649264791,-0.028545145441182473,0.0006802312668354737,0.009848493660558288,0.005393749590109742,-4.4850812547236885e-05,-0.007014441621247536,-0.0021141236994229873
2024-06-25,-0.0005435208952198067,-0.001393993034272789,0.0,-0.0011898661555354018,0.0027295654149688264,0.003933590015736899,0.012621154825899206,0.015372038870818727,-0.0012823314551579923,-0.03675917283740937,0.009496284977134062,0.0025066661697465964,0.003493980308245881,-0.0023541027637921097
2024-06-26,0.00788490708967271,0.00930675611675369,0.007561933367241869,0.00714860007779583,0.004839958550256096,0.0015724312002203256,0.004939129269155407,-0.0038963504946399885,0.004702765421042532,-0.022585666542580096,0.012608684639888956,0.0009422558918010804,0.006365419762104585,0.018404924542037238
2024-06-27,-0.00026986670897721776,-0.001844261584616147,-0.0013645363005855282,-0.00236601290166516,-0.0035111182295121113,0.0009073212238914774,0.0030058438553957068,-0.005134187944683566,0.0033503928761773327,-0.024701228279307874,-0.00820658665828966,-0.020644579101546046,-0.0028616930551543796,-0.006487460154930069
2024-06-28,0.006206124645747213,0.008776003610053262,0.007059875703506524,0.010276680548676254,0.005512513704543975,-0.004083652583445674,-0.007059876784354269,0.010116349756489784,-0.0018506650194456409,0.01633985400367921,0.006139542790033703,0.00012071658688905806,0.004942425621584867,0.012826452184843795
2024-07-01,0.0008044831668327923,0.001831521823937754,0.0009045478738320956,0.0007824998968997132,0.0011427590660921805,0.0026755639309195,0.008272964771473212,-4.045516950368366e-05,-0.0005534020679501817,-0.017684832859754307,0.001212145973046308,0.0,0.0023196596192052166,0.03131479586307795
2024-07-02,-0.00669866581523193,-0.007312693937213677,-0.0056484521628510365,-0.009382303119310653,-0.0077715647347769146,0.006195317856513505,0.008359330501992446,0.014070200825456736,0.0005445543450566248,-0.015548324869538943,0.011194069203338541,0.0028518744857763956,-0.008362110708840187,-0.009600406424089769
2024-07-03,0.012139032929649796,0.011510107919416646,0.010906644783813313,0.0063140798812828525,0.012808943510362658,0.005084444409779065,0.008849250735993186,0.016673897463086673,0.0015711929888313492,0.004987566163634494,0.012628177404282459,0.011786146101255168,0.004728717675748673,-0.01825966041367877
2024-07-04,0.026119420987816167,0.02548936541787361,0.021128326440946532,0.023529433680379075,0.015108454922353465,0.0,0.0,0.0,0.0014950641568265421,0.0,0.008203067282401166,0.0027649019644482298,0.011070086196011797,0.0
2024-07-05,-0.0036363189418462394,-0.002219216458718809,-0.002641367440679887,-0.0019157755558651957,0.0014479967883183065,0.005448765178485582,0.00904202027187373,0.001966553405890137,-0.003522176733286364,0.03225801362500036,-3.122048017667467e-05,-0.012683957138085677,0.013200294461459317,-0.01905859534832488
2024-07-08,0.03154334639470724,0.028469776218915444,0.025822027845045614,0.03262956870794387,0.013650555916959961,0.0010166989647510949,0.0027778094085602056,0.01895908486361475,-0.0034946094601715494,-0.008814075377564845,-0.003218387775625997,-0.015480610968463981,-0.001561709133657052,-0.0007021963196250924
2024-07-09,-0.001010946002593771,0.001297522748171076,-0.001075664000763199,0.0033456734842320923,0.0009183997563149138,0.0007410719362856977,0.0013882410748919938,-0.00046241530963564426,0.0024079002019752327,0.01131773198205055,0.019604191972324436,-4.736791012449615e-05,0.003366228449555475,0.007261685861158496
2024-07-10,0.003541650648777761,0.004319701599160508,0.004953713721079334,0.0014821659854933333,0.004476972447382543,0.010208065293514812,0.011837687037744349,0.023201106214839173,0.0011240498501070562,0.02717826909410692,0.006056165592749796,-0.0029424110449811636,0.00021277523272456023,-0.004651158148691992
2024-07-11,0.022182987188322123,0.022795671515946525,0.01907411693284855,0.011838691458345707,0.015951511700039722,-0.008763028841120457,-0.019522190849242782,-0.03288247408286504,0.002442485876554823,0.00544744690631771,0.009371566260830022,0.020642569248543463,0.008145114697546862,-0.020327188261874074
2024-07-12,-0.03156601473943765,-0.027754381578456888,-0.025657140401684986,-0.03107870026451054,-0.019397254657484875,0.0055170270744306915,0.006291991565953836,0.012190443192050981,-0.006140502852808205,-0.035603717912586985,-0.024472796650381046,0.02585476935600095,-0.0118802969187628,-0.0009539017972428621
2024-07-15,0.001782509282335587,-0.001730122604100215,-0.0010793211533671743,0.0011322003533686953,-0.001570866870910903,0.0028262026252154904,0.004028659854356853,0.0011158372945676565,0.004977382227690175,0.0529694899993165,0.0,-0.015166218228481076,0.0013720412583129171,0.009548808931618469
2024-07-16,0.005876391376449019,0.005086502501274959,0.004687736184488811,0.002638528951473429,0.004936925783839197,0.006389375498743188,0.0019904935062078355,0.006187965262387074,0.0007988501995308539,0.0053353426398474735,0.00204896928480669,-0.01598356750277885,0.0018071690773633353,-0.014660740911792924
2024-07-17,-0.013970079902176469,-0.013020844290141942,-0.010199637538432227,-0.010902464749417251,-0.009477322922418208,-0.013927543241993745,-0.02768439750961882,-0.07112573674728062,-0.0003284897586730562,0.09780136488947022,-0.004297671302106121,0.0006447258626072205,-0.007955105432469245,-0.0050395750828028385
2024-07-18,-0.018031943723542332,-0.0202286798724981,-0.018855513736857676,-0.02736594641123513,-0.015622735237073582,-0.007816403936922511,-0.006984485083873393,0.003002044172001117,-0.002226498352794204,0.1001381774018697,-0.023634900416870663,0.002198494744553914,-0.006661276600713917,0.010371495948379161
2024-07-19,-0.02282263987042843,-0.021544046975832676,-0.020111850180183577,-0.017975780663282648,-0.022617330175741857,-0.007140265531926926,-0.008073385271033628,-0.030586383073414547,0.0045613217759497005,0.037037045906157084,-0.0015591375134754726,-0.020290367112673735,-0.010228950278764692,0.011935954249132408
2024-07-22,-0.02979869690820436,-0.031192611595570408,-0.0285062901478369,-0.03342609107360894,-0.02677259944243182,0.01079203564940956,0.015830756353462316,0.04144826175679439,0.004350571135180781,-0.09745766136434542,-0.011601225779591773,0.012527568297836744,-0.011429228684484594,0.0049540896577626725
2024-07-23,0.03099064754132841,0.028882628556895718,0.02417853685754978,0.027171597567011707,0.027625011418902057,-0.001558102589770738,-0.0005675781322872497,-0.014904181090147017,0.0008389052827177945,-0.012743097406287318,-0.0001164012980126028,-0.009442198305988136,0.003900846842884942,-0.004929667642279867
2024-07-24,0.0,0.0,0.0,0.0,0.0,-0.02314909375473495,-0.036390883510082794,-0.053180604791019714,-0.0017433766743549794,0.22554351822499452,-0.011101043747910988,-0.0090620720744089,-0.005615879344131214,0.011087504852456576
2024-07-25,0.0,0.0,0.0,0.0,0.0,-0.005142620237842288,-0.00926569327315152,-0.022292839215825033,-0.001114429733563016,0.023281493771090345,-0.03282709019336483,-0.016702661707466926,-0.01742120747532938,-0.006999471429431248
2024-07-26,-0.03918410841603481,-0.035434855693127654,-0.03346338611264976,-0.033667240555538935,-0.032906356086419675,0.011090468702846357,0.010252765674276132,0.02146518994611757,-0.002194732292683632,-0.11213433355830271,-0.00533678817939276,-3.522573962000397e-05,0.007839448385284387,-0.013157949282049719
2024-07-29,0.008938638606046823,0.008110635331584515,0.009959823532762035,0.0008294663681926995,0.0020470575104574174,0.0008133101292933098,0.000709669542889424,-0.0020926849758309274,0.004748300459719967,0.012812751655983723,0.021270874389198058,0.01275044575899864,0.012310160750865329,-0.005238056420737491
2024-07-30,0.0,0.0009464270685963783,-0.0009392182853071862,0.008702881771466497,0.0026655283970109522,-0.004960171878030217,-0.012825373737482826,-0.03630552575288304,0.0015641212361443557,0.06566265828551643,0.0014900534313218028,-0.013657329512816063,-0.009886020980063637,-0.00837717750976641
2024-07-31,0.0013841683438433616,-0.0009455321913361958,0.0,-0.0012325819846382702,-0.001089865524954714,0.0157933986591674,0.026358511706674248,0.06709575768592213,-0.0026727836282015582,-0.07518371303299154,0.014947615968660788,0.020095939458893097,0.011869154695422157,-0.008206593979790067
2024-08-01,0.017417654357785528,0.017983994522395408,0.016451206380023065,0.017688253065298865,0.019944277998713122,-0.013693502993456064,-0.023026352660052707,-0.07205367856040024,-0.005775112476597344,0.13630803539367387,-0.024947487858721362,-0.0022853610211661657,0.0025228338003158157,-0.03236800407742746
2024-08-02,-0.05054350532600871,-0.047884723988367184,-0.04485538322728577,-0.054163356472463176,-0.04434260881041652,-0.018381860868696753,-0.024310025495816623,-0.05315457829269532,0.004427055244088818,0.2582032919667483,-0.05813906072944175,-0.02077156794362167,-0.03653768351000408,-0.04627766901229524
2024-08-05,-0.09129930758469984,-0.08496106594219133,-0.08569361364919825,-0.09487162558040152,-0.08351980222953914,-0.02996879838863975,-0.03433920949487235,-0.017648997480154915,-0.003900105801548759,0.648995327118046,-0.12395757674714236,-0.014585007712565767,-0.08767684570805523,-0.0018459834863698843
2024-08-06,0.05511816587259144,0.04108863822616349,0.0455388963143597,0.04626996333471567,0.03379268306975858,0.010354085880061037,0.010294364623245844,0.00905685944283574,0.002764724507885674,-0.2815660019776688,0.10226327398560753,-0.0030553619133616428,0.03301175560759462,0.02721266136795819
2024-08-07,0.039701485245122736,0.04049208771224899,0.034185867166371287,0.038357306798944,0.038742452023632135,-0.007734647858502863,-0.010450394739652702,-0.0278537072365167,0.003029438503285631,0.005052374652567915,0.011943897645556811,0.013847229251858328,0.01834149894208781,0.02057611200374998
2024-08-08,-0.020671864395893524,-0.01773402061290741,-0.017140126560554192,-0.022164263456505573,-0.019965912706408795,0.023042611519136447,0.028662349907374374,0.06899503139487906,-0.003905008009258193,-0.1457809483063327,-0.007366071453420164,0.0008277532603271354,-0.004547534093197969,0.007308478917079642
2024-08-09,0.03107599452279053,0.030090217174735923,0.029397171335272976,0.025777772237248087,0.0286965755714923,0.004671676849538509,0.0051189165678968696,-0.005914317325501073,-0.007344664716750882,-0.1437578791374391,0.005565465716637075,0.011745346105625831,0.012398630834713043,-0.013760337014237067
2024-08-12,0.012510655165077766,0.013145087097101493,0.01113250120913678,0.025563268083931945,0.01417205112604214,4.303397765514916e-05,0.0021085673056129295,0.005760617530848,0.0007652887976525857,0.01669112573546916,0.0,0.0012533430672083679,0.011539859287814425,-0.008371383334625615
2024-08-13,0.002527416802388327,0.00336389013237004,0.0033508992819391015,0.0063371655315840325,0.0010706043617687566,0.016847579753558328,0.024254184750069685,0.040610368281605025,-0.0060429459505582095,-0.12506027811373066,0.03447570931477517,0.00364723184644955,0.0012221483833785296,-0.014581714752322172
2024-08-14,0.012605048338764524,0.011973126129461109,0.011927584144100223,0.013014252470572307,0.010583302060494848,0.0038237284285767004,0.00029033906147879485,-0.002526663758610881,0.0020472686912957894,-0.10651215318914042,0.005793635571816225,-0.0035344682586463394,0.008773602899103672,-0.008307389632839723
2024-08-15,-0.007745539754846376,-0.005679164081678789,-0.0061291951766120345,-0.008702881771466386,-0.005996212787569899,0.016133247764330783,0.02337635958240125,0.04808001296571063,-0.009596021142668665,-0.05929592094835401,0.007798901992462026,-0.0002465179341797352,0.0,0.027748740017079943
2024-08-16,0.02258143312217764,0.02189434521074385,0.019212484714953293,0.022251489243676037,0.020742481463743134,0.001989779357261412,0.0021154737631077225,-0.002114520297035294,0.01398656718686797,-0.028233707447526624,0.0363777145762294,0.018763042416106046,0.019939489683777678,-0.008660254020838698
2024-08-19,0.0013632085475629996,0.0009315134439928929,0.0,0.0038411780241656146,0.002698102405719105,0.009722284736913167,0.013898180004721095,0.016996159160457713,-0.009462871123850913,-0.01013517366699046,-0.017708971757516734,0.00799821430212222,-0.008479022260793778,-0.006423395993354952
2024-08-20,0.0005444550704991613,0.000465360241552526,0.001629003408617491,0.0017006884217170004,0.0008687670993854368,-0.0019845553982971165,-0.003346805921529139,-0.013225174687020114,-0.007001673407422859,0.08395908040535782,0.01803491975698246,-0.003329064589211228,0.008327141632430868,-0.012671327512393527
2024-08-21,-0.010612171342356924,-0.011627929322980401,-0.0060409034058221955,-0.009337951450159365,-0.008525040581436327,0.004239676828782013,0.005727739128175591,0.014177967860992124,-0.000485705808362491,0.024559215397492062,-0.0029194052446873675,-0.006856819337488718,0.001668749585800322,-0.010476679160224545
2024-08-22,-0.005225521596250338,-0.004235245516807984,-0.007480094400750259,-0.005141413240915105,-0.0040049008413989284,-0.008932805548120926,-0.016721959277882892,-0.034163311361171234,-0.006270599155635659,0.07867232595473528,0.006830003640514004,0.014374681961776048,0.002421223468043854,0.02223395172598197
2024-08-23,0.0005529719139187872,0.0014177029697111099,0.0009420939000175377,0.0030147273308549494,0.00041630655400193284,0.01148337085011919,0.014667933769104025,0.026792728885731254,0.010727248962346891,-0.09629627657273676,0.004010828439404923,-0.0016382512683521533,-0.002208533773056409,-0.014241343065816037
2024-08-26,0.0016579116058701437,-0.0004718736458568795,0.0014117164445388575,-0.0030056660672147517,0.0037037716081256278,-0.0031537266931381813,-0.008503262384321975,-0.025108040099910967,-0.008756060974664415,0.018284991685414864,-0.006622067469395199,0.010596741076552618,-0.0013620851098514741,0.002889455379182282
2024-08-27,-0.0044139252328709855,-0.003777146481793725,-0.0025844825339687016,-0.0025839453191544015,-0.0024783653485163093,0.0015951960865450143,0.001638900990943437,0.011075407929608927,0.0017163104694757347,-0.044582001879948985,0.004681220669981112,0.0042665657114326905,-0.003246841091737118,0.003928723462117478
2024-08-28,0.014131429437933107,0.013744059945268061,0.01224963243923849,0.01252167327865239,0.008368724645030357,-0.00597597320797616,-0.011196453251911764,-0.01803957701765302,-0.0035839014234928523,0.10887882514248881,0.0021714186258217083,-0.010194353457794403,0.00021570256577119196,0.0020871733726066655
2024-08-29,-0.013661277194698118,-0.011220265542223107,-0.015592316351958013,-0.005117387694016373,-0.007546069078691819,-3.937906806072977e-05,-0.002255613083423591,-0.0028775251929596957,0.00908661017777379,-0.0853302711712346,-0.00024055368678810307,0.005305715030710312,-0.010242300824938821,0.006769076372278526
2024-08-30,0.004709288275505541,0.0,0.0021276343634988315,-0.00042865798833979785,0.0029835457649001196,0.010093051774424433,0.01125739986075569,0.026148820527778893,-0.0039083263225860865,-0.041533522963198455,0.007434826136505368,0.011399209979228164,0.004518694188624606,0.011378305969145242
2024-09-02,-0.002757149322429875,-0.0009455321913361958,0.00023591241538745145,-0.004716981132075526,-0.0014815026617228666,0.0,0.0,0.0,0.004331737370221411,0.0,0.0013744938256432526,-0.016515562183808674,0.002501557882098382,0.0
2024-09-03,-0.004423513239353194,-0.002839657249602001,-0.0025942353729553336,-0.0008616550968435499,-0.00642626632600074,-0.02115107439771169,-0.03259177894657106,-0.076317417441778,-0.00203152061097156,0.38133328755696616,-0.00037628351994256626,-0.002288070075927129,-0.006105974333271202,-0.017131146006964304
2024-09-04,-0.048875370625920955,-0.047935349871170096,-0.043036160224038,-0.04743423688088322,-0.0452404216276735,-0.0016025435809103872,-0.0030344938889551587,0.0032786769024584217,0.0015659122730726782,0.028957548327861904,-0.042358634832756814,-0.010999093450302921,-0.03146021686730205,-0.01977112685338034
2024-09-05,0.006131414982085026,0.00448648864470691,0.0032121625433509937,-0.0027160272393561558,0.004502065283094936,-0.003018017615584734,0.0025379660282958127,-0.0053686819148981435,-0.0008130132213054475,-0.06660413211162819,-0.01054101837711352,-0.0007469100456716227,-0.002053645663301795,-0.009819517509877307
2024-09-06,0.014219357919569076,0.013895814906489834,0.01330043359664379,0.013163659382393389,0.011680285631374687,-0.01726024985928465,-0.02550436394346589,-0.04280699210714711,0.0016272898106874933,0.12462309496363155,-0.007246104229282846,0.0,-0.012121906698941975,-0.005628493365816056
2024-09-09,-0.015450598379459612,-0.016152660281448794,-0.015070399747367902,-0.01702502826078367,-0.013564144167506398,0.0115800702824842,0.01160934059858132,0.01976182325479936,0.0005905528468521659,-0.13092039802055044,-0.0048285698828794965,-0.014178833927001144,-0.0032819098370070465,-0.003504046175316189
2024-09-10,0.0017436739593235107,0.0004974627580893731,0.0022210989457276398,-0.002734695063026815,-0.0038004968246213577,0.004472672652839682,0.008367462259605718,0.010530824308659481,0.002563547314850423,-0.019023178648836292,-0.0015625755023711552,0.0021590388199950183,-0.004929158272095169,-0.013795000780970734
2024-09-11,-0.0029010341992589117,-0.0024863141299816816,-0.004432451934541004,-0.0022852278135078175,-0.0015704496945657676,0.010665025888896507,0.02171097287436141,0.04644298354277088,0.001557220455938646,-0.07285112134206173,-0.014917122595469623,-0.00727505237507331,-0.0039865638141910464,0.0019199693024627429
2024-09-12,0.03753266470942718,0.03688929393396756,0.0314123538914155,0.03618878395419589,0.029587275926014067,0.007495302358939249,0.010011215390628214,-0.004410785262631056,-0.0015859972927726451,-0.035048096128643014,0.03406815978793376,0.007696645760223664,0.023363041639419713,0.00739117151628399
2024-09-13,0.0005607031614602853,0.0038462284850113715,0.004316591728175112,0.00044201692331702347,0.004913830054379842,0.005407711405364557,0.0065055700094134306,0.017858726325932217,-0.005730778859112329,-0.029876991095463934,-0.006828278230544216,0.007464982757604988,0.001290710708143461,-0.008152165990639837
2024-09-16,0.0019619812228965916,0.0038314155832768204,0.005730558892496074,0.0030933260797836315,0.004155842850258384,0.0012566297656613212,-0.00519394428970954,-0.013327386824879883,0.0004698615258813543,0.03502415111177348,0.0,0.003053084378746629,0.0,-0.007945217290768136
2024-09-17,0.0,0.0,0.0,0.0,0.0,0.00026455008109871336,0.0020423726828324718,0.0012279140023288004,-0.0023482640189050885,0.027421309068831112,-0.01034786054483472,0.013655077703507601,0.0,0.0057994775334442306
2024-09-18,-0.005034862040219523,-0.008587838565800365,-0.00854700285138088,-0.016740216564968602,-0.007837052942722855,-0.002896455862498093,-0.003106397636846503,-0.011037813021351428,0.0024009018886061995,0.03520720672322497,0.0048877732729220025,0.0,0.0,0.011806695032062553
2024-09-19,0.01293217779750222,0.013955633954852331,0.013649488127391862,0.015681154075141368,0.016783629197754113,0.01697685316676334,0.025076659927780076,0.04257762340679294,-0.005025171841719578,-0.10422378860340853,0.021307107967037275,0.01999661576676659,0.0020929238073543743,0.01492539148201888
2024-09-20,0.012767071755605208,0.011865234897951993,0.011575619292932382,0.0074988615417770355,0.005295654552418982,-0.0019410273951238066,-0.003644955448014686,-0.0146262245279275,-0.0003461304571514834,-0.011022676424785383,0.01530283972562807,0.01362393683958052,0.004870609160551931,-0.003208578580946697
2024-09-23,0.00438472149220992,0.003752343677441372,0.004437230673629333,0.00525387098617025,0.0056910052449301585,0.0028092730585327352,0.001445774217207818,0.0038895913450101016,0.006956707184216482,-0.01609902670890473,0.0,-0.0006277018027065484,0.0033315308605061933,0.0029506857891843374
2024-09-24,0.009549926386828167,0.009813219341459067,0.008370233918493897,0.010888484391470055,0.006562554474329074,0.0025111788443470395,0.005577417197717205,0.01211358740904478,-0.0017505941198043828,-0.031466330345934046,0.005743828956291219,0.04129153590251877,0.011402693211649995,-0.0008023591642226657
2024-09-25,0.01486492048876853,0.01619613233056616,0.016370742756763645,0.017234035777876855,0.014703261303304016,-0.0018612489301417234,0.00042553862838246026,0.006890028335284848,-0.007296520762731573,0.0012995129072905787,-0.0018536381561180537,0.0067650142311797,-0.013436232444576257,0.012044924288062697
2024-09-26,0.008255648252669445,0.006830643108775458,0.00476403898303257,0.006776822312949182,0.004270830660774827,0.00403867571712313,0.005977041489758417,0.03574711802685071,0.005141959081656822,-0.002595714617073419,0.02786796656801238,0.041584835930288166,0.028983329488937226,0.0026448005106105565
2024-09-27,-0.002113069542513224,-0.0022614819045869705,-0.0018062453120324395,0.0008413551736139446,-0.001575824966969841,-0.0012532169669905446,-0.0038866462488355014,-0.015860899956904984,-0.01264795450138878,0.10344822451218505,0.0232219674517542,0.03551998086534325,-0.008156267103217485,-0.011078823033537244
2024-09-30,-0.026204471840904242,-0.02538530135387751,-0.02646464859009212,-0.02900385548254214,-0.026212834827579523,0.004236552581176722,0.0038400470830193267,-0.008982391400636613,0.0036554889324060813,-0.013561294495994303,-0.04795453125608362,0.024300678415159593,-0.021326302236725714,0.014137095831547875
2024-10-01,-0.0019026139577985601,0.0,0.003717500518221506,0.0017316102614914897,0.007462542284165874,-0.009324107094664358,-0.015328382112681838,-0.028015011774261578,0.00015832654460190554,0.15122538887453651,0.01931504866645617,0.0,0.0,-0.015518152169496147
2024-10-02,0.0,0.0,0.0,0.0,0.0,0.00013839090212397487,0.000824090980865666,0.01347426379730643,0.0057631161172468914,-0.018691620253031727,-0.021815370821182345,0.06198876866790304,-0.012177705324611043,0.011220960451689521
2024-10-03,0.0,0.0,0.0,0.0,0.0,-0.001681413492255035,-0.0003703558019848563,0.0035660673773343365,0.0015742442471626816,0.08412699389840173,0.019659381614483884,-0.014713271645495407,0.0,0.017173003257043407
2024-10-04,0.0,0.0,-0.0006944671333822816,-0.0012963456447141475,-0.003915951667323836,0.008970249395274354,0.012242619624335926,0.013686460510597076,0.006475584055064321,-0.06246953152482426,0.0021675236822125132,0.028189074534382463,0.0031307534146178817,0.034025985767958566
2024-10-07,0.024782076913585138,0.022790714863831107,0.02154269928441166,0.021635618872994478,0.01792829627283954,-0.009586022165882668,-0.011795732314343055,-0.0027262443423828886,0.01005679869258036,0.17855286145995874,0.018043379859441933,0.015961307337674313,0.015826658452988474,0.011303711855721765
2024-10-08,-0.0047834037628737835,-0.004547501356640615,-0.005215408367566288,-0.005929765424821487,-0.004015843133057917,0.009689347495581924,0.01445106955545672,0.009850348672069575,-0.006747083567230305,-0.05388689691892423,-0.010047589769217602,-0.09406974008054558,-0.006136951750242869,0.001738690870001669
2024-10-09,0.009345837761082443,0.01187754558892351,0.009801641924462645,0.012356283253934341,0.002109089790889307,0.007113411987488272,0.005978094784393262,0.010441550476200101,0.001500498127376071,-0.026143765823892218,0.008742768115200583,-0.013836275945642296,0.0,0.008430428950080948
2024-10-10,0.0,0.0,0.0,0.0,0.0,-0.002070122839989974,-0.0005231007327147763,-0.007016802887732432,0.0017874650250226942,0.0033556899700895038,0.002620545594609336,0.02978790901271,0.0018500919258543913,0.007130632631724865
2024-10-11,0.01666657611046629,0.017155765989669725,0.012866876694528573,0.014309696660812277,0.01070478351454196,0.006051847587953629,0.003330516505153147,0.008394265967086145,-0.0009929871833751491,-0.022455863060207304,0.0057111495621489095,0.0,-0.000865664320812809,-0.005615292781610104
2024-10-14,0.000780679020552455,0.0013314955586367638,0.0011143667340707264,0.0041495328346770055,0.003215858580000841,0.0077076668832223305,0.00870907306913593,0.018431832112163482,-0.0020343946585824613,-0.037145569674535084,0.0,-0.007486894144240641,0.010158275737681466,0.006138005315101225
2024-10-15,0.021320846297530505,0.01906028443732133,0.018477271781882187,0.018181635797299922,0.013786551243744505,-0.007609466332438197,-0.010112022354858197,-0.051876517696548996,0.0006846983628858716,0.047715664482478326,0.007694579934974355,-0.03669866213857631,0.0038729656111551325,-0.014641274293183182
2024-10-16,-0.01731158610693917,-0.015658940974376367,-0.013989090138134541,-0.008522615317924753,-0.012066723441250926,0.004679145956573816,0.002811279069593775,0.0,0.0005909743352694452,-0.051356564791082526,-0.018297166681625288,-0.0015719171564189116,-0.008767906805946746,-0.005448319025069925
2024-10-17,0.001554481507154648,0.0004419174230281264,0.0024385634715387017,0.002046607248102017,0.001862561878152258,-0.00017116047891174713,0.000355489105901885,0.007872879186245019,-0.0011191169434519033,-0.024004050826652468,-0.006868486704644794,-0.010240624049581037,-0.00040609668786162345,0.01992041948373835
2024-10-18,0.024831875554645944,0.023851595934723635,0.0216717357570384,0.013888823714042431,0.01880075902485734,0.00397155273894878,0.006310213953266919,0.0009164468113231905,-0.002084877285687514,-0.05651490786039204,0.001813323910166087,0.03610768309981838,-0.005932618012137847,-0.005615292781610104
2024-10-21,-0.00025241031917189183,0.002588385604257004,0.0,0.006043608609035633,0.0023527539270360442,-0.0018227694906369774,0.0027290541004474367,-0.0018747454032865818,-0.0008108075314693375,0.018857467534081795,-0.0006964396801066863,-0.015653082361282267,0.0042793459928180955,0.026761651661847186
2024-10-22,-0.003786871381504464,-0.0051634747023519,-0.002597314002730333,0.004004781746035135,-0.00030156527726787896,-0.0004748538883844189,0.00214453854812513,-0.0037128542950173316,0.0002808461051442279,-0.009254222565459602,-0.013930077660513907,0.001000479543483701,-0.013136668968500853,0.005260601416828825
2024-10-23,-0.006589037728400693,-0.006055377592112943,-0.004991395301261026,-0.004786620804790309,-0.00852629098085167,-0.009191323428069387,-0.016314472583482398,-0.00894427446257784,-0.0011543711676430535,0.05714280025176999,-0.007994946235618694,0.012742173712791294,0.011249918918947222,0.009039035881542423
2024-10-24,-0.006122431049098709,-0.006092268578749782,-0.005888785421390597,-0.010821674448908691,-0.006095637401184573,0.002145772011323821,0.007596569436006506,0.005574266558851626,-0.0003123109124840706,-0.008316000484173136,0.0010085245853239666,-0.013031276022073879,-0.00715107863941955,-0.009901059102289445
2024-10-25,0.008213474090947415,0.007005250772280869,0.007240078541216555,0.012560817776631872,0.006723275032274767,-0.00029944716993013376,0.005599587049413213,0.010030646826170386,-0.0006311938616798685,0.06551362709634656,-0.006013303863863673,0.0049064479583553755,0.0008678667853334598,0.007619063405494009
2024-10-28,-0.001782005246188656,-0.0013043558770359232,-0.0023959830840956098,-0.0024009287314810113,-0.0064406378702547284,0.0026514435020339455,0.002623311348128654,0.0006099097175233936,0.0025012638112038577,-0.026069881388808724,0.01824156776184216,0.0004472519238709616,0.011287984565649944,0.01086956644211079
2024-10-29,-0.02320839096461791,-0.01828476302264692,-0.01899572821116735,-0.02045727086443838,-0.01170271773009135,0.001614127248163344,0.00783966508460976,0.02459507108615666,-0.0015593671303683054,-0.023232277888761477,0.007722946112806106,0.004940991035067066,0.0020556023809326085,-0.0009349486201817303
2024-10-30,0.001566657567017904,-0.004878055655881397,0.0,-0.0004095245795960878,-0.004630438149480831,-0.003300233889343751,-0.005601545069538139,-0.03526357525792467,-0.00033745516386241015,0.05222338267389759,0.00960605630371969,-0.015482238674952242,-0.009171827228123597,-0.0018718702681668198
2024-10-31,0.0,0.0,0.0,0.0,0.0,-0.018614700871699585,-0.027557031087636963,-0.038798563598194225,-0.004296436667535208,0.13808350925148427,-0.00499372850077151,-0.0031064061252981112,-0.014511635927306865,0.0042194389953555955
2024-11-01,-0.0067779008111553685,-0.00490189690903875,-0.00712215561113505,-0.00409674600023846,-0.0017681353912938347,0.004092509543626166,0.008000460240717544,0.010629500124207159,-8.469656393517155e-05,-0.055267732948130144,-0.02629337917799457,0.009307306060780007,-0.005394752048473728,0.01797388949198475
2024-11-04,0.012860784881404186,0.013434852717565171,0.012553290362477876,0.010695195271100522,0.008134762750590552,-0.002812083478299976,-0.0032861686554399583,-0.0057575087652756984,0.0018830568818823945,0.004570401522182799,0.0,0.00297905801648346,0.018333305004740508,-0.011923881001740688
2024-11-05,0.0036278997180656525,0.0026512938672211828,0.0022138423066782043,0.003256107484098436,0.0061570229659440034,0.012265644545291332,0.014256860922954528,0.011672889322529523,-0.0003382976410999383,-0.06778888999770039,0.011069275098698927,0.021366269822051365,-0.004669844775117893,-0.004641443688951252
2024-11-06,0.008004203163223034,0.00837380826912959,0.007068752801712819,0.010953377604308034,0.0047861170401419795,0.025295927786425976,0.029518724734147517,0.0291613426517483,-0.0028108766924117567,-0.20595409275225196,0.026141029043489583,-0.022306397736837513,-0.00518839591090392,0.03194219697521361
2024-11-07,0.011526645605139496,0.008741219763135799,0.009870555925688862,0.010032085487079234,0.008245523226092066,0.007431229727488331,0.0150652237858655,0.02084609754004152,0.016098729025626257,-0.06576525005492273,-0.002514185145183756,0.020204074859464294,0.0004368514429859971,-0.019204707608655225
2024-11-08,0.007850078620805778,0.009098774149414846,0.008036404107611528,0.003972873615756711,0.006197250034959412,0.0037568333092317108,0.0008987464377530063,-0.007464656191748964,-0.00929648605804334,-0.017105278430553206,0.0030207383897125073,-0.010745322335434682,-0.0013569133277561152,-0.008062623074458375
2024-11-11,0.0005024581468797695,0.0,0.0008619978357176095,0.0015829124027169073,-0.001029553901989333,0.0009690634297987444,0.0006211751877069904,-0.025025878896885012,0.00627458984621776,0.002008078145122605,0.0008341496000581206,-0.014533819574848672,-0.011514355410196075,0.0004644344945265999
2024-11-12,-0.025615194181617618,-0.023615249670260963,-0.022604912255016596,-0.024496238185669594,-0.023284295008224376,-0.00289265965137242,-0.000899507284966572,-0.010905852029722052,0.004336932611868294,-0.017368084451840793,-0.0039771632513316835,-0.028396280645150207,-0.019390378429264832,0.02878367454824171
2024-11-13,-0.006443374738081653,-0.006596346634486494,-0.004845796263351132,0.0012150508287338546,-0.005288498883201043,0.00023222772482434095,-0.0026284235830008607,-0.02124505546716171,0.001235439255507842,-0.04690683742990798,-0.016619976490730104,-0.0011806208134681473,-0.02637991614780666,0.004287015505168634
2024-11-14,-0.009079077950124526,-0.007968036121726252,-0.0079682982731345,-0.012944959699728198,-0.006336314481737659,-0.006049734794859041,-0.006399672399173273,-0.0005952868969572034,-0.00020971256315938103,0.020684732695029018,-0.004802504250840722,-0.019554552166852535,0.0007364378669059146,-0.007414062185304604
2024-11-15,0.00706808333276121,0.0022310658654438598,0.004016195757604812,0.002458983992442265,0.0012057324525860391,-0.013203489851361216,-0.022374872957156677,-0.03221215256865351,0.003986669276656585,0.1278825238553527,0.0027821199478283987,-0.0004872810990906862,-0.0008268357454254138,0.0022634113951771617
2024-11-18,-0.014036952316809237,-0.008976638198086473,-0.012162207196634967,-0.01512665685261294,-0.008628257366824488,0.003917814394541086,0.005979159201779272,0.012925463351008748,-0.0023173876056459264,-0.03469637466662756,-0.010922018865645367,0.007735349657148394,0.021602392615596377,-0.0031616845188052745
2024-11-19,0.01370948017735052,0.009510884795085772,0.010943933426073693,0.01037773281137122,0.013406124900682936,0.003963584828470035,0.010411990678702132,0.0019163909109056743,-0.0006007286302424086,0.04942236595213734,0.005064725590518515,0.004447171888007251,0.0011663835908932718,-0.007929281182573411
2024-11-20,-0.0041612909057738845,-0.002243205706305651,-0.0054128193807914116,-0.0008217411990742995,-0.007021874267539641,2.195086225209586e-05,-0.0011233764864474471,-0.0076509015254793145,-0.0036001887929690835,0.049541250583724494,-0.0016163156463625539,0.0021023463023051026,0.0041829681404848,0.006165779688610762
2024-11-21,-0.010968889557856132,-0.01169056869542584,-0.008163147032997031,-0.007812426892180757,-0.005848779832719808,0.0053404615405816536,0.00033107931651232825,0.015843083329820207,0.004516555234781006,-0.016899709251596895,-0.00850451289488019,-0.005272790618264578,-0.0006688002706674023,0.0059010490417152894
2024-11-22,0.01954058731646935,0.015923543809522434,0.017603955060375043,0.01782011465989397,0.015457767754733176,0.003467959094991535,0.0016460983300286003,0.000416489296845457,0.0010408579018676978,-0.0966212796103989,0.00677637728949021,-0.01893457481280958,0.008308416972913069,-0.004963969316304606
2024-11-25,-0.003626020073885461,-0.001791321683929925,-0.0031453889302255345,0.0032572565496591377,0.0019231667879251457,0.003020480305938378,0.0026936642209673956,0.009760794046504317,0.00194435698150075,-0.041994711237550164,0.01296340473188251,-0.004107154918190581,0.01323347531043928,-0.03287981540670648
2024-11-26,-0.012997211533328112,-0.013907550051324047,-0.006310538071609084,-0.014610285652358668,-0.011748520051593436,0.005722005647630368,0.006269322569991687,-0.01296498655305367,-0.007261611146034852,-0.0342465744476691,-0.008719427509811917,0.0004286454264001982,-0.005516221179449388,0.008675306084185097
2024-11-27,-0.014485091712867493,-0.012283923783931061,-0.019051931318649018,-0.016474454726515875,-0.015167516755981714,-0.003801238017440034,-0.005936086733931978,-0.013413899830371223,0.002257764605386736,0.0,-0.007986869829873622,0.023170678249983867,-0.006864117860451935,-0.013946987945397171
2024-11-28,-0.0016033314979065905,-0.0023030621206658886,-0.0025433689503169266,-0.00376888504210815,-0.0016064141835966383,0.0,0.0,0.0,0.0003024211586037939,0.0,0.005614003387638844,-0.012047561359927017,0.0006431580719459262,0.0
2024-11-29,0.002408859447085465,-0.0004617193602188818,0.0023181076054232808,0.0029424042766537095,-0.001632385004971093,0.005607785488815242,0.008273110081539414,0.013360919292946916,0.0024526484448965657,-0.041843981320970114,-0.003677465599455032,0.0029250039633379465,-0.019467638965027012,-0.015087253216824137
2024-12-02,0.02376510620059258,0.026789836083813023,0.01988886886141361,0.022631993847581633,0.021310710275126432,0.0024484564662998753,0.009666856814682268,0.026276815271963017,-0.00170188817196526,-0.012583277084667777,0.007982308202545862,0.006521943736319535,-0.0005822410804136036,0.004308311632372996
2024-12-03,0.01356279092306445,0.011695898138676553,0.009523895818029926,0.00409833626397349,0.012777945571064597,0.0004514491145146682,0.003966251232281781,-0.005654538891516903,0.004701136177487131,-0.002998497855734139,0.019106262056469703,0.010027025655391153,0.018586469456062682,0.006434687743262613
2024-12-04,0.0059186517335581,0.008003600053412052,0.006963231468328557,0.011428627542014791,0.009895539123634611,0.006051417924264779,0.01304913283496889,0.013238673083582064,-0.0039120209053116195,0.01127816664504766,0.0007014535056153459,-0.0001954478069292609,-0.014439460920021796,-0.010182387105727164
2024-12-05,0.005372242958721962,0.004411069940012391,0.003122848331377437,0.000403662544410599,0.0005422144066602463,-0.0018697756269248078,-0.0017663625312623887,-0.018902717468415986,-0.004651336042930887,0.006691461253842901,0.0030351805652966135,-0.00921979711400911,-0.00898940841872975,0.0
2024-12-06,-0.0038167426458841636,-0.0030742023440480937,-0.0006672116500221481,-0.0036306226782375495,-0.003209133409747267,0.0024954538421815275,0.008096835652052103,0.006041002154549391,0.0003032821885522452,-0.056868501200791455,-0.007727504478311609,0.015613665377093966,-0.005606480741801145,-0.006937752785019957
2024-12-09,0.001277121994608832,0.0008810619800401209,0.0008901214565488758,-0.00040488220902468175,0.003448434410777468,-0.006144213927296471,-0.006197457524939054,-0.00482192086521227,0.0020171769247800952,0.1111980479026784,0.0017734982522827902,0.027597119939752224,-0.027831706489902297,0.011563444613716056
2024-12-10,-0.00714280935562539,-0.004401431965837643,-0.005113448706091428,-0.005670383511336197,-0.006366533332259117,-0.002963883313944371,-0.0025054464613958327,-0.023769276059655065,-0.0005310753893845721,-0.0007046705780979767,0.00528793363210367,-0.005036254256835071,0.02425675379379899,0.0052394173433594204
2024-12-11,-0.008735977751452184,-0.010610066820360031,-0.009385294921386511,-0.0061098996177174625,-0.00957614927178041,0.008165786048233592,0.017658665535963847,0.025144030632846093,0.00472647811741278,-0.04231314305760081,0.00011817703733840723,-0.007691712242322235,0.010203289290534823,0.011845465906935582
2024-12-12,0.011664164065375404,0.01117071269565395,0.01060219772687776,0.00901648190827542,0.0062509705449778075,-0.005414022527810203,-0.006591040785879021,-0.007764605671191749,-0.001168319802240636,0.02503683022813319,0.01211285595385636,0.012006915915346195,0.016216968308627733,0.012409265847160178
2024-12-13,0.0007686777148470103,0.0026512922367711855,0.0002232478356527512,0.0008122195285182876,-0.0011420375760532453,-2.6466639124200775e-05,0.0011998719560866178,0.027895355483419815,-0.0006095614844506825,-0.00790227414327227,-0.009503322099559064,-0.02087608406929231,0.00497149338766989,0.01734511751929979
2024-12-16,0.004096303829612902,0.0026443509504823215,0.0035706383727875934,-0.006493450516105281,0.0008435932473851437,0.0037993543260221863,0.01240394370741793,0.018539949081534335,0.0009948574552680611,0.06372187791657047,-0.00032817279307018055,-0.008800154519071568,-0.002200873263290104,-0.0004547242105792382
2024-12-17,0.005099369877850757,0.0039560305542398755,0.0013341593713853683,0.008986927598222394,-0.0009501180399593689,-0.003863994965801476,-0.00321356347816526,-0.014144602715423948,-0.002501633362811728,0.0803267759620312,-0.0023521161075552577,-0.0047995661890714025,-0.012920972325065838,-0.0027290442423998362
2024-12-18,0.0,0.0017513229134658026,0.000666322669388375,0.00040488220902479277,0.006545316375484278,-0.02949284635160343,-0.03562429443583959,-0.036985818953299554,0.0003948023999278405,0.7403907396600702,-0.007188392036881042,0.008328239139154814,0.01124216866104999,0.024857405579723046
2024-12-19,-0.013698749820652889,-0.011363628534124315,-0.009764820219260617,-0.007284491647355451,-0.010204294103727585,-0.0008651123249070469,-0.0010271871739683247,-0.016791030798184003,0.007653556048109023,-0.1278059587033482,-0.006860825845849017,-0.005640249148284537,-0.019521580939886873,0.01691148516526053
2024-12-20,-0.009259070385497448,-0.010610066820360031,-0.009188755586974962,-0.0057072806175653135,-0.01840203207273594,0.010869123768910471,0.010314997956417882,0.013445308018074975,-0.0014688883539788478,-0.23785801186974165,-0.0028773355329502204,-0.0016104559497730486,-0.013046364299760804,-0.010065645970856574
2024-12-23,0.024143269918935895,0.021447765558095133,0.018774170870244467,0.01886014622742871,0.02640082018191703,0.007287273468533639,0.00982400160619945,0.0302578553785966,-0.00042905113412716744,-0.08605663786390261,0.011871288613708675,0.008236606563653881,0.015747814803463767,0.016578206561127296
2024-12-24,0.0027882378524193285,0.002187203730679821,0.002442201180176129,0.0,0.0006795708770699349,0.01104275925539211,0.013470862885252899,0.010301860484836833,-0.00024526060488960777,-0.14958284422952606,-0.0031788565392986134,0.010821143040637082,-0.0006101491101250245,-0.0017394862019977086
2024-12-25,0.00303335823459161,0.0030554161972426996,0.0031008030437589262,0.00482899732431763,0.004320483869864056,0.0,0.0,0.0,0.00018390283940372676,0.0,0.0023971739844381723,0.0,0.0,0.0
2024-12-26,-0.0007560063847263931,0.000870258076178132,0.00044157758242957534,0.0008009216284254883,0.0011545410278845925,-0.00040565878647391695,-0.0005377372076803555,-0.00031309931584599937,0.0028792111504165607,0.03223539381334706,0.01118385128261945,0.0,-0.00444581383042042,-0.0026138278618927924
2024-12-27,0.003278692182498988,0.002608778317654048,0.0024276483855654174,0.0024009287314810113,0.0012363018552592475,-0.011055736101235558,-0.014901334813076983,-0.008455365726241837,0.00041578320025936755,0.08282418906603617,0.01802215190342027,-0.00038949210928640454,-0.010248265461727635,0.008735523451921967
2024-12-30,-0.005530453994934237,-0.0030356097774731916,-0.004843625467642831,-0.0055888065355949035,-0.003672522989560889,-0.010701995701766776,-0.011927790534834837,-0.019671486010115258,0.0026587407296438936,0.0909090800379102,-0.009598062524770912,-0.0024410099786940087,-0.0021956483380910496,-0.01602075826296656
2024-12-31,-0.010363960656278204,-0.007394456304014363,-0.004646015704548367,0.0,-0.006688153383762052,-0.004284800394927402,-0.00903175989823235,-0.008238176471566883,-0.0014782773801352844,-0.002873519434293592,0.0,0.000924550104095978,0.0,0.0061605891000378055
2025-01-02,-0.008684574837581338,-0.01139350598482014,-0.011780495249505307,-0.017262119440919266,-0.008814334035584737,-0.0022238866412221947,-0.001553535689448271,0.006171989470396655,0.001251537494249222,0.03342938968033171,0.0,-0.021766201972330257,-0.00022923572524313762,0.0004373179666570248
2025-01-03,0.010048967845484924,0.006205636838037654,0.008996958300905522,0.006127370144775268,0.003339174500631481,0.01259602672149196,0.017680325421069565,0.026058450966587765,0.0020975544231986998,-0.10039046925668937,0.0,0.0069789014585244225,0.017916238638119086,0.004590248340971437
2025-01-06,0.03137758003408453,0.030836960963266602,0.028087370701789238,0.02354850263252617,0.0279117234558639,0.005538045085450305,0.01239958989876877,0.02894778585280755,0.0012929662335154912,-0.005579556721748813,-0.014726032561239055,-0.0036426865856341584,0.019132474527359333,0.004786735212523929
2025-01-07,0.011130276764592884,0.010683851948064094,0.008889816102823689,0.014676809954186965,0.004397819984492957,-0.01110391288210788,-0.018892582443783112,-0.013629779365686878,-0.005362688493261603,0.11097248614080613,0.019748365358672082,-0.012225998084997358,0.001390400068906894,0.014075369595260456
2025-01-08,-0.014921691937687442,-0.012262188099449789,-0.012035184715334157,-0.010946020200958917,-0.01031401095838369,0.001560360190925314,-0.000554079302387156,-0.009965057845967129,-0.00034527787352645056,-0.006733946910202238,-0.002550742715974774,-0.008625249707220783,0.011616688751427517,0.0021353303133306856
2025-01-09,-0.01142283598961491,-0.011130196323649533,-0.011746835268734324,-0.015019707041993846,-0.013935772156041248,0.0,0.0,0.0,0.005983308797275377,0.0,-0.009403671719156903,-0.002020204476056664,0.0003371029924694735,0.0
2025-01-10,-0.0002512056482141256,-0.003030285245628206,-0.0013207375299334467,0.0004012207966836989,-0.0030012170892772527,-0.01541164380306681,-0.01628686998448936,-0.023888300547028285,-0.0027125588031043923,0.1039548063998117,-0.01047065939973979,-0.00917845051676236,-0.0024266914960373587,0.017685954813352778
2025-01-13,-0.023115694620403193,-0.02040810179915098,-0.020938955050885055,-0.030084273001366846,-0.022750412660863084,0.0015754440882007614,-0.003837421278994335,-0.0030706502658011114,0.008080683673291622,-0.017911994118260277,0.0,-0.00997406390957567,-0.01042220321243792,0.005653255921177269
2025-01-14,0.006172903216578485,0.003989278072736413,0.005402982341511375,0.009512017442104836,0.013748884512583492,0.0011462798112440442,-0.002289855211858427,0.006573844064846179,-0.0012629097569892833,-0.025013102460996528,-0.01827227292399225,0.018312816394786102,0.003149088017755375,-0.003123020314176439
2025-01-15,-0.007668689358028669,-0.004414965252523828,-0.006717367310779099,-0.010651379772651848,-0.012411403721450665,0.018312792279639112,0.024513246600664118,0.019409856723088703,-0.0030888493404357398,-0.13842856076827315,-0.0007725327204513022,0.003449103894537453,-0.00023618313969120397,-0.028195535896037516
2025-01-16,0.020350370208366275,0.018181810555491618,0.01983764046682457,0.019047666913895922,0.022675507006747475,-0.0021126894641922966,-0.008863685277409328,0.0014785006447290971,-0.004746202771525931,0.029776644990494594,0.0033300778352605143,0.012279345074590386,0.012287651411459155,-0.01010099560895783
2025-01-17,0.004862977189907136,0.004355424022001841,0.004199842360523842,0.0033528899498203035,0.005341148174661026,0.009991058969353706,0.01509493188909139,0.027735549367739143,0.0014330122044485805,-0.03795181325081021,-0.0031405873623461256,0.0031332410271596167,-0.0015588356121974956,0.0006513806848027492
2025-01-20,0.010188535214684435,0.010841307235224251,0.007704099058623903,0.011695811982212145,0.005129593209210137,0.0,0.0,0.0,0.002040049502909147,0.0,0.01173008909162454,0.017450415820662535,-0.0013869350447894835,0.0
2025-01-21,0.0020171709030738505,0.0012869066764413795,0.0013107266474261525,0.0024774204564443902,0.0014264713733647127,0.008768227105582893,0.006448231967207674,0.01179600735480224,-0.018049163113836197,-0.05698183044435312,0.003225511695906347,0.009070659080583576,-0.0008015791322039112,-0.007593908154690965
2025-01-22,0.013085019689172084,0.014567277665437084,0.013307169801419994,0.009884672759430835,0.009673832452960607,0.006137941522227575,0.012783487788161407,0.014454595431413919,0.008293035215003464,0.0026560398896751103,0.015841699309679935,-0.016302211829672286,0.011528865406335687,0.005465696548705878
2025-01-23,0.0,0.0,0.0,0.0,0.0,0.00531348622041139,0.0022159573527285037,-0.0018660001324283249,-9.201915309597908e-05,-0.005298008058610915,0.007885262635179968,-0.003954188568274231,-0.012394709050090102,0.008480111877879892
2025-01-24,0.0,0.0,0.0,0.0,0.0,-0.002855132319398823,-0.004955644440254314,-0.02009582599612647,0.0018231069883152262,-0.011318247078086707,-0.0006729575752255634,0.01855931486721052,0.0084715338468766,-0.0025873402099461096
2025-01-27,0.0,0.0,0.0,0.0,0.0,-0.014580715690809543,-0.03069366899092285,-0.07843398030783233,0.0028461453505732592,0.20538714873478559,-0.009170085810959572,0.006557302692291156,0.0,-0.02118461978523778
2025-01-28,0.0,0.0,0.0,0.0,0.0,0.009217869449967608,0.020254534552450076,0.0044694915136476165,0.005285148140542928,-0.08324021245093771,-0.013873842476610165,0.0013536070756574592,0.0,0.00507955851280717
2025-01-29,0.0,0.0,0.0,0.0,0.0,-0.004678895760321544,-0.0051318352135546474,0.004121692977969271,-0.0012520013183110468,0.009140744663317601,0.010198412765952014,0.0,0.0,0.0008788639813397392
2025-01-30,0.0,0.0,0.0,0.0,0.0,0.005275414405311762,0.0025177710384303165,0.02033787823980937,-0.004627997644679804,-0.04347822080763086,0.0025165051499556057,0.0,0.0,-0.009440119876133246
2025-01-31,0.0,0.0,0.0,0.0,0.0,-0.005046825754019935,-0.0027594368831531657,-0.002788796569755614,0.006893228711458477,0.03724748402174094,0.001480983386413115,0.0,-0.0076592286607691795,0.01263290831558761
2025-02-03,-0.042722335128767996,-0.04434115574476205,-0.039827878791182436,-0.04526920514460264,-0.035310722033439546,-0.007608597684666707,-0.011997413936106094,-0.018016761943448922,-0.003354747105550504,0.1332927871807601,-0.026594194179056507,-0.0003881120853024278,-0.025193024093922434,-0.005690424026081664
2025-02-04,0.005967950860941151,0.003535149196838283,0.004484358235937735,0.0008542903923074441,0.004373265659709302,0.007224881828679752,0.01351377483662497,0.010270774037872243,0.004843438559004598,-0.07572511768043466,0.0072243146661599145,0.028327339041700927,0.011304220047816393,-0.006603611786767383
2025-02-05,0.015217909456710421,0.01673266688935149,0.012500024285266864,0.016218559740808658,0.016127918339116087,0.003908672930614365,0.0019492474205637933,0.019362307425458303,-0.002891986256126744,-0.08367220821110855,0.0008533702335078441,-0.009277126317351891,0.01111342624428402,-0.020163988450672243
2025-02-06,0.00431903071274653,0.003897778005051311,0.004629627610652554,0.004619882989323587,0.00669296009715703,0.003644298722618622,0.005060861556485108,-0.0013146759806982322,-0.0021221627178528157,-0.01712114457363567,0.00605309863061132,0.014299558777929544,0.010951384368703243,0.004070584840460079
2025-02-07,0.004553540905312126,0.005608347137822323,0.005705584082463133,0.010451521470383307,0.006933683495169651,-0.009464770111542897,-0.013570633401157828,-0.015569657651180568,-0.0007860262820782449,0.06709683325982874,-0.007154761628599959,0.011579759340173412,-0.005846093673006814,0.010585569984175258
2025-02-10,-0.011332211155054894,-0.00943805954301935,-0.009164384512405088,-0.011998360271624597,-0.009631412824059216,0.006712541085862833,0.009776429146874044,0.013049239553341252,0.0009726337705842081,-0.04413545680190001,0.0003648731952348161,0.018380329253005367,-0.0002577014195069838,0.001337205700239208
2025-02-11,0.0061131687595619155,0.00433083410646895,0.0033032979921541195,0.008375204958226856,0.005673032792007815,0.00033958278885926063,-0.0035715325966498845,0.0009103895104531912,0.0011422745347031693,0.013282734508116123,0.0,-0.010552982987777626,0.007052013135895985,0.009793044396691153
2025-02-12,-0.0015191048761507009,-0.00043118869471237,-0.0013170556932113886,-0.004983386095004483,-0.004032696564515326,-0.0027238667143857365,0.0003100125914030638,0.0010913758085895342,-0.0018895087172872138,-0.008114863341212808,0.004188722553885471,0.026441148868821873,0.003678479577159388,0.022040974362095067
2025-02-13,-0.004310270573886665,-0.004745461724625533,-0.0004395395712128991,0.0037562803834529923,0.004708515817043901,0.010426292122230674,0.015047947603236134,0.012264924493385898,0.0016004999541816556,-0.04971679954588537,0.012775212344583231,-0.0019924485681007686,0.013647844624626648,-0.02415354464715591
2025-02-14,-0.011968384727978232,-0.01170353966578419,-0.012313128761433978,-0.009563382496854511,-0.010547307799725902,-7.194380749464546e-05,0.004067500652163103,0.0010322438660774758,-0.007319906963362488,-0.021854299031079605,-0.007907436605486207,0.03694633258951585,0.0030505646904579464,-0.011712701034278239
2025-02-17,0.015206143954966223,0.014035163411002749,0.014025016053716088,0.014693504364091448,0.015234598287045209,0.0,0.0,0.0,0.0015391983887540484,0.0,0.0006339891206110781,-0.00018123561242655573,0.007475684638216684,0.0
2025-02-18,0.0035541866292954083,0.004757776678643966,0.004390744277709802,0.0033098864927156857,0.006840120787098725,0.0024449877750611915,0.0007235432730370306,0.01654183393535469,0.0012581943498035653,0.03926878170143766,0.002454378513947253,0.01594342074923727,0.006278735685934178,0.0161001844225237
2025-02-19,-0.0017707207201524966,-0.005596275537681161,-0.0017486372632257163,-0.0012371777235219428,-0.0026210179244977594,0.0023769693899173827,0.0007479686681528541,0.016625486016918378,0.0004493902906270719,-0.005211721284556381,-0.0026938627238113355,-0.0014175297495513384,0.017020629562167544,-0.001980700058628715
2025-02-20,-0.0038013353840277153,0.0,-0.0035034873312501658,-0.0037158703967430373,-0.0049406348495265595,-0.0043341850761716705,-0.0046813649111873135,0.0023424153002298276,0.0007610438798688612,0.025540234312838583,-0.012423724384459045,-0.016006621351304262,-0.006535590528931712,-0.007717717439854388
2025-02-21,0.0071228391649595935,0.005627770089766226,0.0063722279665185955,0.00787398969073072,0.010336965036197743,-0.01706412670256352,-0.02195880763092417,-0.030683279855683865,-0.0016155224353523456,0.1628352019097845,0.002557067166465865,0.039905223569291604,0.00019593359598868432,-0.017777760823567745
2025-02-24,-0.008840657657200879,-0.008179088417706093,-0.006768453916853434,-0.0028782663800065444,-0.006950599050789652,-0.00496910650440241,-0.012143001410622967,-0.023484230041896925,0.0024378228572174976,0.04228448635234905,0.0,-0.005805903901563103,-0.0035071681093629126,-0.006108585959929247
2025-02-25,-0.012996955558589596,-0.013020834402415082,-0.007913798957466578,-0.013195869141830907,-0.011864466763289783,-0.004679730915472358,-0.013508581548304033,-0.02061992130450674,-0.002236579215236012,0.023709208313628327,-0.013903941987108315,-0.013177747892544334,-0.005662930573493763,-0.021625373163327577
2025-02-26,0.005422211213800043,0.002198745764483645,0.00044314311637871917,0.008357705400434456,0.005017241236141778,0.00013602428004699796,0.0025684924475790627,0.01741259679858831,0.002403748003681816,-0.016984041097423352,-0.0024953840451925613,0.03273029074353162,0.0041060296270498675,-0.011400602137291216
2025-02-27,-0.011299455828810534,-0.007020591544757759,-0.01018830278635896,-0.013261492989122048,-0.014928761271182256,-0.015864553655509872,-0.02782870850894581,-0.05822696463173027,-0.0008542199220611391,0.1062826564792283,0.0029835791007928325,-0.0029275614109702808,-0.007322767208623127,0.008472528669988044
2025-02-28,0.0,0.0,0.0,0.0,0.0,0.01585414463498891,0.016331563687400408,0.01593191482472811,0.004622788151135149,-0.07098911782188544,-0.0287710928996342,-0.03275821236315202,-0.033935337352198,-0.012602077652461019
2025-03-03,-0.02311687832286302,-0.023862187417800218,-0.020138662283260556,-0.020999524296616556,-0.01288020531332612,-0.0175967394669998,-0.026374620756663858,-0.035344431054585956,0.00010029005274558855,0.16046875499488777,0.016954925919446584,0.0028311020405660248,0.0,-0.012053916071700255
2025-03-04,-0.0066471166161508055,-0.006790403801804068,-0.0050240101390899294,-0.002145023377184918,-0.007003312963471564,-0.012234826602200433,-0.0035437943047462728,0.005567936224852632,-0.0004892272620616867,0.032045633021612785,-0.012022851046409211,-0.0028035836019563165,-0.0015240594829495357,0.007177083980951515
2025-03-05,0.013115575734733431,0.012762075317203525,0.01101677578020066,0.011177936226308471,0.012170685545562776,0.011159277893187936,0.014633194908524993,0.02155536353048415,-0.0028611765666530786,-0.06720544059225653,0.0023320611477797293,0.028439018418404016,0.011550370055151138,0.013064092123578952
2025-03-06,-0.006076580876897775,-0.007200617005202026,-0.004540348640360792,-0.0029760771996748536,-0.006841176310348751,-0.017819007085749905,-0.026059274883519334,-0.04157183216534155,0.00019216094991714172,0.1340629499838053,0.007661809305267608,0.03286823204447331,0.00704812895467688,0.004923777046813793
2025-03-07,-0.00930352240636978,-0.009066231079771891,-0.010490350890963951,-0.01236684171983915,-0.006135009415062398,0.00552061780274804,0.007026349676013233,0.029337555457716658,0.0017315585352613017,-0.06031362884530711,-0.021688352671059508,-0.005679597784519319,-0.004922028163322545,0.007232883564392445
2025-03-10,-0.005902965088046552,-0.0050320848685030395,-0.0032264879469895424,-0.006476748462132864,-0.005178931508299844,-0.0269730913054258,-0.040002833692822315,-0.046259592435760055,-0.0009403841713142569,0.1921266414154501,0.003825114506694538,-0.01848066477807553,0.002695520215496794,-0.02409082549604269
2025-03-11,-0.017543774053532357,-0.01977011297642295,-0.019653205734343815,-0.019991252879367094,-0.017278505202805272,-0.007567865323653167,-0.001844522114810565,-0.011830089924001808,0.0012063354165599005,-0.03374014764767641,-0.006350827603529674,-5.6745640009125964e-05,-0.012756739752421975,0.017802109967730573
2025-03-12,0.004395573345891135,0.004221448124109406,0.0037735922999384552,0.008869174848501915,0.009390996671090779,0.004886869929446425,0.012178733439950351,0.020612244309683447,6.697012528866786e-05,-0.09992572535044164,0.000706123216855703,-0.0076456565030087464,0.01466739016029428,0.006996206208935707
2025-03-13,-0.009299790368546779,-0.006539035373553492,-0.005874013518504362,-0.007472454227084313,-0.014214677219695382,-0.013890984206835322,-0.01957336017705169,-0.004998053954379578,0.0011408531144070366,0.017746608060236646,-0.000789226291940337,-0.005832980713392666,-0.0004583527197696835,-0.010189827134928553
2025-03-14,-0.003313170981874558,-0.004231297385401955,-0.0037816191168411617,-0.0013286783833323934,0.0002901004768605109,0.021265869083087807,0.026069457524154904,0.030856081069466912,0.0018871601352579148,-0.1171938121464231,0.007150586818270188,0.021196670872431378,-0.00282859508715394,0.007955058155387773
2025-03-17,0.008587332926357272,0.00991495565355005,0.007591948089712419,0.007095339878801399,0.0068545033705731395,0.006416130719105961,0.0030736755857529996,0.01650750715676641,-0.0012860909638311435,-0.0578778228014456,0.009268265118663077,0.007745826170102887,0.01727342700510892,-0.0004642188952586057
2025-03-18,0.004119766576520023,0.0037400857106659746,0.004944571409461362,0.00792606582674571,0.0069190115551449605,-0.010653512117636543,-0.017100725880162315,-0.01326775928324031,0.0009233778296404704,0.05802050320710772,0.012003853550458965,0.02464220112837734,0.0006320729467728103,-0.005805874132936539
2025-03-19,-0.012308505959676141,-0.012109839324300209,-0.011714996511826836,-0.010921816596949241,-0.013956737184071533,0.010798495567894584,0.014092107114519692,0.008140170834844529,0.000691720867479928,-0.08294935857713559,-0.002471711613070804,0.0012356349151965151,0.006231971622814525,-0.0058397791556785705
2025-03-20,0.021600522897885055,0.02121640861654228,0.01944050660028962,0.015017613072285663,0.018962383754100642,-0.0021848931523151816,-0.003332708361115988,-0.00797595805821838,0.0007308017918177256,-0.005025144893802347,0.0,-0.022251353484050607,0.003226019771096933,-0.005404191752621856
2025-03-21,-0.008132239437284916,-0.006925208159448637,-0.006976780346841571,-0.004786654392396672,-0.007514778753577311,0.0008246534476661349,0.0052239345603362075,-0.010471997026867186,-0.0004847648711218122,-0.02626255406322109,-0.0019818963894698838,-0.021892222433502084,0.0022865211531444274,0.004488555231781488
2025-03-24,-0.001093165949643815,-0.0037192201334487196,-0.0016394053222579252,-0.0026236604666907137,-0.004613378578019911,0.017646000146633645,0.022747295735711326,0.02969197025486059,-0.00037294347691796403,-0.09336105188294774,-0.0018199486652966668,0.009111118128189988,-0.0041843628362887575,0.018579491740018383
2025-03-25,0.01039661209862941,0.013999067827331402,0.009383082183568092,0.00920659908681154,0.00753388228226104,0.0015743334544251475,0.004578119137620407,-0.005406586985606476,0.001100854006351959,-0.018878714665219953,0.004574785882467403,-0.023480334032509265,-0.006177650800823886,-0.005541374240113028
2025-03-26,-0.0008122840643032259,-0.0023009424019351243,0.0004647699333664157,0.0,-0.0005791891930048143,-0.011156934922627149,-0.02040513973417113,-0.02801318563214239,0.0010299623953369252,0.06880468404796991,0.00653114026752788,0.005957369052336237,0.01075379411440247,0.007197506231432227
2025-03-27,-0.018970194966450915,-0.019834017262873593,-0.018582988004121503,-0.020417085020250303,-0.013860075941006245,-0.003306980860763864,-0.005307007694424604,-0.019700783784635245,0.001307340140583202,0.019639967913255507,-0.005977820615253093,0.004065884529079078,-0.013914854299955204,0.007146182252269817
2025-03-28,-0.00994466071985578,-0.010352922673928844,-0.011124340364606189,-0.015964421539230278,-0.015892536377484667,-0.01973722070834405,-0.027018550378617556,-0.030222088015541715,0.0006920720797163327,0.15837340823392898,-0.017979925578642142,-0.006455000544218992,-0.018859645097812683,-0.026092891895700077
2025-03-31,-0.03599334896812223,-0.034712314384921616,-0.0332693963370313,-0.04236153903629403,-0.04198467002028805,0.005538521570653376,-0.0013681917240805364,-0.0027028756792812914,0.0022469010496022346,0.029099357007656312,-0.040483735116498276,-0.01310559519389809,-0.03004709335808231,-0.002115229405173946
2025-04-01,0.020549879704963026,0.022167489979992627,0.019806822529561563,0.025411800957423347,0.028231172368546442,0.0037812354559083605,0.008705650385741004,0.0005315240288050749,0.001606192017939545,-0.02289049430718948,0.0001943388394176626,0.0037742798671140942,0.016230481995475943,-0.02119634472745091
2025-04-02,-0.0017015999512085545,-0.0004819682782215562,0.0009711594179651062,-0.0036714068672956124,0.0008482442253172628,0.006728194715792668,0.008662527433463518,0.006426881644090887,-0.0010711050560909818,-0.011943051144452932,0.002846094137118449,-0.0001857446728646961,-0.006159216074421048,0.00962462957923127
2025-04-03,0.0,0.0,0.0,0.0,0.0,-0.04839563335990149,-0.05968060766968586,-0.10090774662944746,0.0017769790735353563,0.395629945993925,-0.027709370714915416,-0.01520173708163386,-0.007646139620185233,-0.033603495593574784
2025-04-04,0.0,0.0,0.0,0.0,0.0,-0.05974960534553109,-0.05817425293064171,-0.07472418658320534,-0.006956769059006995,0.5093271379872046,-0.027503267397613107,0.0,-0.00855753798798553,-0.017262622985480536
2025-04-07,-0.10000000885408722,-0.09980710452475106,-0.09992728408853413,-0.09995390684497873,-0.09699735590808689,-0.0023314724921273955,0.0009924259002549451,0.023092148026395032,0.0039779856690886906,0.03685716438600095,-0.07826976901020699,-0.1322334712327945,-0.05565784939336682,0.04266005500319747
2025-04-08,-0.03251260207163997,-0.03695767319294341,-0.03422260857624915,-0.05629480041249202,-0.04016151985134908,-0.015700524562941354,-0.02149227881944238,-0.03974704546272967,-0.005500181172965579,0.11387829589075582,0.060250613335437686,0.015098565911058737,0.002589996316183951,0.025752074298914573
2025-04-09,-0.046003315127350564,-0.0444938570268234,-0.04631686313816441,-0.058568296346269144,-0.057865243314972226,0.09515387644904849,0.12163161348672213,0.1857161210891014,0.003050360677505859,-0.35753873962348437,-0.039334971755557224,0.006797134543032435,-0.017363340217546153,0.03237916675896857
2025-04-10,0.09986322602815512,0.09953427554866345,0.09976588668248709,0.09965434782740279,0.09247307649849001,-0.03460757958472693,-0.043075119311905774,-0.08174498154856502,-0.01489084234874749,0.21118389394369697,0.0912835980576665,0.020592132230997207,0.06598949759951966,-0.0013636458708232713
2025-04-11,0.023321005360211533,0.024880898106762528,0.020484197781277746,0.0481927432332514,0.027828390478427556,0.018092095201708958,0.020573869620679863,0.021647599405831164,0.006081981557515048,-0.07760313734483593,-0.029570975035395408,0.011261611146057948,-0.005046946739509672,0.02253071823134878
2025-04-14,-0.005165702696370511,-0.00878099821267897,-0.0046924742090797,0.007995997590489079,-0.0008029019685500405,0.007944712390868913,0.006398982403674314,0.006617861045163709,-0.012941415741642648,-0.17758258093104407,0.011814036623792656,0.024036261146822113,0.009524286458791664,-0.02871137014110048
2025-04-15,0.01007947999920411,0.010943299539452056,0.010738666879160919,0.010907334177640449,0.0176589192631309,-0.0017277808903947145,-0.0004937502016194584,0.004094650267746136,-0.0001606647441906306,-0.024927114458703215,0.008391991984811886,0.0022817494062628008,0.008762615781874095,-0.0093950253994467
2025-04-16,-0.018143416452175876,-0.019587732324637952,-0.016584639503896104,-0.018146165085230037,-0.019623144276647686,-0.0224083715440897,-0.03067256456549472,-0.03859636335656058,0.0045493231013253865,0.08366528818726215,-0.010130305078717705,-0.019066613409664313,-0.012101340324106369,-0.01017815157046309
2025-04-17,-0.011087056158529118,-0.006834906001290331,-0.007114651536781813,-0.0069930554381992804,-0.006640103310560974,0.0013268380955802073,-0.0012699918771302832,-0.005018242354993485,-0.0038519004653240208,-0.09160538685752617,0.013478707387309052,0.0160592900179517,0.00938943345084664,0.01261985980608027
2025-04-18,0.0021798998269104697,0.0010588504012456479,0.004246397969271953,0.00503012557608562,0.002911195655576959,0.0,0.0,0.0,0.0,0.0,0.010258996307779489,0.0,0.005266336449612163,0.0
2025-04-21,-0.014294505514939826,-0.014278276969812431,-0.016120629221659466,-0.013012954266765409,-0.014891964002938463,-0.023567493023827546,-0.025515063117136583,-0.017472045299446348,0.0,0.14064081382610993,-0.012967340280320983,0.0,0.0020133526174763716,0.016616668280701186
2025-04-22,-0.016708798274490566,-0.016630864446026905,-0.014773022282217774,-0.018762694128253044,-0.016370054958029567,0.025117204723895226,0.027063337345606397,0.019432894066913065,0.0019087153159529358,-0.09609698490025054,-0.0017304681357299678,0.007813909262398333,-0.0007153251270926031,-0.0036322974078137893
2025-04-23,0.04424498000314969,0.04364427555088235,0.04116689011585195,0.04651165821368064,0.04500035126970481,0.01666113847096007,0.025007383940334194,0.037465590362999235,0.004099782822633236,-0.06934900075395489,0.01893676072778705,0.02366622982727762,0.01565170981604136,-0.0004556516448654957
2025-04-24,-0.00583357838068943,-0.00575012051866286,-0.006284379923673367,-0.011357992560349306,-0.008163803151391757,0.020259113708281262,0.02741123349732466,0.057548910306537415,-0.0012526095055448438,-0.0695958311594923,0.004890342310518436,-0.007378343909366647,-0.001278916515075279,-0.018691646687041596
2025-04-25,0.023780107374844928,0.02523664613611687,0.02239792300463761,0.029470486215893432,0.02022299672390404,0.007373133469998461,0.012635436155963742,0.009725227631132816,-0.002987707483269153,-0.06157911609556577,0.019024145091282918,0.0032396735294817347,0.009503106239348025,-0.009059241785690397
2025-04-28,0.008446419997482302,0.006153798145946077,0.007731999234029452,0.005337186597305532,0.008135756068057276,0.0006407067039131409,-0.0009669592300730612,-0.0017857525856875833,0.0025712712450653985,0.01247984959895776,0.003759899849781201,-0.0003994086086905879,0.0010054033478608115,-0.011720514841082164
2025-04-29,0.0038887597669987617,0.006116160528624626,0.004347771095705388,0.006274153447189068,0.009894012430566201,0.005802410694099036,0.005481327642628653,-0.010678634843654722,-0.002862987748134538,-0.038966185172991996,0.0,0.0016452076172366326,0.006496949128320217,-0.0101992932721513
2025-04-30,0.004767547135678063,0.002026433315250431,0.0005092704345894816,-0.00575539263811653,0.00011854303657643506,0.00147999135976562,-0.0008579230254012193,0.007287239182867555,-0.0032134330087744134,0.021928038269446892,0.005730767080285304,0.005057262273352459,-0.003434063319616709,0.0009585878397950776
2025-05-01,0.0,0.0,0.0,0.0,0.0,0.006299102138585644,0.015155063640452937,-0.0013598570077596461,-0.008963004576923672,-0.004048598315015806,0.011289155152408359,0.0,0.0,0.012927914825491493
2025-05-02,0.029062841864408107,0.03134480069777146,0.028506037497259884,0.025084405367153506,0.02730963815359244,0.01472657412963474,0.015075046601202846,0.03507814259982611,0.00248493598366184,-0.07804878237889012,0.010380431876460205,0.01741771270248549,0.001243807818561704,0.021507936955162066
2025-05-05,-0.008933706216275539,-0.012745165996415508,-0.010640963145796434,-0.010352886357066993,-0.012250086251671455,-0.006381597588933863,-0.00742531069797947,-0.007682919976893632,-0.043825255887390946,0.042328001391321646,0.0,0.0,0.0,0.004858840425155053
2025-05-06,-0.005524761238183795,-0.005461757988186933,-0.0030014571381213884,0.00047553588217508214,-0.0005065209940824378,-0.007693239651855532,-0.008662743613326751,-0.009545508022104854,-0.0502958895994855,0.04737736328892761,0.0,0.007022150601315946,0.0,-0.008058910415548848
2025-05-07,-0.0038012054829873465,-0.000998428926514916,-0.0012543803561535505,-0.002376449400424474,0.0011645894015797076,0.00434635623313584,0.00274171462716688,0.017507993138913935,0.028038417507629143,-0.048869183385945925,-0.0013855631825402392,0.0012871329451911162,0.005473108947152472,-0.007660165203926983
2025-05-08,0.013208071353187467,0.014492712519604822,0.010801339156166323,0.014292562077131254,-0.00015038304424519477,0.005799775094835535,0.010710269107760961,0.008945621554280914,0.013780265518076762,-0.04543523267467309,0.004050302514138071,0.0037034859746005733,0.0022068270778108356,0.022923987697043957
2025-05-09,0.012456533407487536,0.009359539578213782,0.011182812867461145,0.011272891120019723,0.01809041662083355,-0.0007114809122162891,4.346780245101378e-05,0.011473884005407609,-0.004004524059058268,-0.025800708875297285,0.01556243044411354,0.00403146449473657,-0.000856746690896304,0.000457318768628312
2025-05-12,0.011158815352660945,0.010737003088455044,0.010321942314188037,0.010218245011636817,0.010255778120184855,0.032558782749008364,0.043472776122114976,0.07182625804024978,-0.0007465812307537734,-0.16027398584573105,0.0037578956534274344,0.029811459118301187,0.011663527052247824,0.018742806570870574
2025-05-13,0.01216759050224181,0.014968580344937976,0.012405680814039366,0.01793100036742934,0.009493892029855955,0.0072482009835321826,0.016129170333668563,0.028334922265271345,0.004850160725067942,-0.009244158887228515,0.014318251318806707,-0.018734671142618398,0.00041799224392180534,0.009423445325701163
2025-05-14,0.022644552735362256,0.021883963247241178,0.0211438186897015,0.023035194598874487,0.021224825639188705,0.001024415597859818,0.007192007205055306,0.00481858314407968,0.0010495309053717428,0.021953981391520827,-0.001443900023683109,0.02303854291880425,0.012325525585337838,0.006445833514836741
2025-05-15,-0.00218692966168621,-0.0009310302944458559,-0.0016471201090707543,-0.005297917887839287,-0.002415620287910758,0.004132332074135769,-0.001801356643215457,-0.006424891754346684,-0.002803567472373425,-0.0424275445714678,-0.009772763526272099,-0.007930840788092364,-0.007274929443336187,-0.0161218984522169
2025-05-16,0.0027397388939860434,0.0009318979196404342,0.0016498375897415762,0.00044387569988080244,0.005220347355644694,0.007005272294898557,0.005168357125659773,-0.001311962021060764,-0.005692240792755765,-0.03309030595134499,-4.748892726857967e-05,-0.0046095866944902975,0.0021019659794259127,-0.003142522829315153
2025-05-19,-0.013934525552647736,-0.013500966734711795,-0.01294116595698569,-0.018633575695614968,-0.014643102104449635,0.0008761131291423752,0.000227021264460614,-0.006005728487786799,0.001180119416830605,0.05220415490016572,-0.006756681254081798,-0.0005281666868295343,-0.008927047880695094,0.0076559153362254495
2025-05-20,0.0019396738211479025,0.0018877674455006765,0.0004767353615129366,0.002260325291902898,0.00010217599479345196,-0.0038802294486252054,-0.00378601378528598,-0.001463328882477355,-0.0018806606512049573,-0.0027562976153725494,0.0008229467556575276,0.014947239546663216,-0.0006222096686224754,0.0013407915283882854
2025-05-21,0.01548674682990181,0.013188879423077449,0.012628079840715234,0.01668932984295779,0.012909062583843056,-0.01613513066101424,-0.01410825840612473,-0.01829430464095616,1.6576947628355043e-05,0.1536761007847649,-0.006142045177183086,0.0061777737383461595,0.009139837362823311,0.02566396994553144
2025-05-22,-0.010893212348000225,-0.011157660400346048,-0.011294138937103959,-0.010204145371127127,-0.0060974943391927106,-0.00044487103794299543,0.0028135760347527405,-0.00924551734229917,-0.004119872627882826,-0.02827025054444432,-0.008394582668615591,-0.011896566040343393,-0.012153564279322238,-0.009356009450007363
2025-05-23,-0.004129975155276355,-0.0023507042996758765,-0.0019038589368669534,-0.0026893284091772385,-0.0008638612371177912,-0.006708297825321674,-0.009961528296397737,-0.015504330362793195,0.0008260363716483532,0.09911243396581493,0.004720658215874973,0.0024188102105016096,-0.0006091114258798269,-0.00966399056254108
2025-05-26,-0.001105945722751689,-0.002356317420130316,-0.0009537924309576118,-0.004044965043715987,-0.005342168783596057,0.0,0.0,0.0,-0.0025093902970623194,0.0,0.009985409562413006,-0.013513248473478456,0.02018055417807396,0.0
2025-05-27,-0.008856930234130922,-0.01039204588060405,-0.010262467320471313,-0.007220212498421086,-0.009287980727548772,0.0204590558452733,0.024654107822710714,0.03322479621796326,-0.0018851068666331239,-0.14939442325168273,0.005131102264845699,0.004280506114104021,-0.0027151459332083183,-0.016633358213327343
2025-05-28,0.0016756394418702136,0.006205321605431413,0.004581645883659391,0.004999973255024104,0.0009927402266578511,-0.005571225417268844,-0.00511588539944674,-0.005016927901527524,0.0016646820635146664,0.018459936622906348,-4.5353953435745e-05,-0.005289527805814043,0.012486607869818922,0.0096978396717331
2025-05-29,0.0022301299091727067,0.00047427364602237176,0.0007200334736743308,0.006784233047401056,-0.0004878761184228253,0.004011194261904327,0.003922827339664758,0.00408170582900258,-0.0004938834265796332,-0.0067322198012426115,0.018837138164141898,0.013546569165675315,0.018909047087602326,-0.011838384483887965
2025-05-30,0.0,0.0,0.0,0.0,0.0,-8.118516130162234e-05,-0.0032384247576783265,-0.019847810284330913,-0.0033355992252407374,-0.03180399377715093,-0.012173890771506324,-0.012030999279096122,-0.008442855949362116,-0.0018082950699519484
2025-06-02,-0.021418548397024617,-0.020862931796843065,-0.019908901872600082,-0.021563331122121165,-0.016142080316433494,0.0041020419271569075,0.006740682079448224,0.015077579158133902,0.0007001895010041448,-0.01130851308151537,-0.013023267873682465,-0.005659086834163496,0.0004819154551056748,0.010416667791452339
2025-06-03,0.007106255053020982,0.006295471567585809,0.005139498956947097,0.008723570882824383,0.005914415066209822,0.005800290454605506,0.008125278617521214,0.026871080083790355,0.0038934277980975374,-0.03649237766997637,-0.0006368522381879904,0.015308747722103222,0.0,-0.00044819701689302605
2025-06-04,0.023426603199713902,0.025505315200448297,0.02459229346874814,0.018661826102185364,0.02324806129025947,7.36874595066439e-05,0.0031717831214381764,0.01488631406869012,-0.0007136504799458709,-0.004522324550077617,0.008028471217976563,0.0060197393423293555,0.026628720574011,-0.021300508120237427
2025-06-05,0.0019304076814048443,0.0037539779583066757,0.0014257876807055592,0.002234253839029421,0.0026061434732305155,-0.005277383403094138,-0.008326666680717576,-0.004197416552508715,-0.0007976061250243305,0.04940368550432428,-0.005111893425745806,0.010693375030334407,0.014872731601365041,0.006643822178292735
2025-06-06,0.0016515697418904018,0.0014025689910870387,0.0026103632849456826,0.0,-0.0006352892070761174,0.010280683010067904,0.011995782530291654,0.0067162356458849715,0.00011020349999935064,-0.0925324202830431,0.0049826559304610996,-0.004786538706472054,0.0,0.02639967548160671
2025-06-09,0.009617986096486009,0.009337044728086497,0.007810701087488381,0.00802491464446442,0.0059845316493087886,0.0009199480792858594,0.003138309011380125,0.02355772068530282,-0.0009216583404251244,0.0232557769232431,0.009193061537270397,0.01634506615617748,0.015547365780827604,-0.006208504067811926
2025-06-10,0.02694603082825653,0.023589287103579437,0.024189678207148235,0.02653691514693013,0.02073637303314224,0.00548298940767844,0.006316598567499998,0.02184658069298795,-0.0001303752620813725,-0.012237708994171426,0.003227776869578536,-0.0007675537433005086,0.0056307328724038985,-0.001784894517596003
2025-06-11,0.0,0.009489396349503298,0.008254958223074649,0.007755228239942458,0.010248967858730973,-0.002743888954607865,-0.005027107486322402,-0.003343260542435833,-0.0008323425859342315,0.01828905321468688,0.00548734342266588,0.008445615928817762,0.012253404672816659,-0.013857800209706062
2025-06-12,0.0,-0.0026857798467790905,-0.005458187889178845,-0.005557860487396926,-0.008112082280176014,0.0038224199557175265,0.002376104103309906,0.00136818275275985,-0.002723416236173337,0.04403245763636199,-0.006457414604265521,-0.013606903500861245,0.004468459346904652,-0.012466070476140012
2025-06-13,0.0,-0.013464921919542627,-0.009604386316716895,-0.007738647678139143,-0.009640740581055907,-0.011296379879250695,-0.013002430170469537,-0.026050089308787383,-0.009470802353383045,0.15538286159444614,-0.008876406000586812,-0.005942086515524969,-0.008701935204239564,0.015377533669443055
2025-06-16,0.0,0.003184622696835948,0.002077988892606797,0.0012998942657973522,-0.0010442115322505385,0.009392659896159117,0.015168930638848721,0.031581547828758216,-0.0006841860324496851,-0.08213252207192667,0.012609688972293531,0.00704946157485109,0.01797810863431648,0.006329194421091255
2025-06-17,0.0,0.004081690431248397,0.003917092552865986,0.00216349603063537,0.007332888142830063,-0.008352184790166306,-0.009142640740278152,-0.00791418224396867,-0.01694628077349214,0.130298257016767,0.00588364244420192,-0.0033535383348322068,0.0012353433471541386,-0.013252473806892318
2025-06-18,0.008640433372239631,0.007226706323658183,0.00895100546716332,0.0047496336856247545,0.006534454580739535,-0.0003092402101070313,0.0012898709908895079,0.004077217936715227,0.02213760753044025,-0.06759263731651588,0.009040987166771153,-0.011243033629328214,0.007419547915751723,0.000910473473342277
2025-06-19,-0.009880193350182642,-0.00941705560659889,-0.01160140061344106,-0.007305652046151523,-0.01579973732043427,0.0,0.0,0.0,-0.003555156620861588,0.0,-0.010204631065965697,-0.01994666665788014,0.0018673264285051783,0.0
2025-06-20,-0.0014862760369193095,-0.0004526602837022775,-0.0011507388703255739,-0.005194802595681947,0.0019197052457564645,-0.002178658486505891,-0.00505771062053284,-0.006400082496147208,0.001001978324495223,0.023833240522920462,-0.0022113028347160446,0.012597620569919199,0.014809922223188776,-0.005003374298096608
2025-06-23,-0.00829250945516058,-0.009057948121187431,-0.005069157148703041,-0.0021757353702988036,-0.014230445418921711,0.009606504133156335,0.009438817066138139,0.006219233267453328,-0.001295159830334014,-0.03831236097838653,-0.0012795961277264345,0.006742335365216956,-0.0024389501009779435,-0.012571389334542382
2025-06-24,0.018224718740728285,0.01873856587382372,0.016442796000059712,0.0204972222782267,0.02101692545040379,0.01112172017970181,0.01434257113455839,0.03792330482983064,0.004770922482972173,-0.11850733184624906,0.011379979339312118,0.020597608921219646,0.029580630340199088,-0.006249988272234663
2025-06-25,0.014529383622191805,0.013458951344119896,0.011164330390768695,0.012393087250286872,0.010899645222608445,-3.2861029504172024e-06,0.0030644768158396563,0.008974924346067725,-0.00727242575527054,-0.041189893147009715,0.0039058916458709625,0.012309167551253442,0.0014853873456450728,0.0
2025-06-26,0.0012453940553902587,-0.00044271100476001024,0.0011266246599757057,0.0012663342347110085,0.0027520638301874456,0.008020121275230219,0.009730837402353698,0.007841102161812552,-0.003944568587657682,-0.010143202504316884,0.016499066622396752,-0.006098939504658452,-0.009230255419046096,-0.009317595301338133
2025-06-27,0.001036375964541092,0.0031000703317460854,0.0009003388714874383,0.0012648212519736912,0.0039008940370151013,0.005218970885222163,0.005233600330041721,-0.0008782988306448303,-0.017820919230510768,-0.01627489181918751,0.014303826498087702,-0.0016957583159000755,-0.0076699647800621,0.0070538940376516646
2025-06-30,0.0014496500921108435,-0.0017659443413987619,0.002023873504747753,0.00042098602039741806,-0.014351611940869091,0.005164427424532603,0.004748549423642334,-0.0006699089025297145,0.00957698278482022,0.02512254013963844,0.008383435801872618,-0.008724665691075328,0.0051571726106542926,-0.012374497639861981
2025-07-01,0.005789803803542881,0.008845620978712443,0.005834729340368439,0.005892296986697243,0.013376209140048223,-0.001118531087121899,-0.00819057689575009,-0.004524563148229244,0.003835740796985343,0.005977309277102272,-0.012375766683531464,0.0,0.005843653825962747,0.0049645173410342025
2025-07-02,0.00020568278796284645,0.0017535571161466645,0.001338712782553264,0.003347190497422048,0.0010649919614669212,0.004745096791088033,0.00941648588344024,0.01902197720384602,0.0006608253165516498,-0.011289396014196651,-0.005598104820983774,0.006195128327310506,-0.004722167304111791,0.0098800974941875
2025-07-03,0.013771826980432778,0.009628060895413793,0.010249596282920326,0.01417851905027634,0.0059895484378065245,0.008338955206607324,0.010197980458914957,0.00495581532114131,-0.008820979000624507,-0.015625014328040088,0.0005889463754256141,-0.006253587307587627,0.013401351567860376,0.012811513045433154
2025-07-04,-0.009326850762883754,-0.007368882691001,-0.007940067520459837,-0.005345327161188296,-0.007285295494271593,0.0,0.0,0.0,-0.0017605120273233021,0.0,0.0006278724304602523,-0.006392990998156489,-0.01989236807011341,0.0
2025-07-07,-0.0059353914619505455,-0.004366835674600167,-0.0037794099603007947,-0.009094705320098151,-0.00526795861514584,-0.007862297279128794,-0.009153884098457632,-0.01873920485761804,-0.0005568275052999505,0.08608069761920256,-0.00560648809777875,-0.0011803979461696423,0.0016992356157483623,0.010809551701792097
2025-07-08,-0.004529537604723188,-0.006140314850852868,-0.0031244189391278487,-0.0025030837058472866,-0.002962771383824059,-0.0007158868810946961,0.000291066776000104,0.01909706874093442,0.0057887679791917,-0.055087206247954934,0.002554555029451011,0.010894260111692367,0.01813385357595121,0.004550621390969178
2025-07-09,0.010341310628818157,0.010150063717911939,0.007387556574431242,0.01840233119924828,0.007366883497436749,0.0060621034026635545,0.009446299936140878,0.0032053505162297213,0.0013347628020465852,-0.05175490262933857,0.003337783645913195,-0.010590908370331054,0.00603221218865202,-0.016534531110843687
2025-07-10,0.01146369570505179,0.01135859479563428,0.009777753160856717,0.011498966607560224,0.007379596142790046,0.0027462050044453346,0.0009373632498645978,0.009954196528973558,0.003384095530795994,-0.010037631845926431,-0.004392673201593644,0.005694249296240184,0.015792628102076156,0.000921277501874096
2025-07-11,0.004250133743123996,0.004319677812708811,0.004401460797762047,0.001624034793505702,0.0025461005750608834,-0.0032975229626984737,-0.0021875625420221256,-0.0015412688283602538,0.0012805520532523929,0.03929023422374556,-0.0019340915208561071,0.004627911749823799,-0.0023435193131730037,0.017717363290321142
2025-07-14,-0.005844404076722931,-0.007741909412432024,-0.006573129226638774,-0.011755182756702953,-0.005980326954644122,0.001407413809457303,0.0026621021232773323,-0.009505690754147533,-0.0010259100165578294,0.048780558720578515,-0.002781387027117277,0.002640892077809154,0.008268863804407722,0.0009044058439560132
2025-07-15,0.013581986296393511,0.014304265518393144,0.012571649958159625,0.015996774304487316,0.009770905870307711,-0.003956298214731202,0.0018154120105235982,0.009965972609843332,0.004556208285113161,0.010465022665288926,0.005534732251511354,0.015981229977162892,0.0041379999184172345,0.014004923690975835
2025-07-16,0.008000021816470415,0.010249054986927186,0.01143937628659164,0.009689134129395871,0.009062948249833447,0.003193657417327689,0.0025481168757934824,-0.0027206285383998274,0.0014311890542244576,-0.012658188951534366,-0.00036849353679269115,-0.0029426199436527467,-0.008988376197731962,-0.007574052367110395
2025-07-17,0.005952377731648362,0.0029864274394959534,0.0006551049880507698,0.0011994984557170962,0.003054255543222917,0.00537376740890938,0.00748463516761011,0.0038275353208077068,0.00043893272951911477,-0.03729600205940298,0.005995274689452268,-0.0007672212736733464,0.001854818467151187,0.0017957120404434868
2025-07-18,0.014792891451458345,0.014461896138911134,0.011564411946489495,0.014376988359351639,0.011675174216255968,-9.048620868445933e-05,0.00047879763440294987,0.000811115894370662,7.486413359902855e-05,-0.006658632403358511,-0.0020571323400920827,0.013335712261893784,-0.0013219258436694137,-0.006945924655452296
2025-07-21,-0.0037189161487918287,-0.0041929083904307385,-0.0036669988620064986,0.0,-0.00182055656943525,0.001399134882868358,0.0037581647571129917,0.0008916659153792583,-0.0008570458320372731,0.014625214707483014,0.0,0.006786545360308649,0.007132838910933081,-0.01353789273703443
2025-07-22,-0.006876271050666349,-0.006736861143038619,-0.006927856852846248,-0.011023615663205644,-0.015108489973571504,0.0006375316336257875,-0.0038852644341349496,-0.013808415995486767,-0.0015113747849135883,-0.00900898630432001,-0.0011097058847765462,0.005436821129952252,-0.012728911533745446,-0.00823427492671025
2025-07-23,0.0029674105996289057,0.005934743268317666,0.004578141247090883,0.006369423021791887,0.014387991654924104,0.007811886951519131,0.006094480005107927,-0.006076981689805305,0.0022295619800545285,-0.06848485542066174,0.035107509246364854,0.016237188218309884,0.004362883329223077,0.01199263057843658
2025-07-24,0.005917109647441743,0.004214111595835179,0.005859356641082725,0.008702568144126843,0.0023612215902308886,0.0006982236416543941,0.001805012892285518,-0.0020655526551899284,-0.005605654715466812,0.0013012659669868754,0.015909607131329384,0.005055565021951036,0.002098120027403283,0.004557880782669388
2025-07-25,-0.0019607425198192585,-0.0020982136912707228,-0.003236235873775639,-0.0007844368519681622,-0.00040000501364123586,0.00397432777929585,0.002391464926232212,-8.294542964970564e-05,0.005363622959012604,-0.02988954047337322,-0.008848715340204594,-0.010863292403753722,0.0017552689250597275,-0.004990888386137704
2025-07-28,0.0029469298772966113,0.0033642138643787955,0.00389609172032368,0.007064401947630028,0.002080072639951913,0.00017685810881817865,0.003328534179168896,0.017429949566645675,0.0027559243417745183,0.0066978851809362805,-0.011046854292389496,0.006844921102544976,0.004214568137962615,0.007751919443442112
2025-07-29,-0.011753159774225863,-0.012573387396752511,-0.010996084786026206,-0.01052226938113543,-0.009031782082688844,-0.002959442388724254,-0.003791142528385638,0.0017904431680575428,0.006277126261405197,0.0632069079270261,-0.007895912527558058,-0.001474119698091636,0.006558628299567104,-0.020362025120903016
2025-07-30,0.010901841938321333,0.011035643118330718,0.009592352659794079,0.009452535871798506,0.011214833214890696,-0.0012494327466496813,0.0014873651262450327,0.007148848304759259,0.0010959038727660353,-0.03128911228554565,-0.00048805855550226873,-0.013615162790455604,0.007398044876917753,0.010623557650164095
2025-07-31,0.010784349346986799,0.012594436454320235,0.01079682605299892,0.018338020127113275,0.0034438577266941994,-0.0036948193411530106,-0.0003417328880052084,-0.03194190541762376,0.0046648917126204115,0.0801033467562382,0.010210900627166453,-0.01603053328521553,-0.0027746543609754593,-0.0036562601168533826
2025-08-01,-0.008729465224573407,-0.010364802985598276,-0.009186153147067722,-0.004980940545532331,-0.004593334699434237,-0.015992133140148468,-0.022360965552978174,-0.011623471934483764,0.0026150269764380063,0.21889952139464608,-0.006579496767794679,-0.01071795880540316,-0.038832956878649294,-0.03211016950357426
2025-08-04,-0.005870792301076788,-0.0058651272197473014,-0.004312162067226288,-0.005775872113722769,-0.0023658148505263377,0.01473710033091602,0.019537368624801488,0.013319787662432914,-0.0030428543721531254,-0.14033360258957683,-0.012473218469313374,0.009206806599203476,0.009085079771212534,-0.004739332208735791
2025-08-05,0.012795269294491263,0.013485078062438705,0.013209167960067658,0.017815759440043655,0.01204718422705664,-0.004857865996303334,-0.006508598365053131,-0.006946705575768153,0.0023176060718361757,0.0188356115915409,0.006424307564003362,0.006836089727300321,0.015963783654991737,-0.0009523119677731229
2025-08-06,-0.008746357219626355,-0.009563440236135312,-0.00748026291922399,-0.007610425169416679,-0.009012052115274116,0.007281907295092482,0.01208942828430759,-0.007539969518534417,0.001783585840453794,-0.06050419611347535,0.006049891519651629,0.00032533090929920405,4.37437705207433e-05,0.005719659304631364
2025-08-07,0.02843141129390414,0.03274562665107328,0.02713178262005389,0.02684051594627812,0.023730184169192814,-0.0007974800154801898,0.0034615637625137197,0.016502792176987136,-0.0007582910609321702,-0.01192610360644697,0.006478489362362172,0.00686453911847229,0.009236631309047283,0.0056872438483202
2025-08-08,0.0,-0.00040653299411108623,-0.0016771163644377918,0.0044809533001568536,0.0007286453218204869,0.007799715348974834,0.009759603069510403,0.008428822218176757,-0.003563459079548914,-0.08569704903117736,0.01854232394539057,-0.008883415441532927,-0.0054744963098055655,0.009660671484249983
2025-08-11,0.007626295444269848,0.00650672832106558,0.007139862089897919,0.011152448882103094,0.004755796968586967,-0.0025041278217863283,-0.0030125446054189986,-0.0018940465069305912,0.001439209000700048,0.07260728773380909,0.0,0.0019305113344767477,-0.001009339604710946,-0.0028004864295589904
2025-08-12,0.0009460902062792265,0.0012121443308774627,0.0008339714910303719,-0.0007353322917027505,0.0009471266391829491,0.01134543584661274,0.013864598959296481,0.03197075937185789,0.003249476487076741,-0.09353848970853362,0.021465353725928393,0.0025241746833333245,-0.005257660299674227,0.004680659693587774
2025-08-13,0.008506544302852248,0.008474485394543319,0.00750005812612109,0.008094143551752753,0.008761363011638768,0.0032300788824048965,0.0014408439210664703,0.014870446381188174,-0.0023340628022624488,-0.01629326399026665,0.013027242870514266,0.025790888887428753,0.010802877205813521,-0.01281162411860659
2025-08-14,-0.0037487487070123615,-0.0056022021755421925,-0.0028949185009878864,-0.003284688942741032,-0.00541320542258239,0.00030309080129242716,-0.00011378838131570479,0.0010240323033614551,0.0020617018015440802,0.023464469148273492,-0.014452106258749042,-0.0036835646614787887,0.0004000145377232034,0.012977891992668633
2025-08-15,0.0,0.0,0.0006220655814277443,0.010252726326013484,0.003976419807175002,-0.0028971350972291088,-0.004039002639741107,-0.022900706721454278,0.004652728781409321,0.017532045193487944,0.017094009265803622,-0.009767109662317752,0.0,0.008152770931350695
2025-08-18,0.0028221774204406636,0.003621736659777275,0.0029015993248633354,0.00850594912988778,0.006083510296844397,-0.00010076318078544588,0.00031397440837599433,0.002939688842906074,-0.002992125774545329,-0.006626930447881874,0.00774580685352988,-0.0036889768003094403,-0.01499844500992753,0.003003699454215303
2025-08-19,-0.0018761325728738898,-0.0024057571206274053,-0.0024798434098879385,-0.010634482376320253,-0.005269863303297595,-0.005858103118756786,-0.014554954552111976,-0.01565949036715719,0.0012037876283805815,0.038692457142231795,-0.003843582036523907,-0.0021428105417093946,-0.008094965022273137,-0.00898411278796829
2025-08-20,-0.028195540389073237,-0.029742809160291928,-0.026931864600824418,-0.03409931020479362,-0.02989552002278928,-0.0024316693228262354,-0.006666206064662283,-0.005751482910201,0.002737679299698925,0.007707121895382807,-0.01510434747507372,0.0017131406736803356,-0.006812489784092879,-0.0013947098786204482
2025-08-21,0.005802733837475538,0.007456516818020953,0.0068128933379181245,0.012663081639902707,0.014251223005524505,-0.004004181529308926,-0.003426501203265042,-0.005661857286176519,0.005739473988298771,0.05799877791100583,-0.006490751055447164,-0.002437027166787731,0.00372190640417025,0.007914320265634656
2025-08-22,-0.0048077012493967786,-0.006167752481099464,-0.004017860053013078,-0.004926099916745974,-0.008248855555042067,0.015186444876893468,0.018778326259453193,0.02776862718010875,0.007790624202977492,-0.1433734975751969,0.0005425274408141778,0.009342158903836717,0.008590777823202833,-0.016166211560647348
2025-08-25,0.018357507279394447,0.021100552840628284,0.01910830452891532,0.022467689138747637,0.021583066698916742,-0.004266385548063467,-0.0021980282436453447,-0.0023285167572891785,-0.004872876866823028,0.040084365971908564,0.004093778684167271,0.01936804165985806,0.012980003725985068,0.0035210952299720155
2025-08-26,0.0009487096330438316,-0.00040521523021519457,0.00020835978817057565,0.002607012701554945,0.0011417520761634048,0.004133995191134998,0.00442814064714403,0.009416184588135756,0.002525750082704059,-0.011494258061691465,-0.009657624984920843,-0.011807638219802463,-0.009501971730630165,-0.0039766544994186415
2025-08-27,0.004739345529706895,0.007296324048128078,0.006873546590898005,0.011887111231070113,0.008837683642618943,0.0023909843081744153,0.0021291552114803824,0.001953328747067662,0.0033701253722726587,0.015731908188168164,0.0029690501195709373,-0.012660574733989627,0.0024532624251314417,-0.004697036498425011
2025-08-28,-0.009433907176373713,-0.0108651470779344,-0.007860933458906816,-0.00807635574312493,-0.011560045814190012,0.0031567194195349924,0.005327410008474587,0.00481424202235381,0.0009297408164834486,-0.028282832693932725,0.007255822567711068,-0.008052590573528473,0.002874081157709263,-0.007314803667528125
2025-08-29,0.0,-0.0012205277337312692,-0.0035445822445597797,0.0003701307531094322,-0.0001382054501782859,-0.00639818429357164,-0.011500001529734183,-0.028627961843224026,-0.002688503744142423,0.06444901814505788,-0.002575844774387881,0.0031521018648068555,-0.003225602684728046,0.0047540905194976
2025-09-01,-0.00952382706820376,-0.009368665626043438,-0.010043991915423045,-0.02330747643499076,-0.006659038390721239,0.0,0.0,0.0,0.002220177645487098,0.0,-0.012399313528765,0.021525200547269696,-0.013521639289566845,0.0
2025-09-02,0.0,-0.00041114922023688383,0.0002113986341487628,-0.0018939600787727384,-0.002282809370366512,-0.006922279936861564,-0.008199273170313437,-0.010150151047150446,0.002120392800051274,0.11783857161935951,0.0028846340806252257,-0.004718240205048407,0.009360745118573988,0.011828651786159439
2025-09-03,-0.0009615551288755242,-0.0012340835976060172,0.0002113539542114573,0.0018975539702397182,0.0034776305075121527,0.0051000736279842585,0.010249219585447555,-0.004735801780155424,0.0038758813655075386,-0.047757698962177964,-0.00878263691451353,-0.0060055611076069715,0.0038046948940684278,-0.015431373744790533
2025-09-04,0.006737215316108491,0.006589740014284251,0.006127145040786042,0.005303057016015078,0.0033007400549494026,0.008346486409699372,0.009766565111615222,0.010302962720233788,-0.0007155659478953469,-0.06422019365362708,0.015293177685240744,-0.011242358488501192,0.00515326390758708,-0.008311528781159594
2025-09-05,0.01051628725271958,0.009410832895550225,0.010289789196618715,0.01657866584431522,0.013016229374229527,-0.003165152978388819,-0.0003362323816525903,0.01179505866608177,-0.0009113950204554522,-0.007843129677328364,0.010297738214836594,0.014345254625561132,0.001340289536710726,-0.02155176006687598
2025-09-08,0.00946068246738574,0.01216049783998252,0.008106397357520834,0.005930338050413431,0.00215561079559623,0.0021059789159529885,0.0045302683923460485,0.0072859809416654375,-0.007004631226877445,-0.0046113733261696765,0.014529910649426103,0.008495155142851374,0.004514642251792544,-0.00978951595426425
2025-09-09,0.010309385250314884,0.00800961872885253,0.009896956884286157,0.0165807226220398,0.012538968205540568,0.0026881536531127015,0.003706231037653218,0.0008438425551686723,-0.004852509178164821,-0.004632673488730754,-0.00422785126219305,0.011867900810708987,0.012566805038217721,0.0069203850477725926
2025-09-10,0.019480497575919076,0.02105682311678625,0.018987281768511277,0.0213845395206822,0.013575043934189956,0.002983469943562689,0.00030029550184296205,0.01762628993270221,0.0006758799645232294,0.02061173007998507,0.008706603827684178,0.010105928899470262,0.016711393890512127,-0.0103092337048738
2025-09-11,0.009099197857216579,0.008560373572325863,0.008815893345500925,0.006032698695915384,0.0009177735950691712,0.008485890387959882,0.00717396195120279,0.006865320050848833,-0.003782383940657219,-0.04169383240506963,0.01220019453872978,-0.0043487909717021545,0.008951471735887173,-0.005208310543032613
2025-09-12,0.009918808124447898,0.00887342486954279,0.008937409997173518,0.00670191136143794,0.01026858565050115,-0.00048276131466740146,0.004447170720106586,0.001763378449045172,0.0017595008979807147,0.003399061224010902,0.00891590723421043,0.011570809532893911,0.015351979140073357,0.012465647456505913
2025-09-15,0.0,-0.00038243640201585105,-0.00098422331430148,-0.001051182188483768,-0.004611663437352198,0.004706619226962694,0.009378503971730234,0.0084493052181156,-0.000168380656651812,0.0630080851680257,0.0,0.002213128550046628,0.003466317403372443,-0.006648596717866662
2025-09-16,0.01339288212305978,0.013772080802091358,0.012807892984961766,0.010873381258793113,0.010745701295846288,-0.0012879303382402618,-0.0006617400302030285,0.0051348932264270175,-0.0029982346654272574,0.04270242497685861,0.002996517035393831,-0.00030441694812188835,0.012417437176589718,-0.0019831177893006036
2025-09-17,-0.0070485120235894705,-0.007547234805993397,-0.006809367765986285,-0.006592687587816393,-0.007467550083917751,-0.0009701681605103207,-0.0032520366440261794,-0.00019333777434382693,-0.0048651948491017505,-0.03911982392701152,-0.00249187014750174,0.01777259246230023,-0.010499769137849446,0.012419322019525003
2025-09-18,0.01064778499188046,0.009505667038838927,0.010773743213620346,0.014320756929323109,0.013016200996530891,0.004789119185128365,0.009406024899013321,0.034966939238068706,0.001304608418786879,-0.0012722937292578562,0.011454486293225097,-0.013510321768825606,0.014032972360339402,0.006869449573654318
2025-09-19,0.0008779104047735853,-0.0003766746656556075,0.0,-0.005165345449586245,-0.007411524345470877,0.004885418870829605,0.0071541882322734285,-0.0063909296846798025,0.0008010681923562579,-0.01592356707243181,-0.005686569328791524,9.418022843599161e-06,-0.004639892054197237,0.008528227736678051
2025-09-22,0.007017597916798346,0.007535860890476975,0.0067829751211507805,0.0013845487580799176,0.011815861562103347,0.004410046474333074,0.006959332608287738,0.014932667945762423,0.0035037367829144905,0.04207123496628107,0.00994213616052475,-0.007570473922954402,0.0067948567228208745,0.0009664621838980647
2025-09-23,0.01829266279017494,0.019446503701342932,0.01636186025864017,0.013135169494451482,0.01417160099788184,-0.005502159197012135,-0.009456753272509166,-0.0011859313325461862,5.624330335418648e-05,0.0335403102723042,0.0,-0.007023249951809696,0.005056733759912779,-0.005551590544790153
2025-09-24,-0.0008553806414071108,0.0003668639826841513,0.0018939581500803104,-0.004435338578746673,-0.0019292856211109433,-0.002846617843333288,-0.0033495659183030435,-0.0015212112474273232,0.0018631834557791827,-0.02764417676354103,0.0030036808871978238,0.01374401210022591,-0.004030201757296514,0.006553386203619116
2025-09-25,-0.003424716743797851,-0.004400409397995131,-0.002835529897763811,-0.0006853943321819544,-0.006599329621733818,-0.0050090613431266195,-0.005029818809150544,-0.003195886017302252,0.0029761291609058382,0.03461059674784095,0.002731103461506512,-0.0012810117643471397,-0.00029658515731212365,0.006028477539497201
2025-09-26,-0.016323041357673707,-0.017311314296794555,-0.018009471591033943,-0.022290840838985027,-0.01704318552145412,0.005901836747171263,0.00443924185797262,0.0021995466999329416,0.006501132916399088,-0.08661886673181729,-0.00874094680030213,-0.013459874650409653,-0.0245051456051123,0.0035953659473801913
2025-09-29,0.0,0.0,0.0,0.0,0.0,0.00263554421636214,0.00476248635752885,0.0003719323124162788,-0.0038447164917891907,0.05428390316881204,-0.006862272333089003,0.018932863933079913,0.013337048022962428,-0.01098638787578543
2025-09-30,0.009607018590881422,0.010494797244632315,0.011583050557622876,0.012977885691450197,0.009390763957033643,0.0040908483833717035,0.003048068549381,0.008143404188462267,0.00046643707979932003,0.00992554833016479,-0.002466959206327224,0.008739838814929124,-0.001926394291372313,0.0016904056582069948
2025-10-01,0.005190267532228843,0.004080177274988328,0.0028625118554563844,0.0013850995295596746,0.006288447090782023,0.003399920834961989,0.004199044555106113,0.01925352134292213,-0.0005285909728485194,0.0006142646474234237,-0.008496661625264856,0.0,0.009119307241193919,-0.010125318054311161
2025-10-02,0.018932937042221543,0.021056401276948966,0.01807808875940231,0.02143845690738,0.015220791911750853,0.0006183547238911569,0.003906394171239613,0.01936026386167855,0.0001609605957935134,0.020871591536571144,0.008661538280781311,0.01606961779839744,0.027020970563218283,-0.004383859259408984
2025-10-03,0.01435809535883159,0.015918961305475543,0.012149542935207203,0.018957301695023077,0.014506947270404247,6.551280273581206e-05,-0.002781512623722282,-0.006141502858681425,0.0005517760856561527,0.001202673407877164,0.018532045446188583,-0.00535781069436303,0.0,0.007583204180210412
2025-10-06,0.0,0.0,0.0,0.0,0.0,0.0036465919796933033,0.007074475413767267,0.030004186737451866,-0.0014377836443657532,-0.016816743886603813,0.04752644706081566,-0.0067481275930292295,0.0,0.010439480866836437
2025-10-07,0.027477127625581632,0.025997222046565183,0.02585407502145287,0.01926912235730538,0.01684868471805201,-0.0038114057910215715,-0.006682623688557987,-0.02236783930517461,0.0029750124162626346,0.05314593080531016,0.0001275882344746737,0.0,0.0,-0.008409496093590207
2025-10-08,-0.008914129346134114,-0.011454411907206197,-0.009000918678996106,-0.008148652953939517,-0.005448692045472381,0.0058276636405680815,0.01119086636200639,0.03415987116207342,0.000858699164537402,-0.0545243936506532,-0.0045023288399382855,-0.004759614611337226,0.0,0.00048469395418537786
2025-10-09,0.007358891164743975,0.010182651063330495,0.00817443231002124,0.006572465679338224,0.008802950564221979,-0.002755570407195318,-0.0008136826846035783,-0.0046306946262323345,-0.0003831349420129193,0.007975526024544655,0.017711392742335574,-0.0028651747394058402,0.0,0.004601495691085367
2025-10-10,0.0,0.0,0.0,0.0,0.0,-0.02711167321141361,-0.035622771843095036,-0.06271754153512565,0.0019099105336322086,0.3183201123002275,-0.010120134991954743,-0.01727943103639351,0.017296845606320277,-0.023384679547708176
2025-10-13,-0.009740240777631692,-0.01251305571263217,-0.010810846915648709,-0.014038489726704406,-0.013863493889187506,0.015598671787557583,0.02207576120615018,0.047354802292552955,0.0026714343990570377,-0.12142193810222157,0.0,-0.015246670218750258,-0.0072148806634760865,0.0
2025-10-14,-0.004917991408798894,-0.0017599589423608064,-0.002732231892282444,-0.013245109437202696,-0.004838520946744862,-0.0015643266604626893,-0.007618996801966316,-0.02050070224877487,0.0008478417882813449,0.09353645376092956,-0.025816415643162727,-0.01730938015214012,-0.006343889728031349,-0.007158795714892641
2025-10-15,0.018121906523095976,0.02009872881851038,0.017351591274071154,0.01677856964107116,0.018010593746521364,0.004026001159503689,0.006588350991361569,0.030857161654289866,-0.0002313105345168598,-0.008169153323245748,0.017617903371941024,0.018444383148096932,0.026803779295524244,0.005967222482718748
2025-10-16,0.019417436832485313,0.018665777398172212,0.01885099850092109,0.023762418769537552,0.01364430807973327,-0.006294387099829435,-0.004743742203573875,0.004658484854286771,-0.002414963299084749,0.22625970030968534,0.012692101836383696,-0.0008525408166165649,0.02490651171388092,-0.017301021546416107
2025-10-17,-0.015079320097484694,-0.015269685880080819,-0.014096917874695802,-0.01160543615094689,-0.012496442248141726,0.0052707155502571545,0.005204717443356266,-0.0028030300463646185,6.860517943563238e-05,-0.1789805956097521,-0.014408086801782738,-0.024775862421469674,0.00013866704044018796,0.007796755120797361
2025-10-20,0.016921818790650356,0.016195585875784957,0.016085740399834902,0.016960179032769807,0.014147553157768167,0.010672270853256949,0.01369350796084623,0.016656826272864134,0.0003266778205262,-0.12271419923715232,0.03369649364626803,0.024229732453023844,0.01755187554544957,-0.005240805741752563
2025-10-21,0.0015848135502110061,0.0010173664678683192,0.0008795505190712927,0.0035279675579167336,0.0023034471151326397,3.2696450934288634e-05,-0.0016036657742026783,-0.005597905330933628,-0.0008033787001248127,-0.01974759802757342,0.002654412250561622,0.006524684319254126,0.00239866060542826,-0.005770196075053691
2025-10-22,-0.007911407029857598,-0.005081238822142953,-0.0043936822104596596,-0.007031063699240003,-0.0037294058215946446,-0.005337539220865439,-0.009291304265325873,-0.0247141786082945,0.002614607328592866,0.04085056004214738,-0.00016768435040848129,-0.009443118642460169,0.015649149120932515,-0.0025233384592625585
2025-10-23,-0.005582172242041716,-0.0078312512407136,-0.007060901176727308,-0.008368186414801748,-0.004218986931701196,0.0058273934429324825,0.008856501520000837,0.02439036996899624,0.0022101202829689637,-0.06989253321222011,-0.013510637977614093,0.007222581726762156,-0.009815400269293506,0.009612918728276743
2025-10-24,0.0,0.0,0.0,0.0,0.0,0.00790242258787388,0.011466770280299965,0.016491329868644655,0.0009724995900872724,-0.05375713519309755,0.013528316002599405,0.007400264418184532,0.02497166286150554,0.0015033931486587715
2025-10-27,0.023255845697716104,0.025051543670990828,0.023111131460220813,0.027913013020105737,0.016757472785653427,0.012290050865671143,0.018642285558837957,0.027783442488751753,0.001894395419437922,-0.03543071763260408,0.024597982205438518,0.010456699370620992,0.02568506312855945,0.0
2025-10-28,-0.007053292581488235,-0.006026123388272575,-0.006081694211623079,-0.00031578570194390476,-0.0015904147839432836,0.0022879438603986557,0.008039327801639073,0.0012167624038226243,-0.007530777372024122,0.03989867738840602,-0.005803349028246085,-0.003312385187764111,-0.008019176020047092,-0.0035026117183716288
2025-10-29,0.016574628820243298,0.016840622270564154,0.013986015894260406,0.01737207370929461,0.012366435536016018,-4.3578255173426506e-05,0.005497031683221021,0.016915788266688603,-0.0018953750952860338,0.03045066977325206,0.021674363396081642,0.0,0.017639092208698415,0.018830039399822196
2025-10-30,0.0,-0.00033125910664832947,-0.0017240877038960933,-0.0012419023465642942,-0.0002548508111497316,-0.00990481243951924,-0.01574933904590925,-0.013533630698734922,0.003997594261948789,-0.0005910300730935791,0.0003500635489439574,-0.0024083668563884553,0.001406463955435422,0.008624900605070929
2025-10-31,0.005434756491095927,0.005964329005476943,0.004317798080009538,0.004973722323902585,-0.0019153205969807408,0.0026179217059763005,0.006098954871908369,0.0037326665424448624,0.002135980229634127,0.03134244183488977,0.021153776486457998,-0.014307480334943001,0.005042980839611966,0.001954531426807904
2025-11-03,-0.009266390581436967,-0.01054021362155877,-0.008598469704040101,-0.005567593902503609,0.0035858385836509132,0.0017207127269924793,0.004626341257806255,0.005969718745633568,0.0016628250572858772,-0.01548167714997506,0.0,0.009715998810331916,0.02784421599208775,0.0012192427811665851
2025-11-04,-0.003117746866453386,-0.0029960104534113574,-0.0026019675344629567,-0.007153992445125712,-0.007694810409372921,-0.011736830084583816,-0.020393781164017133,-0.03930207646172379,0.003940632008074152,0.10658124144289749,-0.017441657239163466,-0.007873543650900316,-0.02371695007974428,-0.0041402147462764605
2025-11-05,-0.012509748476600135,-0.014691153941260637,-0.012173897936388345,-0.012844648519063195,-0.014208708043573326,0.0036535556982648654,0.006474045263609396,0.031087425807431623,0.0005145621648123822,-0.05210525111148234,-0.024951447981508057,-0.0006546690910771424,-0.028463781274122413,0.01662994278304253
2025-11-06,0.002375276831794615,0.005760745423232461,0.003521161594482791,0.0031736304486560396,0.006580375706382924,-0.011178189042419073,-0.018970822392277542,-0.02609088189312192,-0.0008441462583944626,0.08273180189796547,0.013371436155303451,0.02122543006100641,0.005501428353338111,-0.01539574902605123
2025-11-07,-0.011848363534624928,-0.014487848900921807,-0.010526282640820894,-0.014552411511205343,-0.008890464487496197,0.0012618418007710464,-0.0021450157379379053,-0.010487363382744697,0.002780553192774038,-0.0215384654509716,-0.011935233408428059,-0.009215103466385877,-0.01805310938612159,0.0
2025-11-10,0.012789804918011072,0.011965808677239398,0.01152476295338034,0.013804205850065143,0.007887467877500054,0.01540101862170995,0.022718597314864253,0.025884901854487996,-0.00038733360616827195,-0.07756811049026757,0.012637957179033377,0.015518371528876918,0.03021933050403658,0.004153481220036781
2025-11-11,-0.007103394904068527,-0.006081091499842706,-0.007011394413661387,-0.010766334305411407,-0.0030341598250608337,0.002075350517340535,-0.0025021768797727217,-0.022682210468227826,0.0,-0.018181800448205276,-0.0013519868283138337,0.0017767834363884294,0.00813852033365392,0.002433029615531268
2025-11-12,0.004769496575758758,0.0064582264524502,0.007943487993016918,0.005761854256995047,0.005835555923585645,0.0006295171887717999,-0.0026350371220488222,0.015314304290397596,-8.074886659015235e-05,0.013310158165333874,0.004334504474949208,0.008477556015036525,0.010715007228991213,-0.013349473268531309
2025-11-13,-0.004746856460126514,-0.0067545331737680625,-0.007005186678322617,-0.0022278260906043457,-0.001557560988223461,-0.01655685496159698,-0.022903999196268954,-0.034337730480639594,0.003223070095614844,0.1422044396670561,0.004279384498730776,0.005582599740373784,0.00487658880901054,0.011562098566755274
2025-11-14,-0.019077863297023545,-0.019381161315614404,-0.01851852871428017,-0.023923443090130614,-0.018136056365454567,-0.0005017255648851471,0.0013218187022914218,-0.002972021132962799,0.001957261013469047,-0.008500003814697288,-0.01765336588222499,-0.018489558515447646,-0.038138079600067876,0.008754809103368677
2025-11-17,0.0032414844806383236,0.004160967188021392,0.003593855672893387,0.0032679421837729095,0.0018180690528333265,-0.00916226617680782,-0.008406749894371957,-0.017191122045365326,-0.018326170463155322,0.12859300286794828,-0.0010445557175992048,-0.007081829608014623,0.019363972289381914,-0.0036161685971215496
2025-11-18,-0.02342490937838204,-0.021945249413163004,-0.021942160083697204,-0.025081425729624907,-0.02518248208944085,-0.008256436690967983,-0.012119951159984765,-0.02320493362851428,0.020307929943259806,0.10321722340993555,-0.03220993127257399,-0.01721669160975725,-0.03316742258666017,-0.0024194900299727706
2025-11-19,-0.00661702564191835,-0.00687158732905746,-0.007490665064589064,-0.007684557505402312,-0.006577934530601293,0.0037538357962292324,0.005856628188694035,0.01671592699948965,-0.0023030738201144096,-0.041717321359500015,-0.003393657809218742,-0.0038325797904893433,-0.006098235719982692,0.0024253581598596696
2025-11-20,0.030807678788990822,0.030954114388459963,0.030188650455114985,0.038383812467603695,0.03183733789520926,-0.015567283563270418,-0.02154647765069262,-0.04797402852225563,0.002565641148130293,0.11665258861714323,0.02649985904159058,0.0001904683699636145,0.019172896290730934,-0.006532773066002973
2025-11-21,-0.03311800549882493,-0.03532320658567378,-0.03205128294700321,-0.037289240974677784,-0.03614843327615369,0.009823035415319481,0.008833628421609951,0.010182722512252607,0.005422820276357987,-0.11317183052550484,-0.024045919816566563,-0.023825709043944654,-0.03785162595207736,-0.010472417188156502
2025-11-24,-0.005012489208811699,-0.004760228053799831,-0.0037842375405199302,-0.0063995032227467386,0.002621560052100236,0.015467217001293498,0.026890294714480234,0.04382814835300031,-0.00043059997457040033,-0.12419973578785137,0.0,0.01968596686195312,-0.0018685349946869767,-0.006153112016589191
2025-11-25,0.013434062164791483,0.01692423219319439,0.013295288280250395,0.020338996540248955,0.015391110399419539,0.009061696817220577,0.00671476095449286,0.0031129202261026556,0.0027920716971145954,-0.09551661540434953,0.0006918255413923546,0.0069236008496491586,0.0030472666896965706,-0.008915366720593232
2025-11-26,0.016569975623395683,0.017366202664767627,0.015932564444789632,0.020598013191201803,0.018481197988450715,0.006906711511012631,0.008212584809258683,0.027540825838526573,-0.0012091894024681693,-0.07381459974709137,0.01848663509043269,0.001294839874159015,0.026722645435389047,-0.0009994874179087843
2025-11-27,0.008965048141716947,0.007823547631404137,0.007380031467732806,0.01041670018717844,0.005289772806627235,0.0,0.0,0.0,-0.0044348084794223475,0.0,0.012268818728156106,0.0006884277324512578,0.0065742612485271135,0.0
2025-11-28,0.007269728345447257,0.008115802258580773,0.007326035477244419,0.006443236552306386,0.00261122848805706,0.005354773163420257,0.006504502259437883,0.01836011401204507,0.002105664976116417,-0.04886562690464402,0.0017303888613506846,-0.003354632635959587,-0.015129467569744093,0.004752449291772098
2025-12-01,-0.013632707180126546,-0.01505081598467306,-0.013636363636363669,-0.008962847774711236,-0.01027822462568817,-0.005323329342915684,-0.0038419380446740314,0.0006066751172262297,0.0019863050869839416,0.05443421216412436,-0.018916516213251744,0.006743102136656409,-0.0015840641788168464,0.01966641580388062
2025-12-02,0.003252088979670553,0.00461982352076773,0.0036866500081005338,-0.0003229610398560734,0.008109719183892139,0.002457235261999813,0.005918133438435724,0.019937967881376473,0.000608734112671927,-0.03770299461483784,3.4068472876125355e-06,0.0023735412384502386,0.01901856514165412,-0.002441462013391238
2025-12-03,0.009724390742743116,0.007782036061045439,0.010100995947733615,0.008400564868666471,0.008299495511413513,0.0029797912994984355,0.0017263385880927906,0.021529497306615353,0.0001911236723253218,-0.03074142400187263,0.011383188755413887,-0.012811636785172276,0.010355655266902408,-0.007097358221759165
2025-12-04,-0.0016051022492792333,-0.0007019364469547096,-0.0009090770374644563,-0.0022428163459528028,9.613468300440076e-05,0.0010803218396737702,0.0021766259782449726,-0.009955947058141068,-0.002780117606670518,-0.01865672836805088,0.023338005874962597,0.006799881784699258,-0.0019299950371037822,0.0125707762889824
2025-12-05,0.00884247277764394,0.00842990443828695,0.008189276736879636,0.012845223397906835,0.006662167696174004,0.001936641757662061,0.0031052881384325826,0.010186726518034428,0.0016062935130458644,-0.023447394918898135,-0.010514743774838742,0.005751860751050941,0.017758375863148768,0.007546285011201359
2025-12-08,0.01513945790148008,0.014977316968145082,0.015342932323278546,0.009828791800133185,0.011539613810094718,-0.003477255626794018,-0.0013669645376993556,0.01085977217815759,-0.002901310503285237,0.08111615914194314,0.0017838576893449698,-0.012256841925247453,0.013365762753929866,0.00797293859802739
2025-12-09,-0.00156994661477039,-0.001715854531478156,-0.0035555691189236294,-0.0009419384533392305,-0.0042813960011827135,-0.0008763589340257116,0.0012991579528713881,-0.0018544621399477768,-0.003494935499670837,0.016206510218282677,0.001446369083828003,-0.012851709205007,-0.002719783554916866,0.003355690123504562
2025-12-10,0.007075594784868411,0.007218996725943283,0.0035682563008352375,0.010685130110321017,0.007739912655269743,0.00674955693920154,0.003293965958375278,0.013293491766579235,-0.00043961550810267536,-0.06851741444195236,-0.0010324879357999084,0.004189190164644918,-0.002063400970305218,-0.005255574928252349
2025-12-11,-0.010929029738463214,-0.012286710250906552,-0.009777764214409679,-0.013992562104722106,-0.013238408398111412,0.002079350841514227,-0.002548855681956619,-0.0057218006329979865,-0.0023755066327988406,-0.05833862077290075,-0.008971449440367985,-0.00040208370819982964,-0.00589598133313185,-0.005523592732058158
2025-12-12,0.0015785593414043841,0.005528701234485567,0.0026929570758900123,0.0040996460400342105,0.0061827324507801595,-0.010663649289958,-0.01689801769130872,-0.047818873636355286,0.0033175603858714986,0.059932617291983625,0.013713791560089339,0.017480234471302314,0.01375462520267745,0.012798835047958868
2025-12-15,-0.010244342284667085,-0.011683827822970394,-0.011638276256763502,-0.012248722692620673,-0.011741252883312847,-0.0015965630269072495,-0.005939157423247909,-0.004908502192714992,0.00449008499969894,0.04828464040237068,-0.013148834765094652,-0.013393041083250679,-0.018374640159806055,-0.002861136803042008
2025-12-16,-0.008757929119245778,-0.009388081188216102,-0.010869606531259235,-0.01144676126397648,-0.011852011859090683,-0.0023839179519623555,0.002344182667685546,-0.004617322958815562,0.0002745306503300071,-0.0012121489553740261,-0.01564380883149441,-0.015352629140693352,-0.022358682515971173,-0.007890959135900877
2025-12-17,-0.005622463155040003,-0.00280796002143624,-0.0009157369680925509,-0.005467976559190402,-0.0004172704427407581,-0.011592143912241393,-0.01809234933831194,-0.03703577258346358,0.004478345884427748,0.06917483790429602,0.002612061487778705,0.009247685659953486,0.014323123023099127,0.0004820089083152901
2025-12-18,0.0,-0.00281597428144853,0.0009165763109044711,-0.0012937151739141894,-0.0020577756708046735,0.007934262269941872,0.013794326180095018,0.023875485487770298,0.00518285581531619,-0.04256526471497213,-0.010316253606270642,0.0011524526620558806,-0.015259774945072357,-0.008431666398247106
2025-12-19,0.009693033623852987,0.009883580766664402,0.007326035477244419,0.011334254772998875,0.008293866411184903,0.008818059450332205,0.013094630085295655,0.026605856428865593,-0.0037303888670811025,-0.11618262562637516,0.010320315449527051,0.007545589853668044,0.006518957018217142,0.008503363926135155
2025-12-22,0.014400001980692023,0.015029666904001981,0.013636363636363669,0.01665062744854162,0.01636645341419163,0.006436496360377575,0.005200485590942661,0.013441837312305083,-0.00032362001212404845,-0.05566733281020897,0.018081804055375184,0.004330009440036475,0.02123593187902517,0.004336334807458098
2025-12-23,0.0047318821796789035,0.005509663006693977,0.005381152234269937,0.0015748204131960097,0.00571339720700248,0.004550388765703239,0.0056771834180993075,0.0036861351446140223,0.0008982802507242482,-0.005681812794001595,0.0002079359454987273,-0.0010708143957544047,0.0027739508344981623,0.0
2025-12-24,0.0023547073650724837,0.0020548154229986793,0.002676209240333405,0.00471703276010782,0.0021726860803557013,0.0032214822012188726,0.002184494227374767,0.0038694510819234917,-0.0013541653938790033,-0.03785712378365658,-0.001364126457350845,0.0017377519255310503,-0.002112953912415727,-0.007915565169820504
2025-12-25,0.0,0.0,0.0,0.0,0.0,0.0,0.0,0.0,0.0,0.0,0.0012650439281538528,0.0,0.0,0.0
2025-12-26,0.008614028116918693,0.008544087313229864,0.00800713090445715,0.008450718933149304,0.006486648427758146,-0.00030436354912266594,-0.0008559129165679469,-0.0003267249535734429,0.002562756491433227,0.0096510847708835,0.006796599669848913,0.0,0.005125822780658096,0.0
2025-12-29,0.013198685754021389,0.011182608352136691,0.010591323176699419,0.01117320364064911,0.008925301842964695,-0.00349205148036813,-0.005033251330520905,-0.002352609517831339,-0.00602469435943731,0.044117603747491074,-0.004403291230824835,-0.007114904489589957,0.02200651840921486,-0.00483558514753768
2025-12-30,-0.0015324750966867473,-0.00033514110442744993,0.0008733491189614195,-0.004297262603265017,-0.0036014077792848598,-0.0013756671519022934,-0.002354464859291694,-0.001310009585924088,-0.001982110917127744,0.009154937759653814,-0.0037097333321376436,0.008557330541358654,-0.001514049469747203,0.0034013455704540174
2025-12-31,0.006907078588757054,0.006369508856236328,0.004363001803293409,0.00554871559613801,0.00893397362684345,-0.007357666300846111,-0.0075617762593251925,-0.012364027954674284,-0.0023692492856227654,0.04326586802930965,0.0,-0.008666177402095743,0.0,0.007990312701255942
2026-01-02,0.02057921228761228,0.018987280005579033,0.01737619484373565,0.023911796814315434,0.013334355629436079,0.0018947067188299638,-0.0002736157676632711,0.04164040024647653,0.001917140625415037,-0.02943141043457509,0.0,0.02762063017475791,0.022652138548563183,0.005764998893527107
2026-01-05,0.03808815230823237,0.03726706153626824,0.03586682008851527,0.026946031907330914,0.025731972423427285,0.006354126864826393,0.006894129713735264,0.013930944626930009,0.0017633995608958841,0.02687797267378067,0.029664992538551038,0.00033295521781973036,0.03431620365093524,-0.005254319806622942
2026-01-06,0.012949642530285077,0.011660927669008947,0.00989280229226508,0.013702642374970209,0.01565391487357415,0.006196712678341321,0.00646908752731945,0.03235237078622655,0.003695945317161664,-0.010067088749702191,0.013220920602806663,0.013785465997350421,0.015246137008857907,0.003361329914302047
2026-01-07,-0.007812470807366356,-0.009345794392523366,-0.007346951231664511,-0.004026361603948536,-0.004605857298844995,-0.003439923431013958,0.0015759590270558732,-0.010537472212514665,0.000556001467722611,0.042711872165486,-0.010588690144494928,-0.009415790724457529,0.005652456366042946,-0.009810933320614668
2026-01-08,0.0035791047275817167,0.0034591386903006782,0.004934198039885596,-0.00519787377280434,-0.002461598922053443,7.65482590914246e-05,-0.004420731467457473,-0.016344048286356938,-0.0013653985571981941,0.004551345533378326,-0.016256477185430107,-0.011702606528893322,0.0002878579005514137,0.010874837160341322
2026-01-09,-0.003566340421718217,-0.00250710841505708,-0.0032732725570672194,-0.00029030285055753335,-0.002357988966201874,0.006475487031883276,0.008148633687052653,0.028787881974444707,0.00304299038122946,-0.062135925566243366,0.016092976786905133,0.003154137294639092,0.007457589378129237,-0.0028687744852113894
2026-01-12,0.007158209455163433,0.006283380699658947,0.005747101237302266,0.00900122427844674,0.00918909452108041,0.001577633215136931,0.002642467889757638,0.004775166051523394,0.0015374978232687297,0.04347826945426525,0.0,0.014360111136624942,0.008388035793012616,0.0038359611584066755
2026-01-13,0.004975045586621096,0.004370978668183589,0.004897946727519198,0.006330933171086128,0.004577823055845309,-0.0019391230550597216,-0.0010125284763347064,0.008929809178840342,-0.0007406428934867426,0.056878284602278395,0.030983306123394394,0.009019313773172888,0.014670957401993645,-0.003821302789332348
2026-01-14,0.0007072806018417754,0.0037301263410611796,0.000812335299436473,0.007434931101856668,0.007638548470983331,-0.005333360445499591,-0.010043039006782273,-0.004200311136874246,0.0014887274555150931,0.04818526156577807,0.014791460971354864,0.005636814305866045,0.006491007204911803,-0.007432303356688985
2026-01-15,-0.0014134520611193135,-0.0030969340938438172,0.0,-0.006812309906903291,-0.004240196321329548,0.0025799262171273263,0.0024825388498939116,0.01602894886929529,-0.00335893987830016,-0.054328349099230455,-0.004245955911555743,-0.002821923736009979,0.01576288994344921,0.004830913423070182
2026-01-16,0.019108338150070514,0.020192606782373,0.019480532348447932,0.02229204287809683,0.01941278415104075,-0.0006423023039563436,-0.0006217124567436949,0.015568428281261593,0.0016978112646923726,0.0012625949429734273,-0.0032217060459615032,-0.002921531563574664,0.009002601629127582,0.017067332160191517
2026-01-19,0.008333262589219625,0.007917192910591675,0.003980891768107897,0.002795554105147424,0.007341591644532297,0.0,0.0,0.0,0.0013876592712758207,0.0,-0.006537385769927684,-0.010469769262445916,0.013204575907852512,0.0
2026-01-20,0.0,0.0,0.0015860791439878952,0.004515398482595634,0.003814914160573224,-0.02062675805627745,-0.023859706242919332,-0.014950100911486186,-0.0018666165410358149,0.2667087381764075,-0.011056910663935104,-0.002875730742724847,-0.0038555487327501803,0.01512647849386628
2026-01-21,-0.010330598109190237,-0.008459177622262115,-0.007917656182400923,-0.009289708376272965,-0.01617195376823788,0.011587741323274559,0.01178427399798454,0.03198455457753302,0.004225198331249791,-0.1587854907829206,-0.004084854458907494,0.00368289741516592,0.004949122607839085,-0.00977888078827005
2026-01-22,0.013408674637921392,0.010664228731936065,0.010375062974470106,0.015124016310657185,0.015992608141158327,0.005487502192628835,0.00909368580287051,0.0015223664039674123,-0.0013351674979606987,-0.07455617181351726,0.01732366131105234,0.0016889331715392863,0.008676214905280588,-0.0009404444597921335
2026-01-23,0.006267366700775767,0.007838334308877704,0.0071090168777756535,0.01221691986396678,0.006786024824792181,0.0003268698377891788,0.0027829257881455405,-0.011357545695543592,-0.001769903822365304,0.02877236568970143,0.0029425169138517226,0.004489260363752745,0.00757997239613073,-0.002353548767063396
2026-01-26,0.0,0.0008974523526834588,0.0007843017578124112,0.0008830962089749761,0.0032229317820207104,0.005006083031276365,0.0042601641286383884,-0.004757539210702211,-0.006750241196508577,0.0037289910113973423,-0.017858439575361262,0.0005985068797624837,-0.008112107023489967,-0.00613352768282216
2026-01-27,0.011072706598723947,0.010161368303838403,0.00862067779996245,0.015294131110696219,0.007902828245345717,0.004081896177137168,0.009141008826954566,0.023347953205958838,0.002221819049822882,0.012383948462139527,0.008476636916720626,0.013503555837129033,0.027327568177603068,0.0023736599352981447
2026-01-28,0.01574255781576861,0.015976313303208256,0.012432060151167601,0.013325581644631823,0.015035014375913036,-8.172305219089626e-05,0.0016941445447504755,0.026717488499692355,-0.01050238363220013,0.0,0.00047197083565930775,0.025803157290396284,0.016905112104901754,0.006630328581786138
2026-01-29,-0.006064649147574541,-0.005532888556361248,-0.003069909024595696,-0.010577442445018126,-0.008156086050381428,-0.001292631274007694,-0.007223323690009664,0.0018588524798162087,0.005120485824171128,0.032415826723621866,0.0003165485954070846,0.005073494926575162,0.009754746516441815,-0.005645657826091388
2026-01-30,-0.0155932410288665,-0.01581257363538613,-0.013856719611573975,-0.01675821499064678,-0.014522855203057627,-0.004301899620894223,-0.009427811057196478,-0.041065650678404175,0.0029453572698179276,0.03317543845574367,-0.0009882792597332157,-0.020772976345391436,0.0005956166207805591,0.0033120270124229467
2026-02-02,-0.015151494452347647,-0.016066628379712733,-0.015612861312265358,-0.015280648733964397,-0.013713951210479136,0.00539126612916796,0.005553237590460336,0.018452274457203544,0.007056381660207167,-0.06307341443720693,-0.01252130850911859,-0.02232944901655942,-0.052578679224774216,0.008016957907232447
2026-02-03,0.020279677597792922,0.020864812947647193,0.020618544849980047,0.025067149945158684,0.018066327752278566,-0.008403983020698336,-0.01428104272151376,-0.019989175655480973,-0.00018679128920895405,0.10159117698350828,0.03922653917446106,0.002210941468625327,0.0683702472268708,-0.0002339011692269466
2026-02-04,-0.0006853382378995132,0.00029622660458406,-0.0007769296588777674,0.0014556929833777765,0.002933689007004636,-0.005072391906223106,-0.015076607984928048,-0.044150015742135174,-0.0001235239417486378,0.03555552164713549,-0.007808765099505011,0.000467705945280672,0.01569946337890671,0.00023395589178365483
2026-02-05,-0.01234569968505983,-0.013621575176892553,-0.011664133423035072,-0.018313983725881222,-0.015129881759937458,-0.012251015567674717,-0.01589159168749088,0.00136201923952739,0.0026573312511892766,0.1679185177362963,-0.008754667568403707,0.0014124285565044747,-0.03863831797289696,-0.015204691408286952
2026-02-06,-0.001388867696126339,-0.00030022846497501643,0.0015736001576540648,-0.004145673312132003,-0.0005770087057992423,0.0196957966973359,0.021766116022293724,0.05344146453630216,-0.0002622091433629459,-0.06430866279706493,0.008094695246961381,-0.012099241546262518,-0.014414385790020967,-0.0009501631553254786
2026-02-09,0.02851175770316816,0.028528528528528607,0.025137445966447736,0.022896236494435174,0.0195607961848121,0.004691086716887227,0.00900773237403718,0.012223419482292774,-0.002331814588317105,-0.1477663281723809,0.03889619526094923,0.01759080688189618,0.04104817252653592,-0.001902020277257166
2026-02-10,0.020960150314037973,0.020729944827782898,0.018390757827466464,0.024999905741496242,0.020625133919167205,-0.003303712975458173,-0.005860887013236171,-0.0037984866502173142,-0.00043710449322398315,0.02476960196184419,0.022826609072220228,0.005771610242185421,0.000688915583279659,-0.01214867051256252
2026-02-11,0.022516515870757425,0.022025118864480664,0.02031611987231763,0.017300074855052916,0.016108084869157713,-4.895607156218951e-05,-0.0015582748902752686,0.02495517297675942,-0.002613923188501621,-0.007869662158076385,0.0,0.0030618404251887554,0.00995914388662733,0.006028477539497201
2026-02-12,0.0,0.0,0.0,0.0,0.0,-0.01566101212770199,-0.020346429175938763,-0.024153260581189384,-0.0045014801042541075,0.17960340763780214,-0.00018558748840835637,-0.008576194914940438,0.031334408657453405,-0.01629909896977111
2026-02-13,0.0,0.0,0.0,0.0,0.0,0.0004990891480125548,-0.0022339307336266545,0.008989954888127816,0.002549725303937489,-0.010566729902939609,-0.012107443317708522,-0.01721702577767248,-0.0027634023422029586,-0.011695871780071143
2026-02-16,0.0,0.0,0.0,0.0,0.0,0.0,0.0,0.0,-0.0015246937984533249,0.0,-0.00238064465851473,0.00522526781188426,0.0,0.0
2026-02-17,0.0,0.0,0.0,0.0,0.0,0.0010313220779065713,0.001406457699069552,-0.0015788843492410276,-0.0013388956482243142,-0.015048517485525714,-0.004223500030015592,0.0,0.0,-0.0009862393221576893
2026-02-18,0.0,0.0,0.0,0.0,0.0,0.005566070147410729,0.007761849757584871,0.010787971978087896,0.0015641391420189166,-0.03302119497595557,0.010206600763855045,0.0,0.0,0.00666336379662158
2026-02-19,0.0,0.0,0.0,0.0,0.0,-0.0028221256867719813,-0.0031160033782383634,-0.005811427028666771,0.004879556670309926,0.031090656315525544,0.005669697418582587,0.0,0.030913370707574828,-0.0009806783338826008
2026-02-20,0.0,0.0,0.0,0.0,0.0,0.006939724763506794,0.008964522328127167,0.010088727537475028,0.001582666624481588,-0.056351923650237334,-0.011173711051917334,-0.010955983939960667,0.023123833749834954,0.0026994250104201978
2026-02-23,0.002590732973354992,0.002239066156952685,0.0036873154682479647,0.0027879088875431,0.004985782968901065,-0.010385652247284827,-0.011308222762413167,-0.007261391302293085,-0.0021533548382927092,0.10057622110776498,0.0,0.025311463966603664,0.00646636239857723,-0.01395011274993252
2026-02-24,0.02583979277224291,0.02764589144860996,0.022777301290998864,0.031137027908693327,0.027464288213389976,0.0076516140863223114,0.01044801963062758,0.01462926642700535,-0.0024182185904723097,-0.06949076515545527,0.008717721590947747,-0.018151963466157106,0.02113383411321279,0.0009928486257939628
2026-02-25,0.021410540498391528,0.020380434782608647,0.01939653022583121,0.026961445022539943,0.02052545137509143,0.008136355657339944,0.012613909684129787,0.01646215029438669,-0.0018355200278042938,-0.082864398726613,0.02201687465189761,0.006596400064520669,0.019133435843132984,0.0037192825474761104
2026-02-26,0.0006165604525105728,0.0013315579227697327,0.0028189511802603207,0.00577582619642425,4.004083061670549e-05,-0.005365580569328343,-0.011821798206745227,-0.03043482123043839,-0.0034419943738348557,0.03904064939635021,0.002906460565279767,-0.014372905409197001,0.03672177881650063,-0.007658019163247376
2026-02-27,0.0,0.0,0.0,0.0,0.0,-0.00433935281103115,-0.00918639842420832,-0.012640085172572646,-0.0007131871425752889,0.06602262506673928,0.001648907496561991,0.009458297506448776,-0.010010691871955468,-0.013691885103261248
2026-03-02,-0.009858324543625452,-0.0087765632791722,-0.00843286663743581,-0.007830932941886304,-0.00901886354995296,0.0003983547353176853,0.0035577769115684443,-0.0006812788373858902,0.004102837192432096,0.07955689200142912,-0.013475405572762833,-0.021429887385517543,0.0,0.021706200905148076
2026-03-03,-0.019912862532740605,-0.021196737738967686,-0.02055286342897744,-0.02551953298709675,-0.021981462640061733,-0.009444031095625416,-0.010205782982251166,-0.04905549135285514,0.005099596730266498,0.09934697330735043,-0.03062817923556449,-0.011196132580329143,-0.07242317745620142,0.001976377005752372
2026-03-04,-0.04000001937624009,-0.04029600378658915,-0.04052091872928065,-0.045356378608282344,-0.0435492612031565,0.007756049264286302,0.012914465789047869,0.020192345160156666,0.0063104298674527826,-0.10267289383229639,-0.03613265843189184,-0.020125659645681138,-0.12057682152301596,0.005917083242760635
2026-03-05,0.023809564657252924,0.024564427173911163,0.023378512081715375,0.029128924251074384,0.025710975461891383,-0.005646704863891072,-0.0025645197616256388,-0.011067515980085818,-0.0032772450369655814,0.12293146233401209,0.019034183254412085,0.0028459743989162067,0.09627093524752262,0.016176467150827767
2026-03-06,-0.007105982440761549,-0.006412094319136474,-0.004421450686954764,0.0,-0.002179861357059054,-0.013276795812569242,-0.015882487229215148,-0.042189630555584445,0.00872272824550624,0.24168420088918596,0.006201036337386112,0.017216672634232877,0.0001737521912494877,-0.0031355551691173433
2026-03-09,-0.04229017650656719,-0.04349046090192121,-0.04515178259016295,-0.04973887301324398,-0.04431963003584727,0.008304161513105202,0.01376960612055389,0.039751366035329694,-0.0032470342924506568,-0.1353000950181722,-0.051997077028583916,-0.013542889709921346,-0.059625379464992134,0.0007259277701867628
2026-03-10,0.021739110153428554,0.020827240336271702,0.025581419005874517,0.027183301819978967,0.020599268819414984,-0.0021351198877325173,5.0687046129427316e-05,0.007253938340752164,-9.416103239789919e-06,-0.022352929208792838,0.02882057275476657,0.02170298525681802,0.053451384040097416,0.0
2026-03-11,0.039893618640234774,0.04137929280598951,0.038548682744409035,0.0470157136098881,0.04095952619427945,-0.0008376012017449197,0.0008384881913343634,0.009680952899651096,-0.0008836226453298179,-0.028078650395929716,0.014322645516269716,-0.002355194899826385,0.013982665215982237,0.017408129589024268
2026-03-12,-0.020460339342213474,-0.018487808505225578,-0.018195051754394398,-0.01075551831008592,-0.01560441591332784,-0.015227676506708532,-0.0177913392525737,-0.03478615455428613,0.0011834075149077528,0.12628978254650813,-0.010402658716735402,-0.007027363535823228,-0.0047594353573423565,0.015446667669898106
2026-03-13,-0.008485659775809395,-0.008996379244341157,-0.008154120789439334,-0.0038053652124088178,-0.005405866913823942,-0.006059115470564369,-0.009260544757082045,0.00342222779840462,0.0026499563387061276,-0.0036643597696923713,-0.01163116847267398,-0.009766399754051469,-0.01719603557515781,0.0028083511789249727
2026-03-16,-0.004608275025469788,-0.004255319148936176,-0.0029896049786987122,-0.004638525963567508,-0.001730779621546441,0.010130883162251969,0.012160865966468926,0.01964866486507577,0.008380462709563163,-0.13534388499059757,-0.0012720444888959515,0.014467357043474793,0.011410082410649336,-0.015169208759649111
2026-03-17,0.013888929536383987,0.012820512820512775,0.0097451507589017,0.015076733661242514,0.014817677741781221,0.0024942548757938,0.004708535054532392,0.007783904895176663,-0.006781109201310698,-0.048489977820074914,-0.0009443112189317926,0.0013362044264246808,0.016330149682920903,-0.004265319891647246
2026-03-18,0.015003281187028206,0.015471167369901506,0.017075004483048106,0.019173721916698527,0.015131788114791656,-0.013607567880073446,-0.014551433469982555,-0.005760398850684023,-0.0018782115046350745,0.12159138181989015,0.028659154888596383,0.006064542686232244,0.05044779977463065,0.013564893256907684
2026-03-19,-0.023136285104774723,-0.021606614384955036,-0.023357641957972186,-0.011393754267401746,-0.019182699065508957,-0.002748797741878972,-0.0027866241687231064,0.0056460272932084,0.004585233777771203,-0.041052239154301895,-0.0337959362394622,-0.020166431332347523,-0.027309494834587222,0.005165605473495205
2026-03-20,-0.0013157693963301575,-0.002265057426096395,-0.0022421752235817216,-0.0034843490573628344,-0.00432775801380203,-0.015138182356779217,-0.020057322297033164,-0.02260432081718966,-0.0071524381885594845,0.11305075981208423,0.0,-0.008755085764363346,0.003119780226762847,0.02569485006974892
2026-03-23,-0.021739150101549365,-0.022417690219384445,-0.023970014593574396,-0.02528237275399181,-0.02448670019784016,0.011453200463990454,0.013819095930771796,0.012270216372647802,0.006905285819817086,-0.023525057952272554,-0.0347939834453701,-0.03540128456308256,-0.06494329596420512,-0.012981026202262824
2026-03-24,0.002020222570759733,0.002902757619738683,0.005372194411723319,-0.0033113339134676067,-0.003369539785315956,-0.0037425745042546366,-0.008423527782655094,0.013161382296642321,-0.0049873146018064585,0.03059277843515873,0.014302358248600155,0.027939754041730103,0.0274096881792536,0.013382576432296567
2026-03-25,0.024193486363534245,0.02199712330974135,0.0236641687291268,0.034883781104384504,0.02535456425815963,0.005419124381509377,0.007716686495385705,0.012403978462632859,0.0020024107948439784,-0.06011134669284157,0.028655970762042182,0.010861850502859038,0.015896887298420648,-0.014571977870935227
2026-03-26,-0.0052492639436201305,-0.0022656989428437857,-0.005220075877482744,-0.003210346258775032,-0.0030350174734580238,-0.017406172392416708,-0.023791359297075876,-0.04750180008776261,0.00031634010450520833,0.08330045861456314,-0.0027157894935742055,-0.018926448230135007,-0.032212555232489226,0.020332675442027437
2026-03-27,-0.010554129545503499,-0.009650848749056418,-0.008995479783704963,-0.0072462870431846405,-0.006750069219611743,-0.01672184352107431,-0.021474167765036856,-0.016329574411627412,-0.00018472719949447214,0.13155971693667867,-0.0043015378938029425,0.0038400998484107163,-0.00395385075697785,0.005434820753603464
2026-03-30,-0.01466664632161463,-0.01777008253916046,-0.0166414296446884,-0.0191944543647653,-0.017951772733723503,-0.003945748828622642,-0.0073379851494933535,-0.04232100730530808,0.0014719379020335932,-0.014170648551379394,-0.027864590537743372,-0.008059183915165469,-0.029706595123391133,-0.022072082956776984
2026-03-31,-0.020974330443214173,-0.018967025878228516,-0.017692331167367792,-0.030044106650022773,-0.024453103067768933,0.02913114047102594,0.03827862422484163,0.06091216168602376,0.001938961860005195,-0.17510619090085677,-0.015845028803462613,0.001509105928125365,-0.042605092011313905,-0.007139598635336419
2026-04-01,0.04284725002765466,0.04283162811908792,0.04228668194457441,0.04745672204644702,0.045765864674125245,0.007168516684867399,0.011593841838405838,0.030061538853142,-0.0031555578204207624,-0.028118775622679504,0.05240434897820667,0.02040849612434381,0.08436291186282063,0.0018556940950722467
2026-04-02,-0.019880716509889096,-0.02110665649646193,-0.019534229784283652,-0.021161116830742066,-0.018158067453737603,0.0011208758485563575,0.0017504032616484366,0.0031605299199657377,0.0020069684313648306,-0.027302365578560805,-0.0237517261671899,-0.007017466371873393,-0.04465482357189754,-0.0013891098512972544
2026-04-03,0.0,0.0,0.0,0.0,0.0,0.0,0.0,0.0,-0.001996690480016272,0.0,0.012584399636144328,0.0,0.02736886452087406,0.0
2026-04-06,0.0,0.0,0.0,0.0,0.0,0.0044267825126402816,0.005354869694540465,0.013221094414863188,0.000779587026702,0.012568044680059565,0.00546258191317639,0.0,0.013581216612441382,0.005100819600449613
2026-04-07,0.018255661382386545,0.018648000200605086,0.019923418417744143,0.01940124480924199,0.020182425176967334,0.0007592481161695641,0.0009778793098211835,0.010636446808848676,-0.0015330159053532633,0.06661152690399286,0.0002972816391400013,0.0,0.00815541561595512,0.001845420284377619
2026-04-08,0.05179274553021851,0.05034326600756489,0.049586705800701125,0.06226212592525604,0.046089884909003676,0.025081414644149813,0.028029105291791367,0.06510233414583033,-0.0006266985661774749,-0.18386344627110762,0.0538814722977472,0.03091550688381184,0.068712500474305,-0.01197330107134098
2026-04-09,-0.0006312553571934387,0.001906268154093782,0.0007158633192574371,0.0015357403061091457,0.0028704629430582607,0.006170023529293189,0.008280528754784022,0.022219252910562037,-0.005443006460909006,-0.07366925270736524,-0.0073364081028065575,-0.005430774130274263,-0.016063456924312103,0.0004661691750715846
2026-04-10,0.02021476239135578,0.018211503990718914,0.017167337940585226,0.02555583881174095,0.01596814237549693,-0.0011385210916523558,0.003525949632005032,0.021049573266283206,0.0001702281183058041,-0.013340186348648642,0.018405638553428805,0.005480602574289728,0.013994498943833644,0.005590423892994689
2026-04-13,-0.0018576040356520496,-0.0018686924602927535,-0.00210972614765248,-0.0017443232733884706,0.0011141546387523071,0.010173274948748201,0.01226262719293758,0.017434001448101588,0.001298647737427494,-0.005720161498773413,-0.007401781922916517,-0.008986390487733309,-0.008576739029013014,-0.004632842560340578
2026-04-14,0.031017370314252446,0.027280054489263073,0.023960601138247606,0.028457297817480853,0.023657534273739955,0.011782866364792755,0.019640482473783916,0.020084458039437925,-0.0039601185393721705,-0.039748964201003045,0.02432838434565121,0.008240986029072861,0.027395470800653632,-0.009541515017208124
2026-04-15,0.012635416017303669,0.015620931800722104,0.01445279284666312,0.019174779148013243,0.011737329455939083,0.007975783355387733,0.015945605830651965,0.001545170478584268,-0.003925227774549067,-0.010348612622076536,0.004437789151797933,0.002898850937763209,0.020718048966319014,0.0061090278740221216
2026-04-16,0.010100991785005453,0.00897205830617498,0.009498027226898298,0.01452719150442694,0.011161628904905463,0.0026099558353673835,0.003609244545592194,0.010177711451646365,0.00222101387770568,-0.012658202601573132,0.023808715886218357,0.01722487901418046,0.022106557771931934,0.006305453059324506
2026-04-17,-0.009999982048483402,-0.009908520924815978,-0.008064495454511378,-0.0009388991141484615,-0.008824720325923185,0.012040463669150903,0.015175945510511601,0.024042378316973423,-0.0009180779659778704,-0.02564108016318145,-0.017514625054842914,-0.008862900099386839,-0.00548178763150986,-0.014620608483606912
2026-04-20,0.004753434564774173,0.005901944369832046,0.007452512189973115,0.009398442158713438,0.004196813151811751,-0.002374372617670484,-0.002619281725804501,0.004426125480334164,-0.0028518965390006423,0.07951952708227816,0.005968137246715521,0.0076734595387562,0.00438796402695929,0.0009421071823516591
2026-04-21,0.017149578898945306,0.018112260468152064,0.01143239396860185,0.02234634788015244,0.01748727177527587,-0.006348217959672997,-0.005918184547990535,0.007544064749779533,-0.0015571306004650287,0.03338628154465928,0.008912575007443913,0.004795334739881918,0.027235556222744206,0.009882309857536686
2026-04-22,0.00406974969908247,0.00200447953078009,0.006648936440039055,0.011156687133317522,0.007269208348100964,0.010460084168953943,0.0163895307178914,0.026313243638577788,0.0020051473340130244,-0.029743585831079722,0.003988050591480885,-0.012241263745622732,0.004611426514762318,0.00046606056943154783
2026-04-23,0.0,0.0007502333461513189,0.0019815261813216356,-0.0045035073998341835,-0.004338092798431781,-0.004132868267081369,-0.008884505234035278,0.021377116073203917,-0.0004828048118112882,0.02061307547969271,-0.007478769475245173,-0.009480515922454691,0.00901846564659059,0.0067535641466442975
2026-04-24,0.0416907763490002,0.044227838954429055,0.04021098369301135,0.038226701569867405,0.03230220091059155,0.007973689797975636,0.016289854507232526,0.0467120595238284,0.002008465924816294,-0.03107200404267052,0.00973870433349644,0.0024260316588464725,-2.7822894683393606e-05,-0.0030071736252021974
2026-04-27,0.033907761592396835,0.031107921009494444,0.02788335748663573,0.02374727922336417,0.01757483474460031,0.0012323767534654362,0.0020332896126786792,-0.013409901624033549,-0.0028544291350430795,-0.03687860291140321,0.013751376792643155,-0.0020178527983187866,0.021526848332351856,0.006032487989179991
2026-04-28,-0.010752688172043001,-0.01067534501896672,-0.008631281891645859,-0.00276656870550418,-0.0023954193004298574,-0.004894172187521972,-0.008972472953050814,-0.036670261961282424,0.0004993443489185179,-0.010543869546671303,-0.010239931901555588,-0.0094837001211322,0.003928967097520886,0.004151320578305917
2026-04-29,-0.013586956521739135,-0.012667121865147402,-0.01181597710953941,-0.00981645493984562,-0.005521784247846995,-0.0003991720531409948,0.00038272499882396893,0.025711703934615082,0.0018216274879112593,0.054963519149170637,0.0,0.016824932250394387,0.007510876742699679,0.014699156718869677
2026-04-30,-0.0027548209366391463,-0.0033261912967114116,-0.0044052673072989545,0.008405158983258332,-0.009588741301665205,0.010238239941821936,0.00887886270384497,0.02544504366284972,0.003601646494638011,-0.10207337218538048,-0.010556840236601528,-0.012841322131318833,-0.013754470474743319,-0.006337789353688117
2026-05-01,0.0,0.0,0.0,0.0,0.0,0.002928328889657106,0.0089235953340574,0.009340322943602875,-0.0018180618589728192,0.00592068591376127,0.0038491948969949785,0.0,0.0,-0.002733504393690689
2026-05-04,0.045303850542774526,0.04505362073059449,0.04298358522713852,0.04872833371841745,0.045688819420590665,-0.004062189384334225,-0.0018570461013891482,-0.007922670706230539,-0.00047513033458257414,0.07651566579883617,0.0,0.012389238241578004,0.05123909262993798,0.015532279579071995
2026-05-05,0.0,0.001824859310412652,-0.0006060975970644256,0.0034644790034614736,0.001575929637265494,0.008120017337603702,0.010305254951532117,0.04473444381626157,0.0013943942787038033,-0.04975405736520189,0.0,-0.007559487469997794,0.0,-0.0067476853664192316
2026-05-06,0.012156464528839228,0.010928933651090489,0.013341493562530449,0.01198213104135415,0.009064727604973788,0.014588330317794274,0.020248201219420503,0.0500072451443776,-0.0016773054363118378,0.0005753871901450491,0.0,0.012169376251500053,0.06451931011822665,-0.013586943904577264
2026-05-07,0.020365503375897598,0.021621635368278325,0.02094554082680178,0.02247639756631048,0.019323088936799904,-0.003803095327784889,-0.0012670889389402307,-0.028626729111024485,-0.004644147517347985,-0.01782630689032183,0.055798094419698296,0.015735998816819752,0.014285176809007982,0.008264520709686085
2026-05-08,-0.007164759161794265,-0.011022927541272876,-0.002930832251533566,-0.009813542541959985,-0.007865731014896293,0.008425703533400997,0.0170843003899106,0.05674713757179872,-0.00020386521399129442,0.006440316794081857,-0.0019128451571459593,-0.008734542170985793,0.0010614342387316178,-0.006375308174456418
2026-05-11,-0.0010309121043411418,0.0006687199930610621,-0.004703133586432484,0.006937531592233537,0.0044735470056218585,0.0018799566475542484,0.0010306205935852741,0.023947752662416555,-0.0029019653733958206,0.0692262123175218,-0.004716190791303809,0.0004974255526661864,0.04324356286676445,0.010540789519547289
2026-05-12,-0.0005160273577958785,0.00044556072566437344,-0.0017720203564680626,0.002952785986844564,0.0025906094031222793,-0.0016026088601545085,-0.007076604802653486,-0.03147767169073823,0.0016229616472482888,-0.021218683757119994,0.0052018974681544705,-0.002231606956708543,-0.02289501813613881,0.012018134950326775
2026-05-13,-0.01393906551771218,-0.014918753319916322,-0.012426071618435675,-0.017664406524083076,-0.012502179290078241,0.005849246488426552,0.012041483674895437,0.02383772623017344,0.004762074815726436,-0.006670313141271755,0.00843986881414871,0.0015382357323465712,0.026279723130859578,0.0040331899189163245
2026-05-14,0.005759194259244094,0.005877048235502391,0.004194201513664675,0.002997033529779536,0.009117934959939067,0.007655604577358366,0.008820462911741878,0.0032936884745176087,0.0018380143583822672,-0.0341354550477867,-0.009768262823148577,2.2722426465060508e-05,0.017516601168337864,-0.0044632852409906
2026-05-15,-0.006767324364671201,-0.009438229678721877,-0.009546575448973416,-0.020119564160965275,-0.013877038088223825,-0.012363320128051747,-0.015396158443578667,-0.0405826571534893,0.0001710987032821354,0.06778679378787822,-0.01986721853142348,-0.016154760040345773,-0.06117089222465677,0.030038068943107232
2026-05-18,-0.005241090062921727,-0.00453720520731804,-0.006626542792262824,-0.002846094603719318,-0.006813771830388338,-0.0007356678561787344,-0.005125240629667793,-0.02487608429618149,0.0007160020197189976,-0.03309824201035161,-0.009662053621010358,-0.011075521567198376,0.003050755853320597,0.006093657463622559
2026-05-19,-0.018967365888471144,-0.0170920697553405,-0.015160704017790128,-0.02140671260739191,-0.01751601452995355,-0.006678320788135905,-0.008432862066224178,0.0017544533708484522,-0.001041563196208406,0.01346800085456068,-0.00436331880713603,0.00477776293556853,-0.032514446642434636,0.009517557983210967
2026-05-20,-0.006444666852361669,-0.0071875160530390225,-0.006157635699404085,-0.007083336512247684,-0.0038515527018477824,0.010792026370445518,0.015447910900689754,0.047449422076345504,0.005549209970649338,-0.03432995294678509,-0.012323243909357573,-0.005687701532172573,-0.008623884998750997,-0.02035564472227991
2026-05-21,0.03621619972022794,0.03479680866818935,0.034696445571783974,0.045530885241083396,0.03366724156274126,0.0017153304306989359,0.0008656232695711807,0.008456569303531225,-0.00434932134128041,-0.03899084199268488,0.03143130186952536,-0.010315324174528517,0.08415090020069171,0.0030621038676896806
2026-05-22,0.015127851859363384,0.01579778809202881,0.013173634420611924,0.02548658632147438,0.021749981256365514,0.0037269732409066503,0.001934769749697418,0.02405138553125319,-0.0012788229491633718,-0.003579920353401156,0.02682909530280897,0.0086467057981221,0.00410974959403565,-0.006105512023398041
2026-05-25,0.03597122189336632,0.03599196060825505,0.03546099354738996,0.0459883044812317,0.03256436796480777,0.0,0.0,0.0,-0.0035435280980087303,-0.006586862594382348,0.02872036303619363,0.0,0.0,0.0
2026-05-26,-0.0069444896472601325,-0.002573411367932321,-0.003995416440840338,0.0009354394077991657,-0.0027272077978219844,0.006108260424063872,0.011851250059960128,0.060968105118543336,0.00029903373699946556,0.025316460062143387,-0.002487815560891282,-0.00025697377944511324,0.02545963162273024,-0.01426065291120171
2026-05-27,0.024475570579255423,0.021715772889643326,0.020630407470003664,0.02336448598130847,0.016804674357044913,0.00016487914469087706,0.0006959279787079886,-0.010717741643514134,-7.951228100844254e-05,-0.042328001391321646,5.1084803839529513e-05,-0.010594710365930404,0.022515092862820385,-0.0026708399380886982
2026-05-28,-0.019990277823035862,-0.018729007124235975,-0.02021339685650103,-0.029223716422303037,-0.014017266590648503,0.005753716619668614,0.009100007014480438,0.009734446010561948,0.0006360275198662446,-0.03376311316747249,-0.0047121821838648215,-0.012715863151094187,-0.00527545726781109,-0.005802281454599156
2026-05-29,0.048756234088347394,0.034741609760075454,0.0366761827878761,0.03292568108672422,0.02512808021606805,0.002172260678511728,0.002048797158850313,-0.0006847693401765831,-0.001331620395565447,-0.026683613875561618,0.025294480751340442,0.007047482206337552,0.035534519873386516,-0.0004489012515718205
2026-06-01,0.0009487521126509968,0.010984430659002564,0.007186307880705067,0.010928933651090489,0.01352401006913162,0.0026252961308912415,0.004233604666074475,0.0050079500979784974,-0.0003531969758715503,0.04765010161736205,0.009118538885412919,0.00856904595411101,0.03683623789082824,0.00494045264513443
2026-06-02,0.0018957056705419806,0.002665064253955407,0.0038419152577759963,-0.0036036173502603797,0.004839182854787127,0.0012920889411551784,0.00026174524083333317,0.05785681545897714,-0.002623166699323165,-0.017445407639044563,-0.0029892873074984783,0.025204193090855753,0.0014917825284430641,-0.0044692695760304435
2026-06-03,0.01797541703628691,0.017378858912140416,0.0185894437875036,0.013562387167220358,0.019795979840295574,-0.007372041104846239,-0.008855126741294739,0.017619197042211487,0.0047142964549633515,0.01838928343441748,0.02499302562414374,-0.01555819922860091,0.0,0.00808086473323022
2026-06-04,-0.01394052064378759,-0.011455008314138704,-0.011808893785315688,-0.0133809100840111,-0.01682551333517468,0.004054961568363158,-0.0008572111414465455,-0.02104991087043473,0.0008672630642823087,-0.04109588227644323,-0.013617196923569996,-0.014817127194914015,-0.01841507219902172,-0.0031173320903643553
2026-06-05,-0.01837885934294159,-0.01992272395724215,-0.01792505672108613,-0.021699833263926105,-0.013278310983176,-0.026445361894386843,-0.04179989127532524,-0.10444306679538984,-7.936817364084803e-05,0.3967532962143463,-0.013080796197608047,-0.01154106644518249,-0.05542280130705535,0.01317836392780869
2026-06-08,-0.030724959488758086,-0.029869308679063677,-0.02986730677060645,-0.03142323468004138,-0.03479315291232288,0.0029781310549599205,0.008566135905265782,0.0586915733486284,0.002701335531519966,-0.12040911785348352,-0.03849809445402408,-0.012214137173469752,-0.08285916832566576,0.0035273967454600985
2026-06-09,0.025260060711692844,0.02437458541574311,0.025085571883600943,0.037213681134706356,0.027622605307562997,-0.0025763939780845124,-0.009673857745857828,-0.01629182044012134,-0.0001931012262229581,0.05021145661250648,0.021742069607276315,-0.003697121807228254,0.08183945117168023,-0.005272444553015454
2026-06-10,-0.03140096618357491,-0.031308703420803274,-0.02836488329784692,-0.03955837666132356,-0.03308177660269873,-0.016199450298948426,-0.019834256648155746,-0.03669909537873739,-0.0013014202626587812,0.11826866506623457,-0.018915058689026765,-0.006429214912280323,-0.045215945255100976,0.003091859395377261
2026-06-11,-0.0039900401583931044,-0.004524899969613916,-0.005151653761911734,-0.00670502459200828,-0.0017600272119220328,0.017518885564244746,0.02543396397425446,0.0838765573182072,0.003452662184263211,-0.12511246018023325,0.0005920915005350746,-0.006500824686105577,0.004285492592902118,-0.01739321870763899
2026-06-12,0.02103153236066757,0.022077948500067723,0.01956268030370434,0.02217939363012489,0.023628988702241616,0.0050255138730570525,0.0030678314639034365,0.015879193861396246,-0.002236945426582926,-0.09053498871043908,0.02807297078199067,0.019332960470168414,0.04632563486717767,0.005377586558555025
2026-06-15,0.032368839142125294,0.03388394660393401,0.02765242234572196,0.02924526862378385,0.027801130493521287,0.016528391294663436,0.030712060261246066,0.054504751635110704,0.0010766774191464101,-0.08371037990327757,0.04994636453302226,0.005039639554359265,0.051991642330602605,-0.004011617100717402
2026-06-16,0.006175786469158284,0.005120851981748498,0.006589768852396594,0.00549952779571683,0.009079966328300548,-0.005684179609759754,-0.01152751863776913,-0.05920919922012524,-0.00298612606480253,0.012962905838441063,0.0012550943124030045,-0.01403716686739609,0.02113498167769845,-0.009174287454391528
2026-06-17,0.0009442726409845115,0.0038720070291800024,0.0,0.0018231958359222755,0.0014887671372583178,-0.012148282108228825,-0.013446887991323875,0.014359634623174689,0.0014372316461586099,0.12370510088491216,0.007171725176321475,-0.007421794700253614,0.015772538120361723,0.00790421129701313
2026-06-18,0.012264179733564307,0.011368262351054037,0.012547752392062739,0.008189276736879636,0.012812598662263142,0.010846212235623431,0.019071401604282556,0.06622985848937546,0.002360263790704975,-0.11062911369007722,0.016469315186564026,-0.01593234031388291,0.022517396200631534,-0.0026886864369792818
2026-06-19,0.0,0.0,0.0,0.0,0.0,0.0,0.0,0.0,-7.897449865212902e-05,0.0,0.0027665116301571757,0.0,-0.0012599430342841167,0.0
2026-06-22,0.035880693053326196,0.03352069810887803,0.032866328901543174,0.03519849990132751,0.02746813790663727,-0.003705051979052687,-0.01324877478239217,0.024333407243029237,0.002089372068782236,0.0536586029624615,0.015493297812896545,-0.0065325915671844426,0.006863345199261461,0.0
2026-06-23,-0.009446720983744994,-0.01204119617995092,-0.008346326918088343,-0.011333874951626188,-0.013423606797903442,-0.01516837714745567,-0.020173991787449053,-0.06828900291883366,-0.0023342188407926567,0.16898147918191975,-0.03545871009351054,-0.01818540838467897,-0.09991826041360086,0.00943604018844657
