Date,0050,006208,00692,00881,TAIEX,SP500,NASDAQ,SOXX,USD_TWD,VIX,NIKKEI225,HANGSENG,KOSPI,US10Y
2021-01-01,,,,,,,,,28.078699111938477,,,,,
2021-01-04,26.40782928466797,61.111900329589844,24.28515625,11.058250427246094,14902.0302734375,3700.64990234375,12698.4501953125,120.58525848388672,28.054000854492188,26.969999313354492,27258.380859375,27472.810546875,2944.449951171875,0.9169999957084656
2021-01-05,26.460918426513672,61.33014678955078,24.29302215576172,11.171595573425293,15000.0302734375,3726.860107421875,12818.9599609375,123.05065155029297,28.10099983215332,25.34000015258789,27158.630859375,27649.859375,2990.570068359375,0.9549999833106995
2021-01-06,26.747615814208984,61.81032180786133,24.505428314208984,11.228267669677734,14983.1298828125,3748.139892578125,12740.7900390625,122.65147399902344,27.954999923706055,25.06999969482422,27055.939453125,27692.30078125,2968.2099609375,1.0420000553131104
2021-01-07,27.37409782409668,63.20717239379883,24.98531150817871,11.419537544250488,15214.0,3803.7900390625,13067.48046875,127.2789306640625,27.829999923706055,22.3700008392334,27490.130859375,27548.51953125,3031.679931640625,1.0709999799728394
2021-01-08,27.86254119873047,64.6913070678711,25.433725357055664,11.639144897460938,15463.9501953125,3824.679931640625,13201.98046875,127.34600067138672,27.926799774169922,21.559999465942383,28139.029296875,27878.220703125,3152.179931640625,1.1050000190734863
2021-01-11,28.096147537231445,64.90956115722656,25.567461013793945,12.205870628356934,15557.2998046875,3799.610107421875,13036.4296875,128.6361541748047,28.017000198364258,24.079999923706055,,27908.220703125,3148.449951171875,1.1319999694824219
2021-01-12,28.053672790527344,64.99686431884766,25.575328826904297,11.724151611328125,15500.7001953125,3801.18994140625,13072.4296875,129.41542053222656,28.020700454711914,23.329999923706055,28164.33984375,28276.75,3125.949951171875,1.1380000114440918
2021-01-13,28.733247756958008,66.35005950927734,26.047344207763672,11.979179382324219,15769.98046875,3809.840087890625,13128.9501953125,129.62620544433594,27.97800064086914,22.209999084472656,28456.58984375,28235.599609375,3148.2900390625,1.0880000591278076
2021-01-14,28.467784881591797,65.73893737792969,25.882137298583984,12.050020217895508,15707.1904296875,3795.5400390625,13112.6396484375,132.37261962890625,28.01799964904785,23.25,28698.259765625,28496.859375,3149.929931640625,1.128999948501587
2021-01-15,28.563352584838867,65.95720672607422,25.811336517333984,12.050020217895508,15616.3896484375,3768.25,12998.5,129.6804656982422,27.986900329589844,24.34000015258789,28519.1796875,28573.859375,3085.89990234375,1.097000002861023
2021-01-18,28.542116165161133,66.04450988769531,25.811336517333984,11.99334716796875,15612.0,,,,27.9822998046875,,28242.2109375,28862.76953125,3013.929931640625,
2021-01-19,29.296016693115234,67.65959167480469,26.393484115600586,12.31213092803955,15877.3701171875,3798.909912109375,13197.1796875,134.12908935546875,27.982200622558594,23.239999771118164,28633.4609375,29642.279296875,3092.659912109375,1.0920000076293945
2021-01-20,29.349111557006836,67.96515655517578,26.393484115600586,12.3192138671875,15806.1796875,3851.85009765625,13457.25,133.65005493164062,27.915000915527344,21.579999923706055,28523.259765625,29962.470703125,3114.550048828125,1.090000033378601
2021-01-21,30.368471145629883,70.01676177978516,27.156578063964844,12.751344680786133,16153.76953125,3853.070068359375,13530.91015625,135.58218383789062,27.889999389648438,21.31999969482422,28756.859375,29927.759765625,3160.840087890625,1.1089999675750732
2021-01-22,29.82598304748535,69.14375305175781,26.77109718322754,13.105546951293945,16019.0302734375,3841.469970703125,13543.0595703125,133.2828369140625,27.958799362182617,21.90999984741211,28631.44921875,29447.849609375,3140.6298828125,1.090999960899353
2021-01-25,29.424543380737305,68.35802459716797,26.456424713134766,12.680501937866211,15946.5400390625,3855.360107421875,13635.990234375,133.4744110107422,27.95159912109375,23.190000534057617,28822.2890625,30159.009765625,3208.989990234375,1.0399999618530273
2021-01-26,28.827808380126953,66.8302230834961,25.984407424926758,12.404224395751953,15658.849609375,3849.6201171875,13626.0595703125,131.3059844970703,27.920000076293945,23.020000457763672,28546.1796875,29391.259765625,3140.31005859375,1.0399999618530273
2021-01-27,28.871206283569336,66.78657531738281,26.00014305114746,12.475066184997559,15701.4501953125,3750.77001953125,13270.599609375,124.49093627929688,27.917999267578125,37.209999084472656,28635.2109375,29297.529296875,3122.56005859375,1.0140000581741333
2021-01-28,28.285320281982422,65.38972473144531,25.4494571685791,12.156281471252441,15415.8798828125,3787.3798828125,13337.16015625,127.22145080566406,27.933000564575195,30.209999084472656,28197.419921875,28550.76953125,3069.050048828125,1.0570000410079956
2021-01-29,27.818777084350586,64.21113586425781,25.14264678955078,11.922507286071777,15138.3095703125,3714.239990234375,13070.6904296875,125.00189971923828,27.932600021362305,33.09000015258789,27663.390625,28283.7109375,2976.2099609375,1.093000054359436
2021-02-01,28.372116088867188,65.65162658691406,25.559593200683594,12.135027885437012,15410.08984375,3773.860107421875,13403.3896484375,129.9391326904297,28.000999450683594,30.239999771118164,28091.05078125,28892.859375,3056.530029296875,1.0770000219345093
2021-02-02,29.17500114440918,67.52864074707031,26.27548599243164,12.432559967041016,15760.0498046875,3826.31005859375,13612.7802734375,132.04684448242188,27.950300216674805,25.559999465942383,28362.169921875,29248.69921875,3096.81005859375,1.1050000190734863
2021-02-03,29.153301239013672,67.57229614257812,26.251882553100586,12.482148170471191,15771.3203125,3830.169921875,13610.5400390625,129.3643035888672,27.857999801635742,22.90999984741211,28646.5,29307.4609375,3129.679931640625,1.13100004196167
2021-02-04,28.979703903198242,67.09213256835938,26.086681365966797,12.368802070617676,15706.2197265625,3871.739990234375,13777.740234375,130.424560546875,27.86400032043457,21.770000457763672,28341.94921875,29113.5,3087.550048828125,1.1390000581741333
2021-02-05,29.250947952270508,67.74689483642578,26.314817428588867,12.475066184997559,15802.400390625,3886.830078125,13856.2998046875,129.53358459472656,27.90290069580078,20.8700008392334,28779.189453125,29288.6796875,3120.6298828125,1.1699999570846558
2021-02-08,,,,,,3915.590087890625,13987.6396484375,133.4201202392578,27.973600387573242,21.239999771118164,29388.5,29319.470703125,3091.239990234375,1.159999966621399
2021-02-09,,,,,,3911.22998046875,14007.7001953125,133.02732849121094,27.88089942932129,21.6299991607666,29505.9296875,29476.189453125,3084.669921875,1.156999945640564
2021-02-10,,,,,,3909.8798828125,13972.5302734375,133.2891845703125,27.853900909423828,21.989999771118164,29562.9296875,30038.720703125,3100.580078125,1.1330000162124634
2021-02-11,,,,,,3916.3798828125,14025.76953125,137.90383911132812,27.961299896240234,21.25,,30173.5703125,,1.1579999923706055
2021-02-12,,,,,,3934.830078125,14095.4697265625,139.60922241210938,27.943099975585938,19.969999313354492,29520.0703125,,,1.2000000476837158
2021-02-15,,,,,,,,,28.014999389648438,,30084.150390625,,3147.0,
2021-02-16,,,,,,3932.590087890625,14047.5,140.31175231933594,27.993999481201172,21.459999084472656,30467.75,30746.66015625,3163.25,1.2990000247955322
2021-02-17,30.49867057800293,70.54058837890625,27.463390350341797,12.843437194824219,16362.2900390625,3931.330078125,13965.490234375,137.90707397460938,28.040000915527344,21.5,30292.189453125,31084.939453125,3133.72998046875,1.3009999990463257
2021-02-18,30.455272674560547,70.45327758789062,27.471254348754883,12.871772766113281,16424.509765625,3913.969970703125,13865.3603515625,136.48912048339844,27.918699264526367,22.489999771118164,30236.08984375,30595.26953125,3086.659912109375,1.2869999408721924
2021-02-19,30.12978172302246,69.79850769042969,27.274581909179688,12.779683113098145,16341.3798828125,3906.7099609375,13874.4599609375,139.77850341796875,27.86079978942871,22.049999237060547,30017.919921875,30644.73046875,3107.6201171875,1.3450000286102295
2021-02-22,30.118927001953125,69.7548599243164,27.195911407470703,12.808016777038574,16410.16015625,3876.5,13533.0498046875,134.71351623535156,27.907800674438477,23.450000762939453,30156.029296875,30319.830078125,3079.75,1.3700000047683716
2021-02-23,30.05382537841797,69.49295806884766,27.219514846801758,12.751344680786133,16443.400390625,3881.3701171875,13465.2001953125,133.701171875,27.80940055847168,23.110000610351562,,30632.640625,3070.090087890625,1.3619999885559082
2021-02-24,29.608991622924805,68.35802459716797,26.802566528320312,12.602578163146973,16212.5302734375,3925.429931640625,13597.9697265625,138.0380096435547,27.850200653076172,21.34000015258789,29671.69921875,29718.240234375,2994.97998046875,1.3890000581741333
2021-02-25,29.84768295288086,69.05644989013672,27.04644012451172,12.715924263000488,16452.1796875,3829.340087890625,13119.4296875,130.17552185058594,27.649999618530273,28.889999389648438,30168.26953125,30074.169921875,3099.68994140625,1.5180000066757202
2021-02-26,28.947154998779297,67.61593627929688,26.582294464111328,12.425477981567383,15953.7998046875,3811.14990234375,13192.349609375,133.1422576904297,27.764999389648438,27.950000762939453,28966.009765625,28980.2109375,3012.949951171875,1.4600000381469727
2021-03-01,,,,,,3901.820068359375,13588.830078125,137.386474609375,27.854999542236328,23.350000381469727,29663.5,29452.5703125,,1.4459999799728394
2021-03-02,28.9580020904541,67.00482177734375,26.550825119018555,12.290879249572754,15946.8798828125,3870.2900390625,13358.7900390625,133.266845703125,27.819000244140625,24.100000381469727,29408.169921875,29095.859375,3043.8701171875,1.4149999618530273
2021-03-03,29.381149291992188,68.09610748291016,26.63736915588379,12.453811645507812,16211.73046875,3819.719970703125,12997.75,129.18869018554688,27.739999771118164,26.670000076293945,29559.099609375,29880.419921875,3082.989990234375,1.4700000286102295
2021-03-04,28.806106567382812,66.69927978515625,26.181079864501953,12.184617042541504,15906.41015625,3768.469970703125,12723.4697265625,122.9708251953125,27.719999313354492,28.56999969482422,28930.109375,29236.7890625,3043.489990234375,1.5499999523162842
2021-03-05,28.63251495361328,66.08814239501953,25.992277145385742,12.106694221496582,15855.23046875,3841.93994140625,12920.150390625,126.65940856933594,27.812999725341797,24.65999984741211,28864.3203125,29098.2890625,3026.260009765625,1.5540000200271606
2021-03-08,28.610815048217773,66.04450988769531,26.008010864257812,12.042936325073242,15820.1103515625,3821.35009765625,12609.16015625,119.82516479492188,27.927499771118164,25.469999313354492,28743.25,28540.830078125,2996.110107421875,1.5959999561309814
2021-03-09,28.502315521240234,65.91354370117188,25.976543426513672,11.99334716796875,15853.08984375,3875.43994140625,13073.8203125,127.26930236816406,28.283000946044922,24.030000686645508,29027.939453125,28773.23046875,2976.1201171875,1.5460000038146973
2021-03-10,28.621662139892578,66.1318130493164,26.06307601928711,12.000432014465332,15911.669921875,3898.81005859375,13068.830078125,124.86780548095703,28.25200080871582,22.559999465942383,29036.560546875,28907.51953125,2958.1201171875,1.5199999809265137
2021-03-11,29.229248046875,67.48500061035156,26.511491775512695,12.269627571105957,16179.5595703125,3939.340087890625,13398.669921875,130.1243896484375,28.20199966430664,21.90999984741211,29211.640625,29385.609375,3013.699951171875,1.5269999504089355
2021-03-12,29.34859848022461,67.74689483642578,26.598026275634766,12.3192138671875,16255.1796875,3943.340087890625,13319.8603515625,128.7511749267578,28.000999450683594,20.690000534057617,29717.830078125,28739.720703125,3054.389892578125,1.6349999904632568
2021-03-15,29.27264404296875,67.65959167480469,26.590164184570312,12.305047988891602,16249.330078125,3968.93994140625,13459.7099609375,131.46566772460938,28.145700454711914,20.030000686645508,29766.970703125,28833.759765625,3045.7099609375,1.6069999933242798
2021-03-16,29.37030029296875,68.00879669189453,26.629493713378906,12.368802070617676,16313.16015625,3962.7099609375,13471.5703125,133.16464233398438,28.176700592041016,19.790000915527344,29921.08984375,29027.689453125,3067.169921875,1.621000051498413
2021-03-17,29.12074851989746,67.3976821899414,26.456424713134766,12.354636192321777,16215.8203125,3974.1201171875,13525.2001953125,134.84120178222656,28.236499786376953,19.229999542236328,29914.330078125,29034.119140625,3047.5,1.6410000324249268
2021-03-18,29.27264404296875,67.61593627929688,26.53508949279785,12.446727752685547,16287.83984375,3915.4599609375,13116.169921875,129.26211547851562,28.217599868774414,21.579999923706055,30216.75,29405.720703125,3066.010009765625,1.7300000190734863
2021-03-19,28.816957473754883,66.65562438964844,26.204681396484375,12.276710510253906,16070.240234375,3913.10009765625,13215.240234375,130.85894775390625,28.404699325561523,20.950000762939453,29792.05078125,28990.939453125,3039.530029296875,1.7319999933242798
2021-03-22,28.947154998779297,67.00482177734375,26.29121971130371,12.326298713684082,16189.2197265625,3940.590087890625,13377.5400390625,133.6277313232422,28.38610076904297,18.8799991607666,29174.150390625,28885.33984375,3035.4599609375,1.684000015258789
2021-03-23,28.990554809570312,66.961181640625,26.27548599243164,12.33338451385498,16177.58984375,3910.52001953125,13227.7001953125,130.11480712890625,28.3085994720459,20.299999237060547,28995.919921875,28497.380859375,3004.739990234375,1.6380000114440918
2021-03-24,28.534860610961914,66.00084686279297,25.968671798706055,12.234207153320312,16032.1201171875,3889.139892578125,12961.8896484375,128.3296356201172,28.402999877929688,21.200000762939453,28405.51953125,27918.140625,2996.35009765625,1.6139999628067017
2021-03-25,28.63251495361328,66.21910858154297,26.07094383239746,12.290879249572754,16060.1396484375,3909.52001953125,12977.6796875,128.46591186523438,28.48069953918457,19.809999465942383,28729.880859375,27899.609375,3008.330078125,1.6139999628067017
2021-03-26,29.153301239013672,67.3976821899414,26.472158432006836,12.439645767211914,16305.8798828125,3974.5400390625,13138.73046875,134.80743408203125,28.503299713134766,18.860000610351562,29176.69921875,28336.4296875,3041.010009765625,1.659999966621399
2021-03-29,29.391990661621094,67.83419799804688,26.63736915588379,12.53882122039795,16475.970703125,3971.090087890625,13059.650390625,132.74049377441406,28.585500717163086,20.739999771118164,29384.51953125,28338.30078125,3036.0400390625,1.7209999561309814
2021-03-30,29.489641189575195,68.05245208740234,26.692428588867188,12.659252166748047,16554.900390625,3958.550048828125,13045.3896484375,132.42381286621094,28.52750015258789,19.610000610351562,29432.69921875,28577.5,3070.0,1.7259999513626099
2021-03-31,29.240097045898438,67.52864074707031,26.574424743652344,12.53882122039795,16431.130859375,3972.889892578125,13246.8701171875,135.65853881835938,28.441099166870117,19.399999618530273,29178.80078125,28378.349609375,3061.419921875,1.746000051498413
2021-04-01,29.457090377807617,68.00879669189453,26.747501373291016,12.545904159545898,16571.279296875,4019.8701171875,13480.1103515625,140.64666748046875,28.374399185180664,17.329999923706055,29388.869140625,28938.740234375,3087.39990234375,1.6790000200271606
2021-04-02,,,,,,,,,28.461700439453125,,29854.0,,3112.800048828125,
2021-04-05,,,,,,4077.909912109375,13705.58984375,143.48468017578125,28.530500411987305,17.90999984741211,30089.25,,3120.830078125,1.7200000286102295
2021-04-06,,,,,,4073.93994140625,13698.3798828125,141.88168334960938,28.387100219726562,18.1200008392334,29696.630859375,,3127.080078125,1.656000018119812
2021-04-07,29.901931762695312,69.05644989013672,27.172313690185547,12.744258880615234,16815.359375,4079.949951171875,13688.83984375,141.7888641357422,28.431800842285156,17.15999984741211,29730.7890625,28674.80078125,3137.409912109375,1.652999997138977
2021-04-08,29.99957847595215,69.31834411621094,27.28244972229004,12.857605934143066,16926.439453125,4097.169921875,13829.3095703125,143.4047088623047,28.350400924682617,16.950000762939453,29708.98046875,29008.0703125,3143.260009765625,1.6319999694824219
2021-04-09,29.934478759765625,69.10009002685547,27.25885009765625,12.758427619934082,16854.099609375,4128.7998046875,13900.1904296875,142.95675659179688,28.37070083618164,16.690000534057617,29768.060546875,28698.80078125,3131.8798828125,1.6660000085830688
2021-04-12,29.76088523864746,68.79454040527344,27.235240936279297,12.637996673583984,16859.69921875,4127.990234375,13850.0,141.42095947265625,28.5,16.90999984741211,29538.73046875,28453.279296875,3135.590087890625,1.6749999523162842
2021-04-13,29.76088523864746,68.79454040527344,27.21164321899414,12.581326484680176,16824.91015625,4141.58984375,13996.099609375,141.19700622558594,28.393600463867188,16.649999618530273,29751.609375,28497.25,3169.080078125,1.6230000257492065
2021-04-14,29.92363166809082,69.14375305175781,27.361116409301758,12.595494270324707,16865.970703125,4124.66015625,13857.83984375,139.64520263671875,28.413700103759766,16.989999771118164,29620.990234375,28900.830078125,3182.3798828125,1.6380000114440918
2021-04-15,30.173179626464844,69.84217071533203,27.61285972595215,12.680501937866211,17076.73046875,4170.419921875,14038.759765625,141.98406982421875,28.33370018005371,16.56999969482422,29642.689453125,28793.140625,3194.330078125,1.5299999713897705
2021-04-16,30.216569900512695,69.84217071533203,27.683658599853516,12.72300910949707,17158.810546875,4185.47021484375,14052.33984375,141.31857299804688,28.24530029296875,16.25,29683.369140625,28969.7109375,3198.6201171875,1.5729999542236328
2021-04-19,30.27082633972168,69.84217071533203,27.801664352416992,12.673418045043945,17263.279296875,4163.259765625,13914.76953125,137.60389709472656,28.2549991607666,17.290000915527344,29685.369140625,29106.150390625,3198.840087890625,1.6009999513626099
2021-04-20,30.216569900512695,69.97311401367188,27.833133697509766,12.72300910949707,17323.869140625,4134.93994140625,13786.26953125,135.64254760742188,28.12700080871582,18.68000030517578,29100.380859375,29135.73046875,3220.699951171875,1.562000036239624
2021-04-21,29.945335388183594,69.23104858398438,27.589262008666992,12.630915641784668,17202.109375,4173.419921875,13950.2197265625,139.20046997070312,28.025999069213867,17.5,28508.55078125,28621.919921875,3171.659912109375,1.5640000104904175
2021-04-22,29.92363166809082,69.01278686523438,27.502721786499023,12.581326484680176,17096.970703125,4134.97998046875,13818.41015625,136.17047119140625,27.979999542236328,18.709999084472656,29188.169921875,28755.33984375,3177.52001953125,1.5540000200271606
2021-04-23,30.19487190246582,69.66756439208984,27.75446128845215,12.779683113098145,17300.26953125,4180.169921875,14016.8095703125,138.6533660888672,28.086299896240234,17.329999923706055,29020.630859375,29078.75,3181.080078125,1.5670000314712524
2021-04-26,30.639719009399414,70.7151870727539,28.1320743560791,12.992202758789062,17572.2890625,4187.6201171875,14138.7802734375,141.1938018798828,28.031999588012695,17.639999389648438,29126.23046875,28952.830078125,3217.530029296875,1.5700000524520874
2021-04-27,30.65056610107422,70.62789154052734,28.1320743560791,13.013457298278809,17595.900390625,4186.72021484375,14090.2197265625,140.13473510742188,27.808000564575195,17.559999465942383,28991.890625,28941.5390625,3215.419921875,1.621999979019165
2021-04-28,30.466123580932617,70.32232666015625,28.08487319946289,12.999286651611328,17567.529296875,4183.18017578125,14051.0302734375,138.0070343017578,27.897199630737305,17.280000686645508,29053.970703125,29071.33984375,3181.469970703125,1.6200000047683716
2021-04-29,30.509517669677734,70.49693298339844,28.108476638793945,13.176387786865234,17566.66015625,4211.47021484375,14082.5498046875,138.90292358398438,27.783000946044922,17.610000610351562,,29303.259765625,3174.070068359375,1.6399999856948853
2021-04-30,,,,,,4181.169921875,13962.6796875,135.03143310546875,27.766000747680664,18.610000610351562,28812.630859375,28724.880859375,3147.860107421875,1.63100004196167
2021-05-03,29.99957847595215,69.27469635009766,27.699392318725586,12.751344680786133,17222.349609375,4192.66015625,13895.1201171875,133.6267852783203,27.846500396728516,18.309999465942383,,28357.5390625,3127.199951171875,1.6069999933242798
2021-05-04,29.73918342590332,68.79454040527344,27.3925838470459,12.581326484680176,16933.779296875,4164.66015625,13633.5,131.37428283691406,27.923999786376953,19.479999542236328,,28557.140625,3147.3701171875,1.5920000076293945
2021-05-05,29.457090377807617,68.1397705078125,27.313913345336914,12.382970809936523,16843.439453125,4167.58984375,13582.419921875,132.1966094970703,27.893199920654297,19.149999618530273,,28417.98046875,,1.5839999914169312
2021-05-06,29.717483520507812,68.79454040527344,27.54205322265625,12.503400802612305,16994.359375,4201.6201171875,13632.83984375,133.28121948242188,27.885000228881836,18.389999389648438,29331.369140625,28637.4609375,3160.429931640625,1.5609999895095825
2021-05-07,30.249122619628906,69.92947387695312,28.006200790405273,12.779683113098145,17285.0,4232.60009765625,13752.240234375,135.1113739013672,27.947999954223633,16.690000534057617,29357.8203125,28610.650390625,3197.199951171875,1.5770000219345093
2021-05-10,30.042978286743164,69.36199188232422,27.911806106567383,12.53882122039795,17235.609375,4188.43017578125,13401.8603515625,129.10263061523438,27.75279998779297,19.65999984741211,29518.33984375,28595.66015625,3249.300048828125,1.6019999980926514
2021-05-11,28.91460418701172,67.31037902832031,27.10150909423828,12.198784828186035,16583.130859375,4152.10009765625,13389.4296875,129.27537536621094,27.731300354003906,21.84000015258789,28608.58984375,28013.810546875,3209.429931640625,1.6239999532699585
2021-05-12,28.07917022705078,66.17545318603516,26.118148803710938,11.66748046875,15902.3701171875,4063.0400390625,13031.6796875,124.00890350341797,27.91699981689453,27.59000015258789,28147.509765625,28231.0390625,3161.659912109375,1.6950000524520874
2021-05-13,27.666881561279297,63.81827926635742,25.764137268066406,11.490377426147461,15670.099609375,4112.5,13124.990234375,125.5895004272461,28.02400016784668,23.1299991607666,27448.009765625,27718.669921875,3122.110107421875,1.6679999828338623
2021-05-14,27.981523513793945,64.6913070678711,26.055208206176758,11.603721618652344,15827.08984375,4173.85009765625,13429.98046875,129.47698974609375,27.937000274658203,18.809999465942383,28084.470703125,28027.5703125,3153.320068359375,1.6349999904632568
2021-05-17,27.44988441467285,63.33811569213867,25.85853385925293,11.412453651428223,15353.8896484375,4163.2900390625,13379.0498046875,128.34751892089844,27.95989990234375,19.719999313354492,27824.830078125,28194.08984375,3134.52001953125,1.6399999856948853
2021-05-18,28.70846176147461,66.306396484375,26.629493713378906,11.972094535827637,16145.98046875,4127.830078125,13303.6396484375,127.3140640258789,28.05419921875,21.34000015258789,28406.83984375,28593.810546875,3173.050048828125,1.6419999599456787
2021-05-19,28.513166427612305,65.82624053955078,26.49575424194336,11.851666450500488,16132.66015625,4115.68017578125,13299.740234375,129.7969207763672,27.965499877929688,22.18000030517578,28044.44921875,,,1.6829999685287476
2021-05-20,28.3178653717041,65.65162658691406,26.322683334350586,11.724151611328125,16042.3603515625,4159.1201171875,13535.740234375,133.2108612060547,27.890899658203125,20.670000076293945,28098.25,28450.2890625,3162.280029296875,1.6339999437332153
2021-05-21,28.71931266784668,66.39370727539062,26.66883087158203,11.936674118041992,16302.0595703125,4155.85986328125,13470.990234375,132.4749755859375,27.95050048828125,20.149999618530273,28317.830078125,28458.439453125,3156.419921875,1.6319999694824219
2021-05-24,28.67591094970703,66.39370727539062,26.66096305847168,11.9862642288208,16338.2900390625,4197.0498046875,13661.169921875,135.82174682617188,27.948999404907227,18.399999618530273,28364.609375,28412.259765625,3144.300048828125,1.6080000400543213
2021-05-25,29.164146423339844,67.65959167480469,27.062175750732422,12.241291999816895,16595.669921875,4188.1298828125,13657.169921875,136.224853515625,28.012399673461914,18.84000015258789,28553.98046875,28910.859375,3171.320068359375,1.5640000104904175
2021-05-26,29.185848236083984,67.70325469970703,27.10150909423828,12.19170093536377,16643.689453125,4195.990234375,13738.0,136.5896453857422,27.820499420166016,17.360000610351562,28642.189453125,29166.009765625,3168.429931640625,1.5740000009536743
2021-05-27,28.979703903198242,67.22308349609375,26.912704467773438,12.135027885437012,16601.609375,4200.8798828125,13736.2802734375,137.16552734375,27.667999267578125,16.739999771118164,28549.009765625,29113.19921875,3165.510009765625,1.6100000143051147
2021-05-28,29.467945098876953,68.1397705078125,27.37685203552246,12.283796310424805,16870.859375,4204.10986328125,13748.740234375,138.43896484375,27.78700065612793,16.760000228881836,29149.41015625,29124.41015625,3188.72998046875,1.5809999704360962
2021-05-31,29.750032424926758,68.8818359375,27.61285972595215,12.482148170471191,17068.4296875,,,,27.6200008392334,,28860.080078125,29151.80078125,3203.919921875,
2021-06-01,29.880233764648438,69.05644989013672,27.6915283203125,12.482148170471191,17162.380859375,4202.0400390625,13736.48046875,138.0518035888672,27.516700744628906,17.899999618530273,28814.33984375,29468.0,3221.8701171875,1.6150000095367432
2021-06-02,29.880233764648438,68.83819580078125,27.6915283203125,12.361721992492676,17165.0390625,4208.1201171875,13756.330078125,138.89329528808594,27.58180046081543,17.479999542236328,28946.140625,29297.619140625,3224.22998046875,1.590999960899353
2021-06-03,29.858535766601562,69.05644989013672,27.840999603271484,12.432559967041016,17246.16015625,4192.85009765625,13614.509765625,136.50640869140625,27.54400062561035,18.040000915527344,29058.109375,28966.029296875,3247.429931640625,1.625
2021-06-04,29.717483520507812,68.61991882324219,27.6915283203125,12.361721992492676,17147.41015625,4229.89013671875,13814.490234375,139.82119750976562,27.62380027770996,16.420000076293945,28941.51953125,28918.099609375,3240.080078125,1.559999942779541
2021-06-07,29.793432235717773,68.75089263916016,27.683658599853516,12.368802070617676,17083.91015625,4226.52001953125,13881.7197265625,138.73336791992188,27.535999298095703,16.420000076293945,29019.240234375,28787.279296875,3252.1201171875,1.569000005722046
2021-06-08,29.61983871459961,68.40167236328125,27.58139419555664,12.33338451385498,17076.2109375,4227.259765625,13924.91015625,137.93983459472656,27.622800827026367,17.06999969482422,28963.560546875,28781.380859375,3247.830078125,1.527999997138977
2021-06-09,29.40284538269043,67.87785339355469,27.37685203552246,12.283796310424805,16966.220703125,4219.5498046875,13911.75,137.26148986816406,27.58690071105957,17.889999389648438,28860.80078125,28742.630859375,3216.179931640625,1.4889999628067017
2021-06-10,29.858535766601562,69.05644989013672,27.762332916259766,12.48923397064209,17159.220703125,4239.18017578125,14020.330078125,138.83822631835938,27.779499053955078,16.100000381469727,28958.560546875,28738.880859375,3224.639892578125,1.4589999914169312
2021-06-11,29.967029571533203,69.31834411621094,27.80953598022461,12.503400802612305,17213.51953125,4247.43994140625,14069.419921875,139.53977966308594,27.5575008392334,15.649999618530273,28948.73046875,28842.130859375,3249.320068359375,1.4620000123977661
2021-06-14,,,,,,4255.14990234375,14174.1396484375,141.5226593017578,27.641000747680664,16.389999389648438,29161.80078125,,3252.1298828125,1.5010000467300415
2021-06-15,30.12978172302246,69.66756439208984,28.037668228149414,12.623831748962402,17371.2890625,4246.58984375,14072.8603515625,140.36306762695312,27.63680076599121,17.020000457763672,29441.30078125,28638.529296875,3258.6298828125,1.4989999532699585
2021-06-16,30.09722900390625,69.58025360107422,28.061269760131836,12.567158699035645,17307.859375,4223.7001953125,14039.6796875,139.04327392578125,27.561199188232422,18.149999618530273,29291.009765625,28436.83984375,3278.679931640625,1.569000005722046
2021-06-17,30.010433197021484,69.49295806884766,28.006200790405273,12.602578163146973,17390.609375,4221.85986328125,14161.349609375,140.54241943359375,27.67799949645996,17.75,29018.330078125,28558.58984375,3264.9599609375,1.5110000371932983
2021-06-18,29.945335388183594,69.14375305175781,27.88820457458496,12.560073852539062,17318.5390625,4166.4501953125,14030.3798828125,137.17884826660156,27.684999465942383,20.700000762939453,28964.080078125,28801.26953125,3267.929931640625,1.4500000476837158
2021-06-21,29.229248046875,67.65959167480469,27.37685203552246,12.290879249572754,17062.98046875,4224.7900390625,14141.48046875,137.68502807617188,27.7810001373291,17.889999389648438,28010.9296875,28489.0,3240.7900390625,1.4839999675750732
2021-06-22,29.261796951293945,67.52864074707031,27.313913345336914,12.2129545211792,17075.55078125,4246.43994140625,14253.26953125,138.33526611328125,27.947500228881836,16.65999984741211,28884.130859375,28309.759765625,3263.8798828125,1.472000002861023
2021-06-23,29.73918342590332,68.79454040527344,27.80953598022461,12.475066184997559,17336.7109375,4241.83984375,14271.73046875,138.9119110107422,27.950300216674805,16.31999969482422,28874.890625,28817.0703125,3276.18994140625,1.4869999885559082
2021-06-24,29.663240432739258,68.66358184814453,27.770198822021484,12.467981338500977,17407.9609375,4266.490234375,14369.7099609375,141.27281188964844,28.034700393676758,15.970000267028809,28875.23046875,28882.4609375,3286.10009765625,1.4869999885559082
2021-06-25,29.717483520507812,68.8818359375,27.81739616394043,12.475066184997559,17502.990234375,4280.7001953125,14360.3896484375,140.88841247558594,27.906099319458008,15.619999885559082,29066.1796875,29288.220703125,3302.840087890625,1.5360000133514404
2021-06-28,29.77173614501953,69.14375305175781,27.951135635375977,12.467981338500977,17590.970703125,4290.60986328125,14500.509765625,144.25193786621094,27.865800857543945,15.760000228881836,29048.01953125,29268.30078125,3301.889892578125,1.4780000448226929
2021-06-29,29.858535766601562,69.23104858398438,28.006200790405273,12.53882122039795,17598.189453125,4291.7998046875,14528.330078125,145.3827667236328,27.81599998474121,16.020000457763672,28812.609375,28994.099609375,3286.679931640625,1.4800000190734863
2021-06-30,30.151473999023438,69.7548599243164,28.163537979125977,12.602578163146973,17755.4609375,4297.5,14503.9501953125,145.5044708251953,27.875900268554688,15.829999923706055,28791.529296875,28827.94921875,3296.679931640625,1.4429999589920044
2021-07-01,30.010433197021484,69.49295806884766,28.061269760131836,12.510485649108887,17713.939453125,4319.93994140625,14522.3798828125,143.4190673828125,27.81800079345703,15.479999542236328,28707.0390625,,3282.06005859375,1.4800000190734863
2021-07-02,30.010433197021484,69.40565490722656,28.04553985595703,12.53882122039795,17710.150390625,4352.33984375,14639.330078125,144.29356384277344,27.878999710083008,15.069999694824219,28783.279296875,28310.419921875,3281.780029296875,1.430999994277954
2021-07-05,30.292526245117188,70.10407257080078,28.360214233398438,12.737174034118652,17919.330078125,,,,27.937999725341797,,28598.189453125,28143.5,3293.2099609375,
2021-07-06,30.3250732421875,70.19136810302734,28.38381576538086,12.694672584533691,17913.0703125,4343.5400390625,14663.6396484375,144.04696655273438,27.968799591064453,16.440000534057617,28643.2109375,28072.859375,3305.2099609375,1.3700000047683716
2021-07-07,30.16232681274414,69.84217071533203,28.273681640625,12.701757431030273,17850.689453125,4358.1298828125,14665.0595703125,141.86541748046875,27.896900177001953,16.200000762939453,28366.94921875,27960.619140625,3285.340087890625,1.3209999799728394
2021-07-08,30.12978172302246,69.71121215820312,28.22647476196289,12.730090141296387,17866.08984375,4320.81982421875,14559.7802734375,140.042724609375,27.88159942626953,19.0,28118.029296875,27153.130859375,3252.679931640625,1.2879999876022339
2021-07-09,29.89107894897461,68.92549133300781,28.014070510864258,12.602578163146973,17661.48046875,4369.5498046875,14701.919921875,142.3267364501953,27.959999084472656,16.18000030517578,27940.419921875,27344.5390625,3217.949951171875,1.3559999465942383
2021-07-12,30.16232681274414,69.71121215820312,28.242216110229492,12.76551342010498,17814.330078125,4384.6298828125,14733.240234375,144.15267944335938,27.951000213623047,16.170000076293945,28569.01953125,27515.240234375,3246.469970703125,1.3630000352859497
2021-07-13,30.4118709564209,70.14773559570312,28.407421112060547,12.857605934143066,17847.51953125,4369.2099609375,14677.650390625,143.57603454589844,27.959199905395508,17.1200008392334,28718.240234375,27963.41015625,3271.3798828125,1.4149999618530273
2021-07-14,30.487823486328125,70.40962982177734,28.47821617126465,12.90010929107666,17845.75,4374.2998046875,14644.9501953125,142.9129638671875,28.01919937133789,16.329999923706055,28608.490234375,27787.4609375,3264.81005859375,1.3559999465942383
2021-07-15,30.769914627075195,70.9334487915039,28.682754516601562,12.999286651611328,18034.189453125,4360.02978515625,14543.1298828125,139.74160766601562,27.96660041809082,17.010000228881836,28279.08984375,27996.26953125,3286.219970703125,1.2970000505447388
2021-07-16,30.357622146606445,70.24458312988281,28.45511817932129,12.90010929107666,17895.25,4327.16015625,14427.240234375,136.70477294921875,27.87969970703125,18.450000762939453,28003.080078125,28004.6796875,3276.909912109375,1.2999999523162842
2021-07-19,30.010433197021484,69.67491912841797,28.178470611572266,12.744258880615234,17789.25,4258.490234375,14274.98046875,136.5670166015625,27.972000122070312,22.5,27652.740234375,27489.779296875,3244.0400390625,1.180999994277954
2021-07-20,29.77173614501953,69.01760864257812,27.846492767333984,12.637996673583984,17528.740234375,4323.06005859375,14498.8798828125,138.42820739746094,28.077299118041992,19.729999542236328,27388.16015625,27259.25,3232.699951171875,1.2089999914169312
2021-07-21,29.739105224609375,68.92996215820312,27.712125778198242,12.595494270324707,17458.7890625,4358.68994140625,14631.9501953125,142.67909240722656,27.999099731445312,17.90999984741211,27548.0,27224.580078125,3215.909912109375,1.2799999713897705
2021-07-22,29.945770263671875,69.36817932128906,27.957151412963867,12.737174034118652,17572.330078125,4367.47998046875,14684.599609375,141.8366241455078,27.961599349975586,17.690000534057617,,27723.83984375,3250.2099609375,1.2649999856948853
2021-07-23,29.945770263671875,69.28053283691406,27.94924545288086,12.701757431030273,17572.919921875,4411.7900390625,14836.990234375,142.5605926513672,27.99570083618164,17.200000762939453,,27321.98046875,3254.419921875,1.2860000133514404
2021-07-26,29.684715270996094,68.79850006103516,27.712125778198242,12.637996673583984,17403.560546875,4422.2998046875,14840.7099609375,142.60540771484375,28.018299102783203,17.579999923706055,27833.2890625,26192.3203125,3224.949951171875,1.2760000228881836
2021-07-27,29.673837661743164,68.66705322265625,27.648887634277344,12.694672584533691,17269.869140625,4401.4599609375,14660.580078125,139.98828125,28.047199249267578,19.360000610351562,27970.220703125,25086.4296875,3232.530029296875,1.2339999675750732
2021-07-28,29.206100463867188,68.88614654541016,27.388050079345703,12.48923397064209,17135.220703125,4400.64013671875,14762.580078125,142.27545166015625,28.02389907836914,18.309999465942383,27581.66015625,25473.880859375,3236.860107421875,1.2610000371932983
2021-07-29,29.69559097290039,68.97379302978516,27.783266067504883,12.694672584533691,17402.810546875,4419.14990234375,14778.259765625,145.177734375,27.89900016784668,17.700000762939453,27782.419921875,26315.3203125,3242.64990234375,1.2690000534057617
2021-07-30,29.59769630432129,68.62321472167969,27.6093692779541,12.630915641784668,17247.41015625,4395.259765625,14672.6796875,146.36619567871094,27.844999313354492,18.239999771118164,27283.58984375,25961.029296875,3202.320068359375,1.2389999628067017
2021-08-02,30.00016212463379,69.67491912841797,28.044103622436523,12.77259635925293,17503.279296875,4387.16015625,14681.0703125,147.29196166992188,27.924100875854492,19.459999084472656,27781.01953125,26235.80078125,3223.0400390625,1.1740000247955322
2021-08-03,30.119813919067383,69.76256561279297,28.138944625854492,12.829269409179688,17553.759765625,4423.14990234375,14761.2900390625,148.41317749023438,27.920900344848633,18.040000915527344,27641.830078125,26194.8203125,3237.139892578125,1.1759999990463257
2021-08-04,30.29384994506836,70.11312103271484,28.312841415405273,12.935530662536621,17623.890625,4402.66015625,14780.5302734375,149.9251708984375,27.850299835205078,17.969999313354492,27584.080078125,26426.55078125,3280.3798828125,1.184000015258789
2021-08-05,30.239469528198242,70.06929779052734,28.312841415405273,13.04887580871582,17603.119140625,4429.10009765625,14895.1201171875,149.95077514648438,27.71470069885254,17.280000686645508,27728.119140625,26204.689453125,3276.1298828125,1.2170000076293945
2021-08-06,30.19595718383789,69.9378433227539,28.233800888061523,12.978034973144531,17526.279296875,4436.52001953125,14835.759765625,149.20443725585938,27.72640037536621,16.149999618530273,27820.0390625,26179.400390625,3270.360107421875,1.2899999618530273
2021-08-09,30.10893440246582,69.8063735961914,28.146852493286133,12.885942459106445,17485.150390625,4432.35009765625,14860.1796875,148.69825744628906,27.82229995727539,16.719999313354492,,26283.400390625,3260.419921875,1.3170000314712524
2021-08-10,29.945770263671875,69.3243637084961,27.980865478515625,12.808016777038574,17323.640625,4436.75,14788.08984375,146.97161865234375,27.785600662231445,16.790000915527344,27888.150390625,26605.619140625,3243.18994140625,1.3420000076293945
2021-08-11,29.847877502441406,69.23670196533203,27.87020492553711,12.730090141296387,17227.1796875,4442.41015625,14765.1396484375,146.46876525878906,27.826200485229492,16.170000076293945,28070.509765625,26660.16015625,3220.6201171875,1.3289999961853027
2021-08-12,29.793487548828125,69.01760864257812,27.79116439819336,12.730090141296387,17219.939453125,4460.830078125,14816.259765625,144.89584350585938,27.791500091552734,15.59000015258789,28015.01953125,26517.8203125,3208.3798828125,1.3669999837875366
2021-08-13,29.51067352294922,68.44794464111328,27.53822898864746,12.588412284851074,16982.109375,4468.0,14822.900390625,145.80563354492188,27.796499252319336,15.449999809265137,27977.150390625,26391.619140625,3171.2900390625,1.2970000505447388
2021-08-16,29.445415496826172,68.18501281738281,27.51451301574707,12.453811645507812,16858.76953125,4479.7099609375,14793.759765625,145.2642364501953,27.808000564575195,16.1200008392334,27523.189453125,26181.4609375,,1.2569999694824219
2021-08-17,29.227863311767578,67.6591567993164,27.222061157226562,12.388036727905273,16661.359375,4448.080078125,14656.1796875,142.45162963867188,27.78969955444336,17.90999984741211,27424.470703125,25745.869140625,3143.090087890625,1.2580000162124634
2021-08-18,29.347511291503906,68.09736633300781,27.372241973876953,12.439196586608887,16826.26953125,4400.27001953125,14525.91015625,140.56805419921875,27.89940071105957,21.56999969482422,27585.91015625,25867.009765625,3158.929931640625,1.2730000019073486
2021-08-19,28.673107147216797,66.56364440917969,26.779428482055664,12.154159545898438,16375.400390625,4405.7998046875,14541.7900390625,141.72129821777344,27.842199325561523,21.670000076293945,27281.169921875,25316.330078125,3097.830078125,1.2419999837875366
2021-08-20,28.444677352905273,65.90631866455078,26.6213436126709,12.110308647155762,16341.9404296875,4441.669921875,14714.66015625,142.78482055664062,28.01799964904785,18.559999465942383,27013.25,24849.720703125,3060.510009765625,1.2599999904632568
2021-08-23,29.227863311767578,67.52770233154297,27.253681182861328,12.446504592895508,16741.83984375,4479.52978515625,14942.650390625,146.80503845214844,27.97100067138672,17.149999618530273,27494.240234375,25109.58984375,3090.2099609375,1.2549999952316284
2021-08-24,29.314878463745117,67.83444213867188,27.38014793395996,12.468430519104004,16818.73046875,4486.22998046875,15019.7998046875,146.80503845214844,27.901199340820312,17.219999313354492,27732.099609375,25727.919921875,3138.300048828125,1.2899999618530273
2021-08-25,29.59769630432129,68.66705322265625,27.735837936401367,12.570749282836914,17045.859375,4496.18994140625,15041.8603515625,147.923095703125,27.89310073852539,16.790000915527344,27724.80078125,25693.94921875,3146.81005859375,1.3420000076293945
2021-08-26,29.804370880126953,69.01760864257812,27.85439682006836,12.585366249084473,17066.9609375,4470.0,14945.8095703125,148.06077575683594,27.884899139404297,18.84000015258789,27742.2890625,25415.689453125,3128.530029296875,1.3420000076293945
2021-08-27,30.054550170898438,69.67491912841797,28.115234375,12.658452987670898,17209.9296875,4509.3701171875,15129.5,150.88621520996094,27.91659927368164,16.389999389648438,27641.140625,25407.890625,3133.89990234375,1.312000036239624
2021-08-30,30.34824562072754,70.24458312988281,28.40769386291504,12.768081665039062,17396.51953125,4528.7900390625,15265.8896484375,151.18731689453125,27.87299919128418,16.190000534057617,27789.2890625,25539.5390625,3144.18994140625,1.284999966621399
2021-08-31,30.533164978027344,70.81426239013672,28.581579208374023,12.826549530029297,17490.2890625,4522.68017578125,15259.240234375,149.97964477539062,27.72920036315918,16.479999542236328,28089.5390625,25878.990234375,3199.27001953125,1.3040000200271606
2021-09-01,30.674570083618164,70.90190124511719,28.534156799316406,12.98003101348877,17473.990234375,4524.08984375,15309.3798828125,149.16273498535156,27.568700790405273,16.110000610351562,28451.01953125,26028.2890625,3207.02001953125,1.3020000457763672
2021-09-02,30.435260772705078,70.28839874267578,28.27332305908203,12.914253234863281,17319.759765625,4536.9501953125,15331.1796875,149.72015380859375,27.671600341796875,16.40999984741211,28543.509765625,26090.4296875,3175.85009765625,1.2940000295639038
2021-09-03,30.8703670501709,71.1648178100586,28.67643165588379,13.089659690856934,17516.919921875,4535.43017578125,15363.51953125,150.84140014648438,27.62660026550293,16.40999984741211,29128.109375,25901.990234375,3201.06005859375,1.3220000267028809
2021-09-06,31.011768341064453,71.515380859375,28.715959548950195,13.075039863586426,17495.30078125,,,,27.60700035095215,,29659.890625,26163.630859375,3203.330078125,
2021-09-07,30.8703670501709,71.20863342285156,28.613197326660156,12.972721099853516,17428.869140625,4520.02978515625,15374.330078125,150.28712463378906,27.533100128173828,18.139999389648438,29916.140625,26353.630859375,3187.419921875,1.3700000047683716
2021-09-08,30.598421096801758,70.68280029296875,28.38398551940918,12.811933517456055,17270.490234375,4514.06982421875,15286.6396484375,148.36190795898438,27.59119987487793,17.959999084472656,30181.2109375,26320.9296875,3162.989990234375,1.3339999914169312
2021-09-09,30.52228546142578,70.63897705078125,28.36026382446289,12.819242477416992,17304.330078125,4493.27978515625,15248.25,148.88409423828125,27.670700073242188,18.799999237060547,30008.189453125,25716.0,3114.699951171875,1.2990000247955322
2021-09-10,30.881237030029297,71.34010314941406,28.644819259643555,12.958104133605957,17474.5703125,4458.580078125,15115.490234375,150.06613159179688,27.629600524902344,20.950000762939453,30381.83984375,26205.91015625,3125.760009765625,1.340999960899353
2021-09-13,30.7724609375,71.03335571289062,28.565776824951172,12.885019302368164,17446.310546875,4468.72998046875,15105.580078125,151.5044403076172,27.65049934387207,19.3700008392334,30447.369140625,25813.810546875,3127.860107421875,1.3240000009536743
2021-09-14,30.805099487304688,71.1648178100586,28.58949089050293,12.936180114746094,17434.900390625,4443.0498046875,15037.759765625,151.51084899902344,27.639400482177734,19.459999084472656,30670.099609375,25502.23046875,3148.830078125,1.2769999504089355
2021-09-15,30.620180130004883,70.63897705078125,28.45511817932129,12.855785369873047,17354.0,4480.7001953125,15161.5302734375,152.38217163085938,27.63559913635254,18.18000030517578,30511.7109375,25033.2109375,3153.39990234375,1.3040000200271606
2021-09-16,30.478771209716797,70.55132293701172,28.423500061035156,12.8046236038208,17278.69921875,4473.75,15181.919921875,152.67369079589844,27.612699508666992,18.690000534057617,30323.33984375,24667.849609375,3130.090087890625,1.3309999704360962
2021-09-17,30.5657958984375,70.59515380859375,28.45511817932129,12.892328262329102,17276.7890625,4432.990234375,15043.9697265625,150.23910522460938,27.69300079345703,20.809999465942383,30500.05078125,24920.759765625,3140.510009765625,1.3700000047683716
2021-09-20,,,,,,4357.72998046875,14713.900390625,146.51998901367188,27.781999588012695,25.709999084472656,,24099.140625,,1.309000015258789
2021-09-21,,,,,,4354.18994140625,14746.400390625,146.95240783691406,27.766000747680664,24.360000610351562,29839.7109375,24221.5390625,,1.3240000009536743
2021-09-22,29.847877502441406,69.06143188476562,27.87020492553711,12.658452987670898,16925.8203125,4395.64013671875,14896.849609375,150.00205993652344,27.718599319458008,20.8700008392334,29639.400390625,,,1.3359999656677246
2021-09-23,30.021921157836914,69.5872802734375,28.13104820251465,12.746156692504883,17078.220703125,4448.97998046875,15052.240234375,152.00094604492188,27.703899383544922,18.6299991607666,,24510.98046875,3127.580078125,1.409999966621399
2021-09-24,30.380876541137695,70.28839874267578,28.35236167907715,12.826549530029297,17260.189453125,4455.47998046875,15047.7001953125,151.8265838623047,27.684999465942383,17.75,30248.810546875,24192.16015625,3125.239990234375,1.4600000381469727
2021-09-27,30.457019805908203,70.46368408203125,28.447214126586914,12.863093376159668,17313.76953125,4443.10986328125,14969.9697265625,151.457275390625,27.726999282836914,18.760000228881836,30240.060546875,24208.779296875,3133.639892578125,1.4839999675750732
2021-09-28,30.239469528198242,70.02548217773438,28.249608993530273,12.782697677612305,17181.439453125,4352.6298828125,14546.6796875,145.5325927734375,27.654199600219727,23.25,30183.9609375,24500.390625,3097.919921875,1.534000039100647
2021-09-29,29.586820602416992,68.88614654541016,27.767452239990234,12.534207344055176,16855.4609375,4359.4599609375,14512.4404296875,143.236572265625,27.738100051879883,22.559999465942383,29544.2890625,24663.5,3060.27001953125,1.5410000085830688
2021-09-30,29.815244674682617,68.84231567382812,27.806970596313477,12.5195894241333,16934.76953125,4307.5400390625,14448.580078125,143.17880249023438,27.812400817871094,23.139999389648438,29452.66015625,24575.640625,3068.820068359375,1.5290000438690186
2021-10-01,29.140838623046875,67.87826538085938,27.30900764465332,12.285715103149414,16570.890625,4357.0400390625,14566.7001953125,143.27191162109375,27.836599349975586,21.100000381469727,28771.0703125,,3019.179931640625,1.4789999723434448
2021-10-04,28.966796875,67.22095489501953,27.182537078857422,12.183395385742188,16408.349609375,4300.4599609375,14255.48046875,139.5822296142578,27.753999710083008,22.959999084472656,28444.890625,24036.369140625,,1.4809999465942383
2021-10-05,28.923294067382812,66.95805358886719,27.07978630065918,12.161469459533691,16460.75,4345.72021484375,14433.830078125,141.69520568847656,27.882299423217773,21.299999237060547,27822.119140625,24104.150390625,2962.169921875,1.5290000438690186
2021-10-06,28.934167861938477,66.91421508789062,27.087696075439453,12.161469459533691,16393.16015625,4363.5498046875,14501.91015625,142.24752807617188,27.871000289916992,21.0,27528.869140625,23966.490234375,2908.31005859375,1.5240000486373901
2021-10-07,29.445415496826172,68.14118957519531,27.554039001464844,12.453811645507812,16713.859375,4399.759765625,14654.01953125,143.91098022460938,27.951000213623047,19.540000915527344,27678.2109375,24701.73046875,2959.4599609375,1.5709999799728394
2021-10-08,29.195226669311523,67.7029800415039,27.41176414489746,12.402653694152832,16640.4296875,4391.33984375,14579.5400390625,142.43701171875,27.9685001373291,18.770000457763672,28048.939453125,24837.849609375,2956.300048828125,1.6050000190734863
2021-10-11,,,,,,4361.18994140625,14486.2001953125,141.4832763671875,28.049999237060547,20.0,28498.19921875,25325.08984375,,1.6139999628067017
2021-10-12,28.90153694152832,67.0456771850586,27.127212524414062,12.21993637084961,16462.83984375,4350.64990234375,14465.919921875,139.71710205078125,28.042999267578125,19.850000381469727,28230.609375,24962.58984375,2916.3798828125,1.5800000429153442
2021-10-13,28.80363655090332,66.73894500732422,27.000743865966797,12.081074714660645,16347.990234375,4363.7998046875,14571.6396484375,140.52310180664062,28.128700256347656,18.639999389648438,28140.279296875,,2944.409912109375,1.5490000247955322
2021-10-14,28.879779815673828,66.87039947509766,27.040266036987305,12.103002548217773,16387.279296875,4438.259765625,14823.4296875,144.8839111328125,27.999500274658203,16.860000610351562,28550.9296875,,2988.639892578125,1.5190000534057617
2021-10-15,29.641202926635742,68.66705322265625,27.735837936401367,12.424579620361328,16781.189453125,4471.3701171875,14897.33984375,145.85052490234375,27.98889923095703,16.299999237060547,29068.630859375,25330.9609375,3015.06005859375,1.5759999752044678
2021-10-18,29.554187774658203,68.40410614013672,27.65679359436035,12.329567909240723,16705.4609375,4486.4599609375,15021.8095703125,147.0258026123047,28.0,16.309999465942383,29025.4609375,25409.75,3006.679931640625,1.5839999914169312
2021-10-19,29.793487548828125,68.92996215820312,27.909727096557617,12.497664451599121,16900.669921875,4519.6298828125,15129.08984375,148.82728576660156,27.949199676513672,15.699999809265137,29215.51953125,25787.2109375,3029.0400390625,1.6349999904632568
2021-10-20,29.717348098754883,68.84231567382812,27.901824951171875,12.497664451599121,16887.8203125,4536.18994140625,15121.6796875,148.51905822753906,27.8262996673584,15.489999771118164,29255.55078125,26136.01953125,3013.1298828125,1.6360000371932983
2021-10-21,29.60857391357422,68.66705322265625,27.783266067504883,12.439196586608887,16889.509765625,4549.77978515625,15215.7001953125,150.0154571533203,27.805999755859375,15.010000228881836,28708.580078125,26017.529296875,3007.330078125,1.6759999990463257
2021-10-22,29.69559097290039,68.75468444824219,27.862302780151367,12.4903564453125,16888.740234375,4544.89990234375,15090.2001953125,148.33282470703125,27.818500518798828,15.430000305175781,28804.849609375,26126.9296875,3006.159912109375,1.6549999713897705
2021-10-25,29.673837661743164,68.62321472167969,27.8306827545166,12.504974365234375,16894.240234375,4566.47998046875,15226.7099609375,149.3507843017578,27.836999893188477,15.239999771118164,28600.41015625,26132.029296875,3020.5400390625,1.6349999904632568
2021-10-26,29.924020767211914,69.23670196533203,28.012479782104492,12.636528968811035,17034.33984375,4574.7900390625,15235.7099609375,149.463134765625,27.80620002746582,15.979999542236328,29106.009765625,26038.26953125,3049.080078125,1.61899995803833
2021-10-27,29.924020767211914,69.23670196533203,28.06781005859375,12.716920852661133,17074.55078125,4551.68017578125,15235.83984375,148.390625,27.796300888061523,16.979999542236328,29098.240234375,25628.740234375,3025.489990234375,1.5290000438690186
2021-10-28,29.83700180053711,69.06143188476562,28.012479782104492,12.687687873840332,17041.630859375,4596.419921875,15448.1201171875,151.73667907714844,27.762500762939453,16.530000686645508,28820.08984375,25555.73046875,3009.550048828125,1.5679999589920044
2021-10-29,29.54330825805664,68.49174499511719,27.846492767333984,12.607292175292969,16987.41015625,4605.3798828125,15498.3896484375,152.41429138183594,27.72330093383789,16.260000228881836,28892.689453125,25377.240234375,2970.679931640625,1.5570000410079956
2021-11-01,29.69559097290039,68.75468444824219,27.957151412963867,12.680378913879395,17068.240234375,4613.669921875,15595.919921875,154.8997344970703,27.816699981689453,16.40999984741211,29647.080078125,25154.3203125,2978.93994140625,1.5750000476837158
2021-11-02,29.641202926635742,68.71086120605469,27.98876953125,12.702303886413574,17065.970703125,4630.64990234375,15649.599609375,156.8264617919922,27.80109977722168,16.030000686645508,29520.900390625,25099.669921875,3013.489990234375,1.5490000247955322
2021-11-03,29.717348098754883,68.92996215820312,28.099428176879883,12.709611892700195,17122.16015625,4660.56982421875,15811.580078125,158.63442993164062,27.85849952697754,15.100000381469727,,25024.75,2975.7099609375,1.5789999961853027
2021-11-04,29.619449615478516,68.71086120605469,28.012479782104492,12.709611892700195,17078.859375,4680.06005859375,15940.3095703125,163.97140502929688,27.789499282836914,15.4399995803833,29794.369140625,25225.189453125,2983.219970703125,1.5240000486373901
2021-11-05,30.043672561645508,69.5872802734375,28.336551666259766,12.899636268615723,17296.900390625,4697.52978515625,15971.58984375,165.79217529296875,27.874099731445312,16.479999542236328,29611.5703125,24870.509765625,2969.27001953125,1.4529999494552612
2021-11-08,30.282978057861328,70.15694427490234,28.613197326660156,12.98003101348877,17415.30078125,4701.7001953125,15982.3603515625,168.0336151123047,27.83009910583496,17.219999313354492,29507.05078125,24763.76953125,2960.199951171875,1.496999979019165
2021-11-09,30.609302520751953,70.77043151855469,28.905658721923828,13.118892669677734,17541.359375,4685.25,15886.5400390625,168.0336151123047,27.80120086669922,17.780000686645508,29285.4609375,24813.130859375,2962.4599609375,1.4320000410079956
2021-11-10,30.5657958984375,70.55132293701172,28.874040603637695,13.14081859588623,17559.650390625,4646.7099609375,15622.7099609375,163.07872009277344,27.731300354003906,18.729999542236328,29106.779296875,24996.140625,2930.169921875,1.559999942779541
2021-11-11,30.29384994506836,69.9816665649414,28.708051681518555,13.031189918518066,17452.51953125,4649.27001953125,15704.2802734375,166.527587890625,27.759000778198242,17.65999984741211,29277.859375,25247.990234375,2924.919921875,1.559999942779541
2021-11-12,30.391754150390625,70.28839874267578,28.795000076293945,13.155435562133789,17518.130859375,4682.85009765625,15860.9599609375,168.1556854248047,27.801700592041016,16.290000915527344,29609.970703125,25327.970703125,2968.800048828125,1.5820000171661377
2021-11-15,30.663684844970703,70.90190124511719,29.047937393188477,13.272372245788574,17634.470703125,4682.7998046875,15853.849609375,168.03042602539062,27.781299591064453,16.489999771118164,29776.80078125,25390.91015625,2999.52001953125,1.6230000257492065
2021-11-16,30.718082427978516,71.1622085571289,29.079511642456055,13.301607131958008,17693.130859375,4700.89990234375,15973.8603515625,170.54803466796875,27.752500534057617,16.3700008392334,29808.119140625,25713.779296875,2997.2099609375,1.6339999437332153
2021-11-17,30.815969467163086,71.29639434814453,29.137693405151367,13.345458984375,17764.0390625,4688.669921875,15921.5703125,169.35986328125,27.80069923400879,17.110000610351562,29688.330078125,25650.080078125,2962.419921875,1.6039999723434448
2021-11-18,30.990013122558594,71.74366760253906,29.345458984375,13.42585563659668,17841.369140625,4704.5400390625,15993.7099609375,172.19216918945312,27.740699768066406,17.59000015258789,29598.66015625,25319.720703125,2947.3798828125,1.5889999866485596
2021-11-19,31.066158294677734,71.9673080444336,29.378704071044922,13.484322547912598,17818.310546875,4697.9599609375,16057.4404296875,172.6706085205078,27.806400299072266,17.90999984741211,29745.869140625,25049.970703125,2971.02001953125,1.5360000133514404
2021-11-22,30.990013122558594,71.8331298828125,29.328838348388672,13.447779655456543,17803.5390625,4682.93994140625,15854.759765625,170.1691436767578,27.792999267578125,19.170000076293945,29774.109375,24951.33984375,3013.25,1.625
2021-11-23,30.69632339477539,71.25166320800781,29.09613037109375,13.272372245788574,17666.119140625,4690.7001953125,15775.1396484375,169.48512268066406,27.769500732421875,19.3799991607666,,24651.580078125,2997.330078125,1.6670000553131104
2021-11-24,30.5657958984375,70.89383697509766,28.97147560119629,13.199286460876465,17642.51953125,4701.4599609375,15845.23046875,171.34759521484375,27.751399993896484,18.579999923706055,29302.66015625,24685.5,2994.2900390625,1.6449999809265137
2021-11-25,30.554912567138672,70.89383697509766,28.98809814453125,13.221213340759277,17654.189453125,,,,27.7677001953125,,29499.279296875,24740.16015625,2980.27001953125,
2021-11-26,30.054550170898438,69.8651123046875,28.555931091308594,13.001956939697266,17369.390625,4594.6201171875,15491.66015625,166.5789794921875,27.764699935913086,28.6200008392334,28751.619140625,24080.51953125,2936.43994140625,1.4819999933242798
2021-11-29,30.054550170898438,69.59674072265625,28.456205368041992,13.031189918518066,17328.08984375,4655.27001953125,15782.830078125,172.9821319580078,27.853900909423828,22.959999084472656,28283.919921875,23852.240234375,2909.320068359375,1.5299999713897705
2021-11-30,30.021921157836914,69.68618774414062,28.539310455322266,13.118892669677734,17427.759765625,4567.0,15537.6904296875,169.9507293701172,27.7455997467041,27.190000534057617,27821.759765625,23475.259765625,2839.010009765625,1.4429999589920044
2021-12-01,30.52228546142578,70.67020416259766,28.904983520507812,13.32353401184082,17585.990234375,4513.0400390625,15254.0498046875,168.59237670898438,27.578699111938477,31.1200008392334,27935.619140625,23658.919921875,2899.719970703125,1.434000015258789
2021-12-02,30.848609924316406,71.47531127929688,29.15431022644043,13.411235809326172,17724.880859375,4577.10009765625,15381.3203125,168.83645629882812,27.60449981689453,27.950000762939453,27753.369140625,23788.9296875,2945.27001953125,1.4479999542236328
2021-12-03,30.837730407714844,71.43058013916016,29.179243087768555,13.403928756713867,17697.140625,4538.43017578125,15085.4697265625,168.40936279296875,27.678699493408203,30.670000076293945,28029.5703125,23766.689453125,2968.330078125,1.343000054359436
2021-12-06,30.75071144104004,71.34111785888672,29.145999908447266,13.382001876831055,17688.2109375,4591.669921875,15225.150390625,168.19419860839844,27.65719985961914,27.18000030517578,27927.369140625,23349.380859375,2973.25,1.434000015258789
2021-12-07,30.848609924316406,71.52003479003906,29.212486267089844,13.360076904296875,17796.919921875,4686.75,15686.919921875,176.6814727783203,27.65920066833496,21.889999389648438,28455.599609375,23983.66015625,2991.719970703125,1.4800000190734863
2021-12-08,30.96826171875,71.74366760253906,29.30390167236328,13.440468788146973,17832.419921875,4701.2099609375,15786.990234375,175.53184509277344,27.742599487304688,19.899999618530273,28860.619140625,23996.869140625,3001.800048828125,1.5089999437332153
2021-12-09,30.892118453979492,71.78840637207031,29.328838348388672,13.403928756713867,17914.119140625,4667.4501953125,15517.3701171875,171.4953155517578,27.630699157714844,21.579999923706055,28725.470703125,24254.859375,3029.570068359375,1.4869999885559082
2021-12-10,30.881237030029297,71.56476593017578,29.23741340637207,13.396617889404297,17826.259765625,4712.02001953125,15630.599609375,173.11380004882812,27.68560028076172,18.690000534057617,28437.76953125,23995.720703125,3010.22998046875,1.4889999628067017
2021-12-13,30.783342361450195,71.29639434814453,29.145999908447266,13.367385864257812,17767.599609375,4668.97021484375,15413.2802734375,168.50244140625,27.63599967956543,20.309999465942383,28640.490234375,23954.580078125,3001.659912109375,1.4240000247955322
2021-12-14,30.478771209716797,70.67020416259766,28.963157653808594,13.228523254394531,17599.369140625,4634.08984375,15237.6396484375,167.69186401367188,27.745899200439453,21.889999389648438,28432.640625,23635.94921875,2987.949951171875,1.437999963760376
2021-12-15,30.52228546142578,70.67020416259766,28.92160415649414,13.243138313293457,17660.099609375,4709.85009765625,15565.580078125,173.84811401367188,27.78420066833496,19.290000915527344,28459.720703125,23420.759765625,2989.389892578125,1.4630000591278076
2021-12-16,30.902992248535156,71.52003479003906,29.23741340637207,13.42585563659668,17785.740234375,4668.669921875,15180.4296875,166.26376342773438,27.739700317382812,20.56999969482422,29066.3203125,23475.5,3006.409912109375,1.4220000505447388
2021-12-17,30.8703670501709,71.52003479003906,29.212486267089844,13.382001876831055,17812.58984375,4620.64013671875,15169.6796875,165.87135314941406,27.757699966430664,21.56999969482422,28545.6796875,23192.630859375,3017.72998046875,1.4019999504089355
2021-12-20,30.598421096801758,70.89383697509766,28.963157653808594,13.26506519317627,17669.109375,4568.02001953125,14980.9404296875,164.5718994140625,27.827199935913086,22.8700008392334,27937.810546875,22744.859375,2963.0,1.4190000295639038
2021-12-21,30.859487533569336,71.43058013916016,29.187557220458984,13.418546676635742,17789.26953125,4649.22998046875,15341.08984375,170.5094757080078,27.815399169921875,21.010000228881836,28517.58984375,22971.330078125,2975.030029296875,1.4869999885559082
2021-12-22,30.859487533569336,71.52003479003906,29.195865631103516,13.469705581665039,17826.830078125,4696.56005859375,15521.8896484375,172.28173828125,27.730199813842773,18.6299991607666,28562.2109375,23102.330078125,2984.47998046875,1.4570000171661377
2021-12-23,31.03352165222168,71.92257690429688,29.337148666381836,13.550100326538086,17946.66015625,4725.7900390625,15653.3701171875,173.9478302001953,27.711000442504883,17.959999084472656,28798.369140625,23193.640625,2998.169921875,1.4930000305175781
2021-12-24,31.120548248291016,71.9673080444336,29.378704071044922,13.593950271606445,17961.640625,,,,27.62470054626465,,28782.58984375,23223.759765625,3012.429931640625,
2021-12-27,31.359848022460938,72.5040512084961,29.553232192993164,13.74012279510498,18048.939453125,4791.18994140625,15871.259765625,178.71453857421875,27.67930030822754,17.68000030517578,28676.4609375,,2999.550048828125,1.4809999465942383
2021-12-28,31.610036849975586,73.08550262451172,29.777620315551758,13.857059478759766,18196.810546875,4786.35009765625,15781.7197265625,176.74290466308594,27.683700561523438,17.540000915527344,29069.16015625,23280.560546875,3020.239990234375,1.4809999465942383
2021-12-29,31.751441955566406,73.35387420654297,29.89397430419922,13.900912284851074,18248.279296875,4793.06005859375,15766.2197265625,177.01307678222656,27.53499984741211,16.950000762939453,28906.880859375,23086.5390625,2993.2900390625,1.5429999828338623
2021-12-30,31.653547286987305,73.2197036743164,29.802549362182617,13.878986358642578,18218.83984375,4778.72998046875,15741.5595703125,175.01028442382812,27.617399215698242,17.329999923706055,28791.7109375,23112.009765625,2977.64990234375,1.5149999856948853
2021-12-31,,,,,,4766.18017578125,15644.9697265625,174.48260498046875,27.658700942993164,17.219999313354492,,23397.669921875,,1.5119999647140503
2022-01-03,31.84933853149414,73.66698455810547,29.918907165527344,13.864367485046387,18270.509765625,4796.56005859375,15832.7998046875,177.95091247558594,27.70210075378418,16.600000381469727,,23274.75,,1.628000020980835
2022-01-04,32.54549789428711,75.23246002197266,30.425861358642578,14.076318740844727,18526.349609375,4793.5400390625,15622.7197265625,177.4040069580078,27.62470054626465,16.90999984741211,29301.7890625,23289.83984375,2989.239990234375,1.6679999828338623
2022-01-05,32.48023223876953,75.59027862548828,30.384313583374023,14.120168685913086,18499.9609375,4700.580078125,15100.169921875,171.37789916992188,27.515499114990234,19.729999542236328,29332.16015625,22907.25,2953.969970703125,1.7050000429153442
2022-01-06,32.175662994384766,74.6510009765625,30.184852600097656,13.893603324890137,18367.919921875,4696.0498046875,15080.8603515625,172.70989990234375,27.596399307250977,19.610000610351562,28487.869140625,23072.859375,2920.530029296875,1.7330000400543213
2022-01-07,31.892847061157227,73.98007202148438,29.918907165527344,13.76204776763916,18169.759765625,4677.02978515625,14935.900390625,167.7004852294922,27.6200008392334,18.760000228881836,28478.560546875,23493.380859375,2954.889892578125,1.7710000276565552
2022-01-10,32.099517822265625,74.15898895263672,30.018634796142578,13.76204776763916,18239.380859375,4670.2900390625,14942.830078125,167.76162719726562,27.658000946044922,19.399999618530273,,23746.5390625,2926.719970703125,1.7799999713897705
2022-01-11,32.2626838684082,74.51681518554688,30.251340866088867,13.703579902648926,18288.2109375,4713.06982421875,15153.4501953125,170.91786193847656,27.598899841308594,18.40999984741211,28222.48046875,23739.060546875,2927.3798828125,1.746000051498413
2022-01-12,32.53461837768555,75.32190704345703,30.425861358642578,13.74012279510498,18375.400390625,4726.35009765625,15188.3896484375,172.172607421875,27.62700080871582,17.6200008392334,28765.66015625,24402.169921875,2972.47998046875,1.725000023841858
2022-01-13,32.69778060913086,75.67974090576172,30.583768844604492,13.798589706420898,18436.9296875,4659.02978515625,14806.8095703125,168.1541290283203,27.598600387573242,20.309999465942383,28489.130859375,24429.76953125,2962.090087890625,1.7109999656677246
2022-01-14,32.69778060913086,75.67974090576172,30.658567428588867,13.725506782531738,18403.330078125,4662.85009765625,14893.75,172.1790313720703,27.56599998474121,19.190000534057617,28124.279296875,24383.3203125,2921.919921875,1.7719999551773071
2022-01-17,33.0676155090332,76.44010162353516,30.949445724487305,13.930145263671875,18525.439453125,,,,27.538000106811523,,28333.51953125,24218.029296875,2890.10009765625,
2022-01-18,32.69778060913086,75.5455551147461,30.625324249267578,13.892436027526855,18378.640625,4577.10986328125,14506.900390625,164.48313903808594,27.4237003326416,22.790000915527344,28257.25,24112.779296875,2864.239990234375,1.8650000095367432
2022-01-19,32.30619812011719,74.6510009765625,30.292888641357422,13.726510047912598,18227.4609375,4532.759765625,14340.259765625,159.644287109375,27.516199111938477,23.850000381469727,27467.23046875,24127.849609375,2842.280029296875,1.8270000219345093
2022-01-20,32.436729431152344,74.91937255859375,30.334444046020508,13.703883171081543,18218.279296875,4482.72998046875,14154.01953125,154.63809204101562,27.54759979248047,25.59000015258789,27772.9296875,24952.349609375,2862.679931640625,1.8329999446868896
2022-01-21,31.714176177978516,73.35387420654297,29.760997772216797,13.454997062683105,17899.30078125,4397.93994140625,13768.919921875,152.06422424316406,27.615699768066406,28.850000381469727,27522.259765625,24965.55078125,2834.2900390625,1.746999979019165
2022-01-24,32.01430892944336,74.15898895263672,29.985393524169922,13.61337947845459,17989.0390625,4410.1298828125,13855.1298828125,153.80162048339844,27.691200256347656,29.899999618530273,27588.369140625,24656.4609375,2792.0,1.7350000143051147
2022-01-25,31.49186134338379,73.04078674316406,29.67789649963379,13.432369232177734,17701.119140625,4356.4501953125,13539.2900390625,148.06185913085938,27.66390037536621,31.15999984741211,27131.33984375,24243.609375,2720.389892578125,1.7829999923706055
2022-01-26,31.469623565673828,72.81714630126953,29.62802505493164,13.341866493225098,17674.400390625,4349.93017578125,13542.1201171875,150.33653259277344,27.697999954223633,31.959999084472656,27011.330078125,24289.900390625,2709.239990234375,1.8480000495910645
2022-01-27,,,,,,4326.509765625,13352.7802734375,143.6444091796875,27.664499282836914,30.489999771118164,26170.30078125,23807.0,2614.489990234375,1.8070000410079956
2022-01-28,,,,,,4431.85009765625,13770.5703125,146.39849853515625,27.756500244140625,27.65999984741211,26717.33984375,23550.080078125,2663.340087890625,1.781999945640564
2022-01-31,,,,,,4515.5498046875,14239.8798828125,154.26168823242188,27.82699966430664,24.829999923706055,27001.98046875,23802.259765625,,1.781999945640564
2022-02-01,,,,,,4546.5400390625,14346.0,155.54537963867188,27.77039909362793,21.959999084472656,27078.48046875,,,1.7999999523162842
2022-02-02,,,,,,4589.3798828125,14417.5498046875,159.47377014160156,27.742300033569336,22.09000015258789,27533.599609375,,,1.7660000324249268
2022-02-03,,,,,,4477.43994140625,13878.8203125,152.53395080566406,27.75079917907715,24.350000381469727,27241.310546875,,2707.820068359375,1.8270000219345093
2022-02-04,,,,,,4500.52978515625,14098.009765625,153.4091339111328,27.743900299072266,23.219999313354492,27439.990234375,24573.2890625,2750.260009765625,1.9299999475479126
2022-02-07,31.636363983154297,73.30915069580078,29.885662078857422,13.3267822265625,17900.30078125,4483.8701171875,14015.669921875,153.32220458984375,27.799999237060547,22.860000610351562,27248.869140625,24579.55078125,2745.06005859375,1.9160000085830688
2022-02-08,31.76975440979004,73.53279113769531,29.918907165527344,13.417287826538086,17966.560546875,4521.5400390625,14194.4501953125,157.19912719726562,27.826000213623047,21.440000534057617,27284.51953125,24329.490234375,2746.469970703125,1.9539999961853027
2022-02-09,31.880916595458984,73.84590148925781,30.11005210876465,13.537960052490234,18151.759765625,4587.18017578125,14490.3701171875,162.35650634765625,27.805200576782227,19.959999084472656,27579.869140625,24829.990234375,2768.85009765625,1.9290000200271606
2022-02-10,32.247745513916016,74.78518676757812,30.384313583374023,13.66617202758789,18338.05078125,4504.080078125,14185.6396484375,157.29562377929688,27.78070068359375,23.90999984741211,27696.080078125,24924.349609375,2771.929931640625,2.0309998989105225
2022-02-11,32.22551727294922,74.6510009765625,30.351070404052734,13.620922088623047,18310.939453125,4418.64013671875,13791.150390625,149.29090881347656,27.826400756835938,27.360000610351562,,24906.66015625,2747.7099609375,1.9550000429153442
2022-02-14,31.72529411315918,73.62226104736328,29.96045684814453,13.311697959899902,17997.669921875,4401.669921875,13790.919921875,149.43243408203125,27.9060001373291,28.329999923706055,27079.58984375,24556.5703125,2704.47998046875,1.996000051498413
2022-02-15,31.580795288085938,73.35387420654297,29.835803985595703,13.296613693237305,17951.810546875,4471.06982421875,14139.759765625,157.67849731445312,27.861799240112305,25.700000762939453,26865.189453125,24355.7109375,2676.5400390625,2.0450000762939453
2022-02-16,32.10323715209961,74.51681518554688,30.284582138061523,13.507791519165039,18231.470703125,4475.009765625,14124.08984375,157.72994995117188,27.82069969177246,24.290000915527344,27460.400390625,24718.900390625,2729.679931640625,2.046999931335449
2022-02-17,32.12547302246094,74.47208404541016,30.292888641357422,13.50024700164795,18268.5703125,4380.259765625,13716.7197265625,151.8068389892578,27.810800552368164,28.110000610351562,27232.869140625,24792.76953125,2744.090087890625,1.972000002861023
2022-02-18,32.03654861450195,74.2037124633789,30.243026733398438,13.477624893188477,18232.349609375,4348.8701171875,13548.0703125,150.11129760742188,27.836700439453125,27.75,27122.0703125,24327.7109375,2744.52001953125,1.9320000410079956
2022-02-21,31.969850540161133,74.06954193115234,30.23471450805664,13.462538719177246,18221.490234375,,,,27.8700008392334,,26910.869140625,24170.0703125,2743.800048828125,
2022-02-22,31.536319732666016,73.13024139404297,29.852418899536133,13.289072036743164,17969.2890625,4304.759765625,13381.51953125,149.1975555419922,27.812400817871094,28.809999465942383,26449.609375,23520.0,2706.7900390625,1.9479999542236328
2022-02-23,31.625247955322266,73.2197036743164,29.96045684814453,13.356948852539062,18055.73046875,4225.5,13037.490234375,145.6424102783203,27.837400436401367,31.020000457763672,,23660.279296875,2719.530029296875,1.9769999980926514
2022-02-24,30.858238220214844,71.47531127929688,29.23741340637207,13.002474784851074,17594.55078125,4288.7001953125,13473.58984375,150.9703369140625,27.872699737548828,30.31999969482422,25970.8203125,22901.560546875,2648.800048828125,1.968999981880188
2022-02-25,30.79154396057129,71.43058013916016,29.22079849243164,12.994932174682617,17652.1796875,4384.64990234375,13694.6201171875,153.4862823486328,28.06719970703125,27.59000015258789,26476.5,22767.1796875,2676.760009765625,1.9859999418258667
2022-02-28,,,,,,4373.93994140625,13751.400390625,152.5532989501953,27.962799072265625,30.149999618530273,26526.8203125,22713.01953125,2699.179931640625,1.8389999866485596
2022-03-01,31.22507095336914,72.28041076660156,29.594783782958984,13.22119426727295,17898.25,4306.259765625,13532.4599609375,147.02264404296875,27.97559928894043,33.31999969482422,26844.720703125,22761.7109375,,1.7070000171661377
2022-03-02,31.047216415405273,71.9673080444336,29.43687629699707,13.138232231140137,17867.599609375,4386.5400390625,13752.01953125,151.6974639892578,28.04680061340332,30.739999771118164,26393.029296875,22343.919921875,2703.52001953125,1.8650000095367432
2022-03-03,31.11391258239746,72.05677795410156,29.49505615234375,13.160858154296875,17934.400390625,4363.490234375,13537.9404296875,148.5155029296875,27.970500946044922,30.479999542236328,26577.26953125,22467.33984375,2747.080078125,1.843999981880188
2022-03-04,30.780427932739258,71.29639434814453,29.229106903076172,12.987388610839844,17736.51953125,4328.8701171875,13313.4404296875,144.57424926757812,28.050500869750977,31.979999542236328,25985.470703125,21905.2890625,2713.429931640625,1.7239999771118164
2022-03-07,29.79109764099121,70.17819213867188,28.38140296936035,12.632915496826172,17178.689453125,4201.08984375,12830.9599609375,137.3223876953125,28.125999450683594,36.45000076293945,25221.41015625,21057.630859375,2651.31005859375,1.7510000467300415
2022-03-08,29.157480239868164,67.89707946777344,27.708229064941406,12.233185768127441,16825.25,4170.7001953125,12795.5498046875,139.95419311523438,28.27589988708496,35.130001068115234,24790.94921875,20765.869140625,2622.39990234375,1.871999979019165
2022-03-09,29.457616806030273,68.2549057006836,28.073904037475586,12.384027481079102,17015.359375,4277.8798828125,13255.5498046875,145.81936645507812,28.30340003967285,32.45000076293945,24717.529296875,20627.7109375,,1.9479999542236328
2022-03-10,30.31355094909668,70.2229232788086,28.74707794189453,12.746044158935547,17433.19921875,4259.52001953125,13129.9599609375,142.82723999023438,28.26799964904785,30.229999542236328,25690.400390625,20890.259765625,2680.320068359375,2.010999917984009
2022-03-11,29.880022048950195,69.37309265136719,28.439584732055664,12.580121040344238,17264.740234375,4204.31005859375,12843.8095703125,139.76112365722656,28.30069923400879,30.75,25162.779296875,20553.7890625,2661.280029296875,2.003999948501587
2022-03-14,29.880022048950195,69.14945220947266,28.439584732055664,12.444364547729492,17263.0390625,4173.10986328125,12581.2197265625,135.23753356933594,28.410999298095703,31.770000457763672,25307.849609375,19531.66015625,2645.64990234375,2.140000104904175
2022-03-15,29.268638610839844,67.85234069824219,27.9243106842041,12.150225639343262,16926.060546875,4262.4501953125,12948.6201171875,141.4534454345703,28.51099967956543,29.829999923706055,25346.48046875,18415.080078125,2621.530029296875,2.1600000858306885
2022-03-16,29.390918731689453,68.07598876953125,28.040660858154297,12.180391311645508,16940.830078125,4357.85986328125,13436.5498046875,148.73753356933594,28.51889991760254,26.670000076293945,25762.009765625,20087.5,2659.22998046875,2.187999963760376
2022-03-17,30.32466697692871,70.31238555908203,28.84680938720703,12.655542373657227,17448.220703125,4411.669921875,13614.7802734375,149.6544189453125,28.378999710083008,25.670000076293945,26652.890625,21501.23046875,2694.510009765625,2.191999912261963
2022-03-18,30.257970809936523,70.04401397705078,28.79694938659668,12.617831230163574,17456.51953125,4463.1201171875,13893.83984375,152.57579040527344,28.17799949645996,23.8700008392334,26827.4296875,21412.400390625,2707.02001953125,2.1480000019073486
2022-03-21,30.458059310913086,70.49129486083984,28.904983520507812,12.693251609802246,17560.359375,4461.18017578125,13838.4599609375,152.2733612060547,28.356000900268555,23.530000686645508,,21221.33984375,2686.050048828125,2.315000057220459
2022-03-22,30.41359519958496,70.40184020996094,28.904983520507812,12.670623779296875,17559.7109375,4511.60986328125,14108.8203125,153.11631774902344,28.40999984741211,22.940000534057617,27224.109375,21889.279296875,2710.0,2.372999906539917
2022-03-23,30.702613830566406,71.1622085571289,29.195865631103516,12.783756256103516,17731.369140625,4456.240234375,13922.599609375,149.25869750976562,28.46739959716797,23.56999969482422,28040.16015625,22154.080078125,2735.050048828125,2.321000099182129
2022-03-24,30.68037986755371,71.07274627685547,29.187557220458984,12.783756256103516,17699.060546875,4520.16015625,14191.83984375,156.79347229003906,28.55970001220703,21.670000076293945,28110.390625,21945.94921875,2729.659912109375,2.3410000801086426
2022-03-25,30.72484588623047,71.25166320800781,29.187557220458984,12.806381225585938,17676.94921875,4543.06005859375,14169.2998046875,156.4388885498047,28.651500701904297,20.809999465942383,28149.83984375,21404.880859375,2729.97998046875,2.492000102996826
2022-03-28,30.39136505126953,70.44656372070312,28.938228607177734,12.655542373657227,17520.009765625,4575.52001953125,14354.900390625,157.65411376953125,28.66900062561035,19.6299991607666,27943.890625,21684.970703125,2729.56005859375,2.4769999980926514
2022-03-29,30.424713134765625,70.53602600097656,28.963157653808594,12.617831230163574,17548.66015625,4631.60009765625,14619.6396484375,161.26754760742188,28.783700942993164,18.899999618530273,28252.419921875,21927.630859375,2741.070068359375,2.4000000953674316
2022-03-30,30.80265998840332,71.34111785888672,29.270660400390625,12.73095989227295,17740.560546875,4602.4501953125,14442.26953125,156.11007690429688,28.628299713134766,19.329999923706055,28027.25,22232.029296875,2746.739990234375,2.3580000400543213
2022-03-31,30.702613830566406,71.20694732666016,29.195865631103516,12.678166389465332,17693.470703125,4530.41015625,14220.51953125,152.55783081054688,28.52560043334961,20.559999465942383,27821.4296875,21996.849609375,2757.64990234375,2.3269999027252197
2022-04-01,30.44694709777832,70.62547302246094,29.02964973449707,12.549952507019043,17625.58984375,4545.85986328125,14261.5,149.60202026367188,28.615699768066406,19.6299991607666,27665.98046875,22039.55078125,2739.85009765625,2.377000093460083
2022-04-04,,,,,,4582.64013671875,14532.5498046875,152.03244018554688,28.667999267578125,18.56999969482422,27736.470703125,22502.310546875,2757.89990234375,2.4119999408721924
2022-04-05,,,,,,4525.1201171875,14204.169921875,145.03440856933594,28.588499069213867,21.030000686645508,27787.98046875,,2759.199951171875,2.555999994277954
2022-04-06,30.291316986083984,70.26765441894531,28.88005256652832,12.376485824584961,17522.5,4481.14990234375,13888.8203125,141.42739868164062,28.653200149536133,22.100000381469727,27350.30078125,22080.51953125,2735.030029296875,2.6089999675750732
2022-04-07,29.746633529663086,69.14945220947266,28.41464614868164,12.150225639343262,17178.630859375,4500.2099609375,13897.2998046875,141.7368621826172,28.725400924682617,21.549999237060547,26888.5703125,21808.98046875,2695.860107421875,2.6519999504089355
2022-04-08,29.91337013244629,69.19417572021484,28.555931091308594,12.097431182861328,17284.5390625,4488.27978515625,13711.0,138.22012329101562,28.7987003326416,21.15999984741211,26985.80078125,21872.009765625,2700.389892578125,2.7130000591278076
2022-04-11,29.44649314880371,68.29962921142578,28.148700714111328,11.833457946777344,17048.369140625,4412.52978515625,13411.9599609375,135.3803253173828,28.891000747680664,24.3700008392334,26821.51953125,21208.30078125,2693.10009765625,2.7799999713897705
2022-04-12,29.46872901916504,68.2549057006836,28.148700714111328,11.8410005569458,16990.91015625,4397.4501953125,13371.5703125,134.96768188476562,29.0310001373291,24.260000228881836,26334.98046875,21319.130859375,2666.760009765625,2.7249999046325684
2022-04-13,30.0245361328125,69.50727081298828,28.60580062866211,12.097431182861328,17301.650390625,4446.58984375,13643.58984375,137.87197875976562,29.038000106811523,21.81999969482422,26843.490234375,21374.369140625,2716.489990234375,2.687000036239624
2022-04-14,29.91337013244629,69.32836151123047,28.530996322631836,12.089888572692871,17245.650390625,4392.58984375,13351.080078125,134.0586700439453,28.86669921875,22.700000762939453,27172.0,21518.080078125,2716.7099609375,2.828000068664551
2022-04-15,29.40203285217285,68.12071990966797,28.09052848815918,11.825916290283203,17004.1796875,,,,28.96619987487793,,27093.189453125,,2696.06005859375,
2022-04-18,29.24640655517578,67.6734390258789,27.96586799621582,11.803289413452148,16898.869140625,4391.68994140625,13332.3603515625,136.37954711914062,29.111000061035156,22.170000076293945,26799.7109375,,2693.2099609375,2.861999988555908
2022-04-19,29.34644889831543,67.98652648925781,28.065593719482422,11.8410005569458,16993.400390625,4462.2099609375,13619.66015625,139.36770629882812,29.214000701904297,21.3700008392334,26985.08984375,21027.759765625,2718.889892578125,2.9130001068115234
2022-04-20,29.490962982177734,68.29962921142578,28.181947708129883,11.931504249572754,17148.880859375,4459.4501953125,13453.0703125,139.05821228027344,29.253700256347656,20.31999969482422,27217.849609375,20944.669921875,2718.68994140625,2.8399999141693115
2022-04-21,29.513195037841797,68.29962921142578,28.231809616088867,11.991840362548828,17127.94921875,4393.66015625,13174.650390625,135.34808349609375,29.16349983215332,22.68000030517578,27553.060546875,20682.220703125,2728.2099609375,2.9170000553131104
2022-04-22,29.257526397705078,67.9417953491211,28.048973083496094,11.848543167114258,17025.08984375,4271.77978515625,12839.2900390625,132.33738708496094,29.288999557495117,28.209999084472656,27105.259765625,20638.51953125,2704.7099609375,2.9059998989105225
2022-04-25,28.735069274902344,66.59996032714844,27.542011260986328,11.561944007873535,16620.900390625,4296.1201171875,13004.849609375,134.57443237304688,29.31100082397461,27.020000457763672,26590.779296875,19869.33984375,2657.1298828125,2.8259999752044678
2022-04-26,28.735069274902344,66.55524444580078,27.53369903564453,11.54686164855957,16644.7890625,4175.2001953125,12490.740234375,128.60789489746094,29.193700790405273,33.52000045776367,26700.109375,19934.7109375,2668.31005859375,2.7720000743865967
2022-04-27,28.13479995727539,65.12393951416016,27.01011848449707,11.380936622619629,16303.349609375,4183.9599609375,12488.9296875,127.90518951416016,29.30069923400879,31.600000381469727,26386.630859375,19946.359375,2639.06005859375,2.818000078201294
2022-04-28,28.257076263427734,65.52648162841797,27.14309310913086,11.48652458190918,16419.380859375,4287.5,12871.5302734375,134.95480346679688,29.37470054626465,29.989999771118164,26847.900390625,20276.169921875,2667.489990234375,2.86299991607666
2022-04-29,28.62390899658203,66.4210433959961,27.45059585571289,11.614739418029785,16592.1796875,4131.93017578125,12334.6396484375,129.18812561035156,29.452699661254883,33.400001525878906,,21089.390625,2695.050048828125,2.88700008392334
2022-05-02,,,,,,4155.3798828125,12536.01953125,133.50100708007812,29.43400001525879,32.34000015258789,26818.529296875,,2687.449951171875,2.996000051498413
2022-05-03,28.412704467773438,65.75012969970703,27.251134872436523,11.561944007873535,16498.900390625,4175.47998046875,12563.759765625,134.606689453125,29.484600067138672,29.25,,21101.890625,2680.4599609375,2.9600000381469727
2022-05-04,28.412704467773438,65.88431549072266,27.300996780395508,11.58457088470459,16565.830078125,4300.169921875,12964.8603515625,139.82861328125,29.422100067138672,25.420000076293945,,20869.51953125,2677.570068359375,2.9170000553131104
2022-05-05,28.735069274902344,66.55524444580078,27.525388717651367,11.74295425415039,16696.119140625,4146.8701171875,12317.6904296875,133.05621337890625,29.239999771118164,31.200000762939453,,20793.400390625,,3.065999984741211
2022-05-06,28.157033920288086,65.30284118652344,27.101543426513672,11.524234771728516,16408.19921875,4123.33984375,12144.66015625,131.87001037597656,29.606700897216797,30.190000534057617,27003.560546875,20001.9609375,2644.510009765625,3.122999906539917
2022-05-09,27.690160751342773,64.1399154663086,26.60289192199707,11.365852355957031,16048.919921875,3991.239990234375,11623.25,125.15563201904297,29.649999618530273,34.75,26319.33984375,,,3.0789999961853027
2022-05-10,27.56787872314453,63.96099853515625,26.49485206604004,11.373393058776855,16061.7001953125,4001.050048828125,11737.669921875,128.0019073486328,29.750999450683594,32.9900016784668,26167.099609375,19633.689453125,2596.56005859375,2.993000030517578
2022-05-11,27.61234474182129,63.96099853515625,26.49485206604004,11.403562545776367,16006.25,3935.179931640625,11364.240234375,124.2208251953125,29.641700744628906,32.560001373291016,26213.640625,19824.5703125,2592.27001953125,2.9210000038146973
2022-05-12,26.95649528503418,62.44025802612305,25.821674346923828,11.252720832824707,15616.6796875,3930.080078125,11370.9599609375,124.97509002685547,29.68899917602539,31.770000457763672,25748.720703125,19380.33984375,2550.080078125,2.816999912261963
2022-05-13,27.201053619384766,63.06644821166992,26.12917709350586,11.39601993560791,15832.5400390625,4023.889892578125,11805.0,131.35423278808594,29.821500778198242,28.8700008392334,26427.650390625,19898.76953125,2604.239990234375,2.934999942779541
2022-05-16,27.345556259155273,63.334815979003906,26.237218856811523,11.448813438415527,15901.0400390625,4008.010009765625,11662.7900390625,129.355712890625,29.781999588012695,27.469999313354492,26547.05078125,19950.2109375,2596.580078125,2.877000093460083
2022-05-17,27.645692825317383,64.00574493408203,26.503164291381836,11.592113494873047,16056.08984375,4088.85009765625,11984.51953125,135.63816833496094,29.71190071105957,26.100000381469727,26659.75,20602.51953125,2620.43994140625,2.9679999351501465
2022-05-18,27.945825576782227,64.72138214111328,26.802350997924805,11.697702407836914,16296.8603515625,3923.679931640625,11418.150390625,128.80130004882812,29.60580062866211,30.959999084472656,26911.19921875,20644.279296875,2625.97998046875,2.885999917984009
2022-05-19,27.412256240844727,63.603179931640625,26.320327758789062,11.554403305053711,16020.3203125,3900.7900390625,11388.5,128.02125549316406,29.74020004272461,29.350000381469727,26402.83984375,20120.6796875,2592.340087890625,2.8550000190734863
2022-05-20,27.712387084960938,64.27410888671875,26.544715881347656,11.652448654174805,16144.849609375,3901.360107421875,11354.6201171875,127.95353698730469,29.600500106811523,29.43000030517578,26739.029296875,20717.240234375,2639.2900390625,2.7869999408721924
2022-05-23,27.767972946166992,64.40828704833984,26.58626937866211,11.622281074523926,16156.41015625,3973.75,11535.26953125,128.5047607421875,29.71299934387207,28.479999542236328,27001.51953125,20470.060546875,2647.3798828125,2.8589999675750732
2022-05-24,27.45671844482422,63.603179931640625,26.295392990112305,11.426188468933105,15963.6298828125,3941.47998046875,11264.4501953125,125.37480163574219,29.489999771118164,29.450000762939453,26748.140625,20112.099609375,2605.8701171875,2.759999990463257
2022-05-25,27.667924880981445,64.05046844482422,26.49485206604004,11.554403305053711,16104.0302734375,3978.72998046875,11434.740234375,127.63123321533203,29.531700134277344,28.3700008392334,26677.80078125,20171.26953125,2617.219970703125,2.749000072479248
2022-05-26,27.32332992553711,63.29008483886719,26.187353134155273,11.41110610961914,15968.830078125,4057.840087890625,11740.650390625,132.6177978515625,29.40999984741211,27.5,26604.83984375,20116.19921875,2612.449951171875,2.75600004196167
2022-05-27,27.9013614654541,64.6766586303711,26.65275764465332,11.629822731018066,16266.2197265625,4158.240234375,12131.1298828125,138.0718231201172,29.312999725341797,25.719999313354492,26781.6796875,20697.359375,2638.050048828125,2.743000030517578
2022-05-30,28.579442977905273,66.15267181396484,27.25944709777832,11.89379596710205,16610.619140625,,,,29.29599952697754,,27369.4296875,21123.9296875,2669.659912109375,
2022-05-31,28.85734748840332,66.64468383789062,27.48383903503418,12.02955150604248,16807.76953125,4132.14990234375,12081.3896484375,137.3626708984375,28.83099937438965,26.190000534057617,27279.80078125,21415.19921875,2685.89990234375,2.8440001010894775
2022-06-01,28.712833404541016,66.55524444580078,27.40073013305664,12.037095069885254,16675.08984375,4101.22998046875,11994.4599609375,135.18368530273438,28.991500854492188,25.690000534057617,27457.890625,21294.939453125,,2.930999994277954
2022-06-02,28.412704467773438,65.92903900146484,27.15140151977539,11.916421890258789,16552.5703125,4176.81982421875,12316.900390625,139.89305114746094,29.128299713134766,24.719999313354492,27413.880859375,21082.130859375,2658.989990234375,2.9130001068115234
2022-06-03,,,,,,4108.5400390625,12012.73046875,135.7090606689453,29.10099983215332,24.790000915527344,27761.5703125,,2670.64990234375,2.9570000171661377
2022-06-06,28.612791061401367,66.3763198852539,27.292688369750977,12.0144681930542,16605.9609375,4121.43017578125,12061.3701171875,135.9444122314453,29.361000061035156,25.06999969482422,27915.890625,21653.900390625,,3.0380001068115234
2022-06-07,28.323774337768555,65.61593627929688,27.03505516052246,11.871169090270996,16512.880859375,4160.68017578125,12175.23046875,137.0306854248047,29.38129997253418,24.020000457763672,27943.94921875,21531.669921875,2626.340087890625,2.9719998836517334
2022-06-08,28.635025024414062,66.3763198852539,27.342552185058594,12.006924629211426,16670.509765625,4115.77001953125,12086.26953125,134.11346435546875,29.405000686645508,23.959999084472656,28234.2890625,22014.58984375,2626.14990234375,3.0290000438690186
2022-06-09,28.546096801757812,66.15267181396484,27.2262020111084,12.02200984954834,16621.33984375,4017.820068359375,11754.23046875,130.3067169189453,29.438800811767578,26.09000015258789,28246.529296875,21869.05078125,2625.43994140625,3.0439999103546143
2022-06-10,28.257076263427734,65.61593627929688,27.001813888549805,11.961673736572266,16460.119140625,3900.860107421875,11340.01953125,125.67732238769531,29.5856990814209,27.75,27824.2890625,21806.1796875,2595.8701171875,3.1559998989105225
2022-06-13,27.467832565307617,63.82682800292969,26.33694839477539,11.614739418029785,16070.98046875,3749.6298828125,10809.23046875,118.42658233642578,29.642000198364258,34.02000045776367,26987.439453125,21067.580078125,2504.510009765625,3.365999937057495
2022-06-14,27.42337417602539,63.73737335205078,26.278772354125977,11.58457088470459,16047.3701171875,3735.47998046875,10828.349609375,119.08515167236328,29.68869972229004,32.689998626708984,26629.859375,21067.990234375,2492.969970703125,3.4830000400543213
2022-06-15,27.28997802734375,63.334815979003906,26.170730590820312,11.501608848571777,15999.25,3789.989990234375,11099.150390625,121.13189697265625,29.577699661254883,29.6200008392334,26326.16015625,21308.2109375,2447.3798828125,3.3949999809265137
2022-06-16,27.234397888183594,63.15590286254883,26.029447555541992,11.41110610961914,15838.6103515625,3666.77001953125,10646.099609375,113.83273315429688,29.405000686645508,32.95000076293945,26431.19921875,20845.4296875,2451.409912109375,3.306999921798706
2022-06-17,26.867565155029297,62.44025802612305,25.76350212097168,11.237637519836426,15641.259765625,3674.840087890625,10798.349609375,114.29438018798828,29.695999145507812,31.1299991607666,25963.0,21075.0,2440.929931640625,3.239000082015991
2022-06-20,26.62301254272461,61.724609375,25.47262191772461,11.132047653198242,15367.580078125,,,,29.70199966430664,,25771.220703125,21163.91015625,2391.030029296875,
2022-06-21,27.167699813842773,62.84280776977539,25.987892150878906,11.380936622619629,15728.6396484375,3764.7900390625,11069.2998046875,117.28700256347656,29.702999114990234,30.190000534057617,26246.310546875,21559.58984375,2408.929931640625,3.306999921798706
2022-06-22,26.567434310913086,61.54570770263672,25.45600128173828,11.079253196716309,15347.75,3759.889892578125,11053.080078125,116.06346893310547,29.724000930786133,28.950000762939453,26149.55078125,21008.33984375,2342.81005859375,3.1559998989105225
2022-06-23,26.21171760559082,60.6511344909668,25.20667839050293,10.860535621643066,15176.4404296875,3795.72998046875,11232.1904296875,115.27577209472656,29.67169952392578,29.049999237060547,26171.25,21273.869140625,2314.320068359375,3.068000078201294
2022-06-24,26.26729965209961,60.830047607421875,25.281476974487305,10.898245811462402,15303.3203125,3911.739990234375,11607.6201171875,120.38292694091797,29.613100051879883,27.229999542236328,26491.970703125,21719.060546875,2366.60009765625,3.125
2022-06-27,26.889799118041992,62.1718864440918,25.771812438964844,11.10942268371582,15548.009765625,3900.110107421875,11524.5498046875,120.05364227294922,29.694000244140625,26.950000762939453,26871.26953125,22229.51953125,2401.919921875,3.194000005722046
2022-06-28,26.634130477905273,61.724609375,25.588973999023438,10.988751411437988,15439.919921875,3821.550048828125,11181.5400390625,117.12557983398438,29.43000030517578,28.360000610351562,27049.470703125,22418.970703125,2422.090087890625,3.2060000896453857
2022-06-29,26.41180992126465,61.098419189453125,25.356271743774414,10.898245811462402,15240.1298828125,3818.830078125,11177.8896484375,114.36216735839844,29.67099952697754,28.15999984741211,26804.599609375,21996.890625,2377.989990234375,3.0929999351501465
2022-06-30,25.744842529296875,59.71185302734375,24.73296356201172,10.626733779907227,14825.73046875,3785.3798828125,11028.740234375,112.86424255371094,29.665000915527344,28.709999084472656,26393.0390625,21859.7890625,2332.639892578125,2.9719998836517334
2022-07-01,24.799978256225586,57.65435791015625,24.034852981567383,10.24208927154541,14343.080078125,3825.330078125,11127.849609375,108.870849609375,29.65570068359375,26.700000762939453,25935.619140625,,2305.419921875,2.8889999389648438
2022-07-04,24.555423736572266,56.938716888427734,23.743974685668945,10.144042015075684,14217.0595703125,,,,29.79599952697754,,26153.810546875,21830.349609375,2300.340087890625,
2022-07-05,24.67770004272461,57.38599395751953,23.85201644897461,10.227005004882812,14349.2001953125,3831.389892578125,11322.240234375,109.72957611083984,29.690000534057617,27.540000915527344,26423.470703125,21853.0703125,2341.780029296875,2.809000015258789
2022-07-06,24.199708938598633,56.44670486450195,23.38661003112793,9.985658645629883,13985.509765625,3845.080078125,11361.849609375,110.26546478271484,29.78070068359375,26.729999542236328,26107.650390625,21586.66015625,2292.010009765625,2.9130001068115234
2022-07-07,24.922256469726562,58.01219177246094,24.026540756225586,10.362760543823242,14336.26953125,3902.6201171875,11621.349609375,115.2015151977539,29.788000106811523,26.079999923706055,26490.529296875,21643.580078125,2334.27001953125,3.007999897003174
2022-07-08,25.17792320251465,58.63838195800781,24.24262237548828,10.483433723449707,14464.5302734375,3899.3798828125,11635.3095703125,115.7503433227539,29.75200080871582,24.639999389648438,26517.189453125,21725.779296875,2350.610107421875,3.1010000705718994
2022-07-11,24.955604553222656,58.191104888916016,24.059785842895508,10.408014297485352,14340.5302734375,3854.429931640625,11372.599609375,113.08377075195312,29.75200080871582,26.170000076293945,26812.30078125,21124.19921875,2340.27001953125,2.990999937057495
2022-07-12,24.35533332824707,56.804527282714844,23.453096389770508,10.166667938232422,13950.6201171875,3818.800048828125,11264.73046875,113.40013122558594,29.86319923400879,27.290000915527344,26336.66015625,20844.740234375,2317.760009765625,2.9579999446868896
2022-07-13,25.22238540649414,58.68310546875,24.226003646850586,10.445724487304688,14324.6796875,3801.780029296875,11247.580078125,114.03934478759766,29.864999771118164,26.81999969482422,26478.76953125,20797.94921875,2328.610107421875,2.9040000438690186
2022-07-14,25.34466552734375,58.862022399902344,24.358972549438477,10.528684616088867,14438.51953125,3790.3798828125,11251.1904296875,116.45732879638672,29.766000747680664,26.399999618530273,26643.390625,20751.2109375,2322.320068359375,2.9600000381469727
2022-07-15,25.67814826965332,59.7565803527832,24.70802879333496,10.717236518859863,14550.6201171875,3863.159912109375,11452.419921875,119.23688507080078,29.918699264526367,24.229999542236328,26788.470703125,20297.720703125,2330.97998046875,2.930000066757202
2022-07-18,25.791065216064453,59.93707275390625,24.938079833984375,10.792656898498535,14719.6396484375,3830.85009765625,11360.0498046875,118.85594177246094,29.910999298095703,25.299999237060547,,20846.1796875,2375.25,2.9600000381469727
2022-07-19,25.81365394592285,59.98265838623047,24.86810302734375,10.762489318847656,14694.080078125,3936.68994140625,11713.150390625,124.095458984375,29.81999969482422,24.5,26961.6796875,20661.060546875,2370.969970703125,3.0190000534057617
2022-07-20,25.9830322265625,60.16497802734375,24.938079833984375,10.852994918823242,14733.2197265625,3959.89990234375,11897.650390625,127.2591552734375,29.785999298095703,23.8799991607666,27680.259765625,20890.220703125,2386.85009765625,3.0360000133514404
2022-07-21,26.276626586914062,61.030982971191406,25.24422836303711,11.086797714233398,14937.7001953125,3998.949951171875,12059.6103515625,129.33816528320312,29.880699157714844,23.110000610351562,27803.0,20574.630859375,2409.159912109375,2.9100000858306885
2022-07-22,26.378253936767578,61.30446243286133,25.279218673706055,11.0717134475708,14949.3603515625,3961.6298828125,11834.1103515625,126.15186309814453,29.880300521850586,23.030000686645508,27914.66015625,20609.140625,2393.139892578125,2.7829999923706055
2022-07-25,26.355669021606445,61.258888244628906,25.30545997619629,11.034001350402832,14936.330078125,3966.840087890625,11782.669921875,125.35447692871094,29.801000595092773,23.360000610351562,27699.25,20562.939453125,2403.68994140625,2.819999933242798
2022-07-26,26.11853790283203,60.666351318359375,25.14801025390625,10.905787467956543,14806.7802734375,3921.050048828125,11562.5703125,123.26579284667969,29.827999114990234,24.690000534057617,27655.2109375,20905.880859375,2412.9599609375,2.7869999408721924
2022-07-27,26.355669021606445,61.167728424072266,25.30545997619629,10.981208801269531,14921.58984375,4023.610107421875,12032.419921875,128.90562438964844,29.920299530029297,23.239999771118164,27715.75,20670.0390625,2415.530029296875,2.7339999675750732
2022-07-28,26.400836944580078,61.35004425048828,25.366687774658203,11.003835678100586,14891.900390625,4072.429931640625,12162.58984375,130.49392700195312,29.85930061340332,22.329999923706055,27815.48046875,20622.6796875,2435.27001953125,2.680999994277954
2022-07-29,26.649261474609375,61.89699172973633,25.550376892089844,11.0717134475708,15000.0703125,4130.2900390625,12390.6904296875,131.4979248046875,29.915000915527344,21.329999923706055,27801.640625,20156.509765625,2451.5,2.6419999599456787
2022-08-01,26.570220947265625,61.71467971801758,25.506643295288086,11.056628227233887,14981.6904296875,4118.6298828125,12368.98046875,132.00479125976562,30.00200080871582,22.84000015258789,27993.349609375,20165.83984375,2452.25,2.6059999465942383
2022-08-02,26.147069931030273,60.71192169189453,25.14801025390625,10.883161544799805,14747.23046875,4091.18994140625,12348.759765625,131.75296020507812,30.167999267578125,23.93000030517578,27594.73046875,19689.2109375,2439.6201171875,2.740999937057495
2022-08-03,26.305465698242188,60.98539733886719,25.19174575805664,10.943497657775879,14777.01953125,4155.169921875,12668.16015625,135.41384887695312,29.966299057006836,21.950000762939453,27741.900390625,19767.08984375,2461.449951171875,2.747999906539917
2022-08-04,26.373353958129883,61.167728424072266,25.226734161376953,10.97366714477539,14702.2001953125,4151.93994140625,12720.580078125,136.3920135498047,29.941999435424805,21.440000534057617,27932.19921875,20174.0390625,2473.110107421875,2.6760001182556152
2022-08-05,27.040889739990234,62.671844482421875,25.79529571533203,11.237637519836426,15036.0400390625,4145.18994140625,12657.5498046875,135.3299102783203,29.95170021057129,21.149999618530273,28175.869140625,20201.939453125,2490.800048828125,2.8399999141693115
2022-08-08,26.984317779541016,62.53511047363281,25.777801513671875,11.19992733001709,15020.41015625,4140.06005859375,12644.4599609375,133.2831573486328,29.94499969482422,21.290000915527344,28249.240234375,20045.76953125,2493.10009765625,2.765000104904175
2022-08-09,26.961688995361328,62.39836883544922,25.777801513671875,11.20746898651123,15050.2802734375,4122.47021484375,12493.9296875,127.1752700805664,30.000699996948242,21.770000457763672,27999.9609375,20003.439453125,2503.4599609375,2.796999931335449
2022-08-10,26.678834915161133,61.80583572387695,25.559123992919922,11.10188102722168,14939.01953125,4210.240234375,12854.7998046875,132.45350646972656,30.027999877929688,19.739999771118164,27819.330078125,19610.83984375,2480.8798828125,2.7860000133514404
2022-08-11,27.165346145629883,62.94533157348633,26.013978958129883,11.282889366149902,15197.849609375,4207.27001953125,12779.91015625,132.28240966796875,29.910400390625,20.200000762939453,,20082.4296875,2523.780029296875,2.888000011444092
2022-08-12,27.335060119628906,63.401123046875,26.215160369873047,11.358311653137207,15288.9697265625,4280.14990234375,13047.1904296875,136.15310668945312,29.94930076599121,19.530000686645508,28546.98046875,20175.619140625,2527.93994140625,2.8489999771118164
2022-08-15,27.58397102355957,63.99365234375,26.425092697143555,11.478983879089355,15417.349609375,4297.14013671875,13128.0498046875,136.6599578857422,29.94300079345703,19.950000762939453,28871.779296875,20040.859375,,2.7909998893737793
2022-08-16,27.629226684570312,64.03922271728516,26.442584991455078,11.494328498840332,15420.5703125,4305.2001953125,13102.5498046875,135.26211547851562,29.98270034790039,19.690000534057617,28868.91015625,19830.51953125,2533.52001953125,2.8239998817443848
2022-08-17,27.640541076660156,64.17597198486328,26.477575302124023,11.494328498840332,15465.4501953125,4274.0400390625,12938.1201171875,131.9950714111328,29.94379997253418,19.899999618530273,29222.76953125,19922.44921875,2516.469970703125,2.8929998874664307
2022-08-18,27.459510803222656,63.629024505615234,26.363861083984375,11.432944297790527,15396.759765625,4283.740234375,12965.33984375,135.00387573242188,29.935699462890625,19.559999465942383,28942.140625,19763.91015625,2508.050048828125,2.880000114440918
2022-08-19,27.50477409362793,63.7657585144043,26.39010238647461,11.44828987121582,15408.7802734375,4228.47998046875,12705.2197265625,131.359130859375,29.97369956970215,20.600000381469727,28930.330078125,19773.029296875,2492.68994140625,2.989000082015991
2022-08-22,27.165346145629883,63.036476135253906,26.11019515991211,11.310173988342285,15245.1396484375,4137.990234375,12381.5703125,126.41659545898438,30.101999282836914,23.799999237060547,28794.5,19656.98046875,2462.5,3.0369999408721924
2022-08-23,26.746721267700195,62.07930374145508,25.751564025878906,11.156712532043457,15095.8896484375,4128.72998046875,12381.2998046875,127.04610443115234,30.13170051574707,24.110000610351562,28452.75,19503.25,2435.340087890625,3.053999900817871
2022-08-24,26.678834915161133,61.89699172973633,25.68158531188965,11.126019477844238,15069.1904296875,4140.77001953125,12431.5302734375,127.36573028564453,30.170000076293945,22.81999969482422,28313.470703125,19268.740234375,2447.449951171875,3.1059999465942383
2022-08-25,26.927749633789062,62.443946838378906,25.882766723632812,11.210424423217773,15200.0400390625,4199.1201171875,12639.26953125,132.03384399414062,30.204999923706055,21.780000686645508,28479.009765625,19968.380859375,2477.260009765625,3.0260000228881836
2022-08-26,27.063514709472656,62.762996673583984,26.04021644592285,11.256463050842285,15278.4404296875,4057.659912109375,12141.7099609375,124.544189453125,30.187999725341797,25.559999465942383,28641.380859375,20170.0390625,2481.030029296875,3.0350000858306885
2022-08-29,26.373353958129883,61.30446243286133,25.392929077148438,10.957209587097168,14926.1904296875,4030.610107421875,12017.669921875,122.02937316894531,30.2810001373291,26.209999084472656,27878.9609375,20023.220703125,2426.889892578125,3.109999895095825
2022-08-30,26.418609619140625,61.30446243286133,25.44541358947754,11.033943176269531,14953.6298828125,3986.159912109375,11883.1396484375,120.60890197753906,30.368000030517578,26.209999084472656,28195.580078125,19949.029296875,2450.929931640625,3.109999895095825
2022-08-31,26.610950469970703,61.71467971801758,25.611608505249023,11.118346214294434,15095.4404296875,3955.0,11816.2001953125,119.3466567993164,30.43670082092285,25.8700008392334,28091.529296875,19954.390625,2472.050048828125,3.132999897003174
2022-09-01,26.056556701660156,60.438453674316406,25.095529556274414,10.865133285522461,14801.8603515625,3966.85009765625,11785.1298828125,117.1320571899414,30.332700729370117,25.559999465942383,27661.470703125,19597.310546875,2415.610107421875,3.265000104904175
2022-09-02,25.77370262145996,59.89149475097656,24.850608825683594,10.76538372039795,14673.0400390625,3924.260009765625,11630.8603515625,115.84718322753906,30.548200607299805,25.469999313354492,27650.83984375,19452.08984375,2409.409912109375,3.193000078201294
2022-09-05,25.83027458190918,59.89149475097656,24.903091430664062,10.76538372039795,14661.099609375,,,,30.613000869750977,,27619.609375,19225.69921875,2403.679931640625,
2022-09-06,25.999984741210938,60.25613021850586,24.9818115234375,10.76538372039795,14677.2001953125,3908.18994140625,11544.91015625,114.51065826416016,30.68600082397461,26.90999984741211,27626.509765625,19202.73046875,2410.02001953125,3.3399999141693115
2022-09-07,25.389020919799805,58.934322357177734,24.4482421875,10.596575736999512,14410.0498046875,3979.8701171875,11791.900390625,116.44766235351562,30.7987003326416,24.639999389648438,27430.30078125,19044.30078125,2376.4599609375,3.265000104904175
2022-09-08,25.570043563842773,59.25338363647461,24.66691780090332,10.703996658325195,14583.419921875,4006.179931640625,11862.1298828125,118.41044616699219,30.84779930114746,23.610000610351562,28065.279296875,18854.619140625,2384.280029296875,3.2920000553131104
2022-09-09,,,,,,4067.360107421875,12112.3095703125,121.25135040283203,30.858699798583984,22.790000915527344,28214.75,19362.25,,3.321000099182129
2022-09-12,26.113126754760742,60.484031677246094,25.113021850585938,10.888152122497559,14807.4296875,4110.41015625,12266.41015625,121.84210968017578,30.850000381469727,23.8700008392334,28542.109375,,,3.361999988555908
2022-09-13,26.248897552490234,60.8030891418457,25.226734161376953,10.957209587097168,14894.41015625,3932.68994140625,11633.5703125,114.27500915527344,30.882999420166016,27.270000457763672,28614.630859375,19326.859375,2449.5400390625,3.421999931335449
2022-09-14,25.717130661010742,59.61802291870117,24.75438690185547,10.773056030273438,14658.3095703125,3946.010009765625,11719.6796875,115.57276916503906,31.11870002746582,26.15999984741211,27818.619140625,18847.099609375,2411.419921875,3.4119999408721924
2022-09-15,25.76239013671875,59.70916748046875,24.850608825683594,10.796074867248535,14670.0400390625,3901.35009765625,11552.3603515625,113.65518188476562,31.069000244140625,26.270000457763672,27875.91015625,18930.380859375,2401.830078125,3.4590001106262207
2022-09-16,25.468215942382812,59.11664962768555,24.605690002441406,10.657959938049316,14561.759765625,3873.330078125,11448.400390625,114.33633422851562,31.222000122070312,26.299999237060547,27567.650390625,18761.689453125,2382.780029296875,3.447999954223633
2022-09-19,25.355077743530273,58.75200271606445,24.465736389160156,10.619595527648926,14425.6796875,3899.889892578125,11535.01953125,114.93680572509766,31.26099967956543,25.760000228881836,,18565.970703125,2355.659912109375,3.490000009536743
2022-09-20,25.581361770629883,59.25338363647461,24.605690002441406,10.711669921875,14549.2998046875,3855.929931640625,11425.0498046875,113.40982055664062,31.32200050354004,27.15999984741211,27688.419921875,18781.419921875,2367.85009765625,3.571000099182129
2022-09-21,25.366392135620117,58.79759216308594,24.439491271972656,10.604248046875,14424.51953125,3789.929931640625,11220.1904296875,112.26377868652344,31.339000701904297,27.989999771118164,27313.130859375,18444.619140625,2347.2099609375,3.509999990463257
2022-09-22,25.0609073638916,58.06831741333008,24.107101440429688,10.473804473876953,14284.6298828125,3757.989990234375,11066.8095703125,109.2098159790039,31.450000762939453,27.350000381469727,27153.830078125,18147.94921875,2332.31005859375,3.7079999446868896
2022-09-23,24.82331085205078,57.430198669433594,23.923410415649414,10.374054908752441,14118.3798828125,3693.22998046875,10867.9296875,107.74739074707031,31.538299560546875,29.920000076293945,,17933.26953125,2290.0,3.697000026702881
2022-09-26,24.35942840576172,56.33628845214844,23.47730827331543,10.10549545288086,13778.1904296875,3655.0400390625,10802.919921875,106.13163757324219,31.791000366210938,32.2599983215332,26431.55078125,17855.140625,2220.93994140625,3.878000020980835
2022-09-27,24.325485229492188,56.24513626098633,23.39858055114746,10.128514289855957,13826.58984375,3647.2900390625,10829.5,107.11837768554688,31.822999954223633,32.599998474121094,26571.869140625,17860.310546875,2223.860107421875,3.9639999866485596
2022-09-28,23.816347122192383,55.060062408447266,22.9437313079834,9.859955787658691,13466.0703125,3719.0400390625,11051.6396484375,108.63739013671875,31.674999237060547,30.18000030517578,26173.98046875,17250.880859375,2169.2900390625,3.7049999237060547
2022-09-29,23.73714828491211,54.877750396728516,22.88250160217285,9.836935043334961,13534.259765625,3640.469970703125,10737.509765625,105.25849914550781,31.67099952697754,31.84000015258789,26422.05078125,17165.869140625,2170.929931640625,3.746999979019165
2022-09-30,23.409038543701172,54.1028938293457,22.62009048461914,9.775550842285156,13424.580078125,3585.6201171875,10575.6201171875,103.45382690429688,31.63050079345703,31.6200008392334,25937.2109375,17222.830078125,2155.489990234375,3.803999900817871
2022-10-03,23.126184463500977,53.5103645324707,22.410158157348633,9.66812801361084,13300.48046875,3678.429931640625,10815.4296875,107.03073120117188,31.80299949645996,30.100000381469727,26215.7890625,17079.509765625,,3.6510000228881836
2022-10-04,23.714521408081055,54.741004943847656,22.873754501342773,9.959705352783203,13576.51953125,3790.929931640625,11176.41015625,112.052001953125,31.783700942993164,29.06999969482422,26992.2109375,,2209.3798828125,3.617000102996826
2022-10-05,24.268918991088867,56.10839080810547,23.37234115600586,10.220592498779297,13801.4296875,3783.280029296875,11148.6396484375,112.96731567382812,31.628000259399414,28.549999237060547,27120.529296875,18087.970703125,2215.219970703125,3.759000062942505
2022-10-06,24.438629150390625,56.518611907958984,23.47730827331543,10.274304389953613,13892.0498046875,3744.52001953125,11073.3095703125,112.51615905761719,31.523500442504883,30.520000457763672,27311.30078125,18012.150390625,2237.860107421875,3.8259999752044678
2022-10-07,24.03131866455078,55.56144714355469,23.118675231933594,10.113167762756348,13702.2802734375,3639.659912109375,10652.400390625,105.7648696899414,31.538999557495117,31.360000610351562,27116.109375,17740.05078125,2232.840087890625,3.882999897003174
2022-10-10,,,,,,3612.389892578125,10542.099609375,102.16849517822266,31.711000442504883,32.45000076293945,,17216.66015625,,3.888000011444092
2022-10-11,22.786754608154297,52.78109359741211,22.138996124267578,9.637434959411621,13106.0302734375,3588.840087890625,10426.1904296875,99.29595184326172,31.792800903320312,33.630001068115234,26401.25,16832.359375,2192.070068359375,3.938999891281128
2022-10-12,22.673614501953125,52.462032318115234,21.999038696289062,9.614415168762207,13081.240234375,3577.030029296875,10417.099609375,98.3319320678711,31.825300216674805,33.56999969482422,26396.830078125,16701.029296875,2202.469970703125,3.9019999504089355
2022-10-13,22.402074813842773,51.823917388916016,21.64915657043457,9.530012130737305,12810.73046875,3669.909912109375,10649.150390625,101.16230010986328,31.774200439453125,31.940000534057617,26237.419921875,16389.109375,2162.8701171875,3.9519999027252197
2022-10-14,23.04698371887207,53.282466888427734,22.173986434936523,9.836935043334961,13128.1201171875,3583.070068359375,10321.3896484375,96.94596862792969,31.848600387573242,32.02000045776367,27090.759765625,16587.689453125,2212.550048828125,4.010000228881836
2022-10-17,22.617046356201172,52.234134674072266,21.867835998535156,9.706493377685547,12966.0498046875,3677.949951171875,10675.7998046875,99.0005874633789,31.961999893188477,31.3700008392334,26775.7890625,16612.900390625,2219.7099609375,4.014999866485596
2022-10-18,22.87727165222168,52.87224578857422,22.095260620117188,9.775550842285156,13124.6796875,3719.97998046875,10772.400390625,99.34139251708984,31.988000869750977,30.5,27156.140625,16914.580078125,2249.949951171875,3.997999906539917
2022-10-19,22.571788787841797,52.18855285644531,21.88532829284668,9.66812801361084,12976.759765625,3695.159912109375,10680.509765625,99.97757720947266,32.016998291015625,30.760000228881836,27257.380859375,16511.279296875,2237.43994140625,4.126999855041504
2022-10-20,22.44733428955078,52.05181121826172,21.78911018371582,9.606742858886719,12946.099609375,3665.780029296875,10614.83984375,100.59752655029297,32.152000427246094,29.979999542236328,27006.9609375,16280.2197265625,2218.090087890625,4.22599983215332
2022-10-21,22.37944984436035,51.732765197753906,21.727882385253906,9.553030014038086,12819.2001953125,3752.75,10859.7197265625,104.33670043945312,32.09400177001953,29.690000534057617,26890.580078125,16211.1201171875,2213.1201171875,4.2129998207092285
2022-10-24,22.311561584472656,51.732765197753906,21.727882385253906,9.606742858886719,12856.98046875,3797.340087890625,10952.6103515625,104.7878646850586,32.18000030517578,29.850000381469727,26974.900390625,15180.6904296875,2236.159912109375,4.234000205993652
2022-10-25,21.881624221801758,50.59327697753906,21.395488739013672,9.399566650390625,12666.1201171875,3859.110107421875,11199.1201171875,107.1800308227539,32.31129837036133,28.459999084472656,27250.279296875,15165.58984375,2235.070068359375,4.107999801635742
2022-10-26,22.08527946472168,51.18581008911133,21.5179500579834,9.430261611938477,12729.0498046875,3830.60009765625,10970.990234375,106.12513732910156,32.22700119018555,27.280000686645508,27431.83984375,15317.669921875,2249.56005859375,4.014999866485596
2022-10-27,22.402074813842773,51.86949920654297,21.780363082885742,9.560705184936523,12926.3701171875,3807.300048828125,10792.669921875,104.24256896972656,31.962900161743164,27.389999389648438,27345.240234375,15427.9404296875,2288.780029296875,3.937000036239624
2022-10-28,22.119220733642578,51.231388092041016,21.526697158813477,9.437934875488281,12788.419921875,3901.06005859375,11102.4501953125,108.32906341552734,32.042999267578125,25.75,27105.19921875,14863.0595703125,2268.39990234375,4.010000228881836
2022-10-31,22.41339111328125,51.915077209472656,21.780363082885742,9.606742858886719,12949.75,3871.97998046875,10988.150390625,105.96932983398438,32.11399841308594,25.8799991607666,27587.4609375,14687.01953125,2293.610107421875,4.077000141143799
2022-11-01,22.5378475189209,52.18855285644531,21.911571502685547,9.64510726928711,13037.2099609375,3856.10009765625,10890.849609375,106.822998046875,32.24769973754883,25.809999465942383,27678.919921875,15455.26953125,2335.219970703125,4.052000045776367
2022-11-02,22.628360748291016,52.41645431518555,22.016536712646484,9.714166641235352,13100.169921875,3759.68994140625,10524.7998046875,103.45060729980469,32.124000549316406,25.860000610351562,27663.390625,15827.169921875,2336.8701171875,4.059000015258789
2022-11-03,22.334192276000977,51.77833938598633,21.762866973876953,9.637434959411621,12986.599609375,3719.889892578125,10342.9404296875,102.06462097167969,32.247501373291016,25.299999237060547,,15339.490234375,2329.169921875,4.124000072479248
2022-11-04,22.368133544921875,51.86949920654297,21.80660629272461,9.65278148651123,13026.7099609375,3770.550048828125,10475.25,106.78729248046875,32.150001525878906,24.549999237060547,27199.740234375,16161.1396484375,2348.429931640625,4.156000137329102
2022-11-07,22.75281524658203,52.735511779785156,22.173986434936523,9.790897369384766,13223.73046875,3806.800048828125,10564.51953125,109.09506225585938,31.999000549316406,24.350000381469727,27527.640625,16595.91015625,2371.7900390625,4.214000225067139
2022-11-08,22.99040985107422,53.32804870605469,22.401409149169922,9.852282524108887,13347.759765625,3828.110107421875,10616.2001953125,111.49695587158203,31.850000381469727,25.540000915527344,27872.109375,16557.310546875,2399.0400390625,4.125999927520752
2022-11-09,23.646635055541992,54.6954345703125,22.88250160217285,10.151533126831055,13638.8095703125,3748.570068359375,10353.169921875,107.93305969238281,31.7898006439209,26.09000015258789,27716.4296875,16358.51953125,2424.409912109375,4.151000022888184
2022-11-10,23.420351028442383,54.194053649902344,22.707561492919922,10.090147972106934,13503.759765625,3956.3701171875,11114.150390625,119.10189819335938,31.91200065612793,23.530000686645508,27446.099609375,16081.0400390625,2402.22998046875,3.8289999961853027
2022-11-11,24.66490936279297,57.01998519897461,23.74846839904785,10.542861938476562,14007.5595703125,3992.929931640625,11323.330078125,122.74695587158203,31.402000427246094,22.520000457763672,28263.5703125,17325.66015625,2483.159912109375,3.812999963760376
2022-11-14,24.891197204589844,57.65809631347656,23.89716911315918,10.634940147399902,14174.900390625,3957.25,11196.2197265625,121.40319061279297,31.096599578857422,23.729999542236328,27963.470703125,17619.7109375,2474.64990234375,3.865000009536743
2022-11-15,25.954729080200195,59.98265838623047,24.780630111694336,10.995576858520508,14546.3095703125,3991.72998046875,11358.41015625,124.921630859375,30.888999938964844,24.540000915527344,27990.169921875,18343.119140625,2480.330078125,3.7990000247955322
2022-11-16,25.90947151184082,59.917823791503906,24.78063201904297,11.018596649169922,14537.349609375,3958.7900390625,11183.66015625,119.76404571533203,31.07900047302246,24.110000610351562,28028.30078125,18256.48046875,2477.449951171875,3.691999912261963
2022-11-17,25.920785903930664,59.917823791503906,24.753870010375977,11.049288749694824,14535.23046875,3946.56005859375,11144.9599609375,120.70210266113281,31.03499984741211,23.93000030517578,27930.5703125,18045.66015625,2442.89990234375,3.7750000953674316
2022-11-18,25.8528995513916,59.7789192199707,24.673587799072266,11.003251075744629,14504.990234375,3965.340087890625,11146.0595703125,120.97149658203125,31.024999618530273,23.1200008392334,27899.76953125,17992.5390625,2444.47998046875,3.818000078201294
2022-11-21,25.76239013671875,59.5010871887207,24.620065689086914,10.941865921020508,14449.3896484375,3949.93994140625,11024.509765625,118.96558380126953,31.111299514770508,22.360000610351562,27944.7890625,17655.91015625,2419.5,3.825000047683716
2022-11-22,25.977357864379883,60.05674743652344,24.70926856994629,10.987903594970703,14542.2001953125,4003.580078125,11174.41015625,122.51000213623047,31.131000518798828,21.290000915527344,28115.740234375,17424.41015625,2405.27001953125,3.757999897003174
2022-11-23,26.158384323120117,60.47348403930664,24.905515670776367,11.003251075744629,14608.5400390625,4027.260009765625,11285.3203125,123.9901123046875,31.107200622558594,20.350000381469727,,17523.810546875,2418.010009765625,3.7060000896453857
2022-11-24,26.40729331970215,61.02912902832031,25.164203643798828,11.149038314819336,14784.0,,,,31.079700469970703,,28383.08984375,17660.900390625,2441.330078125,
2022-11-25,26.40729331970215,60.936527252197266,25.128522872924805,11.118346214294434,14778.509765625,4026.1201171875,11226.3603515625,122.33799743652344,30.913000106811523,20.5,28283.029296875,17573.580078125,2437.860107421875,3.690999984741211
2022-11-28,25.875530242919922,59.917823791503906,24.744949340820312,10.926518440246582,14556.8701171875,3963.93994140625,11049.5,119.2804183959961,30.928499221801758,22.209999084472656,28162.830078125,17297.939453125,2408.27001953125,3.703000068664551
2022-11-29,26.113126754760742,60.28826141357422,24.95903778076172,10.964883804321289,14709.6396484375,3957.6298828125,10983.7802734375,118.81952667236328,31.006099700927734,21.889999389648438,28027.83984375,18204.6796875,2433.389892578125,3.747999906539917
2022-11-30,26.328096389770508,60.89021682739258,25.164203643798828,11.087654113769531,14879.5498046875,4080.110107421875,11468.0,125.94733428955078,30.945999145507812,20.579999923706055,27968.990234375,18597.23046875,2472.530029296875,3.703000068664551
2022-12-01,26.780664443969727,61.81631088256836,25.503175735473633,11.271807670593262,15012.7998046875,4076.570068359375,11482.4501953125,125.04175567626953,30.777999877929688,19.84000015258789,28226.080078125,18736.439453125,2479.840087890625,3.5290000438690186
2022-12-02,26.54306983947754,61.39957046508789,25.31584930419922,11.256463050842285,14970.6796875,4071.699951171875,11461.5,123.62982177734375,30.587799072265625,19.059999465942383,27777.900390625,18675.349609375,2434.330078125,3.50600004196167
2022-12-05,26.577007293701172,61.35325622558594,25.34261131286621,11.271807670593262,14980.740234375,3998.840087890625,11239.9404296875,122.06534576416016,30.538000106811523,20.75,27820.400390625,19518.2890625,2419.320068359375,3.5989999771118164
2022-12-06,26.090497970581055,60.3808708190918,24.96795654296875,11.064634323120117,14728.8798828125,3941.260009765625,11014.8896484375,119.49789428710938,30.562999725341797,22.170000076293945,27885.869140625,19441.1796875,2393.159912109375,3.513000011444092
2022-12-07,25.932100296020508,59.96412658691406,24.81631088256836,10.934192657470703,14630.009765625,3933.919921875,10958.5498046875,119.24148559570312,30.633499145507812,22.68000030517578,27686.400390625,18814.8203125,2382.81005859375,3.4079999923706055
2022-12-08,25.626619338989258,59.26956558227539,24.557626724243164,10.819095611572266,14553.0400390625,3963.510009765625,11082.0,122.68853759765625,30.636999130249023,22.290000915527344,27574.4296875,19450.23046875,2371.080078125,3.490999937057495
2022-12-09,26.022613525390625,60.149349212646484,24.860916137695312,10.964883804321289,14705.4296875,3934.3798828125,11004.6201171875,121.55249786376953,30.46299934387207,22.829999923706055,27901.009765625,19900.869140625,2389.0400390625,3.566999912261963
2022-12-12,25.77370262145996,59.73261642456055,24.700349807739258,10.88047981262207,14612.58984375,3990.56005859375,11143.740234375,123.70446014404297,30.693700790405273,25.0,27842.330078125,19463.630859375,2373.02001953125,3.6110000610351562
2022-12-13,25.660560607910156,59.408477783203125,24.575464248657227,10.849788665771484,14522.9599609375,4019.64990234375,11256.8095703125,125.83055877685547,30.68000030517578,22.549999237060547,27954.849609375,19596.19921875,2372.39990234375,3.500999927520752
2022-12-14,25.977357864379883,60.195655822753906,24.88767433166504,10.995576858520508,14739.3603515625,3995.320068359375,11170.8896484375,123.9427261352539,30.60099983215332,21.139999389648438,28156.2109375,19673.44921875,2399.25,3.503000020980835
2022-12-15,25.999984741210938,60.24197006225586,24.905515670776367,10.941865921020508,14734.1298828125,3895.75,10810.5302734375,118.69913482666016,30.48430061340332,22.829999923706055,28051.69921875,19368.58984375,2360.969970703125,3.450000047683716
2022-12-16,25.570043563842773,59.17695999145508,24.504100799560547,10.76538372039795,14528.5498046875,3852.360107421875,10705.41015625,117.80077362060547,30.809999465942383,22.6200008392334,27527.119140625,19450.669921875,2360.02001953125,3.4820001125335693
2022-12-19,25.42296028137207,58.89912796020508,24.414897918701172,10.711669921875,14433.3203125,3817.659912109375,10546.0302734375,116.34259033203125,30.77079963684082,22.420000076293945,27237.640625,19352.810546875,2352.169921875,3.5810000896453857
2022-12-20,24.959083557128906,57.880435943603516,23.99564552307129,10.496824264526367,14170.0302734375,3821.6201171875,10547.1103515625,115.63301086425781,30.78569984436035,21.479999542236328,26568.029296875,19094.80078125,2333.2900390625,3.684000015258789
2022-12-21,25.0609073638916,58.019344329833984,24.040245056152344,10.504497528076172,14234.400390625,3878.43994140625,10709.3701171875,118.23693084716797,30.724000930786133,20.06999969482422,26387.720703125,19160.490234375,2328.949951171875,3.684000015258789
2022-12-22,25.479530334472656,58.99174499511719,24.423816680908203,10.627267837524414,14442.9404296875,3822.389892578125,10476.1201171875,113.45875549316406,30.679000854492188,21.969999313354492,26507.869140625,19679.220703125,2356.72998046875,3.6689999103546143
2022-12-23,25.049592971801758,58.15826416015625,24.102689743041992,10.489151000976562,14271.6298828125,3844.820068359375,10497.8603515625,113.556396484375,30.739999771118164,20.8700008392334,26235.25,19593.060546875,2313.68994140625,3.750999927520752
2022-12-26,25.140106201171875,58.29718017578125,24.191890716552734,10.496824264526367,14285.1298828125,,,,30.745100021362305,,26405.869140625,,2317.139892578125,
2022-12-27,25.25324821472168,58.43608856201172,24.26325225830078,10.542861938476562,14328.4296875,3829.25,10353.23046875,111.50581359863281,30.7189998626709,21.649999618530273,26447.869140625,,2332.7900390625,3.859999895095825
2022-12-28,24.891197204589844,57.5099983215332,23.942119598388672,10.358708381652832,14173.099609375,3783.219970703125,10213.2900390625,109.86210632324219,30.72209930419922,22.139999389648438,26340.5,19898.91015625,2280.449951171875,3.88700008392334
2022-12-29,24.778057098388672,57.278480529785156,23.826156616210938,10.343361854553223,14085.01953125,3849.280029296875,10478.08984375,113.36759948730469,30.72800064086914,21.440000534057617,26093.669921875,19741.140625,2236.39990234375,3.8350000381469727
2022-12-30,24.936452865600586,57.5099983215332,23.99564552307129,10.397073745727539,14137.6904296875,3839.5,10466.48046875,113.26345825195312,30.680099487304688,21.670000076293945,26094.5,19781.41015625,,3.878999948501587
2023-01-02,,,,,,,,,30.64780044555664,,,,2225.669921875,
2023-01-03,25.0609073638916,57.97304153442383,24.08484649658203,10.489151000976562,14224.1201171875,3824.139892578125,10386.98046875,112.1600570678711,30.72010040283203,22.899999618530273,,20145.2890625,2218.679931640625,3.7929999828338623
2023-01-04,25.00433921813965,57.74152755737305,24.040245056152344,10.473804473876953,14199.1298828125,3852.969970703125,10458.759765625,115.04713439941406,30.650299072265625,22.010000228881836,25716.859375,20793.109375,2255.97998046875,3.7090001106262207
2023-01-05,25.18536376953125,58.15826416015625,24.147287368774414,10.481478691101074,14301.0498046875,3808.10009765625,10305.240234375,113.10722351074219,30.687999725341797,22.459999084472656,25820.80078125,21052.169921875,2264.64990234375,3.7200000286102295
2023-01-06,25.298505783081055,58.52870178222656,24.298934936523438,10.611920356750488,14373.33984375,3895.080078125,10569.2900390625,118.37037658691406,30.62299919128418,21.1299991607666,25973.849609375,20991.640625,2289.969970703125,3.569000005722046
2023-01-09,26.20363998413086,60.427181243896484,24.976877212524414,10.918846130371094,14752.2099609375,3892.090087890625,10635.650390625,120.55113983154297,30.561500549316406,21.969999313354492,,21388.33984375,2350.18994140625,3.5169999599456787
2023-01-10,26.305465698242188,60.89021682739258,25.13744354248047,10.995576858520508,14802.9599609375,3919.25,10742.6298828125,122.11023712158203,30.461999893188477,20.579999923706055,26175.560546875,21331.4609375,2351.31005859375,3.621000051498413
2023-01-11,26.328096389770508,60.75130844116211,25.083921432495117,11.003251075744629,14751.4404296875,3969.610107421875,10931.669921875,123.68558502197266,30.432600021362305,21.09000015258789,26446.0,21436.05078125,2359.530029296875,3.553999900817871
2023-01-12,26.21495246887207,60.70500564575195,25.066082000732422,10.972557067871094,14731.6396484375,3983.169921875,11001.099609375,125.1893539428711,30.434999465942383,18.829999923706055,26449.8203125,21514.099609375,2365.10009765625,3.4489998817443848
2023-01-13,26.520437240600586,61.39957046508789,25.28908920288086,11.003251075744629,14824.1298828125,3999.090087890625,11079.16015625,125.70689392089844,30.32550048828125,18.350000381469727,26119.51953125,21738.66015625,2386.090087890625,3.510999917984009
2023-01-16,26.72409439086914,61.90891647338867,25.422893524169922,11.049288749694824,14927.009765625,,,,30.279300689697266,,25822.3203125,21746.720703125,2399.860107421875,
2023-01-17,26.72409439086914,61.81631088256836,25.396129608154297,11.056961059570312,14932.9296875,3990.969970703125,11095.1103515625,125.85009002685547,30.32900047302246,19.360000610351562,26138.6796875,21577.640625,2379.389892578125,3.5350000858306885
2023-01-18,,,,,,3928.860107421875,10957.009765625,125.1893539428711,30.27630043029785,20.34000015258789,26791.119140625,21678.0,2368.320068359375,3.375
2023-01-19,,,,,,3898.85009765625,10852.26953125,121.6773452758789,30.184999465942383,20.520000457763672,26405.23046875,21650.98046875,2380.340087890625,3.3970000743865967
2023-01-20,,,,,,3972.610107421875,11140.4296875,125.48553466796875,30.339000701904297,19.850000381469727,26553.529296875,22044.650390625,2395.260009765625,3.4839999675750732
2023-01-23,,,,,,4019.81005859375,11364.41015625,131.78701782226562,30.317699432373047,19.809999465942383,26906.0390625,,,3.5250000953674316
2023-01-24,,,,,,4016.949951171875,11334.26953125,130.791015625,30.292999267578125,19.200000762939453,27299.189453125,,,3.4690001010894775
2023-01-25,,,,,,4016.219970703125,11313.3603515625,131.14578247070312,30.267499923706055,19.079999923706055,27395.009765625,,2428.570068359375,3.4619998931884766
2023-01-26,,,,,,4060.429931640625,11512.41015625,133.35585021972656,30.247600555419922,18.729999542236328,27362.75,22566.779296875,2468.64990234375,3.493000030517578
2023-01-27,,,,,,4070.56005859375,11621.7099609375,132.50631713867188,30.208799362182617,18.510000228881836,27382.560546875,22688.900390625,2484.02001953125,3.5179998874664307
2023-01-30,27.92725372314453,64.59457397460938,26.448728561401367,11.536673545837402,15493.8203125,4017.77001953125,11393.8095703125,128.98780822753906,30.256000518798828,19.940000534057617,27433.400390625,22069.73046875,2450.469970703125,3.5510001182556152
2023-01-31,27.3719482421875,63.52956771850586,26.047317504882812,11.426575660705566,15265.2001953125,4076.60009765625,11584.5498046875,131.39317321777344,30.094999313354492,19.399999618530273,27327.109375,21842.330078125,2425.080078125,3.5290000438690186
2023-02-01,27.53391456604004,63.85369873046875,26.20787811279297,11.513081550598145,15420.1298828125,4119.2099609375,11816.3203125,138.24468994140625,30.0310001373291,17.8700008392334,27346.880859375,22072.1796875,2449.800048828125,3.3970000743865967
2023-02-02,27.996667861938477,64.77978515625,26.537933349609375,11.701821327209473,15595.16015625,4179.759765625,12200.8203125,141.44747924804688,29.533000946044922,18.729999542236328,27402.05078125,21958.359375,2468.8798828125,3.3959999084472656
2023-02-03,27.996667861938477,64.77978515625,26.52901268005371,11.701821327209473,15602.66015625,4136.47998046875,12006.9501953125,138.68734741210938,29.542999267578125,18.329999923706055,27509.4609375,21660.470703125,2480.39990234375,3.5320000648498535
2023-02-06,27.59175682067871,63.90000915527344,26.225719451904297,11.560267448425293,15392.8203125,4111.080078125,11887.4501953125,136.43496704101562,29.96579933166504,19.43000030517578,27693.650390625,21222.16015625,2438.18994140625,3.634000062942505
2023-02-07,27.53391456604004,63.76108169555664,26.145437240600586,11.528809547424316,15400.91015625,4164.0,12113.7900390625,140.7737274169922,29.998300552368164,18.65999984741211,27685.470703125,21298.69921875,2451.7099609375,3.6740000247955322
2023-02-08,27.96196174621582,64.68717193603516,26.511167526245117,11.749004364013672,15618.169921875,4117.85986328125,11910.51953125,137.74671936035156,30.027099609375,19.6299991607666,27606.4609375,21283.51953125,2483.639892578125,3.6530001163482666
2023-02-09,27.973529815673828,64.73347473144531,26.493331909179688,11.764732360839844,15598.7099609375,4081.5,11789.580078125,138.0981903076172,30.041500091552734,20.709999084472656,27584.349609375,21624.359375,2481.52001953125,3.683000087738037
2023-02-10,27.996667861938477,64.82608795166016,26.511167526245117,11.772597312927246,15586.650390625,4090.4599609375,11718.1201171875,135.90118408203125,30.003000259399414,20.530000686645508,27670.98046875,21190.419921875,2469.72998046875,3.74399995803833
2023-02-13,27.93882179260254,64.68717193603516,26.448728561401367,11.69395637512207,15544.2802734375,4137.2900390625,11891.7900390625,137.89967346191406,30.18079948425293,20.34000015258789,27427.3203125,21164.419921875,2452.699951171875,3.7170000076293945
2023-02-14,28.147062301635742,65.05760192871094,26.64497947692871,11.772597312927246,15654.48046875,4136.1298828125,11960.150390625,140.40267944335938,30.219999313354492,18.90999984741211,27602.76953125,21113.759765625,2465.639892578125,3.760999917984009
2023-02-15,27.499202728271484,63.76108169555664,26.10083770751953,11.568130493164062,15432.8896484375,4147.60009765625,12070.58984375,140.97555541992188,30.248699188232422,18.229999542236328,27501.859375,20812.169921875,2427.89990234375,3.809000015258789
2023-02-16,27.83470344543457,64.45565032958984,26.421968460083008,11.686091423034668,15550.5,4090.409912109375,11855.830078125,137.51882934570312,30.302000045776367,20.170000076293945,27696.439453125,20987.669921875,2475.47998046875,3.8429999351501465
2023-02-17,27.4760684967041,63.6221809387207,26.19004249572754,11.59172248840332,15479.7001953125,4079.090087890625,11787.26953125,135.3771209716797,30.253000259399414,20.020000457763672,27513.130859375,20719.810546875,2451.2099609375,3.828000068664551
2023-02-20,27.53391456604004,63.76108169555664,26.306005477905273,11.607450485229492,15551.23046875,,,,30.373300552368164,,27531.939453125,20886.9609375,2455.1201171875,
2023-02-21,27.5223445892334,63.66847610473633,26.25248146057129,11.646771430969238,15563.0,3997.340087890625,11492.2998046875,130.9927978515625,30.364500045776367,22.8700008392334,27473.099609375,20529.490234375,2458.9599609375,3.9549999237060547
2023-02-22,27.221553802490234,63.02021789550781,26.047317504882812,11.489489555358887,15418.76953125,3991.050048828125,11507.0703125,130.3646240234375,30.484500885009766,22.290000915527344,27104.3203125,20423.83984375,2417.679931640625,3.9230000972747803
2023-02-23,27.62646484375,63.946311950683594,26.350608825683594,11.670364379882812,15615.41015625,4012.320068359375,11590.400390625,134.6512908935547,30.475299835205078,21.139999389648438,,20351.349609375,2439.090087890625,3.878999948501587
2023-02-24,27.487638473510742,63.6221809387207,26.243560791015625,11.560267448425293,15503.7900390625,3970.0400390625,11394.9404296875,132.2394256591797,30.283000946044922,21.670000076293945,27453.48046875,20010.0390625,2423.610107421875,3.9489998817443848
2023-02-27,,,,,,3982.239990234375,11466.98046875,132.93923950195312,30.65679931640625,20.950000762939453,27423.9609375,19943.509765625,2402.639892578125,3.921999931335449
2023-02-28,,,,,,3970.14990234375,11455.5400390625,133.3948974609375,30.59779930114746,20.700000762939453,27445.560546875,19785.939453125,2412.85009765625,3.9159998893737793
2023-03-01,27.61489486694336,63.946311950683594,26.34168815612793,11.741142272949219,15598.490234375,3951.389892578125,11379.48046875,133.4307098388672,30.64579963684082,20.579999923706055,27516.529296875,20619.7109375,,3.99399995803833
2023-03-02,27.59175682067871,63.76108169555664,26.32384490966797,11.717548370361328,15598.7197265625,3981.35009765625,11462.98046875,134.49830627441406,30.560699462890625,19.59000015258789,27498.869140625,20429.4609375,2427.85009765625,4.072999954223633
2023-03-03,27.61489486694336,63.90000915527344,26.395206451416016,11.7332763671875,15608.419921875,4045.639892578125,11689.009765625,136.5716552734375,30.601499557495117,18.489999771118164,27927.470703125,20567.5390625,2432.070068359375,3.9639999866485596
2023-03-06,27.880977630615234,64.59457397460938,26.609294891357422,11.890559196472168,15763.509765625,4048.419921875,11675.740234375,134.9832763671875,30.498600006103516,18.610000610351562,28237.779296875,20603.189453125,2462.6201171875,3.9830000400543213
2023-03-07,28.06608009338379,64.91869354248047,26.769861221313477,11.992794036865234,15857.8896484375,3986.3701171875,11530.330078125,133.56092834472656,30.575000762939453,19.59000015258789,28309.16015625,20534.48046875,2463.35009765625,3.9749999046325684
2023-03-08,27.83470344543457,64.50196075439453,26.618215560913086,11.914151191711426,15818.2001953125,3992.010009765625,11576.0,137.11199951171875,30.726299285888672,19.110000610351562,28444.189453125,20051.25,2431.909912109375,3.9760000705718994
2023-03-09,27.81156349182129,64.40935516357422,26.62713623046875,11.898423194885254,15770.66015625,3918.320068359375,11338.349609375,134.38763427734375,30.72480010986328,22.610000610351562,28623.150390625,19925.740234375,2419.090087890625,3.924999952316284
2023-03-10,27.3719482421875,63.4832649230957,26.25248146057129,11.69395637512207,15526.2001953125,3861.590087890625,11138.8896484375,131.79025268554688,30.813899993896484,24.799999237060547,28143.970703125,19319.919921875,2394.590087890625,3.694999933242798
2023-03-13,27.487638473510742,63.66847610473633,26.359525680541992,11.741142272949219,15560.490234375,3855.760009765625,11188.83984375,131.82933044433594,30.828699111938477,26.520000457763672,27832.9609375,19695.970703125,2410.60009765625,3.515000104904175
2023-03-14,27.186847686767578,62.973907470703125,26.047317504882812,11.599586486816406,15360.419921875,3919.2900390625,11428.150390625,135.68309020996094,30.454999923706055,23.729999542236328,27222.0390625,19247.9609375,2348.969970703125,3.638000011444092
2023-03-15,27.209983825683594,62.973907470703125,26.074077606201172,11.615315437316895,15387.58984375,3891.929931640625,11434.0498046875,134.10121154785156,30.378999710083008,26.139999389648438,27229.48046875,19539.869140625,2379.719970703125,3.492000102996826
2023-03-16,27.082727432250977,62.649784088134766,25.931350708007812,11.59172248840332,15221.1201171875,3960.280029296875,11717.2802734375,139.33834838867188,30.520000457763672,22.989999771118164,27010.609375,19203.91015625,2377.909912109375,3.5850000381469727
2023-03-17,27.5223445892334,63.4832649230957,26.20787811279297,11.772597312927246,15452.9599609375,3916.639892578125,11630.509765625,138.475830078125,30.548999786376953,25.510000228881836,27333.7890625,19518.58984375,2395.68994140625,3.3949999809265137
2023-03-20,27.325674057006836,63.15912628173828,26.109760284423828,11.72541332244873,15419.9697265625,3951.570068359375,11675.5400390625,139.94052124023438,30.618000030517578,24.149999618530273,26945.669921875,19000.7109375,2379.199951171875,3.4809999465942383
2023-03-21,27.452930450439453,63.436954498291016,26.25248146057129,11.80405330657959,15513.4501953125,4002.8701171875,11860.1103515625,140.2171173095703,30.506000518798828,21.3799991607666,,19258.759765625,2388.35009765625,3.6059999465942383
2023-03-22,27.973529815673828,64.64087677001953,26.689579010009766,11.984929084777832,15760.4599609375,3936.969970703125,11669.9599609375,138.82406616210938,30.480100631713867,22.260000228881836,27466.609375,19591.4296875,2416.9599609375,3.5
2023-03-23,28.193336486816406,65.05760192871094,26.885822296142578,12.063570022583008,15863.9501953125,3948.719970703125,11787.400390625,142.6066436767578,30.350000381469727,22.610000610351562,27419.609375,20049.640625,2424.47998046875,3.4059998989105225
2023-03-24,28.27431869506836,65.42803955078125,27.00179100036621,12.165803909301758,15914.7001953125,3970.989990234375,11823.9599609375,140.13320922851562,30.13800048828125,21.739999771118164,27385.25,19915.6796875,2414.9599609375,3.380000114440918
2023-03-27,28.100786209106445,65.01130676269531,26.912586212158203,12.055706024169922,15830.3095703125,3977.530029296875,11768.83984375,138.48861694335938,30.320999145507812,20.600000381469727,27476.869140625,19567.689453125,2409.219970703125,3.5280001163482666
2023-03-28,27.85784149169922,64.45565032958984,26.698497772216797,11.922016143798828,15701.48046875,3971.27001953125,11716.080078125,137.45095825195312,30.163000106811523,19.969999313354492,27518.25,19784.650390625,2434.93994140625,3.563999891281128
2023-03-29,27.90411949157715,64.64087677001953,26.787700653076172,11.929879188537598,15769.759765625,4027.81005859375,11926.240234375,141.86917114257812,30.344999313354492,19.1200008392334,27883.779296875,20192.400390625,2443.919921875,3.565999984741211
2023-03-30,28.04294204711914,64.87239074707031,26.97502899169922,12.04784107208252,15849.4296875,4050.830078125,12013.4697265625,144.20553588867188,30.516000747680664,19.020000457763672,27782.9296875,20309.130859375,2453.159912109375,3.5510001182556152
2023-03-31,28.135494232177734,65.05760192871094,27.028549194335938,12.095027923583984,15868.0595703125,4109.31005859375,12221.91015625,145.09959411621094,30.351999282836914,18.700000762939453,28041.48046875,20400.109375,2476.860107421875,3.49399995803833
2023-04-03,,,,,,4124.509765625,12189.4501953125,143.8466033935547,30.524999618530273,18.549999237060547,28188.150390625,20409.1796875,2472.340087890625,3.430000066757202
2023-04-04,,,,,,4100.60009765625,12126.330078125,141.1643524169922,30.478599548339844,19.0,28287.419921875,20274.58984375,2480.510009765625,3.3369998931884766
2023-04-05,,,,,,4090.3798828125,11996.8603515625,138.717041015625,30.385299682617188,19.079999923706055,27813.259765625,,2495.2099609375,3.2869999408721924
2023-04-06,27.996667861938477,64.87239074707031,26.85906410217285,11.984929084777832,15810.76953125,4105.02001953125,12087.9599609375,138.0023956298828,30.540800094604492,18.399999618530273,27472.630859375,20331.19921875,2459.22998046875,3.2880001068115234
2023-04-07,27.996667861938477,64.77978515625,26.9215087890625,11.984929084777832,15836.5,,,,30.510400772094727,,27518.310546875,,2490.409912109375,
2023-04-10,27.996667861938477,64.87239074707031,26.939348220825195,11.984929084777832,15876.169921875,4109.10986328125,12084.3603515625,140.43991088867188,30.39299964904785,18.969999313354492,27633.66015625,,2512.080078125,3.4149999618530273
2023-04-11,27.96196174621582,64.77978515625,26.939348220825195,11.992794036865234,15913.8798828125,4108.93994140625,12031.8798828125,139.70248413085938,30.522199630737305,19.100000381469727,27923.369140625,20485.240234375,2547.860107421875,3.434000015258789
2023-04-12,27.892547607421875,64.64087677001953,26.90366554260254,11.97706413269043,15932.9697265625,4091.949951171875,11929.33984375,137.14752197265625,30.479900360107422,19.09000015258789,28082.69921875,20309.859375,2550.639892578125,3.4210000038146973
2023-04-13,27.649600982666016,64.08522033691406,26.743101119995117,11.874831199645996,15804.759765625,4146.22021484375,12166.26953125,138.27650451660156,30.446500778198242,17.799999237060547,28156.970703125,20344.48046875,2561.659912109375,3.4519999027252197
2023-04-14,27.915687561035156,64.68717193603516,26.939348220825195,11.969202041625977,15929.4296875,4137.64013671875,12123.4697265625,138.06117248535156,30.451000213623047,17.06999969482422,28493.470703125,20438.810546875,2571.489990234375,3.5220000743865967
2023-04-17,27.846271514892578,64.59457397460938,26.885822296142578,11.914151191711426,15963.5498046875,4151.31982421875,12157.7197265625,138.06117248535156,30.506000518798828,16.950000762939453,28514.779296875,20782.44921875,2575.909912109375,3.5910000801086426
2023-04-18,27.753721237182617,64.36304473876953,26.81446075439453,11.866968154907227,15869.4404296875,4154.8701171875,12153.41015625,138.65830993652344,30.46649932861328,16.829999923706055,28658.830078125,20650.509765625,2571.090087890625,3.572000026702881
2023-04-19,27.545482635498047,63.90000915527344,26.62713623046875,11.80405330657959,15770.4697265625,4154.52001953125,12157.23046875,137.1409454345703,30.451900482177734,16.459999084472656,28606.759765625,20367.759765625,2575.080078125,3.6019999980926514
2023-04-20,27.51077651977539,63.80739212036133,26.591453552246094,11.780460357666016,15707.51953125,4129.7900390625,12059.5595703125,137.01370239257812,30.537500381469727,17.170000076293945,28657.5703125,20396.970703125,2563.110107421875,3.5450000762939453
2023-04-21,27.44135856628418,63.6221809387207,26.484411239624023,11.701821327209473,15602.990234375,4133.52001953125,12072.4599609375,136.0086669921875,30.55929946899414,16.770000457763672,28564.369140625,20075.73046875,2544.39990234375,3.569999933242798
2023-04-24,27.337244033813477,63.39065170288086,26.430885314941406,11.686091423034668,15626.8701171875,4137.0400390625,12037.2001953125,135.39849853515625,30.625,16.889999389648438,28593.51953125,19959.939453125,2523.5,3.515000104904175
2023-04-25,26.978609085083008,62.60348892211914,26.10083770751953,11.458032608032227,15370.73046875,4071.6298828125,11799.16015625,130.84974670410156,30.57200050354004,18.760000228881836,28620.0703125,19617.880859375,2489.02001953125,3.3959999084472656
2023-04-26,26.862916946411133,62.094139099121094,25.9759521484375,11.418712615966797,15374.6298828125,4055.989990234375,11854.349609375,131.54806518554688,30.693700790405273,18.84000015258789,28416.470703125,19757.26953125,2484.830078125,3.431999921798706
2023-04-27,26.83978271484375,62.233055114746094,26.00271224975586,11.481624603271484,15411.490234375,4135.35009765625,12142.240234375,132.10276794433594,30.628299713134766,17.030000686645508,28457.6796875,19840.279296875,2495.81005859375,3.5280001163482666
2023-04-28,27.163707733154297,62.9276123046875,26.288162231445312,11.631043434143066,15579.1796875,4169.47998046875,12226.580078125,134.4848175048828,30.626800537109375,15.779999732971191,28856.439453125,19894.5703125,2501.530029296875,3.4519999027252197
2023-05-01,,,,,,4167.8701171875,12212.599609375,135.70193481445312,30.746000289916992,16.079999923706055,29123.1796875,,,3.5739998817443848
2023-05-02,27.233121871948242,63.02021789550781,26.314924240112305,11.678228378295898,15636.48046875,4119.580078125,12080.509765625,134.73280334472656,30.72879981994629,17.780000686645508,29157.94921875,19933.810546875,2524.389892578125,3.438999891281128
2023-05-03,27.117435455322266,62.83500289916992,26.20787811279297,11.66249942779541,15553.41015625,4090.75,12025.330078125,133.1861114501953,30.75480079650879,18.34000015258789,,19699.16015625,2501.39990234375,3.4030001163482666
2023-05-04,27.186847686767578,62.9276123046875,26.27032470703125,11.686091423034668,15609.0302734375,4061.219970703125,11966.400390625,132.43885803222656,30.646799087524414,20.09000015258789,,19948.73046875,2500.93994140625,3.3510000705718994
2023-05-05,27.256261825561523,63.15912628173828,26.297082901000977,11.701821327209473,15626.0703125,4136.25,12235.41015625,135.3854217529297,30.627899169921875,17.190000534057617,,20049.310546875,,3.446000099182129
2023-05-08,27.429792404174805,63.52956771850586,26.45764923095703,11.796189308166504,15699.5703125,4138.1201171875,12256.919921875,135.95645141601562,30.577999114990234,16.979999542236328,28949.880859375,20297.029296875,2513.2099609375,3.5209999084472656
2023-05-09,27.51077651977539,63.714786529541016,26.555774688720703,11.80405330657959,15727.7001953125,4119.169921875,12179.5498046875,133.6429443359375,30.58799934387207,17.709999084472656,29242.8203125,19867.580078125,2510.06005859375,3.5209999084472656
2023-05-10,27.256261825561523,63.251747131347656,26.36844825744629,11.701821327209473,15641.759765625,4137.64013671875,12306.4404296875,135.00363159179688,30.649799346923828,16.940000534057617,29122.1796875,19762.19921875,2496.510009765625,3.438999891281128
2023-05-11,27.198415756225586,62.973907470703125,26.243560791015625,11.631043434143066,15514.6396484375,4130.6201171875,12328.509765625,134.1193389892578,30.61440086364746,16.93000030517578,29126.720703125,19743.7890625,2491.0,3.3970000743865967
2023-05-12,27.117435455322266,62.788700103759766,26.172199249267578,11.638907432556152,15502.3603515625,4124.080078125,12284.740234375,133.99534606933594,30.697900772094727,17.030000686645508,29388.30078125,19627.240234375,2475.419921875,3.4630000591278076
2023-05-15,27.117435455322266,62.788700103759766,26.216800689697266,11.59172248840332,15475.0498046875,4136.27978515625,12365.2099609375,137.63368225097656,30.809999465942383,17.1200008392334,29626.33984375,19971.130859375,2479.35009765625,3.507999897003174
2023-05-16,27.44135856628418,63.52956771850586,26.520092010498047,11.709685325622559,15673.900390625,4109.89990234375,12343.0498046875,137.3759002685547,30.743000030517578,17.989999771118164,29842.990234375,19978.25,2480.239990234375,3.5490000247955322
2023-05-17,27.892547607421875,64.50196075439453,26.90366554260254,11.83551025390625,15925.2900390625,4158.77001953125,12500.5703125,140.76954650878906,30.777799606323242,16.8700008392334,30093.58984375,19560.5703125,2494.659912109375,3.5810000896453857
2023-05-18,28.26275062561035,65.33544158935547,27.21587562561035,11.953473091125488,16101.8798828125,4198.0498046875,12688.83984375,145.21710205078125,30.79129981994629,16.049999237060547,30573.9296875,19727.25,2515.39990234375,3.6480000019073486
2023-05-19,28.343734741210938,65.47434997558594,27.314001083374023,12.01638412475586,16174.919921875,4191.97998046875,12657.900390625,144.46986389160156,30.69029998779297,16.809999465942383,30808.349609375,19450.5703125,2537.7900390625,3.691999912261963
2023-05-22,28.297460556030273,65.42803955078125,27.28723907470703,11.984929084777832,16180.8896484375,4192.6298828125,12720.7802734375,144.96908569335938,30.6200008392334,17.209999084472656,31086.8203125,19678.169921875,2557.080078125,3.7190001010894775
2023-05-23,28.27431869506836,65.42803955078125,27.296159744262695,12.00852108001709,16188.0302734375,4145.580078125,12560.25,143.1776885986328,30.660999298095703,18.530000686645508,30957.76953125,19431.25,2567.550048828125,3.697999954223633
2023-05-24,28.135494232177734,65.10391235351562,27.21587562561035,11.992794036865234,16159.3203125,4115.240234375,12484.16015625,140.6161346435547,30.805400848388672,20.030000686645508,30682.6796875,19115.9296875,2567.449951171875,3.7190001010894775
2023-05-25,28.470991134643555,65.79847717285156,27.438880920410156,12.189395904541016,16292.0,4151.27978515625,12698.08984375,149.981201171875,30.808399200439453,19.139999389648438,30801.130859375,18746.919921875,2554.68994140625,3.813999891281128
2023-05-26,29.141984939575195,67.32652282714844,27.991941452026367,12.511824607849121,16505.05078125,4205.4501953125,12975.6904296875,159.7834930419922,30.75979995727539,17.950000762939453,30916.310546875,,2558.81005859375,3.809999942779541
2023-05-29,29.327091217041016,67.65065002441406,28.152509689331055,12.676973342895508,16636.30078125,,,,30.684999465942383,,31233.5390625,18551.109375,,
2023-05-30,29.327091217041016,67.78956604003906,28.152509689331055,12.724156379699707,16622.740234375,4205.52001953125,13017.4296875,159.64974975585938,30.535999298095703,17.459999084472656,31328.16015625,18595.779296875,2585.52001953125,3.700000047683716
2023-05-31,29.188264846801758,67.41913604736328,28.063304901123047,12.684836387634277,16578.9609375,4179.830078125,12935.2900390625,155.55128479003906,30.56130027770996,17.940000534057617,30887.880859375,18234.26953125,2577.1201171875,3.63700008392334
2023-06-01,28.95688247680664,66.86347961425781,27.902742385864258,12.590466499328613,16512.650390625,4221.02001953125,13100.98046875,158.22703552246094,30.64590072631836,15.649999618530273,31148.009765625,18216.91015625,2569.169921875,3.6080000400543213
2023-06-02,29.327091217041016,67.69695281982422,28.24171257019043,12.724156379699707,16706.91015625,4282.3701171875,13240.76953125,157.85499572753906,30.582799911499023,14.600000381469727,31524.220703125,18949.939453125,2601.360107421875,3.690999984741211
2023-06-05,29.234535217285156,67.5117416381836,28.179271697998047,12.684836387634277,16714.4296875,4273.7900390625,13229.4296875,155.4109649658203,30.66699981689453,14.729999542236328,32217.4296875,19108.5,2615.409912109375,3.693000078201294
2023-06-06,29.315519332885742,67.7432632446289,28.366596221923828,12.700565338134766,16761.66015625,4283.85009765625,13276.419921875,157.28726196289062,30.64579963684082,13.960000038146973,32506.779296875,19099.279296875,,3.6989998817443848
2023-06-07,29.639448165893555,68.48413848876953,28.589601516723633,12.881439208984375,16922.48046875,4267.52001953125,13104.900390625,157.0555877685547,30.631799697875977,13.9399995803833,31913.740234375,19252.0,2615.60009765625,3.7839999198913574
2023-06-08,29.3502254486084,67.83586883544922,28.295230865478516,12.716293334960938,16733.689453125,4293.93017578125,13238.51953125,158.6632080078125,30.712900161743164,13.649999618530273,31641.26953125,19299.1796875,2610.85009765625,3.7139999866485596
2023-06-09,29.570035934448242,68.43783569335938,28.527162551879883,12.873574256896973,16886.400390625,4298.85986328125,13259.1396484375,159.08143615722656,30.64579963684082,13.829999923706055,32265.169921875,19389.94921875,2641.159912109375,3.744999885559082
2023-06-12,29.847686767578125,68.94717407226562,28.69664764404297,12.983674049377441,16955.369140625,4338.93017578125,13461.919921875,164.2048797607422,30.660999298095703,15.010000228881836,32434.0,19404.310546875,2629.35009765625,3.765000104904175
2023-06-13,30.437698364257812,70.38260650634766,29.205108642578125,13.306103706359863,17216.599609375,4369.009765625,13573.3203125,166.40390014648438,30.711299896240234,14.609999656677246,33018.6484375,19521.419921875,2637.949951171875,3.8389999866485596
2023-06-14,30.426130294799805,70.24369049072266,29.222946166992188,13.345422744750977,17238.140625,4372.58984375,13626.48046875,168.76632690429688,30.577999114990234,13.880000114440918,33502.421875,19408.419921875,2619.080078125,3.7960000038146973
2023-06-15,30.5186824798584,70.52153778076172,29.36566925048828,13.455521583557129,17334.98046875,4425.83984375,13782.8203125,167.37106323242188,30.731300354003906,14.5,33485.48828125,19828.919921875,2608.5400390625,3.7279999256134033
2023-06-16,30.437698364257812,70.29000091552734,29.338911056518555,13.40833568572998,17288.91015625,4409.58984375,13689.5703125,165.82557678222656,30.65329933166504,13.539999961853027,33706.078125,20040.369140625,2625.7900390625,3.7690000534057617
2023-06-19,30.3682861328125,70.24369049072266,29.303226470947266,13.455521583557129,17274.560546875,,,,30.70800018310547,,33370.421875,19912.890625,2609.5,
2023-06-20,30.206323623657227,69.82696533203125,29.178340911865234,13.33755874633789,17184.91015625,4388.7099609375,13667.2900390625,164.4825897216797,30.791799545288086,13.880000114440918,33388.91015625,19607.080078125,2604.909912109375,3.7290000915527344
2023-06-21,30.206323623657227,69.8732681274414,29.214027404785156,13.353285789489746,17202.400390625,4365.68994140625,13502.2001953125,160.473388671875,30.95330047607422,13.199999809265137,33575.140625,19218.349609375,2582.6298828125,3.7230000495910645
2023-06-22,,,,,,4381.89013671875,13630.6103515625,161.22164916992188,30.92300033569336,12.90999984741211,33264.87890625,,2593.699951171875,3.7990000247955322
2023-06-23,,,,,,4348.330078125,13492.51953125,158.38217163085938,30.993799209594727,13.4399995803833,32781.5390625,18889.970703125,2570.10009765625,3.739000082015991
2023-06-26,30.021221160888672,69.45652770996094,29.04454231262207,13.227460861206055,17059.240234375,4328.81982421875,13335.7802734375,158.8951873779297,30.996999740600586,14.25,32698.810546875,18794.130859375,2582.199951171875,3.7190001010894775
2023-06-27,29.824548721313477,69.2249984741211,28.848291397094727,13.109498023986816,16887.900390625,4378.41015625,13555.669921875,164.44668579101562,31.003999710083008,13.739999771118164,32538.330078125,19148.130859375,2581.389892578125,3.7679998874664307
2023-06-28,29.870824813842773,69.13239288330078,28.866134643554688,13.156683921813965,16935.630859375,4376.85986328125,13591.75,163.17886352539062,30.993499755859375,13.430000305175781,33193.98828125,19172.05078125,2564.18994140625,3.7100000381469727
2023-06-29,29.859254837036133,69.13239288330078,28.87505340576172,13.180276870727539,16942.30078125,4396.43994140625,13591.330078125,163.22462463378906,31.056499481201172,13.539999961853027,33234.140625,18934.359375,2550.02001953125,3.8540000915527344
2023-06-30,29.870824813842773,69.2249984741211,28.955337524414062,13.227460861206055,16915.5390625,4450.3798828125,13787.919921875,165.7471160888672,31.117300033569336,13.59000015258789,33189.0390625,18916.4296875,2564.280029296875,3.819000005722046
2023-07-03,30.241029739379883,70.01216888427734,29.303226470947266,13.431927680969238,17084.19921875,4455.58984375,13816.76953125,167.2207794189453,31.145999908447266,13.569999694824219,33753.328125,19306.58984375,2602.469970703125,3.8580000400543213
2023-07-04,30.310443878173828,70.29000091552734,29.410276412963867,13.604937553405762,17140.76953125,,,,31.087799072265625,,33422.51953125,19415.6796875,2593.31005859375,
2023-07-05,30.2641658782959,70.01216888427734,29.276470184326172,13.542024612426758,17056.4296875,4446.81982421875,13791.650390625,163.52525329589844,31.077999114990234,14.180000305175781,33338.69921875,19110.380859375,2579.0,3.944999933242798
2023-07-06,29.593172073364258,68.761962890625,28.803695678710938,13.313966751098633,16762.169921875,4411.58984375,13679.0400390625,161.46347045898438,31.224199295043945,15.4399995803833,32773.01953125,18533.05078125,2556.2900390625,4.040999889373779
2023-07-07,29.54689598083496,68.53044128417969,28.65204620361328,13.243188858032227,16664.2109375,4398.9501953125,13660.7197265625,161.53207397460938,31.326900482177734,14.829999923706055,32388.419921875,18365.69921875,2526.7099609375,4.050000190734863
2023-07-10,29.489049911499023,68.34522247314453,28.616365432739258,13.203869819641113,16652.80078125,4409.52978515625,13685.48046875,164.89431762695312,31.259000778198242,15.069999694824219,32189.73046875,18479.720703125,2520.699951171875,4.00600004196167
2023-07-11,29.893962860107422,69.3176040649414,29.035619735717773,13.455521583557129,16898.91015625,4439.259765625,13760.7001953125,164.9008331298828,31.360000610351562,14.84000015258789,32203.5703125,18659.830078125,2562.489990234375,3.9800000190734863
2023-07-12,29.951807022094727,69.41021728515625,29.196182250976562,13.612801551818848,16962.029296875,4472.16015625,13918.9599609375,167.97235107421875,31.265499114990234,13.539999961853027,31943.9296875,18860.94921875,2574.719970703125,3.8610000610351562
2023-07-13,30.287302017211914,70.15109252929688,29.437034606933594,13.832998275756836,17061.400390625,4510.0400390625,14138.5703125,171.44236755371094,31.03380012512207,13.609999656677246,32419.330078125,19350.619140625,2591.22998046875,3.760999917984009
2023-07-14,30.59966278076172,70.66043853759766,29.740324020385742,14.02173900604248,17283.7109375,4505.419921875,14113.7001953125,169.29891967773438,30.957799911499023,13.34000015258789,32391.259765625,19413.779296875,2628.300048828125,3.819000005722046
2023-07-17,30.54181671142578,70.79934692382812,29.731403350830078,14.037467002868652,17334.2890625,4522.7900390625,14244.9501953125,173.3505859375,30.950000762939453,13.479999542236328,,,2619.0,3.796999931335449
2023-07-18,30.483131408691406,70.70696258544922,29.696746826171875,14.076784133911133,17227.91015625,4554.97998046875,14353.6396484375,173.6708221435547,30.950000762939453,13.300000190734863,32493.890625,19015.720703125,2607.6201171875,3.7890000343322754
2023-07-19,30.224899291992188,70.42413330078125,29.54169464111328,13.903776168823242,17116.439453125,4565.72021484375,14358.01953125,171.60899353027344,30.902999877929688,13.760000228881836,32896.03125,18952.310546875,2608.239990234375,3.742000102996826
2023-07-20,30.365755081176758,70.42413330078125,29.5599365234375,13.943096160888672,17164.890625,4534.8701171875,14063.3095703125,165.3680877685547,31.04330062866211,13.989999771118164,32490.51953125,18928.01953125,2600.22998046875,3.8540000915527344
2023-07-21,29.861024856567383,69.38709259033203,29.27719497680664,13.880183219909668,17030.69921875,4536.33984375,14032.8095703125,166.861328125,31.037799835205078,13.600000381469727,32304.25,19075.259765625,2609.760009765625,3.8369998931884766
2023-07-24,29.872760772705078,69.48136901855469,29.35927963256836,14.061057090759277,17033.609375,4554.64013671875,14058.8701171875,166.85482788085938,31.32200050354004,13.90999984741211,32700.939453125,18668.150390625,2628.530029296875,3.8570001125335693
2023-07-25,30.248374938964844,70.23558044433594,29.623777389526367,14.13969898223877,17198.890625,4567.4599609375,14144.5595703125,169.66162109375,31.299999237060547,13.859999656677246,32682.509765625,19434.400390625,2636.4599609375,3.9119999408721924
2023-07-26,30.166208267211914,70.14130401611328,29.5599365234375,14.084650993347168,17162.55078125,4566.75,14127.2802734375,167.3188018798828,31.166000366210938,13.1899995803833,32668.33984375,19365.140625,2592.360107421875,3.8510000705718994
2023-07-27,30.40096664428711,70.47126007080078,29.696746826171875,14.092514991760254,17241.8203125,4537.41015625,14050.1103515625,170.46539306640625,31.214000701904297,14.40999984741211,32891.16015625,19639.109375,2603.81005859375,4.01200008392334
2023-07-28,30.40096664428711,70.5184097290039,29.733226776123047,14.20261287689209,17292.9296875,4582.22998046875,14316.66015625,174.18707275390625,31.296300888061523,13.329999923706055,32759.23046875,19916.560546875,2608.320068359375,3.9690001010894775
2023-07-31,30.23663902282715,70.23558044433594,29.45960807800293,14.029601097106934,17145.4296875,4588.9599609375,14346.01953125,174.90921020507812,31.353500366210938,13.630000114440918,33172.21875,20078.939453125,2632.580078125,3.9590001106262207
2023-08-01,30.389225006103516,70.56553649902344,29.632902145385742,14.092514991760254,17212.869140625,4576.72998046875,14283.91015625,175.02029418945312,31.39889907836914,13.930000305175781,33476.578125,20011.119140625,2667.070068359375,4.051000118255615
2023-08-02,30.01361656188965,69.76419830322266,29.185989379882812,13.738629341125488,16893.73046875,4513.39013671875,13973.4501953125,168.3219451904297,31.594999313354492,16.09000015258789,32707.689453125,19517.380859375,2616.469970703125,4.078000068664551
2023-08-03,,,,,,4501.89013671875,13959.7197265625,167.89059448242188,31.63010025024414,15.920000076293945,32159.279296875,19420.869140625,2605.389892578125,4.189000129699707
2023-08-04,29.872760772705078,69.38709259033203,29.094785690307617,13.715036392211914,16843.6796875,4478.02978515625,13909.240234375,167.6259307861328,31.640499114990234,17.100000381469727,32192.75,19539.4609375,2602.800048828125,4.059999942779541
2023-08-07,30.166208267211914,69.85847473144531,29.37752342224121,13.96668815612793,16996.0,4518.43994140625,13994.400390625,169.39036560058594,31.652000427246094,15.770000457763672,32254.560546875,19537.919921875,2580.7099609375,4.078000068664551
2023-08-08,29.814075469970703,69.19854736328125,29.076541900634766,13.85659122467041,16877.0703125,4499.3798828125,13884.3203125,166.6947479248047,31.66550064086914,15.989999771118164,32377.2890625,19184.169921875,2573.97998046875,4.026000022888184
2023-08-09,29.861024856567383,69.2928237915039,29.067424774169922,13.801542282104492,16870.939453125,4467.7099609375,13722.01953125,163.6363067626953,31.795499801635742,15.960000038146973,32204.330078125,19246.029296875,2605.1201171875,4.01200008392334
2023-08-10,29.6732177734375,68.91571807861328,28.83028793334961,13.526298522949219,16634.69921875,4468.830078125,13737.990234375,162.97630310058594,31.708999633789062,15.850000381469727,32473.650390625,19248.259765625,2601.56005859375,4.079999923706055
2023-08-11,29.649747848510742,68.77429962158203,28.821165084838867,13.54988956451416,16601.25,4464.0498046875,13644.849609375,159.02589416503906,31.741500854492188,14.84000015258789,,19075.189453125,2591.260009765625,4.168000221252441
2023-08-14,29.227184295654297,67.92582702636719,28.438098907470703,13.463384628295898,16393.66015625,4489.72021484375,13788.330078125,163.61346435546875,31.893999099731445,14.819999694824219,32059.91015625,18773.55078125,2570.8701171875,4.184000015258789
2023-08-15,29.274131774902344,67.97295379638672,28.520185470581055,13.565617561340332,16454.80078125,4437.85986328125,13631.0498046875,160.8818359375,31.90399932861328,16.459999084472656,32238.890625,18581.109375,,4.2210001945495605
2023-08-16,29.12154197692871,67.69013214111328,28.383377075195312,13.670653343200684,16446.779296875,4404.330078125,13474.6298828125,157.76791381835938,31.864900588989258,16.780000686645508,31766.8203125,18329.30078125,2525.639892578125,4.257999897003174
2023-08-17,29.25065803527832,67.78441619873047,28.56578826904297,13.751448631286621,16516.66015625,4370.35986328125,13316.9296875,156.2256622314453,31.912799835205078,17.889999389648438,31626.0,18326.630859375,2519.85009765625,4.308000087738037
2023-08-18,29.0745906829834,67.4544448852539,28.383377075195312,13.565619468688965,16381.3095703125,4369.7099609375,13290.7802734375,157.06539916992188,31.896400451660156,17.299999237060547,31450.759765625,17950.849609375,2504.5,4.250999927520752
2023-08-21,28.87504768371582,67.21875,28.273927688598633,13.525219917297363,16381.490234375,4399.77001953125,13497.58984375,161.57781982421875,31.902000427246094,17.1299991607666,31565.640625,17623.2890625,2508.800048828125,4.3420000076293945
2023-08-22,29.10980224609375,67.54872131347656,28.438098907470703,13.630255699157715,16437.609375,4387.5498046875,13505.8701171875,160.15318298339844,31.916200637817383,16.969999313354492,31856.7109375,17791.009765625,2515.739990234375,4.328000068664551
2023-08-23,29.30934715270996,68.0672378540039,28.656993865966797,13.751448631286621,16576.900390625,4436.009765625,13721.0302734375,163.42723083496094,31.976999282836914,15.979999542236328,32010.259765625,17845.919921875,2505.5,4.197999954223633
2023-08-24,29.814075469970703,69.19854736328125,29.021820068359375,14.00191593170166,16770.869140625,4376.31005859375,13463.9697265625,158.02603149414062,31.85580062866211,17.200000762939453,32287.2109375,18212.169921875,2537.679931640625,4.235000133514404
2023-08-25,29.238922119140625,68.02009582519531,28.47458267211914,13.63833236694336,16481.580078125,4405.7099609375,13590.650390625,158.70567321777344,31.81410026550293,15.680000305175781,31624.279296875,18119.390625,2519.139892578125,4.238999843597412
2023-08-28,29.426725387573242,68.25579071044922,28.593151092529297,13.670653343200684,16509.259765625,4433.31005859375,13705.1298828125,160.71517944335938,31.812000274658203,15.079999923706055,32169.990234375,18130.740234375,2543.409912109375,4.211999893188477
2023-08-29,29.591054916381836,68.58575439453125,28.766443252563477,13.727209091186523,16623.650390625,4497.6298828125,13943.759765625,164.93675231933594,31.81800079345703,14.449999809265137,32226.970703125,18484.029296875,2552.159912109375,4.122000217437744
2023-08-30,29.720170974731445,68.91571807861328,28.87588882446289,13.808006286621094,16719.8203125,4514.8701171875,14019.3095703125,165.7144317626953,31.767000198364258,13.880000114440918,32333.4609375,18482.859375,2561.219970703125,4.118000030517578
2023-08-31,29.508888244628906,68.44432830810547,28.693477630615234,13.791845321655273,16634.509765625,4507.66015625,14034.9697265625,166.861328125,31.798799514770508,13.569999694824219,32619.33984375,18382.060546875,2556.27001953125,4.0929999351501465
2023-09-01,29.55584144592285,68.53860473632812,28.693477630615234,13.743369102478027,16644.939453125,4515.77001953125,14031.8095703125,167.2959442138672,31.80780029296875,13.09000015258789,32710.619140625,,2563.7099609375,4.172999858856201
2023-09-04,29.755386352539062,69.00999450683594,28.903249740600586,13.832244873046875,16789.689453125,,,,31.863000869750977,,32939.1796875,18844.16015625,2584.550048828125,
2023-09-05,29.684955596923828,68.91571807861328,28.866771697998047,13.864562034606934,16791.609375,4496.830078125,14020.9501953125,167.2403564453125,31.857799530029297,14.010000228881836,33036.76171875,18456.91015625,2582.179931640625,4.26800012588501
2023-09-06,29.57931900024414,68.68001556396484,28.793804168701172,13.880722045898438,16738.16015625,4465.47998046875,13872.4697265625,166.0314178466797,31.904499053955078,14.449999809265137,33241.01953125,18449.98046875,2563.340087890625,4.289999961853027
2023-09-07,29.30934715270996,68.0672378540039,28.57491111755371,13.767606735229492,16619.140625,4451.14013671875,13748.830078125,162.23130798339844,31.933900833129883,14.399999618530273,32991.078125,18202.0703125,2548.260009765625,4.260000228881836
2023-09-08,29.18023109436035,67.78441619873047,28.483701705932617,13.654492378234863,16576.01953125,4457.490234375,13761.5302734375,161.39157104492188,32.03139877319336,13.84000015258789,32606.83984375,,2547.679931640625,4.257999897003174
2023-09-11,29.062854766845703,67.54872131347656,28.31041145324707,13.492902755737305,16432.94921875,4487.4599609375,13917.8896484375,161.3000946044922,32.084999084472656,13.800000190734863,32467.759765625,18096.44921875,2556.8798828125,4.288000106811523
2023-09-12,29.356300354003906,68.0672378540039,28.520185470581055,13.646413803100586,16572.7109375,4461.89990234375,13773.6103515625,159.93099975585938,31.9064998626709,14.229999542236328,32776.37109375,18025.890625,2536.580078125,4.263999938964844
2023-09-13,29.391511917114258,68.11437225341797,28.56578826904297,13.622174263000488,16581.509765625,4467.43994140625,13813.58984375,160.7511444091797,31.96380043029785,13.479999542236328,32706.51953125,18009.220703125,2534.699951171875,4.249000072479248
2023-09-14,29.802335739135742,69.05712890625,28.912372589111328,13.848403930664062,16807.560546875,4505.10009765625,13926.0498046875,161.9012908935547,31.894899368286133,12.819999694824219,33168.1015625,18047.919921875,2572.889892578125,4.288000106811523
2023-09-15,29.896236419677734,69.2928237915039,29.122146606445312,13.961519241333008,16920.919921875,4450.31982421875,13708.330078125,157.22877502441406,31.868900299072266,13.789999961853027,33533.08984375,18182.890625,2601.280029296875,4.322000026702881
2023-09-18,29.57931900024414,68.63288879394531,28.77556037902832,13.783766746520996,16698.240234375,4453.52978515625,13710.240234375,157.76461791992188,31.878000259399414,14.0,,17930.55078125,2574.719970703125,4.318999767303467
2023-09-19,29.4502010345459,68.35005187988281,28.638751983642578,13.71912956237793,16636.3203125,4443.9501953125,13678.1904296875,156.43475341796875,31.898500442504883,14.109999656677246,33242.58984375,17997.169921875,2559.2099609375,4.364999771118164
2023-09-20,29.285869598388672,67.92582702636719,28.492822647094727,13.614094734191895,16534.75,4402.2001953125,13469.1298828125,153.8665008544922,31.979999542236328,15.140000343322754,33023.78125,17885.599609375,2559.739990234375,4.348999977111816
2023-09-21,28.816360473632812,67.03018951416016,28.146242141723633,13.420186042785645,16316.669921875,4330.0,13223.98046875,151.0270538330078,32.0088996887207,17.540000915527344,32571.029296875,17655.41015625,2514.969970703125,4.480000019073486
2023-09-22,28.792884826660156,66.84164428710938,28.091516494750977,13.45250415802002,16344.48046875,4320.06005859375,13211.8095703125,152.28506469726562,32.13800048828125,17.200000762939453,32402.41015625,18057.44921875,2508.1298828125,4.438000202178955
2023-09-25,29.00416374206543,67.36016082763672,28.264806747436523,13.58177661895752,16452.23046875,4337.43994140625,13271.3203125,153.39926147460938,32.13100051879883,16.899999618530273,32678.619140625,17729.2890625,2495.760009765625,4.541999816894531
2023-09-26,28.663766860961914,66.5588150024414,27.927345275878906,13.39594554901123,16276.0703125,4273.52978515625,13063.6103515625,150.61395263671875,32.10279846191406,18.940000534057617,32315.05078125,17466.900390625,2462.969970703125,4.558000087738037
2023-09-27,28.675506591796875,66.5588150024414,27.991191864013672,13.420186042785645,16310.3603515625,4274.509765625,13092.849609375,151.94203186035156,32.18980026245117,18.219999313354492,32371.900390625,17611.869140625,2465.070068359375,4.625999927520752
2023-09-28,28.792884826660156,66.79450988769531,28.082395553588867,13.50097942352295,16353.740234375,4299.7001953125,13201.2802734375,154.75552368164062,32.225799560546875,17.34000015258789,31872.51953125,17373.029296875,,4.5970001220703125
2023-09-29,,,,,,4288.0498046875,13219.3203125,155.3162384033203,32.06079864501953,17.520000457763672,31857.619140625,17809.66015625,,4.572999954223633
2023-10-02,29.168495178222656,67.69013214111328,28.4016170501709,13.775686264038086,16557.310546875,4288.39013671875,13307.76953125,156.09996032714844,32.244998931884766,17.610000610351562,31759.880859375,,,4.683000087738037
2023-10-03,28.992427825927734,67.36016082763672,28.237443923950195,13.694891929626465,16454.33984375,4229.4501953125,13059.4697265625,152.87001037597656,32.306800842285156,19.780000686645508,31237.939453125,17331.220703125,,4.802000045776367
2023-10-04,28.6168155670166,66.51168060302734,27.899982452392578,13.597935676574707,16273.3798828125,4263.75,13236.009765625,154.89979553222656,32.31169891357422,18.579999923706055,30526.880859375,17195.83984375,2405.68994140625,4.735000133514404
2023-10-05,29.02764129638672,67.31302642822266,28.246566772460938,13.759528160095215,16453.51953125,4258.18994140625,13219.830078125,154.1488800048828,32.29119873046875,18.489999771118164,31075.359375,17213.869140625,2403.60009765625,4.7170000076293945
2023-10-06,29.13327980041504,67.64299011230469,28.383377075195312,13.808006286621094,16520.5703125,4308.5,13431.33984375,157.46078491210938,32.20370101928711,17.450000762939453,30994.669921875,17485.98046875,2408.72998046875,4.783999919891357
2023-10-09,,,,,,4335.66015625,13484.240234375,157.0673065185547,32.11800003051758,17.700000762939453,,17517.400390625,,4.796999931335449
2023-10-10,,,,,,4358.240234375,13562.83984375,159.0806884765625,32.137298583984375,17.030000686645508,31746.529296875,17664.73046875,2402.580078125,4.65500020980835
2023-10-11,29.63800811767578,68.68001556396484,28.784683227539062,13.904958724975586,16672.029296875,4376.9501953125,13659.6796875,160.27755737304688,32.01649856567383,16.09000015258789,31936.509765625,17893.099609375,2450.080078125,4.59499979019165
2023-10-12,29.884498596191406,69.24568176269531,29.012697219848633,13.961519241333008,16825.91015625,4349.60986328125,13574.2197265625,160.68746948242188,32.059200286865234,16.690000534057617,32494.66015625,18238.2109375,2479.820068359375,4.711999893188477
2023-10-13,29.802335739135742,69.1042709350586,28.948854446411133,13.953438758850098,16782.5703125,4327.77978515625,13407.23046875,156.31307983398438,32.1697998046875,19.31999969482422,32315.990234375,17813.44921875,2456.14990234375,4.629000186920166
2023-10-16,29.63800811767578,68.72716522216797,28.80292320251465,13.84032154083252,16652.240234375,4373.6298828125,13567.98046875,158.52647399902344,32.19490051269531,17.209999084472656,31659.029296875,17640.359375,2436.239990234375,4.711999893188477
2023-10-17,29.708433151245117,68.72716522216797,28.77556037902832,13.816085815429688,16642.55078125,4373.2001953125,13533.75,157.36898803710938,32.186500549316406,17.8799991607666,32040.2890625,17773.33984375,2460.169921875,4.8470001220703125
2023-10-18,29.297609329223633,67.97295379638672,28.4654598236084,13.58985710144043,16440.91015625,4314.60009765625,13314.2998046875,154.5325164794922,32.32500076293945,19.219999313354492,32042.25,17732.51953125,2462.60009765625,4.9039998054504395
2023-10-19,29.30934715270996,68.11437225341797,28.501943588256836,13.614094734191895,16452.73046875,4278.0,13186.1796875,152.1519012451172,32.395301818847656,21.399999618530273,31430.619140625,17295.890625,2415.800048828125,4.98799991607666
2023-10-20,29.438467025756836,68.2086410522461,28.520185470581055,13.622174263000488,16440.720703125,4224.16015625,12983.8095703125,149.95156860351562,32.34830093383789,21.709999084472656,31259.359375,17172.130859375,2375.0,4.923999786376953
2023-10-23,29.0745906829834,67.4544448852539,28.182723999023438,13.436344146728516,16251.3603515625,4217.0400390625,13018.330078125,149.09901428222656,32.332000732421875,20.3700008392334,30999.55078125,,2357.02001953125,4.8379998207092285
2023-10-24,29.098066329956055,67.50157928466797,28.2100830078125,13.46866226196289,16309.759765625,4247.68017578125,13139.8701171875,151.1222381591797,32.236000061035156,18.969999313354492,31062.349609375,16991.529296875,2383.510009765625,4.840000152587891
2023-10-25,29.156755447387695,67.59586334228516,28.255685806274414,13.50097942352295,16358.8896484375,4186.77001953125,12821.2197265625,145.01321411132812,32.20399856567383,20.190000534057617,31269.919921875,17085.330078125,2363.169921875,4.953000068664551
2023-10-26,28.581602096557617,66.51168060302734,27.763174057006836,13.218195915222168,16073.740234375,4137.22998046875,12595.6103515625,144.1508026123047,32.38029861450195,20.68000030517578,30601.779296875,17044.609375,2299.080078125,4.84499979019165
2023-10-27,28.710718154907227,66.60594940185547,27.854381561279297,13.210116386413574,16134.6103515625,4117.3701171875,12643.009765625,145.7018280029297,32.3588981628418,21.270000457763672,30991.689453125,17398.73046875,2302.81005859375,4.84499979019165
2023-10-30,28.640291213989258,66.51168060302734,27.845258712768555,13.250514030456543,16149.6796875,4166.81982421875,12789.48046875,143.75071716308594,32.41400146484375,19.75,30696.9609375,17406.359375,2310.550048828125,4.875
2023-10-31,28.44074821472168,66.08743286132812,27.6628475189209,13.105081558227539,16001.26953125,4193.7998046875,12851.240234375,145.06568908691406,32.247501373291016,18.139999389648438,30858.849609375,17112.48046875,2277.989990234375,4.875
2023-11-01,28.581602096557617,66.27599334716797,27.72669219970703,13.153559684753418,16038.5595703125,4237.85986328125,13061.4697265625,148.47926330566406,32.40290069580078,16.8700008392334,31601.650390625,17101.779296875,2301.56005859375,4.789000034332275
2023-11-02,29.227184295654297,67.8786849975586,28.35601234436035,13.50097942352295,16396.94921875,4317.77978515625,13294.1904296875,151.8534393310547,32.376800537109375,15.65999984741211,31949.890625,17230.58984375,2343.1201171875,4.669000148773193
2023-11-03,29.4502010345459,68.25579071044922,28.55666732788086,13.565619468688965,16507.650390625,4358.33984375,13478.2802734375,155.8441925048828,32.159000396728516,14.90999984741211,,17664.119140625,2368.340087890625,4.558000087738037
2023-11-06,29.708433151245117,68.86857604980469,28.80292320251465,13.71912956237793,16649.359375,4365.97998046875,13518.7802734375,155.55560302734375,32.08940124511719,14.890000343322754,32708.48046875,17966.58984375,2502.3701171875,4.6620001792907715
2023-11-07,29.696693420410156,68.8214340209961,28.81204605102539,13.727209091186523,16684.94921875,4378.3798828125,13639.8603515625,156.5458984375,32.10200119018555,14.8100004196167,32271.8203125,17670.16015625,2443.9599609375,4.571000099182129
2023-11-08,29.861024856567383,69.15139770507812,28.921491622924805,13.84032154083252,16740.830078125,4382.77978515625,13650.41015625,156.7033233642578,32.0802001953125,14.449999809265137,32166.48046875,17568.4609375,2421.6201171875,4.5229997634887695
2023-11-09,29.872760772705078,69.24568176269531,28.976215362548828,13.880722045898438,16745.650390625,4347.35009765625,13521.4501953125,155.952392578125,32.215999603271484,15.289999961853027,32646.4609375,17511.2890625,2427.080078125,4.630000114440918
2023-11-10,29.755386352539062,68.96286010742188,28.857648849487305,13.791845321655273,16682.669921875,4415.240234375,13798.1103515625,162.2417449951172,32.253501892089844,14.170000076293945,32568.109375,17203.259765625,2409.659912109375,4.627999782562256
2023-11-13,30.213159561157227,69.99989318847656,29.22247314453125,13.961519241333008,16839.2890625,4411.5498046875,13767.740234375,160.66122436523438,32.34579849243164,14.760000228881836,32585.109375,17426.2109375,2403.760009765625,4.631999969482422
2023-11-14,30.283586502075195,70.23558044433594,29.32280158996582,14.00191593170166,16915.7109375,4495.7001953125,14094.3798828125,166.60302734375,32.24449920654297,14.15999984741211,32695.9296875,17396.859375,2433.25,4.440999984741211
2023-11-15,30.6474609375,70.98978424072266,29.687623977661133,14.106948852539062,17128.779296875,4502.8798828125,14103.83984375,167.8130340576172,32.07699966430664,14.180000305175781,33519.69921875,18079.0,2486.669921875,4.534999847412109
2023-11-16,30.659198760986328,71.1433334350586,29.73665428161621,14.090791702270508,17171.1796875,4508.240234375,14113.669921875,167.89498901367188,32.00859832763672,14.319999694824219,33424.41015625,17832.8203125,2488.179931640625,4.445000171661377
2023-11-17,30.75309944152832,71.28636932373047,29.73665428161621,14.163507461547852,17208.94921875,4514.02001953125,14125.48046875,169.0754852294922,31.836999893188477,13.800000190734863,33585.19921875,17454.189453125,2469.85009765625,4.440999984741211
2023-11-20,30.741361618041992,71.19100952148438,29.68008041381836,14.203904151916504,17210.470703125,4547.3798828125,14284.5302734375,171.56764221191406,31.734699249267578,13.40999984741211,33388.03125,17778.0703125,2491.199951171875,4.421999931335449
2023-11-21,31.116971969604492,72.04931640625,30.028926849365234,14.373577117919922,17416.69921875,4538.18994140625,14199.98046875,168.36065673828125,31.468000411987305,13.350000381469727,33354.140625,17733.890625,2510.419921875,4.418000221252441
2023-11-22,30.83526611328125,71.52479553222656,29.774364471435547,14.276620864868164,17310.259765625,4556.6201171875,14265.8603515625,168.89840698242188,31.374000549316406,12.850000381469727,33451.828125,17734.599609375,2511.699951171875,4.415999889373779
2023-11-23,30.823530197143555,71.42942810058594,29.78379249572754,14.244302749633789,17294.55078125,,,,31.51799964904785,,,17910.83984375,2514.9599609375,
2023-11-24,30.800050735473633,71.3817367553711,29.774364471435547,14.252382278442383,17287.419921875,4559.33984375,14250.849609375,169.01974487304688,31.61400032043457,12.460000038146973,33625.53125,17559.419921875,2496.6298828125,4.4720001220703125
2023-11-27,30.600509643554688,70.76185607910156,29.604656219482422,14.106948852539062,17137.419921875,4550.43017578125,14241.01953125,168.7836456298828,31.63599967956543,12.6899995803833,33447.671875,17525.060546875,2495.659912109375,4.388999938964844
2023-11-28,30.811786651611328,71.3817367553711,29.840364456176758,14.228144645690918,17341.25,4554.89013671875,14281.759765625,167.79661560058594,31.524999618530273,12.6899995803833,33408.390625,17354.140625,2521.760009765625,4.335999965667725
2023-11-29,30.788312911987305,71.33406066894531,29.793222427368164,14.268542289733887,17370.560546875,4550.580078125,14258.490234375,169.61651611328125,31.27199935913086,12.979999542236328,33321.21875,16993.439453125,2519.81005859375,4.270999908447266
2023-11-30,30.83526611328125,71.47709655761719,29.868648529052734,14.292781829833984,17433.849609375,4567.7998046875,14226.2197265625,168.4327850341797,31.069000244140625,12.920000076293945,33486.890625,17042.880859375,2535.2900390625,4.3520002365112305
2023-12-01,30.94090461730957,71.57247161865234,29.88750457763672,14.292781829833984,17438.349609375,4594.6298828125,14305.0302734375,169.2230682373047,31.374000549316406,12.630000114440918,33431.51171875,16830.30078125,2505.010009765625,4.22599983215332
2023-12-04,30.823530197143555,71.42942810058594,29.90635871887207,14.244302749633789,17421.48046875,4569.77978515625,14185.490234375,167.3277130126953,31.18899917602539,13.079999923706055,33231.26953125,16646.05078125,2514.949951171875,4.288000106811523
2023-12-05,30.600509643554688,70.95259094238281,29.69894027709961,14.139269828796387,17328.009765625,4567.18017578125,14229.91015625,166.3767547607422,31.423599243164062,12.850000381469727,32775.8203125,16327.8603515625,2494.280029296875,4.171000003814697
2023-12-06,30.706148147583008,71.1433334350586,29.821504592895508,14.179665565490723,17360.720703125,4549.33984375,14146.7099609375,165.3503875732422,31.516000747680664,12.970000267028809,33445.8984375,16463.259765625,2495.3798828125,4.120999813079834
2023-12-07,30.518341064453125,70.76185607910156,29.63294219970703,14.131187438964844,17278.740234375,4585.58984375,14339.990234375,169.7837677001953,31.489099502563477,13.0600004196167,32858.30859375,16345.8896484375,2492.070068359375,4.129000186920166
2023-12-08,30.76483917236328,71.19100952148438,29.821504592895508,14.203904151916504,17383.990234375,4604.3701171875,14403.9697265625,171.1249542236328,31.427000045776367,12.350000381469727,32307.859375,16334.3701171875,2517.85009765625,4.244999885559082
2023-12-11,30.800050735473633,71.33406066894531,29.830934524536133,14.236223220825195,17418.33984375,4622.43994140625,14432.490234375,176.96180725097656,31.409500122070312,12.630000114440918,32791.80078125,16201.490234375,2525.360107421875,4.238999843597412
2023-12-12,30.8704776763916,71.47709655761719,29.915786743164062,14.260461807250977,17450.630859375,4643.7001953125,14533.400390625,178.2373809814453,31.327999114990234,12.069999694824219,32843.69921875,16374.5,2535.27001953125,4.205999851226807
2023-12-13,30.88221549987793,71.57247161865234,29.934646606445312,14.365497589111328,17468.9296875,4707.08984375,14733.9599609375,180.98204040527344,31.473100662231445,12.1899995803833,32926.3515625,16228.75,2510.659912109375,4.0329999923706055
2023-12-14,31.25782585144043,72.28772735595703,30.23634910583496,14.551326751708984,17653.109375,4719.5498046875,14761.5595703125,185.99908447265625,31.156999588012695,12.479999542236328,32686.25,16402.189453125,2544.179931640625,3.930000066757202
2023-12-15,31.38694190979004,72.52613830566406,30.311777114868164,14.567485809326172,17673.869140625,4719.18994140625,14813.919921875,186.69100952148438,31.18429946899414,12.279999732971191,32970.55078125,16792.189453125,2563.56005859375,3.927999973297119
2023-12-18,31.43389129638672,72.5738296508789,30.340059280395508,14.567485809326172,17652.029296875,4740.56005859375,14904.8095703125,186.17288208007812,31.34779930114746,12.5600004196167,32758.98046875,16629.23046875,2566.860107421875,3.9539999961853027
2023-12-19,31.316516876220703,72.43077087402344,30.255205154418945,14.527087211608887,17576.55078125,4768.3701171875,15003.2197265625,187.1664581298828,31.375,12.529999732971191,33219.390625,16505.0,2568.550048828125,3.921999931335449
2023-12-20,31.398681640625,72.5738296508789,30.368343353271484,14.58364486694336,17635.19921875,4698.35009765625,14777.9404296875,181.61810302734375,31.270000457763672,13.670000076293945,33675.94140625,16613.810546875,2614.300048828125,3.877000093460083
2023-12-21,31.12870979309082,72.00161743164062,30.142066955566406,14.502850532531738,17543.740234375,4746.75,14963.8701171875,186.6450653076172,31.309999465942383,13.649999618530273,33140.46875,16621.130859375,2600.02001953125,3.8940000534057617
2023-12-22,31.21087646484375,72.1446762084961,30.217491149902344,14.575567245483398,17596.630859375,4754.6298828125,14992.9697265625,187.24305725097656,31.19300079345703,13.029999732971191,33169.05078125,16340.41015625,2599.510009765625,3.9010000228881836
2023-12-25,31.339990615844727,72.47845458984375,30.27406120300293,14.656360626220703,17604.83984375,,,,31.079999923706055,,33254.03125,,,
2023-12-26,31.51605796813965,72.85992431640625,30.53805160522461,14.753314971923828,17751.73046875,4774.75,15074.5703125,190.55165100097656,31.119699478149414,12.989999771118164,33305.8515625,,2602.590087890625,3.885999917984009
2023-12-27,31.868194580078125,73.52748107910156,30.754899978637695,14.93914794921875,17891.5,4781.580078125,15099.1796875,191.0411834716797,30.94300079345703,12.430000305175781,33681.23828125,16624.83984375,2613.5,3.7890000343322754
2023-12-28,31.868194580078125,73.62284851074219,30.764331817626953,14.914908409118652,17910.369140625,4783.35009765625,15095.1396484375,190.6830596923828,30.845699310302734,12.470000267028809,33539.62109375,17043.529296875,2655.280029296875,3.8499999046325684
2023-12-29,31.797767639160156,73.57516479492188,30.67947769165039,14.963384628295898,17930.810546875,4769.830078125,15011.349609375,189.2834014892578,30.697999954223633,12.449999809265137,33464.171875,17047.390625,,3.865999937057495
2024-01-01,,,,,,,,,30.682100296020508,,,,,
2024-01-02,31.66864776611328,73.33676147460938,30.632335662841797,14.777555465698242,17853.759765625,4742.830078125,14765.9404296875,182.4657745361328,30.66860008239746,13.199999809265137,,16788.55078125,2669.81005859375,3.946000099182129
2024-01-03,31.116971969604492,72.09698486328125,30.16092300415039,14.527087211608887,17559.310546875,4704.81005859375,14592.2099609375,178.54605102539062,30.878999710083008,14.039999961853027,,16646.41015625,2607.31005859375,3.9070000648498535
2024-01-04,31.105236053466797,72.04931640625,30.179777145385742,14.519006729125977,17549.650390625,4688.68017578125,14510.2998046875,177.04452514648438,31.041900634765625,14.130000114440918,33288.2890625,16645.98046875,2587.02001953125,3.990999937057495
2024-01-05,31.023067474365234,71.85858154296875,30.066638946533203,14.470532417297363,17519.140625,4697.240234375,14524.0703125,178.0269317626953,31.054000854492188,13.350000381469727,33377.421875,16535.330078125,2578.080078125,4.041999816894531
2024-01-08,31.163921356201172,72.38309478759766,30.255205154418945,14.502850532531738,17572.66015625,4763.5400390625,14843.76953125,183.8260040283203,30.95199966430664,13.079999923706055,,16224.4501953125,2567.820068359375,4.001999855041504
2024-01-09,31.222612380981445,72.33540344238281,30.19863510131836,14.510929107666016,17535.490234375,4756.5,14857.7099609375,183.888427734375,30.72100067138672,12.760000228881836,33763.1796875,16190.01953125,2561.239990234375,4.019000053405762
2024-01-10,31.05828094482422,72.04931640625,30.076068878173828,14.46245002746582,17465.630859375,4783.4501953125,14969.650390625,183.27076721191406,31.061100006103516,12.6899995803833,34441.71875,16097.2802734375,2541.97998046875,4.03000020980835
2024-01-11,31.187400817871094,72.38309478759766,30.189207077026367,14.543248176574707,17545.3203125,4780.240234375,14970.1904296875,183.94757080078125,31.117799758911133,12.4399995803833,35049.859375,16302.0400390625,2540.27001953125,3.9769999980926514
2024-01-12,31.140445709228516,72.19235229492188,30.08549690246582,14.551326751708984,17512.830078125,4783.830078125,14972.759765625,183.13604736328125,30.893999099731445,12.699999809265137,35577.109375,16244.580078125,2525.050048828125,3.950000047683716
2024-01-15,31.140445709228516,72.19235229492188,30.08549690246582,14.551326751708984,17546.8203125,,,,31.075599670410156,,35901.7890625,16216.330078125,2525.989990234375,
2024-01-16,30.905691146850586,71.71552276611328,29.90635871887207,14.494770050048828,17346.869140625,4765.97998046875,14944.349609375,185.73165893554688,31.19499969482422,13.84000015258789,35619.1796875,15865.919921875,2497.590087890625,4.065999984741211
2024-01-17,30.617412567138672,71.23869323730469,29.689510345458984,14.309264183044434,17161.7890625,4739.2099609375,14855.6201171875,184.0297393798828,31.45800018310547,14.789999961853027,35477.75,15276.900390625,2435.89990234375,4.105999946594238
2024-01-18,30.821611404418945,71.52479553222656,29.81207847595215,14.342992782592773,17227.7890625,4780.93994140625,15055.650390625,190.10476684570312,31.542499542236328,14.130000114440918,35466.171875,15391.7900390625,2440.0400390625,4.144000053405762
2024-01-19,31.92667007446289,73.90894317626953,30.641761779785156,14.815189361572266,17681.51953125,4839.81005859375,15310.9697265625,197.54013061523438,31.58060073852539,13.300000190734863,35963.26953125,15308.6904296875,2472.739990234375,4.145999908447266
2024-01-22,32.142879486083984,74.29042053222656,30.754899978637695,15.025992393493652,17815.099609375,4850.43017578125,15360.2900390625,198.18736267089844,31.383800506591797,13.1899995803833,36546.94921875,14961.1796875,2464.35009765625,4.093999862670898
2024-01-23,32.202938079833984,74.5288314819336,30.868045806884766,15.059721946716309,17874.58984375,4864.60009765625,15425.9404296875,199.50160217285156,31.368000030517578,12.550000190734863,36517.5703125,15353.98046875,2478.610107421875,4.142000198364258
2024-01-24,32.19092559814453,74.5765151977539,30.84918212890625,15.051288604736328,17875.830078125,4868.5498046875,15481.919921875,202.40606689453125,31.395000457763672,13.140000343322754,36226.48046875,15899.8701171875,2469.68994140625,4.177999973297119
2024-01-25,32.587303161621094,75.43482208251953,31.160314559936523,15.194634437561035,18002.619140625,4894.16015625,15510.5,201.84425354003906,31.29199981689453,13.449999809265137,36236.46875,16211.9599609375,2470.340087890625,4.131999969482422
2024-01-26,32.587303161621094,75.43482208251953,31.160314559936523,15.127177238464355,17995.029296875,4890.97021484375,15455.3603515625,196.40328979492188,31.315000534057617,13.260000228881836,35751.0703125,15952.23046875,2478.56005859375,4.159999847412109
2024-01-29,32.79150390625,75.9116439819336,31.367738723754883,15.228362083435059,18119.630859375,4927.93017578125,15628.0400390625,198.44692993164062,31.273099899291992,13.600000381469727,36026.94140625,16077.240234375,2500.64990234375,4.091000080108643
2024-01-30,32.707420349121094,75.76858520507812,31.28288459777832,15.304250717163086,18034.630859375,4924.97021484375,15509.900390625,195.38143920898438,31.184999465942383,13.3100004196167,36065.859375,15703.4501953125,2498.81005859375,4.059000015258789
2024-01-31,32.27500915527344,74.81493377685547,30.94346809387207,15.110313415527344,17889.560546875,4845.64990234375,15164.009765625,192.5525665283203,31.159099578857422,14.350000381469727,36286.7109375,15485.0703125,2497.090087890625,3.9670000076293945
2024-02-01,32.27500915527344,74.81493377685547,31.05660057067871,15.059721946716309,17968.109375,4906.18994140625,15361.6396484375,193.50535583496094,31.2450008392334,13.880000114440918,36011.4609375,15566.2099609375,2542.4599609375,3.86299991607666
2024-02-02,32.45518112182617,75.29176330566406,31.179170608520508,15.177770614624023,18059.9296875,4958.60986328125,15628.9501953125,195.97613525390625,31.233999252319336,13.850000381469727,36158.01953125,15533.5595703125,2615.31005859375,4.0329999923706055
2024-02-05,32.65937423706055,75.86396026611328,31.292312622070312,15.270523071289062,18096.0703125,4942.81005859375,15597.6796875,198.65391540527344,31.3257999420166,13.670000076293945,36354.16015625,15510.009765625,2591.31005859375,4.164000034332275
2024-02-06,,,,,,4954.22998046875,15609.0,196.33755493164062,31.340299606323242,13.0600004196167,36160.66015625,16136.8701171875,2576.199951171875,4.090000152587891
2024-02-07,,,,,,4995.06005859375,15756.6396484375,199.34060668945312,31.20199966430664,12.829999923706055,36119.921875,16081.8896484375,2609.580078125,4.110000133514404
2024-02-08,,,,,,4997.91015625,15793.7099609375,202.76751708984375,31.36680030822754,12.789999961853027,36863.28125,15878.0703125,2620.320068359375,4.170000076293945
2024-02-09,,,,,,5026.60986328125,15990.66015625,206.8054962158203,31.303300857543945,12.930000305175781,36897.421875,15746.580078125,,4.186999797821045
2024-02-12,,,,,,5021.83984375,15942.5498046875,206.4309539794922,31.367799758911133,13.930000305175781,,,,4.171999931335449
2024-02-13,,,,,,4953.169921875,15655.599609375,202.18923950195312,31.288400650024414,15.850000381469727,37963.96875,,2649.639892578125,4.315999984741211
2024-02-14,,,,,,5000.6201171875,15859.150390625,206.75619506835938,31.468700408935547,14.380000114440918,37703.3203125,15879.3798828125,2620.419921875,4.267000198364258
2024-02-15,34.19685363769531,79.1064224243164,32.44255447387695,15.860770225524902,18644.5703125,5029.72998046875,15906.169921875,206.55906677246094,31.34510040283203,14.010000228881836,38157.94140625,15944.6298828125,2613.800048828125,4.239999771118164
2024-02-16,33.94461441040039,78.67727661132812,32.27284622192383,15.768016815185547,18607.25,5005.56982421875,15775.650390625,205.38941955566406,31.262699127197266,14.239999771118164,38487.23828125,16339.9599609375,2648.760009765625,4.295000076293945
2024-02-19,33.896568298339844,78.5819091796875,32.25399398803711,15.72585391998291,18635.80078125,,,,31.333200454711914,,38470.37890625,16155.6103515625,2680.260009765625,
2024-02-20,34.028690338134766,78.86800384521484,32.4614143371582,15.877634048461914,18753.16015625,4975.509765625,15630.7802734375,201.9329376220703,31.402099609375,15.420000076293945,38363.609375,16247.509765625,2657.7900390625,4.275000095367432
2024-02-21,33.920589447021484,78.5819091796875,32.39541244506836,15.776446342468262,18676.310546875,4981.7998046875,15580.8701171875,201.4696807861328,31.37779998779297,15.34000015258789,38262.16015625,16503.099609375,2653.31005859375,4.324999809265137
2024-02-22,34.304954528808594,79.4878921508789,32.60283660888672,15.995682716369629,18852.779296875,5087.02978515625,16041.6201171875,211.3987579345703,31.426300048828125,14.539999961853027,39098.6796875,16742.94921875,2664.27001953125,4.327000141143799
2024-02-23,34.53317642211914,80.01240539550781,32.77254104614258,16.1474609375,18889.189453125,5088.7998046875,15996.8203125,209.11856079101562,31.45400047302246,13.75,,16725.859375,2667.699951171875,4.260000228881836
2024-02-26,34.58122253417969,80.25081634521484,32.866825103759766,16.240215301513672,18948.05078125,5069.52978515625,15976.25,211.1819305419922,31.601999282836914,13.739999771118164,39233.7109375,16634.740234375,2647.080078125,4.298999786376953
2024-02-27,34.43708038330078,79.96470642089844,32.715972900390625,16.155893325805664,18854.41015625,5078.18017578125,16035.2998046875,210.97164916992188,31.5487003326416,13.430000305175781,39239.51953125,16790.80078125,2625.050048828125,4.315000057220459
2024-02-28,,,,,,5069.759765625,15947.740234375,208.59945678710938,31.576000213623047,13.84000015258789,39208.03125,16536.849609375,2652.2900390625,4.27400016784668
2024-02-29,34.425071716308594,80.0600814819336,32.753692626953125,16.164325714111328,18966.76953125,5096.27001953125,16091.919921875,214.2506561279297,31.647899627685547,13.399999618530273,39166.19140625,16511.439453125,2642.360107421875,4.251999855041504
2024-03-01,34.304954528808594,79.82167053222656,32.687686920166016,16.09686851501465,18935.9296875,5137.080078125,16274.9404296875,223.36819458007812,31.614900588989258,13.109999656677246,39910.8203125,16589.439453125,,4.179999828338623
2024-03-04,35.30191421508789,81.8720474243164,33.375953674316406,16.518474578857422,19305.310546875,5130.9501953125,16207.509765625,225.56298828125,31.55929946899414,13.489999771118164,40109.23046875,16595.970703125,2674.27001953125,4.218999862670898
2024-03-05,35.590187072753906,82.63497924804688,33.6682243347168,16.67868423461914,19386.919921875,5078.64990234375,15939.58984375,221.1405792236328,31.509300231933594,14.460000038146973,40097.62890625,16162.6396484375,2649.39990234375,4.13700008392334
2024-03-06,35.75835418701172,83.11180114746094,33.80965042114258,16.855756759643555,19499.44921875,5104.759765625,16031.5400390625,226.574951171875,31.54050064086914,14.5,40090.78125,16438.08984375,2641.489990234375,4.104000091552734
2024-03-07,36.5871467590332,84.82839965820312,34.46963119506836,17.117151260375977,19693.51953125,5157.35986328125,16273.3798828125,234.3453826904297,31.464000701904297,14.4399995803833,39598.7109375,16229.7802734375,2647.6201171875,4.0920000076293945
2024-03-08,37.10364532470703,85.92512512207031,34.8561897277832,17.218338012695312,19785.3203125,5123.68994140625,16085.1103515625,224.86314392089844,31.434799194335938,14.739999771118164,39688.94140625,16353.3896484375,2680.35009765625,4.089000225067139
2024-03-11,36.731285095214844,85.16218566894531,34.611045837402344,17.16774559020996,19726.080078125,5117.93994140625,16019.26953125,221.87657165527344,31.452999114990234,15.220000267028809,38820.48828125,16587.5703125,2659.840087890625,4.104000091552734
2024-03-12,37.11565399169922,86.0204849243164,34.95046615600586,17.454435348510742,19914.55078125,5175.27001953125,16265.6396484375,226.4796600341797,31.362199783325195,13.84000015258789,38797.51171875,17093.5,2681.81005859375,4.15500020980835
2024-03-13,37.29582977294922,86.59268188476562,35.09189224243164,17.437572479248047,19928.509765625,5165.31005859375,16177.76953125,220.95985412597656,31.398799896240234,13.75,38695.96875,17082.109375,2693.570068359375,4.191999912261963
2024-03-14,37.259796142578125,86.3542709350586,35.03532409667969,17.226768493652344,19937.919921875,5150.47998046875,16128.5302734375,217.1846923828125,31.406600952148438,14.399999618530273,38807.37890625,16961.66015625,2718.760009765625,4.297999858856201
2024-03-15,36.75531005859375,85.63902282714844,34.77132797241211,17.218338012695312,19682.5,5117.08984375,15973.169921875,215.6273193359375,31.525999069213867,14.40999984741211,38707.640625,16720.890625,2666.840087890625,4.303999900817871
2024-03-18,37.09163284301758,86.11585998535156,34.92218017578125,17.530324935913086,19879.849609375,5149.419921875,16103.4501953125,215.45974731445312,31.603700637817383,14.329999923706055,39740.44140625,16737.119140625,2685.840087890625,4.340000152587891
2024-03-19,37.00755310058594,86.11585998535156,34.96931838989258,17.564050674438477,19857.19921875,5178.509765625,16166.7900390625,213.65594482421875,31.641000747680664,13.819999694824219,40003.6015625,16529.48046875,2656.169921875,4.296999931335449
2024-03-20,36.80335235595703,85.73439025878906,34.79018783569336,17.437572479248047,19784.44921875,5224.6201171875,16369.41015625,217.29312133789062,31.73040008544922,13.039999961853027,,16543.0703125,2690.139892578125,4.2729997634887695
2024-03-21,37.812320709228516,87.73707580566406,35.610443115234375,17.876041412353516,20199.08984375,5241.52978515625,16401.83984375,222.18214416503906,31.76219940185547,12.920000076293945,40815.66015625,16863.099609375,2754.860107421875,4.270999908447266
2024-03-22,37.764278411865234,87.7847671508789,35.60101318359375,17.994089126586914,20228.4296875,5234.18017578125,16428.8203125,222.4485626220703,31.882999420166016,13.0600004196167,40888.4296875,16499.470703125,2748.56005859375,4.2179999351501465
2024-03-25,37.83634948730469,87.83244323730469,35.5444450378418,17.909767150878906,20192.25,5218.18994140625,16384.470703125,221.58030700683594,31.934999465942383,13.1899995803833,40414.12109375,16473.640625,2737.570068359375,4.252999782562256
2024-03-26,37.86037063598633,87.92780303955078,35.64815902709961,17.75798988342285,20126.490234375,5203.580078125,16315.7001953125,219.91278076171875,31.733999252319336,13.239999771118164,40398.03125,16618.3203125,2757.090087890625,4.234000205993652
2024-03-27,37.87238311767578,87.97549438476562,35.64815902709961,17.91819953918457,20200.119140625,5248.490234375,16399.51953125,222.6754913330078,31.885299682617188,12.779999732971191,40762.73046875,16392.83984375,2755.110107421875,4.196000099182129
2024-03-28,37.69221115112305,87.54634857177734,35.60101318359375,18.086843490600586,20146.55078125,5254.35009765625,16379.4599609375,222.9123077392578,31.979400634765625,13.010000228881836,40168.0703125,16541.419921875,2745.820068359375,4.205999851226807
2024-03-29,37.90842056274414,87.88013458251953,35.78957748413086,18.086843490600586,20294.44921875,,,,32.01810073852539,,40369.44140625,,2746.6298828125,
2024-04-01,37.812320709228516,87.59402465820312,35.58216094970703,17.98565673828125,20222.330078125,5243.77001953125,16396.830078125,225.26058959960938,31.93400001525879,13.649999618530273,39803.08984375,,2747.860107421875,4.328999996185303
2024-04-02,38.35284423828125,88.8814697265625,36.11013412475586,18.30607795715332,20466.5703125,5205.81005859375,16240.4501953125,221.7874755859375,32.01499938964844,14.609999656677246,39838.91015625,16931.51953125,2753.159912109375,4.364999771118164
2024-04-03,38.088592529296875,88.5000228881836,35.81786346435547,18.263916015625,20337.599609375,5211.490234375,16277.4599609375,222.40908813476562,32.03900146484375,14.329999923706055,39451.8515625,16725.099609375,2706.969970703125,4.355000019073486
2024-04-04,,,,,,5147.2099609375,16049.080078125,216.11402893066406,31.968700408935547,16.350000381469727,39773.140625,,2742.0,4.309000015258789
2024-04-05,,,,,,5204.33984375,16248.51953125,218.67942810058594,32.04800033569336,16.030000686645508,38992.078125,16723.919921875,2714.2099609375,4.377999782562256
2024-04-08,38.3047981262207,88.78610229492188,36.03471374511719,18.280780792236328,20417.69921875,5202.39013671875,16253.9599609375,219.24183654785156,32.11119842529297,15.1899995803833,39347.0390625,16732.849609375,2717.64990234375,4.423999786376953
2024-04-09,39.217674255371094,91.02721405029297,36.732398986816406,18.533742904663086,20796.19921875,5209.91015625,16306.6396484375,221.60000610351562,32.07279968261719,14.979999542236328,39773.12890625,16828.0703125,2705.159912109375,4.366000175476074
2024-04-10,39.157615661621094,90.93185424804688,36.67583465576172,18.500015258789062,20763.529296875,5160.64013671875,16170.3603515625,217.55458068847656,31.96619987487793,15.800000190734863,39581.80859375,17139.169921875,,4.559999942779541
2024-04-11,39.03750228881836,90.55038452148438,36.63812255859375,18.373533248901367,20753.220703125,5199.06005859375,16442.19921875,222.46829223632812,32.18299865722656,14.90999984741211,39442.62890625,17095.029296875,2706.9599609375,4.576000213623047
2024-04-12,38.941410064697266,90.4073486328125,36.600406646728516,18.373533248901367,20736.5703125,5123.41015625,16175.08984375,215.16680908203125,32.2244987487793,17.309999465942383,39523.55078125,16721.689453125,2681.820068359375,4.499000072479248
2024-04-15,38.436927795410156,89.45367431640625,36.27042007446289,17.951929092407227,20449.76953125,5061.81982421875,15885.01953125,212.44357299804688,32.25400161743164,19.229999542236328,39232.80078125,16600.4609375,2670.429931640625,4.627999782562256
2024-04-16,37.39192199707031,87.06951904296875,35.15789031982422,17.412273406982422,19901.9609375,5051.41015625,15865.25,214.05186462402344,32.38880157470703,18.399999618530273,38471.19921875,16248.9697265625,2609.6298828125,4.658999919891357
2024-04-17,37.812320709228516,88.07086181640625,35.610443115234375,17.589351654052734,20213.330078125,5022.2099609375,15683.3701171875,207.55946350097656,32.49789810180664,18.209999084472656,37961.80078125,16251.83984375,2584.179931640625,4.585000038146973
2024-04-18,38.18468475341797,88.7384262084961,35.88386154174805,17.7073974609375,20301.19921875,5011.1201171875,15601.5,203.8791046142578,32.3380012512207,18.0,38079.69921875,16385.869140625,2634.699951171875,4.646999835968018
2024-04-19,36.25082778930664,84.39925384521484,34.35648727416992,16.872621536254883,19527.119140625,4967.22998046875,15282.009765625,195.74879455566406,32.41590118408203,18.709999084472656,37068.3515625,16224.1396484375,2591.860107421875,4.614999771118164
2024-04-22,36.142723083496094,83.92242431640625,34.290489196777344,16.61965560913086,19411.220703125,5010.60009765625,15451.3095703125,198.9752655029297,32.50400161743164,16.940000534057617,37438.609375,16511.689453125,2629.43994140625,4.623000144958496
2024-04-23,36.49105453491211,84.63766479492188,34.601619720458984,16.82202911376953,19599.279296875,5070.5498046875,15696.6396484375,203.12924194335938,32.58300018310547,15.6899995803833,37552.16015625,16828.9296875,2623.02001953125,4.5980000495910645
2024-04-24,37.56008529663086,87.16488647460938,35.49730682373047,17.513460159301758,20131.740234375,5071.6298828125,15712.75,205.76368713378906,32.503501892089844,15.970000267028809,38460.078125,17201.26953125,2675.75,4.6519999504089355
2024-04-25,36.875431060791016,85.78206634521484,34.931610107421875,17.176176071166992,19857.419921875,5048.419921875,15611.759765625,209.58218383789062,32.62730026245117,15.369999885559082,37628.48046875,17284.5390625,2628.6201171875,4.705999851226807
2024-04-26,37.47600555419922,87.11719512939453,35.478450775146484,17.471298217773438,20120.509765625,5099.9599609375,15927.900390625,214.0124053955078,32.53099822998047,15.029999732971191,37934.76171875,17651.150390625,2656.330078125,4.669000148773193
2024-04-29,38.148651123046875,88.45232391357422,36.06299591064453,17.741127014160156,20495.51953125,5116.169921875,15983.080078125,215.64041137695312,32.558998107910156,14.670000076293945,,17746.91015625,2687.43994140625,4.613999843597412
2024-04-30,38.01652145385742,88.40464782714844,36.00642776489258,17.715831756591797,20396.599609375,5035.68994140625,15657.8203125,211.14111328125,32.433998107910156,15.649999618530273,38405.66015625,17763.029296875,2692.06005859375,4.685999870300293
2024-05-01,,,,,,5018.39013671875,15605.48046875,204.00738525390625,32.613800048828125,15.390000343322754,38274.05078125,,,4.59499979019165
2024-05-02,37.51203536987305,87.26024627685547,35.53501510620117,17.555620193481445,20222.439453125,5064.2001953125,15840.9599609375,208.59547424316406,32.47600173950195,14.680000305175781,38236.0703125,18207.130859375,2683.64990234375,4.571000099182129
2024-05-03,37.7042236328125,87.73707580566406,35.657588958740234,17.65680694580078,20330.3203125,5127.7900390625,16156.330078125,213.29209899902344,32.34600067138672,13.489999771118164,,18475.919921875,2676.6298828125,4.5
2024-05-06,38.2447395324707,88.97683715820312,36.2232780456543,18.010953903198242,20523.310546875,5180.740234375,16349.25,217.72232055664062,32.27690124511719,13.489999771118164,,18578.30078125,,4.488999843597412
2024-05-07,38.4609489440918,89.40599060058594,36.421268463134766,18.10370445251465,20653.529296875,5187.7001953125,16332.5595703125,215.79827880859375,32.26300048828125,13.229999542236328,38835.1015625,18479.369140625,2734.360107421875,4.4629998207092285
2024-05-08,38.6050910949707,89.7397689819336,36.477840423583984,18.255483627319336,20700.509765625,5187.669921875,16302.759765625,216.0054931640625,32.363800048828125,13.0,38202.37109375,18313.859375,2745.050048828125,4.492000102996826
2024-05-09,38.55704116821289,89.64440155029297,36.36469650268555,18.297645568847656,20560.76953125,5214.080078125,16346.259765625,215.19639587402344,32.33300018310547,12.6899995803833,38073.98046875,18537.810546875,2712.139892578125,4.448999881744385
2024-05-10,38.83330535888672,90.35964965820312,36.70411682128906,18.263916015625,20708.83984375,5222.68017578125,16340.8701171875,217.30792236328125,32.33879852294922,12.550000190734863,38229.109375,18963.6796875,2727.6298828125,4.504000186920166
2024-05-13,39.22968673706055,90.97953033447266,36.96810531616211,18.365102767944336,20857.7109375,5221.419921875,16388.240234375,217.76181030273438,32.42399978637695,13.600000381469727,38179.4609375,19115.060546875,2727.2099609375,4.480999946594238
2024-05-14,39.49394607543945,91.69478607177734,37.21324157714844,18.559040069580078,20985.849609375,5246.68017578125,16511.1796875,221.3829345703125,32.371498107910156,13.420000076293945,38356.05859375,19073.7109375,2730.340087890625,4.445000171661377
2024-05-15,40.03445816040039,92.98223114013672,37.5809440612793,18.677087783813477,21147.2109375,5308.14990234375,16742.390625,227.59906005859375,32.31370162963867,12.449999809265137,38385.73046875,,,4.355999946594238
2024-05-16,40.226646423339844,93.55442810058594,37.807220458984375,18.812002182006836,21304.259765625,5297.10009765625,16698.3203125,226.48411560058594,32.03129959106445,12.420000076293945,38920.26171875,19376.529296875,2753.0,4.376999855041504
2024-05-17,40.17859649658203,93.2683334350586,37.75065231323242,18.761409759521484,21258.470703125,5303.27001953125,16685.970703125,225.20143127441406,32.12379837036133,11.989999771118164,38787.37890625,19553.609375,2724.6201171875,4.420000076293945
2024-05-20,40.16658401489258,93.12527465820312,37.72236251831055,18.719249725341797,21271.630859375,5308.1298828125,16794.869140625,230.15460205078125,32.16400146484375,12.149999618530273,39069.6796875,19636.220703125,2742.139892578125,4.436999797821045
2024-05-21,40.1185417175293,93.07759094238281,37.6563720703125,18.710817337036133,21236.75,5321.41015625,16832.619140625,229.41456604003906,32.2057991027832,11.859999656677246,38946.9296875,19220.619140625,2724.179931640625,4.414000034332275
2024-05-22,40.8392333984375,94.88955688476562,38.297489166259766,19.056533813476562,21551.830078125,5307.009765625,16801.5390625,232.1082305908203,32.234798431396484,12.289999961853027,38617.1015625,19195.599609375,2723.4599609375,4.434000015258789
2024-05-23,41.15153884887695,95.55712127685547,38.48605728149414,19.275768280029297,21607.4296875,5267.83984375,16736.029296875,230.8057861328125,32.223899841308594,12.770000457763672,39103.21875,18868.7109375,2721.81005859375,4.474999904632568
2024-05-24,40.98337173461914,95.2710189819336,38.40119934082031,19.25890350341797,21565.33984375,5304.72021484375,16920.7890625,235.3839874267578,32.22079849243164,11.930000305175781,38646.109375,18608.939453125,2687.60009765625,4.4670000076293945
2024-05-27,41.547916412353516,96.41542053222656,38.844329833984375,19.77326202392578,21803.76953125,,,,32.18899917602539,,38900.01953125,18827.349609375,2722.989990234375,
2024-05-28,41.607975006103516,96.46310424804688,39.032894134521484,19.849149703979492,21858.41015625,5306.0400390625,17019.880859375,239.3603515625,32.06999969482422,12.920000076293945,38855.37109375,18821.16015625,2722.85009765625,4.541999816894531
2024-05-29,41.04343032836914,95.41407012939453,38.5803337097168,19.66364288330078,21662.5,5266.9501953125,16920.580078125,234.41708374023438,32.17380142211914,14.279999732971191,38556.87109375,18477.009765625,2677.300048828125,4.624000072479248
2024-05-30,40.33475112915039,93.74516296386719,37.929786682128906,19.28420066833496,21364.48046875,5235.47998046875,16737.080078125,232.78904724121094,32.37699890136719,14.470000267028809,38054.12890625,18230.189453125,2635.43994140625,4.553999900817871
2024-05-31,39.87831497192383,92.98223114013672,37.71294021606445,19.014371871948242,21174.220703125,5277.509765625,16735.01953125,230.8946075439453,32.35639953613281,12.920000076293945,38487.8984375,18079.609375,2636.52001953125,4.513999938964844
2024-06-03,40.73113250732422,94.55577087402344,38.297489166259766,19.385385513305664,21536.759765625,5283.39990234375,16828.669921875,231.26954650878906,32.46500015258789,13.109999656677246,38923.03125,18403.0390625,2682.52001953125,4.4019999504089355
2024-06-04,40.08251190185547,93.2683334350586,37.854366302490234,19.022804260253906,21356.619140625,5291.33984375,16857.05078125,229.46389770507812,32.314300537109375,13.15999984741211,38837.4609375,18444.109375,2662.10009765625,4.335999965667725
2024-06-05,40.46687698364258,94.17430877685547,38.203208923339844,19.157718658447266,21484.880859375,5354.02978515625,17187.900390625,239.49851989746094,32.328800201416016,12.630000114440918,38490.171875,18424.9609375,2689.5,4.289000034332275
2024-06-06,41.84820556640625,97.08299255371094,39.21202850341797,19.688940048217773,21902.69921875,5352.9599609375,17173.119140625,237.53500366210938,32.25199890136719,12.579999923706055,38703.51171875,18476.80078125,,4.281000137329102
2024-06-07,41.523895263671875,96.36774444580078,38.96689224243164,19.528730392456055,21858.380859375,5346.990234375,17133.130859375,236.82460021972656,32.208900451660156,12.220000267028809,38683.9296875,18366.94921875,2722.669921875,4.429999828338623
2024-06-10,,,,,,5360.7900390625,17192.529296875,240.238525390625,32.404998779296875,12.739999771118164,39038.16015625,,2701.169921875,4.468999862670898
2024-06-11,41.631996154785156,96.60615539550781,39.00461196899414,19.579322814941406,21792.119140625,5375.31982421875,17343.55078125,240.4361114501953,32.33399963378906,12.850000381469727,39134.7890625,18176.33984375,2705.320068359375,4.4039998054504395
2024-06-12,42.376712799072266,98.37042999267578,39.42887496948242,19.98406410217285,22048.9609375,5421.02978515625,17608.439453125,247.21343994140625,32.315799713134766,12.039999961853027,38876.7109375,17937.83984375,2728.169921875,4.295000076293945
2024-06-13,42.989295959472656,99.70555877685547,39.98514175415039,20.405670166015625,22312.0390625,5433.740234375,17667.560546875,249.900634765625,32.20100021362305,11.9399995803833,38720.46875,18112.630859375,2754.889892578125,4.23799991607666
2024-06-14,43.241539001464844,100.37312316894531,40.239707946777344,20.599607467651367,22504.720703125,5431.60009765625,17688.880859375,249.00157165527344,32.29899978637695,12.65999984741211,38814.55859375,17941.779296875,2758.419921875,4.2129998207092285
2024-06-17,43.241539001464844,100.325439453125,40.26799011230469,20.616470336914062,22496.529296875,5473.22998046875,17857.01953125,252.93360900878906,32.3489990234375,12.75,38102.44140625,17936.119140625,2744.10009765625,4.2789998054504395
2024-06-18,43.96223449707031,101.99434661865234,40.871395111083984,20.90316390991211,22757.4296875,5487.02978515625,17862.23046875,256.1543273925781,32.30099868774414,12.300000190734863,38482.109375,17915.55078125,2763.919921875,4.2170000076293945
2024-06-19,45.1513786315918,105.14144897460938,42.031070709228516,21.60302734375,23209.5390625,,,,32.34749984741211,,38570.76171875,18430.390625,2797.330078125,
2024-06-20,45.58379364013672,105.7136459350586,42.30448913574219,21.948741912841797,23406.099609375,5473.169921875,17721.58984375,249.19920349121094,32.38079833984375,13.279999732971191,38633.01953125,18335.3203125,2807.6298828125,4.254000186920166
2024-06-21,45.30752944946289,104.90303039550781,42.0499267578125,21.780101776123047,23253.390625,5464.6201171875,17689.359375,246.76882934570312,32.340999603271484,13.199999809265137,38596.46875,18028.51953125,2784.260009765625,4.256999969482422
2024-06-24,44.20246505737305,102.61422729492188,41.144813537597656,21.257307052612305,22813.69921875,5447.8701171875,17496.8203125,239.7247772216797,32.362998962402344,13.329999923706055,38804.6484375,18027.7109375,2764.72998046875,4.248000144958496
2024-06-25,44.17844009399414,102.47118377685547,41.144813537597656,21.232013702392578,22875.970703125,5469.2998046875,17717.650390625,243.4098358154297,32.32149887084961,12.84000015258789,39173.1484375,18072.900390625,2774.389892578125,4.23799991607666
2024-06-26,44.52678298950195,103.42485809326172,41.45594787597656,21.383792877197266,22986.689453125,5477.89990234375,17805.16015625,242.46142578125,32.4734992980957,12.550000190734863,39667.0703125,18089.9296875,2792.050048828125,4.315999984741211
2024-06-27,44.514766693115234,103.23411560058594,41.39937973022461,21.33319854736328,22905.98046875,5482.8701171875,17858.6796875,241.21658325195312,32.582298278808594,12.239999771118164,39341.5390625,17716.470703125,2784.06005859375,4.288000106811523
2024-06-28,44.79103088378906,104.14009857177734,41.691654205322266,21.552433013916016,23032.25,5460.47998046875,17732.599609375,243.6568145751953,32.52199935913086,12.4399995803833,39583.078125,17718.609375,2797.820068359375,4.3429999351501465
2024-07-01,44.827064514160156,104.3308334350586,41.729366302490234,21.569297790527344,23058.5703125,5475.08984375,17879.30078125,243.64695739746094,32.50400161743164,12.220000267028809,39631.05859375,,2804.31005859375,4.479000091552734
2024-07-02,44.52678298950195,103.5678939819336,41.49365997314453,21.366928100585938,22879.369140625,5509.009765625,18028.759765625,247.0751190185547,32.52170181274414,12.029999732971191,40074.69140625,17769.140625,2780.860107421875,4.435999870300293
2024-07-03,45.06729507446289,104.75997161865234,41.94621658325195,21.501840591430664,23172.4296875,5537.02001953125,18188.30078125,251.19482421875,32.57279968261719,12.09000015258789,40580.76171875,17978.5703125,2794.010009765625,4.355000019073486
2024-07-04,46.24442672729492,107.43023681640625,42.83246994018555,22.007766723632812,23522.529296875,,,,32.621498107910156,,40913.6484375,18028.279296875,2824.93994140625,
2024-07-05,46.07626724243164,107.19182586669922,42.71933364868164,21.965604782104492,23556.58984375,5567.18994140625,18352.759765625,251.68881225585938,32.50659942626953,12.479999542236328,40912.37109375,17799.609375,2862.22998046875,4.271999835968018
2024-07-08,47.529666900634766,110.2435531616211,43.82243347167969,22.68233299255371,23878.150390625,5572.85009765625,18403.740234375,256.4606018066406,32.393001556396484,12.369999885559082,40780.69921875,17524.060546875,2857.760009765625,4.269000053405762
2024-07-09,47.48161697387695,110.3865966796875,43.77529525756836,22.758220672607422,23900.080078125,5576.97998046875,18429.2890625,256.3420104980469,32.47100067138672,12.510000228881836,41580.171875,17523.23046875,2867.3798828125,4.300000190734863
2024-07-10,47.6497802734375,110.86343383789062,43.99214553833008,22.79195213317871,24007.080078125,5633.91015625,18647.44921875,262.2894287109375,32.50749969482422,12.850000381469727,41831.98828125,17471.669921875,2867.989990234375,4.28000020980835
2024-07-11,48.70679473876953,113.39064025878906,44.83125686645508,23.061779022216797,24390.029296875,5584.5400390625,18283.41015625,253.66470336914062,32.58689880371094,12.920000076293945,42224.01953125,17832.330078125,2891.35009765625,4.192999839782715
2024-07-12,47.169315338134766,110.2435531616211,43.68101501464844,22.345048904418945,23916.9296875,5615.35009765625,18398.44921875,256.7569885253906,32.38679885864258,12.460000038146973,41190.6796875,18293.380859375,2857.0,4.189000129699707
2024-07-15,47.253395080566406,110.05281829833984,43.63386917114258,22.37034797668457,23879.359375,5631.22021484375,18472.5703125,257.0434875488281,32.54800033569336,13.119999885559082,,18015.939453125,2860.919921875,4.229000091552734
2024-07-16,47.53107452392578,110.61260223388672,43.83841323852539,22.429372787475586,23997.25,5667.2001953125,18509.33984375,258.6340637207031,32.57400131225586,13.1899995803833,41275.078125,17727.98046875,2866.090087890625,4.166999816894531
2024-07-17,46.867061614990234,109.17233276367188,43.39127731323242,22.184837341308594,23769.8203125,5588.27001953125,17996.919921875,240.238525390625,32.56330108642578,14.479999542236328,41097.69140625,17739.41015625,2843.2900390625,4.145999908447266
2024-07-18,46.02195739746094,106.96392059326172,42.57311248779297,21.577728271484375,23398.470703125,5544.58984375,17871.220703125,240.95973205566406,32.49079895019531,15.930000305175781,40126.3515625,17778.41015625,2824.35009765625,4.189000129699707
2024-07-19,44.971614837646484,104.65948486328125,41.716888427734375,21.189851760864258,22869.259765625,5505.0,17726.939453125,233.5896453857422,32.638999938964844,16.520000457763672,40063.7890625,17417.6796875,2795.4599609375,4.238999843597412
2024-07-22,43.63151931762695,101.39488220214844,40.52769470214844,20.481557846069336,22256.990234375,5564.41015625,18007.5703125,243.2715301513672,32.78099822998047,14.90999984741211,39599.0,17635.880859375,2763.510009765625,4.260000228881836
2024-07-23,44.98368835449219,104.32343292236328,41.50759506225586,21.038074493408203,22871.83984375,5555.740234375,17997.349609375,239.64576721191406,32.80849838256836,14.720000267028809,39594.390625,17469.359375,2774.2900390625,4.238999843597412
2024-07-24,,,,,,5427.1298828125,17342.41015625,226.90126037597656,32.75130081176758,18.040000915527344,39154.8515625,17311.05078125,2758.7099609375,4.285999774932861
2024-07-25,,,,,,5399.22021484375,17181.720703125,221.84298706054688,32.71480178833008,18.459999084472656,37869.51171875,17021.91015625,2710.64990234375,4.25600004196167
2024-07-26,43.22104263305664,100.62674713134766,40.11861038208008,20.32978057861328,22119.2109375,5459.10009765625,17357.880859375,226.60488891601562,32.643001556396484,16.389999389648438,37667.41015625,17021.310546875,2731.89990234375,4.199999809265137
2024-07-29,43.60737991333008,101.4428939819336,40.518184661865234,20.346643447875977,22164.490234375,5463.5400390625,17370.19921875,226.13067626953125,32.79800033569336,16.600000381469727,38468.62890625,17238.33984375,2765.530029296875,4.177999973297119
2024-07-30,43.60737991333008,101.53890228271484,40.48012924194336,20.523717880249023,22223.5703125,5436.43994140625,17147.419921875,217.92088317871094,32.849300384521484,17.690000534057617,38525.94921875,17002.91015625,2738.18994140625,4.14300012588501
2024-07-31,43.66773986816406,101.4428939819336,40.48012924194336,20.49842071533203,22199.349609375,5522.2998046875,17599.400390625,232.54244995117188,32.76150131225586,16.360000610351562,39101.8203125,17344.599609375,2770.68994140625,4.109000205993652
2024-08-01,44.42832946777344,103.26724243164062,41.14607620239258,20.86100196838379,22642.099609375,5446.68017578125,17194.150390625,215.7869110107422,32.57229995727539,18.59000015258789,38126.328125,17304.9609375,2777.679931640625,3.9760000705718994
2024-08-02,42.18276596069336,98.32231903076172,39.300453186035156,19.73110008239746,21638.08984375,5346.56005859375,16776.16015625,204.3168487548828,32.71649932861328,23.389999389648438,35909.69921875,16945.509765625,2676.18994140625,3.7920000553131104
2024-08-05,38.33150863647461,89.96875,35.932655334472656,17.85917854309082,19830.880859375,5186.330078125,16200.080078125,200.7108612060547,32.58890151977539,38.56999969482422,31458.419921875,16698.359375,2441.550048828125,3.7850000858306885
2024-08-06,40.444271087646484,93.66544342041016,37.56898880004883,18.685522079467773,20501.01953125,5240.02978515625,16366.849609375,202.52867126464844,32.67900085449219,27.709999084472656,34675.4609375,16647.33984375,2522.14990234375,3.888000011444092
2024-08-07,42.04996871948242,97.4581527709961,38.85331726074219,19.40224838256836,21295.279296875,5199.5,16195.8095703125,196.8874969482422,32.77799987792969,27.850000381469727,35089.62109375,16877.859375,2568.409912109375,3.9679999351501465
2024-08-08,41.18071746826172,95.72982788085938,38.1873664855957,18.972211837768555,20870.099609375,5319.31005859375,16660.01953125,210.4717559814453,32.650001525878906,23.790000915527344,34831.1484375,16891.830078125,2556.72998046875,3.996999979019165
2024-08-09,42.46044921875,98.61035919189453,39.309967041015625,19.461273193359375,21469.0,5344.16015625,16745.30078125,209.22695922851562,32.41019821166992,20.3700008392334,35025.0,17090.23046875,2588.429931640625,3.941999912261963
2024-08-12,42.99165725708008,99.90660095214844,39.74758529663086,19.95876693725586,21773.259765625,5344.39013671875,16780.609375,210.43223571777344,32.435001373291016,20.709999084472656,,17111.650390625,2618.300048828125,3.9089999198913574
2024-08-13,43.10031509399414,100.24267578125,39.880775451660156,20.085248947143555,21796.5703125,5434.43017578125,17187.609375,218.97796630859375,32.23899841308594,18.1200008392334,36232.51171875,17174.060546875,2621.5,3.8519999980926514
2024-08-14,43.64359664916992,101.4428939819336,40.3564567565918,20.346643447875977,22027.25,5455.2099609375,17192.599609375,218.4246826171875,32.30500030517578,16.190000534057617,36442.4296875,17113.359375,2644.5,3.819999933242798
2024-08-15,43.3055534362793,100.86678314208984,40.10910415649414,20.16956901550293,21895.169921875,5543.22021484375,17594.5,228.92654418945312,31.9950008392334,15.229999542236328,36726.640625,17109.140625,,3.9260001182556152
2024-08-16,44.28345489501953,103.0751953125,40.87969970703125,20.618371963500977,22349.330078125,5554.25,17631.720703125,228.44247436523438,32.442501068115234,14.800000190734863,38062.671875,17430.16015625,2697.22998046875,3.8919999599456787
2024-08-19,44.34382247924805,103.17121124267578,40.87969970703125,20.69757080078125,22409.630859375,5608.25,17876.76953125,232.3251190185547,32.135501861572266,14.649999618530273,37388.62109375,17569.5703125,2674.360107421875,3.867000102996826
2024-08-20,44.36796569824219,103.21922302246094,40.946292877197266,20.732770919799805,22429.099609375,5597.1201171875,17816.939453125,229.25257873535156,31.910499572753906,15.880000114440918,38062.921875,17511.080078125,2696.6298828125,3.818000078201294
2024-08-21,43.897125244140625,102.01899719238281,40.69894027709961,20.539169311523438,22237.890625,5620.85009765625,17918.990234375,232.50291442871094,31.895000457763672,16.270000457763672,37951.80078125,17391.009765625,2701.1298828125,3.7780001163482666
2024-08-22,43.66773986816406,101.58692169189453,40.394508361816406,20.433568954467773,22148.830078125,5570.64013671875,17619.349609375,224.55984497070312,31.69499969482422,17.549999237060547,38211.01171875,17641.0,2707.669921875,3.861999988555908
2024-08-23,43.69188690185547,101.73094177246094,40.43256378173828,20.49517059326172,22158.05078125,5634.60986328125,17877.7890625,230.576416015625,32.03499984741211,15.859999656677246,38364.26953125,17612.099609375,2701.68994140625,3.806999921798706
2024-08-26,43.76432418823242,101.68293762207031,40.48964309692383,20.433568954467773,22240.119140625,5616.83984375,17725.76953125,224.78709411621094,31.754499435424805,16.149999618530273,38110.21875,17798.73046875,2698.010009765625,3.818000078201294
2024-08-27,43.57115173339844,101.29886627197266,40.3849983215332,20.380769729614258,22185.0,5625.7998046875,17754.8203125,227.27670288085938,31.80900001525879,15.430000305175781,38288.62109375,17874.669921875,2689.25,3.8329999446868896
2024-08-28,44.18687438964844,102.69112396240234,40.87969970703125,20.635971069335938,22370.66015625,5592.18017578125,17556.029296875,223.17672729492188,31.69499969482422,17.110000610351562,38371.76171875,17692.44921875,2689.830078125,3.8410000801086426
2024-08-29,43.58322525024414,101.53890228271484,40.24229049682617,20.53036880493164,22201.849609375,5591.9599609375,17516.4296875,222.53453063964844,31.982999801635742,15.649999618530273,38362.53125,17786.3203125,2662.280029296875,3.867000102996826
2024-08-30,43.78847122192383,101.53890228271484,40.327911376953125,20.521568298339844,22268.08984375,5648.39990234375,17713.619140625,228.35354614257812,31.857999801635742,15.0,38647.75,17989.0703125,2674.31005859375,3.9110000133514404
2024-09-02,43.66773986816406,101.4428939819336,40.337425231933594,20.424768447875977,22235.099609375,,,,31.996000289916992,,38700.87109375,17691.970703125,2681.0,
2024-09-03,43.47457504272461,101.15483093261719,40.23278045654297,20.407169342041016,22092.2109375,5528.93017578125,17136.30078125,210.9261932373047,31.930999755859375,20.719999313354492,38686.30859375,17651.490234375,2664.6298828125,3.8440001010894775
2024-09-04,41.34973907470703,96.30593872070312,38.50131607055664,19.439170837402344,21092.75,5520.06982421875,17084.30078125,211.6177520751953,31.981000900268555,21.31999969482422,37047.609375,17457.33984375,2580.800048828125,3.7679998874664307
2024-09-05,41.603271484375,96.7380142211914,38.6249885559082,19.38637351989746,21187.7109375,5503.41015625,17127.66015625,210.4816436767578,31.954999923706055,19.899999618530273,36657.08984375,17444.30078125,2575.5,3.7309999465942383
2024-09-06,42.19484329223633,98.08226776123047,39.13871765136719,19.641569137573242,21435.189453125,5408.419921875,16690.830078125,201.4715576171875,32.00699996948242,22.3799991607666,36391.46875,,2544.280029296875,3.7100000381469727
2024-09-09,41.54290771484375,96.49797821044922,38.54888153076172,19.307170867919922,21144.439453125,5471.0498046875,16884.599609375,205.4530029296875,32.025901794433594,19.450000762939453,36215.75,17196.9609375,2535.929931640625,3.697000026702881
2024-09-10,41.6153450012207,96.54598236083984,38.63450241088867,19.254371643066406,21064.080078125,5495.52001953125,17025.880859375,207.61659240722656,32.108001708984375,19.079999923706055,36159.16015625,17234.08984375,2523.429931640625,3.6459999084472656
2024-09-11,41.4946174621582,96.30593872070312,38.4632568359375,19.210371017456055,21031.0,5554.1298828125,17395.529296875,217.25892639160156,32.15800094604492,17.690000534057617,35619.76953125,17108.7109375,2513.3701171875,3.6530001163482666
2024-09-12,43.05202102661133,99.85859680175781,39.671478271484375,19.90557098388672,21653.25,5595.759765625,17569.6796875,216.30064392089844,32.106998443603516,17.06999969482422,36833.26953125,17240.390625,2572.090087890625,3.680000066757202
2024-09-13,43.0761604309082,100.24267578125,39.84272384643555,19.914369583129883,21759.650390625,5626.02001953125,17683.98046875,220.1634979248047,31.92300033569336,16.559999465942383,36581.76171875,17369.08984375,2575.409912109375,3.6500000953674316
2024-09-16,43.160675048828125,100.62674713134766,40.071044921875,19.975971221923828,21850.080078125,5633.08984375,17592.130859375,217.2292938232422,31.937999725341797,17.139999389648438,,17422.119140625,,3.621000051498413
2024-09-17,,,,,,5634.580078125,17628.060546875,217.49603271484375,31.863000869750977,17.610000610351562,36203.21875,17660.01953125,,3.6419999599456787
2024-09-18,42.94336700439453,99.76258087158203,39.72855758666992,19.641569137573242,21678.83984375,5618.259765625,17573.30078125,215.09535217285156,31.93950080871582,18.229999542236328,36380.171875,,,3.684999942779541
2024-09-19,43.49871826171875,101.15483093261719,40.27083206176758,19.94957160949707,22042.689453125,5713.64013671875,18013.98046875,224.25360107421875,31.77899932861328,16.329999923706055,37155.328125,18013.16015625,2580.800048828125,3.740000009536743
2024-09-20,44.05406951904297,102.35505676269531,40.73699188232422,20.099170684814453,22159.419921875,5702.5498046875,17948.3203125,220.97361755371094,31.76799964904785,16.149999618530273,37723.91015625,18258.5703125,2593.3701171875,3.7279999256134033
2024-09-23,44.24723434448242,102.73912811279297,40.91775131225586,20.204769134521484,22285.529296875,5718.56982421875,17974.26953125,221.83311462402344,31.98900032043457,15.890000343322754,,18247.109375,2602.010009765625,3.739000082015991
2024-09-24,44.66979217529297,103.74732971191406,41.2602424621582,20.424768447875977,22431.779296875,5732.93017578125,18074.51953125,224.5203094482422,31.933000564575195,15.390000343322754,37940.58984375,19000.560546875,2631.679931640625,3.7360000610351562
2024-09-25,45.333805084228516,105.4276351928711,41.93570327758789,20.776769638061523,22761.599609375,5722.259765625,18082.2109375,226.0672607421875,31.700000762939453,15.40999984741211,37870.26171875,19129.099609375,2596.320068359375,3.7809998989105225
2024-09-26,45.708065032958984,106.14777374267578,42.1354866027832,20.917570114135742,22858.810546875,5745.3701171875,18190.2890625,234.1485137939453,31.863000869750977,15.369999885559082,38925.62890625,19924.580078125,2671.570068359375,3.7909998893737793
2024-09-27,45.611480712890625,105.90772247314453,42.05937957763672,20.935169219970703,22822.7890625,5738.169921875,18119.58984375,230.43470764160156,31.459999084472656,16.959999084472656,39829.55859375,20632.30078125,2649.780029296875,3.749000072479248
2024-09-30,44.416255950927734,103.21922302246094,40.946292877197266,20.32796859741211,22224.5390625,5762.47998046875,18189.169921875,228.36485290527344,31.575000762939453,16.729999542236328,37919.55078125,21133.6796875,2593.27001953125,3.802000045776367
2024-10-01,44.331748962402344,103.21922302246094,41.0985107421875,20.363168716430664,22390.390625,5708.75,17910.359375,221.9672088623047,31.579999923706055,19.260000228881836,38651.96875,,,3.743000030517578
2024-10-02,,,,,,5709.5400390625,17925.119140625,224.9580535888672,31.761999130249023,18.899999618530273,37808.76171875,22443.73046875,2561.68994140625,3.7850000858306885
2024-10-03,,,,,,5699.93994140625,17918.48046875,225.76026916503906,31.812000274658203,20.489999771118164,38552.05859375,22113.509765625,,3.8499999046325684
2024-10-04,44.331748962402344,103.21922302246094,41.069969177246094,20.33677101135254,22302.7109375,5751.06982421875,18137.849609375,228.85012817382812,32.018001556396484,19.209999084472656,38635.62109375,22736.869140625,2569.7099609375,3.9809999465942383
2024-10-07,45.430381774902344,105.57166290283203,41.95472717285156,20.776769638061523,22702.560546875,5695.93994140625,17923.900390625,228.22622680664062,32.34000015258789,22.639999389648438,39332.73828125,23099.779296875,2610.3798828125,4.026000022888184
2024-10-08,45.213069915771484,105.0915756225586,41.73591613769531,20.653568267822266,22611.390625,5751.1298828125,18182.919921875,230.47433471679688,32.12179946899414,21.420000076293945,38937.5390625,20926.7890625,2594.360107421875,4.0329999923706055
2024-10-09,45.635623931884766,106.33980560302734,42.144996643066406,20.908769607543945,22659.080078125,5792.0400390625,18291.619140625,232.88084411621094,32.16999816894531,20.860000610351562,39277.9609375,20637.240234375,,4.066999912261963
2024-10-10,,,,,,5780.0498046875,18282.05078125,231.24676513671875,32.227500915527344,20.93000030517578,39380.890625,21251.98046875,2599.159912109375,4.0960001945495605
2024-10-11,46.39621353149414,108.16414642333984,42.68727111816406,21.20796775817871,22901.640625,5815.02978515625,18342.939453125,233.1879119873047,32.195499420166016,20.459999084472656,39605.80078125,,2596.909912109375,4.072999954223633
2024-10-14,46.43243408203125,108.30816650390625,42.734840393066406,21.295970916748047,22975.2890625,5859.85009765625,18502.689453125,237.48599243164062,32.130001068115234,19.700000762939453,,21092.869140625,2623.2900390625,4.0980000495910645
2024-10-15,47.42241287231445,110.37255096435547,43.52446365356445,21.68316650390625,23292.0390625,5815.259765625,18315.58984375,225.16604614257812,32.152000427246094,20.639999389648438,39910.55078125,20318.7890625,2633.449951171875,4.038000106811523
2024-10-16,46.60145568847656,108.64423370361328,42.91559600830078,21.498369216918945,23010.98046875,5842.47021484375,18367.080078125,225.16604614257812,32.17100143432617,19.579999923706055,39180.30078125,20286.849609375,2610.360107421875,4.015999794006348
2024-10-17,46.67389678955078,108.69224548339844,43.02024841308594,21.542367935180664,23053.83984375,5841.47021484375,18373.609375,226.93875122070312,32.1349983215332,19.110000610351562,38911.19140625,20079.099609375,2609.300048828125,4.0960001945495605
2024-10-18,47.8328971862793,111.28472900390625,43.952571868896484,21.84156608581543,23487.26953125,5864.669921875,18489.55078125,227.146728515625,32.06800079345703,18.030000686645508,38981.75,20804.109375,2593.820068359375,4.072999954223633
2024-10-21,47.820823669433594,111.5727767944336,43.952571868896484,21.973567962646484,23542.529296875,5853.97998046875,18540.009765625,226.72088623046875,32.04199981689453,18.3700008392334,38954.6015625,20478.4609375,2604.919921875,4.182000160217285
2024-10-22,47.639732360839844,110.99667358398438,43.83841323852539,22.061567306518555,23535.4296875,5851.2001953125,18579.76953125,225.8791046142578,32.05099868774414,18.200000762939453,38411.9609375,20498.94921875,2570.699951171875,4.203999996185303
2024-10-23,47.32583236694336,110.32454681396484,43.619598388671875,21.95596694946289,23334.759765625,5797.419921875,18276.650390625,223.85877990722656,32.013999938964844,19.239999771118164,38104.859375,20760.150390625,2599.6201171875,4.242000102996826
2024-10-24,47.03608322143555,109.65242004394531,43.36273193359375,21.718366622924805,23192.51953125,5809.85986328125,18415.490234375,225.10662841796875,32.00400161743164,19.079999923706055,38143.2890625,20489.619140625,2581.030029296875,4.199999809265137
2024-10-25,47.42241287231445,110.42056274414062,43.67668151855469,21.991167068481445,23348.44921875,5808.1201171875,18518.609375,227.36459350585938,31.983800888061523,20.329999923706055,37913.921875,20590.150390625,2583.27001953125,4.23199987411499
2024-10-28,47.33790588378906,110.27653503417969,43.5720329284668,21.93836784362793,23198.0703125,5823.52001953125,18567.189453125,227.50326538085938,32.06380081176758,19.799999237060547,38605.53125,20599.359375,2612.429931640625,4.2779998779296875
2024-10-29,46.2392692565918,108.2601547241211,42.74435043334961,21.48956871032715,22926.58984375,5832.919921875,18712.75,233.09872436523438,32.01380157470703,19.34000015258789,38903.6796875,20701.140625,2617.800048828125,4.27400016784668
2024-10-30,46.311710357666016,107.7320556640625,42.74435043334961,21.48076820373535,22820.4296875,5813.669921875,18607.9296875,224.8788299560547,32.00299835205078,20.350000381469727,39277.390625,20380.640625,2593.7900390625,4.265999794006348
2024-10-31,,,,,,5705.4501953125,18095.150390625,216.1538543701172,31.86549949645996,23.15999984741211,39081.25,20317.330078125,2556.14990234375,4.283999919891357
2024-11-01,45.9978141784668,107.20396423339844,42.439918518066406,21.39276695251465,22780.080078125,5728.7998046875,18239.919921875,218.4514617919922,31.86280059814453,21.8799991607666,38053.671875,20506.4296875,2542.360107421875,4.361000061035156
2024-11-04,46.58938217163086,108.64423370361328,42.972679138183594,21.621566772460938,22965.390625,5712.68994140625,18179.98046875,217.1937255859375,31.922800064086914,21.979999542236328,,20567.51953125,2588.969970703125,4.309000015258789
2024-11-05,46.75840377807617,108.93228149414062,43.067813873291016,21.69196891784668,23106.7890625,5782.759765625,18439.169921875,219.72900390625,31.91200065612793,20.489999771118164,38474.8984375,21006.970703125,2576.8798828125,4.289000034332275
2024-11-06,47.132667541503906,109.8444595336914,43.372249603271484,21.929569244384766,23217.380859375,5929.0400390625,18983.470703125,226.1365966796875,31.82229995727539,16.270000457763672,39480.671875,20538.380859375,2563.510009765625,4.426000118255615
2024-11-07,47.67594909667969,110.80463409423828,43.800357818603516,22.149568557739258,23408.8203125,5973.10009765625,19269.4609375,230.8506622314453,32.334598541259766,15.199999809265137,39381.41015625,20953.33984375,2564.6298828125,4.341000080108643
2024-11-08,48.050209045410156,111.81282043457031,44.1523551940918,22.237565994262695,23553.890625,5995.5400390625,19286.779296875,229.12744140625,32.034000396728516,14.9399995803833,39500.37109375,20728.189453125,2561.14990234375,4.306000232696533
2024-11-11,48.0743522644043,111.81282043457031,44.19041442871094,22.27276611328125,23529.640625,6001.35009765625,19298.759765625,223.39332580566406,32.23500061035156,14.970000267028809,39533.3203125,20426.9296875,2531.659912109375,4.308000087738037
2024-11-12,46.842918395996094,109.17233276367188,43.19149398803711,21.7271671295166,22981.76953125,5983.990234375,19281.400390625,220.95703125,32.37480163574219,14.710000038146973,39376.08984375,19846.880859375,2482.570068359375,4.432000160217285
2024-11-13,46.54109191894531,108.45219421386719,42.98219680786133,21.75356674194336,22860.23046875,5985.3798828125,19230.720703125,216.26278686523438,32.414798736572266,14.020000457763672,38721.66015625,19823.44921875,2417.080078125,4.451000213623047
2024-11-14,46.1185417175293,107.58804321289062,42.63970184326172,21.471967697143555,22715.380859375,5949.169921875,19107.650390625,216.13404846191406,32.40800094604492,14.3100004196167,38535.69921875,19435.810546875,2418.860107421875,4.418000221252441
2024-11-15,46.44451141357422,107.82807922363281,42.810951232910156,21.52476692199707,22742.76953125,5870.6201171875,18680.119140625,209.17190551757812,32.537200927734375,16.139999389648438,38642.91015625,19426.33984375,2416.860107421875,4.427999973297119
2024-11-18,45.792572021484375,106.86014556884766,42.29027557373047,21.199169158935547,22546.5390625,5893.6201171875,18791.810546875,211.87554931640625,32.46179962158203,15.579999923706055,38220.8515625,19576.609375,2469.070068359375,4.414000034332275
2024-11-19,46.42036437988281,107.87648010253906,42.75309753417969,21.41916847229004,22848.80078125,5916.97998046875,18987.470703125,212.28158569335938,32.442298889160156,16.350000381469727,38414.4296875,19663.669921875,2471.949951171875,4.379000186920166
2024-11-20,46.227195739746094,107.63449096679688,42.52168273925781,21.401567459106445,22688.359375,5917.10986328125,18966.140625,210.65744018554688,32.32550048828125,17.15999984741211,38352.33984375,19705.009765625,2482.2900390625,4.406000137329102
2024-11-21,45.72013473510742,106.37618255615234,42.1745719909668,21.2343692779541,22555.66015625,5948.7099609375,18972.419921875,213.99490356445312,32.471500396728516,16.8700008392334,38026.171875,19601.109375,2480.6298828125,4.432000160217285
2024-11-22,46.61353302001953,108.070068359375,42.91701126098633,21.612768173217773,22904.3203125,5969.33984375,19003.650390625,214.0840301513672,32.50529861450195,15.239999771118164,38283.8515625,19229.970703125,2501.239990234375,4.409999847412109
2024-11-25,46.44451141357422,107.87648010253906,42.782020568847656,21.68316650390625,22948.369140625,5987.3701171875,19054.83984375,216.1736602783203,32.56850051879883,14.600000381469727,38780.140625,19150.990234375,2534.340087890625,4.264999866485596
2024-11-26,45.84086227416992,106.37618255615234,42.51204299926758,21.366369247436523,22678.759765625,6021.6298828125,19174.30078125,213.3709716796875,32.332000732421875,14.100000381469727,38442.0,19159.19921875,2520.360107421875,4.302000045776367
2024-11-27,45.17685317993164,105.06946563720703,41.70210647583008,21.01436996459961,22334.779296875,5998.740234375,19060.48046875,210.5088348388672,32.404998779296875,14.100000381469727,38134.96875,19603.130859375,2503.06005859375,4.242000102996826
2024-11-28,45.10441970825195,104.82748413085938,41.59604263305664,20.935169219970703,22298.900390625,,,,32.414798736572266,,38349.05859375,19366.9609375,2504.669921875,
2024-11-29,45.213069915771484,104.77908325195312,41.692466735839844,20.996768951416016,22262.5,6032.3798828125,19218.169921875,213.32142639160156,32.494300842285156,13.510000228881836,38208.03125,19423.609375,2455.909912109375,4.177999973297119
2024-12-02,46.28756332397461,107.58609771728516,42.52168273925781,21.471967697143555,22736.9296875,6047.14990234375,19403.94921875,218.9268341064453,32.43899917602539,13.34000015258789,38513.01953125,19550.2890625,2454.47998046875,4.196000099182129
2024-12-03,46.91535186767578,108.84441375732422,42.92665481567383,21.559967041015625,23027.4609375,6049.8798828125,19480.91015625,217.68890380859375,32.59149932861328,13.300000190734863,39248.859375,19746.3203125,2500.10009765625,4.2230000495910645
2024-12-04,47.19302749633789,109.71556091308594,43.225563049316406,21.806367874145508,23255.330078125,6086.490234375,19735.119140625,220.57081604003906,32.4640007019043,13.449999809265137,39276.390625,19742.4609375,2464.0,4.179999828338623
2024-12-05,47.44655990600586,110.19952392578125,43.36054992675781,21.815170288085938,23267.939453125,6075.10986328125,19700.259765625,216.40142822265625,32.3129997253418,13.539999961853027,39395.6015625,19560.439453125,2441.85009765625,4.179999828338623
2024-12-06,47.26546859741211,109.86074829101562,43.33161926269531,21.7359676361084,23193.26953125,6090.27001953125,19859.76953125,217.70870971679688,32.32279968261719,12.770000457763672,39091.171875,19865.849609375,2428.159912109375,4.151000022888184
2024-12-09,47.32583236694336,109.9575424194336,43.37018966674805,21.7271671295166,23273.25,6052.85009765625,19736.689453125,216.658935546875,32.38800048828125,14.1899995803833,39160.5,20414.08984375,2360.580078125,4.198999881744385
2024-12-10,46.98779296875,109.47357177734375,43.14841842651367,21.603965759277344,23125.080078125,6034.91015625,19687.240234375,211.5091094970703,32.37080001831055,14.180000305175781,39367.578125,20311.279296875,2417.840087890625,4.2210001945495605
2024-12-11,46.577308654785156,108.31204986572266,42.74345779418945,21.471967697143555,22903.630859375,6084.18994140625,20034.890625,216.82730102539062,32.523799896240234,13.579999923706055,39372.23046875,20155.05078125,2442.510009765625,4.270999908447266
2024-12-12,47.1205940246582,109.52197265625,43.196632385253906,21.665569305419922,23046.80078125,6051.25,19902.83984375,215.1437225341797,32.485801696777344,13.920000076293945,39849.140625,20397.05078125,2482.1201171875,4.323999881744385
2024-12-13,47.15681457519531,109.81234741210938,43.206275939941406,21.68316650390625,23020.48046875,6051.08984375,19926.720703125,221.14523315429688,32.465999603271484,13.8100004196167,39470.44140625,19971.240234375,2494.4599609375,4.39900016784668
2024-12-16,47.34998321533203,110.10272979736328,43.36054992675781,21.542367935180664,23039.900390625,6074.080078125,20173.890625,225.24525451660156,32.49829864501953,14.6899995803833,39457.48828125,19795.490234375,2488.969970703125,4.396999835968018
2024-12-17,47.59143829345703,110.53829956054688,43.418399810791016,21.7359676361084,23018.009765625,6050.60986328125,20109.060546875,222.0592498779297,32.41699981689453,15.869999885559082,39364.6796875,19700.48046875,2456.81005859375,4.385000228881836
2024-12-18,47.59143829345703,110.73188781738281,43.447330474853516,21.744768142700195,23168.669921875,5872.16015625,19392.689453125,213.84620666503906,32.4297981262207,27.6200008392334,39081.7109375,19864.55078125,2484.429931640625,4.49399995803833
2024-12-19,46.93949508666992,109.47357177734375,43.023075103759766,21.586368560791016,22932.25,5867.080078125,19372.76953125,210.25550842285156,32.678001403808594,24.09000015258789,38813.578125,19752.509765625,2435.929931640625,4.570000171661377
2024-12-20,46.504878997802734,108.31204986572266,42.62774658203125,21.46316909790039,22510.25,5930.85009765625,19572.599609375,213.08245849609375,32.630001068115234,18.360000610351562,38701.8984375,19720.69921875,2404.14990234375,4.52400016784668
2024-12-23,47.62765884399414,110.63510131835938,43.42804718017578,21.86796760559082,23104.5390625,5974.06982421875,19764.880859375,219.52987670898438,32.61600112915039,16.780000686645508,39161.33984375,19883.130859375,2442.010009765625,4.598999977111816
2024-12-24,47.76045608520508,110.87708282470703,43.53410720825195,21.86796760559082,23120.240234375,6040.0400390625,20031.130859375,221.79144287109375,32.608001708984375,14.270000457763672,39036.8515625,20098.2890625,2440.52001953125,4.591000080108643
2024-12-25,47.905330657958984,111.21585845947266,43.669097900390625,21.973567962646484,23220.130859375,,,,32.61399841308594,,39130.4296875,,,
2024-12-26,47.86911392211914,111.3126449584961,43.68838119506836,21.991167068481445,23246.939453125,6037.58984375,20020.359375,221.7220001220703,32.70790100097656,14.729999542236328,39568.05859375,,2429.669921875,4.578999996185303
2024-12-27,48.02606201171875,111.60303497314453,43.79444122314453,22.04396629333496,23275.6796875,5970.83984375,19722.029296875,219.84725952148438,32.721500396728516,15.949999809265137,40281.16015625,20090.4609375,2404.77001953125,4.61899995803833
2024-12-30,47.76045608520508,111.26425170898438,43.58231735229492,21.920766830444336,23190.19921875,5906.93994140625,19486.7890625,215.5225372314453,32.80849838256836,17.399999618530273,39894.5390625,20041.419921875,2399.489990234375,4.545000076293945
2024-12-31,47.26546859741211,110.44151306152344,43.37983322143555,21.920766830444336,23035.099609375,5881.6298828125,19310.7890625,213.7470245361328,32.7599983215332,17.350000381469727,,20059.94921875,,4.572999954223633
2025-01-02,46.85498809814453,109.18319702148438,42.868797302246094,21.542367935180664,22832.060546875,5868.5498046875,19280.7890625,215.06626892089844,32.80099868774414,17.93000030517578,,19623.3203125,2398.93994140625,4.574999809265137
2025-01-03,47.32583236694336,109.86074829101562,43.254486083984375,21.674365997314453,22908.30078125,5942.47021484375,19621.6796875,220.67056274414062,32.86980056762695,16.1299991607666,,19760.26953125,2441.919921875,4.5960001945495605
2025-01-06,48.8108024597168,113.24851989746094,44.469390869140625,22.184764862060547,23547.7109375,5975.3798828125,19864.98046875,227.05848693847656,32.91230010986328,16.040000915527344,39307.05078125,19688.2890625,2488.639892578125,4.618000030517578
2025-01-07,49.35408020019531,114.45845031738281,44.864715576171875,22.510366439819336,23651.26953125,5909.02978515625,19489.6796875,223.96372985839844,32.735801696777344,17.81999969482422,40083.30078125,19447.580078125,2492.10009765625,4.683000087738037
2025-01-08,48.61763381958008,113.05493927001953,44.32476043701172,22.263967514038086,23407.330078125,5918.25,19478.880859375,221.73191833496094,32.7244987487793,17.700000762939453,39981.05859375,19279.83984375,2521.050048828125,4.692999839782715
2025-01-09,48.06228256225586,111.79661560058594,43.80408477783203,21.929569244384766,23081.130859375,,,,32.9202995300293,,39605.08984375,19240.890625,2521.89990234375,
2025-01-10,48.050209045410156,111.45783996582031,43.74623107910156,21.93836784362793,23011.859375,5827.0400390625,19161.630859375,216.43511962890625,32.83100128173828,19.540000915527344,39190.3984375,19064.2890625,2515.780029296875,4.776000022888184
2025-01-13,46.93949508666992,109.18319702148438,42.830230712890625,21.27836799621582,22488.330078125,5836.22021484375,19088.099609375,215.77052307128906,33.09629821777344,19.190000534057617,,18874.140625,2489.56005859375,4.802999973297119
2025-01-14,47.229248046875,109.61875915527344,43.061641693115234,21.48076820373535,22797.51953125,5842.91015625,19044.390625,217.18896484375,33.054500579833984,18.709999084472656,38474.30078125,19219.779296875,2497.39990234375,4.788000106811523
2025-01-15,46.867061614990234,109.13479614257812,42.77238082885742,21.251968383789062,22514.5703125,5949.91015625,19511.23046875,221.40457153320312,32.95240020751953,16.1200008392334,38444.578125,19286.0703125,2496.81005859375,4.6529998779296875
2025-01-16,47.820823669433594,111.11906433105469,43.62088394165039,21.656768798828125,23025.099609375,5937.33984375,19338.2890625,221.73191833496094,32.79600143432617,16.600000381469727,38572.6015625,19522.890625,2527.489990234375,4.605999946594238
2025-01-17,48.053375244140625,111.60303497314453,43.80408477783203,21.729381561279297,23148.080078125,5996.66015625,19630.19921875,227.88177490234375,32.84299850463867,15.970000267028809,38451.4609375,19584.060546875,2523.550048828125,4.609000205993652
2025-01-20,48.54296875,112.81295776367188,44.14155578613281,21.983524322509766,23266.8203125,,,,32.90999984741211,,38902.5,19925.810546875,2520.050048828125,
2025-01-21,48.64088821411133,112.95813751220703,44.19941329956055,22.037986755371094,23300.009765625,6049.240234375,19756.779296875,230.5698699951172,32.316001892089844,15.0600004196167,39027.98046875,20106.55078125,2518.030029296875,4.573999881744385
2025-01-22,49.2773551940918,114.60363006591797,44.78758239746094,22.25582504272461,23525.41015625,6086.3701171875,20009.33984375,233.9026641845703,32.58399963378906,15.100000381469727,39646.25,19778.76953125,2547.06005859375,4.598999977111816
2025-01-23,,,,,,6118.7099609375,20053.6796875,233.46620178222656,32.58100128173828,15.020000457763672,39958.87109375,19700.560546875,2515.489990234375,4.638000011444092
2025-01-24,,,,,,6101.240234375,19954.30078125,228.77450561523438,32.64039993286133,14.850000381469727,39931.98046875,20066.189453125,2536.800048828125,4.625999927520752
2025-01-27,,,,,,6012.27978515625,19341.830078125,210.830810546875,32.733299255371094,17.899999618530273,39565.80078125,20197.76953125,,4.5279998779296875
2025-01-28,,,,,,6067.7001953125,19733.58984375,211.7731170654297,32.90629959106445,16.40999984741211,39016.87109375,20225.109375,,4.551000118255615
2025-01-29,,,,,,6039.31005859375,19632.3203125,212.64598083496094,32.8651008605957,16.559999465942383,39414.78125,,,4.554999828338623
2025-01-30,,,,,,6071.169921875,19681.75,216.9707489013672,32.7130012512207,15.84000015258789,39513.96875,,,4.51200008392334
2025-01-31,,,,,,6040.52978515625,19627.439453125,216.36566162109375,32.938499450683594,16.43000030517578,39572.48828125,,2517.3701171875,4.568999767303467
2025-02-03,47.17211151123047,109.52197265625,43.003787994384766,21.248321533203125,22694.7109375,5994.56982421875,19391.9609375,212.4674530029297,32.827999114990234,18.6200008392334,38520.08984375,20217.259765625,2453.949951171875,4.543000221252441
2025-02-04,47.45363235473633,109.90914916992188,43.196632385253906,21.2664737701416,22793.9609375,6037.8798828125,19654.01953125,214.649658203125,32.98699951171875,17.209999084472656,38798.37109375,20789.9609375,2481.68994140625,4.513000011444092
2025-02-05,48.175777435302734,111.74822235107422,43.73659133911133,21.611385345458984,23161.580078125,6061.47998046875,19692.330078125,218.80577087402344,32.8916015625,15.770000457763672,38831.48046875,20597.08984375,2509.27001953125,4.421999931335449
2025-02-06,48.38385009765625,112.18379211425781,43.9390754699707,21.711227416992188,23316.599609375,6083.56982421875,19791.990234375,218.5181121826172,32.821800231933594,15.5,39066.53125,20891.619140625,2536.75,4.440000057220459
2025-02-07,48.60416793823242,112.81295776367188,44.18977355957031,21.938142776489258,23478.26953125,6025.990234375,19523.400390625,215.11585998535156,32.79600143432617,16.540000915527344,38787.01953125,21133.5390625,2521.919921875,4.486999988555908
2025-02-10,48.053375244140625,111.74822235107422,43.7848014831543,21.6749210357666,23252.140625,6066.43994140625,19714.26953125,217.92295837402344,32.82789993286133,15.8100004196167,38801.171875,21521.98046875,2521.27001953125,4.493000030517578
2025-02-11,48.34713363647461,112.23218536376953,43.92943572998047,21.85645294189453,23384.05078125,6068.5,19643.859375,218.12135314941406,32.86539840698242,16.020000457763672,,21294.859375,2539.050048828125,4.5370001792907715
2025-02-12,48.27368927001953,112.18379211425781,43.871578216552734,21.747533798217773,23289.75,6051.97021484375,19649.94921875,218.35940551757812,32.80329895019531,15.890000343322754,38963.69921875,21857.919921875,2548.389892578125,4.63700008392334
2025-02-13,48.065616607666016,111.65142822265625,43.852294921875,21.8292236328125,23399.41015625,6115.06982421875,19945.640625,221.03756713867188,32.85580062866211,15.100000381469727,39461.46875,21814.369140625,2583.169921875,4.525000095367432
2025-02-14,47.49034881591797,110.34471130371094,43.31233596801758,21.62046241760254,23152.609375,6114.6298828125,20026.76953125,221.26573181152344,32.615299224853516,14.770000457763672,39149.4296875,22620.330078125,2591.050048828125,4.4720001220703125
2025-02-17,48.212493896484375,111.89341735839844,43.91979217529297,21.938142776489258,23505.330078125,,,,32.66550064086914,,39174.25,22616.23046875,2610.419921875,
2025-02-18,48.38385009765625,112.42578125,44.112632751464844,22.01075553894043,23666.109375,6129.580078125,20041.259765625,224.92587280273438,32.706600189208984,15.350000381469727,39270.3984375,22976.810546875,2626.81005859375,4.544000148773193
2025-02-19,48.29817581176758,111.79661560058594,44.03549575805664,21.983524322509766,23604.080078125,6144.14990234375,20056.25,228.66537475585938,32.72129821777344,15.270000457763672,39164.609375,22944.240234375,2671.52001953125,4.534999847412109
2025-02-20,48.11457824707031,111.79661560058594,43.88121795654297,21.901836395263672,23487.4609375,6117.52001953125,19962.359375,229.2010040283203,32.74620056152344,15.65999984741211,38678.0390625,22576.98046875,2654.06005859375,4.5
2025-02-21,48.45729064941406,112.42578125,44.16083908081055,22.074291229248047,23730.25,6013.1298828125,19524.009765625,222.16836547851562,32.69329833984375,18.209999084472656,38776.94140625,23477.919921875,2654.580078125,4.420000076293945
2025-02-24,48.02889633178711,111.50624084472656,43.8619384765625,22.01075553894043,23565.310546875,5983.25,19286.9296875,216.95091247558594,32.77299880981445,18.979999542236328,,23341.609375,2645.27001953125,4.39300012588501
2025-02-25,47.404666900634766,110.05433654785156,43.51482391357422,21.720304489135742,23285.720703125,5955.25,19026.390625,212.47740173339844,32.69969940185547,19.43000030517578,38237.7890625,23034.01953125,2630.2900390625,4.297999858856201
2025-02-26,47.661705017089844,110.29631805419922,43.53410720825195,21.901836395263672,23402.55078125,5956.06005859375,19075.259765625,216.17718505859375,32.77830123901367,19.100000381469727,38142.37109375,23787.9296875,2641.090087890625,4.249000072479248
2025-02-27,47.12315368652344,109.52197265625,43.09056854248047,21.611385345458984,23053.1796875,5861.56982421875,18544.419921875,203.58984375,32.750301361083984,21.1299991607666,38256.171875,23718.2890625,2621.75,4.284999847412109
2025-02-28,,,,,,5954.5,18847.279296875,206.8334197998047,32.90169906616211,19.6299991607666,37155.5,22941.3203125,2532.780029296875,4.230999946594238
2025-03-03,46.0338134765625,106.90853881835938,42.222782135009766,21.157556533813477,22756.25,5849.72021484375,18350.189453125,199.52301025390625,32.904998779296875,22.780000686645508,37785.46875,23006.26953125,,4.179999828338623
2025-03-04,45.727821350097656,106.18258666992188,42.01065444946289,21.112173080444336,22596.880859375,5778.14990234375,18285.16015625,200.63394165039062,32.88890075683594,23.510000228881836,37331.1796875,22941.76953125,2528.919921875,4.210000038146973
2025-03-05,46.32756805419922,107.5376968383789,42.47347640991211,21.348163604736328,22871.900390625,5842.6298828125,18552.73046875,204.95867919921875,32.7947998046875,21.93000030517578,37418.23828125,23594.2109375,2558.1298828125,4.264999866485596
2025-03-06,46.04605484008789,106.76335906982422,42.28063201904297,21.284629821777344,22715.4296875,5738.52001953125,18069.259765625,196.43817138671875,32.80110168457031,24.8700008392334,37704.9296875,24369.7109375,2576.159912109375,4.285999774932861
2025-03-07,45.6176643371582,105.79541778564453,41.837093353271484,21.021406173706055,22576.0703125,5770.2001953125,18196.220703125,202.20118713378906,32.8578987121582,23.3700008392334,36887.171875,24231.30078125,2563.47998046875,4.316999912261963
2025-03-10,45.348384857177734,105.26304626464844,41.70210647583008,20.885255813598633,22459.150390625,5614.56005859375,17468.3203125,192.84744262695312,32.82699966430664,27.860000610351562,37028.26953125,23783.490234375,2570.389892578125,4.2129998207092285
2025-03-11,44.55280303955078,103.1819839477539,40.88252639770508,20.46773338317871,22071.08984375,5572.06982421875,17436.099609375,190.5660400390625,32.866600036621094,26.920000076293945,36793.109375,23782.140625,2537.60009765625,4.288000106811523
2025-03-12,44.74863815307617,103.61756134033203,41.036800384521484,20.64926528930664,22278.359375,5599.2998046875,17648.44921875,194.49403381347656,32.86880111694336,24.229999542236328,36819.08984375,23600.310546875,2574.820068359375,4.317999839782715
2025-03-13,44.33248519897461,102.94000244140625,40.79574966430664,20.494964599609375,21961.6796875,5521.52001953125,17303.009765625,193.52194213867188,32.90629959106445,24.65999984741211,36790.03125,23462.650390625,2573.639892578125,4.27400016784668
2025-03-14,44.185604095458984,102.50443267822266,40.641475677490234,20.46773338317871,21968.05078125,5638.93994140625,17754.08984375,199.49327087402344,32.96839904785156,21.770000457763672,37053.1015625,23959.98046875,2566.360107421875,4.308000087738037
2025-03-17,44.565040588378906,103.52075958251953,40.95002365112305,20.612958908081055,22118.630859375,5675.1201171875,17808.66015625,202.78640747070312,32.92599868774414,20.510000228881836,37396.51953125,24145.5703125,2610.68994140625,4.306000232696533
2025-03-18,44.74863815307617,103.9079360961914,41.152503967285156,20.776338577270508,22271.669921875,5614.66015625,17504.119140625,200.09588623046875,32.95640182495117,21.700000762939453,37845.421875,24740.5703125,2612.340087890625,4.281000137329102
2025-03-19,44.19784927368164,102.64962768554688,40.67040252685547,20.549423217773438,21960.830078125,5675.2900390625,17750.7890625,201.72470092773438,32.97919845581055,19.899999618530273,37751.87890625,24771.140625,2628.6201171875,4.25600004196167
2025-03-20,45.15254592895508,104.82748413085938,41.461055755615234,20.8580265045166,22377.259765625,5662.89013671875,17691.630859375,200.11575317382812,33.003299713134766,19.799999237060547,,24219.94921875,2637.10009765625,4.232999801635742
2025-03-21,44.78535461425781,104.10153198242188,41.171791076660156,20.75818634033203,22209.099609375,5667.56005859375,17784.05078125,198.0201416015625,32.987300872802734,19.280000686645508,37677.05859375,23689.720703125,2643.1298828125,4.251999855041504
2025-03-24,44.73639678955078,103.71435546875,41.10429382324219,20.703723907470703,22106.640625,5767.56982421875,18188.58984375,203.89974975585938,32.974998474121094,17.479999542236328,37608.48828125,23905.560546875,2632.070068359375,4.330999851226807
2025-03-25,45.20150375366211,105.166259765625,41.4899787902832,20.89433479309082,22273.189453125,5776.64990234375,18271.859375,202.79734802246094,33.01129913330078,17.149999618530273,37780.5390625,23344.25,2615.81005859375,4.307000160217285
2025-03-26,45.16478729248047,104.92427825927734,41.50926208496094,20.89433479309082,22260.2890625,5712.2001953125,17899.01953125,197.11634826660156,33.0452995300293,18.329999923706055,38027.2890625,23483.3203125,2643.93994140625,4.3379998207092285
2025-03-27,44.30800247192383,102.84320831298828,40.73789596557617,20.46773338317871,21951.759765625,5693.31005859375,17804.029296875,193.23300170898438,33.0885009765625,18.690000534057617,37799.96875,23578.80078125,2607.14990234375,4.36899995803833
2025-03-28,43.867374420166016,101.77848052978516,40.28471374511719,20.14097785949707,21602.890625,5580.93994140625,17322.990234375,187.39309692382812,33.11140060424805,21.649999618530273,37120.328125,23426.599609375,2557.97998046875,4.255000114440918
2025-03-31,42.2884407043457,98.24551391601562,38.94446563720703,19.28777503967285,20695.900390625,5611.85009765625,17299.2890625,186.8865966796875,33.18579864501953,22.280000686645508,35617.55859375,23119.580078125,2481.1201171875,4.245999813079834
2025-04-01,43.15746307373047,100.42337036132812,39.7158317565918,19.777912139892578,21280.169921875,5633.06982421875,17449.890625,186.98593139648438,33.23910140991211,21.770000457763672,35624.48046875,23206.83984375,2521.389892578125,4.156000137329102
2025-04-02,43.08402633666992,100.37496948242188,39.75440216064453,19.705299377441406,21298.220703125,5670.97021484375,17601.05078125,188.1876678466797,33.20349884033203,21.510000228881836,35725.87109375,23202.529296875,2505.860107421875,4.196000099182129
2025-04-03,,,,,,5396.52001953125,16550.609375,169.1980743408203,33.26250076293945,30.020000457763672,34735.9296875,22849.810546875,2486.699951171875,4.054999828338623
2025-04-04,,,,,,5074.080078125,15587.7900390625,156.5548858642578,33.03110122680664,45.310001373291016,33780.578125,,2465.419921875,3.984999895095825
2025-04-07,38.7756233215332,90.3568344116211,35.78185272216797,17.73567771911621,19232.349609375,5062.25,15603.259765625,160.17007446289062,33.162498474121094,46.97999954223633,31136.580078125,19828.30078125,2328.199951171875,4.15500020980835
2025-04-08,37.51492691040039,87.0174560546875,34.55730438232422,16.73725128173828,18459.94921875,4982.77001953125,15267.91015625,153.8037872314453,32.980098724365234,52.33000183105469,33012.578125,20127.6796875,2334.22998046875,4.26200008392334
2025-04-09,35.78911590576172,83.14571380615234,32.95671844482422,15.756978988647461,17391.759765625,5456.89990234375,17124.970703125,182.3676300048828,33.0806999206543,33.619998931884766,31714.029296875,20264.490234375,2293.699951171875,4.400000095367432
2025-04-10,39.36313247680664,91.42156219482422,36.24467468261719,17.32723045349121,19000.029296875,5268.0498046875,16387.310546875,167.45999145507812,32.58810043334961,40.720001220703125,34609.0,20681.779296875,2445.06005859375,4.394000053405762
2025-04-11,40.28112030029297,93.69621276855469,36.987117767333984,18.162277221679688,19528.76953125,5363.35986328125,16724.4609375,171.08509826660156,32.78630065917969,37.560001373291016,33585.578125,20914.689453125,2432.719970703125,4.493000030517578
2025-04-14,40.07304000854492,92.87346649169922,36.81355667114258,18.30750274658203,19513.08984375,5405.97021484375,16831.48046875,172.21731567382812,32.36199951171875,30.889999389648438,33982.359375,21417.400390625,2455.889892578125,4.363999843597412
2025-04-15,40.47695541381836,93.88980865478516,37.208885192871094,18.50718879699707,19857.669921875,5396.6298828125,16823.169921875,172.9224853515625,32.3568000793457,30.1200008392334,34267.5390625,21466.26953125,2477.409912109375,4.322999954223633
2025-04-16,39.7425651550293,92.05072021484375,36.59178924560547,18.171354293823242,19468.0,5275.7001953125,16307.16015625,166.24830627441406,32.50400161743164,32.63999938964844,33920.3984375,21056.98046875,2447.429931640625,4.2789998054504395
2025-04-17,39.301937103271484,91.42156219482422,36.331451416015625,18.044281005859375,19338.73046875,5282.7001953125,16286.4501953125,165.41403198242188,32.37879943847656,29.649999618530273,34377.6015625,21395.140625,2470.409912109375,4.333000183105469
2025-04-18,39.387611389160156,91.51836395263672,36.4857292175293,18.135046005249023,19395.029296875,,,,,,34730.28125,,2483.419921875,
2025-04-21,38.8245849609375,90.21163940429688,35.89755630493164,17.89905548095703,19106.19921875,5158.2001953125,15870.900390625,162.52391052246094,,33.81999969482422,34279.921875,,2488.419921875,4.40500020980835
2025-04-22,38.175872802734375,88.71134185791016,35.36724090576172,17.563220977783203,18793.4296875,5287.759765625,16300.419921875,165.68222045898438,32.44060134887695,30.56999969482422,34220.6015625,21562.3203125,2486.639892578125,4.388999938964844
2025-04-23,39.86496353149414,92.58308410644531,36.82320022583008,18.380115509033203,19639.140625,5375.85986328125,16708.05078125,171.8896026611328,32.57360076904297,28.450000762939453,34868.62890625,22072.619140625,2525.56005859375,4.38700008392334
2025-04-24,39.632408142089844,92.05072021484375,36.59178924560547,18.171354293823242,19478.810546875,5484.77001953125,17166.0390625,181.7816619873047,32.532798767089844,26.469999313354492,35039.1484375,21909.759765625,2522.330078125,4.304999828338623
2025-04-25,40.57487106323242,94.37377166748047,37.41136932373047,18.706872940063477,19872.73046875,5525.2099609375,17382.939453125,183.54953002929688,32.43560028076172,24.84000015258789,35705.73828125,21980.740234375,2546.300048828125,4.265999794006348
2025-04-28,40.91758346557617,94.95452880859375,37.70063400268555,18.80671501159668,20034.41015625,5528.75,17366.130859375,183.2217559814453,32.51900100708008,25.149999618530273,35839.98828125,21971.9609375,2548.860107421875,4.216000080108643
2025-04-29,41.07670211791992,95.53528594970703,37.86454772949219,18.924711227416992,20232.630859375,5560.830078125,17461.3203125,181.26519775390625,32.425899505615234,24.170000076293945,,22008.109375,2565.419921875,4.172999858856201
2025-04-30,41.27253723144531,95.7288818359375,37.88383102416992,18.815792083740234,20235.029296875,5569.06005859375,17446.33984375,182.58612060546875,32.32170104980469,24.700000762939453,36045.37890625,22119.41015625,2556.610107421875,4.177000045776367
2025-05-01,,,,,,5604.14013671875,17710.740234375,182.33782958984375,32.03200149536133,24.600000381469727,36452.30078125,,,4.230999946594238
2025-05-02,42.4720344543457,98.72948455810547,38.963748931884766,19.28777503967285,20787.640625,5686.669921875,17977.73046875,188.73390197753906,32.11159896850586,22.68000030517578,36830.69140625,22504.6796875,2559.7900390625,4.322000026702881
2025-05-05,42.09260177612305,97.47116088867188,38.549137115478516,19.088090896606445,20532.990234375,5650.3798828125,17844.240234375,187.28387451171875,30.704299926757812,23.639999389648438,,,,4.3429999351501465
2025-05-06,41.860050201416016,96.93879699707031,38.433433532714844,19.09716796875,20522.58984375,5606.91015625,17689.66015625,185.49615478515625,29.15999984741211,24.760000228881836,,22662.7109375,,4.308000087738037
2025-05-07,41.700931549072266,96.84201049804688,38.385223388671875,19.05178451538086,20546.490234375,5631.27978515625,17738.16015625,188.7438201904297,29.97760009765625,23.549999237060547,36779.66015625,22691.880859375,2573.800048828125,4.275000095367432
2025-05-08,42.2517204284668,98.24551391601562,38.799835205078125,19.32408332824707,20543.400390625,5663.93994140625,17928.140625,190.4322509765625,30.39069938659668,22.479999542236328,36928.62890625,22775.919921875,2579.47998046875,4.373000144958496
2025-05-09,42.77803039550781,99.16504669189453,39.233726501464844,19.541921615600586,20915.0390625,5659.91015625,17928.919921875,192.61724853515625,30.268999099731445,21.899999618530273,37503.328125,22867.740234375,2577.27001953125,4.375
2025-05-12,43.2553825378418,100.22978210449219,39.638694763183594,19.741605758666992,21129.5390625,5844.18994140625,18708.33984375,206.4522247314453,30.246400833129883,18.389999389648438,37644.26171875,23549.4609375,2607.330078125,4.456999778747559
2025-05-13,43.78169631958008,101.7300796508789,40.13043975830078,20.095592498779297,21330.140625,5886.5498046875,19010.08984375,212.30203247070312,30.39310073852539,18.219999313354492,38183.26171875,23108.26953125,2608.419921875,4.499000072479248
2025-05-14,44.77311325073242,103.95633697509766,40.97895050048828,20.55849838256836,21782.869140625,5892.580078125,19146.810546875,213.3250274658203,30.424999237060547,18.6200008392334,38128.12890625,23640.650390625,2640.570068359375,4.5279998779296875
2025-05-15,44.67519760131836,103.85955047607422,40.91145324707031,20.449581146240234,21730.25,5916.93017578125,19112.3203125,211.95443725585938,30.33970069885254,17.829999923706055,37755.51171875,23453.16015625,2621.360107421875,4.454999923706055
2025-05-16,44.7975959777832,103.95633697509766,40.97895050048828,20.45865821838379,21843.689453125,5958.3798828125,19211.099609375,211.67636108398438,30.16699981689453,17.239999771118164,37753.71875,23345.05078125,2626.8701171875,4.440999984741211
2025-05-19,44.173362731933594,102.55282592773438,40.44863510131836,20.07744026184082,21523.830078125,5963.60009765625,19215.4609375,210.40509033203125,30.202600479125977,18.139999389648438,37498.62890625,23332.720703125,2603.419921875,4.474999904632568
2025-05-20,44.2590446472168,102.74642181396484,40.467918395996094,20.122821807861328,21526.029296875,5940.4599609375,19142.7109375,210.09719848632812,30.14579963684082,18.09000015258789,37529.48828125,23681.48046875,2601.800048828125,4.480999946594238
2025-05-21,44.94447326660156,104.10153198242188,40.97895050048828,20.45865821838379,21803.91015625,5844.60986328125,18872.640625,206.2536163330078,30.146299362182617,20.8700008392334,37298.98046875,23827.779296875,2625.580078125,4.5960001945495605
2025-05-22,44.45488357543945,102.94000244140625,40.51612854003906,20.249895095825195,21670.9609375,5842.009765625,18925.740234375,204.34669494628906,30.0221004486084,20.280000686645508,36985.87109375,23544.310546875,2593.669921875,4.552999973297119
2025-05-23,44.27128601074219,102.6980209350586,40.43899154663086,20.195436477661133,21652.240234375,5802.81982421875,18737.2109375,201.17843627929688,30.046899795532227,22.290000915527344,37160.46875,23601.259765625,2592.090087890625,4.508999824523926
2025-05-26,44.22232437133789,102.4560317993164,40.400421142578125,20.113746643066406,21536.5703125,,,,29.971500396728516,,37531.53125,23282.330078125,2644.39990234375,
2025-05-27,43.830650329589844,101.39130401611328,39.98581314086914,19.968521118164062,21336.5390625,5921.5400390625,19199.16015625,207.862548828125,29.915000915527344,18.959999084472656,37724.109375,23381.990234375,2637.219970703125,4.434000015258789
2025-05-28,43.90409469604492,102.02046966552734,40.16901397705078,20.068363189697266,21357.720703125,5888.5498046875,19100.939453125,206.81971740722656,29.964799880981445,19.309999465942383,37722.3984375,23258.310546875,2670.14990234375,4.4770002365112305
2025-05-29,44.00200653076172,102.06885528564453,40.19793701171875,20.204511642456055,21347.30078125,5912.169921875,19175.869140625,207.6638946533203,29.950000762939453,19.18000030517578,38432.98046875,23573.380859375,2720.639892578125,4.423999786376953
2025-05-30,,,,,,5911.68994140625,19113.76953125,203.54222106933594,29.850099563598633,18.56999969482422,37965.1015625,23289.76953125,2697.669921875,4.415999889373779
2025-06-02,43.059547424316406,99.93939971923828,39.397640228271484,19.768835067749023,21002.7109375,5935.93994140625,19242.609375,206.61114501953125,29.871000289916992,18.360000610351562,37470.671875,23157.970703125,2698.969970703125,4.461999893188477
2025-06-03,43.36553955078125,100.56856536865234,39.60012435913086,19.9412899017334,21126.9296875,5970.3701171875,19398.9609375,212.1630096435547,29.987300872802734,17.690000534057617,37446.80859375,23512.490234375,,4.460000038146973
2025-06-04,44.381446838378906,103.13359832763672,40.57398223876953,20.313430786132812,21618.08984375,5970.81005859375,19460.490234375,215.3213348388672,29.965900421142578,17.610000610351562,37747.44921875,23654.029296875,2770.840087890625,4.364999771118164
2025-06-05,44.46712112426758,103.52075958251953,40.631832122802734,20.358816146850586,21674.4296875,5939.2998046875,19298.44921875,214.41754150390625,29.941999435424805,18.479999542236328,37554.48828125,23906.970703125,2812.050048828125,4.394000053405762
2025-06-06,44.54056167602539,103.66595458984375,40.73789596557617,20.358816146850586,21660.66015625,6000.35986328125,19529.94921875,215.8576202392578,29.94529914855957,16.770000457763672,37741.609375,23792.5390625,,4.510000228881836
2025-06-09,44.96895217895508,104.6338882446289,41.056087493896484,20.522193908691406,21790.2890625,6005.8798828125,19591.240234375,220.94273376464844,29.917699813842773,17.15999984741211,38088.5703125,24181.4296875,2855.77001953125,4.48199987411499
2025-06-10,46.180686950683594,107.10212707519531,42.04922103881836,21.066789627075195,22242.140625,6038.81005859375,19714.990234375,225.7695770263672,29.913799285888672,16.950000762939453,38211.51171875,24162.869140625,2871.85009765625,4.473999977111816
2025-06-11,46.180686950683594,108.11846160888672,42.39633560180664,21.230167388916016,22470.099609375,6022.240234375,19615.880859375,225.0147705078125,29.888900756835938,17.260000228881836,38421.19140625,24366.939453125,2907.0400390625,4.4120001792907715
2025-06-12,46.180686950683594,107.82807922363281,42.1649284362793,21.112173080444336,22287.8203125,6045.259765625,19662.490234375,225.3226318359375,29.8075008392334,18.020000457763672,38173.08984375,24035.380859375,2920.030029296875,4.35699987411499
2025-06-13,46.180686950683594,106.37618255615234,41.75996017456055,20.948793411254883,22072.94921875,5976.97021484375,19406.830078125,219.4529571533203,29.52519989013672,20.81999969482422,37834.25,23892.560546875,2894.6201171875,4.423999786376953
2025-06-16,46.180686950683594,106.71495056152344,41.846736907958984,20.976024627685547,22049.900390625,6033.10986328125,19701.2109375,226.3836212158203,29.5049991607666,19.110000610351562,38311.328125,24060.990234375,2946.659912109375,4.452000141143799
2025-06-17,46.180686950683594,107.15052795410156,42.01065444946289,21.021406173706055,22211.58984375,5982.72021484375,19521.08984375,224.59197998046875,29.0049991607666,21.600000381469727,38536.73828125,23980.30078125,2950.300048828125,4.39300012588501
2025-06-18,46.579708099365234,107.92487335205078,42.38669204711914,21.12125015258789,22356.73046875,5980.8701171875,19546.26953125,225.5076904296875,29.6471004486084,20.139999389648438,38885.1484375,23710.689453125,2972.18994140625,4.396999835968018
2025-06-19,46.11949157714844,106.90853881835938,41.89494705200195,20.96694564819336,22003.5,,,,29.54170036315918,,38488.33984375,23237.740234375,2977.739990234375,
2025-06-20,46.05094528198242,106.86014556884766,41.846736907958984,20.8580265045166,22045.740234375,5967.83984375,19447.41015625,224.06442260742188,29.571300506591797,20.6200008392334,38403.23046875,23530.48046875,3021.840087890625,4.375
2025-06-23,45.6690673828125,105.8922119140625,41.63460922241211,20.812644958496094,21732.01953125,6025.169921875,19630.970703125,225.4579315185547,29.533000946044922,19.829999923706055,38354.08984375,23689.130859375,3014.469970703125,4.320000171661377
2025-06-24,46.501373291015625,107.87648010253906,42.31919860839844,21.239246368408203,22188.759765625,6092.18017578125,19912.529296875,234.00804138183594,29.673900604248047,17.479999542236328,38790.55859375,24177.0703125,3103.639892578125,4.293000221252441
2025-06-25,47.17700958251953,109.32838439941406,42.791664123535156,21.502466201782227,22430.609375,6092.16015625,19973.55078125,236.10824584960938,29.458099365234375,16.760000228881836,38942.0703125,24474.669921875,3108.25,4.293000221252441
2025-06-26,47.23576354980469,109.27998352050781,42.839874267578125,21.529695510864258,22492.33984375,6141.02001953125,20167.91015625,237.9595947265625,29.341899871826172,16.59000015258789,39584.578125,24325.400390625,3079.56005859375,4.252999782562256
2025-06-27,47.28471755981445,109.61875915527344,42.87844467163086,21.556926727294922,22580.080078125,6173.06982421875,20273.4609375,237.75059509277344,28.819000244140625,16.31999969482422,40150.7890625,24284.150390625,3055.93994140625,4.2829999923706055
2025-06-30,47.35326385498047,109.42517852783203,42.96522521972656,21.566001892089844,22256.01953125,6204.9501953125,20369.73046875,237.59132385253906,29.094999313354492,16.729999542236328,40487.390625,24072.279296875,3071.699951171875,4.230000019073486
2025-07-01,47.6274299621582,110.39311218261719,43.21591567993164,21.69307518005371,22553.720703125,6198.009765625,20202.890625,236.51632690429688,29.206600189208984,16.829999923706055,39986.328125,,3089.64990234375,4.250999927520752
2025-07-02,47.63722610473633,110.5866928100586,43.27376937866211,21.76568603515625,22577.740234375,6227.419921875,20393.130859375,241.0153350830078,29.225900650024414,16.639999389648438,39762.48046875,24221.41015625,3075.06005859375,4.293000221252441
2025-07-03,48.293277740478516,111.65142822265625,43.717308044433594,22.074291229248047,22712.970703125,6279.35009765625,20601.099609375,242.2097625732422,28.96809959411621,16.3799991607666,39785.8984375,24069.939453125,3116.27001953125,4.3480000495910645
2025-07-04,47.84285354614258,110.82868194580078,43.37018966674805,21.956296920776367,22547.5,,,,28.91710090637207,,39810.87890625,23916.060546875,3054.280029296875,
2025-07-07,47.55888748168945,110.34471130371094,43.206275939941406,21.756610870361328,22428.720703125,6229.97998046875,20412.51953125,237.6709442138672,28.900999069213867,17.790000915527344,39587.6796875,23887.830078125,3059.469970703125,4.394999980926514
2025-07-08,47.343467712402344,109.66716003417969,43.07128143310547,21.702152252197266,22362.26953125,6225.52001953125,20418.4609375,242.2097625732422,29.068300247192383,16.809999465942383,39688.80859375,24148.0703125,3114.949951171875,4.414999961853027
2025-07-09,47.83306121826172,110.78028869628906,43.38947296142578,22.10152244567871,22527.009765625,6263.259765625,20611.33984375,242.9861297607422,29.107099533081055,15.9399995803833,39821.28125,23892.3203125,3133.739990234375,4.3420000076293945
2025-07-10,48.381404876708984,112.0385971069336,43.813724517822266,22.355667114257812,22693.25,6280.4599609375,20630.66015625,245.4048614501953,29.20560073852539,15.779999732971191,39646.359375,24028.369140625,3183.22998046875,4.3460001945495605
2025-07-11,48.587032318115234,112.52256774902344,44.006568908691406,22.3919734954834,22751.029296875,6259.75,20585.529296875,245.02662658691406,29.243000030517578,16.399999618530273,39569.6796875,24139.5703125,3175.77001953125,4.422999858856201
2025-07-14,48.303070068359375,111.65142822265625,43.717308044433594,22.128751754760742,22614.970703125,6268.56005859375,20640.330078125,242.69747924804688,29.21299934387207,17.200000762939453,39459.62109375,24203.3203125,3202.030029296875,4.427000045776367
2025-07-15,48.95912170410156,113.24851989746094,44.26690673828125,22.48274040222168,22835.939453125,6243.759765625,20677.80078125,245.11619567871094,29.346099853515625,17.3799991607666,39678.01953125,24590.119140625,3215.280029296875,4.488999843597412
2025-07-16,49.35079574584961,114.40921020507812,44.773292541503906,22.700578689575195,23042.900390625,6263.7001953125,20730.490234375,244.44932556152344,29.388099670410156,17.15999984741211,39663.3984375,24517.759765625,3186.3798828125,4.454999923706055
2025-07-17,49.64455032348633,114.75088500976562,44.8026237487793,22.727807998657227,23113.279296875,6297.35986328125,20885.650390625,245.3849639892578,29.400999069213867,16.520000457763672,39901.19140625,24498.94921875,3192.2900390625,4.4629998207092285
2025-07-18,50.378936767578125,116.410400390625,45.32073974609375,23.0545654296875,23383.130859375,6296.7900390625,20895.650390625,245.58399963378906,29.403200149536133,16.40999984741211,39819.109375,24825.66015625,3188.070068359375,4.432000160217285
2025-07-21,50.19158172607422,115.92230224609375,45.15454864501953,23.0545654296875,23340.560546875,6305.60009765625,20974.1796875,245.802978515625,29.378000259399414,16.649999618530273,,24994.140625,3210.81005859375,4.372000217437744
2025-07-22,49.84645080566406,115.14134979248047,44.84172439575195,22.8004207611084,22987.919921875,6309.6201171875,20892.689453125,242.40882873535156,29.333599090576172,16.5,39774.921875,25130.029296875,3169.93994140625,4.335999965667725
2025-07-23,49.99436569213867,115.8246841430664,45.04701614379883,22.945646286010742,23318.669921875,6358.91015625,21020.01953125,240.9357147216797,29.39900016784668,15.369999885559082,41171.3203125,25538.0703125,3183.77001953125,4.388000011444092
2025-07-24,50.29018783569336,116.31278228759766,45.31096267700195,23.14533233642578,23373.73046875,6363.35009765625,21057.9609375,240.43804931640625,29.23419952392578,15.390000343322754,41826.33984375,25667.1796875,3190.449951171875,4.4079999923706055
2025-07-25,50.19158172607422,116.06873321533203,45.16432571411133,23.12717628479004,23364.380859375,6388.64013671875,21108.3203125,240.41810607910156,29.391000747680664,14.930000305175781,41456.23046875,25388.349609375,3196.050048828125,4.386000156402588
2025-07-28,50.33949279785156,116.45921325683594,45.34029006958008,23.290555953979492,23412.98046875,6389.77001953125,21178.580078125,244.60858154296875,29.472000122070312,15.029999732971191,40998.26953125,25562.130859375,3209.52001953125,4.420000076293945
2025-07-29,49.74784469604492,114.99492645263672,44.84172439575195,23.045486450195312,23201.51953125,6370.85986328125,21098.2890625,245.04653930664062,29.656999588012695,15.979999542236328,40674.55078125,25524.44921875,3230.570068359375,4.329999923706055
2025-07-30,50.29018783569336,116.26396942138672,45.2718620300293,23.263324737548828,23461.720703125,6362.89990234375,21129.669921875,246.79833984375,29.68950080871582,15.479999542236328,40654.69921875,25176.9296875,3254.469970703125,4.375999927520752
2025-07-31,50.83253479003906,117.7282485961914,45.76065444946289,23.68992805480957,23542.51953125,6339.39013671875,21122.44921875,238.91513061523438,29.827999114990234,16.719999313354492,41069.8203125,24773.330078125,3245.43994140625,4.360000133514404
2025-08-01,50.3887939453125,116.50801849365234,45.34029006958008,23.571929931640625,23434.380859375,6238.009765625,20650.130859375,236.1381072998047,29.9060001373291,20.3799991607666,40799.6015625,24507.810546875,3119.409912109375,4.21999979019165
2025-08-04,50.09297180175781,115.8246841430664,45.144775390625,23.435781478881836,23378.939453125,6329.93994140625,21053.580078125,239.28341674804688,29.815000534057617,17.520000457763672,40290.69921875,24733.44921875,3147.75,4.199999809265137
2025-08-05,50.733924865722656,117.38658905029297,45.7411003112793,23.853307723999023,23660.58984375,6299.18994140625,20916.55078125,237.62118530273438,29.88409996032715,17.850000381469727,40549.5390625,24902.529296875,3198.0,4.196000099182129
2025-08-06,50.29018783569336,116.26396942138672,45.39894485473633,23.67177391052246,23447.359375,6345.06005859375,21169.419921875,235.82952880859375,29.937400817871094,16.770000457763672,40794.859375,24910.630859375,3198.139892578125,4.21999979019165
2025-08-07,51.720008850097656,120.07110595703125,46.630699157714844,24.30713653564453,24003.76953125,6340.0,21242.69921875,239.72137451171875,29.91469955444336,16.56999969482422,41059.1484375,25081.630859375,3227.679931640625,4.24399995803833
2025-08-08,51.720008850097656,120.02229309082031,46.552494049072266,24.41605567932129,24021.259765625,6389.4501953125,21450.01953125,241.741943359375,29.8080997467041,15.149999618530273,41820.48046875,24858.8203125,3210.010009765625,4.284999847412109
2025-08-11,52.11444091796875,120.8032455444336,46.88487243652344,24.6883544921875,24135.5,6373.4501953125,21385.400390625,241.28407287597656,29.85099983215332,16.25,,24906.810546875,3206.77001953125,4.2729997634887695
2025-08-12,52.16374588012695,120.94967651367188,46.923973083496094,24.67020034790039,24158.359375,6445.759765625,21681.900390625,248.99810791015625,29.947999954223633,14.729999542236328,42718.171875,24969.6796875,3189.909912109375,4.293000221252441
2025-08-13,52.607479095458984,121.97466278076172,47.27590560913086,24.869884490966797,24370.01953125,6466.580078125,21713.140625,252.70082092285156,29.87809944152832,14.489999771118164,43274.671875,25613.669921875,3224.3701171875,4.23799991607666
2025-08-14,52.4102668762207,121.29133605957031,47.13904571533203,24.78819465637207,24238.099609375,6468.5400390625,21710.669921875,252.9595947265625,29.939699172973633,14.829999923706055,42649.26171875,25519.3203125,3225.659912109375,4.293000221252441
2025-08-15,52.4102668762207,121.29133605957031,47.16836929321289,25.042341232299805,24334.48046875,6449.7998046875,21622.98046875,247.16664123535156,30.07900047302246,15.09000015258789,43378.30859375,25270.0703125,,4.328000068664551
2025-08-18,52.55817794799805,121.73062133789062,47.305233001708984,25.25535011291504,24482.51953125,6449.14990234375,21629.76953125,247.8932342529297,29.98900032043457,14.989999771118164,43714.30859375,25176.849609375,3177.280029296875,4.341000080108643
2025-08-19,52.459571838378906,121.4377670288086,47.187923431396484,24.986772537231445,24353.5,6411.3701171875,21314.94921875,244.0113525390625,30.025100708007812,15.569999694824219,43546.2890625,25122.900390625,3151.56005859375,4.302000045776367
2025-08-20,50.980445861816406,117.82586669921875,45.91706466674805,24.134740829467773,23625.439453125,6395.77978515625,21172.859375,242.60792541503906,30.1072998046875,15.6899995803833,42888.55078125,25165.939453125,3130.090087890625,4.296000003814697
2025-08-21,51.27627182006836,118.70443725585938,46.22989273071289,24.44036102294922,23962.130859375,6370.169921875,21100.310546875,241.23431396484375,30.280099868774414,16.600000381469727,42610.171875,25104.609375,3141.739990234375,4.329999923706055
2025-08-22,51.02975082397461,117.97229766845703,46.04414749145508,24.319965362548828,23764.470703125,6466.91015625,21496.5390625,247.9330596923828,30.516000747680664,14.220000267028809,42633.2890625,25339.140625,3168.72998046875,4.260000228881836
2025-08-25,51.966529846191406,120.46157836914062,46.923973083496094,24.866378784179688,24277.380859375,6439.31982421875,21449.2890625,247.35574340820312,30.367300033569336,14.789999961853027,42807.8203125,25829.91015625,3209.860107421875,4.275000095367432
2025-08-26,52.015830993652344,120.41276550292969,46.93375015258789,24.93120574951172,24305.099609375,6465.93994140625,21544.26953125,249.6848907470703,30.444000244140625,14.619999885559082,42394.3984375,25524.919921875,3179.360107421875,4.257999897003174
2025-08-27,52.262351989746094,121.29133605957031,47.256351470947266,25.22756576538086,24519.900390625,6481.39990234375,21590.140625,250.172607421875,30.546600341796875,14.850000381469727,42520.26953125,25201.759765625,3187.159912109375,4.23799991607666
2025-08-28,51.76931381225586,119.9734878540039,46.88487243652344,25.023818969726562,24236.44921875,6501.85986328125,21705.16015625,251.3769989013672,30.575000762939453,14.430000305175781,42828.7890625,24998.8203125,3196.320068359375,4.206999778747559
2025-08-29,51.76931381225586,119.82705688476562,46.718685150146484,25.0330810546875,24233.099609375,6460.259765625,21455.55078125,244.1805877685547,30.492799758911133,15.359999656677246,42718.46875,25077.619140625,3186.010009765625,4.2270002365112305
2025-09-01,51.27627182006836,118.70443725585938,46.24944305419922,24.449623107910156,24071.73046875,,,,30.56049919128418,,42188.7890625,25617.419921875,3142.929931640625,
2025-09-02,51.27627182006836,118.65563201904297,46.259220123291016,24.403316497802734,24016.779296875,6415.5400390625,21279.630859375,241.70211791992188,30.62529945373535,17.170000076293945,42310.48828125,25496.55078125,3172.35009765625,4.2769999504089355
2025-09-03,51.226966857910156,118.50920104980469,46.26899719238281,24.449623107910156,24100.30078125,6448.259765625,21497.73046875,240.55746459960938,30.743999481201172,16.350000381469727,41938.890625,25343.4296875,3184.419921875,4.210999965667725
2025-09-04,51.57209396362305,119.29014587402344,46.552494049072266,24.579280853271484,24179.849609375,6502.080078125,21707.689453125,243.03591918945312,30.722000122070312,15.300000190734863,42580.26953125,25058.509765625,3200.830078125,4.176000118255615
2025-09-05,52.11444091796875,120.41276550292969,47.03150939941406,24.986772537231445,24494.580078125,6481.5,21700.390625,245.9025421142578,30.694000244140625,15.180000305175781,43018.75,25417.98046875,3205.1201171875,4.085999965667725
2025-09-08,52.607479095458984,121.87704467773438,47.41276550292969,25.134952545166016,24547.380859375,6495.14990234375,21798.69921875,247.69418334960938,30.479000091552734,15.109999656677246,43643.80859375,25633.91015625,3219.590087890625,4.046000003814697
2025-09-09,53.14982986450195,122.85323333740234,47.88200759887695,25.551708221435547,24855.1796875,6512.60986328125,21879.490234375,247.9031982421875,30.331100463867188,15.039999961853027,43459.2890625,25938.130859375,3260.050048828125,4.073999881744385
2025-09-10,54.18521499633789,125.44013214111328,48.79115676879883,26.098119735717773,25192.58984375,6532.0400390625,21886.060546875,252.27281188964844,30.351600646972656,15.350000381469727,43837.671875,26200.259765625,3314.530029296875,4.0320000648498535
2025-09-11,54.67825698852539,126.51394653320312,49.22129440307617,26.25556182861328,25215.7109375,6587.47021484375,22043.0703125,254.00474548339844,30.236799240112305,14.710000038146973,44372.5,26086.3203125,3344.199951171875,4.011000156402588
2025-09-12,55.22060012817383,127.63655853271484,49.66120529174805,26.4315242767334,25474.640625,6584.2900390625,22141.099609375,254.45265197753906,30.290000915527344,14.760000228881836,44768.12109375,26388.16015625,3395.5400390625,4.060999870300293
2025-09-15,55.22060012817383,127.5877456665039,49.612327575683594,26.40373992919922,25357.16015625,6615.27978515625,22348.75,256.60260009765625,30.284900665283203,15.6899995803833,,26446.560546875,3407.31005859375,4.033999919891357
2025-09-16,55.96016311645508,129.3448944091797,50.24775695800781,26.690837860107422,25629.640625,6606.759765625,22333.9609375,257.92022705078125,30.19409942626953,16.360000610351562,44902.26953125,26438.509765625,3449.6201171875,4.026000022888184
2025-09-17,55.56572723388672,128.3686981201172,49.905601501464844,26.514873504638672,25438.25,6600.35009765625,22261.330078125,257.870361328125,30.047199249267578,15.720000267028809,44790.37890625,26908.390625,3413.39990234375,4.076000213623047
2025-09-18,56.157379150390625,129.58892822265625,50.44327163696289,26.89458656311035,25769.359375,6631.9599609375,22470.720703125,266.8872985839844,30.08639907836914,15.699999809265137,45303.4296875,26544.849609375,3461.300048828125,4.104000091552734
2025-09-19,56.20668029785156,129.5401153564453,50.44327163696289,26.755666732788086,25578.369140625,6664.35986328125,22631.48046875,265.181640625,30.11050033569336,15.449999809265137,45045.80859375,26545.099609375,3445.239990234375,4.138999938964844
2025-09-22,56.60111618041992,130.5163116455078,50.78542709350586,26.79271125793457,25880.599609375,6693.75,22788.98046875,269.1415100097656,30.215999603271484,16.100000381469727,45493.66015625,26344.140625,3468.64990234375,4.14300012588501
2025-09-23,57.63650131225586,133.0543975830078,51.616371154785156,27.144638061523438,26247.369140625,6656.919921875,22573.470703125,268.82232666015625,30.21769905090332,16.639999389648438,,26159.119140625,3486.18994140625,4.119999885559082
2025-09-24,57.58720016479492,133.10321044921875,51.71413040161133,27.024242401123047,26196.73046875,6637.97021484375,22497.859375,268.41339111328125,30.27400016784668,16.18000030517578,45630.30859375,26518.650390625,3472.139892578125,4.146999835968018
2025-09-25,57.38998031616211,132.5175018310547,51.5674934387207,27.005720138549805,26023.849609375,6604.72021484375,22384.69921875,267.5555725097656,30.364099502563477,16.739999771118164,45754.9296875,26484.6796875,3471.110107421875,4.171999931335449
2025-09-26,56.45320129394531,130.22344970703125,50.638790130615234,26.40373992919922,25580.3203125,6643.7001953125,22484.0703125,268.1440734863281,30.561500549316406,15.289999961853027,45354.98828125,26128.19921875,3386.050048828125,4.186999797821045
2025-09-29,,,,,,6661.2099609375,22591.150390625,268.2438049316406,30.444000244140625,16.1200008392334,45043.75,26622.880859375,3431.2099609375,4.140999794006348
2025-09-30,56.995548248291016,131.59011840820312,51.225341796875,26.74640464782715,25820.5390625,6688.4599609375,22660.009765625,270.42822265625,30.458200454711914,16.280000686645508,44932.62890625,26855.560546875,3424.60009765625,4.1479997634887695
2025-10-01,57.2913703918457,132.1270294189453,51.37197494506836,26.783451080322266,25982.91015625,6711.2001953125,22755.16015625,275.6349182128906,30.442100524902344,16.290000915527344,44550.8515625,,3455.830078125,4.105999946594238
2025-10-02,58.37606430053711,134.90914916992188,52.300682067871094,27.357646942138672,26378.390625,6715.35009765625,22844.05078125,280.9712829589844,30.44700050354004,16.6299991607666,44936.73046875,27287.119140625,3549.2099609375,4.0879998207092285
2025-10-03,59.2142333984375,137.0567626953125,52.93611145019531,27.87627410888672,26761.060546875,6715.7900390625,22780.509765625,279.2456970214844,30.46380043029785,16.649999618530273,45769.5,27140.919921875,,4.11899995803833
2025-10-06,,,,,,6740.27978515625,22941.669921875,287.6242370605469,30.420000076293945,16.3700008392334,47944.76171875,26957.76953125,,4.1620001792907715
2025-10-07,60.841270446777344,140.61985778808594,54.304725646972656,28.41342544555664,27211.94921875,6714.58984375,22788.359375,281.1907043457031,30.510499954223633,17.239999771118164,47950.87890625,,,4.126999855041504
2025-10-08,60.29892349243164,139.00914001464844,53.81593322753906,28.181894302368164,27063.6796875,6753.72021484375,23043.380859375,290.796142578125,30.536699295043945,16.299999237060547,47734.98828125,26829.4609375,,4.129000186920166
2025-10-09,60.74265670776367,140.42462158203125,54.2558479309082,28.36711883544922,27301.919921875,6735.10986328125,23024.630859375,289.4495544433594,30.524999618530273,16.43000030517578,48580.44140625,26752.58984375,,4.1479997634887695
2025-10-10,,,,,,6552.509765625,22204.4296875,271.2959899902344,30.58329963684082,21.65999984741211,48088.80078125,26290.3203125,3610.60009765625,4.051000118255615
2025-10-13,60.15100860595703,138.66748046875,53.66929626464844,27.968887329101562,26923.419921875,6654.72021484375,22694.609375,284.1431579589844,30.665000915527344,19.030000686645508,,25889.48046875,3584.550048828125,4.051000118255615
2025-10-14,59.855186462402344,138.42343139648438,53.52265930175781,27.59843635559082,26793.150390625,6644.31005859375,22521.69921875,278.3180236816406,30.69099998474121,20.809999465942383,46847.3203125,25441.349609375,3561.81005859375,4.021999835968018
2025-10-15,60.939876556396484,141.20556640625,54.45136260986328,28.061498641967773,27275.7109375,6671.06005859375,22670.080078125,286.9061279296875,30.683900833129883,20.639999389648438,47672.671875,25910.599609375,3657.280029296875,4.046000003814697
2025-10-16,62.123172760009766,143.84127807617188,55.47782516479492,28.728307723999023,27647.869140625,6629.06982421875,22562.5390625,288.24267578125,30.609800338745117,25.309999465942383,48277.73828125,25888.509765625,3748.3701171875,3.9760000705718994
2025-10-17,61.186397552490234,141.64486694335938,54.69575881958008,28.3949031829834,27302.369140625,6664.009765625,22679.970703125,287.4347229003906,30.611900329589844,20.780000686645508,47582.1484375,25247.099609375,3748.889892578125,4.006999969482422
2025-10-20,62.22178268432617,143.9388885498047,55.57558059692383,28.87648582458496,27688.630859375,6735.1298828125,22990.5390625,292.22247314453125,30.62190055847168,18.229999542236328,49185.5,25858.830078125,3814.68994140625,3.9860000610351562
2025-10-21,62.32039260864258,144.0853271484375,55.62446212768555,28.978361129760742,27752.41015625,6735.35009765625,22953.669921875,290.5866394042969,30.597299575805664,17.8700008392334,49316.05859375,26027.55078125,3823.840087890625,3.9630000591278076
2025-10-22,61.82735061645508,143.3531951904297,55.38006591796875,28.774612426757812,27648.91015625,6699.39990234375,22740.400390625,283.405029296875,30.67729949951172,18.600000381469727,49307.7890625,25781.76953125,3883.679931640625,3.953000068664551
2025-10-23,61.48221969604492,142.23056030273438,54.98903274536133,28.53382110595703,27532.259765625,6738.43994140625,22941.80078125,290.3173828125,30.745100021362305,17.299999237060547,48641.609375,25967.98046875,3845.56005859375,3.990999937057495
2025-10-24,,,,,,6791.68994140625,23204.869140625,295.1051025390625,30.774999618530273,16.3700008392334,49299.6484375,26160.150390625,3941.590087890625,3.996999979019165
2025-10-27,62.91204071044922,145.7936553955078,56.259891510009766,29.330286026000977,27993.630859375,6875.16015625,23637.4609375,303.30413818359375,30.83329963684082,15.789999961853027,50512.3203125,26433.69921875,4042.830078125,3.996999979019165
2025-10-28,62.46830368041992,144.9150848388672,55.9177360534668,29.32102394104004,27949.109375,6890.89013671875,23827.490234375,303.6731872558594,30.60110092163086,16.420000076293945,50219.1796875,26346.140625,4010.409912109375,3.9830000400543213
2025-10-29,63.503692626953125,147.3555450439453,56.69980239868164,29.83039093017578,28294.740234375,6890.58984375,23958.470703125,308.81005859375,30.543100357055664,16.920000076293945,51307.6484375,,4081.14990234375,4.058000087738037
2025-10-30,63.503692626953125,147.30673217773438,56.602046966552734,29.793344497680664,28287.529296875,6822.33984375,23581.140625,304.6307373046875,30.665199279785156,16.90999984741211,51325.609375,26282.689453125,4086.889892578125,4.0929999351501465
2025-10-31,63.848819732666016,148.18531799316406,56.84644317626953,29.9415283203125,28233.349609375,6840.2001953125,23724.9609375,305.767822265625,30.73069953918457,17.440000534057617,52411.33984375,25906.650390625,4107.5,4.10099983215332
2025-11-03,63.257171630859375,146.6234130859375,56.35765075683594,29.774826049804688,28334.58984375,6851.97021484375,23834.720703125,307.5931701660156,30.78179931640625,17.170000076293945,,26158.359375,4221.8701171875,4.105999946594238
2025-11-04,63.05995178222656,146.1841278076172,56.21100997924805,29.561817169189453,28116.560546875,6771.5498046875,23348.640625,295.5041198730469,30.903099060058594,19.0,51497.19921875,25952.400390625,4121.740234375,4.089000225067139
2025-11-05,62.271087646484375,144.03651428222656,55.526702880859375,29.182106018066406,27717.060546875,6796.2900390625,23499.80078125,304.6905822753906,30.91900062561035,18.010000228881836,50212.26953125,25935.41015625,4004.419921875,4.1570000648498535
2025-11-06,62.41899871826172,144.86627197265625,55.72222137451172,29.27471923828125,27899.44921875,6720.31982421875,23053.990234375,296.7409362792969,30.892900466918945,19.5,50883.6796875,26485.900390625,4026.449951171875,4.0929999351501465
2025-11-07,61.67943572998047,142.76747131347656,55.13567352294922,28.84870147705078,27651.41015625,6728.7998046875,23004.5390625,293.62890625,30.97879981994629,19.079999923706055,50276.37109375,26241.830078125,3953.760009765625,4.0929999351501465
2025-11-10,62.46830368041992,144.47579956054688,55.77109909057617,29.24693489074707,27869.509765625,6832.43017578125,23527.169921875,301.2294616699219,30.966800689697266,17.600000381469727,50911.76171875,26649.060546875,4073.239990234375,4.110000133514404
2025-11-11,62.024566650390625,143.59722900390625,55.38006591796875,28.932052612304688,27784.94921875,6846.60986328125,23468.30078125,294.39691162109375,30.966800689697266,17.280000686645508,50842.9296875,26696.41015625,4106.39013671875,4.119999885559082
2025-11-12,62.32039260864258,144.5246124267578,55.819976806640625,29.0987548828125,27947.08984375,6850.919921875,23406.4609375,298.9053955078125,30.96430015563965,17.510000228881836,51063.30859375,26922.73046875,4150.39013671875,4.065000057220459
2025-11-13,62.024566650390625,143.5484161376953,55.42894744873047,29.03392791748047,27903.560546875,6737.490234375,22870.359375,288.64166259765625,31.06410026550293,20.0,51281.828125,27073.029296875,4170.6298828125,4.111999988555908
2025-11-14,60.841270446777344,140.7662811279297,54.40248489379883,28.339336395263672,27397.5,6734.10986328125,22900.58984375,287.7838134765625,31.124900817871094,19.829999923706055,50376.53125,26572.4609375,4011.570068359375,4.1479997634887695
2025-11-17,61.03848648071289,141.3520050048828,54.597999572753906,28.431947708129883,27447.310546875,6672.41015625,22708.0703125,282.83648681640625,30.554500579833984,22.3799991607666,50323.91015625,26384.279296875,4089.25,4.132999897003174
2025-11-18,59.608665466308594,138.25,53.400001525878906,27.718833923339844,26756.119140625,6617.31982421875,22432.849609375,276.2732849121094,31.174999237060547,24.690000534057617,48702.98046875,25930.029296875,3953.6201171875,4.123000144958496
2025-11-19,59.2142333984375,137.3000030517578,53.0,27.505826950073242,26580.119140625,6642.16015625,22564.23046875,280.8914489746094,31.103200912475586,23.65999984741211,48537.69921875,25830.650390625,3929.510009765625,4.132999897003174
2025-11-20,61.03848648071289,141.5500030517578,54.599998474121094,28.56160545349121,27426.359375,6538.759765625,22078.05078125,267.41595458984375,31.183000564575195,26.420000076293945,49823.94140625,25835.5703125,4004.85009765625,4.105999946594238
2025-11-21,59.01701354980469,136.5500030517578,52.849998474121094,27.496564865112305,26434.939453125,6602.990234375,22273.080078125,270.13897705078125,31.352100372314453,23.43000030517578,48625.87890625,25220.01953125,3853.260009765625,4.063000202178955
2025-11-24,58.72119140625,135.89999389648438,52.650001525878906,27.320600509643555,26504.240234375,6705.1201171875,22872.009765625,281.9786682128906,31.338600158691406,20.520000457763672,,25716.5,3846.06005859375,4.038000106811523
2025-11-25,59.51005554199219,138.1999969482422,53.349998474121094,27.87627410888672,26912.169921875,6765.8798828125,23025.58984375,282.8564453125,31.42609977722168,18.559999465942383,48659.51953125,25894.55078125,3857.780029296875,4.001999855041504
2025-11-26,60.49613571166992,140.60000610351562,54.20000076293945,28.450469970703125,27409.5390625,6812.60986328125,23214.689453125,290.64654541015625,31.388099670410156,17.190000534057617,49559.0703125,25928.080078125,3960.8701171875,3.997999906539917
2025-11-27,61.03848648071289,141.6999969482422,54.599998474121094,28.746829986572266,27554.529296875,,,,31.248899459838867,,50167.1015625,25945.9296875,3986.909912109375,
2025-11-28,61.48221969604492,142.85000610351562,55.0,28.932052612304688,27626.48046875,6849.08984375,23365.689453125,295.98284912109375,31.314699172973633,16.350000381469727,50253.91015625,25858.890625,3926.590087890625,4.017000198364258
2025-12-01,60.64405059814453,140.6999969482422,54.25,28.672739028930664,27342.529296875,6812.6298828125,23275.919921875,296.16241455078125,31.37689971923828,17.239999771118164,49303.28125,26033.259765625,3920.3701171875,4.0960001945495605
2025-12-02,60.841270446777344,141.35000610351562,54.45000076293945,28.66347885131836,27564.26953125,6829.3701171875,23413.669921875,302.0672912597656,31.395999908447266,16.59000015258789,49303.44921875,26095.05078125,3994.929931640625,4.085999965667725
2025-12-03,61.43291473388672,142.4499969482422,55.0,28.904268264770508,27793.0390625,6849.72021484375,23454.08984375,308.5706481933594,31.402000427246094,16.079999923706055,49864.6796875,25760.73046875,4036.300048828125,4.057000160217285
2025-12-04,61.33430862426758,142.35000610351562,54.95000076293945,28.839441299438477,27795.7109375,6857.1201171875,23505.140625,305.49853515625,31.314699172973633,15.779999732971191,51028.421875,25935.900390625,4028.510009765625,4.107999801635742
2025-12-05,61.87665557861328,143.5500030517578,55.400001525878906,29.209890365600586,27980.890625,6870.39990234375,23578.130859375,308.6105651855469,31.364999771118164,15.40999984741211,50491.87109375,26085.080078125,4100.0498046875,4.138999938964844
2025-12-08,62.81343460083008,145.6999969482422,56.25,29.49698829650879,28303.779296875,6846.509765625,23545.900390625,311.9620056152344,31.27400016784668,16.65999984741211,50581.94140625,25765.359375,4154.85009765625,4.171999931335449
2025-12-09,62.714820861816406,145.4499969482422,56.04999923706055,29.46920394897461,28182.599609375,6840.509765625,23576.490234375,311.38348388671875,31.16469955444336,16.93000030517578,50655.1015625,25434.23046875,4143.5498046875,4.185999870300293
2025-12-10,63.158565521240234,146.5,56.25,29.784086227416992,28400.73046875,6886.68017578125,23654.150390625,315.5228576660156,31.150999069213867,15.770000457763672,50602.80078125,25540.779296875,4135.0,4.164000034332275
2025-12-11,62.46830368041992,144.6999969482422,55.70000076293945,29.36733055114746,28024.75,6901.0,23593.859375,313.7174987792969,31.07699966430664,14.850000381469727,50148.8203125,25530.509765625,4110.6201171875,4.140999794006348
2025-12-12,62.56691360473633,145.5,55.849998474121094,29.48772621154785,28198.01953125,6827.41015625,23195.169921875,298.71588134765625,31.180099487304688,15.739999771118164,50836.55078125,25976.7890625,4167.16015625,4.193999767303467
2025-12-15,61.92595672607422,143.8000030517578,55.20000076293945,29.12653923034668,27866.939453125,6816.509765625,23057.41015625,297.2496337890625,31.320100784301758,16.5,50168.109375,25628.880859375,4090.590087890625,4.182000160217285
2025-12-16,61.38361358642578,142.4499969482422,54.599998474121094,28.793134689331055,27536.66015625,6800.259765625,23111.4609375,295.87713623046875,31.328699111938477,16.479999542236328,49383.2890625,25235.41015625,3999.1298828125,4.14900016784668
2025-12-17,61.03848648071289,142.0500030517578,54.54999923706055,28.63569450378418,27525.169921875,6721.43017578125,22693.3203125,284.9190979003906,31.4689998626709,17.6200008392334,49512.28125,25468.779296875,4056.409912109375,4.151000022888184
2025-12-18,61.03848648071289,141.64999389648438,54.599998474121094,28.598648071289062,27468.529296875,6774.759765625,23006.359375,291.7216796875,31.632099151611328,16.8700008392334,49001.5,25498.130859375,3994.510009765625,4.116000175476074
2025-12-19,61.63013458251953,143.0500030517578,55.0,28.922792434692383,27696.349609375,6834.5,23307.619140625,299.4831848144531,31.51409912109375,14.90999984741211,49507.2109375,25690.529296875,4020.550048828125,4.151000022888184
2025-12-22,62.517608642578125,145.1999969482422,55.75,29.404375076293945,28149.640625,6878.490234375,23428.830078125,303.5087890625,31.5039005279541,14.079999923706055,50402.390625,25801.76953125,4105.93017578125,4.169000148773193
2025-12-23,62.81343460083008,146.0,56.04999923706055,29.450681686401367,28310.470703125,6909.7900390625,23561.83984375,304.6275634765625,31.53219985961914,14.0,50412.87109375,25774.140625,4117.31982421875,4.169000148773193
2025-12-24,62.961341857910156,146.3000030517578,56.20000076293945,29.589601516723633,28371.98046875,6932.0498046875,23613.310546875,305.8063049316406,31.489500045776367,13.470000267028809,50344.1015625,25818.9296875,4108.6201171875,4.136000156402588
2025-12-25,,,,,,,,,,,50407.7890625,,,
2025-12-26,63.503692626953125,147.5500030517578,56.650001525878906,29.83965492248535,28556.01953125,6929.93994140625,23593.099609375,305.7063903808594,31.570199966430664,13.600000381469727,50750.390625,,4129.68017578125,4.136000156402588
2025-12-29,64.34185791015625,149.1999969482422,57.25,30.173059463500977,28810.890625,6905.740234375,23474.349609375,304.9871826171875,31.3799991607666,14.199999809265137,50526.921875,25635.23046875,4220.56005859375,4.116000175476074
2025-12-30,64.24325561523438,149.14999389648438,57.29999923706055,30.043397903442383,28707.130859375,6896.240234375,23419.080078125,304.587646484375,31.317800521850586,14.329999923706055,50339.48046875,25854.599609375,4214.169921875,4.130000114440918
2025-12-31,64.6869888305664,150.10000610351562,57.54999923706055,30.210100173950195,28963.599609375,6845.5,23241.990234375,300.82171630859375,31.243600845336914,14.949999809265137,,25630.5390625,,4.163000106811523
2026-01-02,66.01819610595703,152.9499969482422,58.54999923706055,30.932477951049805,29349.810546875,6858.47021484375,23235.630859375,313.3480529785156,31.303499221801758,14.510000228881836,,26338.470703125,4309.6298828125,4.186999797821045
2026-01-05,68.53270721435547,158.64999389648438,60.650001525878906,31.7659854888916,30105.0390625,6902.0498046875,23395.8203125,317.7132873535156,31.358699798583984,14.899999618530273,51832.80078125,26347.240234375,4457.52001953125,4.164999961853027
2026-01-06,69.42018127441406,160.5,61.25,32.201263427734375,30576.30078125,6944.81982421875,23547.169921875,327.9920654296875,31.474599838256836,14.75,52518.078125,26710.44921875,4525.47998046875,4.178999900817871
2026-01-07,68.87783813476562,159.0,60.79999923706055,32.07160949707031,30435.470703125,6920.93017578125,23584.279296875,324.5358581542969,31.49209976196289,15.380000114440918,51961.98046875,26458.94921875,4551.06005859375,4.138000011444092
2026-01-08,69.12435913085938,159.5500030517578,61.099998474121094,31.904905319213867,30360.55078125,6921.4599609375,23480.01953125,319.23162841796875,31.449100494384766,15.449999809265137,51117.26171875,26149.310546875,4552.3701171875,4.183000087738037
2026-01-09,68.87783813476562,159.14999389648438,60.900001525878906,31.89564323425293,30288.9609375,6966.27978515625,23671.349609375,328.421630859375,31.5447998046875,14.489999771118164,51939.890625,26231.7890625,4586.31982421875,4.171000003814697
2026-01-12,69.37088012695312,160.14999389648438,61.25,32.182743072509766,30567.2890625,6977.27001953125,23733.900390625,329.9898986816406,31.593299865722656,15.119999885559082,,26608.48046875,4624.7900390625,4.186999797821045
2026-01-13,69.71600341796875,160.85000610351562,61.54999923706055,32.38648986816406,30707.220703125,6963.740234375,23709.869140625,332.9366455078125,31.569900512695312,15.979999542236328,53549.16015625,26848.470703125,4692.64013671875,4.171000003814697
2026-01-14,69.76531219482422,161.4499969482422,61.599998474121094,32.627281188964844,30941.779296875,6926.60009765625,23471.75,331.5382080078125,31.616899490356445,16.75,54341.23046875,26999.810546875,4723.10009765625,4.139999866485596
2026-01-15,69.66670227050781,160.9499969482422,61.599998474121094,32.40501403808594,30810.580078125,6944.47021484375,23530.01953125,336.8524169921875,31.510700225830078,15.84000015258789,54110.5,26923.619140625,4797.5498046875,4.159999847412109
2026-01-16,70.99791717529297,164.1999969482422,62.79999923706055,33.12738800048828,31408.69921875,6940.009765625,23515.390625,342.0966796875,31.564199447631836,15.859999656677246,53936.171875,26844.9609375,4840.740234375,4.230999946594238
2026-01-19,71.58956146240234,165.5,63.04999923706055,33.21999740600586,31639.2890625,,,,31.607999801635742,,53583.5703125,26563.900390625,4904.66015625,
2026-01-20,71.58956146240234,165.5,63.150001525878906,33.369998931884766,31759.990234375,6796.85986328125,22954.3203125,336.9822998046875,31.548999786376953,20.09000015258789,52991.1015625,26487.509765625,4885.75,4.295000076293945
2026-01-21,70.8499984741211,164.10000610351562,62.650001525878906,33.060001373291016,31246.369140625,6875.6201171875,23224.8203125,347.7605285644531,31.682300567626953,16.899999618530273,52774.640625,26585.060546875,4909.93017578125,4.252999782562256
2026-01-22,71.80000305175781,165.85000610351562,63.29999923706055,33.560001373291016,31746.080078125,6913.35009765625,23436.01953125,348.2899475097656,31.639999389648438,15.640000343322754,53688.890625,26629.9609375,4952.52978515625,4.249000072479248
2026-01-23,72.25,167.14999389648438,63.75,33.970001220703125,31961.509765625,6915.60986328125,23501.240234375,344.334228515625,31.583999633789062,16.09000015258789,53846.87109375,26749.509765625,4990.06982421875,4.238999843597412
2026-01-26,72.25,167.3000030517578,63.79999923706055,34.0,32064.51953125,6950.22998046875,23601.359375,342.696044921875,31.370800018310547,16.149999618530273,52885.25,26765.51953125,4949.58984375,4.2129998207092285
2026-01-27,73.05000305175781,169.0,64.3499984741211,34.52000045776367,32317.919921875,6978.60009765625,23817.099609375,350.6972961425781,31.440500259399414,16.350000381469727,53333.5390625,27126.94921875,5084.85009765625,4.2230000495910645
2026-01-28,74.19999694824219,171.6999969482422,65.1500015258789,34.97999954223633,32803.8203125,6978.02978515625,23857.44921875,360.0670471191406,31.110300064086914,16.350000381469727,53358.7109375,27826.91015625,5170.81005859375,4.250999927520752
2026-01-29,73.75,170.75,64.94999694824219,34.61000061035156,32536.26953125,6969.009765625,23685.119140625,360.7363586425781,31.26959991455078,16.8799991607666,53375.6015625,27968.08984375,5221.25,4.2270002365112305
2026-01-30,72.5999984741211,168.0500030517578,64.05000305175781,34.029998779296875,32063.75,6939.02978515625,23461.8203125,345.9224853515625,31.3617000579834,17.440000534057617,53322.8515625,27387.109375,5224.35986328125,4.241000175476074
2026-02-02,71.5,165.35000610351562,63.04999923706055,33.5099983215332,31624.029296875,6976.43994140625,23592.109375,352.3055419921875,31.58300018310547,16.34000015258789,52655.1796875,26775.5703125,4949.669921875,4.275000095367432
2026-02-03,72.94999694824219,168.8000030517578,64.3499984741211,34.349998474121094,32195.359375,6917.81005859375,23255.189453125,345.26324462890625,31.57710075378418,18.0,54720.66015625,26834.76953125,5288.080078125,4.27400016784668
2026-02-04,72.9000015258789,168.85000610351562,64.30000305175781,34.400001525878906,32289.810546875,6882.72021484375,22904.580078125,330.0198669433594,31.573200225830078,18.639999389648438,54293.359375,26847.3203125,5371.10009765625,4.275000095367432
2026-02-05,72.0,166.5500030517578,63.54999923706055,33.77000045776367,31801.26953125,6798.39990234375,22540.58984375,330.4693603515625,31.657100677490234,21.770000457763672,53818.0390625,26885.240234375,5163.56982421875,4.210000038146973
2026-02-06,71.9000015258789,166.5,63.650001525878906,33.630001068115234,31782.919921875,6932.2998046875,23031.2109375,348.130126953125,31.648799896240234,20.3700008392334,54253.6796875,26559.94921875,5089.14013671875,4.205999851226807
2026-02-09,73.94999694824219,171.25,65.25,34.400001525878906,32404.619140625,6964.81982421875,23238.669921875,352.3854675292969,31.575000762939453,17.360000610351562,56363.94140625,27027.16015625,5298.0400390625,4.197999954223633
2026-02-10,75.5,174.8000030517578,66.44999694824219,35.2599983215332,33072.96875,6941.81005859375,23102.470703125,351.04693603515625,31.561199188232422,17.790000915527344,57650.5390625,27183.150390625,5301.68994140625,4.146999835968018
2026-02-11,77.19999694824219,178.64999389648438,67.80000305175781,35.869998931884766,33605.7109375,6941.47021484375,23066.470703125,359.807373046875,31.478700637817383,17.649999618530273,,27266.380859375,5354.490234375,4.171999931335449
2026-02-12,,,,,,6832.759765625,22597.150390625,351.1168518066406,31.336999893188477,20.81999969482422,57639.83984375,27032.5390625,5522.27001953125,4.104000091552734
2026-02-13,,,,,,6836.169921875,22546.669921875,354.27337646484375,31.416900634765625,20.600000381469727,56941.96875,26567.119140625,5507.009765625,4.056000232696533
2026-02-16,,,,,,,,,31.368999481201172,,56806.41015625,26705.939453125,,
2026-02-17,,,,,,6843.22021484375,22578.380859375,353.7140197753906,31.32699966430664,20.290000915527344,56566.48828125,,,4.052000045776367
2026-02-18,,,,,,6881.31005859375,22753.630859375,357.5298767089844,31.375999450683594,19.6200008392334,57143.83984375,,,4.078999996185303
2026-02-19,,,,,,6861.89013671875,22682.73046875,355.4521179199219,31.52910041809082,20.229999542236328,57467.828125,,5677.25,4.074999809265137
2026-02-20,,,,,,6909.509765625,22886.0703125,359.0381774902344,31.57900047302246,19.09000015258789,56825.69921875,26413.349609375,5808.52978515625,4.085999965667725
2026-02-23,77.4000015258789,179.0500030517578,68.05000305175781,35.970001220703125,33773.26171875,6837.75,22627.26953125,356.4310607910156,31.51099967956543,21.010000228881836,,27081.91015625,5846.08984375,4.0289998054504395
2026-02-24,79.4000015258789,184.0,69.5999984741211,37.09000015258789,34700.8203125,6890.06982421875,22863.6796875,361.6453857421875,31.434799194335938,19.549999237060547,57321.08984375,26590.3203125,5969.64013671875,4.0329999923706055
2026-02-25,81.0999984741211,187.75,70.94999694824219,38.09000015258789,35413.0703125,6946.1298828125,23152.080078125,367.5988464355469,31.377099990844727,17.93000030517578,58583.12109375,26765.720703125,6083.85986328125,4.047999858856201
2026-02-26,81.1500015258789,188.0,71.1500015258789,38.310001373291016,35414.48828125,6908.85986328125,22878.380859375,356.4110412597656,31.269100189208984,18.6299991607666,58753.390625,26381.01953125,6307.27001953125,4.017000198364258
2026-02-27,,,,,,6878.8798828125,22668.2109375,351.9059753417969,31.24679946899414,19.860000610351562,58850.26953125,26630.5390625,6244.1298828125,3.9619998931884766
2026-03-02,80.3499984741211,186.35000610351562,70.55000305175781,38.0099983215332,35095.08984375,6881.6201171875,22748.859375,351.6662292480469,31.375,21.440000534057617,58057.23828125,26059.849609375,,4.047999858856201
2026-03-03,78.75,182.39999389648438,69.0999984741211,37.040000915527344,34323.6484375,6816.6298828125,22516.689453125,334.4150695800781,31.53499984741211,23.56999969482422,56279.05078125,25768.080078125,5791.91015625,4.056000232696533
2026-03-04,75.5999984741211,175.0500030517578,66.30000305175781,35.36000061035156,32828.87890625,6869.5,22807.48046875,341.1676940917969,31.733999252319336,21.149999618530273,54245.5390625,25249.48046875,5093.5400390625,4.079999923706055
2026-03-05,77.4000015258789,179.35000610351562,67.8499984741211,36.38999938964844,33672.94140625,6830.7099609375,22748.990234375,337.3918151855469,31.6299991607666,23.75,55278.05859375,25321.33984375,5583.89990234375,4.145999908447266
2026-03-06,76.8499984741211,178.1999969482422,67.55000305175781,36.38999938964844,33599.5390625,6740.02001953125,22387.6796875,323.1573791503906,31.905899047851562,29.489999771118164,55620.83984375,25757.2890625,5584.8701171875,4.132999897003174
2026-03-09,73.5999984741211,170.4499969482422,64.5,34.58000183105469,32110.419921875,6795.990234375,22695.94921875,336.0033264160156,31.80229949951172,25.5,52728.71875,25408.4609375,5251.8701171875,4.136000156402588
2026-03-10,75.19999694824219,174.0,66.1500015258789,35.52000045776367,32771.87109375,6781.47998046875,22697.099609375,338.440673828125,31.802000045776367,24.93000030517578,54248.390625,25959.900390625,5532.58984375,4.136000156402588
2026-03-11,78.19999694824219,181.1999969482422,68.69999694824219,37.189998626708984,34114.19140625,6775.7998046875,22716.130859375,341.71710205078125,31.77389907836914,24.229999542236328,55025.37109375,25898.759765625,5609.9501953125,4.208000183105469
2026-03-12,76.5999984741211,177.85000610351562,67.44999694824219,36.790000915527344,33581.859375,6672.6201171875,22311.98046875,329.830078125,31.811500549316406,27.290000915527344,54452.9609375,25716.759765625,5583.25,4.2729997634887695
2026-03-13,75.94999694824219,176.25,66.9000015258789,36.650001525878906,33400.3203125,6632.18994140625,22105.359375,330.9588317871094,31.89579963684082,27.190000534057617,53819.609375,25465.599609375,5487.240234375,4.284999847412109
2026-03-16,75.5999984741211,175.5,66.69999694824219,36.47999954223633,33342.51171875,6699.3798828125,22374.1796875,337.46173095703125,32.16310119628906,23.510000228881836,53751.1484375,25834.01953125,5549.85009765625,4.21999979019165
2026-03-17,76.6500015258789,177.75,67.3499984741211,37.029998779296875,33836.5703125,6716.08984375,22479.529296875,340.0885009765625,31.94499969482422,22.3700008392334,53700.390625,25868.5390625,5640.47998046875,4.202000141143799
2026-03-18,77.80000305175781,180.5,68.5,37.7400016784668,34348.578125,6624.7001953125,22152.419921875,338.12945556640625,31.885000228881836,25.09000015258789,55239.3984375,26025.419921875,5925.02978515625,4.258999824523926
2026-03-19,76.0,176.60000610351562,66.9000015258789,37.310001373291016,33689.6796875,6606.490234375,22090.689453125,340.0385437011719,32.03120040893555,24.059999465942383,53372.53125,25500.580078125,5763.22021484375,4.281000137329102
2026-03-20,75.9000015258789,176.1999969482422,66.75,37.18000030517578,33543.87890625,6506.47998046875,21647.609375,332.3522033691406,31.802099227905273,26.780000686645508,,25277.3203125,5781.2001953125,4.390999794006348
2026-03-23,74.25,172.25,65.1500015258789,36.2400016784668,32722.5,6581.0,21946.759765625,336.43023681640625,32.02170181274414,26.149999618530273,51515.48828125,24382.470703125,5405.75,4.334000110626221
2026-03-24,74.4000015258789,172.75,65.5,36.119998931884766,32612.240234375,6556.3701171875,21761.890625,340.8581237792969,31.86199951171875,26.950000762939453,52252.28125,25063.7109375,5553.919921875,4.392000198364258
2026-03-25,76.19999694824219,176.5500030517578,67.05000305175781,37.380001068115234,33439.109375,6591.89990234375,21929.8203125,345.08612060546875,31.925800323486328,25.329999923706055,53749.62109375,25335.94921875,5642.2099609375,4.328000068664551
2026-03-26,75.80000305175781,176.14999389648438,66.69999694824219,37.2599983215332,33337.62109375,6477.16015625,21408.080078125,328.69390869140625,31.93589973449707,27.440000534057617,53603.6484375,24856.4296875,5460.4599609375,4.415999889373779
2026-03-27,75.0,174.4499969482422,66.0999984741211,36.9900016784668,33112.58984375,6368.85009765625,20948.359375,323.32647705078125,31.93000030517578,31.049999237060547,53373.0703125,24951.880859375,5438.8701171875,4.440000057220459
2026-03-30,73.9000015258789,171.35000610351562,65.0,36.279998779296875,32518.16015625,6343.72021484375,20794.640625,309.6429748535156,31.976999282836914,30.610000610351562,51885.8515625,24750.7890625,5277.2998046875,4.3420000076293945
2026-03-31,72.3499984741211,168.10000610351562,63.849998474121094,35.189998626708984,31722.990234375,6528.52001953125,21590.630859375,328.5039978027344,32.03900146484375,25.25,51063.71875,24788.140625,5052.4599609375,4.310999870300293
2026-04-01,75.44999694824219,175.3000030517578,66.55000305175781,36.86000061035156,33174.8203125,6575.31982421875,21840.94921875,338.37933349609375,31.93790054321289,24.540000915527344,53739.6796875,25294.029296875,5478.7001953125,4.318999767303467
2026-04-02,73.94999694824219,171.60000610351562,65.25,36.08000183105469,32572.4296875,6582.68994140625,21879.1796875,339.44879150390625,32.00199890136719,23.8700008392334,52463.26953125,25116.529296875,5234.0498046875,4.313000202178955
2026-04-03,,,,,,,,,31.938100814819336,,53123.48828125,,5377.2998046875,
2026-04-06,,,,,,6611.830078125,21996.33984375,343.9366760253906,31.96299934387207,24.170000076293945,53413.6796875,,5450.330078125,4.335000038146973
2026-04-07,75.30000305175781,174.8000030517578,66.55000305175781,36.779998779296875,33229.8203125,6616.85009765625,22017.849609375,347.5949401855469,31.913999557495117,25.780000686645508,53429.55859375,,5494.77978515625,4.3429999351501465
2026-04-08,79.19999694824219,183.60000610351562,69.8499984741211,39.06999969482422,34761.37890625,6782.81005859375,22634.990234375,370.22418212890625,31.893999099731445,21.040000915527344,56308.421875,25893.01953125,5872.33984375,4.290999889373779
2026-04-09,79.1500015258789,183.9499969482422,69.9000015258789,39.130001068115234,34861.16015625,6824.66015625,22822.419921875,378.4502868652344,31.720399856567383,19.489999771118164,55895.3203125,25752.400390625,5778.009765625,4.293000221252441
2026-04-10,80.75,187.3000030517578,71.0999984741211,40.130001068115234,35417.828125,6816.89013671875,22902.890625,386.41650390625,31.725799560546875,19.229999542236328,56924.109375,25893.5390625,5858.8701171875,4.316999912261963
2026-04-13,80.5999984741211,186.9499969482422,70.94999694824219,40.060001373291016,35457.2890625,6886.240234375,23183.740234375,393.1532897949219,31.767000198364258,19.1200008392334,56502.76953125,25660.849609375,5808.6201171875,4.296999931335449
2026-04-14,83.0999984741211,192.0500030517578,72.6500015258789,41.20000076293945,36296.12109375,6967.3798828125,23639.080078125,401.049560546875,31.641199111938477,18.360000610351562,57877.390625,25872.3203125,5967.75,4.25600004196167
2026-04-15,84.1500015258789,195.0500030517578,73.69999694824219,41.9900016784668,36722.140625,7022.9501953125,24016.01953125,401.66925048828125,31.517000198364258,18.170000076293945,58134.23828125,25947.3203125,6091.39013671875,4.2820000648498535
2026-04-16,85.0,196.8000030517578,74.4000015258789,42.599998474121094,37132.01953125,7041.27978515625,24102.69921875,405.75732421875,31.586999893188477,17.940000534057617,59518.33984375,26394.259765625,6226.0498046875,4.309000015258789
2026-04-17,84.1500015258789,194.85000610351562,73.80000305175781,42.560001373291016,36804.33984375,7126.06005859375,24468.48046875,415.5126953125,31.558000564575195,17.479999542236328,58475.8984375,26160.330078125,6191.919921875,4.245999813079834
2026-04-20,84.55000305175781,196.0,74.3499984741211,42.959999084472656,36958.80078125,7109.14013671875,24404.390625,417.351806640625,31.468000411987305,18.8700008392334,58824.890625,26361.0703125,6219.08984375,4.25
2026-04-21,86.0,199.5500030517578,75.19999694824219,43.91999816894531,37605.109375,7064.009765625,24259.9609375,420.5003356933594,31.41900062561035,19.5,59349.171875,26487.48046875,6388.47021484375,4.291999816894531
2026-04-22,86.3499984741211,199.9499969482422,75.69999694824219,44.40999984741211,37878.46875,7137.89990234375,24657.5703125,431.5650634765625,31.48200035095215,18.920000076293945,59585.859375,26163.240234375,6417.93017578125,4.294000148773193
2026-04-23,86.3499984741211,200.10000610351562,75.8499984741211,44.209999084472656,37714.1484375,7108.39990234375,24438.5,440.7906799316406,31.466800689697266,19.309999465942383,59140.23046875,25915.19921875,6475.81005859375,4.322999954223633
2026-04-24,89.94999694824219,208.9499969482422,78.9000015258789,45.900001525878906,38932.3984375,7165.080078125,24836.599609375,461.38092041015625,31.530000686645508,18.709999084472656,59716.1796875,25978.0703125,6475.6298828125,4.309999942779541
2026-04-27,93.0,215.4499969482422,81.0999984741211,46.9900016784668,39616.62890625,7173.91015625,24887.099609375,455.19384765625,31.440000534057617,18.020000457763672,60537.359375,25925.650390625,6615.02978515625,4.335999965667725
2026-04-28,92.0,213.14999389648438,80.4000015258789,46.86000061035156,39521.73046875,7138.7998046875,24663.80078125,438.50177001953125,31.455699920654297,17.829999923706055,59917.4609375,25679.779296875,6641.02001953125,4.354000091552734
2026-04-29,90.75,210.4499969482422,79.44999694824219,46.400001525878906,39303.5,7135.9501953125,24673.240234375,449.7763977050781,31.51300048828125,18.809999465942383,,26111.83984375,6690.89990234375,4.418000221252441
2026-04-30,90.5,209.75,79.0999984741211,46.790000915527344,38926.62890625,7209.009765625,24892.310546875,461.2209777832031,31.62649917602539,16.889999389648438,59284.921875,25776.529296875,6598.8701171875,4.389999866485596
2026-05-01,,,,,,7230.1201171875,25114.439453125,465.5289306640625,31.569000244140625,16.989999771118164,59513.12109375,,,4.377999782562256
2026-05-04,94.5999984741211,219.1999969482422,82.5,49.06999969482422,40705.140625,7200.75,25067.80078125,461.8406982421875,31.554000854492188,18.290000915527344,,26095.880859375,6936.990234375,4.446000099182129
2026-05-05,94.5999984741211,219.60000610351562,82.44999694824219,49.2400016784668,40769.2890625,7259.22021484375,25326.130859375,482.5008850097656,31.597999572753906,17.3799991607666,,25898.609375,,4.415999889373779
2026-05-06,95.75,222.0,83.55000305175781,49.83000183105469,41138.8515625,7365.1201171875,25838.939453125,506.6294250488281,31.545000076293945,17.389999389648438,,26213.779296875,7384.56005859375,4.355999946594238
2026-05-07,97.69999694824219,226.8000030517578,85.30000305175781,50.95000076293945,41933.78125,7337.10986328125,25806.19921875,492.12628173828125,31.398500442504883,17.079999923706055,62833.83984375,26626.279296875,7490.0498046875,4.392000198364258
2026-05-08,97.0,224.3000030517578,85.05000305175781,50.45000076293945,41603.94140625,7398.93017578125,26247.080078125,520.0530395507812,31.392099380493164,17.190000534057617,62713.6484375,26393.7109375,7498.0,4.363999843597412
2026-05-11,96.9000015258789,224.4499969482422,84.6500015258789,50.79999923706055,41790.05859375,7412.83984375,26274.130859375,532.5071411132812,31.301000595092773,18.3799991607666,62417.87890625,26406.83984375,7822.240234375,4.409999847412109
2026-05-12,96.8499984741211,224.5500030517578,84.5,50.95000076293945,41898.3203125,7400.9599609375,26088.19921875,515.7450561523438,31.3518009185791,17.989999771118164,62742.5703125,26347.91015625,7643.14990234375,4.4629998207092285
2026-05-13,95.5,221.1999969482422,83.44999694824219,50.04999923706055,41374.5,7444.25,26402.33984375,528.0392456054688,31.501100540161133,17.8700008392334,63272.109375,26388.439453125,7844.009765625,4.480999946594238
2026-05-14,96.05000305175781,222.5,83.80000305175781,50.20000076293945,41751.75,7501.240234375,26635.220703125,529.7784423828125,31.55900001525879,17.260000228881836,62654.05078125,26389.0390625,7981.41015625,4.460999965667725
2026-05-15,95.4000015258789,220.39999389648438,83.0,49.189998626708984,41172.359375,7408.5,26225.140625,508.27862548828125,31.56439971923828,18.43000030517578,61409.2890625,25962.73046875,7493.18017578125,4.59499979019165
2026-05-18,94.9000015258789,219.39999389648438,82.44999694824219,49.04999923706055,40891.8203125,7403.0498046875,26090.73046875,495.6346435546875,31.586999893188477,17.81999969482422,60815.94921875,25675.1796875,7516.0400390625,4.623000144958496
2026-05-19,93.0999984741211,215.64999389648438,81.19999694824219,48.0,40175.55859375,7353.60986328125,25870.7109375,496.50421142578125,31.554100036621094,18.059999465942383,60550.58984375,25797.849609375,7271.66015625,4.666999816894531
2026-05-20,92.5,214.10000610351562,80.69999694824219,47.65999984741211,40020.8203125,7432.97021484375,26270.359375,520.0630493164062,31.72920036315918,17.440000534057617,59804.41015625,25651.119140625,7208.9501953125,4.572000026702881
2026-05-21,95.8499984741211,221.5500030517578,83.5,49.83000183105469,41368.2109375,7445.72021484375,26293.099609375,524.4609985351562,31.59119987487793,16.760000228881836,61684.140625,25386.51953125,7815.58984375,4.585999965667725
2026-05-22,97.30000305175781,225.0500030517578,84.5999984741211,51.099998474121094,42267.96875,7473.47021484375,26343.970703125,537.0750122070312,31.550800323486328,16.700000762939453,63339.0703125,25606.029296875,7847.7099609375,4.558000087738037
2026-05-25,100.80000305175781,233.14999389648438,87.5999984741211,53.45000076293945,43644.3984375,,,,31.43899917602539,16.59000015258789,65158.19140625,,,
2026-05-26,100.0999984741211,232.5500030517578,87.25,53.5,43525.37109375,7519.1201171875,26656.1796875,569.8194580078125,31.448400497436523,17.010000228881836,64996.08984375,25599.44921875,8047.509765625,4.493000030517578
2026-05-27,102.55000305175781,237.60000610351562,89.05000305175781,54.75,44256.80078125,7520.35986328125,26674.73046875,563.7122802734375,31.445899963378906,16.290000915527344,64999.41015625,25328.23046875,8228.7001953125,4.480999946594238
2026-05-28,100.5,233.14999389648438,87.25,53.150001525878906,43636.44140625,7563.6298828125,26917.470703125,569.19970703125,31.465900421142578,15.739999771118164,64693.12109375,25006.16015625,8185.2900390625,4.454999923706055
2026-05-29,105.4000015258789,241.25,90.44999694824219,54.900001525878906,44732.94140625,7580.06005859375,26972.619140625,568.8099365234375,31.423999786376953,15.319999694824219,66329.5,25182.390625,8476.150390625,4.453000068664551
2026-06-01,105.5,243.89999389648438,91.0999984741211,55.5,45337.91015625,7599.9599609375,27086.810546875,571.6585083007812,31.412900924682617,16.049999237060547,66934.328125,25398.1796875,8788.3798828125,4.474999904632568
2026-06-02,105.69999694824219,244.5500030517578,91.44999694824219,55.29999923706055,45557.30859375,7609.77978515625,27093.900390625,604.7328491210938,31.33049964904785,15.770000457763672,66734.2421875,26038.3203125,8801.490234375,4.454999923706055
2026-06-03,107.5999984741211,248.8000030517578,93.1500015258789,56.04999923706055,46459.16015625,7553.68017578125,26853.98046875,615.3877563476562,31.478200912475586,16.059999465942383,68402.1328125,25633.2109375,,4.491000175476074
2026-06-04,106.0999984741211,245.9499969482422,92.05000305175781,55.29999923706055,45677.4609375,7584.31005859375,26830.9609375,602.4338989257812,31.50550079345703,15.399999618530273,67470.6875,25253.400390625,8639.41015625,4.4770002365112305
2026-06-05,104.1500015258789,241.0500030517578,90.4000015258789,54.099998474121094,45070.94140625,7383.740234375,25709.4296875,539.5138549804688,31.503000259399414,21.510000228881836,66588.1171875,24961.94921875,8160.58984375,4.535999774932861
2026-06-08,100.94999694824219,233.85000610351562,87.69999694824219,52.400001525878906,43502.78125,7405.72998046875,25929.66015625,571.1787719726562,31.58810043334961,18.920000076293945,64024.6015625,24657.060546875,7484.41015625,4.552000045776367
2026-06-09,103.5,239.5500030517578,89.9000015258789,54.349998474121094,44704.44140625,7386.64990234375,25678.8203125,561.8732299804688,31.582000732421875,19.8700008392334,65416.62890625,24565.900390625,8096.93017578125,4.5279998779296875
2026-06-10,100.25,232.0500030517578,87.3499984741211,52.20000076293945,43225.5390625,7266.990234375,25169.5,541.2529907226562,31.5408992767334,22.219999313354492,64179.26953125,24407.9609375,7730.81982421875,4.541999816894531
2026-06-11,99.8499984741211,231.0,86.9000015258789,51.849998474121094,43149.4609375,7394.2998046875,25809.66015625,586.6514282226562,31.649799346923828,19.440000534057617,64217.26953125,24249.2890625,7763.9501953125,4.4629998207092285
2026-06-12,101.94999694824219,236.10000610351562,88.5999984741211,53.0,44169.0390625,7431.4599609375,25888.83984375,595.9669799804688,31.57900047302246,17.68000030517578,66020.0390625,24718.099609375,8123.6201171875,4.486999988555908
2026-06-15,105.25,244.10000610351562,91.05000305175781,54.54999923706055,45396.98828125,7554.2900390625,26683.939453125,628.4500122070312,31.613000869750977,16.200000762939453,69317.5,24842.669921875,8545.98046875,4.468999862670898
2026-06-16,105.9000015258789,245.35000610351562,91.6500015258789,54.849998474121094,45809.19140625,7511.35009765625,26376.33984375,591.239990234375,31.518600463867188,16.40999984741211,69404.5,24493.94921875,8726.599609375,4.427999973297119
2026-06-17,106.0,246.3000030517578,91.6500015258789,54.95000076293945,45877.390625,7420.10009765625,26021.66015625,599.72998046875,31.563899993896484,18.440000534057617,69902.25,24312.16015625,8864.240234375,4.4629998207092285
2026-06-18,107.30000305175781,249.10000610351562,92.80000305175781,55.400001525878906,46465.19921875,7500.580078125,26517.9296875,639.4500122070312,31.638399124145508,16.399999618530273,71053.4921875,23924.810546875,9063.83984375,4.451000213623047
2026-06-19,,,,,,,,,31.635900497436523,,71250.0625,,9052.419921875,
2026-06-22,111.1500015258789,257.45001220703125,95.8499984741211,57.349998474121094,47741.51171875,7472.7900390625,26166.599609375,655.010009765625,31.70199966430664,17.280000686645508,72353.9609375,23768.51953125,9114.5498046875,
2026-06-23,110.0999984741211,254.35000610351562,95.05000305175781,56.70000076293945,47100.6484375,7359.43994140625,25638.71484375,610.280029296875,31.628000259399414,20.200000762939453,69788.3828125,23336.279296875,8203.83984375,4.493000030517578
