Date,0050,006208,00692,00881,TAIEX,SP500,NASDAQ,SOXX,USD_TWD,VIX,NIKKEI225,HANGSENG,KOSPI,US10Y
2021-01-01,,,,,,,,,0.0,,,,,
2021-01-04,24563188.0,1034794.0,1955774.0,43790332.0,6487600.0,5015000000.0,6636170000.0,2487600.0,0.0,0.0,51500000.0,2870400000.0,1026500.0,0.0
2021-01-05,18926280.0,1943317.0,3451962.0,40946298.0,6302200.0,4591020000.0,6971860000.0,1670700.0,0.0,0.0,55000000.0,3282500000.0,1519900.0,0.0
2021-01-06,42348292.0,2741899.0,4181877.0,67198727.0,7787000.0,6064110000.0,7689880000.0,3215100.0,0.0,0.0,72700000.0,3079400000.0,1793400.0,0.0
2021-01-07,26764652.0,1632982.0,3132030.0,34794739.0,5878900.0,5099160000.0,6841480000.0,1809000.0,0.0,0.0,98900000.0,3775100000.0,1524700.0,0.0
2021-01-08,51960980.0,1816213.0,3897943.0,46352000.0,6192800.0,4773040000.0,7289390000.0,2119800.0,0.0,0.0,84900000.0,5667300000.0,1297900.0,0.0
2021-01-11,40583424.0,2637910.0,2943841.0,83698316.0,5319100.0,4465430000.0,6960470000.0,1627500.0,0.0,0.0,,4366100000.0,1712500.0,0.0
2021-01-12,43497448.0,2211531.0,4267086.0,122820942.0,6399400.0,4994950000.0,7264070000.0,4503900.0,0.0,0.0,78800000.0,3399600000.0,1388600.0,0.0
2021-01-13,42755604.0,2130897.0,3200787.0,59819918.0,5900400.0,4602510000.0,7104810000.0,1200000.0,0.0,0.0,70900000.0,3559400000.0,1578000.0,0.0
2021-01-14,48001796.0,2327883.0,3011935.0,67147249.0,5571500.0,5198480000.0,6734100000.0,1748400.0,0.0,0.0,81900000.0,3205600000.0,1233200.0,0.0
2021-01-15,86095908.0,2661907.0,3335752.0,96842640.0,6418300.0,5369820000.0,6458360000.0,2403900.0,0.0,0.0,74100000.0,4485400000.0,1331100.0,0.0
2021-01-18,56811080.0,2731046.0,4874789.0,63749919.0,5431000.0,,,,0.0,,51900000.0,2956400000.0,1472000.0,
2021-01-19,48277244.0,2159333.0,2751641.0,86521418.0,5516500.0,5014440000.0,6297860000.0,2517000.0,0.0,0.0,58200000.0,4568200000.0,1353300.0,0.0
2021-01-20,119861744.0,2744566.0,4433923.0,106594905.0,7303000.0,4566190000.0,6820990000.0,1851000.0,0.0,0.0,69800000.0,3937800000.0,1192700.0,0.0
2021-01-21,54689548.0,2749854.0,4311854.0,120833954.0,5268500.0,4501760000.0,7258640000.0,2540400.0,0.0,0.0,67700000.0,3004900000.0,1360100.0,0.0
2021-01-22,95071252.0,2530331.0,4166368.0,213223949.0,5023800.0,5110890000.0,5972750000.0,1668300.0,0.0,0.0,66900000.0,3381700000.0,1111200.0,0.0
2021-01-25,55002504.0,2904901.0,3686279.0,266638801.0,4667900.0,7000840000.0,7193710000.0,1683300.0,0.0,0.0,57300000.0,3066500000.0,1093700.0,0.0
2021-01-26,57505908.0,3990137.0,4989557.0,174036981.0,4526600.0,6137500000.0,6849600000.0,1224900.0,0.0,0.0,63500000.0,4810700000.0,873000.0,0.0
2021-01-27,31419364.0,2400852.0,3045853.0,80533204.0,4293000.0,9976520000.0,11621190000.0,5391300.0,0.0,0.0,69000000.0,3809000000.0,924600.0,0.0
2021-01-28,58015204.0,3043928.0,3873320.0,112706529.0,5142300.0,6992770000.0,9959270000.0,3369900.0,0.0,0.0,123900000.0,2993500000.0,1310500.0,0.0
2021-01-29,56158664.0,2404804.0,3501560.0,125538221.0,5546700.0,6643370000.0,7872250000.0,2761800.0,0.0,0.0,91700000.0,3196800000.0,995100.0,0.0
2021-02-01,56531932.0,2482464.0,3884180.0,82038720.0,4413200.0,5436230000.0,7092520000.0,1923300.0,0.0,0.0,65700000.0,2464300000.0,969300.0,0.0
2021-02-02,43553492.0,2279181.0,3768480.0,88976971.0,4965800.0,5514090000.0,7325270000.0,2429400.0,0.0,0.0,67500000.0,2739200000.0,887300.0,0.0
2021-02-03,28327880.0,1944768.0,2602792.0,51708653.0,5015900.0,4864870000.0,7546940000.0,2767800.0,0.0,0.0,84000000.0,2681400000.0,901800.0,0.0
2021-02-04,26233916.0,1796820.0,1748974.0,50956851.0,4217800.0,4879240000.0,7295370000.0,1832400.0,0.0,0.0,81100000.0,3032200000.0,1460900.0,0.0
2021-02-05,35199004.0,2047257.0,4050399.0,64809742.0,4311100.0,4879470000.0,6792910000.0,1462800.0,0.0,0.0,93200000.0,2675300000.0,1193500.0,0.0
2021-02-08,,,,,,4648360000.0,8564530000.0,1947300.0,0.0,0.0,93600000.0,2196700000.0,1277200.0,0.0
2021-02-09,,,,,,4568320000.0,8766770000.0,1383300.0,0.0,0.0,86900000.0,1851000000.0,2145400.0,0.0
2021-02-10,,,,,,4837070000.0,10785930000.0,2220300.0,0.0,0.0,81100000.0,1998300000.0,2152900.0,0.0
2021-02-11,,,,,,4590960000.0,10916780000.0,2112600.0,0.0,0.0,,1192100000.0,,0.0
2021-02-12,,,,,,4135060000.0,7416940000.0,1925100.0,0.0,0.0,79800000.0,,,0.0
2021-02-15,,,,,,,,,0.0,,70300000.0,,1604700.0,
2021-02-16,,,,,,5058990000.0,7722100000.0,3152400.0,0.0,0.0,81300000.0,3269700000.0,1944400.0,0.0
2021-02-17,75622784.0,4420471.0,6108658.0,88822214.0,5847800.0,4730650000.0,7280500000.0,2785200.0,0.0,0.0,74800000.0,3144000000.0,1784100.0,0.0
2021-02-18,41912192.0,2164908.0,4052870.0,57059617.0,5808600.0,4793650000.0,6499420000.0,2247600.0,0.0,0.0,77900000.0,3687600000.0,1860600.0,0.0
2021-02-19,35106384.0,2376910.0,2609448.0,67416857.0,5567600.0,4845320000.0,6737820000.0,2254500.0,0.0,0.0,63700000.0,3317200000.0,3455500.0,0.0
2021-02-22,27254544.0,2513442.0,3875776.0,52125054.0,6377000.0,5917100000.0,6483740000.0,2652000.0,0.0,0.0,62800000.0,4449900000.0,1832000.0,0.0
2021-02-23,30629724.0,2159912.0,2292428.0,58276338.0,6508000.0,6296610000.0,7516510000.0,4029300.0,0.0,0.0,,4605700000.0,2357800.0,0.0
2021-02-24,41942244.0,2400157.0,4005694.0,73612309.0,6503200.0,6012790000.0,5886230000.0,3144900.0,0.0,0.0,79300000.0,4846300000.0,1560900.0,0.0
2021-02-25,40729192.0,1746852.0,1957868.0,39464386.0,6958100.0,6547470000.0,6390380000.0,5339700.0,0.0,0.0,70100000.0,3663900000.0,1280100.0,0.0
2021-02-26,105334836.0,5251221.0,6412598.0,137306439.0,7625000.0,6526070000.0,5906110000.0,4558800.0,0.0,0.0,92900000.0,4126400000.0,1361300.0,0.0
2021-03-01,,,,,,5114820000.0,5079530000.0,2316600.0,0.0,0.0,62700000.0,2629100000.0,,0.0
2021-03-02,28506280.0,2876578.0,5669656.0,69812488.0,6314300.0,5536010000.0,4948140000.0,3177600.0,0.0,0.0,70100000.0,2895800000.0,1749900.0,0.0
2021-03-03,33512376.0,1575818.0,2888656.0,36300884.0,5473300.0,6173660000.0,5529980000.0,4425900.0,0.0,0.0,68800000.0,3228600000.0,2236700.0,0.0
2021-03-04,66353052.0,4165390.0,4931884.0,93024967.0,5822900.0,7195400000.0,7864380000.0,7243500.0,0.0,0.0,75200000.0,2957900000.0,1279000.0,0.0
2021-03-05,56613844.0,2675045.0,3140696.0,73215007.0,4705600.0,6851070000.0,7725200000.0,6307800.0,0.0,0.0,85800000.0,3996700000.0,1187200.0,0.0
2021-03-08,48210408.0,3115303.0,3516558.0,65542463.0,4746800.0,5871710000.0,6010230000.0,7349100.0,0.0,0.0,92400000.0,4906900000.0,1928300.0,0.0
2021-03-09,53095728.0,2204339.0,2761375.0,75703850.0,5441900.0,5513560000.0,6345560000.0,4132800.0,0.0,0.0,96700000.0,4377900000.0,1534200.0,0.0
2021-03-10,21353912.0,1454868.0,3073922.0,35742630.0,4340600.0,5847380000.0,6023880000.0,4082400.0,0.0,0.0,83000000.0,2842800000.0,905600.0,0.0
2021-03-11,36663172.0,1555905.0,2229053.0,41149086.0,5113400.0,5312880000.0,6008850000.0,3689400.0,0.0,0.0,78500000.0,3604300000.0,1349200.0,0.0
2021-03-12,22112176.0,1446367.0,2580982.0,29249268.0,4907000.0,4476280000.0,5497210000.0,3153600.0,0.0,0.0,96600000.0,3557200000.0,1669100.0,0.0
2021-03-15,14718124.0,1224210.0,2959850.0,22115208.0,4681700.0,4900100000.0,5972370000.0,3894900.0,0.0,0.0,94100000.0,3096700000.0,1161800.0,0.0
2021-03-16,26876500.0,2096413.0,4009918.0,25966139.0,5049000.0,4613080000.0,5493890000.0,6785100.0,0.0,0.0,83800000.0,2351600000.0,1123900.0,0.0
2021-03-17,26582624.0,1596705.0,2406267.0,31388367.0,4911400.0,4561660000.0,5536110000.0,5773800.0,0.0,0.0,74600000.0,1901300000.0,815000.0,0.0
2021-03-18,27618816.0,2124821.0,2175185.0,43499233.0,5694800.0,5118590000.0,5739720000.0,6042900.0,0.0,0.0,95400000.0,2113700000.0,1232600.0,0.0
2021-03-19,39701288.0,3084075.0,4372076.0,47567281.0,6753400.0,7757420000.0,7630590000.0,6614100.0,0.0,0.0,128500000.0,3814400000.0,1068500.0,0.0
2021-03-22,21224136.0,1681517.0,1705641.0,29955702.0,7093200.0,4316260000.0,5321760000.0,3130200.0,0.0,0.0,78800000.0,2065800000.0,915700.0,0.0
2021-03-23,27467604.0,1090033.0,1926465.0,25986525.0,7291400.0,4669010000.0,5675010000.0,5638800.0,0.0,0.0,79200000.0,2049600000.0,1331200.0,0.0
2021-03-24,40972516.0,1910240.0,3682387.0,31765105.0,5549900.0,4783020000.0,6248650000.0,6608100.0,0.0,0.0,96000000.0,2689100000.0,978400.0,0.0
2021-03-25,19540068.0,2389144.0,1759622.0,32727916.0,5947800.0,4948340000.0,5634290000.0,5580000.0,0.0,0.0,72800000.0,2595000000.0,940400.0,0.0
2021-03-26,31879756.0,2470241.0,2703939.0,41388686.0,5404200.0,5483160000.0,5224360000.0,6493800.0,0.0,0.0,73700000.0,2415400000.0,1036400.0,0.0
2021-03-29,32263336.0,1605653.0,2339273.0,53949961.0,6897800.0,4628180000.0,4965090000.0,6540600.0,0.0,0.0,107900000.0,2847700000.0,1288800.0,0.0
2021-03-30,19052992.0,1543622.0,3400071.0,52830213.0,5851100.0,4121510000.0,4721950000.0,4263600.0,0.0,0.0,79900000.0,2269800000.0,1023100.0,0.0
2021-03-31,30413248.0,1947879.0,2406434.0,32787791.0,5865500.0,4578050000.0,5004720000.0,5968200.0,0.0,0.0,82000000.0,2703800000.0,1147000.0,0.0
2021-04-01,28893264.0,1412957.0,2327068.0,22703189.0,5687600.0,4162130000.0,4576480000.0,7380000.0,0.0,0.0,75600000.0,2233000000.0,922700.0,0.0
2021-04-02,,,,,,,,,0.0,,57200000.0,,792700.0,
2021-04-05,,,,,,4005030000.0,4459000000.0,6504000.0,0.0,0.0,55400000.0,,1084800.0,0.0
2021-04-06,,,,,,4081270000.0,4073710000.0,5913000.0,0.0,0.0,65500000.0,,1279000.0,0.0
2021-04-07,17117556.0,1097415.0,1954735.0,35960845.0,6682200.0,4120810000.0,4098740000.0,3296400.0,0.0,0.0,61500000.0,2223600000.0,1984800.0,0.0
2021-04-08,24794268.0,1427824.0,2097889.0,65897573.0,7382600.0,3907100000.0,4153600000.0,4276500.0,0.0,0.0,62600000.0,2522300000.0,1357300.0,0.0
2021-04-09,14374740.0,1066746.0,2164529.0,40881273.0,8624700.0,3640390000.0,3926110000.0,2466000.0,0.0,0.0,64900000.0,1897300000.0,1823200.0,0.0
2021-04-12,23586236.0,1151637.0,2097363.0,38291450.0,9009000.0,3588900000.0,4250900000.0,2607900.0,0.0,0.0,50200000.0,1992300000.0,1048800.0,0.0
2021-04-13,22351296.0,1235041.0,2778957.0,33381339.0,10350300.0,3734720000.0,4219360000.0,3328500.0,0.0,0.0,54900000.0,2062100000.0,1741300.0,0.0
2021-04-14,25502040.0,1773344.0,2579994.0,57151019.0,10140000.0,3985350000.0,4120770000.0,4996200.0,0.0,0.0,57200000.0,1941500000.0,1776300.0,0.0
2021-04-15,30128784.0,1524008.0,2214432.0,28520417.0,7006700.0,4033420000.0,4406880000.0,5672400.0,0.0,0.0,50600000.0,1901900000.0,1313000.0,0.0
2021-04-16,44717424.0,2360392.0,2984360.0,35260097.0,7912900.0,4163820000.0,4427780000.0,2712600.0,0.0,0.0,49100000.0,2192400000.0,985300.0,0.0
2021-04-19,31997080.0,1045512.0,2047885.0,27227874.0,10158100.0,3810290000.0,4379610000.0,8922300.0,0.0,0.0,44700000.0,2020100000.0,1060600.0,0.0
2021-04-20,19005996.0,889517.0,1369456.0,28101014.0,9165400.0,4342650000.0,4245120000.0,5374500.0,0.0,0.0,59900000.0,2014200000.0,1296200.0,0.0
2021-04-21,31261660.0,1148594.0,1842177.0,27930935.0,9427000.0,3887250000.0,3999620000.0,4321800.0,0.0,0.0,71000000.0,2202000000.0,1767100.0,0.0
2021-04-22,15844676.0,1195212.0,2593866.0,37270683.0,14999500.0,4245140000.0,4420820000.0,5433000.0,0.0,0.0,55100000.0,1934900000.0,1752700.0,0.0
2021-04-23,23838556.0,996610.0,2307852.0,64040429.0,9329900.0,3569880000.0,4355100000.0,3996300.0,0.0,0.0,47500000.0,1901000000.0,1829400.0,0.0
2021-04-26,47495696.0,2650559.0,4093161.0,85292906.0,9298000.0,3748320000.0,4506210000.0,3577800.0,0.0,0.0,49200000.0,1786400000.0,1298300.0,0.0
2021-04-27,26350460.0,940785.0,2953543.0,44105384.0,9687900.0,3710700000.0,4691460000.0,4878300.0,0.0,0.0,59400000.0,1834900000.0,1534200.0,0.0
2021-04-28,11847132.0,1296596.0,1581922.0,25557971.0,10510700.0,3787360000.0,4559710000.0,2356200.0,0.0,0.0,61400000.0,2074100000.0,1412600.0,0.0
2021-04-29,35394172.0,1307902.0,1799316.0,66907972.0,10991600.0,4298680000.0,4928030000.0,3237000.0,0.0,0.0,,1838100000.0,1222400.0,0.0
2021-04-30,,,,,,4300880000.0,4792460000.0,3900000.0,0.0,0.0,78400000.0,2577600000.0,1358200.0,0.0
2021-05-03,26886696.0,2314565.0,2880579.0,69477217.0,11037100.0,4070220000.0,4761430000.0,3222900.0,0.0,0.0,,1726000000.0,1040300.0,0.0
2021-05-04,53149348.0,2767746.0,4151414.0,77187192.0,12968600.0,4452460000.0,5879730000.0,6061800.0,0.0,0.0,,1921100000.0,1282900.0,0.0
2021-05-05,35123544.0,1941863.0,3810166.0,58554306.0,8435500.0,4230920000.0,4535690000.0,4808700.0,0.0,0.0,,1720800000.0,,0.0
2021-05-06,31910052.0,3749737.0,2855767.0,33453462.0,9028200.0,4511000000.0,5021400000.0,3656400.0,0.0,0.0,94300000.0,2478800000.0,1238600.0,0.0
2021-05-07,27887364.0,1619471.0,3625977.0,39035657.0,8356000.0,4016080000.0,4391100000.0,2871600.0,0.0,0.0,67500000.0,2205300000.0,988900.0,0.0
2021-05-10,17145392.0,1244973.0,1478131.0,43431374.0,9059300.0,4560700000.0,4818670000.0,6354600.0,0.0,0.0,66300000.0,2358800000.0,1010200.0,0.0
2021-05-11,101487268.0,4387966.0,4969974.0,81997753.0,12909700.0,4870710000.0,4738390000.0,6719400.0,0.0,0.0,73200000.0,2383400000.0,1095700.0,0.0
2021-05-12,153849896.0,6575857.0,9158792.0,156968446.0,13913300.0,4733070000.0,4752930000.0,7754100.0,0.0,0.0,90000000.0,2132300000.0,1423200.0,0.0
2021-05-13,108572604.0,5854309.0,6507252.0,95939846.0,10615100.0,4779540000.0,4698110000.0,4862400.0,0.0,0.0,80500000.0,2167400000.0,1094900.0,0.0
2021-05-14,60858732.0,2669708.0,4636734.0,56895223.0,9406800.0,4008880000.0,4022610000.0,4663500.0,0.0,0.0,73500000.0,1880800000.0,835600.0,0.0
2021-05-17,126414496.0,5622825.0,7766756.0,76840994.0,9443500.0,4125050000.0,3997780000.0,3365100.0,0.0,0.0,63900000.0,1857000000.0,770700.0,0.0
2021-05-18,65091716.0,2602208.0,2989640.0,51248081.0,7546900.0,4398150000.0,4301300000.0,2354700.0,0.0,0.0,74700000.0,2066000000.0,785400.0,0.0
2021-05-19,67681988.0,1694437.0,2865256.0,29890863.0,8707800.0,4247450000.0,4333520000.0,4127400.0,0.0,0.0,68700000.0,,,0.0
2021-05-20,38038476.0,1535006.0,1356634.0,21209690.0,8178100.0,3978880000.0,3990760000.0,5020800.0,0.0,0.0,56800000.0,2465800000.0,773600.0,0.0
2021-05-21,40364120.0,1322719.0,2376078.0,27003708.0,7531400.0,3995250000.0,3733940000.0,5250000.0,0.0,0.0,58700000.0,1653200000.0,796800.0,0.0
2021-05-24,40898176.0,1142308.0,2013558.0,20670914.0,7333500.0,3684800000.0,3509470000.0,3373800.0,0.0,0.0,54700000.0,1719600000.0,587500.0,0.0
2021-05-25,36364972.0,1578868.0,2020083.0,38184640.0,9038500.0,4182250000.0,4128990000.0,4363500.0,0.0,0.0,54000000.0,2352100000.0,612700.0,0.0
2021-05-26,20554356.0,1936001.0,2262389.0,14600839.0,6816100.0,4420890000.0,4264500000.0,2492400.0,0.0,0.0,64200000.0,2518500000.0,1269000.0,0.0
2021-05-27,22624404.0,1222122.0,1555438.0,21612700.0,8532000.0,6406310000.0,5087180000.0,3302700.0,0.0,0.0,138200000.0,3805000000.0,1081100.0,0.0
2021-05-28,38184028.0,1612578.0,2398278.0,27244835.0,8549300.0,4649250000.0,4447940000.0,2179500.0,0.0,0.0,80600000.0,2591600000.0,966000.0,0.0
2021-05-31,41441512.0,1515873.0,2736579.0,45359386.0,9490500.0,,,,0.0,,53800000.0,2188600000.0,1123100.0,
2021-06-01,22239920.0,974726.0,2016945.0,25739396.0,7821200.0,5074670000.0,4186280000.0,3373500.0,0.0,0.0,47400000.0,1832000000.0,1471800.0,0.0
2021-06-02,19776268.0,870621.0,1920077.0,23240007.0,9368700.0,5833670000.0,5097630000.0,2140500.0,0.0,0.0,71000000.0,1933200000.0,1495200.0,0.0
2021-06-03,19899456.0,1126565.0,2337912.0,22664134.0,8355400.0,5587970000.0,5396250000.0,3247500.0,0.0,0.0,58500000.0,2241800000.0,1584000.0,0.0
2021-06-04,12430320.0,870106.0,1857981.0,16614885.0,8595000.0,4139790000.0,4360710000.0,2821500.0,0.0,0.0,55800000.0,3054600000.0,1391800.0,0.0
2021-06-07,42978416.0,2413800.0,3377323.0,26486384.0,8683700.0,4476920000.0,4639210000.0,2376300.0,0.0,0.0,51000000.0,2573200000.0,1731900.0,0.0
2021-06-08,11574400.0,1817580.0,1227826.0,13666187.0,5658700.0,4659620000.0,5958410000.0,2534400.0,0.0,0.0,50400000.0,1626900000.0,1950600.0,0.0
2021-06-09,23961704.0,1778160.0,1355932.0,11897061.0,6310000.0,4713260000.0,5640490000.0,2607000.0,0.0,0.0,50400000.0,1807000000.0,1964500.0,0.0
2021-06-10,27041116.0,2165962.0,1327039.0,28832911.0,6582700.0,4408210000.0,4919880000.0,2165100.0,0.0,0.0,53300000.0,1940100000.0,1896200.0,0.0
2021-06-11,13123036.0,2058815.0,1596780.0,23301255.0,6154800.0,3815010000.0,4157580000.0,1765200.0,0.0,0.0,71100000.0,2038600000.0,1643800.0,0.0
2021-06-14,,,,,,4151200000.0,4415160000.0,3673800.0,0.0,0.0,45000000.0,,1663900.0,0.0
2021-06-15,15841824.0,1137005.0,1514842.0,19920816.0,6317500.0,4048940000.0,4554580000.0,2388300.0,0.0,0.0,53000000.0,2376500000.0,1733900.0,0.0
2021-06-16,28848448.0,2097229.0,2232414.0,14640170.0,7962000.0,4538350000.0,4683030000.0,3614700.0,0.0,0.0,52400000.0,2053800000.0,2345200.0,0.0
2021-06-17,12704604.0,1053359.0,1303123.0,12965296.0,6398800.0,5312680000.0,4558280000.0,3873000.0,0.0,0.0,56900000.0,1888000000.0,1848200.0,0.0
2021-06-18,8566312.0,1177978.0,1260831.0,15378060.0,7976600.0,6817010000.0,6126070000.0,2889900.0,0.0,0.0,90200000.0,3761400000.0,1626400.0,0.0
2021-06-21,62771964.0,3320918.0,2626591.0,31796619.0,7503200.0,4128950000.0,4562010000.0,2233200.0,0.0,0.0,75800000.0,2182700000.0,1508100.0,0.0
2021-06-22,23116784.0,1386026.0,1261198.0,19217604.0,8917000.0,3828390000.0,4433140000.0,1737900.0,0.0,0.0,67800000.0,1980100000.0,1666300.0,0.0
2021-06-23,25554192.0,2775307.0,1831899.0,21980677.0,8083500.0,3730350000.0,4417470000.0,1889400.0,0.0,0.0,51100000.0,2293400000.0,1068300.0,0.0
2021-06-24,24711284.0,1058099.0,1779376.0,11493837.0,6453900.0,3816660000.0,4324620000.0,1428300.0,0.0,0.0,44600000.0,1723200000.0,1300300.0,0.0
2021-06-25,25873856.0,2145584.0,2078002.0,23114408.0,6766700.0,7341450000.0,7468090000.0,1343100.0,0.0,0.0,51600000.0,2149400000.0,1197600.0,0.0
2021-06-28,15924228.0,2105008.0,2089943.0,9645505.0,7091900.0,4147890000.0,4283000000.0,2651100.0,0.0,0.0,47700000.0,1512600000.0,1427400.0,0.0
2021-06-29,35947620.0,1269634.0,1290993.0,25335985.0,8437900.0,3707150000.0,4901300000.0,1748100.0,0.0,0.0,59700000.0,2356500000.0,1211800.0,0.0
2021-06-30,37738688.0,1438979.0,2752372.0,32131351.0,7979400.0,4266040000.0,5293810000.0,1317300.0,0.0,0.0,54000000.0,2051500000.0,1608900.0,0.0
2021-07-01,18035100.0,1368597.0,2014668.0,12672645.0,9647200.0,3788230000.0,4410470000.0,2264100.0,0.0,0.0,45900000.0,,1157700.0,0.0
2021-07-02,18841708.0,815980.0,1589282.0,14148322.0,8973200.0,3225840000.0,3751420000.0,1827000.0,0.0,0.0,47500000.0,2816200000.0,1019400.0,0.0
2021-07-05,30418260.0,1548029.0,2883350.0,40675542.0,7425200.0,,,,0.0,,38500000.0,1827200000.0,849700.0,
2021-07-06,25581352.0,2267583.0,2925325.0,17961814.0,6634400.0,4309570000.0,4489540000.0,2001900.0,0.0,0.0,41700000.0,1904200000.0,1028800.0,0.0
2021-07-07,26349512.0,759302.0,1760473.0,18040256.0,6893400.0,4037380000.0,4605630000.0,1888200.0,0.0,0.0,60300000.0,2040700000.0,1146800.0,0.0
2021-07-08,15770840.0,844275.0,1811622.0,17298547.0,8078500.0,4347500000.0,4575010000.0,2000100.0,0.0,0.0,62200000.0,2948600000.0,1515200.0,0.0
2021-07-09,26946384.0,4102778.0,2614705.0,13552395.0,6565500.0,3531120000.0,3826500000.0,1833000.0,0.0,0.0,82300000.0,2500000000.0,1307500.0,0.0
2021-07-12,54207240.0,2756621.0,2610737.0,39490892.0,6898800.0,3384460000.0,3897090000.0,3949800.0,0.0,0.0,55500000.0,2054200000.0,1134600.0,0.0
2021-07-13,54740836.0,2552967.0,2213636.0,40004061.0,8913100.0,3695430000.0,4583460000.0,2122200.0,0.0,0.0,49800000.0,1995600000.0,1149500.0,0.0
2021-07-14,37822716.0,1433305.0,2311627.0,40779052.0,7380100.0,4006370000.0,4496220000.0,2256600.0,0.0,0.0,54800000.0,1865700000.0,908300.0,0.0
2021-07-15,48290328.0,1575877.0,1965317.0,31134606.0,5697300.0,3905230000.0,4512550000.0,2657100.0,0.0,0.0,53200000.0,2081500000.0,1171900.0,0.0
2021-07-16,37001536.0,2598065.0,3624633.0,17778701.0,6709700.0,3985700000.0,4069530000.0,2571600.0,0.0,0.0,50400000.0,1968800000.0,1066100.0,0.0
2021-07-19,41802040.0,1751460.0,2432408.0,16655025.0,5948000.0,5157660000.0,4537130000.0,4068000.0,0.0,0.0,49900000.0,1874200000.0,1095100.0,0.0
2021-07-20,31443692.0,2133268.0,3394571.0,16127834.0,6263700.0,4438270000.0,4652450000.0,3201000.0,0.0,0.0,63000000.0,2263400000.0,979300.0,0.0
2021-07-21,50775656.0,2081338.0,2780869.0,14395738.0,7703300.0,3810280000.0,4098520000.0,2039400.0,0.0,0.0,51400000.0,1672500000.0,990300.0,0.0
2021-07-22,24405396.0,794994.0,1326672.0,17257599.0,6900500.0,3358300000.0,3597540000.0,1185000.0,0.0,0.0,,1807200000.0,713000.0,0.0
2021-07-23,12374240.0,1267003.0,1417150.0,10997056.0,6686500.0,4540070000.0,3997250000.0,1312500.0,0.0,0.0,,1182700000.0,804600.0,0.0
2021-07-26,46350908.0,3015863.0,3494229.0,8873812.0,5927200.0,4275630000.0,4437090000.0,1123200.0,0.0,0.0,54500000.0,2695200000.0,826100.0,0.0
2021-07-27,41265188.0,2274043.0,3132171.0,10868672.0,6079500.0,4241950000.0,4329230000.0,2508000.0,0.0,0.0,51700000.0,4657400000.0,991600.0,0.0
2021-07-28,120230996.0,3857094.0,4968702.0,23246840.0,6728900.0,4215290000.0,4268210000.0,2289600.0,0.0,0.0,57100000.0,3391800000.0,868200.0,0.0
2021-07-29,42856636.0,1236688.0,1903693.0,10546819.0,5660700.0,4044600000.0,3928640000.0,2303700.0,0.0,0.0,67800000.0,3272200000.0,694500.0,0.0
2021-07-30,15472072.0,838155.0,1229156.0,7610433.0,6577000.0,3956740000.0,3645050000.0,2320200.0,0.0,0.0,70600000.0,2425100000.0,687500.0,0.0
2021-08-02,28890076.0,2148960.0,2090966.0,15270606.0,5186900.0,3724090000.0,3746130000.0,2864100.0,0.0,0.0,60100000.0,1768600000.0,560800.0,0.0
2021-08-03,24320952.0,1747135.0,1956869.0,16874564.0,4533200.0,3965190000.0,4141370000.0,1769100.0,0.0,0.0,57900000.0,2010000000.0,653200.0,0.0
2021-08-04,21724496.0,1662312.0,1643647.0,27474573.0,5817500.0,4260760000.0,4337330000.0,1626000.0,0.0,0.0,67500000.0,1776500000.0,632000.0,0.0
2021-08-05,22573208.0,841913.0,1458949.0,26455886.0,6348300.0,3769410000.0,4107300000.0,1420200.0,0.0,0.0,55900000.0,1695600000.0,680000.0,0.0
2021-08-06,15681916.0,1959717.0,3079192.0,14113766.0,5686300.0,3451870000.0,4173090000.0,1233000.0,0.0,0.0,56400000.0,1559600000.0,939900.0,0.0
2021-08-09,20148264.0,1490549.0,1508967.0,12899456.0,5189400.0,3449280000.0,4111640000.0,1065900.0,0.0,0.0,,1585100000.0,706500.0,0.0
2021-08-10,9903104.0,975989.0,1608946.0,31698362.0,4788400.0,3886610000.0,3991770000.0,2695500.0,0.0,0.0,61400000.0,1735300000.0,729000.0,0.0
2021-08-11,14460116.0,1993405.0,1749964.0,29579227.0,5654700.0,3532560000.0,4002340000.0,1296900.0,0.0,0.0,67100000.0,2414400000.0,616700.0,0.0
2021-08-12,8938108.0,1326506.0,1678172.0,16586891.0,4227200.0,3375310000.0,4049000000.0,1531500.0,0.0,0.0,57900000.0,1655000000.0,642600.0,0.0
2021-08-13,28719444.0,2227756.0,2131396.0,46006289.0,5206300.0,3016470000.0,4061070000.0,1060200.0,0.0,0.0,55800000.0,1336200000.0,695600.0,0.0
2021-08-16,42835976.0,3524129.0,3834423.0,53163136.0,4958100.0,3370640000.0,3973920000.0,1143900.0,0.0,0.0,57200000.0,1648300000.0,,0.0
2021-08-17,52037948.0,1855485.0,2158233.0,50768230.0,4136900.0,3836960000.0,4168880000.0,1850700.0,0.0,0.0,49600000.0,2291300000.0,690800.0,0.0
2021-08-18,85849596.0,2701959.0,3474800.0,36328959.0,5284900.0,3755590000.0,3841840000.0,1879200.0,0.0,0.0,50100000.0,1756900000.0,622800.0,0.0
2021-08-19,105585004.0,5234158.0,4285857.0,48800414.0,5329700.0,4398410000.0,4191490000.0,2175600.0,0.0,0.0,65100000.0,2312900000.0,655600.0,0.0
2021-08-20,62649456.0,3881106.0,3135238.0,25374487.0,4562600.0,3652610000.0,3886340000.0,1798200.0,0.0,0.0,75800000.0,2855800000.0,672100.0,0.0
2021-08-23,23545608.0,1916148.0,2058561.0,14916106.0,4379900.0,3576530000.0,3906780000.0,2181000.0,0.0,0.0,56800000.0,2185000000.0,570400.0,0.0
2021-08-24,19796404.0,1185574.0,1407045.0,10134869.0,5515800.0,3979220000.0,3809750000.0,1662900.0,0.0,0.0,57100000.0,2052900000.0,586500.0,0.0
2021-08-25,27403636.0,1907653.0,1912588.0,10278137.0,4501500.0,3444700000.0,3654150000.0,2274300.0,0.0,0.0,51500000.0,1716400000.0,600400.0,0.0
2021-08-26,28349696.0,2418792.0,3652341.0,18484433.0,4595100.0,3263980000.0,3630900000.0,2284500.0,0.0,0.0,48500000.0,1834100000.0,727700.0,0.0
2021-08-27,66067832.0,1960221.0,3171908.0,9781711.0,4252800.0,3331200000.0,4048610000.0,2404500.0,0.0,0.0,49200000.0,1528000000.0,520700.0,0.0
2021-08-30,85414624.0,3549273.0,3226587.0,11421051.0,3860100.0,3168660000.0,4061760000.0,2519400.0,0.0,0.0,58600000.0,1995600000.0,602900.0,0.0
2021-08-31,64500216.0,2066349.0,3021997.0,15458355.0,4900300.0,4290710000.0,4188020000.0,2107800.0,0.0,0.0,75900000.0,2918100000.0,660500.0,0.0
2021-09-01,72891272.0,1619938.0,2275113.0,28245202.0,4520700.0,4057340000.0,4271690000.0,1632600.0,0.0,0.0,64800000.0,2181300000.0,746700.0,0.0
2021-09-02,27917864.0,1581941.0,2343493.0,29505045.0,4558000.0,3735990000.0,4050510000.0,1501500.0,0.0,0.0,60100000.0,2024300000.0,753900.0,0.0
2021-09-03,44336692.0,2504279.0,2692759.0,35464626.0,4494700.0,3217530000.0,3706990000.0,1356000.0,0.0,0.0,74900000.0,2549400000.0,638300.0,0.0
2021-09-06,55343340.0,3440200.0,3579060.0,33878434.0,5068400.0,,,,0.0,,68300000.0,1912500000.0,726200.0,
2021-09-07,32844564.0,1379624.0,2058473.0,14775760.0,4347400.0,3822960000.0,4014250000.0,1640700.0,0.0,0.0,75200000.0,1842200000.0,758700.0,0.0
2021-09-08,27915944.0,2231921.0,2775341.0,25438397.0,4088600.0,3750880000.0,4131560000.0,3087900.0,0.0,0.0,82500000.0,1861300000.0,858500.0,0.0
2021-09-09,12250292.0,1901827.0,1403624.0,9999029.0,3138500.0,3735390000.0,4031140000.0,3921000.0,0.0,0.0,78800000.0,2090800000.0,927400.0,0.0
2021-09-10,11929744.0,900299.0,1939608.0,14164274.0,3450400.0,3623180000.0,4587150000.0,2959200.0,0.0,0.0,88800000.0,2001300000.0,723100.0,0.0
2021-09-13,12939284.0,1102250.0,1218489.0,8791240.0,3675300.0,3914220000.0,4723370000.0,2835900.0,0.0,0.0,64600000.0,2315600000.0,731200.0,0.0
2021-09-14,9637564.0,848232.0,1218475.0,6884073.0,3725300.0,3670460000.0,4593140000.0,2581500.0,0.0,0.0,79100000.0,2399000000.0,712400.0,0.0
2021-09-15,47972592.0,1164446.0,1505213.0,10061341.0,3839700.0,4032020000.0,4465140000.0,3770400.0,0.0,0.0,68600000.0,2420900000.0,615200.0,0.0
2021-09-16,32048512.0,2619368.0,2769485.0,15829492.0,3781900.0,3984560000.0,3701500000.0,1655100.0,0.0,0.0,69900000.0,2499800000.0,612000.0,0.0
2021-09-17,15056364.0,1260508.0,1556376.0,10490653.0,4564600.0,7289530000.0,6709540000.0,2426700.0,0.0,0.0,97900000.0,3102300000.0,587500.0,0.0
2021-09-20,,,,,,4898070000.0,4879490000.0,3124800.0,0.0,0.0,,2651600000.0,,0.0
2021-09-21,,,,,,3920920000.0,4083010000.0,2214000.0,0.0,0.0,76300000.0,2079700000.0,,0.0
2021-09-22,95626476.0,5022797.0,3604813.0,41411039.0,4648700.0,3939170000.0,4252490000.0,1309200.0,0.0,0.0,69000000.0,,,0.0
2021-09-23,22950432.0,1538916.0,1712924.0,7083866.0,3706500.0,3916350000.0,4196130000.0,2407200.0,0.0,0.0,,2711900000.0,623000.0,0.0
2021-09-24,24728896.0,1409573.0,1392488.0,5332604.0,3963900.0,3384290000.0,3992150000.0,1191900.0,0.0,0.0,84600000.0,2014400000.0,752800.0,0.0
2021-09-27,46916492.0,2140618.0,2174528.0,11290784.0,4368100.0,4058650000.0,4650790000.0,1339800.0,0.0,0.0,74600000.0,2323600000.0,882600.0,0.0
2021-09-28,70802024.0,939828.0,1444473.0,9323220.0,3676400.0,4416550000.0,4989510000.0,5448000.0,0.0,0.0,89800000.0,2457900000.0,894100.0,0.0
2021-09-29,118838624.0,3204273.0,3650779.0,54446824.0,4613200.0,3712660000.0,5294600000.0,6776400.0,0.0,0.0,94700000.0,2150200000.0,820700.0,0.0
2021-09-30,66370156.0,2269238.0,1837958.0,27889161.0,4145900.0,4448140000.0,5950950000.0,4524900.0,0.0,0.0,99000000.0,1580400000.0,885400.0,0.0
2021-10-01,108369932.0,4682999.0,4488372.0,65508172.0,5034000.0,4010370000.0,4710720000.0,3114900.0,0.0,0.0,82200000.0,,854800.0,0.0
2021-10-04,93019620.0,4439657.0,2282172.0,26972386.0,4455400.0,4307870000.0,4557110000.0,4161900.0,0.0,0.0,76400000.0,1596300000.0,,0.0
2021-10-05,107861208.0,4732197.0,3596730.0,39540078.0,4344700.0,3902890000.0,4176390000.0,3156000.0,0.0,0.0,88200000.0,1717000000.0,839400.0,0.0
2021-10-06,88152372.0,4025338.0,3432100.0,25835854.0,3980200.0,4009630000.0,4465910000.0,3410700.0,0.0,0.0,100200000.0,1878700000.0,900500.0,0.0
2021-10-07,54266868.0,1309243.0,1777750.0,20782701.0,3979100.0,3843740000.0,3984180000.0,1913400.0,0.0,0.0,79600000.0,1764600000.0,594600.0,0.0
2021-10-08,30805556.0,1203004.0,990577.0,11821259.0,3630500.0,3280160000.0,3571380000.0,1672200.0,0.0,0.0,82700000.0,2359000000.0,668200.0,0.0
2021-10-11,,,,,,3281970000.0,3539540000.0,1532100.0,0.0,0.0,72300000.0,2114300000.0,,0.0
2021-10-12,44110052.0,2028021.0,1873680.0,24059434.0,3840700.0,3558450000.0,4063830000.0,3201900.0,0.0,0.0,66300000.0,1835300000.0,659600.0,0.0
2021-10-13,21732664.0,1501761.0,1171135.0,26433232.0,3780500.0,3620070000.0,4053580000.0,1756500.0,0.0,0.0,63900000.0,,751600.0,0.0
2021-10-14,13018476.0,750221.0,982650.0,14584037.0,3823900.0,3598280000.0,4262400000.0,2486100.0,0.0,0.0,64800000.0,,616600.0,0.0
2021-10-15,53612692.0,2092430.0,2166828.0,21535721.0,3616300.0,3819380000.0,4494440000.0,1639500.0,0.0,0.0,66300000.0,2345200000.0,857300.0,0.0
2021-10-18,21166076.0,1849762.0,2197814.0,16943828.0,4145800.0,3662010000.0,4167740000.0,1352700.0,0.0,0.0,62600000.0,1648000000.0,926000.0,0.0
2021-10-19,33879576.0,952383.0,1337163.0,15537064.0,3873500.0,3459130000.0,4483400000.0,1394100.0,0.0,0.0,57600000.0,1671200000.0,845400.0,0.0
2021-10-20,58064224.0,1073000.0,1353192.0,12629579.0,3633300.0,3670760000.0,4117050000.0,1261500.0,0.0,0.0,66100000.0,1823600000.0,679900.0,0.0
2021-10-21,52200656.0,1850080.0,1998901.0,14752734.0,4307800.0,3822330000.0,4961860000.0,1303200.0,0.0,0.0,59100000.0,2085100000.0,887000.0,0.0
2021-10-22,20749424.0,973313.0,1171203.0,10225658.0,3796200.0,3758220000.0,5775770000.0,3284400.0,0.0,0.0,60200000.0,1699600000.0,695000.0,0.0
2021-10-25,29361584.0,1595520.0,1370973.0,9545203.0,3360900.0,3899400000.0,5750200000.0,1684800.0,0.0,0.0,62700000.0,1455200000.0,791500.0,0.0
2021-10-26,42011924.0,2376903.0,2274371.0,25386496.0,3828200.0,3879740000.0,7173230000.0,1879200.0,0.0,0.0,72800000.0,1533500000.0,564100.0,0.0
2021-10-27,29550340.0,762865.0,1011311.0,20560934.0,3536400.0,4226050000.0,6130110000.0,3226200.0,0.0,0.0,70600000.0,1620800000.0,607500.0,0.0
2021-10-28,17775576.0,1281578.0,814988.0,10526378.0,4615900.0,4132950000.0,5714890000.0,3278100.0,0.0,0.0,142800000.0,2021100000.0,616900.0,0.0
2021-10-29,19783344.0,1219326.0,1361891.0,13930329.0,4554900.0,4510200000.0,5338290000.0,2135700.0,0.0,0.0,104500000.0,2051300000.0,545300.0,0.0
2021-11-01,12073852.0,844198.0,1212527.0,11894608.0,4505300.0,3971540000.0,5273950000.0,2547300.0,0.0,0.0,76700000.0,1586700000.0,475000.0,0.0
2021-11-02,15930308.0,1163863.0,2724895.0,18628317.0,5366000.0,3975250000.0,5129370000.0,2225400.0,0.0,0.0,71100000.0,1964600000.0,525400.0,0.0
2021-11-03,9295528.0,853699.0,1748110.0,8339369.0,4649400.0,4319660000.0,5325110000.0,2175000.0,0.0,0.0,,1690500000.0,658300.0,0.0
2021-11-04,10037280.0,1203375.0,3220250.0,10295086.0,4495000.0,4462300000.0,5297250000.0,4080900.0,0.0,0.0,90400000.0,1639500000.0,771700.0,0.0
2021-11-05,44980008.0,1792761.0,2454466.0,37655297.0,4755100.0,4467180000.0,5566400000.0,4534800.0,0.0,0.0,73500000.0,2020700000.0,687400.0,0.0
2021-11-08,29547192.0,2373564.0,3721802.0,15846497.0,5609900.0,4269710000.0,5723650000.0,2921400.0,0.0,0.0,68300000.0,1762600000.0,559600.0,0.0
2021-11-09,49103720.0,2702723.0,2846692.0,48050165.0,5480400.0,4117080000.0,5574660000.0,2722800.0,0.0,0.0,65000000.0,1154700000.0,707800.0,0.0
2021-11-10,21403752.0,1819869.0,2852712.0,17333143.0,5804300.0,4503720000.0,5369110000.0,3934200.0,0.0,0.0,63900000.0,1688100000.0,567300.0,0.0
2021-11-11,17749988.0,1739322.0,3060693.0,10265297.0,6146900.0,3926870000.0,4570460000.0,2283000.0,0.0,0.0,60600000.0,2001900000.0,571900.0,0.0
2021-11-12,22775288.0,1587372.0,4003214.0,39536116.0,5532600.0,3728600000.0,5446540000.0,1970400.0,0.0,0.0,68400000.0,1632100000.0,665000.0,0.0
2021-11-15,25918820.0,1497599.0,4756779.0,33470168.0,5366800.0,3488410000.0,5020180000.0,2318100.0,0.0,0.0,60400000.0,1155800000.0,638900.0,0.0
2021-11-16,22967136.0,2714308.0,12972866.0,21656366.0,6220100.0,3972640000.0,5533020000.0,2023200.0,0.0,0.0,62000000.0,1528800000.0,579000.0,0.0
2021-11-17,81202148.0,1439054.0,4162431.0,19602579.0,6399300.0,3969070000.0,5049320000.0,1575600.0,0.0,0.0,63900000.0,1193800000.0,540700.0,0.0
2021-11-18,23376840.0,867006.0,1867505.0,23433340.0,6803100.0,4226410000.0,5391360000.0,1997100.0,0.0,0.0,65400000.0,1342900000.0,541100.0,0.0
2021-11-19,23825376.0,1703315.0,4399847.0,23768054.0,6246900.0,4253180000.0,4875310000.0,3405900.0,0.0,0.0,65600000.0,1640400000.0,656300.0,0.0
2021-11-22,14822488.0,829436.0,2435198.0,13766362.0,4908200.0,4441100000.0,5567830000.0,4422600.0,0.0,0.0,58800000.0,1510400000.0,531000.0,0.0
2021-11-23,17951904.0,1856196.0,4087311.0,17008641.0,5002100.0,4277590000.0,5434380000.0,2422800.0,0.0,0.0,,1486300000.0,524200.0,0.0
2021-11-24,12176628.0,1215391.0,3662120.0,16044896.0,4917100.0,3418430000.0,4197090000.0,2117100.0,0.0,0.0,69500000.0,1791000000.0,556600.0,0.0
2021-11-25,9909604.0,876021.0,2002429.0,6446090.0,4708400.0,,,,0.0,,50700000.0,1188600000.0,595400.0,
2021-11-26,46647920.0,6029927.0,8274116.0,23859985.0,5676100.0,3517700000.0,3502170000.0,2448000.0,0.0,0.0,72900000.0,1804100000.0,594700.0,0.0
2021-11-29,44655660.0,3641683.0,5571533.0,17010714.0,4887500.0,4336410000.0,4836230000.0,2412300.0,0.0,0.0,85900000.0,1741000000.0,841700.0,0.0
2021-11-30,41102956.0,3859651.0,3064275.0,15076287.0,6132900.0,6625990000.0,6631470000.0,3264300.0,0.0,0.0,140700000.0,3344900000.0,982400.0,0.0
2021-12-01,16704276.0,1752387.0,2319396.0,21264545.0,4219800.0,5366730000.0,6320260000.0,3112500.0,0.0,0.0,80900000.0,2118600000.0,563100.0,0.0
2021-12-02,35537196.0,2071876.0,3070378.0,23748727.0,4988600.0,5077180000.0,5418340000.0,3124500.0,0.0,0.0,77400000.0,2328200000.0,533700.0,0.0
2021-12-03,19330520.0,1301500.0,2139623.0,10739141.0,4400000.0,5240070000.0,5900290000.0,2490900.0,0.0,0.0,71900000.0,2717900000.0,486100.0,0.0
2021-12-06,15418468.0,2250859.0,3134730.0,13444685.0,3850100.0,4770800000.0,5115230000.0,2091600.0,0.0,0.0,61700000.0,2357400000.0,479400.0,0.0
2021-12-07,12050156.0,1500158.0,2573707.0,9730514.0,5417700.0,4492400000.0,5116490000.0,2692200.0,0.0,0.0,78300000.0,2120300000.0,540900.0,0.0
2021-12-08,43552320.0,2150128.0,2341387.0,19373641.0,5272600.0,4234600000.0,4615390000.0,1666500.0,0.0,0.0,72000000.0,1778600000.0,487800.0,0.0
2021-12-09,18162644.0,1628135.0,1758969.0,5566726.0,5266100.0,3903840000.0,4515600000.0,1674000.0,0.0,0.0,54400000.0,1743300000.0,513000.0,0.0
2021-12-10,13121360.0,1071718.0,1401685.0,5692916.0,4629000.0,3870110000.0,4426210000.0,2020500.0,0.0,0.0,63400000.0,1413900000.0,451200.0,0.0
2021-12-13,18437204.0,1289867.0,1612888.0,6905016.0,4799000.0,4397230000.0,4573920000.0,2286600.0,0.0,0.0,53500000.0,1538100000.0,375400.0,0.0
2021-12-14,18753476.0,2193214.0,3815390.0,10000391.0,4871000.0,4485430000.0,4865990000.0,2888100.0,0.0,0.0,55200000.0,1553600000.0,581200.0,0.0
2021-12-15,39734372.0,1736057.0,2328799.0,6524493.0,3773800.0,4910130000.0,5343920000.0,2344200.0,0.0,0.0,55900000.0,1597100000.0,432500.0,0.0
2021-12-16,22468220.0,2304454.0,2180193.0,14396518.0,4322400.0,4829500000.0,4906480000.0,2797800.0,0.0,0.0,60300000.0,1499000000.0,402400.0,0.0
2021-12-17,19549972.0,1313076.0,1289016.0,7379601.0,5154400.0,7987090000.0,7668770000.0,2702100.0,0.0,0.0,84400000.0,2188700000.0,451400.0,0.0
2021-12-20,17373652.0,1760367.0,2046871.0,9599737.0,3798200.0,4635700000.0,4602640000.0,2145900.0,0.0,0.0,65200000.0,1681600000.0,377100.0,0.0
2021-12-21,26402952.0,1491314.0,1981184.0,13845443.0,3555900.0,4072430000.0,4581720000.0,1624200.0,0.0,0.0,55800000.0,1651200000.0,410500.0,0.0
2021-12-22,16285780.0,1167500.0,1056642.0,10902336.0,3538900.0,3319610000.0,4107900000.0,2134800.0,0.0,0.0,44700000.0,1230800000.0,461400.0,0.0
2021-12-23,55705360.0,1868041.0,2926127.0,21484041.0,3851000.0,2913040000.0,3935010000.0,2100300.0,0.0,0.0,43600000.0,1387900000.0,483300.0,0.0
2021-12-24,50101524.0,2384082.0,2627200.0,19749149.0,3834800.0,,,,0.0,,35900000.0,622900000.0,537500.0,
2021-12-27,26048796.0,2579489.0,2256411.0,22401464.0,3701200.0,2770290000.0,3743920000.0,2503500.0,0.0,0.0,37500000.0,,475000.0,0.0
2021-12-28,89823980.0,2550774.0,2535299.0,18233906.0,3899900.0,2707920000.0,3648500000.0,1974900.0,0.0,0.0,47000000.0,1433000000.0,607000.0,0.0
2021-12-29,90088896.0,2213453.0,2439055.0,19434272.0,3983900.0,2963310000.0,3714380000.0,1254900.0,0.0,0.0,44700000.0,828400000.0,545800.0,0.0
2021-12-30,24985712.0,1645356.0,1436760.0,10266952.0,4082900.0,3124950000.0,3750920000.0,1361700.0,0.0,0.0,40400000.0,1008400000.0,460600.0,0.0
2021-12-31,,,,,,2677820000.0,3392580000.0,1217400.0,0.0,0.0,,675900000.0,,0.0
2022-01-03,27136808.0,2093833.0,2910947.0,16699079.0,4309600.0,3831020000.0,4429960000.0,1699800.0,0.0,0.0,,734300000.0,,0.0
2022-01-04,38537760.0,2950756.0,4589548.0,21922361.0,4231400.0,4683170000.0,5131110000.0,3504600.0,0.0,0.0,66000000.0,1760100000.0,621200.0,0.0
2022-01-05,45626404.0,15319606.0,6309443.0,24194974.0,4261600.0,4887960000.0,5031850000.0,3751800.0,0.0,0.0,78600000.0,2768900000.0,786900.0,0.0
2022-01-06,34484932.0,4551463.0,3947841.0,33882398.0,3411400.0,4295280000.0,4790820000.0,2934300.0,0.0,0.0,71600000.0,1765800000.0,785500.0,0.0
2022-01-07,27956496.0,3765252.0,3971382.0,36555282.0,4727900.0,4181510000.0,4238070000.0,2284500.0,0.0,0.0,75200000.0,2602300000.0,545800.0,0.0
2022-01-10,62807884.0,2041497.0,3635053.0,21490779.0,3440300.0,4511810000.0,5317180000.0,5377500.0,0.0,0.0,,2544900000.0,477000.0,0.0
2022-01-11,71021608.0,4138632.0,5057937.0,21546448.0,4694000.0,4101590000.0,4390710000.0,3157200.0,0.0,0.0,73700000.0,2331500000.0,565800.0,0.0
2022-01-12,40619208.0,2104664.0,4213571.0,15537522.0,4196200.0,4048220000.0,4338530000.0,3571500.0,0.0,0.0,72500000.0,2489500000.0,519000.0,0.0
2022-01-13,29812384.0,2225677.0,5152185.0,19454879.0,4599500.0,4251730000.0,4302020000.0,3268800.0,0.0,0.0,69900000.0,2160500000.0,604600.0,0.0
2022-01-14,40446116.0,4410378.0,6452602.0,35490218.0,4559700.0,4338490000.0,4374020000.0,3401700.0,0.0,0.0,82100000.0,1840000000.0,532300.0,0.0
2022-01-17,27711192.0,3436807.0,4721228.0,28932126.0,3172100.0,,,,0.0,,54500000.0,1633500000.0,592900.0,
2022-01-18,57660460.0,3377008.0,5740129.0,51859847.0,3163500.0,4748700000.0,5060790000.0,7686000.0,0.0,0.0,71300000.0,1638900000.0,553700.0,0.0
2022-01-19,58657148.0,3415565.0,3720098.0,32885789.0,3422100.0,4465740000.0,4665340000.0,9931800.0,0.0,0.0,84300000.0,1729900000.0,463400.0,0.0
2022-01-20,65053388.0,1886897.0,2909750.0,26337488.0,3209300.0,4640870000.0,5102050000.0,8349900.0,0.0,0.0,74000000.0,2531400000.0,395400.0,0.0
2022-01-21,119510380.0,4862117.0,5318106.0,45502978.0,4160500.0,5589100000.0,5870830000.0,13946100.0,0.0,0.0,72700000.0,2370100000.0,532500.0,0.0
2022-01-24,52641948.0,2680815.0,3514831.0,25951241.0,3586500.0,6928110000.0,6998770000.0,15465300.0,0.0,0.0,61000000.0,1871500000.0,473600.0,0.0
2022-01-25,96087792.0,4865673.0,6262749.0,37107009.0,3506500.0,5145050000.0,5019380000.0,10710300.0,0.0,0.0,77000000.0,2183400000.0,639400.0,0.0
2022-01-26,71003288.0,8960906.0,4177464.0,28523418.0,2897700.0,5570640000.0,5771140000.0,8508000.0,0.0,0.0,60500000.0,1959600000.0,471800.0,0.0
2022-01-27,,,,,,5214200000.0,5177380000.0,8400900.0,0.0,0.0,88700000.0,1846800000.0,487100.0,0.0
2022-01-28,,,,,,5031090000.0,4971930000.0,7173000.0,0.0,0.0,76000000.0,1777200000.0,433700.0,0.0
2022-01-31,,,,,,5098610000.0,5124940000.0,7846800.0,0.0,0.0,78300000.0,995500000.0,,0.0
2022-02-01,,,,,,4816830000.0,4671850000.0,4068900.0,0.0,0.0,81100000.0,,,0.0
2022-02-02,,,,,,4481580000.0,4673140000.0,5229000.0,0.0,0.0,85200000.0,,,0.0
2022-02-03,,,,,,4401970000.0,4326300000.0,6506400.0,0.0,0.0,81100000.0,,435300.0,0.0
2022-02-04,,,,,,4706290000.0,4121340000.0,5061300.0,0.0,0.0,79600000.0,1832900000.0,535900.0,0.0
2022-02-07,96090320.0,5595862.0,3690626.0,28841728.0,0.0,4228480000.0,4268730000.0,3501900.0,0.0,0.0,77100000.0,2538100000.0,417600.0,0.0
2022-02-08,44340368.0,2642122.0,2297527.0,18276575.0,4040800.0,4459620000.0,4293770000.0,2941200.0,0.0,0.0,76600000.0,2294900000.0,559600.0,0.0
2022-02-09,32243600.0,1839177.0,1903742.0,17199227.0,3901200.0,4524350000.0,4729730000.0,5061000.0,0.0,0.0,93500000.0,2511100000.0,538700.0,0.0
2022-02-10,24016868.0,1454739.0,2108450.0,12553309.0,3618700.0,5314860000.0,5212510000.0,4614000.0,0.0,0.0,82900000.0,2097900000.0,509300.0,0.0
2022-02-11,17259684.0,1229566.0,1799684.0,14660309.0,3541200.0,5251500000.0,5237320000.0,7881900.0,0.0,0.0,,2514700000.0,480300.0,0.0
2022-02-14,47456160.0,2997069.0,2938895.0,37144655.0,3594200.0,4600390000.0,4347350000.0,5697300.0,0.0,0.0,79800000.0,1978800000.0,616000.0,0.0
2022-02-15,29444908.0,2229892.0,1925304.0,27246826.0,3611800.0,4430830000.0,4416840000.0,4881000.0,0.0,0.0,76200000.0,2625900000.0,588700.0,0.0
2022-02-16,26800172.0,2632770.0,2506796.0,14858447.0,3822800.0,4283640000.0,4238560000.0,2713200.0,0.0,0.0,64100000.0,1815200000.0,422100.0,0.0
2022-02-17,19763216.0,1596022.0,1681466.0,14580982.0,5115800.0,4539420000.0,4278370000.0,6003000.0,0.0,0.0,67800000.0,1566200000.0,611000.0,0.0
2022-02-18,15468844.0,1102201.0,1197279.0,10818634.0,4870600.0,4708060000.0,4501940000.0,5866200.0,0.0,0.0,63500000.0,1677800000.0,512900.0,0.0
2022-02-21,18011756.0,1237169.0,1421758.0,11112693.0,4487800.0,,,,0.0,,52900000.0,1618300000.0,495000.0,
2022-02-22,74872596.0,5716973.0,3412251.0,39599068.0,5056200.0,5121900000.0,4849170000.0,8370000.0,0.0,0.0,67300000.0,2057600000.0,648100.0,0.0
2022-02-23,17635428.0,1784673.0,1545618.0,11366655.0,3709000.0,4797430000.0,4639330000.0,6525600.0,0.0,0.0,,1416000000.0,537700.0,0.0
2022-02-24,117813808.0,10060846.0,5538036.0,49752781.0,6003200.0,6752130000.0,6180200000.0,8669100.0,0.0,0.0,93500000.0,2997700000.0,925900.0,0.0
2022-02-25,90309080.0,6105172.0,3151720.0,28576733.0,5029500.0,5177060000.0,4628720000.0,7065000.0,0.0,0.0,77600000.0,2524300000.0,664100.0,0.0
2022-02-28,,,,,,6071370000.0,5928130000.0,4359300.0,0.0,0.0,91100000.0,2833800000.0,613300.0,0.0
2022-03-01,32958060.0,4317516.0,2874658.0,16565229.0,4576900.0,5846230000.0,6131350000.0,4265700.0,0.0,0.0,74000000.0,1796000000.0,,0.0
2022-03-02,24524616.0,2079058.0,1600114.0,15900323.0,4013600.0,5337870000.0,5246390000.0,2850600.0,0.0,0.0,87700000.0,2227900000.0,527800.0,0.0
2022-03-03,17755472.0,1596148.0,1279833.0,11420297.0,4006800.0,5039890000.0,5092580000.0,4177800.0,0.0,0.0,74800000.0,1937700000.0,614300.0,0.0
2022-03-04,50396708.0,5320416.0,2442710.0,26669820.0,4422400.0,5797380000.0,5343900000.0,4443300.0,0.0,0.0,93500000.0,2438200000.0,765300.0,0.0
2022-03-07,208177676.0,13284933.0,10023757.0,79565100.0,5833800.0,6940470000.0,6195370000.0,5869200.0,0.0,0.0,105400000.0,3322900000.0,571300.0,0.0
2022-03-08,167283432.0,14740259.0,8189966.0,84704021.0,5875900.0,7243120000.0,6683960000.0,7909500.0,0.0,0.0,114700000.0,3232000000.0,540100.0,0.0
2022-03-09,83526340.0,5163842.0,2350588.0,34004841.0,3963600.0,5662670000.0,5396550000.0,4699800.0,0.0,0.0,91500000.0,3674600000.0,,0.0
2022-03-10,57746092.0,3687947.0,1956000.0,21301904.0,4493300.0,4980830000.0,5071250000.0,4805700.0,0.0,0.0,95200000.0,2694300000.0,613500.0,0.0
2022-03-11,42419380.0,3026901.0,2283964.0,22484034.0,3114900.0,4938640000.0,5288210000.0,6524400.0,0.0,0.0,89600000.0,3020000000.0,796500.0,0.0
2022-03-14,34346608.0,3859396.0,2037428.0,27594912.0,3432300.0,5574920000.0,5876710000.0,5683800.0,0.0,0.0,72600000.0,4096100000.0,635900.0,0.0
2022-03-15,94122712.0,7232312.0,3670321.0,72308859.0,4138100.0,5392470000.0,5440100000.0,3980400.0,0.0,0.0,73200000.0,6012800000.0,603700.0,0.0
2022-03-16,75954080.0,6275801.0,3879431.0,38739415.0,4846600.0,6309750000.0,6552210000.0,4868700.0,0.0,0.0,82300000.0,5501100000.0,736000.0,0.0
2022-03-17,56006192.0,3456415.0,2821611.0,27354669.0,5028900.0,4985090000.0,5612090000.0,4133100.0,0.0,0.0,89600000.0,4826200000.0,545500.0,0.0
2022-03-18,50581376.0,1652556.0,2302410.0,15277596.0,4984000.0,8278430000.0,8149290000.0,5004600.0,0.0,0.0,108200000.0,4590500000.0,643500.0,0.0
2022-03-21,30873588.0,2592543.0,1981850.0,12589402.0,3703600.0,4869820000.0,5673940000.0,4801500.0,0.0,0.0,,2340000000.0,502000.0,0.0
2022-03-22,24184288.0,2284373.0,1079622.0,11475625.0,3448800.0,4754840000.0,5445100000.0,2886600.0,0.0,0.0,98000000.0,2590400000.0,489100.0,0.0
2022-03-23,41079752.0,2472632.0,2069647.0,11890771.0,3950500.0,4550670000.0,5024230000.0,3530400.0,0.0,0.0,88200000.0,2835700000.0,883000.0,0.0
2022-03-24,17108564.0,1097391.0,1434684.0,14474763.0,3883600.0,4131390000.0,5149520000.0,5002500.0,0.0,0.0,71600000.0,2404800000.0,959600.0,0.0
2022-03-25,19496792.0,1381870.0,1292465.0,12544295.0,3872300.0,4305020000.0,5585100000.0,3103200.0,0.0,0.0,67400000.0,2358200000.0,599800.0,0.0
2022-03-28,42024708.0,4515881.0,3961844.0,19169626.0,3202100.0,4312260000.0,5129500000.0,2735700.0,0.0,0.0,65300000.0,2200300000.0,768000.0,0.0
2022-03-29,25774216.0,1117692.0,1263134.0,17598906.0,3429900.0,5085910000.0,6060890000.0,3093600.0,0.0,0.0,77700000.0,2259300000.0,726700.0,0.0
2022-03-30,32665068.0,1935365.0,1378598.0,12482613.0,3739000.0,4385570000.0,5479200000.0,3269100.0,0.0,0.0,83400000.0,2729600000.0,837800.0,0.0
2022-03-31,14238552.0,1083473.0,1719975.0,10313814.0,3422500.0,4823020000.0,5453890000.0,3369300.0,0.0,0.0,78600000.0,2226300000.0,1029500.0,0.0
2022-04-01,30795024.0,1457603.0,1390200.0,23634404.0,3396600.0,4562940000.0,5002790000.0,5391900.0,0.0,0.0,66800000.0,1937500000.0,1305000.0,0.0
2022-04-04,,,,,,4547350000.0,4630100000.0,2705100.0,0.0,0.0,50300000.0,1868100000.0,1022500.0,0.0
2022-04-05,,,,,,4800620000.0,4727710000.0,4054800.0,0.0,0.0,64300000.0,,1605600.0,0.0
2022-04-06,46251656.0,3995293.0,2838376.0,39381152.0,4241200.0,4986830000.0,5360420000.0,4836900.0,0.0,0.0,68700000.0,2749800000.0,1321300.0,0.0
2022-04-07,58991464.0,4444195.0,2342993.0,63807456.0,4863100.0,4821490000.0,4856090000.0,3511800.0,0.0,0.0,71100000.0,2079000000.0,998200.0,0.0
2022-04-08,35768872.0,2390580.0,1466414.0,63835154.0,3538700.0,4083200000.0,4574080000.0,4500300.0,0.0,0.0,78100000.0,1739900000.0,948000.0,0.0
2022-04-11,66837660.0,4491163.0,2579101.0,86653886.0,4584600.0,4266290000.0,4946680000.0,4291800.0,0.0,0.0,73500000.0,2104900000.0,742100.0,0.0
2022-04-12,56875520.0,3956666.0,2928588.0,37519749.0,4100800.0,4152090000.0,4991720000.0,5894700.0,0.0,0.0,75300000.0,2045300000.0,870000.0,0.0
2022-04-13,28186852.0,2093500.0,1572038.0,23734759.0,4058700.0,3828150000.0,4909720000.0,3309000.0,0.0,0.0,71600000.0,1696900000.0,732000.0,0.0
2022-04-14,19791976.0,1352356.0,1305217.0,19612907.0,4429600.0,4083090000.0,4642240000.0,5903400.0,0.0,0.0,61800000.0,1719400000.0,664800.0,0.0
2022-04-15,82769516.0,3892112.0,2313949.0,52622210.0,4078400.0,,,,0.0,,51500000.0,,693700.0,
2022-04-18,71848084.0,5593854.0,4509967.0,21759097.0,4020900.0,3910490000.0,4365230000.0,3630300.0,0.0,0.0,48300000.0,,1024600.0,0.0
2022-04-19,36238036.0,1545301.0,1320745.0,15557830.0,3514900.0,4108120000.0,4562840000.0,3036600.0,0.0,0.0,60500000.0,2240100000.0,1256100.0,0.0
2022-04-20,27048540.0,1858925.0,935048.0,18727411.0,4801300.0,4290450000.0,4678930000.0,3826200.0,0.0,0.0,72300000.0,1876400000.0,1735700.0,0.0
2022-04-21,15936376.0,1382269.0,899676.0,15128002.0,3952000.0,4636890000.0,5233110000.0,3600300.0,0.0,0.0,62300000.0,2226200000.0,1002600.0,0.0
2022-04-22,44801348.0,2898893.0,2566225.0,38364815.0,4322500.0,4651940000.0,4475090000.0,4569000.0,0.0,0.0,58500000.0,2351300000.0,1239400.0,0.0
2022-04-25,128851880.0,7214535.0,4007853.0,45750437.0,4528800.0,5240040000.0,4845160000.0,6353700.0,0.0,0.0,62700000.0,2912300000.0,1017600.0,0.0
2022-04-26,37409408.0,4498522.0,2537784.0,19944652.0,3941900.0,4689970000.0,5168160000.0,5844000.0,0.0,0.0,64300000.0,2565700000.0,889600.0,0.0
2022-04-27,114986256.0,7343083.0,4650995.0,56795283.0,4261400.0,4769680000.0,4810720000.0,4350300.0,0.0,0.0,97300000.0,2361000000.0,1071800.0,0.0
2022-04-28,46171364.0,3175299.0,1797773.0,22160850.0,3635500.0,4854180000.0,5067150000.0,4923300.0,0.0,0.0,86700000.0,2255700000.0,898900.0,0.0
2022-04-29,47537724.0,5668334.0,1540998.0,15681160.0,3416300.0,5084030000.0,4733070000.0,4188300.0,0.0,0.0,,2727100000.0,975000.0,0.0
2022-05-02,,,,,,5163790000.0,4918240000.0,4635300.0,0.0,0.0,74500000.0,,873400.0,0.0
2022-05-03,25125076.0,3105284.0,2188048.0,11917799.0,2457700.0,4582050000.0,4547280000.0,2300100.0,0.0,0.0,,1741700000.0,883100.0,0.0
2022-05-04,39598772.0,2239802.0,1045347.0,7088925.0,2630000.0,5136360000.0,5498050000.0,4259400.0,0.0,0.0,,1139900000.0,1180500.0,0.0
2022-05-05,24902416.0,1696513.0,1245868.0,11647635.0,3215900.0,5077030000.0,5308920000.0,4597200.0,0.0,0.0,,1827100000.0,,0.0
2022-05-06,68203532.0,5288697.0,4018969.0,16741969.0,3186200.0,5116940000.0,5324480000.0,3950400.0,0.0,0.0,98500000.0,2110600000.0,1333600.0,0.0
2022-05-09,51720992.0,4062824.0,3756859.0,17793695.0,3742000.0,5954520000.0,5939140000.0,5058600.0,0.0,0.0,79500000.0,,,0.0
2022-05-10,55376572.0,5133457.0,3062706.0,24676599.0,3489400.0,5885820000.0,6218260000.0,4476600.0,0.0,0.0,80800000.0,2785700000.0,840900.0,0.0
2022-05-11,32199604.0,1975288.0,1752921.0,11217232.0,2938300.0,5816140000.0,6152370000.0,5066100.0,0.0,0.0,85900000.0,1958400000.0,679300.0,0.0
2022-05-12,47755260.0,5309459.0,2865514.0,25560421.0,4040900.0,6286450000.0,6679470000.0,5345100.0,0.0,0.0,91200000.0,2273600000.0,899900.0,0.0
2022-05-13,28106200.0,1961825.0,2646011.0,14322606.0,3216400.0,5183340000.0,5894020000.0,4724400.0,0.0,0.0,103800000.0,2075300000.0,788300.0,0.0
2022-05-16,22904664.0,3365046.0,3003572.0,13798892.0,3298100.0,4415030000.0,4930250000.0,2372400.0,0.0,0.0,87000000.0,1796400000.0,780000.0,0.0
2022-05-17,16662204.0,1461539.0,1105269.0,9408360.0,2799500.0,4841410000.0,5093960000.0,3193200.0,0.0,0.0,78900000.0,2207400000.0,873000.0,0.0
2022-05-18,25266444.0,2191831.0,1759233.0,13217138.0,3405600.0,5103220000.0,5064120000.0,3581100.0,0.0,0.0,74700000.0,1946000000.0,869300.0,0.0
2022-05-19,29033480.0,2660150.0,1613770.0,14627319.0,3423100.0,5113550000.0,5154410000.0,3303300.0,0.0,0.0,74500000.0,2120900000.0,676900.0,0.0
2022-05-20,14661664.0,976751.0,1107707.0,8299844.0,2836000.0,5130730000.0,5434370000.0,4083900.0,0.0,0.0,76300000.0,2173100000.0,752400.0,0.0
2022-05-23,10715572.0,1341683.0,1080697.0,8795330.0,3295600.0,4420030000.0,4552200000.0,3639300.0,0.0,0.0,65000000.0,1696100000.0,641900.0,0.0
2022-05-24,20276748.0,1188139.0,1398038.0,10156456.0,2961400.0,4923190000.0,4724430000.0,2865600.0,0.0,0.0,67400000.0,1825200000.0,850700.0,0.0
2022-05-25,10270292.0,1008173.0,1325264.0,8673750.0,3107300.0,4802560000.0,4519690000.0,2512500.0,0.0,0.0,72300000.0,2097500000.0,710200.0,0.0
2022-05-26,23219872.0,3005872.0,2679492.0,8853643.0,3062100.0,4709970000.0,4672620000.0,2966700.0,0.0,0.0,64500000.0,1855500000.0,595300.0,0.0
2022-05-27,46801572.0,1244962.0,1682238.0,9986751.0,2951400.0,4375620000.0,4793900000.0,3165600.0,0.0,0.0,69300000.0,2565800000.0,590500.0,0.0
2022-05-30,58170520.0,1701364.0,1319579.0,16758385.0,3342400.0,,,,0.0,,97000000.0,2609300000.0,469300.0,
2022-05-31,28102668.0,1901332.0,1581685.0,16036657.0,5523600.0,6822640000.0,6045500000.0,2807100.0,0.0,0.0,141800000.0,3919100000.0,670700.0,0.0
2022-06-01,25626728.0,2793278.0,1768672.0,14321290.0,3097600.0,4531800000.0,4719900000.0,2466000.0,0.0,0.0,75800000.0,2073500000.0,,0.0
2022-06-02,17718612.0,1561810.0,815384.0,7112005.0,2638200.0,4405790000.0,4445840000.0,2005800.0,0.0,0.0,63600000.0,1816100000.0,524900.0,0.0
2022-06-03,,,,,,3711110000.0,4130040000.0,2065500.0,0.0,0.0,63700000.0,,562200.0,0.0
2022-06-06,16111300.0,2852729.0,2569157.0,9144971.0,2873700.0,4332700000.0,4647010000.0,2241900.0,0.0,0.0,56800000.0,2244700000.0,,0.0
2022-06-07,19365760.0,1966573.0,1890912.0,10846465.0,2437900.0,4248210000.0,4411240000.0,1866600.0,0.0,0.0,68300000.0,2145400000.0,524300.0,0.0
2022-06-08,15916200.0,1386963.0,873852.0,9549620.0,2409700.0,4159470000.0,4708980000.0,3396000.0,0.0,0.0,78700000.0,2943000000.0,576000.0,0.0
2022-06-09,7709100.0,702958.0,959469.0,7045470.0,2366400.0,4134170000.0,5408460000.0,2517000.0,0.0,0.0,80300000.0,2544500000.0,814500.0,0.0
2022-06-10,16998412.0,1337370.0,1091055.0,6131951.0,2373300.0,4889640000.0,5152020000.0,3599100.0,0.0,0.0,79700000.0,2686100000.0,723800.0,0.0
2022-06-13,67467100.0,3531769.0,2717360.0,18883861.0,3106700.0,5636890000.0,5937320000.0,4042800.0,0.0,0.0,71400000.0,2607000000.0,659800.0,0.0
2022-06-14,47559120.0,2948502.0,2581200.0,11536070.0,3086200.0,5153890000.0,4819890000.0,2831100.0,0.0,0.0,75000000.0,1965900000.0,671200.0,0.0
2022-06-15,35393308.0,2372968.0,2226392.0,10230829.0,2967000.0,5530480000.0,5368500000.0,3811200.0,0.0,0.0,72700000.0,2301300000.0,713800.0,0.0
2022-06-16,51071688.0,3865806.0,2817115.0,10472855.0,3636900.0,5644930000.0,5696630000.0,3921300.0,0.0,0.0,67800000.0,2341100000.0,583800.0,0.0
2022-06-17,78686220.0,4926310.0,3542042.0,35064988.0,4373500.0,8520740000.0,7452830000.0,3400200.0,0.0,0.0,115200000.0,3097500000.0,634200.0,0.0
2022-06-20,42257108.0,5090993.0,3200707.0,21021779.0,3998700.0,,,,0.0,,72200000.0,2085200000.0,592100.0,
2022-06-21,25930500.0,1793635.0,1740472.0,10910381.0,3553500.0,5292260000.0,5226260000.0,2830200.0,0.0,0.0,65400000.0,2133400000.0,479400.0,0.0
2022-06-22,60435976.0,3436344.0,1958794.0,26756020.0,3950300.0,5058990000.0,5238180000.0,4106700.0,0.0,0.0,66400000.0,2470600000.0,531800.0,0.0
2022-06-23,67491772.0,5166733.0,3034579.0,34123689.0,3916600.0,5098640000.0,5258200000.0,2178900.0,0.0,0.0,65700000.0,2007300000.0,749200.0,0.0
2022-06-24,43073528.0,1675871.0,1609254.0,10812856.0,3081400.0,8120260000.0,9468130000.0,3783600.0,0.0,0.0,72600000.0,2410800000.0,654100.0,0.0
2022-06-27,66723816.0,3156555.0,2433332.0,11944345.0,3120800.0,4325310000.0,5047860000.0,2497500.0,0.0,0.0,65800000.0,2994700000.0,509700.0,0.0
2022-06-28,43233840.0,1402489.0,1081926.0,7437946.0,3094700.0,4270120000.0,5433220000.0,3039900.0,0.0,0.0,73400000.0,2874000000.0,564700.0,0.0
2022-06-29,25087984.0,2101057.0,1142679.0,10288497.0,3239700.0,4211240000.0,5650860000.0,3393600.0,0.0,0.0,101100000.0,2834500000.0,422100.0,0.0
2022-06-30,81720980.0,5206626.0,2746912.0,24473881.0,3673000.0,4840070000.0,5654520000.0,3285600.0,0.0,0.0,86100000.0,2822700000.0,515000.0,0.0
2022-07-01,138878240.0,8955710.0,5580120.0,43476030.0,4290300.0,4046950000.0,4865730000.0,3875100.0,0.0,0.0,81700000.0,,530100.0,0.0
2022-07-04,105770848.0,6096636.0,5480907.0,30010933.0,3244400.0,,,,0.0,,68700000.0,2203700000.0,467700.0,
2022-07-05,64857832.0,5744913.0,5242270.0,18913936.0,3468200.0,5076590000.0,5053570000.0,3391200.0,0.0,0.0,62800000.0,2143800000.0,323600.0,0.0
2022-07-06,62447924.0,4941441.0,4080530.0,15910589.0,3688700.0,4417720000.0,4851170000.0,2672100.0,0.0,0.0,89700000.0,2886400000.0,410600.0,0.0
2022-07-07,53732760.0,2348584.0,2901671.0,19002296.0,3460100.0,4057770000.0,4685050000.0,2866200.0,0.0,0.0,80700000.0,1744600000.0,340000.0,0.0
2022-07-08,40711428.0,2783636.0,2377936.0,13860518.0,3508600.0,3521620000.0,4526570000.0,2334000.0,0.0,0.0,89300000.0,1565400000.0,411200.0,0.0
2022-07-11,30291812.0,1826091.0,1518388.0,9204859.0,2620100.0,3423480000.0,4362910000.0,2490000.0,0.0,0.0,68500000.0,1693900000.0,376900.0,0.0
2022-07-12,44533776.0,2654584.0,2228287.0,13171559.0,3120000.0,3817210000.0,4317860000.0,4494300.0,0.0,0.0,64400000.0,1745200000.0,379000.0,0.0
2022-07-13,99299588.0,4409508.0,2512848.0,22017641.0,3342700.0,4109390000.0,4433060000.0,3564600.0,0.0,0.0,54100000.0,2057000000.0,308400.0,0.0
2022-07-14,59001712.0,3845825.0,1983021.0,7758368.0,2947600.0,4199690000.0,4481070000.0,3186900.0,0.0,0.0,60600000.0,2371200000.0,348900.0,0.0
2022-07-15,74221248.0,3997318.0,3752254.0,13099242.0,3025600.0,4143800000.0,4369060000.0,2984100.0,0.0,0.0,65500000.0,2526000000.0,319300.0,0.0
2022-07-18,88829376.0,5331895.0,4738488.0,9073112.0,3117300.0,4046870000.0,5057920000.0,2959200.0,0.0,0.0,,2053600000.0,324100.0,0.0
2022-07-19,53005460.0,2559332.0,2269114.0,8169334.0,2964100.0,4041070000.0,5302740000.0,3116700.0,0.0,0.0,59400000.0,1287500000.0,339200.0,0.0
2022-07-20,67345152.0,2317543.0,1715020.0,14705872.0,3539900.0,4185300000.0,5467080000.0,4845300.0,0.0,0.0,66700000.0,1405300000.0,333000.0,0.0
2022-07-21,35213080.0,1601690.0,1201463.0,12992415.0,3418100.0,4132790000.0,4680930000.0,2753400.0,0.0,0.0,56700000.0,1760400000.0,295500.0,0.0
2022-07-22,62459656.0,2022151.0,1401074.0,12369698.0,3674900.0,3979240000.0,4721880000.0,4548000.0,0.0,0.0,60100000.0,1327700000.0,381400.0,0.0
2022-07-25,42173440.0,1896969.0,932065.0,5654825.0,2629600.0,3568340000.0,4346520000.0,2862900.0,0.0,0.0,46500000.0,1377200000.0,322900.0,0.0
2022-07-26,50495728.0,3525656.0,4430239.0,8149884.0,2617400.0,3778950000.0,4349760000.0,2510400.0,0.0,0.0,50000000.0,1701200000.0,415100.0,0.0
2022-07-27,31668200.0,1464070.0,2684494.0,7205509.0,2569700.0,4112180000.0,4588480000.0,3214200.0,0.0,0.0,51100000.0,1729900000.0,333400.0,0.0
2022-07-28,33228832.0,2188270.0,1624762.0,8056850.0,2911200.0,4413000000.0,4924950000.0,3532200.0,0.0,0.0,83500000.0,1965200000.0,490900.0,0.0
2022-07-29,32121328.0,2126976.0,1533208.0,6572195.0,3117200.0,4616360000.0,4907410000.0,3840900.0,0.0,0.0,79300000.0,2181700000.0,499000.0,0.0
2022-08-01,38018536.0,2182787.0,1904445.0,7038630.0,2658300.0,4202810000.0,4396390000.0,3812100.0,0.0,0.0,71900000.0,1970700000.0,487000.0,0.0
2022-08-02,70777800.0,4565308.0,3613009.0,13470523.0,3161000.0,4727710000.0,4792140000.0,2124900.0,0.0,0.0,71800000.0,2291200000.0,549800.0,0.0
2022-08-03,31360808.0,2109711.0,2378104.0,8862914.0,2649100.0,4351760000.0,5667990000.0,2860800.0,0.0,0.0,72300000.0,1789700000.0,475200.0,0.0
2022-08-04,27397668.0,2375534.0,2115419.0,12106631.0,2766400.0,4283320000.0,5451470000.0,1919100.0,0.0,0.0,83100000.0,1924400000.0,398500.0,0.0
2022-08-05,37238236.0,2298218.0,1332062.0,13251824.0,2749400.0,4085940000.0,4911300000.0,3279900.0,0.0,0.0,71300000.0,1635400000.0,409400.0,0.0
2022-08-08,34765628.0,3388605.0,2737608.0,7981129.0,2558700.0,4221090000.0,5238600000.0,3061200.0,0.0,0.0,66100000.0,1376900000.0,418100.0,0.0
2022-08-09,31536632.0,2760711.0,1080301.0,7384106.0,2854300.0,3913090000.0,5307340000.0,4368900.0,0.0,0.0,64900000.0,1497200000.0,454200.0,0.0
2022-08-10,28891416.0,1943364.0,840133.0,8357553.0,2863700.0,4546010000.0,5196210000.0,3456000.0,0.0,0.0,59900000.0,1730300000.0,479300.0,0.0
2022-08-11,42912384.0,2604130.0,1649401.0,8276930.0,3417400.0,4630200000.0,5815960000.0,2403900.0,0.0,0.0,,1600800000.0,505100.0,0.0
2022-08-12,33697348.0,2061529.0,911140.0,9119881.0,2921300.0,3788010000.0,4782610000.0,2049600.0,0.0,0.0,89600000.0,1567900000.0,445100.0,0.0
2022-08-15,38189448.0,2651737.0,1276423.0,12864305.0,3136600.0,3696830000.0,4476040000.0,1325100.0,0.0,0.0,53700000.0,1393400000.0,,0.0
2022-08-16,39489064.0,3073014.0,2425005.0,10272498.0,3045100.0,4329820000.0,5028410000.0,1566900.0,0.0,0.0,50100000.0,1947800000.0,398100.0,0.0
2022-08-17,55419464.0,1590385.0,751535.0,6843349.0,3108600.0,3885030000.0,5229520000.0,2640000.0,0.0,0.0,66600000.0,1411800000.0,417800.0,0.0
2022-08-18,21088012.0,2329713.0,1310189.0,8236347.0,2635800.0,3340330000.0,4724350000.0,1698900.0,0.0,0.0,47400000.0,1586600000.0,381400.0,0.0
2022-08-19,16104076.0,1581701.0,1091443.0,4988093.0,3252400.0,3761340000.0,4628170000.0,2323500.0,0.0,0.0,48400000.0,1399800000.0,459700.0,0.0
2022-08-22,20028000.0,1747000.0,1831000.0,4969000.0,2782000.0,3907430000.0,4270980000.0,2903400.0,0.0,0.0,49200000.0,1596100000.0,422400.0,0.0
2022-08-23,41302508.0,3436726.0,2850901.0,10100004.0,2405400.0,3823520000.0,3836180000.0,2430600.0,0.0,0.0,55700000.0,1847500000.0,471000.0,0.0
2022-08-24,28253912.0,2354301.0,1385853.0,9518909.0,2665500.0,3583630000.0,3917170000.0,1251900.0,0.0,0.0,62000000.0,1997600000.0,423300.0,0.0
2022-08-25,19574876.0,1427595.0,1078176.0,4710533.0,2502900.0,3566870000.0,4323470000.0,2679300.0,0.0,0.0,53700000.0,1684300000.0,426000.0,0.0
2022-08-26,39838948.0,3364686.0,2284034.0,6529847.0,3192200.0,3832750000.0,4530000000.0,2838000.0,0.0,0.0,49100000.0,1868900000.0,519900.0,0.0
2022-08-29,63102952.0,6601313.0,3931000.0,19349464.0,2973800.0,3396510000.0,4209850000.0,2575200.0,0.0,0.0,64100000.0,1595200000.0,447200.0,0.0
2022-08-30,48621412.0,4365980.0,1967940.0,7919197.0,2729600.0,3835860000.0,4681520000.0,3212700.0,0.0,0.0,60700000.0,1658900000.0,336200.0,0.0
2022-08-31,28183656.0,2458381.0,1394859.0,7361548.0,3006200.0,4542490000.0,4952010000.0,2974800.0,0.0,0.0,86200000.0,2783300000.0,435900.0,0.0
2022-09-01,84246316.0,6606157.0,5162049.0,22976349.0,3009700.0,4152250000.0,4792890000.0,4537800.0,0.0,0.0,68900000.0,2000300000.0,579300.0,0.0
2022-09-02,55976232.0,4756536.0,2925360.0,14858442.0,3003400.0,3665850000.0,4257410000.0,3841200.0,0.0,0.0,58800000.0,2095600000.0,391400.0,0.0
2022-09-05,35512716.0,3006118.0,1733408.0,12332100.0,2643200.0,,,,0.0,,47100000.0,2181100000.0,354700.0,
2022-09-06,25904464.0,3410389.0,2640847.0,8947162.0,2642400.0,4127340000.0,4622940000.0,2692500.0,0.0,0.0,46300000.0,1716300000.0,294100.0,0.0
2022-09-07,61955568.0,5625893.0,4131320.0,14372765.0,2439500.0,3890320000.0,4445640000.0,1699500.0,0.0,0.0,69400000.0,1839600000.0,377900.0,0.0
2022-09-08,28468684.0,2632712.0,1293505.0,13082153.0,2349200.0,3966850000.0,4329910000.0,2823300.0,0.0,0.0,75200000.0,1718100000.0,423600.0,0.0
2022-09-09,,,,,,3901940000.0,4401590000.0,2066400.0,0.0,0.0,74000000.0,1994800000.0,,0.0
2022-09-12,30181272.0,2241353.0,1558264.0,16899875.0,2620300.0,3814200000.0,4146680000.0,2610900.0,0.0,0.0,50500000.0,,,0.0
2022-09-13,18161944.0,2066321.0,1209712.0,6369616.0,2535400.0,4224550000.0,5188380000.0,4065000.0,0.0,0.0,51700000.0,1787200000.0,366900.0,0.0
2022-09-14,43782264.0,3084709.0,2758118.0,13562044.0,2515900.0,4293240000.0,4861530000.0,2722800.0,0.0,0.0,70900000.0,1732000000.0,461300.0,0.0
2022-09-15,14736400.0,2003463.0,1119844.0,5006896.0,2703700.0,4441830000.0,4805910000.0,2432700.0,0.0,0.0,48700000.0,1797300000.0,423900.0,0.0
2022-09-16,51803628.0,4574789.0,3463056.0,15934414.0,3637300.0,7954650000.0,7451840000.0,3392100.0,0.0,0.0,81600000.0,2793900000.0,440300.0,0.0
2022-09-19,28709272.0,3340524.0,2783557.0,9255729.0,2314800.0,3766850000.0,4168670000.0,2146200.0,0.0,0.0,,1745700000.0,403700.0,0.0
2022-09-20,23028824.0,1773809.0,1313731.0,4998625.0,2436500.0,4058050000.0,4028100000.0,2630700.0,0.0,0.0,60000000.0,1478200000.0,419200.0,0.0
2022-09-21,44046172.0,2519575.0,2318118.0,8710476.0,2716200.0,4078330000.0,4471000000.0,3535200.0,0.0,0.0,65500000.0,1629400000.0,378000.0,0.0
2022-09-22,59646724.0,5438634.0,3032674.0,13411144.0,3106100.0,4284600000.0,4916470000.0,2936100.0,0.0,0.0,62200000.0,1729100000.0,446600.0,0.0
2022-09-23,58395944.0,5778289.0,2980152.0,21180558.0,2584800.0,5144270000.0,5134350000.0,3881700.0,0.0,0.0,,1776800000.0,446300.0,0.0
2022-09-26,79683304.0,9682397.0,7162980.0,32928674.0,3149000.0,4886140000.0,4697730000.0,2881500.0,0.0,0.0,96500000.0,2557100000.0,621400.0,0.0
2022-09-27,35851112.0,3776226.0,3177810.0,14052854.0,2722800.0,4577740000.0,4445050000.0,2977200.0,0.0,0.0,66800000.0,1900500000.0,487600.0,0.0
2022-09-28,75593876.0,6782566.0,3963244.0,27979017.0,3481100.0,4684850000.0,4556100000.0,4045200.0,0.0,0.0,92900000.0,2948500000.0,595700.0,0.0
2022-09-29,41608432.0,4353543.0,2885413.0,20687174.0,2992600.0,4681810000.0,4516630000.0,3009000.0,0.0,0.0,88900000.0,2534700000.0,508200.0,0.0
2022-09-30,50705712.0,4855088.0,2655548.0,17976449.0,2822000.0,5645360000.0,4649710000.0,2722800.0,0.0,0.0,101300000.0,2113900000.0,950000.0,0.0
2022-10-03,43969468.0,4911630.0,3508292.0,11186035.0,2183300.0,4806680000.0,4415440000.0,3747300.0,0.0,0.0,80700000.0,1361000000.0,,0.0
2022-10-04,30114732.0,3128140.0,2345302.0,12874440.0,2392400.0,5146580000.0,5004780000.0,3182400.0,0.0,0.0,87100000.0,,420700.0,0.0
2022-10-05,42787184.0,3625832.0,2776352.0,13676284.0,2785100.0,4293180000.0,4091860000.0,2505600.0,0.0,0.0,73300000.0,2256100000.0,855400.0,0.0
2022-10-06,33828044.0,4168200.0,2396482.0,7981139.0,2151900.0,4252100000.0,4423320000.0,2850000.0,0.0,0.0,69400000.0,1082400000.0,642700.0,0.0
2022-10-07,34802512.0,3153396.0,2663976.0,10435244.0,1873700.0,4449660000.0,4634190000.0,3969000.0,0.0,0.0,66700000.0,1129300000.0,428500.0,0.0
2022-10-10,,,,,,3834320000.0,3989640000.0,4665000.0,0.0,0.0,,1771800000.0,,0.0
2022-10-11,125921740.0,11291914.0,8047035.0,30954669.0,2847100.0,4759030000.0,4738840000.0,4818600.0,0.0,0.0,78900000.0,1797700000.0,859100.0,0.0
2022-10-12,53397184.0,5043305.0,4706389.0,10610715.0,2438200.0,4006830000.0,4091030000.0,3107400.0,0.0,0.0,68800000.0,2407400000.0,658000.0,0.0
2022-10-13,83371040.0,5052210.0,5059552.0,13217982.0,3440400.0,5021680000.0,5300080000.0,4911600.0,0.0,0.0,59200000.0,2241900000.0,792200.0,0.0
2022-10-14,45731032.0,4116931.0,2014138.0,10136602.0,2967500.0,4243030000.0,4393000000.0,3887100.0,0.0,0.0,82400000.0,2322700000.0,512900.0,0.0
2022-10-17,78771904.0,5674351.0,7337025.0,17966384.0,3036700.0,4352780000.0,4439190000.0,3760500.0,0.0,0.0,65300000.0,2061200000.0,498500.0,0.0
2022-10-18,25608136.0,3016565.0,1694316.0,10725470.0,2610300.0,4483740000.0,5047360000.0,3558900.0,0.0,0.0,66100000.0,1971300000.0,580700.0,0.0
2022-10-19,62496316.0,4069023.0,2952368.0,9480180.0,2470600.0,4223800000.0,4955090000.0,3043500.0,0.0,0.0,57600000.0,1714000000.0,895000.0,0.0
2022-10-20,75939888.0,4074260.0,5370255.0,12574694.0,3533700.0,4496620000.0,4628010000.0,3567300.0,0.0,0.0,60300000.0,2295300000.0,1108000.0,0.0
2022-10-21,48662404.0,2096496.0,3324990.0,11348154.0,2220400.0,5078020000.0,4706440000.0,3703200.0,0.0,0.0,56300000.0,2052400000.0,637400.0,0.0
2022-10-24,67982140.0,3479509.0,5308811.0,8706818.0,2281500.0,4747930000.0,4808710000.0,3784200.0,0.0,0.0,59100000.0,3597400000.0,444700.0,0.0
2022-10-25,80259668.0,5716914.0,5242800.0,20284134.0,2289400.0,4843120000.0,5141760000.0,2770800.0,0.0,0.0,62200000.0,3275300000.0,456700.0,0.0
2022-10-26,43837832.0,4293717.0,3435360.0,7890670.0,2218400.0,4817310000.0,5224440000.0,4811700.0,0.0,0.0,61000000.0,2718600000.0,563300.0,0.0
2022-10-27,32068688.0,2040749.0,1559246.0,6691437.0,2373300.0,4687320000.0,4773520000.0,3589500.0,0.0,0.0,65400000.0,2526200000.0,587700.0,0.0
2022-10-28,45962880.0,3592282.0,2586919.0,6181969.0,2112200.0,4459410000.0,4731940000.0,4192500.0,0.0,0.0,144600000.0,3051300000.0,427100.0,0.0
2022-10-31,40352320.0,2641038.0,1458459.0,5452746.0,2003500.0,4820620000.0,4753740000.0,2394900.0,0.0,0.0,71100000.0,4183600000.0,401300.0,0.0
2022-11-01,32777216.0,2741394.0,1699076.0,6471020.0,2030700.0,4481210000.0,4677520000.0,2810400.0,0.0,0.0,72600000.0,3787400000.0,597100.0,0.0
2022-11-02,28021220.0,1590855.0,1189270.0,4131385.0,2032900.0,4899000000.0,5436420000.0,3193800.0,0.0,0.0,86600000.0,2774600000.0,450200.0,0.0
2022-11-03,54132456.0,3148598.0,4062536.0,7576497.0,2009100.0,4625290000.0,5102190000.0,3752100.0,0.0,0.0,,2544800000.0,550300.0,0.0
2022-11-04,25730140.0,1826728.0,1645146.0,5568782.0,2354400.0,5400180000.0,5453750000.0,4601700.0,0.0,0.0,111100000.0,3951100000.0,436200.0,0.0
2022-11-07,48426144.0,4479888.0,3149590.0,7873286.0,2750000.0,4341620000.0,4456690000.0,3548700.0,0.0,0.0,78900000.0,3227800000.0,392300.0,0.0
2022-11-08,41625688.0,2569714.0,1887105.0,4908171.0,3009500.0,4607640000.0,5134500000.0,3901200.0,0.0,0.0,84400000.0,2071200000.0,499800.0,0.0
2022-11-09,75645316.0,3860810.0,1529234.0,11192010.0,2981300.0,4645010000.0,4977460000.0,3578700.0,0.0,0.0,79100000.0,3271000000.0,680500.0,0.0
2022-11-10,58931616.0,2583650.0,1559700.0,6283709.0,2335900.0,5781260000.0,6433000000.0,5347500.0,0.0,0.0,77100000.0,2204700000.0,899000.0,0.0
2022-11-11,137249556.0,6319743.0,4628564.0,25825704.0,3988800.0,5593310000.0,5867750000.0,6114000.0,0.0,0.0,103700000.0,5112600000.0,758000.0,0.0
2022-11-14,72667064.0,4189900.0,3687503.0,11808885.0,3396800.0,4561930000.0,5004060000.0,3683100.0,0.0,0.0,85100000.0,5547500000.0,730900.0,0.0
2022-11-15,135373028.0,7730872.0,6024755.0,21820900.0,3441500.0,5015310000.0,5617310000.0,4897800.0,0.0,0.0,71200000.0,4900000000.0,617100.0,0.0
2022-11-16,94684964.0,7194865.0,5134661.0,18350546.0,3356100.0,4165320000.0,4585190000.0,4775700.0,0.0,0.0,73200000.0,3918400000.0,657600.0,0.0
2022-11-17,53409672.0,2848556.0,2889585.0,12298578.0,2707100.0,4051780000.0,4354360000.0,3961500.0,0.0,0.0,58900000.0,2930400000.0,914400.0,0.0
2022-11-18,42624300.0,2887785.0,3309776.0,10635163.0,2787500.0,4037360000.0,4175420000.0,3105300.0,0.0,0.0,64800000.0,2792900000.0,589500.0,0.0
2022-11-21,34742276.0,1815643.0,1747102.0,5166004.0,2186300.0,3850690000.0,3977130000.0,1815000.0,0.0,0.0,56500000.0,2231000000.0,544500.0,0.0
2022-11-22,22178072.0,1593647.0,1302510.0,5018294.0,2281400.0,3887990000.0,4186360000.0,3290700.0,0.0,0.0,75900000.0,3024900000.0,539200.0,0.0
2022-11-23,31755848.0,2186885.0,1542294.0,3970834.0,2345700.0,3279720000.0,4431530000.0,3905400.0,0.0,0.0,,2423800000.0,474800.0,0.0
2022-11-24,60955344.0,2899003.0,1341620.0,10116786.0,2615600.0,,,,0.0,,83900000.0,2910400000.0,481200.0,
2022-11-25,64081944.0,2873428.0,1935990.0,6849840.0,2808900.0,1706460000.0,2184080000.0,1164000.0,0.0,0.0,56800000.0,3176700000.0,438400.0,0.0
2022-11-28,60178952.0,4380548.0,2851916.0,7676099.0,2567800.0,3615430000.0,4271360000.0,3197700.0,0.0,0.0,64600000.0,2799300000.0,350100.0,0.0
2022-11-29,42685868.0,2638986.0,1044336.0,4134626.0,3143000.0,3546040000.0,4592830000.0,1828200.0,0.0,0.0,64800000.0,4273400000.0,550000.0,0.0
2022-11-30,37184264.0,1936507.0,952535.0,5453679.0,4457700.0,6579360000.0,6653460000.0,4166100.0,0.0,0.0,106600000.0,5359700000.0,593900.0,0.0
2022-12-01,98737356.0,3719577.0,2770542.0,16928846.0,3771700.0,4527130000.0,5158120000.0,4130700.0,0.0,0.0,71400000.0,4262000000.0,491200.0,0.0
2022-12-02,29920608.0,1901465.0,1276235.0,4359763.0,2999500.0,4012620000.0,4523010000.0,3110400.0,0.0,0.0,79400000.0,3757400000.0,468500.0,0.0
2022-12-05,47951016.0,2281720.0,1368944.0,5822975.0,3216700.0,4280820000.0,4510030000.0,2709300.0,0.0,0.0,63900000.0,4890100000.0,385200.0,0.0
2022-12-06,39880032.0,4349147.0,3363445.0,6488279.0,3221700.0,4368380000.0,4713330000.0,2182200.0,0.0,0.0,60400000.0,3552100000.0,367800.0,0.0
2022-12-07,32901556.0,2225022.0,1471593.0,7204703.0,3266900.0,4118050000.0,4343860000.0,2111400.0,0.0,0.0,63000000.0,5308900000.0,332100.0,0.0
2022-12-08,36475576.0,2810546.0,2150676.0,7173796.0,2428500.0,4006900000.0,4281800000.0,2694300.0,0.0,0.0,64900000.0,2856200000.0,351600.0,0.0
2022-12-09,24947356.0,1635958.0,1101612.0,5768441.0,2543200.0,3888260000.0,4337440000.0,1749000.0,0.0,0.0,70200000.0,4023300000.0,315300.0,0.0
2022-12-12,33456200.0,1884592.0,1526278.0,5335955.0,2221600.0,3904130000.0,4829990000.0,2178900.0,0.0,0.0,49600000.0,3115200000.0,498900.0,0.0
2022-12-13,26088568.0,2405518.0,935075.0,4575762.0,2730600.0,5079360000.0,6126890000.0,4521000.0,0.0,0.0,51900000.0,2584100000.0,447100.0,0.0
2022-12-14,31534172.0,1432491.0,670616.0,3756216.0,2640200.0,4472340000.0,5485150000.0,3972000.0,0.0,0.0,54800000.0,2758700000.0,409400.0,0.0
2022-12-15,31236764.0,1498351.0,1196699.0,7029887.0,2570800.0,4493900000.0,5536070000.0,3881100.0,0.0,0.0,51100000.0,2243400000.0,374300.0,0.0
2022-12-16,47527104.0,4855441.0,3499789.0,12649350.0,4451200.0,7493660000.0,7968170000.0,2465700.0,0.0,0.0,83800000.0,2876000000.0,414200.0,0.0
2022-12-19,24526112.0,1958528.0,1283205.0,4356642.0,3207500.0,3969610000.0,4631820000.0,2231700.0,0.0,0.0,58200000.0,2238200000.0,323600.0,0.0
2022-12-20,49743932.0,3704530.0,2590161.0,9283219.0,3679200.0,3985370000.0,4707190000.0,2275500.0,0.0,0.0,118500000.0,1938500000.0,358100.0,0.0
2022-12-21,47612612.0,1507145.0,691479.0,3673759.0,3230800.0,3775200000.0,4401420000.0,2291700.0,0.0,0.0,119200000.0,1348400000.0,329400.0,0.0
2022-12-22,20092604.0,1190653.0,882185.0,3021859.0,3258800.0,3956950000.0,5125070000.0,5403300.0,0.0,0.0,73400000.0,1939800000.0,552800.0,0.0
2022-12-23,23941448.0,2496498.0,1472707.0,6741800.0,1979800.0,2819280000.0,3544680000.0,2571900.0,0.0,0.0,75700000.0,1363700000.0,367000.0,0.0
2022-12-26,16120680.0,2658250.0,1773405.0,3989957.0,1574600.0,,,,0.0,,47300000.0,,427600.0,
2022-12-27,16508700.0,1564635.0,951710.0,3738214.0,1821100.0,3030300000.0,3827290000.0,3494400.0,0.0,0.0,50200000.0,,448300.0,0.0
2022-12-28,48701404.0,3624562.0,2204694.0,9118641.0,1958900.0,3083520000.0,3842970000.0,2682000.0,0.0,0.0,61500000.0,2823800000.0,405700.0,0.0
2022-12-29,55414224.0,3066527.0,1494747.0,3406761.0,1839200.0,3003680000.0,4154100000.0,3263100.0,0.0,0.0,63100000.0,2902400000.0,361000.0,0.0
2022-12-30,34572648.0,1967851.0,1255343.0,3114405.0,1748100.0,2979870000.0,3959030000.0,2010000.0,0.0,0.0,52700000.0,1747700000.0,,0.0
2023-01-02,,,,,,,,,0.0,,,,346100.0,
2023-01-03,59242536.0,3198969.0,2349303.0,4900334.0,1816400.0,3959140000.0,4780650000.0,2844600.0,0.0,0.0,,2286700000.0,410000.0,0.0
2023-01-04,55019412.0,3077969.0,956860.0,5607335.0,2073800.0,4414080000.0,5085380000.0,3257100.0,0.0,0.0,83300000.0,3016000000.0,412700.0,0.0
2023-01-05,48283616.0,1844396.0,1114125.0,6589051.0,2086500.0,3893450000.0,4764270000.0,2671800.0,0.0,0.0,72300000.0,2875400000.0,430800.0,0.0
2023-01-06,46347120.0,3349418.0,2597481.0,5810121.0,1741200.0,3923560000.0,5199780000.0,4898400.0,0.0,0.0,68200000.0,2754500000.0,398300.0,0.0
2023-01-09,59992304.0,4405321.0,2697107.0,11457231.0,2581100.0,4311770000.0,5132190000.0,4581300.0,0.0,0.0,,2697900000.0,341100.0,0.0
2023-01-10,47897080.0,4071674.0,1844464.0,9136760.0,2069800.0,3851030000.0,4710680000.0,2825400.0,0.0,0.0,71200000.0,2543200000.0,359600.0,0.0
2023-01-11,62409904.0,1796403.0,733630.0,5268055.0,1986800.0,4303360000.0,5284390000.0,2682000.0,0.0,0.0,62400000.0,2971300000.0,368800.0,0.0
2023-01-12,39816908.0,1630625.0,871997.0,3963780.0,1812900.0,4440260000.0,5681240000.0,3324000.0,0.0,0.0,77000000.0,2834600000.0,580100.0,0.0
2023-01-13,113933548.0,5188177.0,3540375.0,7664016.0,1786500.0,3939700000.0,5077990000.0,2079000.0,0.0,0.0,98300000.0,2463600000.0,861700.0,0.0
2023-01-16,110397484.0,5037758.0,4520730.0,9504672.0,1611600.0,,,,0.0,,71700000.0,2559100000.0,517800.0,
2023-01-17,56226344.0,2518932.0,2507445.0,8746620.0,1772600.0,4235560000.0,5138410000.0,3017400.0,0.0,0.0,68100000.0,2307500000.0,536000.0,0.0
2023-01-18,,,,,,4298710000.0,5288630000.0,3512700.0,0.0,0.0,93400000.0,2485300000.0,536200.0,0.0
2023-01-19,,,,,,3991500000.0,4660800000.0,3775200.0,0.0,0.0,68700000.0,1664900000.0,369900.0,0.0
2023-01-20,,,,,,4013360000.0,5980110000.0,3352500.0,0.0,0.0,60400000.0,1956200000.0,302300.0,0.0
2023-01-23,,,,,,3945210000.0,5997810000.0,5726700.0,0.0,0.0,60200000.0,,,0.0
2023-01-24,,,,,,3320430000.0,5670860000.0,2370300.0,0.0,0.0,70800000.0,,,0.0
2023-01-25,,,,,,3724020000.0,5485570000.0,3301200.0,0.0,0.0,63400000.0,,549800.0,0.0
2023-01-26,,,,,,3809590000.0,5732890000.0,3896700.0,0.0,0.0,63300000.0,2455100000.0,486600.0,0.0
2023-01-27,,,,,,3907760000.0,6243800000.0,4289700.0,0.0,0.0,71500000.0,2012100000.0,509100.0,0.0
2023-01-30,173329284.0,8206249.0,4775514.0,18509192.0,3697500.0,3802000000.0,5122320000.0,4384500.0,0.0,0.0,65800000.0,3802800000.0,475100.0,0.0
2023-01-31,86450304.0,4484242.0,1821194.0,9089590.0,3357200.0,4679320000.0,5695150000.0,3104100.0,0.0,0.0,74600000.0,3304400000.0,616900.0,0.0
2023-02-01,26163640.0,2099151.0,1866020.0,9107935.0,3009800.0,4856930000.0,6336040000.0,7244100.0,0.0,0.0,65800000.0,2548600000.0,666100.0,0.0
2023-02-02,62178044.0,3986037.0,2595581.0,15459997.0,3248500.0,5624360000.0,7038210000.0,7456200.0,0.0,0.0,73200000.0,2401200000.0,692800.0,0.0
2023-02-03,38029112.0,4188102.0,1728459.0,9427178.0,2647300.0,4694510000.0,5954490000.0,5555400.0,0.0,0.0,92800000.0,2414700000.0,496600.0,0.0
2023-02-06,53519476.0,5650391.0,3183606.0,7128049.0,2320600.0,4114240000.0,5538350000.0,2496300.0,0.0,0.0,88400000.0,2314500000.0,566600.0,0.0
2023-02-07,33203448.0,2437842.0,1682120.0,3760166.0,2251800.0,4355860000.0,5720240000.0,3285300.0,0.0,0.0,74300000.0,1777900000.0,446600.0,0.0
2023-02-08,35659720.0,2560171.0,2429905.0,14202710.0,2514500.0,4029820000.0,5052870000.0,3522000.0,0.0,0.0,69000000.0,1894500000.0,414800.0,0.0
2023-02-09,19396980.0,1744345.0,1087688.0,5954488.0,2236100.0,4270200000.0,5536290000.0,3015600.0,0.0,0.0,61700000.0,1933800000.0,609400.0,0.0
2023-02-10,24871900.0,2378440.0,2551845.0,7493401.0,2483000.0,3891520000.0,4885030000.0,2947800.0,0.0,0.0,88800000.0,1782700000.0,656900.0,0.0
2023-02-13,15322364.0,2737238.0,2730483.0,4650671.0,2184300.0,3448620000.0,4752880000.0,2122500.0,0.0,0.0,70400000.0,1772600000.0,485500.0,0.0
2023-02-14,30469028.0,2323569.0,2133892.0,6333138.0,2077800.0,3929200000.0,5032430000.0,3252000.0,0.0,0.0,55800000.0,1408700000.0,348800.0,0.0
2023-02-15,49084992.0,4999173.0,4635305.0,10713794.0,2438100.0,4075980000.0,5056640000.0,2143500.0,0.0,0.0,72100000.0,2143000000.0,386500.0,0.0
2023-02-16,44040076.0,3373054.0,2469377.0,5572762.0,2883000.0,4143660000.0,5159410000.0,3444900.0,0.0,0.0,68100000.0,2180500000.0,387600.0,0.0
2023-02-17,31532096.0,3180518.0,2053347.0,6952529.0,2528300.0,4045480000.0,4925230000.0,3064200.0,0.0,0.0,68800000.0,1631700000.0,513600.0,0.0
2023-02-20,23364440.0,2156470.0,1504299.0,6275756.0,2994900.0,,,,0.0,,62500000.0,1915400000.0,390000.0,
2023-02-21,17772152.0,1699425.0,2275893.0,3342596.0,2997300.0,4121590000.0,5002540000.0,2208600.0,0.0,0.0,61600000.0,2004600000.0,494300.0,0.0
2023-02-22,43550488.0,3510829.0,2112792.0,9401232.0,2881300.0,4079320000.0,4671270000.0,2285700.0,0.0,0.0,74700000.0,1766400000.0,426700.0,0.0
2023-02-23,24790780.0,1747720.0,1977661.0,8525626.0,3012200.0,3952940000.0,4714580000.0,4617000.0,0.0,0.0,,1729700000.0,400300.0,0.0
2023-02-24,21990924.0,2533115.0,1472103.0,5837467.0,2717600.0,3877700000.0,4432650000.0,2842200.0,0.0,0.0,76000000.0,2061900000.0,369200.0,0.0
2023-02-27,,,,,,3836950000.0,4494000000.0,2040900.0,0.0,0.0,59400000.0,1897600000.0,356700.0,0.0
2023-02-28,,,,,,5043400000.0,5340950000.0,1582500.0,0.0,0.0,86300000.0,2751900000.0,529200.0,0.0
2023-03-01,29869272.0,5498577.0,3519707.0,12184125.0,3062600.0,4249480000.0,4927530000.0,1922400.0,0.0,0.0,69800000.0,2889600000.0,,0.0
2023-03-02,13924924.0,2539479.0,1386869.0,5432575.0,2664900.0,4244900000.0,5313760000.0,3108300.0,0.0,0.0,69300000.0,1992600000.0,427900.0,0.0
2023-03-03,12403748.0,2322302.0,1467906.0,9113257.0,3025100.0,4084730000.0,5102210000.0,2408700.0,0.0,0.0,78200000.0,2226100000.0,371500.0,0.0
2023-03-06,37364848.0,4802142.0,3603788.0,17576897.0,3095600.0,4000870000.0,4982880000.0,2177100.0,0.0,0.0,65700000.0,2485400000.0,417900.0,0.0
2023-03-07,29874380.0,4420727.0,2477570.0,13591019.0,2944000.0,3922500000.0,5422820000.0,1899000.0,0.0,0.0,69800000.0,3634800000.0,449800.0,0.0
2023-03-08,24727856.0,3537009.0,3036255.0,9061314.0,3091600.0,3535570000.0,5085970000.0,2088300.0,0.0,0.0,67200000.0,2643500000.0,437300.0,0.0
2023-03-09,13108684.0,1902810.0,2265902.0,4073235.0,3556200.0,4445260000.0,5061790000.0,3889800.0,0.0,0.0,72300000.0,2193300000.0,473500.0,0.0
2023-03-10,52548684.0,4750610.0,2971231.0,11312303.0,3932200.0,5518190000.0,6193500000.0,3320700.0,0.0,0.0,111300000.0,3588000000.0,412900.0,0.0
2023-03-13,74943036.0,5815246.0,2422232.0,9799572.0,3141600.0,6558020000.0,6201490000.0,3512700.0,0.0,0.0,96100000.0,3133700000.0,380400.0,0.0
2023-03-14,44186128.0,3669599.0,3203096.0,5554925.0,3097800.0,5665870000.0,5533120000.0,2743200.0,0.0,0.0,125700000.0,3027400000.0,484800.0,0.0
2023-03-15,48857440.0,2154663.0,2144557.0,5624542.0,2998000.0,6594010000.0,5912430000.0,3527100.0,0.0,0.0,86600000.0,2633900000.0,443500.0,0.0
2023-03-16,62425580.0,6338810.0,4139846.0,8742167.0,3443900.0,5695790000.0,5498920000.0,3730200.0,0.0,0.0,107100000.0,3047400000.0,317300.0,0.0
2023-03-17,43399212.0,1975527.0,1361315.0,9529197.0,3434700.0,9354280000.0,7903090000.0,2828400.0,0.0,0.0,101500000.0,4332300000.0,363400.0,0.0
2023-03-20,28429916.0,2873293.0,1638903.0,5417802.0,2433600.0,5347140000.0,4970630000.0,2155800.0,0.0,0.0,79200000.0,2839000000.0,344700.0,0.0
2023-03-21,14367480.0,1649573.0,1154018.0,6363855.0,2773500.0,4920240000.0,4829870000.0,2899500.0,0.0,0.0,,1929700000.0,354700.0,0.0
2023-03-22,56968508.0,3506762.0,2334035.0,13991976.0,2773200.0,4533010000.0,4981590000.0,3313200.0,0.0,0.0,78100000.0,2364100000.0,500900.0,0.0
2023-03-23,62131916.0,4134444.0,2341952.0,11854559.0,2652800.0,4991600000.0,4917460000.0,4039800.0,0.0,0.0,64100000.0,2531200000.0,567400.0,0.0
2023-03-24,53829576.0,3657593.0,2047678.0,16146575.0,2914300.0,4583970000.0,4363650000.0,3120600.0,0.0,0.0,59500000.0,2306900000.0,470100.0,0.0
2023-03-27,42578380.0,3699054.0,3097679.0,6212538.0,2706800.0,4233540000.0,4330320000.0,1806300.0,0.0,0.0,57400000.0,2503600000.0,472200.0,0.0
2023-03-28,38965956.0,2660269.0,1868590.0,6966034.0,2545400.0,4014600000.0,4036910000.0,2737500.0,0.0,0.0,66400000.0,1935100000.0,523500.0,0.0
2023-03-29,12297708.0,1688459.0,1257671.0,5567915.0,2376300.0,4145250000.0,4493540000.0,3140400.0,0.0,0.0,83800000.0,2597400000.0,496600.0,0.0
2023-03-30,45522456.0,2967616.0,1924389.0,7405891.0,2266900.0,3930860000.0,4738880000.0,2602200.0,0.0,0.0,82000000.0,2982000000.0,621300.0,0.0
2023-03-31,59806560.0,3205251.0,1671957.0,8455686.0,2440300.0,4525120000.0,5521150000.0,2151000.0,0.0,0.0,91100000.0,3045000000.0,721300.0,0.0
2023-04-03,,,,,,4234700000.0,4816440000.0,1876800.0,0.0,0.0,75000000.0,2651200000.0,807400.0,0.0
2023-04-04,,,,,,4227800000.0,4298760000.0,2324100.0,0.0,0.0,73300000.0,2415300000.0,830500.0,0.0
2023-04-05,,,,,,3968020000.0,4378590000.0,3343800.0,0.0,0.0,74300000.0,,630400.0,0.0
2023-04-06,30005676.0,6049716.0,3941973.0,7244300.0,2513500.0,3486690000.0,3862800000.0,1894800.0,0.0,0.0,73200000.0,2143200000.0,749100.0,0.0
2023-04-07,17655436.0,1922216.0,1391518.0,7480362.0,2199900.0,,,,0.0,,49100000.0,,584000.0,
2023-04-10,15124112.0,2234127.0,1262841.0,4131526.0,2220400.0,3423650000.0,4334070000.0,1927200.0,0.0,0.0,48000000.0,,716200.0,0.0
2023-04-11,23765992.0,2047488.0,1013126.0,5084186.0,2744200.0,3665830000.0,4676960000.0,1823100.0,0.0,0.0,64800000.0,3064200000.0,766800.0,0.0
2023-04-12,11568680.0,1704400.0,808733.0,5386490.0,3138100.0,3633120000.0,4909770000.0,2598900.0,0.0,0.0,62700000.0,2351900000.0,899800.0,0.0
2023-04-13,26200016.0,3936038.0,1715724.0,9933858.0,3825100.0,3596590000.0,4942990000.0,3013500.0,0.0,0.0,59900000.0,2329700000.0,840300.0,0.0
2023-04-14,12363216.0,2271684.0,837157.0,6257679.0,3492400.0,3575690000.0,4655740000.0,1963500.0,0.0,0.0,72900000.0,2086300000.0,890500.0,0.0
2023-04-17,22756672.0,4615563.0,2485732.0,6277704.0,3396900.0,3611180000.0,4823180000.0,2206500.0,0.0,0.0,58000000.0,3411200000.0,774600.0,0.0
2023-04-18,19338552.0,2444381.0,1355176.0,8206734.0,3344600.0,3536640000.0,4851810000.0,2765100.0,0.0,0.0,62300000.0,2349700000.0,895200.0,0.0
2023-04-19,31139140.0,4173167.0,2119191.0,9660535.0,3554800.0,3572560000.0,4972700000.0,1264500.0,0.0,0.0,58000000.0,2183700000.0,956000.0,0.0
2023-04-20,25631852.0,3657218.0,1577219.0,8211386.0,3170900.0,3772080000.0,4590530000.0,2391900.0,0.0,0.0,56700000.0,2047200000.0,950400.0,0.0
2023-04-21,19224952.0,3057385.0,1236820.0,10270130.0,3512500.0,3611750000.0,4868050000.0,2157600.0,0.0,0.0,61400000.0,2494200000.0,969000.0,0.0
2023-04-24,26235392.0,3710475.0,1504571.0,6635648.0,2474500.0,3290940000.0,4854050000.0,2074800.0,0.0,0.0,50000000.0,2247900000.0,925900.0,0.0
2023-04-25,74111004.0,8959381.0,3465772.0,13234658.0,3449300.0,3978640000.0,4806020000.0,2482500.0,0.0,0.0,59300000.0,2196300000.0,885200.0,0.0
2023-04-26,51812420.0,9250197.0,4096780.0,6185537.0,2745800.0,3837030000.0,5281970000.0,1926300.0,0.0,0.0,68700000.0,1941000000.0,1088100.0,0.0
2023-04-27,37843400.0,4685809.0,1501730.0,3775219.0,2616700.0,3750550000.0,5253710000.0,3116700.0,0.0,0.0,73600000.0,2150500000.0,732600.0,0.0
2023-04-28,22563740.0,2912071.0,1797428.0,4816179.0,2999300.0,4087800000.0,5331380000.0,2359200.0,0.0,0.0,104000000.0,2574900000.0,776400.0,0.0
2023-05-01,,,,,,3321370000.0,5168430000.0,1803900.0,0.0,0.0,73400000.0,,,0.0
2023-05-02,20658196.0,3173697.0,1986720.0,4884605.0,2915700.0,4486130000.0,5501410000.0,2115600.0,0.0,0.0,63900000.0,1459400000.0,700300.0,0.0
2023-05-03,16713728.0,3290371.0,1958917.0,4202818.0,2511600.0,4246510000.0,5782160000.0,2525400.0,0.0,0.0,,1460700000.0,887300.0,0.0
2023-05-04,14828800.0,1697321.0,1394607.0,4012707.0,2461600.0,4920090000.0,4745780000.0,2102700.0,0.0,0.0,,3206300000.0,809100.0,0.0
2023-05-05,8875004.0,1543803.0,1884966.0,6450002.0,2294100.0,4186270000.0,4574790000.0,1619400.0,0.0,0.0,,3321200000.0,,0.0
2023-05-08,24044836.0,4785443.0,2901889.0,6536759.0,2829600.0,3641640000.0,4216360000.0,1365300.0,0.0,0.0,74100000.0,4288100000.0,653900.0,0.0
2023-05-09,18544840.0,2197106.0,1495348.0,3782616.0,2864700.0,3810140000.0,4126780000.0,2348400.0,0.0,0.0,86400000.0,4037900000.0,750500.0,0.0
2023-05-10,16300476.0,2192799.0,1457197.0,4371770.0,2366700.0,4057160000.0,4948260000.0,2766600.0,0.0,0.0,87300000.0,2779500000.0,634400.0,0.0
2023-05-11,14739856.0,1846274.0,1380295.0,2844305.0,2769100.0,3752900000.0,4489490000.0,1854600.0,0.0,0.0,82200000.0,2213800000.0,646300.0,0.0
2023-05-12,15253396.0,2478843.0,1227691.0,4832947.0,2711900.0,3533740000.0,4170000000.0,1383300.0,0.0,0.0,106100000.0,2284200000.0,797200.0,0.0
2023-05-15,16478796.0,4199118.0,1937134.0,3351734.0,2444700.0,3562170000.0,3979290000.0,1799100.0,0.0,0.0,88600000.0,2580100000.0,483300.0,0.0
2023-05-16,31605876.0,3109929.0,2118831.0,3342835.0,2617800.0,3654200000.0,4067510000.0,2047500.0,0.0,0.0,107400000.0,1720900000.0,627900.0,0.0
2023-05-17,104119624.0,4590222.0,3208153.0,9966361.0,3099200.0,4039080000.0,4501820000.0,1986000.0,0.0,0.0,93100000.0,2258000000.0,563300.0,0.0
2023-05-18,87894220.0,5738394.0,3633936.0,14416261.0,3379800.0,3980500000.0,4532890000.0,3429300.0,0.0,0.0,90500000.0,2095400000.0,571500.0,0.0
2023-05-19,136498504.0,7681090.0,2736754.0,13442384.0,3955600.0,4041900000.0,3935780000.0,2877600.0,0.0,0.0,80500000.0,1947200000.0,569300.0,0.0
2023-05-22,71936104.0,2825722.0,1163868.0,5478488.0,3311200.0,3728520000.0,4278920000.0,2299800.0,0.0,0.0,75400000.0,1677900000.0,590500.0,0.0
2023-05-23,49062812.0,3173033.0,1358888.0,5809451.0,3041900.0,4155320000.0,4347440000.0,1553100.0,0.0,0.0,92200000.0,1888500000.0,573800.0,0.0
2023-05-24,43519312.0,2961628.0,1487072.0,4429292.0,2938400.0,0.0,4088270000.0,4341000.0,0.0,0.0,81700000.0,2476700000.0,1071600.0,0.0
2023-05-25,45771436.0,2761133.0,1488344.0,24173315.0,3551900.0,4147760000.0,4651640000.0,12973800.0,0.0,0.0,84000000.0,2792400000.0,916700.0,0.0
2023-05-26,95122080.0,9728246.0,4312819.0,43118706.0,3981600.0,3715460000.0,4434070000.0,8010900.0,0.0,0.0,78300000.0,,631800.0,0.0
2023-05-29,57995472.0,7128083.0,4203103.0,25889956.0,3879200.0,,,,0.0,,78300000.0,2196600000.0,,
2023-05-30,48495216.0,5002568.0,2208747.0,21484705.0,3645500.0,4228510000.0,4843470000.0,7862700.0,0.0,0.0,71800000.0,2245000000.0,638500.0,0.0
2023-05-31,35461188.0,4006900.0,1203835.0,11321024.0,5023700.0,5980670000.0,5905760000.0,5358600.0,0.0,0.0,184600000.0,4372900000.0,683900.0,0.0
2023-06-01,15517372.0,3287661.0,1665850.0,7626073.0,3888600.0,4391860000.0,4610310000.0,7343700.0,0.0,0.0,95100000.0,2622800000.0,674200.0,0.0
2023-06-02,31771276.0,2922355.0,2381586.0,21903544.0,4585600.0,4454200000.0,4426760000.0,3318900.0,0.0,0.0,90700000.0,3731500000.0,566500.0,0.0
2023-06-05,25440488.0,4029170.0,1782328.0,9854558.0,4575100.0,3813290000.0,4344280000.0,2710800.0,0.0,0.0,98800000.0,2096400000.0,542700.0,0.0
2023-06-06,26369656.0,4858887.0,3119797.0,10193015.0,3861900.0,3996560000.0,4810910000.0,3235500.0,0.0,0.0,82500000.0,2263600000.0,,0.0
2023-06-07,48306172.0,2676849.0,2741304.0,21596003.0,3721800.0,4537800000.0,5270600000.0,3906300.0,0.0,0.0,111900000.0,2156100000.0,535300.0,0.0
2023-06-08,20562940.0,2661184.0,2941389.0,12838161.0,3859300.0,3826740000.0,4280160000.0,2724900.0,0.0,0.0,86000000.0,2212100000.0,578700.0,0.0
2023-06-09,22207812.0,1772744.0,1629907.0,13111517.0,3598000.0,3786510000.0,4412710000.0,2519400.0,0.0,0.0,101500000.0,2003000000.0,581500.0,0.0
2023-06-12,54885148.0,2794118.0,1576598.0,17070196.0,3731500.0,3945670000.0,4722680000.0,2638500.0,0.0,0.0,68700000.0,1688200000.0,554300.0,0.0
2023-06-13,93752808.0,6615160.0,9618461.0,49645957.0,3764800.0,4275400000.0,5522100000.0,4164300.0,0.0,0.0,89500000.0,2466300000.0,692500.0,0.0
2023-06-14,26707972.0,2160835.0,1877387.0,27231351.0,4290400.0,4252110000.0,5772550000.0,8500500.0,0.0,0.0,111600000.0,2482600000.0,648800.0,0.0
2023-06-15,44164476.0,4315819.0,2224959.0,29193031.0,4893200.0,4176690000.0,5667520000.0,6561300.0,0.0,0.0,105800000.0,2657500000.0,579000.0,0.0
2023-06-16,28808864.0,3912032.0,3125048.0,16864996.0,6203100.0,6848600000.0,8076530000.0,4956300.0,0.0,0.0,132000000.0,3582400000.0,668400.0,0.0
2023-06-19,23915984.0,2898132.0,2242288.0,20567355.0,4654400.0,,,,0.0,,82900000.0,1906100000.0,708800.0,
2023-06-20,26115876.0,2906795.0,1494425.0,13138532.0,4185300.0,4055790000.0,5237710000.0,2024400.0,0.0,0.0,82400000.0,2121700000.0,715800.0,0.0
2023-06-21,106262060.0,5508775.0,3248823.0,16084170.0,4354900.0,3709330000.0,5194640000.0,4128300.0,0.0,0.0,82000000.0,1995600000.0,655400.0,0.0
2023-06-22,,,,,,3511000000.0,4499550000.0,3656400.0,0.0,0.0,94700000.0,,610200.0,0.0
2023-06-23,,,,,,6053620000.0,7734500000.0,2057400.0,0.0,0.0,103600000.0,1689300000.0,526500.0,0.0
2023-06-26,29573612.0,4877736.0,2750073.0,9761353.0,3970000.0,3415030000.0,4430600000.0,2434800.0,0.0,0.0,74100000.0,2066100000.0,479200.0,0.0
2023-06-27,26296196.0,3328776.0,2113436.0,11873645.0,4028700.0,3573500000.0,5053660000.0,2763600.0,0.0,0.0,79600000.0,2059500000.0,535400.0,0.0
2023-06-28,22783412.0,3610215.0,2899639.0,8046112.0,3256100.0,3739330000.0,4533270000.0,2912400.0,0.0,0.0,91100000.0,1675200000.0,484200.0,0.0
2023-06-29,22786068.0,2876587.0,3728493.0,10943137.0,3357100.0,3696660000.0,4388140000.0,1674600.0,0.0,0.0,117900000.0,1690400000.0,602500.0,0.0
2023-06-30,28116752.0,3706517.0,2158609.0,7963570.0,3542500.0,3923450000.0,4661120000.0,1618200.0,0.0,0.0,111300000.0,1869600000.0,508800.0,0.0
2023-07-03,26491300.0,2970341.0,2239965.0,18144925.0,3930600.0,2034280000.0,2902300000.0,809400.0,0.0,0.0,95400000.0,2214400000.0,615500.0,0.0
2023-07-04,22718680.0,2692832.0,2576274.0,30807984.0,4436200.0,,,,0.0,,99400000.0,1987400000.0,673100.0,
2023-07-05,20003768.0,2951727.0,1897359.0,9368394.0,4153400.0,3482620000.0,5339340000.0,2821800.0,0.0,0.0,95100000.0,2432600000.0,599400.0,0.0
2023-07-06,65609104.0,7452827.0,5305953.0,12045697.0,4369600.0,3682020000.0,6113080000.0,3454200.0,0.0,0.0,100600000.0,3277100000.0,530800.0,0.0
2023-07-07,32081608.0,3824056.0,2736816.0,12529511.0,3783700.0,3630480000.0,5098120000.0,1824300.0,0.0,0.0,105100000.0,2463300000.0,612100.0,0.0
2023-07-10,31486556.0,3620772.0,2796845.0,8258178.0,3379500.0,3429600000.0,5275390000.0,1833600.0,0.0,0.0,101200000.0,1953500000.0,560600.0,0.0
2023-07-11,18161736.0,1975222.0,1901212.0,12668914.0,3940800.0,3624220000.0,4840950000.0,2370300.0,0.0,0.0,87200000.0,2114900000.0,592400.0,0.0
2023-07-12,13757804.0,2905320.0,3395907.0,23236490.0,4067700.0,3920290000.0,5230620000.0,4269300.0,0.0,0.0,88400000.0,1818300000.0,695500.0,0.0
2023-07-13,62665236.0,3915764.0,3724538.0,46148078.0,4859500.0,3839530000.0,5183560000.0,2791200.0,0.0,0.0,77800000.0,2729800000.0,584300.0,0.0
2023-07-14,58928984.0,3140738.0,3290354.0,39362426.0,4457500.0,3647450000.0,5366890000.0,5124900.0,0.0,0.0,90300000.0,2460100000.0,568100.0,0.0
2023-07-17,61113608.0,5006378.0,3245081.0,21826678.0,4827400.0,3538240000.0,4593160000.0,2926200.0,0.0,0.0,,,548800.0,0.0
2023-07-18,43350244.0,6246779.0,2819990.0,24845402.0,6165200.0,4090010000.0,4824070000.0,2669400.0,0.0,0.0,81100000.0,2591200000.0,491100.0,0.0
2023-07-19,57198712.0,3382111.0,3789764.0,17430817.0,4897100.0,4115670000.0,5112420000.0,2483400.0,0.0,0.0,81900000.0,1983000000.0,434900.0,0.0
2023-07-20,14887776.0,1614901.0,1428001.0,8882979.0,3659100.0,3761770000.0,5128020000.0,5085600.0,0.0,0.0,75600000.0,1807900000.0,369700.0,0.0
2023-07-21,51028788.0,5595959.0,3344051.0,12406608.0,4256500.0,3570190000.0,5254180000.0,2527800.0,0.0,0.0,79400000.0,1637000000.0,499300.0,0.0
2023-07-24,38900724.0,3725945.0,1578494.0,16126676.0,4044800.0,3856250000.0,4083070000.0,1544400.0,0.0,0.0,83500000.0,2212900000.0,525900.0,0.0
2023-07-25,27691160.0,3893158.0,1787904.0,33451729.0,3822600.0,3812470000.0,3812470000.0,1869300.0,0.0,0.0,101000000.0,3670900000.0,721500.0,0.0
2023-07-26,17586968.0,5078377.0,2208464.0,12863553.0,4140400.0,3990290000.0,4322000000.0,2618700.0,0.0,0.0,85200000.0,2136500000.0,830100.0,0.0
2023-07-27,16027612.0,2476002.0,1476242.0,18831164.0,4509600.0,4553210000.0,5115840000.0,3826500.0,0.0,0.0,90900000.0,3028800000.0,591900.0,0.0
2023-07-28,10722548.0,2749568.0,1826314.0,21137706.0,4184900.0,3981010000.0,4453520000.0,2821500.0,0.0,0.0,170500000.0,3094900000.0,497300.0,0.0
2023-07-31,28994208.0,2800980.0,2240619.0,24358211.0,5016000.0,4503600000.0,4934440000.0,1628400.0,0.0,0.0,134300000.0,4327900000.0,454200.0,0.0
2023-08-01,17791060.0,2319335.0,1679011.0,15591619.0,3848500.0,4042370000.0,4633770000.0,1343400.0,0.0,0.0,110800000.0,3013600000.0,493600.0,0.0
2023-08-02,48022884.0,7204713.0,4285216.0,19205283.0,4905400.0,4270710000.0,5481960000.0,4657800.0,0.0,0.0,124200000.0,2958200000.0,704700.0,0.0
2023-08-03,,,,,,4149120000.0,6036970000.0,4354800.0,0.0,0.0,120300000.0,2488100000.0,789400.0,0.0
2023-08-04,26939664.0,5542871.0,2316638.0,11686690.0,3836700.0,4143310000.0,5349450000.0,4139400.0,0.0,0.0,106600000.0,2771500000.0,645800.0,0.0
2023-08-07,18407492.0,4962708.0,2651681.0,8607240.0,3358800.0,3493920000.0,4892330000.0,2262900.0,0.0,0.0,94100000.0,2277000000.0,504100.0,0.0
2023-08-08,42070044.0,5397653.0,2176206.0,8359876.0,3689000.0,3884910000.0,5284550000.0,2767500.0,0.0,0.0,91800000.0,3491000000.0,637000.0,0.0
2023-08-09,14657596.0,2697665.0,1300368.0,5348463.0,3230500.0,3803100000.0,5591360000.0,3228000.0,0.0,0.0,104500000.0,2264200000.0,466000.0,0.0
2023-08-10,43583592.0,5255684.0,3277548.0,11208084.0,3822300.0,4504370000.0,5299080000.0,3831600.0,0.0,0.0,108000000.0,2598300000.0,566500.0,0.0
2023-08-11,30991408.0,3833019.0,1489677.0,6514714.0,3143400.0,3753290000.0,4638880000.0,3882000.0,0.0,0.0,,3363800000.0,672200.0,0.0
2023-08-14,90266740.0,10539582.0,4459271.0,11002064.0,3754700.0,3896410000.0,4272020000.0,3127200.0,0.0,0.0,95600000.0,3890500000.0,622800.0,0.0
2023-08-15,29644352.0,3484892.0,1100887.0,10065190.0,3164800.0,3832250000.0,4473320000.0,2276700.0,0.0,0.0,75100000.0,2668400000.0,,0.0
2023-08-16,72292252.0,8488278.0,4732128.0,9665851.0,3521200.0,3753910000.0,6243760000.0,2840100.0,0.0,0.0,84800000.0,2823600000.0,683200.0,0.0
2023-08-17,38535436.0,4267754.0,2100006.0,10447387.0,3718500.0,3943700000.0,5280180000.0,2624400.0,0.0,0.0,87700000.0,3160900000.0,733900.0,0.0
2023-08-18,30402880.0,3525907.0,1979786.0,14847210.0,3834000.0,3940400000.0,4801910000.0,2315700.0,0.0,0.0,74800000.0,3049400000.0,556400.0,0.0
2023-08-21,40236924.0,3340312.0,1778185.0,6870825.0,2647300.0,3726850000.0,4363070000.0,2757900.0,0.0,0.0,69500000.0,3141900000.0,398600.0,0.0
2023-08-22,14564580.0,1649178.0,693769.0,6217667.0,2929100.0,3522760000.0,4282430000.0,2055300.0,0.0,0.0,70200000.0,2895700000.0,471000.0,0.0
2023-08-23,27136280.0,2604803.0,919301.0,5254437.0,3025900.0,3837270000.0,4127850000.0,3027300.0,0.0,0.0,65100000.0,2499700000.0,546200.0,0.0
2023-08-24,26694756.0,3940602.0,1182170.0,16687079.0,3988000.0,3723470000.0,4383820000.0,4848600.0,0.0,0.0,73400000.0,2758900000.0,440300.0,0.0
2023-08-25,28754872.0,2769907.0,1713181.0,9661149.0,3217200.0,3296180000.0,3970060000.0,3435900.0,0.0,0.0,65700000.0,2467700000.0,576400.0,0.0
2023-08-28,17258996.0,3486527.0,1893685.0,4388799.0,3052400.0,2957230000.0,3666680000.0,1689300.0,0.0,0.0,69900000.0,2985800000.0,483000.0,0.0
2023-08-29,25960364.0,2329438.0,1113771.0,5188240.0,2649500.0,3354820000.0,4748180000.0,2730000.0,0.0,0.0,77500000.0,3071200000.0,440700.0,0.0
2023-08-30,22997780.0,1388643.0,741362.0,4902099.0,2979300.0,3064110000.0,4364600000.0,3073800.0,0.0,0.0,89100000.0,3288700000.0,363000.0,0.0
2023-08-31,17424156.0,1977302.0,1094734.0,3079868.0,3812000.0,3946360000.0,4568610000.0,2109000.0,0.0,0.0,114600000.0,4074900000.0,471900.0,0.0
2023-09-01,12327708.0,2230793.0,850235.0,3140905.0,3194100.0,3246260000.0,4033960000.0,1891200.0,0.0,0.0,88400000.0,,492400.0,0.0
2023-09-04,13690652.0,2543759.0,875156.0,6432591.0,2734900.0,,,,0.0,,89600000.0,4040300000.0,342100.0,
2023-09-05,14489636.0,1511067.0,741317.0,6207202.0,2626500.0,3526250000.0,4379790000.0,1871100.0,0.0,0.0,91300000.0,2315700000.0,383400.0,0.0
2023-09-06,29338084.0,4127223.0,2995072.0,7757828.0,3123200.0,3418850000.0,4215320000.0,2008200.0,0.0,0.0,94200000.0,2352900000.0,421500.0,0.0
2023-09-07,22600776.0,2384671.0,1616219.0,4040623.0,2727400.0,3763760000.0,4320830000.0,3877500.0,0.0,0.0,100200000.0,2123300000.0,376600.0,0.0
2023-09-08,22110532.0,2928644.0,1741818.0,5745952.0,2492600.0,3259290000.0,4160360000.0,1333800.0,0.0,0.0,114100000.0,,395800.0,0.0
2023-09-11,33026528.0,3960167.0,2683143.0,8814070.0,3098400.0,3369920000.0,4538870000.0,1422900.0,0.0,0.0,84200000.0,2522400000.0,410300.0,0.0
2023-09-12,10398692.0,1694811.0,1154222.0,6122183.0,2744800.0,3435740000.0,4595490000.0,1720500.0,0.0,0.0,94000000.0,1887100000.0,358700.0,0.0
2023-09-13,12823132.0,1859118.0,1261140.0,5476878.0,2656800.0,3529430000.0,4840310000.0,2927700.0,0.0,0.0,98100000.0,1866000000.0,417000.0,0.0
2023-09-14,28711600.0,1696620.0,1679354.0,9964631.0,3031000.0,3648720000.0,4649010000.0,2022000.0,0.0,0.0,112100000.0,2013800000.0,411800.0,0.0
2023-09-15,22933528.0,2835965.0,1489692.0,12970928.0,4307600.0,6932230000.0,8162210000.0,2901000.0,0.0,0.0,166600000.0,2781400000.0,441100.0,0.0
2023-09-18,28383636.0,4935142.0,3451563.0,5083811.0,2642300.0,3161230000.0,4855880000.0,1722600.0,0.0,0.0,,1691500000.0,415900.0,0.0
2023-09-19,16069368.0,1899186.0,1620447.0,4963806.0,2872700.0,3614880000.0,4453460000.0,1553700.0,0.0,0.0,117200000.0,1778200000.0,461800.0,0.0
2023-09-20,23793164.0,2732510.0,1252981.0,5356671.0,2959400.0,3308450000.0,4782440000.0,2122800.0,0.0,0.0,113500000.0,1657100000.0,414700.0,0.0
2023-09-21,84682840.0,7139877.0,5833851.0,10987904.0,2823600.0,3662340000.0,5014890000.0,2532900.0,0.0,0.0,107900000.0,2046400000.0,394700.0,0.0
2023-09-22,38237532.0,4141276.0,2819821.0,7717944.0,2268200.0,3349570000.0,4302700000.0,2395500.0,0.0,0.0,109800000.0,1924100000.0,433200.0,0.0
2023-09-25,15972528.0,2181051.0,1216319.0,4103731.0,2049400.0,3195650000.0,4100290000.0,1587600.0,0.0,0.0,82100000.0,1552400000.0,438600.0,0.0
2023-09-26,40307016.0,5707942.0,3144255.0,5217636.0,2412200.0,3472340000.0,4693540000.0,2349000.0,0.0,0.0,86500000.0,1909400000.0,427500.0,0.0
2023-09-27,26110120.0,2674012.0,2219796.0,3329660.0,2187900.0,3875880000.0,4841410000.0,2727300.0,0.0,0.0,105600000.0,1571600000.0,366200.0,0.0
2023-09-28,22157308.0,2561556.0,2158710.0,5712762.0,2477900.0,3846230000.0,4648390000.0,3674400.0,0.0,0.0,115900000.0,1997100000.0,,0.0
2023-09-29,,,,,,3865960000.0,5138500000.0,2802600.0,0.0,0.0,132000000.0,1839900000.0,,0.0
2023-10-02,25845048.0,2251966.0,1842568.0,9581157.0,2669600.0,3938660000.0,4554700000.0,2466600.0,0.0,0.0,103100000.0,,,0.0
2023-10-03,20273816.0,2383073.0,1785593.0,6332462.0,2697100.0,3953830000.0,4684310000.0,2685900.0,0.0,0.0,109600000.0,2102900000.0,,0.0
2023-10-04,44900108.0,3853349.0,1899121.0,4988123.0,2624800.0,3777600000.0,4308070000.0,3280200.0,0.0,0.0,137200000.0,1294700000.0,424900.0,0.0
2023-10-05,16421960.0,2017394.0,1486309.0,6170996.0,2503200.0,3581470000.0,4167470000.0,1902300.0,0.0,0.0,114200000.0,1088300000.0,451700.0,0.0
2023-10-06,19539980.0,3514294.0,2212391.0,6182210.0,2296800.0,3902030000.0,4309420000.0,3818700.0,0.0,0.0,94600000.0,1141200000.0,289400.0,0.0
2023-10-09,,,,,,3174630000.0,3835930000.0,2082000.0,0.0,0.0,,1221300000.0,,0.0
2023-10-10,,,,,,3520240000.0,4301350000.0,1863300.0,0.0,0.0,101000000.0,1596800000.0,415500.0,0.0
2023-10-11,53988076.0,3353580.0,2371916.0,10755829.0,3635100.0,3601660000.0,4160440000.0,2983200.0,0.0,0.0,89500000.0,2029100000.0,446900.0,0.0
2023-10-12,57188056.0,3247692.0,1524985.0,8992314.0,2917100.0,3713140000.0,4858620000.0,3051600.0,0.0,0.0,100600000.0,3861600000.0,515500.0,0.0
2023-10-13,25451284.0,2335602.0,2286404.0,7725176.0,2955800.0,3566560000.0,4251550000.0,2544900.0,0.0,0.0,91500000.0,2139700000.0,582400.0,0.0
2023-10-16,30968164.0,3905422.0,2134931.0,7178314.0,2843500.0,3409960000.0,4308690000.0,1732500.0,0.0,0.0,84500000.0,1904600000.0,788400.0,0.0
2023-10-17,27344148.0,1933450.0,671822.0,4650758.0,2965400.0,3794850000.0,4417640000.0,2450100.0,0.0,0.0,75600000.0,1731000000.0,508800.0,0.0
2023-10-18,38264128.0,3552529.0,2051399.0,10152906.0,3844900.0,3686030000.0,4617140000.0,2865900.0,0.0,0.0,83200000.0,1937500000.0,911500.0,0.0
2023-10-19,31304980.0,2030342.0,1029378.0,7557543.0,2608200.0,3969730000.0,5014790000.0,4398300.0,0.0,0.0,80700000.0,2272500000.0,756900.0,0.0
2023-10-20,17549164.0,3689607.0,2797817.0,13598144.0,3035200.0,4004030000.0,4622840000.0,3013200.0,0.0,0.0,84500000.0,1989900000.0,520600.0,0.0
2023-10-23,32149280.0,3164831.0,1714369.0,7805829.0,2273100.0,3776100000.0,4669060000.0,2846100.0,0.0,0.0,73500000.0,,395900.0,0.0
2023-10-24,28788744.0,3364799.0,2247564.0,9261909.0,2642000.0,3821820000.0,4604720000.0,2233500.0,0.0,0.0,97900000.0,2116200000.0,444200.0,0.0
2023-10-25,15920360.0,3637231.0,853990.0,4836591.0,2667800.0,3869370000.0,4599850000.0,3244200.0,0.0,0.0,78700000.0,2499900000.0,440800.0,0.0
2023-10-26,87896488.0,7870642.0,4714373.0,10690094.0,2572100.0,4277640000.0,4894900000.0,4508100.0,0.0,0.0,85600000.0,1967200000.0,531100.0,0.0
2023-10-27,16275748.0,2673523.0,1362598.0,10417109.0,2142800.0,4019500000.0,4172100000.0,2436900.0,0.0,0.0,89100000.0,2452100000.0,514900.0,0.0
2023-10-30,36553408.0,4911640.0,2601834.0,3699582.0,2250800.0,3911140000.0,4149320000.0,2743200.0,0.0,0.0,187000000.0,2665200000.0,444800.0,0.0
2023-10-31,43123508.0,5322500.0,1775741.0,7199294.0,2703600.0,4249470000.0,4315630000.0,1911600.0,0.0,0.0,134300000.0,2112800000.0,395000.0,0.0
2023-11-01,17689308.0,2621039.0,1423697.0,4078815.0,2183800.0,4224900000.0,4545120000.0,3542100.0,0.0,0.0,130100000.0,1529300000.0,358200.0,0.0
2023-11-02,39232848.0,3014068.0,1132076.0,5920447.0,2464200.0,4669780000.0,4962950000.0,2726700.0,0.0,0.0,121100000.0,1802700000.0,377500.0,0.0
2023-11-03,34794272.0,2882386.0,1696287.0,3886459.0,2809400.0,4570960000.0,4918750000.0,2326800.0,0.0,0.0,,1998700000.0,578700.0,0.0
2023-11-06,63692796.0,5152446.0,3450750.0,8467598.0,2709700.0,3656340000.0,4345850000.0,1740000.0,0.0,0.0,139400000.0,2764100000.0,528600.0,0.0
2023-11-07,26172452.0,1991575.0,1549612.0,3268217.0,2180100.0,3791230000.0,4354460000.0,1556400.0,0.0,0.0,106700000.0,1971200000.0,457700.0,0.0
2023-11-08,44402716.0,4009535.0,2448997.0,8811346.0,2664300.0,3729510000.0,4685550000.0,2233800.0,0.0,0.0,156200000.0,2140800000.0,467200.0,0.0
2023-11-09,24907492.0,3505534.0,2073469.0,7872521.0,2433800.0,3900780000.0,5313970000.0,2383200.0,0.0,0.0,115500000.0,1643800000.0,395000.0,0.0
2023-11-10,17006284.0,3119690.0,3892524.0,4604123.0,2157500.0,3665080000.0,4722140000.0,2229000.0,0.0,0.0,111300000.0,1674500000.0,312500.0,0.0
2023-11-13,101550224.0,5978812.0,3523767.0,12415344.0,2512400.0,3326240000.0,4349590000.0,1956000.0,0.0,0.0,90600000.0,1440300000.0,307100.0,0.0
2023-11-14,80377828.0,3799971.0,5184487.0,11131936.0,2619800.0,4700350000.0,5332490000.0,2765100.0,0.0,0.0,88100000.0,1449300000.0,307000.0,0.0
2023-11-15,91164196.0,5766805.0,7398848.0,14218647.0,3950300.0,4347170000.0,5063830000.0,5104800.0,0.0,0.0,123800000.0,2908700000.0,419800.0,0.0
2023-11-16,73317344.0,4257414.0,6902967.0,9372539.0,3308400.0,3964520000.0,4545180000.0,2275500.0,0.0,0.0,94200000.0,1880200000.0,407400.0,0.0
2023-11-17,108590352.0,3738079.0,4210341.0,17804080.0,3186300.0,3777240000.0,4408640000.0,1815300.0,0.0,0.0,93200000.0,1945000000.0,388200.0,0.0
2023-11-20,34641500.0,3436194.0,2154839.0,8341814.0,3044800.0,3644790000.0,4561810000.0,1482000.0,0.0,0.0,94900000.0,1964600000.0,323800.0,0.0
2023-11-21,113513384.0,5219057.0,3484597.0,23887034.0,3727100.0,3511080000.0,4128600000.0,3018600.0,0.0,0.0,91900000.0,2090400000.0,345100.0,0.0
2023-11-22,24548288.0,2113003.0,1719041.0,7354882.0,3167500.0,3042810000.0,3855240000.0,2044200.0,0.0,0.0,75600000.0,1235800000.0,439500.0,0.0
2023-11-23,24937264.0,1664954.0,1563680.0,5917705.0,3179200.0,,,,0.0,,,1672000000.0,360900.0,
2023-11-24,53237608.0,1631349.0,851263.0,4986563.0,3037300.0,1639500000.0,2541840000.0,516600.0,0.0,0.0,80700000.0,1298200000.0,359400.0,0.0
2023-11-27,37727104.0,5327343.0,3604773.0,7355773.0,3164500.0,3403990000.0,4205880000.0,1816800.0,0.0,0.0,82700000.0,1502700000.0,364700.0,0.0
2023-11-28,38275884.0,2190716.0,3189692.0,7197257.0,3435400.0,3586240000.0,4474400000.0,1852200.0,0.0,0.0,84100000.0,1785800000.0,442400.0,0.0
2023-11-29,26470308.0,2314721.0,2111435.0,9967888.0,3414100.0,4418760000.0,4890220000.0,3665700.0,0.0,0.0,89200000.0,2810100000.0,579300.0,0.0
2023-11-30,43669324.0,1791284.0,3014446.0,5263647.0,4478400.0,5399300000.0,5678070000.0,2419500.0,0.0,0.0,152200000.0,3014000000.0,664300.0,0.0
2023-12-01,21198560.0,2428659.0,2311533.0,6065101.0,3399000.0,4397120000.0,5607000000.0,1719600.0,0.0,0.0,87600000.0,2434400000.0,516600.0,0.0
2023-12-04,17596136.0,2217799.0,1667510.0,4475405.0,3929200.0,4369910000.0,6270020000.0,1810500.0,0.0,0.0,87300000.0,2476100000.0,498900.0,0.0
2023-12-05,19111864.0,3435279.0,2472765.0,7328373.0,3623500.0,3909950000.0,6179120000.0,2568300.0,0.0,0.0,86100000.0,2682400000.0,427100.0,0.0
2023-12-06,28548196.0,4349619.0,2444832.0,7937409.0,3307100.0,4245680000.0,5167030000.0,2683500.0,0.0,0.0,91200000.0,1986800000.0,391000.0,0.0
2023-12-07,10954636.0,1590832.0,1991952.0,4437182.0,3368200.0,3818880000.0,5694310000.0,1916700.0,0.0,0.0,105100000.0,1947300000.0,446900.0,0.0
2023-12-08,52095808.0,2236745.0,2425837.0,7360211.0,3155300.0,3707010000.0,5430840000.0,4207200.0,0.0,0.0,144200000.0,1877200000.0,431800.0,0.0
2023-12-11,12519352.0,1779546.0,1295950.0,5048564.0,3003300.0,3823210000.0,5607820000.0,3977100.0,0.0,0.0,105800000.0,2532300000.0,435000.0,0.0
2023-12-12,21902040.0,2055906.0,2454396.0,7713046.0,3356500.0,3808380000.0,4950100000.0,2226600.0,0.0,0.0,98100000.0,1980800000.0,378000.0,0.0
2023-12-13,11761744.0,2277424.0,2676582.0,12454741.0,3410000.0,5063650000.0,6732040000.0,5724900.0,0.0,0.0,100000000.0,1863300000.0,377900.0,0.0
2023-12-14,128026068.0,7179105.0,3569617.0,33511992.0,4072600.0,6314040000.0,8033170000.0,3372300.0,0.0,0.0,133400000.0,2341700000.0,530100.0,0.0
2023-12-15,73515340.0,7678259.0,4361428.0,16475813.0,5019300.0,8218980000.0,8377630000.0,3956100.0,0.0,0.0,141100000.0,3900300000.0,465300.0,0.0
2023-12-18,26607988.0,4971625.0,3516305.0,10605766.0,3975400.0,4060340000.0,5866080000.0,2272200.0,0.0,0.0,106900000.0,1566600000.0,383000.0,0.0
2023-12-19,22424988.0,3003006.0,1540800.0,6721699.0,3914800.0,4026970000.0,5757180000.0,1910100.0,0.0,0.0,106300000.0,1521500000.0,392500.0,0.0
2023-12-20,26463340.0,2462108.0,1872200.0,27408366.0,4182900.0,4201320000.0,6294700000.0,3355800.0,0.0,0.0,118000000.0,1647300000.0,570400.0,0.0
2023-12-21,21419804.0,1854310.0,2235709.0,6715439.0,4021800.0,3431180000.0,5465640000.0,2589300.0,0.0,0.0,95600000.0,1404400000.0,578300.0,0.0
2023-12-22,24816776.0,3291072.0,1590274.0,15591449.0,3700300.0,3046770000.0,4796600000.0,2363400.0,0.0,0.0,89400000.0,2197600000.0,466000.0,0.0
2023-12-25,32321648.0,2948382.0,1522257.0,20418707.0,3027400.0,,,,0.0,,58900000.0,,,
2023-12-26,67267856.0,4852451.0,7047168.0,15298673.0,2900000.0,2513910000.0,6120600000.0,1906500.0,0.0,0.0,68300000.0,,439500.0,0.0
2023-12-27,119800140.0,6587778.0,4561936.0,26560042.0,3378000.0,2748450000.0,7480170000.0,1877400.0,0.0,0.0,93700000.0,2228100000.0,349700.0,0.0
2023-12-28,59393184.0,4817329.0,2669061.0,9305984.0,3289700.0,2698860000.0,5090570000.0,1053000.0,0.0,0.0,73300000.0,2301300000.0,460100.0,0.0
2023-12-29,52446432.0,2377629.0,5341730.0,12314289.0,2868000.0,3126060000.0,5441060000.0,1452300.0,0.0,0.0,89000000.0,1570100000.0,,0.0
2024-01-01,,,,,,,,,0.0,,,,,
2024-01-02,23688304.0,2839850.0,3555753.0,9360870.0,3254000.0,3743050000.0,5791170000.0,3256800.0,0.0,0.0,,1720700000.0,409900.0,0.0
2024-01-03,54189900.0,6382057.0,3669462.0,23201139.0,3095000.0,3950760000.0,5449950000.0,4069800.0,0.0,0.0,,1577500000.0,463100.0,0.0
2024-01-04,18270372.0,2976905.0,1661322.0,11777674.0,3096700.0,3715480000.0,5289220000.0,3737100.0,0.0,0.0,117300000.0,1789300000.0,770200.0,0.0
2024-01-05,15998684.0,2577533.0,2260149.0,13609437.0,3084900.0,3844370000.0,5232820000.0,3888900.0,0.0,0.0,115300000.0,1936600000.0,520500.0,0.0
2024-01-08,37578880.0,4169890.0,3504957.0,13293604.0,3044600.0,3742320000.0,6337770000.0,3202200.0,0.0,0.0,,2227200000.0,320100.0,0.0
2024-01-09,22804060.0,2222119.0,1751026.0,9329600.0,3213400.0,3529960000.0,5068410000.0,2944200.0,0.0,0.0,112100000.0,1937400000.0,790300.0,0.0
2024-01-10,27125880.0,2856528.0,1440838.0,10257205.0,2843300.0,3498680000.0,4404590000.0,2821800.0,0.0,0.0,106000000.0,1788100000.0,570000.0,0.0
2024-01-11,22504312.0,2105103.0,2259087.0,14512063.0,2880100.0,3759890000.0,5044690000.0,3692100.0,0.0,0.0,130100000.0,1970900000.0,788400.0,0.0
2024-01-12,25937588.0,3444011.0,1249580.0,10678808.0,2596200.0,3486340000.0,4958940000.0,2277000.0,0.0,0.0,129200000.0,1534600000.0,790200.0,0.0
2024-01-15,0.0,0.0,0.0,0.0,0.0,,,,0.0,,105700000.0,1368400000.0,800000.0,
2024-01-16,87905184.0,7100004.0,3850707.0,32360140.0,3415100.0,4260550000.0,6386180000.0,4151400.0,0.0,0.0,103400000.0,2139200000.0,659600.0,0.0
2024-01-17,145373216.0,5515147.0,2659385.0,26327870.0,3977500.0,3928600000.0,5181740000.0,4971000.0,0.0,0.0,139500000.0,3952300000.0,965600.0,0.0
2024-01-18,28368372.0,2923499.0,996654.0,10579001.0,3027100.0,4019000000.0,5587440000.0,3552000.0,0.0,0.0,100300000.0,2816000000.0,570000.0,0.0
2024-01-19,104149832.0,9726878.0,4710333.0,23357702.0,3364900.0,4287200000.0,5604950000.0,5326800.0,0.0,0.0,104100000.0,2242300000.0,518800.0,0.0
2024-01-22,51769732.0,5353117.0,2764325.0,15035124.0,3480100.0,4297610000.0,5456240000.0,5288400.0,0.0,0.0,100000000.0,2812400000.0,386600.0,0.0
2024-01-23,27609740.0,4540837.0,2773839.0,8766287.0,3182700.0,3912800000.0,5207680000.0,3282000.0,0.0,0.0,111500000.0,2804000000.0,472300.0,0.0
2024-01-24,56681432.0,2946520.0,2032592.0,7094803.0,2687500.0,4330030000.0,4983210000.0,6283800.0,0.0,0.0,108600000.0,3597700000.0,395500.0,0.0
2024-01-25,104278032.0,6660832.0,4471819.0,22138481.0,2496500.0,4020430000.0,5281570000.0,3916800.0,0.0,0.0,94600000.0,4096400000.0,357200.0,0.0
2024-01-26,63300248.0,8314139.0,2330570.0,7067177.0,2484900.0,3353400000.0,4510530000.0,5781300.0,0.0,0.0,109600000.0,3314000000.0,292700.0,0.0
2024-01-29,106544936.0,3133609.0,3664538.0,14384412.0,2167700.0,3525160000.0,4979310000.0,3467400.0,0.0,0.0,95500000.0,2923200000.0,421800.0,0.0
2024-01-30,38244096.0,3527389.0,2854008.0,15769093.0,2422700.0,3836130000.0,4719240000.0,3059100.0,0.0,0.0,87900000.0,2565500000.0,481800.0,0.0
2024-01-31,27139568.0,4006477.0,1836679.0,5067528.0,2303000.0,4696120000.0,5875610000.0,6573600.0,0.0,0.0,111100000.0,2594900000.0,437600.0,0.0
2024-02-01,33583900.0,3786058.0,2285280.0,7538309.0,2620500.0,4386090000.0,5046920000.0,3464100.0,0.0,0.0,118100000.0,2454600000.0,751100.0,0.0
2024-02-02,35616952.0,2872494.0,2232603.0,6356885.0,2697800.0,3974350000.0,4800690000.0,4801200.0,0.0,0.0,114800000.0,2476000000.0,588700.0,0.0
2024-02-05,68850940.0,3459361.0,2336821.0,15404185.0,2575800.0,4023640000.0,4831020000.0,4735200.0,0.0,0.0,130500000.0,2313300000.0,511700.0,0.0
2024-02-06,,,,,,4440880000.0,4759640000.0,3624000.0,0.0,0.0,134700000.0,3314200000.0,411600.0,0.0
2024-02-07,,,,,,4895590000.0,4567580000.0,4839300.0,0.0,0.0,126500000.0,2809600000.0,518200.0,0.0
2024-02-08,,,,,,4341860000.0,5675850000.0,2760900.0,0.0,0.0,151000000.0,1940600000.0,430000.0,0.0
2024-02-09,,,,,,3912990000.0,5797260000.0,3518700.0,0.0,0.0,146800000.0,745500000.0,,0.0
2024-02-12,,,,,,3805740000.0,5458490000.0,4299900.0,0.0,0.0,,,,0.0
2024-02-13,,,,,,4302190000.0,5599860000.0,6551400.0,0.0,0.0,140500000.0,,559400.0,0.0
2024-02-14,,,,,,3845600000.0,5092660000.0,3236400.0,0.0,0.0,120300000.0,1403000000.0,543500.0,0.0
2024-02-15,166902248.0,12212344.0,7120088.0,43233095.0,3727500.0,4137970000.0,6049100000.0,2845500.0,0.0,0.0,130000000.0,1056900000.0,621400.0,0.0
2024-02-16,70613876.0,4879908.0,4059989.0,12871515.0,3658600.0,3833270000.0,5223800000.0,4103100.0,0.0,0.0,151700000.0,1743000000.0,593800.0,0.0
2024-02-19,35994992.0,3684396.0,4737435.0,9225096.0,3839600.0,,,,0.0,,102000000.0,2185800000.0,422700.0,
2024-02-20,53273328.0,3327542.0,7076380.0,14544000.0,3375300.0,4034880000.0,5595700000.0,5547600.0,0.0,0.0,108500000.0,2205900000.0,612700.0,0.0
2024-02-21,41419940.0,1969242.0,8621859.0,10108923.0,3295300.0,3788390000.0,4845740000.0,4471500.0,0.0,0.0,104700000.0,3844300000.0,562100.0,0.0
2024-02-22,49482432.0,4522135.0,8610090.0,21422729.0,3580200.0,4051710000.0,5653930000.0,6676500.0,0.0,0.0,122900000.0,2739700000.0,456400.0,0.0
2024-02-23,76632740.0,4931105.0,4816407.0,33196124.0,3696800.0,3672790000.0,5077910000.0,5105100.0,0.0,0.0,,2903100000.0,415400.0,0.0
2024-02-26,39179224.0,4093376.0,3794559.0,17590732.0,3220600.0,3683930000.0,5417630000.0,3759000.0,0.0,0.0,125700000.0,2253500000.0,530500.0,0.0
2024-02-27,23922688.0,3633423.0,3920330.0,13777627.0,3784600.0,3925950000.0,5423020000.0,4560900.0,0.0,0.0,119100000.0,2423900000.0,574300.0,0.0
2024-02-28,,,,,,3789370000.0,5581690000.0,2923800.0,0.0,0.0,119900000.0,2587700000.0,421600.0,0.0
2024-02-29,27390448.0,3438425.0,3276916.0,13617364.0,3892000.0,5219740000.0,6265340000.0,3382800.0,0.0,0.0,166000000.0,3380800000.0,496100.0,0.0
2024-03-01,34647028.0,3894477.0,2231987.0,13048841.0,3350500.0,4748110000.0,5457910000.0,6123000.0,0.0,0.0,122800000.0,2880700000.0,,0.0
2024-03-04,97571592.0,5869637.0,11370352.0,27653979.0,4014800.0,4758440000.0,5725470000.0,7328400.0,0.0,0.0,119400000.0,2519000000.0,404000.0,0.0
2024-03-05,65483708.0,4919564.0,4714236.0,19214110.0,3826500.0,4418410000.0,6356800000.0,7260000.0,0.0,0.0,115200000.0,2697900000.0,457200.0,0.0
2024-03-06,66132768.0,7467152.0,5845407.0,19071782.0,3886200.0,4559050000.0,5511370000.0,5531700.0,0.0,0.0,112900000.0,2488700000.0,379000.0,0.0
2024-03-07,118461268.0,6475910.0,10536831.0,25571481.0,4581400.0,4137980000.0,5072790000.0,4799600.0,0.0,0.0,137200000.0,2535400000.0,462900.0,0.0
2024-03-08,115837004.0,10068413.0,14437303.0,36483358.0,4903500.0,4208870000.0,5411790000.0,10483000.0,0.0,0.0,143300000.0,2596300000.0,454300.0,0.0
2024-03-11,52057640.0,5694562.0,3484564.0,15675497.0,3536700.0,3896430000.0,4917620000.0,4499800.0,0.0,0.0,132900000.0,2494000000.0,389800.0,0.0
2024-03-12,58684560.0,3679272.0,2951919.0,15548165.0,4044500.0,4080510000.0,5100330000.0,3598400.0,0.0,0.0,112900000.0,4001800000.0,404000.0,0.0
2024-03-13,51296604.0,4955842.0,2744626.0,14649210.0,4854900.0,4282890000.0,4839000000.0,3264600.0,0.0,0.0,105400000.0,2801000000.0,497200.0,0.0
2024-03-14,33274472.0,3268995.0,5782768.0,14228524.0,4476200.0,4687970000.0,5450980000.0,4662100.0,0.0,0.0,111100000.0,2699100000.0,609300.0,0.0
2024-03-15,34403816.0,3283850.0,2484390.0,19757663.0,5186200.0,7753670000.0,8261950000.0,4105300.0,0.0,0.0,167100000.0,3776700000.0,582100.0,0.0
2024-03-18,71751072.0,5576798.0,4543876.0,18234168.0,3761200.0,4036220000.0,5025040000.0,3143300.0,0.0,0.0,128700000.0,2241800000.0,408200.0,0.0
2024-03-19,34279156.0,3838089.0,2278131.0,16463704.0,4061600.0,4031760000.0,4758740000.0,3558700.0,0.0,0.0,134700000.0,2433600000.0,695900.0,0.0
2024-03-20,40321616.0,3989576.0,2273488.0,16017590.0,4499200.0,4064850000.0,5298380000.0,3386600.0,0.0,0.0,,2291700000.0,720500.0,0.0
2024-03-21,79843224.0,5031863.0,4813249.0,27019205.0,4424400.0,4207730000.0,5134740000.0,4059800.0,0.0,0.0,157200000.0,3221000000.0,823700.0,0.0
2024-03-22,27109996.0,4367837.0,4511272.0,18997126.0,4690300.0,3374700000.0,4339930000.0,2658900.0,0.0,0.0,136100000.0,3110400000.0,509500.0,0.0
2024-03-25,34332452.0,3787938.0,2009750.0,7796356.0,3611700.0,3331360000.0,4636940000.0,2283500.0,0.0,0.0,101500000.0,2624500000.0,489600.0,0.0
2024-03-26,26127772.0,6704546.0,7439062.0,14420432.0,4582900.0,3871790000.0,5144260000.0,4414200.0,0.0,0.0,101400000.0,2745800000.0,448300.0,0.0
2024-03-27,17547948.0,4414936.0,7203666.0,13261667.0,3865800.0,3850500000.0,4768930000.0,4161700.0,0.0,0.0,121300000.0,2769900000.0,510600.0,0.0
2024-03-28,12641392.0,3028411.0,5613339.0,18852928.0,4294000.0,3998270000.0,5174450000.0,1794300.0,0.0,0.0,135600000.0,3203400000.0,419300.0,0.0
2024-03-29,20572000.0,1933000.0,2649000.0,10939000.0,4231500.0,,,,0.0,,122000000.0,,495500.0,
2024-04-01,21344696.0,3178274.0,2221207.0,13326553.0,3144500.0,3325930000.0,4798390000.0,3000900.0,0.0,0.0,134500000.0,,397600.0,0.0
2024-04-02,29364088.0,3347939.0,2511702.0,18124872.0,3410300.0,3886590000.0,4710280000.0,2383500.0,0.0,0.0,115800000.0,3983100000.0,630400.0,0.0
2024-04-03,18550252.0,3824520.0,4719789.0,8115556.0,3449300.0,3703250000.0,5151500000.0,1860600.0,0.0,0.0,123200000.0,2667400000.0,640800.0,0.0
2024-04-04,,,,,,4075680000.0,5368700000.0,3744000.0,0.0,0.0,145100000.0,,478000.0,0.0
2024-04-05,,,,,,3386780000.0,4578130000.0,2428300.0,0.0,0.0,129600000.0,1804400000.0,621000.0,0.0
2024-04-08,22629184.0,5197996.0,2898047.0,7192793.0,3597800.0,3278180000.0,4386700000.0,1866900.0,0.0,0.0,108300000.0,2636800000.0,620700.0,0.0
2024-04-09,32581692.0,4059945.0,7152979.0,11934539.0,4638900.0,3400680000.0,4869190000.0,3170100.0,0.0,0.0,105900000.0,2120100000.0,470200.0,0.0
2024-04-10,21203720.0,2959208.0,4944835.0,13618953.0,4529300.0,3845930000.0,5308250000.0,3610500.0,0.0,0.0,97400000.0,2549100000.0,,0.0
2024-04-11,17270700.0,4120034.0,4249541.0,7020518.0,4546200.0,3509380000.0,4714750000.0,2455300.0,0.0,0.0,107000000.0,2480500000.0,561300.0,0.0
2024-04-12,23321576.0,2875910.0,2138451.0,13219855.0,4725000.0,3963220000.0,4552740000.0,3210400.0,0.0,0.0,107100000.0,2840300000.0,513700.0,0.0
2024-04-15,31563124.0,6489935.0,8672985.0,15581809.0,4754200.0,3950210000.0,4910550000.0,3170800.0,0.0,0.0,107000000.0,2561800000.0,562000.0,0.0
2024-04-16,66621548.0,13516395.0,10066036.0,22175493.0,5377200.0,4006200000.0,5001860000.0,2452300.0,0.0,0.0,133000000.0,3092900000.0,570200.0,0.0
2024-04-17,30823556.0,3160215.0,3811490.0,12271501.0,3987800.0,3596130000.0,4991470000.0,4798600.0,0.0,0.0,120600000.0,2450500000.0,414300.0,0.0
2024-04-18,26278092.0,3632207.0,2562338.0,6705311.0,4862300.0,3619760000.0,4932540000.0,5372700.0,0.0,0.0,105800000.0,3228000000.0,478800.0,0.0
2024-04-19,121590104.0,23274016.0,11138020.0,30136914.0,7130900.0,3878750000.0,5316010000.0,6406600.0,0.0,0.0,155400000.0,3393700000.0,809500.0,0.0
2024-04-22,37041220.0,7886956.0,4083617.0,16668585.0,5729000.0,3820250000.0,4616730000.0,4493800.0,0.0,0.0,119400000.0,2915100000.0,401900.0,0.0
2024-04-23,21648704.0,3992377.0,2024748.0,7784074.0,4097700.0,3751400000.0,4951670000.0,3645400.0,0.0,0.0,95900000.0,2993700000.0,430300.0,0.0
2024-04-24,30701016.0,4315196.0,5584043.0,17432034.0,4696300.0,3656740000.0,4735870000.0,4077600.0,0.0,0.0,121100000.0,3314800000.0,325100.0,0.0
2024-04-25,18805640.0,4120009.0,2993611.0,9346271.0,3809400.0,3958050000.0,4743640000.0,3902900.0,0.0,0.0,113900000.0,3147300000.0,334100.0,0.0
2024-04-26,23018032.0,4592394.0,3312018.0,16584796.0,4713100.0,3604140000.0,4694400000.0,3812600.0,0.0,0.0,124900000.0,3851000000.0,450500.0,0.0
2024-04-29,30810776.0,4081007.0,2301728.0,14690389.0,5508500.0,3447450000.0,4972520000.0,3247300.0,0.0,0.0,,4850900000.0,470500.0,0.0
2024-04-30,17931740.0,2593321.0,1162419.0,4636759.0,4326200.0,4082470000.0,5229400000.0,3583500.0,0.0,0.0,151400000.0,3680000000.0,460100.0,0.0
2024-05-01,,,,,,4544170000.0,5277790000.0,7023200.0,0.0,0.0,108500000.0,,,0.0
2024-05-02,24868108.0,3619537.0,1860077.0,8139454.0,4720400.0,4381660000.0,4901610000.0,3955500.0,0.0,0.0,101900000.0,2425000000.0,351100.0,0.0
2024-05-03,22758784.0,2331077.0,1667223.0,5621015.0,4752500.0,3924990000.0,4887310000.0,3467100.0,0.0,0.0,,2476100000.0,338600.0,0.0
2024-05-06,34385032.0,4983080.0,2238431.0,12861048.0,4590100.0,3683250000.0,4460130000.0,2441500.0,0.0,0.0,,3438600000.0,,0.0
2024-05-07,24914944.0,2818237.0,1825804.0,6745443.0,4547600.0,3987890000.0,5041870000.0,2859500.0,0.0,0.0,115200000.0,2494400000.0,532200.0,0.0
2024-05-08,23909068.0,2383876.0,996275.0,12187099.0,4479700.0,3842100000.0,4530190000.0,3212000.0,0.0,0.0,120100000.0,2911700000.0,436300.0,0.0
2024-05-09,20302276.0,2445694.0,2269644.0,13219549.0,4326400.0,3727370000.0,4505120000.0,1874300.0,0.0,0.0,118600000.0,2905000000.0,423800.0,0.0
2024-05-10,38735812.0,2787913.0,1942833.0,5670555.0,5206400.0,3617900000.0,4402110000.0,3079200.0,0.0,0.0,167300000.0,6506900000.0,586100.0,0.0
2024-05-13,36463372.0,4509173.0,2667948.0,8747347.0,4809000.0,4255710000.0,4452750000.0,1843200.0,0.0,0.0,128700000.0,3760600000.0,625300.0,0.0
2024-05-14,30997876.0,2690743.0,1805621.0,9362797.0,5002300.0,4763580000.0,7270240000.0,2149400.0,0.0,0.0,143300000.0,3455200000.0,443300.0,0.0
2024-05-15,58324000.0,4232415.0,8243118.0,12390650.0,5100000.0,4360810000.0,8538990000.0,3106200.0,0.0,0.0,146300000.0,,,0.0
2024-05-16,48239680.0,7812350.0,4299514.0,17127162.0,5601100.0,3817470000.0,11932600000.0,2878400.0,0.0,0.0,157900000.0,5813500000.0,521800.0,0.0
2024-05-17,18716540.0,3381637.0,2035739.0,7728292.0,5081300.0,3578120000.0,9587280000.0,1806100.0,0.0,0.0,133300000.0,4376100000.0,575900.0,0.0
2024-05-20,27022924.0,5298248.0,3044749.0,7796846.0,5277600.0,3420100000.0,6861320000.0,2555300.0,0.0,0.0,127400000.0,3501200000.0,582100.0,0.0
2024-05-21,17396092.0,2494702.0,1846044.0,6853555.0,4601200.0,3662240000.0,6245090000.0,2178700.0,0.0,0.0,106700000.0,3517200000.0,560800.0,0.0
2024-05-22,25594296.0,3972285.0,1890138.0,13020582.0,5382400.0,3847130000.0,7277340000.0,3488500.0,0.0,0.0,105500000.0,2837600000.0,484700.0,0.0
2024-05-23,24008260.0,5244033.0,1889994.0,13797831.0,5498400.0,3869520000.0,7752800000.0,4704800.0,0.0,0.0,107800000.0,3166000000.0,427400.0,0.0
2024-05-24,14620304.0,3466220.0,2194513.0,5109030.0,4233200.0,3005510000.0,5836040000.0,2450100.0,0.0,0.0,96300000.0,3549000000.0,501600.0,0.0
2024-05-27,22741680.0,5851429.0,2828388.0,15244366.0,4877400.0,,,,0.0,,94200000.0,2906100000.0,556700.0,
2024-05-28,22098816.0,4204315.0,1784218.0,6354765.0,4906000.0,3751540000.0,6293380000.0,2824200.0,0.0,0.0,101200000.0,2432700000.0,441000.0,0.0
2024-05-29,27187816.0,5485832.0,2060292.0,7078631.0,5223800.0,3552750000.0,6652480000.0,2061100.0,0.0,0.0,123900000.0,3215600000.0,439000.0,0.0
2024-05-30,37110048.0,8385195.0,2295032.0,13277663.0,4495700.0,3818750000.0,6659290000.0,1536800.0,0.0,0.0,117300000.0,3492800000.0,371900.0,0.0
2024-05-31,33146844.0,7892789.0,2382217.0,12619160.0,7171300.0,5437160000.0,6674090000.0,2991000.0,0.0,0.0,211000000.0,5337100000.0,613700.0,0.0
2024-06-03,35980328.0,7152802.0,2783297.0,8773597.0,4756500.0,4046920000.0,5422040000.0,1815900.0,0.0,0.0,115900000.0,3140900000.0,782300.0,0.0
2024-06-04,31950448.0,6423501.0,5782492.0,18488198.0,4858900.0,3707900000.0,4917350000.0,2246900.0,0.0,0.0,117900000.0,2971500000.0,773500.0,0.0
2024-06-05,18128396.0,4539336.0,6215335.0,11614396.0,4124900.0,3591460000.0,5325000000.0,3749400.0,0.0,0.0,119400000.0,3250800000.0,881500.0,0.0
2024-06-06,68229592.0,9709787.0,7135766.0,18153055.0,4777500.0,3609990000.0,4960580000.0,2261300.0,0.0,0.0,118900000.0,2797700000.0,,0.0
2024-06-07,27000588.0,3280232.0,1841068.0,8617419.0,4981400.0,3692760000.0,4755650000.0,2052600.0,0.0,0.0,96200000.0,3310100000.0,783900.0,0.0
2024-06-10,,,,,,3622280000.0,5207110000.0,1824300.0,0.0,0.0,89200000.0,,506900.0,0.0
2024-06-11,43428272.0,5780287.0,2459682.0,12025981.0,5291900.0,3568030000.0,5009220000.0,1662100.0,0.0,0.0,93300000.0,3528500000.0,558900.0,0.0
2024-06-12,30368844.0,6083668.0,7316043.0,14385596.0,4372000.0,3962840000.0,5560630000.0,3101600.0,0.0,0.0,108200000.0,3139500000.0,511000.0,0.0
2024-06-13,64426456.0,7841447.0,3437731.0,18932293.0,4207100.0,3530380000.0,4916020000.0,3469400.0,0.0,0.0,115900000.0,2331300000.0,700000.0,0.0
2024-06-14,25992432.0,5827803.0,2023812.0,10101169.0,4357100.0,3438650000.0,4973820000.0,2567600.0,0.0,0.0,157100000.0,2621300000.0,645000.0,0.0
2024-06-17,32511172.0,5835511.0,3709180.0,9298047.0,4253400.0,3447840000.0,6061200000.0,3057900.0,0.0,0.0,107500000.0,2118400000.0,594000.0,0.0
2024-06-18,26253244.0,5302669.0,2809420.0,9885662.0,4284500.0,3544330000.0,5796180000.0,3071500.0,0.0,0.0,97100000.0,2550000000.0,561500.0,0.0
2024-06-19,101354688.0,12362822.0,5984373.0,27084973.0,5033100.0,,,,0.0,,93600000.0,3513300000.0,645700.0,
2024-06-20,45286572.0,7049615.0,3482509.0,22048779.0,4446000.0,3847060000.0,6289300000.0,3921500.0,0.0,0.0,88000000.0,2682900000.0,758200.0,0.0
2024-06-21,40956144.0,12920208.0,3063226.0,24082804.0,6457400.0,6773800000.0,8589160000.0,3156800.0,0.0,0.0,140800000.0,3426200000.0,631100.0,0.0
2024-06-24,52787124.0,9365865.0,4812007.0,29753782.0,5094100.0,3696750000.0,5503210000.0,3958300.0,0.0,0.0,93500000.0,2716300000.0,592800.0,0.0
2024-06-25,52138524.0,8143243.0,3455660.0,25626200.0,4386700.0,3591960000.0,4848280000.0,2551800.0,0.0,0.0,108300000.0,2333700000.0,714200.0,0.0
2024-06-26,35664104.0,9175322.0,3143054.0,31333163.0,4289300.0,3563920000.0,5294310000.0,1933800.0,0.0,0.0,108900000.0,2308500000.0,534300.0,0.0
2024-06-27,24876244.0,5173515.0,2404251.0,18183577.0,4535700.0,3589530000.0,5382060000.0,2363600.0,0.0,0.0,115000000.0,2806100000.0,396700.0,0.0
2024-06-28,16587884.0,5587062.0,1929392.0,9910114.0,4348300.0,7199220000.0,8960940000.0,3851300.0,0.0,0.0,124300000.0,2826600000.0,610600.0,0.0
2024-07-01,29279212.0,6888546.0,3063958.0,12012778.0,4294900.0,3488760000.0,5189990000.0,2330400.0,0.0,0.0,118800000.0,,458800.0,0.0
2024-07-02,21777344.0,5963331.0,3196338.0,14668221.0,5034500.0,3329950000.0,4526550000.0,1617400.0,0.0,0.0,135100000.0,3374300000.0,538400.0,0.0
2024-07-03,25915028.0,5678415.0,2543163.0,11601295.0,5720700.0,2179470000.0,3713960000.0,1392200.0,0.0,0.0,125600000.0,3089700000.0,339800.0,0.0
2024-07-04,50576828.0,8582513.0,5505969.0,24012686.0,5361000.0,,,,0.0,,118000000.0,2994600000.0,393200.0,
2024-07-05,38933332.0,7106343.0,2276685.0,18624701.0,5319900.0,3253080000.0,4851000000.0,1823900.0,0.0,0.0,114200000.0,2886600000.0,377600.0,0.0
2024-07-08,69409868.0,14045771.0,7443757.0,41242708.0,5644800.0,3185670000.0,5286260000.0,2295500.0,0.0,0.0,113000000.0,2349000000.0,424600.0,0.0
2024-07-09,61955156.0,16996375.0,6073647.0,63468178.0,6353500.0,3232920000.0,4839140000.0,2374700.0,0.0,0.0,118200000.0,2618900000.0,455800.0,0.0
2024-07-10,28674444.0,10714018.0,3906665.0,34175410.0,5510500.0,3336100000.0,5228240000.0,3075800.0,0.0,0.0,134400000.0,2642000000.0,471800.0,0.0
2024-07-11,39186920.0,14894726.0,4122783.0,33778833.0,5761800.0,4020950000.0,6366620000.0,4689600.0,0.0,0.0,123000000.0,2231600000.0,461700.0,0.0
2024-07-12,56633068.0,20722548.0,6486853.0,64245495.0,6056600.0,3700280000.0,5845930000.0,2929500.0,0.0,0.0,130400000.0,3059000000.0,407400.0,0.0
2024-07-15,39160740.0,12671696.0,3764341.0,31543042.0,5209800.0,3620470000.0,5450350000.0,3202200.0,0.0,0.0,,2326300000.0,424500.0,0.0
2024-07-16,53022152.0,17003147.0,5563703.0,40369672.0,4762100.0,4041760000.0,5812930000.0,2595100.0,0.0,0.0,100800000.0,2335000000.0,677300.0,0.0
2024-07-17,57959112.0,11703957.0,6149205.0,40134310.0,6025100.0,4246450000.0,6007280000.0,9101600.0,0.0,0.0,109900000.0,2757000000.0,548100.0,0.0
2024-07-18,71520052.0,15892598.0,5739810.0,51997526.0,5618700.0,4007510000.0,5977260000.0,5274000.0,0.0,0.0,117600000.0,2018300000.0,657700.0,0.0
2024-07-19,65815640.0,12300768.0,5819368.0,33703398.0,5435600.0,3760570000.0,4992930000.0,4983500.0,0.0,0.0,99800000.0,2811600000.0,425600.0,0.0
2024-07-22,84847384.0,19837798.0,7558756.0,53792594.0,5194300.0,3375180000.0,5093620000.0,4941700.0,0.0,0.0,82700000.0,2133600000.0,463400.0,0.0
2024-07-23,50108316.0,9831441.0,2876653.0,25253738.0,3915800.0,3500210000.0,4938000000.0,2418700.0,0.0,0.0,88300000.0,2216500000.0,422700.0,0.0
2024-07-24,,,,,,3945550000.0,6735560000.0,5738900.0,0.0,0.0,110300000.0,2208200000.0,468500.0,0.0
2024-07-25,,,,,,4592120000.0,6114350000.0,8437600.0,0.0,0.0,143000000.0,2401400000.0,439600.0,0.0
2024-07-26,103626472.0,21571505.0,6263425.0,34890537.0,4132300.0,3638770000.0,5281560000.0,3805500.0,0.0,0.0,124000000.0,2374200000.0,513000.0,0.0
2024-07-29,39785056.0,8044747.0,2546784.0,16618848.0,3920300.0,3379970000.0,4897230000.0,2926800.0,0.0,0.0,107300000.0,2258400000.0,456500.0,0.0
2024-07-30,52429524.0,10312144.0,3792578.0,23115691.0,3659100.0,3777740000.0,5564310000.0,8083500.0,0.0,0.0,109700000.0,2552700000.0,392900.0,0.0
2024-07-31,36314216.0,6378222.0,2399000.0,21319577.0,3673200.0,4546910000.0,6292560000.0,7494100.0,0.0,0.0,146400000.0,2679000000.0,556400.0,0.0
2024-08-01,56246796.0,6836760.0,2578868.0,37886536.0,4149100.0,4703620000.0,6664550000.0,8576300.0,0.0,0.0,178800000.0,1933900000.0,480800.0,0.0
2024-08-02,118827260.0,20967751.0,7015487.0,67888358.0,4570100.0,5156450000.0,6313870000.0,13105400.0,0.0,0.0,204300000.0,2433800000.0,531800.0,0.0
2024-08-05,222308816.0,50711263.0,15057271.0,74144180.0,6413800.0,5333250000.0,6852190000.0,9247100.0,0.0,0.0,285600000.0,3667500000.0,761900.0,0.0
2024-08-06,252563844.0,44483198.0,8065805.0,67675178.0,6051700.0,4690190000.0,5908930000.0,6602300.0,0.0,0.0,251200000.0,2426000000.0,566300.0,0.0
2024-08-07,127298960.0,16546398.0,4187408.0,43630188.0,3982300.0,4558260000.0,5913620000.0,5292500.0,0.0,0.0,242800000.0,2267400000.0,476300.0,0.0
2024-08-08,103364420.0,14885257.0,3081942.0,35427257.0,3746500.0,4016830000.0,5815880000.0,6243200.0,0.0,0.0,165300000.0,2114400000.0,494700.0,0.0
2024-08-09,93415024.0,9207170.0,4762176.0,29876440.0,4426600.0,3516400000.0,5783410000.0,3454500.0,0.0,0.0,176900000.0,2145400000.0,474200.0,0.0
2024-08-12,70286956.0,8417268.0,3153022.0,29969096.0,3821500.0,3360160000.0,4890850000.0,4365200.0,0.0,0.0,,1793100000.0,293100.0,0.0
2024-08-13,43433840.0,5824171.0,1640740.0,36592825.0,3389300.0,3648980000.0,5469160000.0,4525400.0,0.0,0.0,140700000.0,1935000000.0,378500.0,0.0
2024-08-14,74857276.0,8870255.0,2177808.0,47061149.0,3955900.0,3380050000.0,4985480000.0,3769900.0,0.0,0.0,135600000.0,1574500000.0,328700.0,0.0
2024-08-15,45926588.0,7000594.0,1324686.0,54313226.0,3151800.0,3723310000.0,5478170000.0,4332100.0,0.0,0.0,119700000.0,2407000000.0,,0.0
2024-08-16,52823660.0,9776099.0,4306128.0,28647855.0,3855200.0,3357690000.0,5138150000.0,3966100.0,0.0,0.0,129500000.0,2551700000.0,385900.0,0.0
2024-08-19,37122372.0,4974769.0,1260710.0,18458649.0,3122100.0,3222050000.0,5564300000.0,2197800.0,0.0,0.0,107800000.0,2361600000.0,395600.0,0.0
2024-08-20,43139504.0,5009201.0,1436401.0,14873479.0,3871600.0,2994420000.0,5305260000.0,2587700.0,0.0,0.0,110600000.0,1961800000.0,484200.0,0.0
2024-08-21,46736568.0,5324519.0,1897502.0,14933553.0,4134900.0,3119670000.0,4765150000.0,1832200.0,0.0,0.0,94800000.0,2060200000.0,417300.0,0.0
2024-08-22,20872828.0,2914289.0,865450.0,10753769.0,3019700.0,2981530000.0,5065360000.0,2969600.0,0.0,0.0,92800000.0,2945700000.0,441800.0,0.0
2024-08-23,31773940.0,4194063.0,1416432.0,13264251.0,4275900.0,3291940000.0,5380810000.0,3452900.0,0.0,0.0,89800000.0,2054100000.0,330600.0,0.0
2024-08-26,45593952.0,6310200.0,3650875.0,14251906.0,4880500.0,2938570000.0,5110940000.0,2148200.0,0.0,0.0,91700000.0,1970100000.0,333700.0,0.0
2024-08-27,21167864.0,3554139.0,993586.0,8402535.0,3660500.0,2798990000.0,4362380000.0,2024700.0,0.0,0.0,84300000.0,2702700000.0,264100.0,0.0
2024-08-28,21989684.0,3814004.0,1412940.0,10326000.0,3293800.0,3053450000.0,5211920000.0,3480000.0,0.0,0.0,88700000.0,2184600000.0,280800.0,0.0
2024-08-29,43063780.0,5901082.0,7147055.0,14029756.0,3416000.0,3065640000.0,5727780000.0,4084600.0,0.0,0.0,106500000.0,2858200000.0,288800.0,0.0
2024-08-30,32202952.0,4588136.0,2336884.0,11499424.0,4245800.0,4185850000.0,5531150000.0,3249700.0,0.0,0.0,136600000.0,4753800000.0,278800.0,0.0
2024-09-02,32057896.0,5119245.0,1156473.0,14226538.0,2928000.0,,,,0.0,,87100000.0,3077100000.0,267000.0,
2024-09-03,38411312.0,4352750.0,1395401.0,7615203.0,2936800.0,3866350000.0,5813970000.0,7214300.0,0.0,0.0,91200000.0,2470800000.0,303500.0,0.0
2024-09-04,119635984.0,30222878.0,7964161.0,35539268.0,4571100.0,3478140000.0,5011820000.0,4435800.0,0.0,0.0,144400000.0,2601200000.0,455500.0,0.0
2024-09-05,35275304.0,6690210.0,1956127.0,18729043.0,3353700.0,3521650000.0,4983030000.0,3988300.0,0.0,0.0,111300000.0,2558600000.0,379000.0,0.0
2024-09-06,34331020.0,6464982.0,2140218.0,11007427.0,2587200.0,3822800000.0,5549030000.0,5596300.0,0.0,0.0,111700000.0,,374800.0,0.0
2024-09-09,60735940.0,15073740.0,2547872.0,22288959.0,2944600.0,3825940000.0,5132150000.0,4078600.0,0.0,0.0,118200000.0,3841900000.0,270200.0,0.0
2024-09-10,37207812.0,6550810.0,1735397.0,13650817.0,3118200.0,3848180000.0,4963740000.0,2390600.0,0.0,0.0,112300000.0,2786700000.0,347700.0,0.0
2024-09-11,20056236.0,5688269.0,1268421.0,7448246.0,2863800.0,3839450000.0,6086930000.0,6521400.0,0.0,0.0,127600000.0,3071100000.0,302600.0,0.0
2024-09-12,62978008.0,6698537.0,1642544.0,17315086.0,3050300.0,3655070000.0,4983120000.0,4739100.0,0.0,0.0,126300000.0,2374200000.0,0.0,0.0
2024-09-13,18047504.0,4538394.0,1006307.0,6988945.0,2514700.0,3500790000.0,4802880000.0,5268000.0,0.0,0.0,115900000.0,2140000000.0,358300.0,0.0
2024-09-16,23507632.0,5300424.0,1847473.0,6580174.0,2823700.0,3437070000.0,4675530000.0,2469800.0,0.0,0.0,,1127900000.0,,0.0
2024-09-17,,,,,,3443600000.0,4959520000.0,2304100.0,0.0,0.0,127300000.0,1665700000.0,,0.0
2024-09-18,36769256.0,4586707.0,1267861.0,12831684.0,3989100.0,3691390000.0,5611630000.0,4671900.0,0.0,0.0,99900000.0,,,0.0
2024-09-19,32440304.0,4424447.0,1425424.0,10687011.0,3393700.0,4024530000.0,5574650000.0,4624700.0,0.0,0.0,114100000.0,3436700000.0,385100.0,0.0
2024-09-20,54531520.0,7852780.0,1573092.0,13197638.0,5085000.0,7867260000.0,9914480000.0,4550800.0,0.0,0.0,162600000.0,4005300000.0,496000.0,0.0
2024-09-23,31601992.0,4191398.0,1259763.0,8366667.0,3582300.0,3529550000.0,5237310000.0,2454200.0,0.0,0.0,,2724500000.0,339100.0,0.0
2024-09-24,39809384.0,5912298.0,2879174.0,9988449.0,3517800.0,3872710000.0,5347580000.0,4314700.0,0.0,0.0,113500000.0,6008400000.0,355100.0,0.0
2024-09-25,46692004.0,7287202.0,2374353.0,16199040.0,4014100.0,3624910000.0,4858060000.0,2191200.0,0.0,0.0,108200000.0,6507500000.0,454500.0,0.0
2024-09-26,66903724.0,8893328.0,5571816.0,16136061.0,3923400.0,4391180000.0,5669210000.0,5537400.0,0.0,0.0,141000000.0,7428300000.0,324900.0,0.0
2024-09-27,45613256.0,7065700.0,1642267.0,13505453.0,4104100.0,3898530000.0,5367890000.0,2303600.0,0.0,0.0,161900000.0,9656100000.0,413000.0,0.0
2024-09-30,52747800.0,12665256.0,3339807.0,21593996.0,3569300.0,4425730000.0,5846150000.0,2693300.0,0.0,0.0,190500000.0,1035700000.0,358900.0,0.0
2024-10-01,37640876.0,7047038.0,1168665.0,7648526.0,2789600.0,4025180000.0,5879980000.0,3926500.0,0.0,0.0,132100000.0,,,0.0
2024-10-02,,,,,,3829050000.0,5489040000.0,1762100.0,0.0,0.0,139600000.0,7696300000.0,351000.0,0.0
2024-10-03,,,,,,3597450000.0,5208990000.0,2110700.0,0.0,0.0,126800000.0,4942200000.0,,0.0
2024-10-04,35462652.0,6902566.0,1380548.0,7133374.0,3632200.0,3479400000.0,5136070000.0,2685000.0,0.0,0.0,121200000.0,4620000000.0,414300.0,0.0
2024-10-07,53806008.0,10678866.0,3044594.0,10046550.0,3508600.0,3637790000.0,5240320000.0,2006800.0,0.0,0.0,128000000.0,5098400000.0,343700.0,0.0
2024-10-08,37917328.0,10061297.0,2607301.0,6498832.0,3557200.0,3393400000.0,5566510000.0,2508500.0,0.0,0.0,120400000.0,11257900000.0,318200.0,0.0
2024-10-09,45188240.0,7600288.0,2391864.0,12893579.0,3670800.0,3650340000.0,5228670000.0,2019100.0,0.0,0.0,106800000.0,7953600000.0,,0.0
2024-10-10,,,,,,3208790000.0,5855390000.0,1886400.0,0.0,0.0,103500000.0,6039900000.0,618600.0,0.0
2024-10-11,49226984.0,9175558.0,2006737.0,16904780.0,3012500.0,3208720000.0,5140440000.0,4572900.0,0.0,0.0,110900000.0,,491300.0,0.0
2024-10-14,40439036.0,11459670.0,2949512.0,15607830.0,2706500.0,3005250000.0,4894710000.0,2142500.0,0.0,0.0,,5743300000.0,401700.0,0.0
2024-10-15,59070828.0,9499063.0,2688698.0,15525673.0,3579700.0,3882120000.0,6522700000.0,6421200.0,0.0,0.0,129000000.0,4906400000.0,438300.0,0.0
2024-10-16,71201552.0,16306146.0,3863014.0,16451158.0,3698000.0,3467230000.0,5257570000.0,3776600.0,0.0,0.0,108100000.0,4158700000.0,437600.0,0.0
2024-10-17,38164820.0,8934675.0,1147236.0,9867318.0,3263300.0,3480010000.0,5806860000.0,2407800.0,0.0,0.0,107200000.0,3646900000.0,331300.0,0.0
2024-10-18,129283608.0,16562479.0,4499418.0,23464780.0,3775600.0,3374490000.0,5090190000.0,1643700.0,0.0,0.0,95700000.0,4586200000.0,265200.0,0.0
2024-10-21,52918584.0,8589462.0,2759551.0,15916691.0,3005000.0,3407010000.0,6092180000.0,2034300.0,0.0,0.0,99000000.0,3775000000.0,240700.0,0.0
2024-10-22,33857660.0,10948630.0,2338937.0,12611003.0,3046700.0,3342080000.0,6407180000.0,2476400.0,0.0,0.0,110400000.0,2556600000.0,343300.0,0.0
2024-10-23,37794896.0,12407223.0,1947025.0,7234271.0,3039000.0,3532650000.0,6245610000.0,2260000.0,0.0,0.0,95400000.0,3542000000.0,352400.0,0.0
2024-10-24,32493848.0,10556928.0,2608937.0,11986430.0,3322300.0,3543030000.0,5761280000.0,2247900.0,0.0,0.0,108700000.0,2725600000.0,343100.0,0.0
2024-10-25,50566572.0,4748862.0,1246862.0,8050599.0,2744200.0,3501280000.0,6100040000.0,2209600.0,0.0,0.0,90700000.0,2984600000.0,462900.0,0.0
2024-10-28,45978476.0,16149092.0,3203464.0,13578191.0,2880000.0,3691280000.0,5641660000.0,1508500.0,0.0,0.0,116600000.0,2978600000.0,333700.0,0.0
2024-10-29,96980096.0,26116189.0,4634254.0,23064890.0,2933400.0,3879100000.0,6881170000.0,3135000.0,0.0,0.0,97400000.0,3137700000.0,363300.0,0.0
2024-10-30,56626752.0,15395446.0,1291820.0,8961007.0,2981400.0,3851120000.0,6514690000.0,4324400.0,0.0,0.0,221800000.0,3626500000.0,487400.0,0.0
2024-10-31,,,,,,4425660000.0,6411940000.0,6120800.0,0.0,0.0,144300000.0,3238200000.0,406600.0,0.0
2024-11-01,78483628.0,22034360.0,5461608.0,24654707.0,3569900.0,3796450000.0,5896470000.0,2130100.0,0.0,0.0,130300000.0,3278800000.0,319800.0,0.0
2024-11-04,29118288.0,9174086.0,2766734.0,9603529.0,2715900.0,3602060000.0,5762320000.0,1727700.0,0.0,0.0,,2463600000.0,373900.0,0.0
2024-11-05,40432828.0,11218887.0,2951121.0,12008024.0,2872200.0,3768310000.0,7060340000.0,2273700.0,0.0,0.0,120000000.0,3147300000.0,310900.0,0.0
2024-11-06,66825504.0,16033982.0,3544378.0,19685799.0,3163400.0,6329530000.0,8138050000.0,3644000.0,0.0,0.0,170600000.0,3903900000.0,548500.0,0.0
2024-11-07,53994208.0,13295992.0,2749707.0,16051632.0,3751300.0,4925740000.0,9232670000.0,3154600.0,0.0,0.0,190000000.0,4317500000.0,465100.0,0.0
2024-11-08,51800604.0,10957131.0,2668341.0,11171530.0,3635500.0,4666740000.0,7316010000.0,1769200.0,0.0,0.0,159300000.0,4153500000.0,448700.0,0.0
2024-11-11,49456052.0,12282635.0,2899392.0,9010548.0,3158800.0,4333000000.0,8087930000.0,4250400.0,0.0,0.0,122700000.0,3649700000.0,572200.0,0.0
2024-11-12,105088348.0,23345159.0,4542055.0,19921879.0,3983600.0,4243400000.0,7816410000.0,3259700.0,0.0,0.0,163000000.0,4319500000.0,735800.0,0.0
2024-11-13,36778360.0,12635345.0,3710790.0,9435608.0,3491500.0,4220180000.0,9623670000.0,3057500.0,0.0,0.0,150400000.0,2862300000.0,619200.0,0.0
2024-11-14,48586460.0,14095161.0,4499003.0,10577689.0,3593400.0,4184570000.0,8680480000.0,2523600.0,0.0,0.0,133800000.0,3310000000.0,640000.0,0.0
2024-11-15,29542324.0,9154630.0,2619554.0,11908210.0,3823100.0,4590960000.0,8002270000.0,4748200.0,0.0,0.0,143900000.0,2947200000.0,623300.0,0.0
2024-11-18,53578064.0,16562756.0,3958210.0,13713438.0,3431100.0,3983860000.0,8455360000.0,2422300.0,0.0,0.0,106000000.0,3176400000.0,443900.0,0.0
2024-11-19,30473284.0,8548471.0,1447710.0,8956830.0,3689400.0,4036940000.0,7246610000.0,2363400.0,0.0,0.0,109200000.0,2529900000.0,410900.0,0.0
2024-11-20,312000.0,105997.0,2000.0,17317.0,3757700.0,3772620000.0,7121670000.0,3995000.0,0.0,0.0,103500000.0,2057500000.0,408800.0,0.0
2024-11-21,63506468.0,15293772.0,3463731.0,9093857.0,3395800.0,4230120000.0,7492540000.0,4245400.0,0.0,0.0,101900000.0,2079200000.0,451100.0,0.0
2024-11-22,31862348.0,7718147.0,1962742.0,11579426.0,3505100.0,4141420000.0,6575820000.0,2672600.0,0.0,0.0,103300000.0,3237600000.0,543500.0,0.0
2024-11-25,31306652.0,11840830.0,2290162.0,7607830.0,5048900.0,5633150000.0,7932980000.0,2787700.0,0.0,0.0,192400000.0,4385600000.0,564700.0,0.0
2024-11-26,45563288.0,16442053.0,4005520.0,11411776.0,2985600.0,3835170000.0,6411770000.0,2783900.0,0.0,0.0,122800000.0,2384700000.0,441700.0,0.0
2024-11-27,56290744.0,14483798.0,3507990.0,14696241.0,3577000.0,3363340000.0,5619090000.0,3122300.0,0.0,0.0,120500000.0,2374800000.0,414300.0,0.0
2024-11-28,52436456.0,13851843.0,3363308.0,15654168.0,3123400.0,,,,0.0,,103400000.0,2160800000.0,342600.0,
2024-11-29,32512880.0,10442498.0,1376386.0,10784564.0,2801000.0,2444420000.0,4042550000.0,2505300.0,0.0,0.0,102300000.0,2487600000.0,384300.0,0.0
2024-12-02,42176312.0,7103918.0,1395776.0,8985807.0,2812700.0,4412470000.0,6370530000.0,3707000.0,0.0,0.0,110500000.0,2392300000.0,328100.0,0.0
2024-12-03,39812424.0,9426647.0,1842781.0,9161496.0,3099500.0,4095000000.0,6005160000.0,1914900.0,0.0,0.0,142200000.0,2625300000.0,324100.0,0.0
2024-12-04,25820996.0,6558572.0,1681768.0,8980757.0,2836900.0,4003390000.0,7870030000.0,2681200.0,0.0,0.0,119100000.0,2589100000.0,670300.0,0.0
2024-12-05,29784812.0,7102177.0,2383124.0,6876636.0,2847600.0,4212020000.0,7229510000.0,2422000.0,0.0,0.0,116400000.0,2007500000.0,519400.0,0.0
2024-12-06,27238024.0,9057870.0,2117495.0,5427813.0,2954100.0,3924830000.0,6787610000.0,1822900.0,0.0,0.0,101500000.0,3493300000.0,630400.0,0.0
2024-12-09,18559456.0,5746969.0,1841247.0,5535909.0,3209600.0,4556460000.0,7884620000.0,1574800.0,0.0,0.0,113100000.0,3960600000.0,591600.0,0.0
2024-12-10,17909228.0,7147870.0,1154403.0,6546481.0,2908900.0,4048410000.0,6843850000.0,2566600.0,0.0,0.0,110300000.0,4472400000.0,598800.0,0.0
2024-12-11,26858756.0,10309955.0,2008055.0,8260131.0,2760300.0,4269950000.0,6639720000.0,3233900.0,0.0,0.0,105800000.0,2300100000.0,617700.0,0.0
2024-12-12,20108964.0,6109045.0,1093981.0,7387298.0,3059200.0,3678010000.0,7047550000.0,2680200.0,0.0,0.0,121100000.0,2777100000.0,664200.0,0.0
2024-12-13,18081708.0,4957695.0,1837000.0,5667129.0,3046000.0,3584960000.0,6028250000.0,3720600.0,0.0,0.0,123900000.0,3106800000.0,577700.0,0.0
2024-12-16,29374368.0,8613720.0,2462661.0,10078458.0,3188400.0,4391100000.0,8855040000.0,4774000.0,0.0,0.0,87500000.0,2699600000.0,526700.0,0.0
2024-12-17,37176916.0,6227729.0,1056925.0,5777129.0,3429100.0,4544500000.0,9534350000.0,2397300.0,0.0,0.0,115700000.0,2787100000.0,559000.0,0.0
2024-12-18,26215508.0,6302997.0,1563942.0,6004914.0,3298300.0,5246960000.0,9996120000.0,4426000.0,0.0,0.0,132200000.0,2288100000.0,441700.0,0.0
2024-12-19,52180188.0,16994631.0,3121433.0,11111859.0,3445900.0,4896880000.0,8029590000.0,3255700.0,0.0,0.0,147700000.0,2385000000.0,504500.0,0.0
2024-12-20,44493576.0,12474749.0,1565192.0,6978133.0,4683900.0,8223220000.0,10962450000.0,4681100.0,0.0,0.0,184500000.0,3501200000.0,617800.0,0.0
2024-12-23,44704264.0,9206481.0,2677086.0,11485847.0,3504100.0,3593280000.0,6820720000.0,3044300.0,0.0,0.0,103200000.0,3403600000.0,428200.0,0.0
2024-12-24,32783608.0,8750488.0,1624169.0,5508545.0,3344300.0,1757720000.0,4739190000.0,1252300.0,0.0,0.0,116200000.0,2206500000.0,386800.0,0.0
2024-12-25,23624492.0,5065764.0,1148300.0,3642865.0,3073700.0,,,,0.0,,116100000.0,,,
2024-12-26,19214244.0,5522500.0,1313374.0,4537917.0,2941300.0,2904530000.0,6467910000.0,1303500.0,0.0,0.0,131400000.0,,322800.0,0.0
2024-12-27,27949668.0,6397484.0,1410404.0,5843719.0,2416800.0,3159610000.0,7765120000.0,1933000.0,0.0,0.0,159500000.0,2906600000.0,311300.0,0.0
2024-12-30,34709064.0,6845631.0,1271517.0,3684984.0,2483600.0,3433250000.0,8384090000.0,2566900.0,0.0,0.0,110600000.0,2724900000.0,304000.0,0.0
2024-12-31,31346136.0,6843253.0,2219160.0,6789013.0,2572400.0,3128350000.0,8873030000.0,1354500.0,0.0,0.0,,1722100000.0,,0.0
2025-01-02,51190808.0,18077255.0,2421240.0,17489631.0,3148600.0,3621680000.0,8737550000.0,2409100.0,0.0,0.0,,4033400000.0,350700.0,0.0
2025-01-03,28453484.0,6607982.0,1761155.0,8685263.0,2828200.0,3667340000.0,8214050000.0,2623200.0,0.0,0.0,,3393800000.0,407500.0,0.0
2025-01-06,98511172.0,19760601.0,4956124.0,19969066.0,2957500.0,4940120000.0,9586840000.0,4176500.0,0.0,0.0,137900000.0,2465700000.0,302800.0,0.0
2025-01-07,63775376.0,16972368.0,4247334.0,20221773.0,3207900.0,4517330000.0,13371130000.0,3694800.0,0.0,0.0,127000000.0,3581000000.0,407700.0,0.0
2025-01-08,47422868.0,8551270.0,1956892.0,8713901.0,2606700.0,4441740000.0,8851720000.0,3141400.0,0.0,0.0,118800000.0,3232400000.0,362900.0,0.0
2025-01-09,33722620.0,9720943.0,1707059.0,10773896.0,3399500.0,,,,0.0,,117000000.0,2456500000.0,404300.0,
2025-01-10,33285296.0,9762081.0,1292621.0,8949537.0,2979400.0,4751930000.0,8608880000.0,4038000.0,0.0,0.0,113200000.0,2606700000.0,377600.0,0.0
2025-01-13,83504716.0,29447262.0,3884639.0,26725353.0,3544500.0,4421200000.0,7830760000.0,2310000.0,0.0,0.0,,2754800000.0,578600.0,0.0
2025-01-14,43511100.0,9437785.0,1233721.0,8189703.0,2319000.0,4142280000.0,7168110000.0,1492800.0,0.0,0.0,126900000.0,2838600000.0,414500.0,0.0
2025-01-15,69536468.0,16465982.0,2038844.0,13216957.0,2359800.0,4544570000.0,7260250000.0,2900200.0,0.0,0.0,100700000.0,2451900000.0,538500.0,0.0
2025-01-16,62348392.0,15590285.0,2487894.0,17364656.0,2497000.0,4285810000.0,7085990000.0,3029500.0,0.0,0.0,114200000.0,2710700000.0,451100.0,0.0
2025-01-17,60550264.0,9773697.0,1499578.0,17915940.0,2465000.0,4366830000.0,7996360000.0,3785500.0,0.0,0.0,115300000.0,2435800000.0,445900.0,0.0
2025-01-20,29670284.0,12597731.0,2308136.0,10199888.0,2168200.0,,,,0.0,,87500000.0,2764400000.0,437500.0,
2025-01-21,42450952.0,7033397.0,1131777.0,8781706.0,0.0,4702920000.0,8015780000.0,3201500.0,0.0,0.0,93300000.0,2412100000.0,572000.0,0.0
2025-01-22,51457596.0,11715349.0,2299186.0,8170358.0,2695000.0,4323040000.0,7219060000.0,3461100.0,0.0,0.0,108500000.0,2282100000.0,583700.0,0.0
2025-01-23,,,,,,4432250000.0,6837700000.0,2567100.0,0.0,0.0,119100000.0,3059700000.0,609700.0,0.0
2025-01-24,,,,,,4214250000.0,7708150000.0,2229900.0,0.0,0.0,122600000.0,3209800000.0,602000.0,0.0
2025-01-27,,,,,,5198750000.0,8870200000.0,16943600.0,0.0,0.0,117200000.0,2751200000.0,,0.0
2025-01-28,,,,,,4473640000.0,7121740000.0,9118300.0,0.0,0.0,132000000.0,945200000.0,,0.0
2025-01-29,,,,,,4115310000.0,6497710000.0,2430800.0,0.0,0.0,108600000.0,,,0.0
2025-01-30,,,,,,4634620000.0,6679500000.0,4653800.0,0.0,0.0,107900000.0,,,0.0
2025-01-31,,,,,,4843770000.0,7947370000.0,3867800.0,0.0,0.0,123300000.0,,454400.0,0.0
2025-02-03,223159112.0,61717553.0,8345166.0,32736839.0,3428900.0,4797210000.0,8272460000.0,3646800.0,0.0,0.0,169200000.0,2224400000.0,522800.0,0.0
2025-02-04,77136476.0,11241322.0,1329211.0,8867723.0,2990000.0,4410160000.0,6477050000.0,3742300.0,0.0,0.0,144300000.0,2854000000.0,479400.0,0.0
2025-02-05,60958500.0,10338852.0,1619446.0,12462246.0,2482200.0,4756250000.0,6712220000.0,2200500.0,0.0,0.0,151200000.0,2967900000.0,437300.0,0.0
2025-02-06,44838828.0,8010412.0,1719122.0,9667399.0,2400700.0,4847120000.0,6642100000.0,3111700.0,0.0,0.0,154700000.0,2957400000.0,479700.0,0.0
2025-02-07,22434376.0,5748953.0,1223676.0,6447088.0,2672200.0,4766900000.0,7748940000.0,3297400.0,0.0,0.0,148700000.0,4125600000.0,419900.0,0.0
2025-02-10,65528040.0,11856240.0,1515085.0,8939201.0,2706000.0,4458760000.0,9535440000.0,2698600.0,0.0,0.0,134600000.0,3736100000.0,393600.0,0.0
2025-02-11,19842444.0,3485635.0,756211.0,5470021.0,2956500.0,4324880000.0,9269380000.0,1549700.0,0.0,0.0,,3583400000.0,451100.0,0.0
2025-02-12,27301116.0,5106869.0,901442.0,7232531.0,3159400.0,4627960000.0,7946550000.0,2017500.0,0.0,0.0,175500000.0,4873000000.0,464900.0,0.0
2025-02-13,56673980.0,10806064.0,2321787.0,4770385.0,3604700.0,4763800000.0,8414510000.0,2546800.0,0.0,0.0,130400000.0,6487200000.0,680300.0,0.0
2025-02-14,92217264.0,18928780.0,1808118.0,8841801.0,3818900.0,4335190000.0,7995720000.0,1566200.0,0.0,0.0,132900000.0,6057000000.0,499400.0,0.0
2025-02-17,46591960.0,8294172.0,2605809.0,9429143.0,3408200.0,,,,0.0,,111300000.0,6736200000.0,366300.0,
2025-02-18,32278676.0,5940197.0,1268205.0,4645848.0,3038600.0,4684980000.0,8683170000.0,3605000.0,0.0,0.0,116000000.0,5222600000.0,422000.0,0.0
2025-02-19,47313232.0,10154617.0,849589.0,5371015.0,3534600.0,4562330000.0,8171530000.0,2635700.0,0.0,0.0,124300000.0,4080400000.0,525800.0,0.0
2025-02-20,55359052.0,8546803.0,1005227.0,5915907.0,3563200.0,4813690000.0,7329270000.0,2642300.0,0.0,0.0,125200000.0,4200400000.0,529300.0,0.0
2025-02-21,33879192.0,5443472.0,1905091.0,5988724.0,3518400.0,5434560000.0,8461020000.0,2947000.0,0.0,0.0,130100000.0,6167300000.0,444700.0,0.0
2025-02-24,49672024.0,7381595.0,2254102.0,4099600.0,3211200.0,4990120000.0,7414760000.0,3372800.0,0.0,0.0,,5264600000.0,536400.0,0.0
2025-02-25,106710684.0,20425827.0,2821569.0,10192183.0,3717900.0,5374690000.0,7991440000.0,3514200.0,0.0,0.0,132900000.0,4449800000.0,410300.0,0.0
2025-02-26,73176320.0,12008678.0,2739210.0,5077643.0,3362900.0,4869580000.0,7034450000.0,2562600.0,0.0,0.0,120800000.0,5138100000.0,386800.0,0.0
2025-02-27,74694820.0,11330265.0,3157961.0,12803732.0,5093000.0,5057680000.0,7700290000.0,4349100.0,0.0,0.0,121600000.0,6257000000.0,513900.0,0.0
2025-02-28,,,,,,6441140000.0,8247520000.0,3722100.0,0.0,0.0,191600000.0,6578300000.0,588600.0,0.0
2025-03-03,221959024.0,39715721.0,5951925.0,22486203.0,3324900.0,5613850000.0,8170140000.0,5067800.0,0.0,0.0,115800000.0,4338200000.0,,0.0
2025-03-04,114655652.0,15647286.0,2401265.0,15008963.0,3100900.0,6138110000.0,8469180000.0,5487900.0,0.0,0.0,138200000.0,3994800000.0,484100.0,0.0
2025-03-05,51369564.0,9666657.0,2393414.0,8395966.0,3075000.0,5285970000.0,7048430000.0,3312100.0,0.0,0.0,130900000.0,4077700000.0,569400.0,0.0
2025-03-06,56890884.0,11328462.0,1875504.0,4978259.0,2851500.0,5165080000.0,7686200000.0,5088700.0,0.0,0.0,137700000.0,4886300000.0,609600.0,0.0
2025-03-07,68483412.0,8156796.0,1303811.0,9572899.0,2987500.0,5705140000.0,8135420000.0,3713300.0,0.0,0.0,136800000.0,4830800000.0,567200.0,0.0
2025-03-10,79006576.0,10635424.0,1666507.0,8944134.0,3078100.0,6409370000.0,8636040000.0,5410800.0,0.0,0.0,109800000.0,3684200000.0,435700.0,0.0
2025-03-11,134191768.0,21311972.0,6643735.0,24567306.0,3604700.0,6221240000.0,9177320000.0,3776600.0,0.0,0.0,153600000.0,3554100000.0,399000.0,0.0
2025-03-12,51035508.0,5815130.0,1459790.0,9613996.0,3159800.0,5219830000.0,7746430000.0,3143000.0,0.0,0.0,128700000.0,3632700000.0,401600.0,0.0
2025-03-13,52268912.0,8136752.0,1640407.0,7970971.0,3666300.0,5018980000.0,7147050000.0,2504200.0,0.0,0.0,119300000.0,3231300000.0,427300.0,0.0
2025-03-14,49198232.0,7406365.0,1323564.0,7919656.0,3373300.0,4863180000.0,7093850000.0,3696800.0,0.0,0.0,134800000.0,4260100000.0,362300.0,0.0
2025-03-17,43897376.0,8103127.0,2208287.0,5468394.0,2961500.0,5031770000.0,6306340000.0,2743100.0,0.0,0.0,120300000.0,3284200000.0,396600.0,0.0
2025-03-18,30603120.0,4351431.0,1005545.0,3841887.0,2652000.0,4666270000.0,6450530000.0,2470800.0,0.0,0.0,133500000.0,3930700000.0,555500.0,0.0
2025-03-19,46763368.0,6953502.0,1261691.0,5886458.0,2916300.0,4660090000.0,6302310000.0,2330800.0,0.0,0.0,116800000.0,3593000000.0,653300.0,0.0
2025-03-20,30658212.0,6093145.0,851689.0,4637459.0,2626000.0,4678420000.0,6098330000.0,2265900.0,0.0,0.0,,4102200000.0,455000.0,0.0
2025-03-21,28538176.0,2626558.0,504328.0,2908285.0,3597700.0,9367460000.0,8837930000.0,2873400.0,0.0,0.0,181800000.0,4931000000.0,497500.0,0.0
2025-03-24,29239460.0,4924720.0,809081.0,3132712.0,2651400.0,4517990000.0,6787790000.0,3947000.0,0.0,0.0,101600000.0,3386100000.0,372400.0,0.0
2025-03-25,31256652.0,5543850.0,1047313.0,6454162.0,2553000.0,4467340000.0,6475790000.0,1419100.0,0.0,0.0,107300000.0,4234400000.0,439300.0,0.0
2025-03-26,26915048.0,7087757.0,1302584.0,2831364.0,2295800.0,4183140000.0,9091510000.0,3595300.0,0.0,0.0,117100000.0,3116600000.0,507900.0,0.0
2025-03-27,69966552.0,9507209.0,1131175.0,7459958.0,2674800.0,4403460000.0,8002470000.0,3545900.0,0.0,0.0,140000000.0,3790100000.0,403300.0,0.0
2025-03-28,78993236.0,13063063.0,2865526.0,10595005.0,3242700.0,4513330000.0,7015410000.0,4122300.0,0.0,0.0,133200000.0,3540800000.0,513600.0,0.0
2025-03-31,146065632.0,26953950.0,4659112.0,23309948.0,4034100.0,5257250000.0,8122180000.0,3843000.0,0.0,0.0,168400000.0,4752800000.0,391600.0,0.0
2025-04-01,47284600.0,8185295.0,1961319.0,9263768.0,2753300.0,4434500000.0,7756540000.0,3108800.0,0.0,0.0,123600000.0,3979700000.0,453400.0,0.0
2025-04-02,41725300.0,6927523.0,871810.0,18740400.0,2300200.0,4243830000.0,9126630000.0,2784800.0,0.0,0.0,128700000.0,3573500000.0,515600.0,0.0
2025-04-03,,,,,,7210470000.0,9461330000.0,9982600.0,0.0,0.0,195800000.0,4249900000.0,480100.0,0.0
2025-04-04,,,,,,8853500000.0,11038180000.0,13988400.0,0.0,0.0,227600000.0,,695100.0,0.0
2025-04-07,92658524.0,18235491.0,3359457.0,7318205.0,1558900.0,8691980000.0,12483580000.0,18686500.0,0.0,0.0,266700000.0,12686500000.0,619500.0,0.0
2025-04-08,321307308.0,52606110.0,11120211.0,67820974.0,5839900.0,7408140000.0,10496650000.0,11023300.0,0.0,0.0,191900000.0,8420700000.0,557000.0,0.0
2025-04-09,300494796.0,36509640.0,8934343.0,46591881.0,6177900.0,9489600000.0,13479740000.0,23539500.0,0.0,0.0,199300000.0,8672400000.0,699600.0,0.0
2025-04-10,22371068.0,3534302.0,839872.0,5032260.0,2659600.0,6677140000.0,11861670000.0,14499000.0,0.0,0.0,201600000.0,6611800000.0,670400.0,0.0
2025-04-11,189919436.0,19203227.0,4472391.0,31041145.0,4766500.0,5602550000.0,9444890000.0,9890900.0,0.0,0.0,182600000.0,5139200000.0,369700.0,0.0
2025-04-14,175434800.0,19007655.0,2852796.0,18001531.0,4176300.0,5031440000.0,9667260000.0,5657400.0,0.0,0.0,118800000.0,4538300000.0,488600.0,0.0
2025-04-15,73965868.0,6276285.0,1033943.0,7400278.0,2866400.0,4317110000.0,7483050000.0,3201100.0,0.0,0.0,113800000.0,2942800000.0,560300.0,0.0
2025-04-16,98068248.0,11392205.0,2118557.0,9773092.0,2805300.0,4607750000.0,7909190000.0,10205000.0,0.0,0.0,115600000.0,3441800000.0,613200.0,0.0
2025-04-17,72955972.0,6728148.0,998102.0,13162689.0,2300500.0,4714880000.0,7046290000.0,4921000.0,0.0,0.0,111200000.0,2892800000.0,601700.0,0.0
2025-04-18,44335540.0,4144771.0,1026223.0,2935157.0,2123700.0,,,,,,102000000.0,,451000.0,
2025-04-21,62867512.0,8308203.0,1474588.0,6406849.0,2325500.0,4226340000.0,6678730000.0,4769700.0,,0.0,96400000.0,,429000.0,0.0
2025-04-22,75640860.0,8960619.0,1681142.0,6495155.0,2526000.0,4666950000.0,6981900000.0,4996000.0,0.0,0.0,99400000.0,3883600000.0,416700.0,0.0
2025-04-23,63235952.0,8180926.0,1290875.0,9873278.0,2694600.0,5371390000.0,8564870000.0,7323800.0,0.0,0.0,133400000.0,3585300000.0,538100.0,0.0
2025-04-24,53776468.0,6199872.0,838803.0,5473386.0,2418200.0,4697710000.0,7607400000.0,6873400.0,0.0,0.0,137100000.0,2985800000.0,327900.0,0.0
2025-04-25,70563724.0,7662612.0,1425216.0,9573001.0,2674500.0,4236580000.0,7412930000.0,4224900.0,0.0,0.0,134700000.0,3025700000.0,403500.0,0.0
2025-04-28,48371852.0,7827598.0,1662626.0,5850763.0,2131000.0,4257880000.0,10313290000.0,2875400.0,0.0,0.0,132400000.0,2466000000.0,454100.0,0.0
2025-04-29,43388416.0,6574619.0,2079725.0,5077709.0,2538500.0,4747150000.0,13001930000.0,3527000.0,0.0,0.0,,3045200000.0,547100.0,0.0
2025-04-30,37552524.0,6412021.0,878418.0,4956832.0,2806300.0,5449490000.0,8595330000.0,3580500.0,0.0,0.0,167100000.0,4682300000.0,487500.0,0.0
2025-05-01,,,,,,4935270000.0,8409690000.0,3997600.0,0.0,0.0,131600000.0,,,0.0
2025-05-02,57160960.0,9081193.0,1405525.0,11359114.0,2779300.0,4854380000.0,8180190000.0,4581400.0,0.0,0.0,141000000.0,1831000000.0,585500.0,0.0
2025-05-05,127935288.0,12377268.0,2063383.0,10119695.0,3929000.0,4358260000.0,7075320000.0,3323200.0,0.0,0.0,,,,0.0
2025-05-06,116316784.0,10205545.0,2201601.0,7666747.0,3091500.0,4717260000.0,6958220000.0,2844600.0,0.0,0.0,,3317400000.0,,0.0
2025-05-07,53137384.0,7068996.0,1203053.0,6478918.0,2681400.0,4987440000.0,7977870000.0,3001100.0,0.0,0.0,156300000.0,3694100000.0,546800.0,0.0
2025-05-08,39311228.0,4965092.0,746524.0,5106331.0,2348100.0,5627400000.0,8500390000.0,3457700.0,0.0,0.0,137300000.0,2773700000.0,471600.0,0.0
2025-05-09,51888384.0,5723375.0,1095806.0,6425831.0,2744700.0,4645090000.0,8835140000.0,2808500.0,0.0,0.0,201400000.0,2635900000.0,485600.0,0.0
2025-05-12,53767756.0,5525132.0,1003379.0,5993008.0,2687300.0,6014580000.0,10717670000.0,10675600.0,0.0,0.0,142900000.0,5161400000.0,409700.0,0.0
2025-05-13,79922716.0,7908317.0,2158550.0,7987878.0,3601900.0,5516290000.0,9242230000.0,5693600.0,0.0,0.0,177400000.0,3475900000.0,422500.0,0.0
2025-05-14,90203212.0,9036039.0,3251518.0,10869892.0,3656500.0,5233450000.0,11744820000.0,4162800.0,0.0,0.0,152100000.0,3742900000.0,390500.0,0.0
2025-05-15,45677800.0,5841459.0,943284.0,4901499.0,3543000.0,4991290000.0,10546350000.0,4216900.0,0.0,0.0,134800000.0,2887600000.0,339600.0,0.0
2025-05-16,37815732.0,5018943.0,1296137.0,5729252.0,3714600.0,4850850000.0,10509820000.0,2521500.0,0.0,0.0,128100000.0,2759500000.0,359700.0,0.0
2025-05-19,37940744.0,4371443.0,895100.0,5967245.0,3401200.0,4144010000.0,13080030000.0,5334700.0,0.0,0.0,107600000.0,2814000000.0,313300.0,0.0
2025-05-20,21364336.0,3624881.0,819644.0,3834692.0,2908900.0,4416850000.0,9047100000.0,2968000.0,0.0,0.0,125800000.0,3290600000.0,457000.0,0.0
2025-05-21,54450212.0,5903654.0,1618395.0,4997632.0,3078500.0,5254250000.0,11112460000.0,5007700.0,0.0,0.0,121300000.0,3463700000.0,371500.0,0.0
2025-05-22,33358772.0,4917605.0,922328.0,3823565.0,3137400.0,5157050000.0,8289710000.0,5397300.0,0.0,0.0,110900000.0,3397700000.0,358100.0,0.0
2025-05-23,26094416.0,2517438.0,846506.0,3302323.0,3065000.0,4662820000.0,8730370000.0,9527500.0,0.0,0.0,105300000.0,3348700000.0,434000.0,0.0
2025-05-26,55195720.0,6625953.0,1157401.0,3552609.0,3105400.0,,,,0.0,,89900000.0,3381800000.0,380200.0,
2025-05-27,48275072.0,6009134.0,827352.0,4038241.0,3512400.0,5366380000.0,8927760000.0,6057600.0,0.0,0.0,86200000.0,3081400000.0,318300.0,0.0
2025-05-28,32309448.0,3243255.0,673457.0,3213090.0,3647300.0,4665050000.0,8087530000.0,6769200.0,0.0,0.0,122600000.0,2874700000.0,405500.0,0.0
2025-05-29,36265824.0,2973553.0,1373669.0,7357435.0,5081700.0,4569750000.0,11016850000.0,8600400.0,0.0,0.0,133200000.0,3711300000.0,448300.0,0.0
2025-05-30,,,,,,6378540000.0,9042260000.0,10781000.0,0.0,0.0,204300000.0,5293500000.0,525700.0,0.0
2025-06-02,70595756.0,7754538.0,1949110.0,6809757.0,3805400.0,4832240000.0,7779940000.0,6034900.0,0.0,0.0,109600000.0,2309300000.0,323600.0,0.0
2025-06-03,28229464.0,4071318.0,1116384.0,5499341.0,3739600.0,5026680000.0,7990230000.0,8905100.0,0.0,0.0,109300000.0,3676300000.0,,0.0
2025-06-04,45804932.0,5660175.0,1285741.0,4866445.0,4061200.0,4767050000.0,7695660000.0,7339500.0,0.0,0.0,106700000.0,3498700000.0,489900.0,0.0
2025-06-05,40696376.0,5778583.0,1168594.0,7235478.0,3521900.0,5091850000.0,8782360000.0,10941600.0,0.0,0.0,113800000.0,3272600000.0,556000.0,0.0
2025-06-06,32768028.0,6731902.0,1368093.0,2667146.0,2964300.0,4355710000.0,7291590000.0,7582100.0,0.0,0.0,98100000.0,4376700000.0,,0.0
2025-06-09,52629020.0,7588601.0,1670968.0,6106469.0,3035200.0,4642360000.0,9538700000.0,7712000.0,0.0,0.0,85700000.0,3987200000.0,537600.0,0.0
2025-06-10,116037804.0,15498724.0,3681021.0,13852176.0,3534000.0,4882880000.0,11221560000.0,7676200.0,0.0,0.0,106000000.0,3685200000.0,508200.0,0.0
2025-06-11,0.0,14375644.0,2793545.0,9052682.0,3669800.0,5111550000.0,10214190000.0,10405600.0,0.0,0.0,109300000.0,3703300000.0,393900.0,0.0
2025-06-12,0.0,5988138.0,1695340.0,5242191.0,3060300.0,4669500000.0,16308730000.0,5149200.0,0.0,0.0,104500000.0,4328700000.0,713700.0,0.0
2025-06-13,0.0,10573738.0,1343553.0,6313680.0,3285000.0,5258910000.0,9001850000.0,10484600.0,0.0,0.0,143500000.0,4926000000.0,931700.0,0.0
2025-06-16,0.0,9604467.0,1654781.0,4368019.0,2521300.0,5111710000.0,9619130000.0,5772500.0,0.0,0.0,104700000.0,3825900000.0,726400.0,0.0
2025-06-17,0.0,7035724.0,1284237.0,6803109.0,3044000.0,4955700000.0,8519930000.0,7290000.0,0.0,0.0,103600000.0,3374200000.0,939600.0,0.0
2025-06-18,244697327.0,11463945.0,2528281.0,8032034.0,3214600.0,5106470000.0,7818790000.0,6657600.0,0.0,0.0,110000000.0,3264300000.0,576500.0,0.0
2025-06-19,166284920.0,6115788.0,749185.0,4479665.0,3057900.0,,,,0.0,,89300000.0,3871900000.0,433300.0,
2025-06-20,80561608.0,6171568.0,844782.0,9823956.0,4418300.0,7451500000.0,9969140000.0,8202300.0,0.0,0.0,183900000.0,4801500000.0,484900.0,0.0
2025-06-23,101938627.0,7513711.0,1346584.0,5622839.0,3015300.0,5597000000.0,9088000000.0,7115100.0,0.0,0.0,95800000.0,3225900000.0,625700.0,0.0
2025-06-24,54574616.0,9497178.0,1421263.0,8518856.0,3767600.0,5443690000.0,8330090000.0,7017500.0,0.0,0.0,100800000.0,3995700000.0,579200.0,0.0
2025-06-25,77814637.0,11734884.0,3578302.0,12791110.0,3405900.0,5171110000.0,8256120000.0,5252500.0,0.0,0.0,102900000.0,3724300000.0,644800.0,0.0
2025-06-26,77281242.0,14551300.0,4352410.0,12192215.0,3685100.0,5308140000.0,8383380000.0,4350100.0,0.0,0.0,123600000.0,3258500000.0,460600.0,0.0
2025-06-27,94190611.0,13787139.0,2564076.0,5871555.0,3454100.0,7889350000.0,10951070000.0,4520500.0,0.0,0.0,156100000.0,4341600000.0,381600.0,0.0
2025-06-30,59086358.0,21971710.0,1594503.0,5449241.0,3443500.0,5782900000.0,8220420000.0,4925300.0,0.0,0.0,143900000.0,3775900000.0,464200.0,0.0
2025-07-01,74674904.0,19792304.0,3508726.0,16706631.0,3676400.0,6275310000.0,8631710000.0,10892900.0,0.0,0.0,124000000.0,,576000.0,0.0
2025-07-02,75071035.0,4294937.0,799620.0,4616080.0,2897200.0,5645710000.0,8378750000.0,5979000.0,0.0,0.0,127600000.0,4061300000.0,696800.0,0.0
2025-07-03,61179330.0,14414338.0,3659984.0,11879527.0,3368000.0,3378110000.0,6177910000.0,3069400.0,0.0,0.0,135400000.0,3594900000.0,539100.0,0.0
2025-07-04,73712387.0,5335473.0,1098174.0,6570544.0,3270200.0,,,,0.0,,96600000.0,4021200000.0,520800.0,
2025-07-07,78503277.0,8061484.0,2270368.0,5943753.0,2570300.0,5236740000.0,8345710000.0,4859200.0,0.0,0.0,93400000.0,2516500000.0,359400.0,0.0
2025-07-08,50214875.0,6297122.0,2362199.0,5212507.0,2661400.0,5739030000.0,8437480000.0,7276200.0,0.0,0.0,136600000.0,3039900000.0,745800.0,0.0
2025-07-09,38540142.0,7051906.0,1068661.0,7486567.0,2907300.0,4813340000.0,9978310000.0,4415300.0,0.0,0.0,129000000.0,3197600000.0,643000.0,0.0
2025-07-10,53089295.0,13043180.0,2509236.0,15110698.0,2829400.0,5367350000.0,9781380000.0,4868500.0,0.0,0.0,129300000.0,3501100000.0,596600.0,0.0
2025-07-11,44752569.0,9399913.0,1963311.0,5987010.0,4446700.0,4656210000.0,8135800000.0,2649600.0,0.0,0.0,115900000.0,4142000000.0,465300.0,0.0
2025-07-14,62300823.0,4791344.0,2254327.0,10705156.0,2557300.0,4722250000.0,8010060000.0,5522600.0,0.0,0.0,91500000.0,2730300000.0,444000.0,0.0
2025-07-15,68008041.0,10856850.0,3696589.0,8949568.0,2696000.0,5133670000.0,8399060000.0,6042100.0,0.0,0.0,98800000.0,3774900000.0,419700.0,0.0
2025-07-16,90231230.0,13326543.0,3085595.0,12158956.0,3171200.0,5177460000.0,9056640000.0,8348900.0,0.0,0.0,96400000.0,3381700000.0,531500.0,0.0
2025-07-17,88235423.0,11330247.0,2224379.0,4925854.0,3078000.0,5512290000.0,9994550000.0,4801100.0,0.0,0.0,101500000.0,3208300000.0,424800.0,0.0
2025-07-18,105861549.0,19850072.0,1998869.0,17899069.0,2995200.0,5184700000.0,9354580000.0,3758500.0,0.0,0.0,92000000.0,2904200000.0,393400.0,0.0
2025-07-21,75792981.0,11145435.0,1377050.0,8716308.0,2784300.0,5010840000.0,12046970000.0,4672600.0,0.0,0.0,,3609000000.0,343900.0,0.0
2025-07-22,88841474.0,16552057.0,1779929.0,13064070.0,3764700.0,5662040000.0,10583710000.0,6871000.0,0.0,0.0,112100000.0,3822400000.0,378500.0,0.0
2025-07-23,63766890.0,14179445.0,1190957.0,8956160.0,3346500.0,5642510000.0,10972770000.0,5952600.0,0.0,0.0,221100000.0,4139800000.0,664800.0,0.0
2025-07-24,79659820.0,9264825.0,870964.0,7742482.0,3659600.0,5282720000.0,12741070000.0,4166800.0,0.0,0.0,149400000.0,3595700000.0,425500.0,0.0
2025-07-25,38620389.0,8804493.0,711518.0,5664324.0,2946900.0,4470720000.0,11028310000.0,3511400.0,0.0,0.0,117500000.0,3406300000.0,389300.0,0.0
2025-07-28,52312766.0,9057938.0,1468878.0,8987148.0,3255000.0,4565620000.0,10612580000.0,6433000.0,0.0,0.0,106500000.0,3425400000.0,502700.0,0.0
2025-07-29,102624231.0,12013059.0,1595334.0,10837855.0,3565200.0,5076120000.0,10040610000.0,5299700.0,0.0,0.0,101000000.0,3745000000.0,373200.0,0.0
2025-07-30,82807206.0,14144940.0,2820727.0,12305554.0,3352200.0,5375070000.0,9311770000.0,5300500.0,0.0,0.0,123700000.0,4667600000.0,338100.0,0.0
2025-07-31,81565859.0,12252436.0,2756498.0,14791361.0,3757100.0,6077080000.0,9917220000.0,9419300.0,0.0,0.0,134800000.0,4186400000.0,540300.0,0.0
2025-08-01,98235777.0,7709705.0,1224704.0,13478002.0,3402400.0,5827150000.0,9667420000.0,8549000.0,0.0,0.0,148400000.0,3765300000.0,507800.0,0.0
2025-08-04,85556033.0,9746907.0,1572492.0,8904778.0,3191500.0,4842580000.0,7355970000.0,6189500.0,0.0,0.0,130800000.0,2851300000.0,293500.0,0.0
2025-08-05,46655329.0,6383924.0,1818306.0,9992851.0,3421400.0,5517410000.0,7982940000.0,5149700.0,0.0,0.0,145300000.0,3058000000.0,273400.0,0.0
2025-08-06,48326240.0,4543103.0,1368773.0,5801414.0,3264600.0,5408560000.0,8580020000.0,4966500.0,0.0,0.0,145500000.0,2449800000.0,327400.0,0.0
2025-08-07,125733157.0,14849275.0,3340910.0,16642479.0,3487700.0,5306090000.0,8979190000.0,6073400.0,0.0,0.0,154000000.0,2937800000.0,327000.0,0.0
2025-08-08,59604000.0,8440231.0,803767.0,8836995.0,3790600.0,4769910000.0,8669200000.0,5301300.0,0.0,0.0,183300000.0,2487400000.0,341400.0,0.0
2025-08-11,71600855.0,9289111.0,1894786.0,9101196.0,3851900.0,4652400000.0,9099730000.0,4127900.0,0.0,0.0,,2525200000.0,305000.0,0.0
2025-08-12,57519835.0,7582704.0,1616497.0,11582551.0,4193700.0,5135300000.0,8382820000.0,10091500.0,0.0,0.0,176100000.0,2368600000.0,373200.0,0.0
2025-08-13,75956144.0,8782634.0,2418809.0,12701503.0,4867300.0,5195950000.0,8763080000.0,6022400.0,0.0,0.0,154100000.0,3271700000.0,320100.0,0.0
2025-08-14,57038858.0,5344928.0,1016285.0,9782453.0,4491700.0,4462050000.0,9110860000.0,5315700.0,0.0,0.0,127800000.0,3330000000.0,441500.0,0.0
2025-08-15,52736409.0,5682123.0,1069765.0,20415907.0,4491700.0,4575060000.0,8158830000.0,6840100.0,0.0,0.0,134500000.0,4157900000.0,,0.0
2025-08-18,46297216.0,5236846.0,1551948.0,18630487.0,4745200.0,4162290000.0,8260970000.0,4978200.0,0.0,0.0,124200000.0,3720500000.0,326100.0,0.0
2025-08-19,29425841.0,2759433.0,1002025.0,11980049.0,4734800.0,4377440000.0,8461660000.0,3508000.0,0.0,0.0,117100000.0,3195500000.0,285300.0,0.0
2025-08-20,223798736.0,11683336.0,2214357.0,27736620.0,4336000.0,4470390000.0,7810310000.0,9423100.0,0.0,0.0,116700000.0,2984200000.0,335300.0,0.0
2025-08-21,73508730.0,3816368.0,876805.0,15771509.0,3924400.0,4013560000.0,6530580000.0,4581100.0,0.0,0.0,103100000.0,2861000000.0,276900.0,0.0
2025-08-22,44549133.0,4670345.0,639442.0,10655439.0,3633100.0,5046860000.0,9401300000.0,6527700.0,0.0,0.0,97800000.0,3359400000.0,236800.0,0.0
2025-08-25,62750061.0,8189139.0,1521084.0,11583071.0,3818800.0,4059070000.0,8443200000.0,3654200.0,0.0,0.0,102200000.0,4143300000.0,220200.0,0.0
2025-08-26,40863870.0,4208005.0,1190924.0,12930608.0,5104500.0,4867680000.0,9087930000.0,3762000.0,0.0,0.0,162600000.0,3635400000.0,325400.0,0.0
2025-08-27,90133682.0,6521462.0,997568.0,8800775.0,4022200.0,4143680000.0,8040510000.0,4195400.0,0.0,0.0,108400000.0,3871200000.0,281700.0,0.0
2025-08-28,59176066.0,6344692.0,1004958.0,9674399.0,4093700.0,4283760000.0,7807080000.0,5060200.0,0.0,0.0,112700000.0,4178800000.0,312200.0,0.0
2025-08-29,36369305.0,7273872.0,773260.0,7536563.0,4230800.0,4234840000.0,7715430000.0,8672600.0,0.0,0.0,114900000.0,3818100000.0,245100.0,0.0
2025-09-01,76529981.0,5173881.0,1168331.0,13884247.0,3978800.0,,,,0.0,,96600000.0,4316800000.0,260100.0,
2025-09-02,33217612.0,6260964.0,1092042.0,4882511.0,3621600.0,4784000000.0,8183410000.0,6659200.0,0.0,0.0,99800000.0,3811100000.0,310700.0,0.0
2025-09-03,39472404.0,5903178.0,1345904.0,5332356.0,3208300.0,4465360000.0,7488290000.0,5473300.0,0.0,0.0,130200000.0,3186200000.0,335800.0,0.0
2025-09-04,37461241.0,8784392.0,660637.0,7057305.0,4098500.0,4670770000.0,7282150000.0,11842200.0,0.0,0.0,110300000.0,3630300000.0,286300.0,0.0
2025-09-05,37395300.0,6867624.0,958094.0,9492829.0,3935800.0,5066120000.0,8413730000.0,17105500.0,0.0,0.0,118300000.0,3739400000.0,323800.0,0.0
2025-09-08,59980892.0,9910890.0,1517480.0,8847833.0,4221200.0,5211500000.0,8435850000.0,10290500.0,0.0,0.0,115500000.0,3655000000.0,372300.0,0.0
2025-09-09,56315324.0,10072735.0,2071684.0,15152486.0,4235300.0,4798350000.0,7877410000.0,9305200.0,0.0,0.0,117500000.0,3632700000.0,439900.0,0.0
2025-09-10,73272121.0,14714905.0,3712621.0,15699947.0,4503300.0,5253010000.0,9090550000.0,13398400.0,0.0,0.0,115700000.0,3793200000.0,564700.0,0.0
2025-09-11,84750243.0,13470664.0,2015954.0,23267446.0,5159400.0,5426460000.0,10025020000.0,10286200.0,0.0,0.0,107300000.0,3992500000.0,435600.0,0.0
2025-09-12,57457218.0,10424857.0,1269113.0,13521974.0,4362700.0,4641640000.0,9023140000.0,7144200.0,0.0,0.0,124900000.0,3332500000.0,448900.0,0.0
2025-09-15,52544684.0,9918369.0,887216.0,12406663.0,3734300.0,5045020000.0,8904030000.0,7239200.0,0.0,0.0,,2857700000.0,378900.0,0.0
2025-09-16,63314427.0,11107214.0,1521828.0,13415592.0,4224500.0,5359510000.0,8592240000.0,7543300.0,0.0,0.0,111700000.0,2882500000.0,406200.0,0.0
2025-09-17,66204045.0,6002030.0,1385906.0,8659589.0,4404600.0,5805340000.0,9325980000.0,6566900.0,0.0,0.0,104600000.0,3700800000.0,326600.0,0.0
2025-09-18,44089588.0,3495369.0,2083240.0,12142881.0,4746200.0,5292400000.0,10478450000.0,12601600.0,0.0,0.0,113700000.0,4114200000.0,391200.0,0.0
2025-09-19,71674519.0,3596102.0,1192789.0,12673002.0,6041400.0,9125960000.0,14632360000.0,5839100.0,0.0,0.0,208600000.0,4165900000.0,348800.0,0.0
2025-09-22,56355369.0,5194789.0,792923.0,10223865.0,4316700.0,5642620000.0,9736270000.0,5721400.0,0.0,0.0,116600000.0,3298400000.0,287900.0,0.0
2025-09-23,89181458.0,9060660.0,2141576.0,15430473.0,4775000.0,5633620000.0,9822620000.0,6068300.0,0.0,0.0,,3124500000.0,358300.0,0.0
2025-09-24,90579906.0,7247802.0,2020418.0,15613039.0,4309500.0,5459180000.0,9184030000.0,7825500.0,0.0,0.0,131700000.0,3023200000.0,287100.0,0.0
2025-09-25,56318217.0,7300713.0,1783311.0,13035746.0,5318500.0,5874670000.0,9960330000.0,11157800.0,0.0,0.0,127200000.0,3687000000.0,293100.0,0.0
2025-09-26,158564436.0,7100530.0,1622474.0,22717876.0,4370400.0,5103110000.0,8488400000.0,7244300.0,0.0,0.0,147500000.0,3440600000.0,399200.0,0.0
2025-09-29,,,,,,5358760000.0,9046720000.0,5954900.0,0.0,0.0,130500000.0,3502800000.0,416500.0,0.0
2025-09-30,62389962.0,7916655.0,2775642.0,16435377.0,3601000.0,6057210000.0,8928070000.0,7091800.0,0.0,0.0,160600000.0,3501900000.0,526400.0,0.0
2025-10-01,74531798.0,8751327.0,3130415.0,11905832.0,4127200.0,6037950000.0,10043980000.0,9339600.0,0.0,0.0,136700000.0,,493600.0,0.0
2025-10-02,72057003.0,8843535.0,3558910.0,16349957.0,4331900.0,5416130000.0,9633200000.0,7250000.0,0.0,0.0,131100000.0,2324600000.0,402100.0,0.0
2025-10-03,73601535.0,8514028.0,2432921.0,15557593.0,3947400.0,5713110000.0,10515730000.0,8629100.0,0.0,0.0,117600000.0,1392000000.0,,0.0
2025-10-06,,,,,,5604460000.0,10468830000.0,11275000.0,0.0,0.0,178300000.0,1131600000.0,,0.0
2025-10-07,132381054.0,8359135.0,3467827.0,17754108.0,4714200.0,5546150000.0,10375920000.0,9952000.0,0.0,0.0,154200000.0,,,0.0
2025-10-08,112448112.0,3480832.0,879080.0,13928030.0,4475000.0,5383130000.0,10925520000.0,9301700.0,0.0,0.0,142200000.0,2105700000.0,,0.0
2025-10-09,72911291.0,9273458.0,1658680.0,16371413.0,5551400.0,5385020000.0,10713200000.0,7603500.0,0.0,0.0,138500000.0,4013900000.0,,0.0
2025-10-10,,,,,,6596610000.0,11635030000.0,26691200.0,0.0,0.0,150700000.0,3432000000.0,407400.0,0.0
2025-10-13,261787970.0,10046851.0,1521607.0,18683458.0,4848200.0,5303960000.0,9018770000.0,8703400.0,0.0,0.0,,5172800000.0,408000.0,0.0
2025-10-14,157148588.0,11682844.0,1381970.0,27466180.0,6407700.0,5666920000.0,9776720000.0,8476000.0,0.0,0.0,170300000.0,4753200000.0,734100.0,0.0
2025-10-15,97216134.0,8315447.0,1524711.0,12357449.0,4438300.0,5633060000.0,11374850000.0,7595200.0,0.0,0.0,118400000.0,3503900000.0,543600.0,0.0
2025-10-16,112923095.0,11737750.0,2561838.0,19799214.0,4657900.0,6048180000.0,11343620000.0,7410400.0,0.0,0.0,121100000.0,3380900000.0,495800.0,0.0
2025-10-17,157583768.0,10061415.0,1353568.0,16153221.0,4488400.0,5358120000.0,9552150000.0,6261500.0,0.0,0.0,124800000.0,4008400000.0,420800.0,0.0
2025-10-20,102880277.0,9672519.0,1252975.0,11206743.0,4283400.0,4672170000.0,9440620000.0,5832300.0,0.0,0.0,121000000.0,2901600000.0,410100.0,0.0
2025-10-21,124931191.0,6490270.0,1242366.0,13913474.0,4293000.0,5245020000.0,10845130000.0,3965200.0,0.0,0.0,124500000.0,3065000000.0,526900.0,0.0
2025-10-22,116660310.0,7584083.0,661285.0,14098151.0,3944200.0,5710010000.0,14361150000.0,7875300.0,0.0,0.0,141100000.0,2830300000.0,597200.0,0.0
2025-10-23,161355781.0,5869054.0,1436905.0,9999166.0,3819800.0,5565750000.0,10363600000.0,5374800.0,0.0,0.0,107600000.0,3104000000.0,423600.0,0.0
2025-10-24,,,,,,5058220000.0,10308620000.0,4621200.0,0.0,0.0,109100000.0,2592100000.0,426900.0,0.0
2025-10-27,102297434.0,11137759.0,1871699.0,18065018.0,4954700.0,5290650000.0,10757830000.0,5165000.0,0.0,0.0,122100000.0,3164600000.0,517000.0,0.0
2025-10-28,93730892.0,5512193.0,841163.0,11571677.0,5011300.0,5695930000.0,10640830000.0,4156400.0,0.0,0.0,119500000.0,2857300000.0,408200.0,0.0
2025-10-29,65206490.0,4228139.0,1207040.0,16776242.0,5040500.0,6280130000.0,10089540000.0,4503100.0,0.0,0.0,129700000.0,,466900.0,0.0
2025-10-30,91073965.0,3979408.0,1071109.0,22881005.0,5137600.0,6052700000.0,10564160000.0,4630700.0,0.0,0.0,230900000.0,4318800000.0,566500.0,0.0
2025-10-31,53629924.0,3427634.0,806341.0,13058163.0,4459700.0,6398280000.0,10909250000.0,5163900.0,0.0,0.0,180300000.0,3378200000.0,408300.0,0.0
2025-11-03,130638786.0,8201099.0,1373551.0,14812523.0,3968500.0,6065720000.0,10360170000.0,3750800.0,0.0,0.0,,1789700000.0,472700.0,0.0
2025-11-04,83118781.0,5196198.0,2805294.0,18989071.0,4218000.0,5739510000.0,10227700000.0,5288800.0,0.0,0.0,190100000.0,3421200000.0,423500.0,0.0
2025-11-05,210997899.0,10793147.0,1980201.0,31839007.0,4085800.0,5939600000.0,10026890000.0,4949400.0,0.0,0.0,219700000.0,2770000000.0,594200.0,0.0
2025-11-06,65559913.0,7736345.0,1913104.0,19456878.0,4125700.0,6051900000.0,11085130000.0,8548300.0,0.0,0.0,171300000.0,2705200000.0,423400.0,0.0
2025-11-07,102458588.0,6333851.0,671180.0,17003418.0,4344700.0,5926070000.0,10141910000.0,13798600.0,0.0,0.0,146700000.0,2695900000.0,377100.0,0.0
2025-11-10,80256746.0,10390772.0,699325.0,16099663.0,4157600.0,5366050000.0,9297320000.0,6030800.0,0.0,0.0,129700000.0,3124500000.0,339500.0,0.0
2025-11-11,75382949.0,5429279.0,814292.0,12904932.0,5302400.0,4983490000.0,7756810000.0,5877900.0,0.0,0.0,125900000.0,2417600000.0,377600.0,0.0
2025-11-12,59822193.0,7921176.0,426266.0,14261547.0,5291300.0,5293610000.0,8449920000.0,4145000.0,0.0,0.0,150400000.0,3437300000.0,334600.0,0.0
2025-11-13,74963633.0,4022829.0,1338557.0,12991285.0,6572900.0,5473720000.0,11351410000.0,10980600.0,0.0,0.0,135700000.0,3285700000.0,424200.0,0.0
2025-11-14,204108022.0,9804761.0,1339807.0,19570604.0,5171300.0,5042660000.0,10841540000.0,7142000.0,0.0,0.0,149300000.0,2809900000.0,400000.0,0.0
2025-11-17,86927813.0,7719748.0,1632358.0,15095421.0,4781900.0,5204220000.0,9744800000.0,8188700.0,0.0,0.0,126000000.0,2521100000.0,344100.0,0.0
2025-11-18,240526230.0,12817121.0,2004961.0,29676530.0,5433000.0,5159390000.0,8606260000.0,11103100.0,0.0,0.0,137400000.0,3514100000.0,319700.0,0.0
2025-11-19,138705085.0,6629031.0,1799696.0,21305554.0,4448000.0,5021610000.0,8434200000.0,5108100.0,0.0,0.0,136500000.0,2886700000.0,338200.0,0.0
2025-11-20,81330710.0,5554327.0,1868788.0,37226550.0,4862100.0,5596080000.0,10548620000.0,13398300.0,0.0,0.0,139400000.0,2979200000.0,360300.0,0.0
2025-11-21,299502200.0,11869643.0,1981006.0,28445253.0,4006000.0,5929930000.0,9931240000.0,15355900.0,0.0,0.0,212200000.0,3957900000.0,319300.0,0.0
2025-11-24,153617414.0,6372320.0,1656000.0,18376513.0,6156100.0,6039740000.0,9232160000.0,6424800.0,0.0,0.0,,4422700000.0,373100.0,0.0
2025-11-25,61913501.0,4202296.0,1250497.0,21462233.0,3724900.0,5003330000.0,8498500000.0,5942800.0,0.0,0.0,144500000.0,2962100000.0,279300.0,0.0
2025-11-26,73622900.0,5284453.0,1517942.0,18009140.0,4016500.0,4485000000.0,7291400000.0,5818300.0,0.0,0.0,134100000.0,2564700000.0,295300.0,0.0
2025-11-27,52209933.0,3736776.0,783705.0,21091240.0,3621100.0,,,,0.0,,99300000.0,2682700000.0,257900.0,
2025-11-28,66700125.0,3604848.0,515936.0,19522755.0,3953500.0,2558540000.0,4541070000.0,3038000.0,0.0,0.0,98200000.0,1961600000.0,241900.0,0.0
2025-12-01,96548521.0,4117853.0,734344.0,12064839.0,3774100.0,4549370000.0,7859560000.0,3933000.0,0.0,0.0,118200000.0,2318600000.0,296900.0,0.0
2025-12-02,41397425.0,1621266.0,781796.0,9327533.0,4210100.0,4582290000.0,7588580000.0,5086900.0,0.0,0.0,127100000.0,2453000000.0,319000.0,0.0
2025-12-03,44855416.0,3077327.0,712046.0,11050478.0,3769000.0,4736780000.0,7962730000.0,3867100.0,0.0,0.0,119500000.0,2176600000.0,290900.0,0.0
2025-12-04,38785824.0,1927716.0,572210.0,7847101.0,3599700.0,4872440000.0,7456860000.0,4639700.0,0.0,0.0,127300000.0,2169200000.0,352000.0,0.0
2025-12-05,45051403.0,3414816.0,919460.0,16083741.0,3817000.0,4944560000.0,8248280000.0,4338100.0,0.0,0.0,119300000.0,2973100000.0,478500.0,0.0
2025-12-08,76124318.0,4812994.0,1380065.0,8960738.0,4068700.0,4757130000.0,8533670000.0,3620900.0,0.0,0.0,104400000.0,2923100000.0,395600.0,0.0
2025-12-09,48271330.0,3073696.0,725168.0,6058406.0,4898300.0,4508050000.0,7192600000.0,2775300.0,0.0,0.0,107100000.0,2858700000.0,400600.0,0.0
2025-12-10,64151249.0,5435010.0,1426597.0,7436325.0,4773000.0,5526570000.0,7987900000.0,5093800.0,0.0,0.0,125100000.0,2729900000.0,317900.0,0.0
2025-12-11,94638653.0,3944013.0,2598194.0,10243646.0,4248000.0,5021060000.0,8337770000.0,6504700.0,0.0,0.0,109900000.0,2352600000.0,539800.0,0.0
2025-12-12,57687594.0,1847576.0,3922778.0,8033888.0,4802600.0,4910160000.0,8724070000.0,13813600.0,0.0,0.0,152200000.0,3219500000.0,426600.0,0.0
2025-12-15,105905436.0,7005088.0,2741868.0,7345305.0,4157000.0,4975600000.0,8649240000.0,5241800.0,0.0,0.0,121900000.0,2803200000.0,346800.0,0.0
2025-12-16,155552766.0,7491137.0,2688639.0,13397531.0,5140200.0,4983180000.0,7759960000.0,5850400.0,0.0,0.0,124600000.0,2917700000.0,374000.0,0.0
2025-12-17,89657544.0,2257044.0,788870.0,7622294.0,5499500.0,5122120000.0,8616140000.0,10422000.0,0.0,0.0,113200000.0,2471900000.0,361000.0,0.0
2025-12-18,112535790.0,4749543.0,1887813.0,10882210.0,4799900.0,5101190000.0,7977920000.0,6740400.0,0.0,0.0,116200000.0,2613500000.0,581400.0,0.0
2025-12-19,79433169.0,4871617.0,435186.0,6592173.0,5627700.0,8554470000.0,12874560000.0,5075000.0,0.0,0.0,163300000.0,3358000000.0,442700.0,0.0
2025-12-22,91596850.0,4085626.0,1397012.0,6719667.0,5026500.0,4465030000.0,7244910000.0,4019000.0,0.0,0.0,112900000.0,2362100000.0,315600.0,0.0
2025-12-23,100327038.0,2174368.0,714478.0,5430826.0,4559700.0,3820560000.0,7518190000.0,2708600.0,0.0,0.0,92700000.0,2240900000.0,385800.0,0.0
2025-12-24,62393202.0,2384716.0,572557.0,5826723.0,4612900.0,1798270000.0,3885190000.0,1723200.0,0.0,0.0,83200000.0,1236300000.0,363600.0,0.0
2025-12-25,,,,,,,,,,,58300000.0,,,
2025-12-26,68362335.0,6901834.0,1240162.0,7006327.0,4511200.0,2586550000.0,5170300000.0,1860900.0,0.0,0.0,81100000.0,,510200.0,0.0
2025-12-29,83563905.0,8854816.0,1046564.0,12215097.0,4440500.0,3541750000.0,6527530000.0,3620700.0,0.0,0.0,98000000.0,2931600000.0,502400.0,0.0
2025-12-30,58116367.0,6607877.0,937016.0,9007362.0,5135300.0,3309930000.0,6769300000.0,2984800.0,0.0,0.0,93700000.0,3138100000.0,408200.0,0.0
2025-12-31,69494353.0,10442650.0,2105058.0,12041124.0,5689400.0,3261830000.0,5895130000.0,2954200.0,0.0,0.0,,1651000000.0,,0.0
2026-01-02,77878570.0,7577737.0,1671410.0,76021801.0,5945900.0,4184120000.0,7331460000.0,8491300.0,0.0,0.0,,1489700000.0,406300.0,0.0
2026-01-05,225924687.0,17919957.0,3537777.0,60736056.0,6274000.0,5771930000.0,8737320000.0,7923200.0,0.0,0.0,139400000.0,3692200000.0,513900.0,0.0
2026-01-06,125256215.0,9890925.0,1528804.0,36247405.0,6867900.0,5509680000.0,9012640000.0,7579900.0,0.0,0.0,151900000.0,3800900000.0,498400.0,0.0
2026-01-07,113869755.0,7879162.0,1042155.0,39684480.0,8350800.0,5214480000.0,8396920000.0,4528500.0,0.0,0.0,138600000.0,3645300000.0,553700.0,0.0
2026-01-08,71394567.0,11248881.0,1057501.0,32537673.0,8283300.0,5333200000.0,7723140000.0,5408300.0,0.0,0.0,135400000.0,3243300000.0,440100.0,0.0
2026-01-09,106682469.0,8909695.0,2356367.0,30589701.0,6518900.0,5163900000.0,8124420000.0,7323100.0,0.0,0.0,133100000.0,3241700000.0,399200.0,0.0
2026-01-12,80365400.0,6671940.0,1633755.0,22141599.0,5720700.0,5019040000.0,8707170000.0,5159600.0,0.0,0.0,,3599600000.0,394800.0,0.0
2026-01-13,99445355.0,5805256.0,1861826.0,33840026.0,6687400.0,5091730000.0,9416400000.0,3835900.0,0.0,0.0,168500000.0,3691700000.0,429200.0,0.0
2026-01-14,82266008.0,5447233.0,1675893.0,35093077.0,6046100.0,5530830000.0,12165220000.0,5468900.0,0.0,0.0,144500000.0,4849600000.0,550400.0,0.0
2026-01-15,89452635.0,5014811.0,1042489.0,56522773.0,6569600.0,5114050000.0,9740630000.0,6531500.0,0.0,0.0,150900000.0,3573700000.0,545200.0,0.0
2026-01-16,97268614.0,8546824.0,1993602.0,48914530.0,7323000.0,5356550000.0,9514500000.0,5127300.0,0.0,0.0,144300000.0,3365900000.0,720900.0,0.0
2026-01-19,116848644.0,4545502.0,2194777.0,99131031.0,7864700.0,,,,0.0,,122900000.0,2742400000.0,570800.0,
2026-01-20,104977401.0,2971335.0,1109905.0,62027296.0,7884000.0,5769500000.0,9469480000.0,6232600.0,0.0,0.0,126800000.0,2770800000.0,667700.0,0.0
2026-01-21,161269608.0,6267489.0,1160869.0,45212810.0,8417100.0,5835520000.0,9162740000.0,7204200.0,0.0,0.0,139000000.0,2998700000.0,600100.0,0.0
2026-01-22,96360058.0,2525320.0,846630.0,21565780.0,7642300.0,5307580000.0,9034850000.0,4662000.0,0.0,0.0,150900000.0,2990900000.0,568600.0,0.0
2026-01-23,68701320.0,2349046.0,484018.0,18754926.0,7178200.0,4871930000.0,8228760000.0,4335900.0,0.0,0.0,129500000.0,2803500000.0,612600.0,0.0
2026-01-26,84082813.0,3853058.0,1272972.0,21461932.0,6470200.0,4968050000.0,7505250000.0,4458700.0,0.0,0.0,138300000.0,2926500000.0,446900.0,0.0
2026-01-27,70421120.0,2566313.0,563442.0,27389171.0,7511200.0,5331720000.0,8026050000.0,5293600.0,0.0,0.0,136700000.0,3063200000.0,476200.0,0.0
2026-01-28,87294077.0,3103589.0,1703391.0,25750183.0,7408400.0,5507670000.0,8151580000.0,5364000.0,0.0,0.0,149800000.0,5050200000.0,593100.0,0.0
2026-01-29,111905919.0,3951729.0,1817449.0,27805049.0,7939900.0,6877780000.0,8782210000.0,8446200.0,0.0,0.0,154500000.0,4396400000.0,699700.0,0.0
2026-01-30,159055585.0,5538099.0,1001554.0,32541723.0,8004400.0,6697340000.0,9255930000.0,8719100.0,0.0,0.0,156800000.0,4427500000.0,862500.0,0.0
2026-02-02,211262670.0,8769937.0,2180534.0,28855927.0,6128700.0,5772050000.0,8882530000.0,7758000.0,0.0,0.0,153800000.0,4835000000.0,572500.0,0.0
2026-02-03,70926930.0,4804932.0,2001853.0,23310408.0,6083600.0,7017660000.0,10306320000.0,8371200.0,0.0,0.0,156900000.0,3425200000.0,672600.0,0.0
2026-02-04,56597222.0,2294841.0,1194684.0,21425628.0,5481900.0,7475750000.0,10862000000.0,15231400.0,0.0,0.0,186300000.0,2984800000.0,789900.0,0.0
2026-02-05,95746290.0,3996866.0,1128309.0,19695893.0,5843100.0,6989120000.0,10109230000.0,10406500.0,0.0,0.0,213200000.0,3189800000.0,911900.0,0.0
2026-02-06,102980565.0,5633521.0,1796023.0,17793638.0,5482300.0,6283680000.0,9054400000.0,9096100.0,0.0,0.0,188900000.0,2913300000.0,745800.0,0.0
2026-02-09,118533745.0,5751382.0,1137126.0,34594373.0,4854000.0,5650260000.0,8174050000.0,7091400.0,0.0,0.0,205000000.0,2734500000.0,617700.0,0.0
2026-02-10,98559015.0,5177316.0,1092096.0,47353688.0,4429000.0,5595950000.0,8513440000.0,6252400.0,0.0,0.0,191500000.0,2554300000.0,712300.0,0.0
2026-02-11,114028587.0,4972915.0,1846247.0,44405413.0,5334200.0,6175510000.0,9927010000.0,7497000.0,0.0,0.0,,2403700000.0,753800.0,0.0
2026-02-12,,,,,,7118700000.0,8855290000.0,9488000.0,0.0,0.0,190000000.0,2668800000.0,750600.0,0.0
2026-02-13,,,,,,5718360000.0,7964830000.0,5963000.0,0.0,0.0,210000000.0,2489000000.0,1290700.0,0.0
2026-02-16,,,,,,,,,0.0,,137400000.0,808500000.0,,
2026-02-17,,,,,,5418480000.0,7654300000.0,4068900.0,0.0,0.0,132600000.0,,,0.0
2026-02-18,,,,,,5098160000.0,7705590000.0,5681200.0,0.0,0.0,130100000.0,,,0.0
2026-02-19,,,,,,5151690000.0,6984780000.0,5576400.0,0.0,0.0,135500000.0,,1185800.0,0.0
2026-02-20,,,,,,5432480000.0,8063070000.0,6013600.0,0.0,0.0,152400000.0,1694800000.0,1749300.0,0.0
2026-02-23,212974781.0,8569685.0,3535738.0,35199118.0,6847600.0,5638350000.0,8263920000.0,6339800.0,0.0,0.0,,1816400000.0,1477800.0,0.0
2026-02-24,143721014.0,5277606.0,4563567.0,29927368.0,6653800.0,5266090000.0,7932270000.0,6206000.0,0.0,0.0,157800000.0,2683800000.0,1602000.0,0.0
2026-02-25,158561421.0,5700074.0,2000106.0,25672768.0,8280600.0,5328060000.0,8427450000.0,4539900.0,0.0,0.0,167100000.0,2499400000.0,1415300.0,0.0
2026-02-26,123812672.0,3676172.0,2265190.0,17197391.0,8684700.0,5889550000.0,9033470000.0,13329100.0,0.0,0.0,155300000.0,2901200000.0,1409600.0,0.0
2026-02-27,,,,,,6665660000.0,9552610000.0,6250200.0,0.0,0.0,192400000.0,3294400000.0,1166100.0,0.0
2026-03-02,204278933.0,4420240.0,1521976.0,23195062.0,7852100.0,6079080000.0,8303030000.0,7284000.0,0.0,0.0,162400000.0,4593500000.0,,0.0
2026-03-03,288356288.0,6723705.0,2257960.0,31141811.0,8829900.0,6442080000.0,9705500000.0,17946100.0,0.0,0.0,179000000.0,4705200000.0,1227200.0,0.0
2026-03-04,455564304.0,12842072.0,3860856.0,47143819.0,7817200.0,5252170000.0,10918410000.0,10649900.0,0.0,0.0,214000000.0,4703700000.0,1637600.0,0.0
2026-03-05,194777972.0,5789205.0,2086032.0,27609890.0,5789800.0,5989300000.0,10994660000.0,7239300.0,0.0,0.0,184900000.0,3484200000.0,1660700.0,0.0
2026-03-06,139697065.0,5678340.0,2109428.0,12857167.0,5479700.0,5793120000.0,9300220000.0,8733700.0,0.0,0.0,142800000.0,3669800000.0,1223000.0,0.0
2026-03-09,493890200.0,10661209.0,3837925.0,37908534.0,6749000.0,6709410000.0,9797740000.0,9824600.0,0.0,0.0,219400000.0,5300800000.0,1026200.0,0.0
2026-03-10,164247105.0,6968447.0,2017751.0,16414968.0,6268300.0,5944950000.0,8800580000.0,7471000.0,0.0,0.0,162500000.0,3518600000.0,923200.0,0.0
2026-03-11,147508364.0,4778845.0,1395819.0,20751800.0,5854600.0,5511090000.0,8348570000.0,6215100.0,0.0,0.0,146900000.0,3144800000.0,1050900.0,0.0
2026-03-12,120680192.0,2569131.0,1026361.0,10938046.0,7553100.0,6292170000.0,8490850000.0,8008100.0,0.0,0.0,154100000.0,3046500000.0,801300.0,0.0
2026-03-13,105970280.0,2876062.0,2540615.0,14537028.0,6795000.0,5337120000.0,8278740000.0,6450800.0,0.0,0.0,169000000.0,2786100000.0,907700.0,0.0
2026-03-16,97649824.0,4377716.0,3017244.0,15443472.0,6288500.0,5176290000.0,8208800000.0,8018200.0,0.0,0.0,128800000.0,3018100000.0,1073900.0,0.0
2026-03-17,61503521.0,1959680.0,1170962.0,12195094.0,6564400.0,5063390000.0,8505210000.0,4472100.0,0.0,0.0,117800000.0,2901400000.0,1135100.0,0.0
2026-03-18,72305179.0,2630515.0,735341.0,14172454.0,7008700.0,5275480000.0,9325170000.0,6363900.0,0.0,0.0,136700000.0,2536000000.0,1143800.0,0.0
2026-03-19,128778782.0,3424457.0,1559619.0,10786465.0,6675700.0,5973390000.0,8547870000.0,8292100.0,0.0,0.0,200600000.0,3552300000.0,1184200.0,0.0
2026-03-20,67265037.0,1931758.0,845268.0,11452765.0,7825000.0,10025820000.0,11743490000.0,9441300.0,0.0,0.0,,4602500000.0,1490800.0,0.0
2026-03-23,210502502.0,5838706.0,2137539.0,17098811.0,5505600.0,6020650000.0,8895880000.0,8151000.0,0.0,0.0,177100000.0,5094400000.0,1125600.0,0.0
2026-03-24,83942753.0,2522435.0,847579.0,14924588.0,5184200.0,5278580000.0,8488380000.0,5287500.0,0.0,0.0,131800000.0,3890700000.0,1170500.0,0.0
2026-03-25,91456088.0,2761210.0,695440.0,15796411.0,4540400.0,4936720000.0,8056920000.0,5869000.0,0.0,0.0,133700000.0,4574700000.0,763200.0,0.0
2026-03-26,76157584.0,2505944.0,886712.0,11770645.0,5141000.0,4845560000.0,7726590000.0,10172400.0,0.0,0.0,124500000.0,3973700000.0,925100.0,0.0
2026-03-27,106078935.0,2297811.0,759772.0,9735926.0,4967400.0,5303490000.0,8713310000.0,6334800.0,0.0,0.0,170500000.0,3409200000.0,900100.0,0.0
2026-03-30,158608942.0,4798161.0,1469805.0,15025932.0,5026000.0,5458640000.0,9234380000.0,13204800.0,0.0,0.0,183100000.0,4149100000.0,727400.0,0.0
2026-03-31,231400782.0,7975984.0,1473242.0,20890974.0,5862700.0,6396100000.0,10645070000.0,14036500.0,0.0,0.0,174500000.0,3804700000.0,1163300.0,0.0
2026-04-01,126562159.0,3714830.0,2104337.0,15250207.0,4716000.0,5637260000.0,8801740000.0,10130800.0,0.0,0.0,165900000.0,3857700000.0,959000.0,0.0
2026-04-02,105707506.0,2792719.0,1262500.0,12972537.0,5332000.0,4740740000.0,8134780000.0,6521000.0,0.0,0.0,163200000.0,3194600000.0,1428200.0,0.0
2026-04-03,,,,,,,,,0.0,,104100000.0,,1185200.0,
2026-04-06,,,,,,3906440000.0,7907270000.0,3105000.0,0.0,0.0,102500000.0,,1110500.0,0.0
2026-04-07,76885542.0,4556329.0,1071478.0,10701363.0,4475300.0,4555680000.0,10796020000.0,4026000.0,0.0,0.0,118800000.0,,990400.0,0.0
2026-04-08,227364928.0,6630794.0,2591309.0,31862536.0,5671700.0,5904880000.0,10411670000.0,9868700.0,0.0,0.0,186700000.0,4871300000.0,932600.0,0.0
2026-04-09,92049631.0,3328857.0,1455445.0,13372614.0,6586300.0,4912410000.0,8662470000.0,6036700.0,0.0,0.0,154700000.0,2918000000.0,1026700.0,0.0
2026-04-10,115520077.0,3911543.0,2305937.0,14480057.0,6752000.0,4393220000.0,8700640000.0,5596900.0,0.0,0.0,165000000.0,2572900000.0,1002400.0,0.0
2026-04-13,87581345.0,2877114.0,1431677.0,12780442.0,5566000.0,4785840000.0,7925320000.0,4377400.0,0.0,0.0,135300000.0,2288800000.0,1083200.0,0.0
2026-04-14,123920345.0,4707694.0,1556923.0,11707808.0,7184600.0,5032380000.0,9105660000.0,5202600.0,0.0,0.0,143700000.0,2707100000.0,889500.0,0.0
2026-04-15,122414906.0,4324740.0,3293307.0,11021908.0,7050400.0,5278610000.0,10206480000.0,5570200.0,0.0,0.0,161000000.0,3021700000.0,923800.0,0.0
2026-04-16,76987129.0,3177253.0,2435197.0,10295444.0,6694200.0,5173650000.0,9963610000.0,4400500.0,0.0,0.0,150300000.0,2805500000.0,925700.0,0.0
2026-04-17,93304532.0,3225481.0,913177.0,8275346.0,6808300.0,6145300000.0,10159120000.0,5729100.0,0.0,0.0,140000000.0,2793200000.0,689700.0,0.0
2026-04-20,95994589.0,3257450.0,907971.0,11133196.0,6458900.0,4661130000.0,8379940000.0,3493500.0,0.0,0.0,121500000.0,2873200000.0,692900.0,0.0
2026-04-21,71987659.0,3526217.0,1483949.0,14377397.0,6360500.0,5160270000.0,9309940000.0,3676800.0,0.0,0.0,129500000.0,2460000000.0,792000.0,0.0
2026-04-22,64147874.0,3443794.0,1547002.0,10485083.0,6248000.0,4919460000.0,8080930000.0,6557600.0,0.0,0.0,145700000.0,2562100000.0,900100.0,0.0
2026-04-23,148310644.0,5314321.0,2719775.0,30275818.0,8516700.0,5307260000.0,7956600000.0,10812400.0,0.0,0.0,165300000.0,2607800000.0,1042400.0,0.0
2026-04-24,125117290.0,6974842.0,2346408.0,20307991.0,5653800.0,4608830000.0,10203070000.0,9072000.0,0.0,0.0,141400000.0,2885800000.0,878200.0,0.0
2026-04-27,183173507.0,9536860.0,3982011.0,30224294.0,5805300.0,4783750000.0,8126500000.0,8924600.0,0.0,0.0,148900000.0,2601400000.0,842700.0,0.0
2026-04-28,114706934.0,5443232.0,1425905.0,15272775.0,5020400.0,4900650000.0,7441950000.0,11014900.0,0.0,0.0,174500000.0,3263600000.0,1139500.0,0.0
2026-04-29,93857452.0,4036240.0,631244.0,13545992.0,5009300.0,5123100000.0,8147470000.0,5972800.0,0.0,0.0,,3783200000.0,717900.0,0.0
2026-04-30,82229228.0,3693668.0,1323365.0,14850730.0,5678600.0,5723790000.0,8139190000.0,5170200.0,0.0,0.0,201600000.0,4129700000.0,685500.0,0.0
2026-05-01,,,,,,4847390000.0,7534290000.0,4155900.0,0.0,0.0,150700000.0,,,0.0
2026-05-04,120393477.0,6329450.0,2063259.0,19141219.0,5642100.0,5215480000.0,7849180000.0,5233100.0,0.0,0.0,,1811100000.0,873000.0,0.0
2026-05-05,76579608.0,3765082.0,1056146.0,12987912.0,6050000.0,5279760000.0,8090030000.0,7203000.0,0.0,0.0,,1482000000.0,,0.0
2026-05-06,105507530.0,8240913.0,1186019.0,19149377.0,8107500.0,6579640000.0,8864150000.0,9768600.0,0.0,0.0,,3544300000.0,995700.0,0.0
2026-05-07,110289613.0,5127624.0,1642861.0,11265723.0,7835100.0,6237040000.0,9118880000.0,9913700.0,0.0,0.0,230800000.0,3989000000.0,767500.0,0.0
2026-05-08,117639791.0,5337650.0,1324560.0,16137055.0,7818600.0,5302740000.0,9577150000.0,7754500.0,0.0,0.0,213500000.0,3061200000.0,523100.0,0.0
2026-05-11,88544547.0,3623773.0,1356427.0,10584514.0,6722000.0,5821910000.0,11989910000.0,7492600.0,0.0,0.0,202300000.0,3079500000.0,731300.0,0.0
2026-05-12,94676481.0,5949947.0,2125261.0,15752162.0,8332000.0,5624790000.0,9631840000.0,14660600.0,0.0,0.0,189200000.0,3082300000.0,1021100.0,0.0
2026-05-13,113598688.0,6615399.0,899290.0,18432526.0,8129100.0,5716600000.0,9734720000.0,7346400.0,0.0,0.0,181000000.0,2820400000.0,738700.0,0.0
2026-05-14,53565899.0,5812864.0,1638541.0,6386842.0,7982100.0,5267050000.0,9860060000.0,5212400.0,0.0,0.0,207700000.0,3124300000.0,849900.0,0.0
2026-05-15,90487261.0,4805122.0,1186240.0,21254188.0,8185700.0,5582070000.0,9584430000.0,9388200.0,0.0,0.0,213900000.0,3259900000.0,885600.0,0.0
2026-05-18,105172915.0,6799735.0,1128004.0,17926203.0,6319000.0,5489500000.0,10327940000.0,9999000.0,0.0,0.0,168100000.0,3017100000.0,566600.0,0.0
2026-05-19,116385289.0,3274640.0,562834.0,14891704.0,6548000.0,5441140000.0,9895620000.0,12217000.0,0.0,0.0,175800000.0,3100100000.0,533500.0,0.0
2026-05-20,108931614.0,4608127.0,425670.0,11958640.0,6049500.0,5384150000.0,9268370000.0,9457600.0,0.0,0.0,182500000.0,2859500000.0,492500.0,0.0
2026-05-21,59494294.0,2125491.0,840084.0,11880737.0,6705300.0,5440620000.0,8627780000.0,6749900.0,0.0,0.0,166600000.0,3027700000.0,621100.0,0.0
2026-05-22,60917271.0,2958555.0,1474620.0,11018000.0,7704200.0,4952440000.0,9265090000.0,7671100.0,0.0,0.0,158800000.0,3280800000.0,435500.0,0.0
2026-05-25,124114624.0,6807219.0,1617175.0,19074424.0,8500300.0,,,,0.0,0.0,161100000.0,,,
2026-05-26,87695026.0,2109425.0,963941.0,11891229.0,11150100.0,5496060000.0,9718120000.0,8926200.0,0.0,0.0,157200000.0,4082800000.0,519600.0,0.0
2026-05-27,90102044.0,4274592.0,1749898.0,13415868.0,10615800.0,5524250000.0,9240640000.0,11412400.0,0.0,0.0,163500000.0,3717100000.0,619500.0,0.0
2026-05-28,140421329.0,4367073.0,1672083.0,18803608.0,10946500.0,5494860000.0,9224620000.0,6763900.0,0.0,0.0,176600000.0,4237000000.0,669000.0,0.0
2026-05-29,98892043.0,3842676.0,1642952.0,11650679.0,12618300.0,7858290000.0,11906000000.0,7323900.0,0.0,0.0,295100000.0,6766100000.0,735100.0,0.0
2026-06-01,127067000.0,4391651.0,1737128.0,11263060.0,9887600.0,6583960000.0,10199240000.0,6999500.0,0.0,0.0,189500000.0,3703000000.0,636200.0,0.0
2026-06-02,107794552.0,2673499.0,2195004.0,15130217.0,11590000.0,5904410000.0,9675650000.0,7475400.0,0.0,0.0,187700000.0,3751300000.0,632600.0,0.0
2026-06-03,75111550.0,2729785.0,1275527.0,11675186.0,11629900.0,5753860000.0,9267670000.0,8564700.0,0.0,0.0,170700000.0,3174800000.0,,0.0
2026-06-04,108491104.0,3786744.0,2286645.0,9553191.0,10148400.0,5398910000.0,8999970000.0,11445300.0,0.0,0.0,152700000.0,2783000000.0,437900.0,0.0
2026-06-05,164564140.0,4052880.0,2829493.0,13256500.0,8445300.0,5591290000.0,11550140000.0,22377300.0,0.0,0.0,148100000.0,3574800000.0,463200.0,0.0
2026-06-08,320685641.0,8424358.0,2592866.0,23352917.0,6465800.0,4898180000.0,10077650000.0,12843000.0,0.0,0.0,179500000.0,3806700000.0,452200.0,0.0
2026-06-09,89392847.0,2294907.0,1550780.0,8966334.0,7468300.0,6006390000.0,12106940000.0,24548100.0,0.0,0.0,168100000.0,3359000000.0,448500.0,0.0
2026-06-10,166445287.0,4446272.0,2404981.0,18790422.0,7804700.0,5247300000.0,9519620000.0,16672200.0,0.0,0.0,171300000.0,3942300000.0,460900.0,0.0
2026-06-11,248828975.0,5508026.0,2440595.0,16352874.0,6756200.0,5658920000.0,10101910000.0,12295400.0,0.0,0.0,171100000.0,3420800000.0,478700.0,0.0
2026-06-12,73401960.0,2461497.0,861883.0,9671995.0,6583000.0,4950530000.0,10337400000.0,9928200.0,0.0,0.0,190600000.0,3751900000.0,493400.0,0.0
2026-06-15,95906242.0,6291888.0,1321761.0,6905555.0,6161900.0,5674670000.0,10590270000.0,8170800.0,0.0,0.0,168300000.0,3636200000.0,516600.0,0.0
2026-06-16,67088029.0,2894182.0,1179609.0,8975014.0,6574400.0,5286210000.0,11132830000.0,11204900.0,0.0,0.0,153800000.0,3145200000.0,586300.0,0.0
2026-06-17,75416209.0,4494170.0,1855392.0,6153480.0,6992700.0,5883740000.0,11443600000.0,8948400.0,0.0,0.0,144300000.0,3055000000.0,571200.0,0.0
2026-06-18,74587200.0,3689787.0,1880374.0,8615947.0,9801100.0,9061110000.0,18286150000.0,9666000.0,0.0,0.0,156700000.0,4835300000.0,510900.0,0.0
2026-06-19,,,,,,,,,0.0,,214400000.0,,517200.0,
2026-06-22,110460961.0,4367796.0,1962277.0,10983992.0,8634300.0,5976740000.0,12844290000.0,7759700.0,0.0,0.0,133200000.0,4050300000.0,381100.0,
2026-06-23,130008897.0,4629679.0,2331185.0,14666189.0,0.0,215647926.0,2145619000.0,1756019.0,0.0,0.0,0.0,0.0,488742.0,0.0
