date,aggregation_rule,p20_source_summary,p60_source_summary,p20_n_eligible,p60_n_eligible,p20_split,p60_split,p20_fold_id,p60_fold_id,p20_proba_class_0,p60_proba_class_0,blend_proba_class_0,p20_proba_class_1,p60_proba_class_1,blend_proba_class_1,p20_proba_class_2,p60_proba_class_2,blend_proba_class_2,p20_proba_class_3,p60_proba_class_3,blend_proba_class_3,p20_proba_class_4,p60_proba_class_4,blend_proba_class_4,blend_entropy,blend_bearish_probability,blend_lambda_dynamic
2024-11-27,latest,test:WF1,test:WF1,3,3,test,test,WF1,WF1,0.0684396384696339,0.0272086186350202,0.039577924585404316,0.18942259876900952,0.07587089836347252,0.10993640848513363,0.3224331484805356,0.216916884308311,0.24857176355997843,0.3764648717229541,0.49104569040012563,0.4566714447969742,0.04323974255786686,0.18895790829307063,0.14524245857250953,0.8417324766153776,0.14951433307053794,34.0335985767952
2024-11-28,latest,test:WF1,test:WF1,3,3,test,test,WF1,WF1,0.07918786809669745,0.025310504044095655,0.041473713259876185,0.19120929002503123,0.08138904816375862,0.11433512072214039,0.24134027486900037,0.19578536221745083,0.20945183601291567,0.39764517942212996,0.5051950303697378,0.47293007508545537,0.09061738758714113,0.19232005520495718,0.16180925491961237,0.8426660424257005,0.15580883398201656,34.18282774028284
2024-11-29,latest,test:WF1,test:WF1,3,3,test,test,WF1,WF1,0.08451686435187734,0.029806388610959186,0.046219531333234636,0.2058851187897301,0.07390181492721327,0.11349680608596834,0.24802028822976863,0.17967538506977182,0.20017885601777088,0.3995803731426593,0.48848851844194635,0.46181607485216025,0.06199735548596471,0.22812789295010935,0.17828873171086596,0.8545124066221458,0.15971633741920296,34.557136913937704
2024-12-02,latest,test:WF1,test:WF1,3,3,test,test,WF1,WF1,0.09613422883234572,0.03227039804686417,0.051429547282508634,0.20366353963733635,0.0705399503932876,0.11047702716650222,0.25632659583241807,0.2098307484768794,0.22377950268354097,0.37617724563859944,0.4902512868226886,0.4560290744674618,0.06769839005930045,0.19710761626028028,0.15828484839998633,0.857978227856162,0.16190657444901085,34.68758718538427
2024-12-03,latest,test:WF1,test:WF1,3,3,test,test,WF1,WF1,0.08837540123183334,0.032098430615614494,0.048981521800480154,0.20977305190490514,0.0787039306141478,0.11802466700137501,0.3302751830719999,0.2701392349465957,0.28818001938421695,0.3478186093462566,0.47712451147607743,0.43833274083713114,0.023757754445004955,0.14193389234756465,0.10648105097679675,0.8440913456551237,0.16700618880185517,34.4424074174152
2024-12-04,latest,test:WF1,test:WF1,3,3,test,test,WF1,WF1,0.08791024295498644,0.027283149281994865,0.045471277383892346,0.21436790744818612,0.08680808752527668,0.12507603350214955,0.3657400304110661,0.31092746251528214,0.32737123288401737,0.318789950304635,0.4589884201014652,0.41692887916241617,0.013191868881126239,0.11599288057598113,0.08515257706752467,0.8329708257864556,0.1705473108860419,34.23521686238223
2024-12-05,latest,test:WF1,test:WF1,3,3,test,test,WF1,WF1,0.09004769098156806,0.030206530219787437,0.048158878448321625,0.21093841079502176,0.09854363698440338,0.13226206912758892,0.3771541023912844,0.3643215944206058,0.36817134681180935,0.3044582372650002,0.4262407320939725,0.3897059836452808,0.017401558567125622,0.08068750628123084,0.06170172196699927,0.8205538455943003,0.18042094757591054,34.122265091375716
2024-12-06,latest,test:WF1,test:WF1,3,3,test,test,WF1,WF1,0.06946023804476593,0.02401566748814529,0.03764903865513148,0.242547992248756,0.08585619394885811,0.13286373343882746,0.35628663541925976,0.325532906970377,0.33475902550504183,0.31680805055939354,0.46656020371799145,0.42163455777041203,0.014897083727824868,0.0980350278746282,0.07309364463058719,0.8160181093994711,0.17051277209395893,33.81070817686596
2024-12-09,latest,test:WF1,test:WF1,3,3,test,test,WF1,WF1,0.05282735710735283,0.021789683902687405,0.031100985864087032,0.2748973000250902,0.08420599165061954,0.14141338416296073,0.3543225178348079,0.3207093985292282,0.3307933343209021,0.30025420810608544,0.4700005783413485,0.4190766672707696,0.017698616926663593,0.10329434757611632,0.0776156283812805,0.816030620787075,0.17251437002704775,33.85105292021783
2024-12-10,latest,test:WF1,test:WF1,3,3,test,test,WF1,WF1,0.04494474703687225,0.024547943135832948,0.03066698430614474,0.2619102728405484,0.08008785873682539,0.1346345829679423,0.3632016519956959,0.2796819192747769,0.3047378390910526,0.3063661760639973,0.4884798690135626,0.43384576112869305,0.023577152062886204,0.12720240983900205,0.09611483250616731,0.8241147260573358,0.16530156727408704,33.90889949691513
2024-12-11,latest,test:WF1,test:WF1,3,3,test,test,WF1,WF1,0.04387243554052183,0.023286994098913612,0.029462626531396075,0.24896465298041226,0.07800516140146724,0.12929300887515072,0.39455992014274177,0.23766991027810735,0.28473691323749767,0.29671879838499565,0.5073608758999202,0.4441682526454428,0.01588419295132856,0.15367705832159168,0.11233919871051273,0.8276709548006473,0.1587556354065468,33.86688657814712
2024-12-12,latest,test:WF1,test:WF1,3,3,test,test,WF1,WF1,0.05319557193305367,0.024577964403880888,0.03316324666263273,0.22652930478833264,0.0884732581791718,0.12989007216192008,0.39546740326855123,0.28012163615985997,0.3147253662924674,0.3029523029572416,0.4760586973551401,0.42412677903577056,0.02185541705282088,0.13076844390194725,0.09809453584720934,0.8285252503870667,0.16305331882455282,33.97419763616773
2024-12-13,latest,test:WF1,test:WF1,3,3,test,test,WF1,WF1,0.05931349421230218,0.024989115389449104,0.03528642903630502,0.2185786706780908,0.0921811723553782,0.13010042185219198,0.40731938327022876,0.26694920281769835,0.30906025695345746,0.30220012992945594,0.49793141160256904,0.4392120271006351,0.012588321909922328,0.11794909783490537,0.08634086505741045,0.8196054404155139,0.165386850888497,33.79787302815779
2024-12-16,latest,test:WF1,test:WF1,3,3,test,test,WF1,WF1,0.04223223186595728,0.02244794358819561,0.028383230071524112,0.24785246190403462,0.0960190607090598,0.14156908106755223,0.40324532423467385,0.30513656617362694,0.334569193591941,0.29164039806059955,0.4762496646402631,0.420866884666364,0.0150295839347347,0.10014676488885461,0.07461161060261863,0.8090230304299529,0.16995231113907633,33.62462198353035
2024-12-17,latest,test:WF1,test:WF1,3,3,test,test,WF1,WF1,0.04650502143381014,0.027980524790261085,0.0335378737833258,0.23858928840684404,0.09592615610608256,0.13872509579631098,0.4122373431967811,0.3450033774697821,0.3651735671878818,0.2873984205412454,0.44516440963696374,0.39783461290824823,0.015269926421319186,0.08592553199691061,0.06472885032423317,0.8075126906737483,0.17226296957963677,33.63307665843644
2024-12-18,latest,test:WF1,test:WF1,3,3,test,test,WF1,WF1,0.04423081641382595,0.024542996927597125,0.03044934277346577,0.22158945675221994,0.09529328307485462,0.1331821351780642,0.42544313677648055,0.3564739744870554,0.37716472317388294,0.30116720629045596,0.4448155712623948,0.4017210617708131,0.007569383767017737,0.07887417424809809,0.05748273710377398,0.79104505634909,0.16363147795153,33.04875596775785
2024-12-19,latest,test:WF1,test:WF1,3,3,test,test,WF1,WF1,0.05627999043917695,0.05547408839684797,0.05571585900954666,0.2219355186378702,0.06342266932916546,0.11097652412177689,0.33880913636543786,0.38192758856953113,0.36899205290830317,0.3690378778330354,0.4533608729108754,0.42806397438752336,0.013937476724479586,0.04581478079358005,0.03625158957284991,0.780516502879759,0.16669238313132356,32.84676023462045
2024-12-20,latest,test:WF1,test:WF1,3,3,test,test,WF1,WF1,0.0838104819805636,0.039487660862270915,0.05278450719775872,0.19142558405055082,0.103010162795143,0.12953478917176534,0.3354978620119402,0.3324703348950912,0.3333785930301459,0.37036504015395705,0.43946093340820325,0.41873216543192937,0.018901031802988362,0.08557090803929167,0.06556994516840067,0.8259969351881264,0.18231929636952404,34.296309307093644
2024-12-23,latest,test:WF1,test:WF1,3,3,test,test,WF1,WF1,0.06722332901336904,0.039223022505017115,0.0476231144575227,0.1775349538023838,0.09594267361508786,0.12042035767127664,0.3285270267347741,0.29190948592187643,0.30289474816574574,0.40665176337331527,0.45469384239667704,0.4402812186896685,0.020062927076157904,0.1182309755613415,0.08878056101578644,0.8312384373840873,0.16804347212879933,34.14183037717817
2024-12-24,latest,test:WF1,test:WF1,3,3,test,test,WF1,WF1,0.07365900140131394,0.04173639717529703,0.05131317844310211,0.21022410652783166,0.10801958586964591,0.13868094206710166,0.31428467425988293,0.377563376569118,0.3585797658763475,0.3819431069272593,0.4080976111889789,0.4002512599104631,0.01988911088371211,0.06458302919696014,0.051174853702985745,0.8156507030156859,0.18999412051020376,34.191149985596226
2024-12-25,latest,test:WF1,test:WF1,3,3,test,test,WF1,WF1,0.0656431683334376,0.051990298343649335,0.056086159340585806,0.21393339321700877,0.11580298860223444,0.14524210998666673,0.3587344241687989,0.39330685619558803,0.3829351265875513,0.33987845801358524,0.3851838790922288,0.3715922527686357,0.02181055626716957,0.05371597776629941,0.04414435131656046,0.8170426952700217,0.20132826932725253,34.45263276829559
2024-12-26,latest,test:WF1,test:WF1,3,3,test,test,WF1,WF1,0.058917798835735315,0.042587917937431455,0.047486882206922626,0.2212836451210305,0.110906748874167,0.14401981774822606,0.37849310304757483,0.4069257485387595,0.3983959548914042,0.3327962347123655,0.3896311572237784,0.37258068047035453,0.008509218283293886,0.049948427425863605,0.03751666468309269,0.7962109275985179,0.19150669995514868,33.73540718906592
2024-12-27,latest,test:WF1,test:WF1,3,3,test,test,WF1,WF1,0.048867601165110776,0.04112018235332068,0.04344440799685771,0.2343290861080442,0.10901366126639561,0.1466082887188902,0.38417665755218733,0.40684338860497804,0.40004336928914086,0.32479154853651704,0.3919549315625233,0.37180591665472146,0.007835106638140483,0.0510678362127824,0.038098017340389825,0.7931962736062992,0.19005269671574793,33.63096077447244
2024-12-30,latest,test:WF1,test:WF1,3,3,test,test,WF1,WF1,0.05648245018031687,0.04086343505618419,0.04554913959342399,0.247586526130265,0.11606331251471108,0.15552027659937726,0.3479326903794033,0.42800074865892657,0.4039803311750696,0.3383543215700794,0.3726840076106151,0.3623851017984544,0.00964401173993537,0.04238849615956304,0.032565150833674734,0.7926002942112627,0.20106941619280125,33.836395679137595
2024-12-31,latest,test:WF1,test:WF1,3,3,test,test,WF1,WF1,0.053550680209033814,0.0346088959810749,0.04029143124946257,0.24408688758259958,0.09868012556201924,0.14230215416819333,0.3440469124651439,0.3704775471176505,0.3625483567218985,0.34508859514984086,0.43543757546510775,0.4083328813705277,0.013226924593381914,0.06079585587414759,0.046525176489917885,0.7972740434983794,0.1825935854176559,33.583722795812605
2025-01-02,latest,test:WF1,test:WF1,3,3,test,test,WF1,WF1,0.055557471118974085,0.03359146591941549,0.04018126747928307,0.229811819392295,0.09645709372336138,0.13646351142404148,0.32061952123184523,0.3448044713495579,0.3375489863142441,0.3822100857952518,0.4496833242908874,0.42944135274219675,0.011801102461633722,0.07546364471677783,0.05636488204023459,0.8031613995436196,0.17664477890332456,33.61193056665698
2025-01-03,latest,test:WF1,test:WF1,3,3,test,test,WF1,WF1,0.04757856493671443,0.026795977420748116,0.03303075367553802,0.18674133639581897,0.08682586478060068,0.11680050626516619,0.30939328523382803,0.3554042620716874,0.3416009690203296,0.44075927855398433,0.44265873492482083,0.44208889801357,0.015527534879654099,0.08831516080214293,0.06647887302539629,0.7899873009053776,0.1498312599407042,32.746307721448524
2025-01-06,latest,test:WF1,test:WF1,3,3,test,test,WF1,WF1,0.04563917925114687,0.028024220808311927,0.03330870834116241,0.19877354248388696,0.09627431900711353,0.12702408605014556,0.32665969032046605,0.3910942917202685,0.3717639113003278,0.41644047134085604,0.40994115894359573,0.41189095266277387,0.012487116603644119,0.07466600952071013,0.05601234164559033,0.7891299201109804,0.160332794391308,32.934903890600665
2025-01-07,latest,test:WF1,test:WF1,3,3,test,test,WF1,WF1,0.07102743192677441,0.032075741342657484,0.043761248517892565,0.20283213020730742,0.13010055892954467,0.1519200303128735,0.37753047136624057,0.45895472268611714,0.4345274472901542,0.3362734949065106,0.33798118434857394,0.33746887751595495,0.012336471593166826,0.04088779269310666,0.03232239636312471,0.7846845836179875,0.19568127883076605,33.53074016706501
2025-01-08,latest,test:WF1,test:WF1,3,3,test,test,WF1,WF1,0.04837938174578804,0.031511549167660816,0.03657189894109898,0.20751348722027527,0.11057493056533886,0.13965649756181978,0.3915248547284555,0.42862096568669406,0.41749213239922245,0.3439937596120027,0.3857310512967636,0.37320986379133536,0.008588516693478578,0.04356150328354269,0.03306960730652345,0.7711858293421971,0.17622839650291877,32.804213663613304
2025-01-09,latest,test:WF1,test:WF1,3,3,test,test,WF1,WF1,0.05865335207623757,0.0296743205457941,0.03836803000492714,0.18301475709107726,0.1027236417936731,0.12681097638289435,0.39802556094173064,0.39926419172750555,0.39889260249177305,0.35289598219953733,0.4079621668742559,0.39144231147184033,0.007410347691417214,0.06037567905877131,0.04448607964856508,0.7823765379458572,0.1651790063878215,32.86299357640286
2025-01-10,latest,test:WF1,test:WF1,3,3,test,test,WF1,WF1,0.0619708778554064,0.02992772585312546,0.03954067145380974,0.17387099659476404,0.0941771576205359,0.11808530931280434,0.3903498621216893,0.37827267408607806,0.3818958304967614,0.362747787342279,0.4267362319025811,0.40753969853449046,0.011060476085861306,0.07088621053767953,0.05293849020213406,0.7884747392849963,0.15762598076661408,32.86438809745719
2025-01-13,latest,test:WF1,test:WF1,3,3,test,test,WF1,WF1,0.06797897657999512,0.026176015537574322,0.03871690385030056,0.1693542364773469,0.084514529584379,0.10996644165226938,0.34859281618351506,0.337748763283409,0.3410019791534408,0.3974520516701617,0.46131047966460403,0.4421529512662713,0.01662191908898115,0.09025021193003374,0.06816172407771796,0.7949571233307744,0.14868334550256995,32.84759499332076
2025-01-14,latest,test:WF1,test:WF1,3,3,test,test,WF1,WF1,0.10775776353288506,0.024028143214448024,0.04914702930997914,0.11965669106825073,0.08665492882463091,0.09655545749771687,0.3349173339849736,0.36703024004116686,0.35739636822430887,0.40672649678439887,0.4228341542784596,0.4180018570302414,0.030941714629491777,0.09945253364129464,0.07889928793775379,0.8117733734985375,0.145702486807696,33.20838407361735
2025-01-15,latest,test:WF1,test:WF1,3,3,test,test,WF1,WF1,0.10769477722884943,0.026537340168272593,0.05088457128644565,0.1261181055990511,0.08757282025695949,0.09913640585958697,0.31021027851412447,0.3761134316425982,0.3563424857040561,0.40784613308879164,0.4056576308968308,0.40631418155441906,0.048130705569183196,0.10411877703533899,0.08732235559549224,0.8246442614040984,0.15002097714603263,33.616526078023114
2025-01-16,latest,test:WF1,test:WF1,3,3,test,test,WF1,WF1,0.08405287392562534,0.028342625084368286,0.045055699736745405,0.16390517913828123,0.0821752272619277,0.10669421282483375,0.2754133668908958,0.34333732992582716,0.3229601410153477,0.4199418084524488,0.43515410696003265,0.4305904174077575,0.056686771592748875,0.11099071076784425,0.09469952901531563,0.8260455823456737,0.15174991256157916,33.68613780987343
2025-01-17,latest,test:WF1,test:WF1,3,3,test,test,WF1,WF1,0.0642114822249372,0.032350343327378496,0.04190868499664611,0.17797667375649778,0.09183221614106037,0.1176755534256916,0.26195478909839465,0.34889887337754244,0.32281564809379815,0.4736170714548776,0.4275446309569755,0.4413663631063461,0.022239983465292917,0.09937393619704325,0.07623375037751816,0.8120575339485275,0.1595842384223377,33.493123117159946
2025-01-20,latest,test:WF1,test:WF1,3,3,test,test,WF1,WF1,0.06868379876593836,0.032459372469037975,0.04332670035810809,0.18830958012520685,0.10768731084432767,0.13187399162859142,0.33690020600183024,0.4141941149996997,0.39100594230033886,0.39132479808780607,0.3845177098742577,0.38655983633832214,0.014781617019218632,0.061141491812677,0.04723352937463948,0.7965105787632324,0.17520069198669952,33.416778308814806
2025-01-21,latest,test:WF1,test:WF1,3,3,test,test,WF1,WF1,0.05910263480297705,0.02866221945456286,0.03779434405908712,0.24844887113206032,0.09777111240661468,0.14297444002424836,0.33316971065755957,0.40827495880316683,0.38574338435948463,0.3479828586388615,0.40339508113033384,0.38677141438289214,0.011295924768541663,0.06189662820532188,0.04671641717428781,0.7952312252936841,0.18076878408333547,33.49615631400881
2025-01-22,latest,test:WF1,test:WF1,3,3,test,test,WF1,WF1,0.056456696350520176,0.026673154846892703,0.03560821729798095,0.21479775238419355,0.09034883290495273,0.127683508748725,0.3640244472610674,0.39652575324376615,0.3867753614489566,0.3431981485702983,0.41607416530366625,0.3942113602836559,0.021522955433920583,0.07037809370072212,0.05572155222068167,0.7933259323880599,0.16329172604670594,33.09898283063561
2025-02-03,latest,test:WF1,test:WF1,3,3,test,test,WF1,WF1,0.07668666077958912,0.025753743247139683,0.041033618506874515,0.2136927628012107,0.09852353092064611,0.1330743004848155,0.3988008731905635,0.4052814435865936,0.4033372724677846,0.3023293720495126,0.4136915494137872,0.38028289620450484,0.008490331179124119,0.05674973283183339,0.042271912336020616,0.7872651316104191,0.17410791899169,33.16378667009428
2025-02-04,latest,test:WF1,test:WF1,3,3,test,test,WF1,WF1,0.09176139193089823,0.029472797275809336,0.04815937567233601,0.12199034186255642,0.08773733770717193,0.09801323895378727,0.29054132995852944,0.2963569327560897,0.2946122519168216,0.4512048031878132,0.45008664976275725,0.45042209579027404,0.044502133060202564,0.13634628249817177,0.108793037666781,0.8290804597361054,0.1461726146261233,33.650463785925105
2025-02-05,latest,test:WF1,test:WF1,3,3,test,test,WF1,WF1,0.10245115374060791,0.0288423288079334,0.05092497628773575,0.1383326576933415,0.0931725368425039,0.10672057309775518,0.3215587712262899,0.3301482248628001,0.327571388771847,0.3912036520196691,0.43041073376545186,0.41864860924171704,0.046453765320091676,0.11742617572131081,0.09613445260094505,0.8361157252975905,0.1576455493854909,34.05580412014958
2025-02-06,latest,test:WF1,test:WF1,3,3,test,test,WF1,WF1,0.11260300725095017,0.026940628085014448,0.05263934183479516,0.1394756455898157,0.093269816569214,0.10713156527539451,0.31540221024995063,0.37356915402750535,0.3561190708942389,0.4034508599432238,0.41155203697138915,0.40912168386293957,0.02906827696605973,0.09466836434687709,0.07498833813263188,0.8213274309481269,0.15977090711018968,33.728603915906966
2025-02-07,latest,test:WF1,test:WF1,3,3,test,test,WF1,WF1,0.07239768524615642,0.03057871552917172,0.043124406444267134,0.16166096145637499,0.10304022536914498,0.12062644619531399,0.324537627234137,0.36958572755312447,0.35607129745742827,0.41655754241736237,0.41971565787739906,0.41876822323938806,0.024846183645969248,0.07707967367115977,0.06140962666360262,0.8041593039132223,0.1637508526395811,33.37899965062218
2025-02-10,latest,test:WF1,test:WF1,3,3,test,test,WF1,WF1,0.07976855579837425,0.027629929038347684,0.04327151706635565,0.1551834417718028,0.10942071493419929,0.12314953298548033,0.3291599392167801,0.38496494217994837,0.3682234412909979,0.4147019409110734,0.3974615172081371,0.402633644319018,0.021186122301969534,0.08052289663936757,0.06272186433814815,0.8087599572704226,0.166421050051836,33.54741993279728
2025-02-11,latest,test:WF1,test:WF1,3,3,test,test,WF1,WF1,0.06893120497194503,0.029215936569207103,0.04113051709002849,0.1838492823484302,0.10477042305605896,0.12849408084377037,0.36138844526143354,0.38047379287912414,0.374748188593817,0.3635773762974548,0.4153106810431723,0.3997906896194571,0.022253691120736403,0.07022916645243753,0.05583652385292719,0.8017440384861587,0.16962459793379886,33.43609292082994
2025-02-12,latest,test:WF1,test:WF1,3,3,test,test,WF1,WF1,0.06733325137541525,0.030138172283115355,0.04129669601080533,0.19262115198629964,0.09787549400806228,0.1262991914015335,0.3352562545211647,0.3801833686685395,0.36670523442432706,0.3837175632849599,0.4241702137330108,0.4120344185985955,0.021071778832160642,0.06763275130727203,0.05366445956473862,0.797243123624012,0.16759588741233883,33.28299583884708
2025-02-13,latest,test:WF1,test:WF1,3,3,test,test,WF1,WF1,0.07710385700635887,0.02580905137859014,0.04119749306692076,0.1794993773133435,0.08856710946873332,0.11584678982211638,0.2823211816515342,0.3392013462091116,0.32213729684183834,0.4305431433286221,0.45252762483102726,0.44593228038030575,0.030532440700141168,0.09389486811253768,0.07488613988881872,0.8078776839958826,0.15704428288903716,33.33782775767781
2025-02-14,latest,test:WF1,test:WF1,3,3,test,test,WF1,WF1,0.06721508735852871,0.026545121267796158,0.03874611109501593,0.20501506753631557,0.09176488303967997,0.12573993838867067,0.2734534473718361,0.33731395510531864,0.3181558027852739,0.4280860023831673,0.4562189151924323,0.44777904134965285,0.026230395350152327,0.08815712539477288,0.06957910638138673,0.8054086517022666,0.1644860494836866,33.424937282230395
2025-02-17,latest,test:WF1,test:WF1,3,3,test,test,WF1,WF1,0.0538451521046931,0.022587442016951984,0.03196475504327432,0.18861034220537345,0.0896228179008094,0.11931907519217862,0.30464817347903633,0.31464293010972244,0.3116445031205166,0.39877123967748723,0.4651425652971104,0.44523116761122344,0.05412509253340971,0.10800424467540576,0.09184049903280694,0.8118492793950476,0.15128383023545294,33.32190858958525
2025-02-18,latest,test:WF1,test:WF1,3,3,test,test,WF1,WF1,0.0496298167955186,0.022880662158831153,0.030905408549837386,0.25235937346820975,0.09153883616905216,0.13978499735879943,0.31154545746821016,0.3684300659229815,0.3513646833865501,0.35418513070639374,0.44313236169959647,0.4164481924016356,0.03228022156166783,0.07401807404953875,0.06149671830317747,0.7992291829810174,0.17069040590863682,33.39453769269817
2025-02-19,latest,test:WF1,test:WF1,3,3,test,test,WF1,WF1,0.05021515240759794,0.026291044777394842,0.03346827706645578,0.24267744004319797,0.09841237706962935,0.14169189596169998,0.3376196822062569,0.37252207505567847,0.3620513572008521,0.35105150427366305,0.42519745731026354,0.40295367139928345,0.018436221069284185,0.07757704578703362,0.0598347983717088,0.8034936927291001,0.17516017302815576,33.59054577879062
2025-02-20,latest,test:WF1,test:WF1,3,3,test,test,WF1,WF1,0.04435187258591962,0.024890352407618034,0.03072880846110851,0.2311509654456961,0.09320453442845869,0.13458846373362993,0.379885610142658,0.3559241497924471,0.36311258789751033,0.326160093597445,0.4480550217739646,0.4114865433210087,0.018451458228281235,0.07792594159751164,0.06008359658674252,0.7947696674563286,0.16531727219473843,33.175587130302986
2025-02-21,latest,test:WF1,test:WF1,3,3,test,test,WF1,WF1,0.040771181623138544,0.020611310130104088,0.026659271578014426,0.23112995143310722,0.09424513374348854,0.13531057905037414,0.3806973545660516,0.36716590269793903,0.3712253382583728,0.32943218485517134,0.43358041664969027,0.4023359471113346,0.01796932752253144,0.08439723677877806,0.06446886400190406,0.7941902201610752,0.16196985062838856,33.094152516594654
2025-02-24,latest,test:WF1,test:WF1,3,3,test,test,WF1,WF1,0.053578961815909716,0.023977097572369203,0.032857656845431356,0.2207736618022696,0.08878932414897699,0.12838462544496476,0.3665729707437105,0.3360646408503012,0.34521713981832397,0.334756180318415,0.4616348909191172,0.4235712777389065,0.024318225319695262,0.08953404650923545,0.06996930015237339,0.8033187861695759,0.1612422822903961,33.30781530004732
2025-02-25,latest,test:WF1,test:WF1,3,3,test,test,WF1,WF1,0.034921882646296615,0.03928943467378733,0.037979169065540115,0.23953549875997965,0.0331261838177824,0.09504897830044157,0.33911085870354174,0.2680513443154588,0.28936919863188365,0.2995835205625532,0.476772900019622,0.42361608618250135,0.08684823932762879,0.1827601371733494,0.1539865678196332,0.8441979602076365,0.13302814736598167,33.76551195251054
2025-02-26,latest,test:WF1,test:WF1,3,3,test,test,WF1,WF1,0.05913460596661074,0.021825290308529303,0.03301808500595373,0.1912799348067072,0.07869394037920166,0.11246973870745333,0.31727126701314173,0.25892787080535073,0.27643088966768803,0.39571229088904164,0.4721272694623682,0.4492027758903702,0.03660190132449881,0.1684256290445501,0.1288785107285347,0.8309410953312647,0.14548782371340707,33.68328385754975
2025-02-27,latest,test:WF1,test:WF1,3,3,test,test,WF1,WF1,0.058401298203993195,0.023007726203855487,0.0336257978038968,0.1975582794417297,0.07175895381951974,0.10949875150618274,0.26314015503242566,0.26940510050350003,0.26752561686217774,0.44726688039901136,0.47778542132950536,0.4686298590503572,0.0336333869228401,0.15804279814361943,0.12071997477738564,0.8198152207115714,0.14312454931007954,33.35787150399088
2025-03-03,latest,test:WF1,test:WF1,3,3,test,test,WF1,WF1,0.09382689952219726,0.02345506649567644,0.04456661640363269,0.19333304158341685,0.09188094731640285,0.12231657559650706,0.27372065473564033,0.3226522697465484,0.30797278524327604,0.38438277195492915,0.43150166849039245,0.4173659995297535,0.05473663220381646,0.13051004795097976,0.10777802322683078,0.8469666365475489,0.16688319200013976,34.511829753691515
2025-03-04,latest,test:WF1,test:WF1,3,3,test,test,WF1,WF1,0.10466557516054789,0.028063221675049897,0.051043927720699295,0.18747973601183016,0.09664623823348739,0.1238962875669902,0.2668605766792277,0.3463666396790917,0.3225148207791325,0.3618122423479556,0.39251835661744566,0.3833065223365986,0.07918186980043863,0.13640554379492542,0.11923844159657938,0.867811872735783,0.1749402152876895,35.19410112414837
2025-03-05,latest,test:WF1,test:WF1,3,3,test,test,WF1,WF1,0.08951769792957684,0.023063520769042816,0.04299977391720303,0.194971557209352,0.08100273376222043,0.11519338079635989,0.24326050206003003,0.3192333303996635,0.2964414818977735,0.4062817698573341,0.4232288786247908,0.41814474599455376,0.06596847294370706,0.1534715364442825,0.12722061739410986,0.8522199709948641,0.15819315471356293,34.46936236914286
2025-03-06,latest,test:WF1,test:WF1,3,3,test,test,WF1,WF1,0.07531996495466121,0.0208743135832978,0.03720800899470683,0.20837776593799195,0.07369853949865234,0.11410230743045423,0.24568592926823546,0.30331021016593446,0.28602292589662476,0.400494929236626,0.4447206683027163,0.4314529465828892,0.07012141060248542,0.15739626844939922,0.1312138110953251,0.8433448915418302,0.15131031642516107,34.109828617048976
2025-03-07,latest,test:WF1,test:WF1,3,3,test,test,WF1,WF1,0.09394147169975105,0.028369104349686026,0.04804081455470553,0.20309112786435596,0.0765632951505588,0.11452164496469794,0.25137858118559575,0.3070712058091503,0.2903634184220839,0.3778931681212022,0.429858310603188,0.41426876785859224,0.0736956511290951,0.15813808408741686,0.13280535419992034,0.8613330701518215,0.16256245951940346,34.78457594418361
2025-03-10,latest,test:WF1,test:WF1,3,3,test,test,WF1,WF1,0.10174605903368306,0.02706042620732281,0.04946611605523088,0.19631989261198918,0.08367783742795344,0.11747045398316416,0.23237994701544618,0.3054074428167602,0.283499194076366,0.3797614571391591,0.4207203416461723,0.4084326762940683,0.08979264419972253,0.1631339519017913,0.14113155959117066,0.8696947097365904,0.16693657003839504,35.08109914418266
2025-03-11,latest,test:WF1,test:WF1,3,3,test,test,WF1,WF1,0.12397608883226124,0.028182939315364024,0.056920884170433186,0.20317558472031785,0.0859579145729171,0.12112321561713732,0.22331258860231668,0.280695960959688,0.26348094925247656,0.36129801168293235,0.44374611422623284,0.41901168346324263,0.08823772616217188,0.16141707092579805,0.1394632674967102,0.8757502006546932,0.17804409978757052,35.45463701211874
2025-03-12,latest,test:WF1,test:WF1,2,2,test,test,WF1,WF1,0.10941804962066431,0.028583893736673055,0.052834140501870436,0.22724402558842596,0.08125449189972278,0.12505135200633374,0.1906196514150059,0.20922020510489722,0.20364003899792982,0.3705728869982782,0.49086975754173606,0.4547806963786987,0.10214538637762548,0.19007165171697096,0.1636937721151673,0.8661462250782704,0.17788549250820418,35.21136547712085
2025-03-13,latest,test:WF1,test:WF1,2,2,test,test,WF1,WF1,0.12602914948048902,0.03211427742216938,0.060288739039665265,0.21756528804687564,0.09978686787820462,0.13512039392880593,0.1752275493411265,0.32768117355523335,0.2819450862910013,0.3710464896777726,0.41489939937940806,0.4017435264689174,0.11013152345373628,0.12551828176498456,0.12090225427161008,0.8813904472367435,0.19540913296847118,35.94294384028801
2025-03-14,latest,test:WF1,test:WF1,2,2,test,test,WF1,WF1,0.11819759650147693,0.028135668953070528,0.05515424721759245,0.24149775889282118,0.09239706971040351,0.13712727646512882,0.1951471044174325,0.2833550129410713,0.25689264038397963,0.35073577699392766,0.4472764561667057,0.4183142524148723,0.09442176319434176,0.14883579222874904,0.13251158351842685,0.8784410427660315,0.19228152368272128,35.806656542805214
2025-03-17,latest,test:WF1,test:WF1,2,2,test,test,WF1,WF1,0.12313792246381046,0.03506920509811838,0.061489820307826,0.22732939992680073,0.098466103995784,0.137125092775089,0.18721748891443318,0.34690207740043655,0.29899670085463553,0.34369640634691667,0.3941478366363584,0.37901240754952586,0.11861878234803896,0.12541477686930275,0.1233759785129236,0.8890068213349434,0.198614913082915,36.19746879503189
2025-03-18,latest,test:WF1,test:WF1,2,2,test,test,WF1,WF1,0.13507390993977003,0.034976699089536566,0.06500586234460662,0.19838045113757322,0.09072601221623403,0.12302234389263579,0.19566317366977204,0.3440868027080034,0.299559713996534,0.3793326172597177,0.4109697480808937,0.4014786088345409,0.09154984799316711,0.11924073790533231,0.11093347093168275,0.8741396735519475,0.18802820623724242,35.61405596354354
2025-03-19,latest,test:WF1,test:WF1,2,2,test,test,WF1,WF1,0.1470550532244577,0.042354237526523425,0.0737644822359037,0.17732768694103287,0.09709499851912197,0.12116480504569524,0.2263262473242923,0.3647564016302734,0.323227355338479,0.3801827337715725,0.39440500008788765,0.3901383201929931,0.06910827873864465,0.10138936223619363,0.09170503718692893,0.8694945647701701,0.19492928728159895,35.63594986488623
2025-03-20,latest,test:WF1,test:WF1,2,2,test,test,WF1,WF1,0.13088834962362958,0.040919574604006574,0.06791020710989348,0.20614551768852857,0.10141512372450834,0.1328342419137144,0.21212799054065604,0.3626998578272129,0.31752829764124585,0.3486940220907789,0.3864535747617879,0.37512570896048514,0.10214412005640709,0.10851186908248428,0.10660154437466113,0.8832357345652443,0.20074444902360788,36.095782344603265
2025-03-21,latest,test:WF1,test:WF1,2,2,test,test,WF1,WF1,0.18442338211097573,0.04497283457012979,0.08680799883238358,0.167057671241068,0.10099347232305375,0.12081273199845802,0.22606730012178414,0.40135216455890366,0.34876670522776776,0.3420957084527543,0.3606855494757858,0.3551085971688763,0.08035593807341791,0.09199597907212692,0.08850396677251421,0.8805114810361343,0.2076207308308416,36.16520164252019
2025-03-24,latest,test:WF1,test:WF1,2,2,test,test,WF1,WF1,0.16418452209557327,0.03984188317737428,0.07714467485283397,0.1578085296140477,0.08204867749206102,0.10477663312865702,0.23244485780570093,0.30620899122795986,0.28407975120128215,0.36363933542672533,0.43755268209654447,0.4153786780955987,0.08192275505795284,0.1343477660060604,0.11862026272162814,0.8756770967035724,0.18192130798149098,35.53035357721913
2025-03-25,latest,test:WF1,test:WF1,2,2,test,test,WF1,WF1,0.15108264779532843,0.05044394405685719,0.08063555517839856,0.18382949185201236,0.09574018019212524,0.12216697369009138,0.16498849809755547,0.3680678611916927,0.3071440522634515,0.38129580270173674,0.3785906310522358,0.3794021825470861,0.11880355955336694,0.10715738350708912,0.11065123632097246,0.8908173585371632,0.20280252886848993,36.32648454079888
2025-03-26,latest,test:WF1,test:WF1,2,2,test,test,WF1,WF1,0.14453850205816535,0.042533129329660864,0.07313474114821221,0.17002046424402634,0.07598080636152722,0.10419270372627695,0.23550191176482066,0.29835288110680813,0.2794975903042119,0.37326844879332005,0.45117416789415415,0.42780245216390395,0.07667067313966762,0.1319590153078495,0.11537251265739495,0.8671399881967764,0.17732744487448915,35.22504860240919
2025-03-27,latest,test:WF1,test:WF1,2,2,test,test,WF1,WF1,0.16975527223216924,0.047259210227070775,0.08400802882860031,0.15988670544706093,0.07616580336731563,0.10128207399123922,0.24232432893588185,0.3002601353169011,0.28287939340259527,0.3674277935808152,0.44405932197350545,0.42106986345569836,0.060605899804072876,0.1322555291152071,0.11076064032186683,0.8730499416127714,0.18529010281983954,35.532050596716076
2025-03-28,latest,test:WF1,test:WF1,2,2,test,test,WF1,WF1,0.18026808754867882,0.03946109347159467,0.08170319169471991,0.13944469626850556,0.08082164610922826,0.09840856115701145,0.22490154814594188,0.25713186104499525,0.2474627671752792,0.3522582357818217,0.45456954760586393,0.4238761540586512,0.10312743225505214,0.1680158517683179,0.14854932591433817,0.885694677755516,0.18011175285173137,35.74460200092253
2025-03-31,latest,test:WF1,test:WF1,2,2,test,test,WF1,WF1,0.14928951482613934,0.03384265176930741,0.06847671068635698,0.17869254446392507,0.07060634372588687,0.10303220394729833,0.2239020007506123,0.16442688366195904,0.18226941878855502,0.33661599947588794,0.45747353595977186,0.4212162750146067,0.1114999404834354,0.2736505848830748,0.22500539156318297,0.887173485060846,0.1715089146336553,35.60951541919425
2025-04-01,latest,test:WF1,test:WF1,2,2,test,test,WF1,WF1,0.09803735026306587,0.02237027801530668,0.04507039968963443,0.18679447677795588,0.0694863207125959,0.1046787675322039,0.2449597573002257,0.1375655723978795,0.16978382786858337,0.2984102316531183,0.44493005235230426,0.4009741061425484,0.1717981840056343,0.3256477765219137,0.2794928987670299,0.8697029978182244,0.14974916722183834,34.73755828989238
2025-04-02,latest,test:WF1,test:WF1,2,2,test,test,WF1,WF1,0.1285949230971733,0.026381443572336676,0.05704548742978767,0.15600796530807026,0.0657648133144675,0.09283775891254833,0.2448828932346319,0.14692391780656325,0.17631161043498383,0.3105754953933868,0.4593014268559795,0.4146836474172017,0.15993872296673764,0.3016283984506531,0.25912149580547844,0.8729644000118245,0.14988324634233602,34.821774927142336
2025-04-07,latest,test:WF1,test:WF1,2,2,test,test,WF1,WF1,0.11744956733534014,0.030194763639696608,0.056371204748389664,0.15907986286160422,0.06580896111604942,0.09379023163971585,0.24044419553860913,0.15198646225429624,0.1785237822395901,0.33599547707251576,0.4518950907390638,0.4171252066390994,0.14703089719193077,0.300114722250894,0.25418957473320497,0.8727057906078018,0.15016143638810553,34.82087349295716
2025-04-08,latest,test:WF1,test:WF1,2,2,test,test,WF1,WF1,0.048421283608822994,0.028173726291572512,0.03424799348674766,0.11367259348556442,0.09406441631300694,0.0999468694647742,0.17125194230580199,0.21935780037184263,0.20492604295203046,0.1931193329360679,0.4451860788133679,0.3695660550501779,0.4735348476637428,0.21321797821020994,0.2913130390462699,0.8684674372936605,0.13419486295152186,34.395583191371955
2025-04-09,latest,test:WF1,test:WF1,2,2,test,test,WF1,WF1,0.04499915057597474,0.020364465041336863,0.027754870701728225,0.12917446560798418,0.11262200039677521,0.11758773996013791,0.1690936073674627,0.17223352843410833,0.17129155211411465,0.20129786715347708,0.4901147675864652,0.40346969745656874,0.45543490929510133,0.20466523854131446,0.27989613976745054,0.8549727159100169,0.14534261066186613,34.281170110987745
2025-04-10,latest,test:WF1,test:WF1,2,2,test,test,WF1,WF1,0.03830150219983146,0.036412305387850175,0.03697906443144456,0.12165823607018894,0.09673486241068696,0.10421187450853756,0.17075649810597993,0.19963902987302307,0.19097427034291015,0.1887429546462432,0.4636508096864659,0.38117845317439913,0.48054080897775653,0.2035629926419739,0.2866563375427087,0.8696099093096765,0.1411909389399821,34.564066511541554
2025-04-11,latest,test:WF2,test:WF1,3,2,test,test,WF2,WF1,0.051986105442920615,0.03155070915418801,0.03768132804080779,0.015869193337299938,0.12144394971722229,0.08977152280324559,0.16852030204442142,0.2208710424275024,0.2051658203125781,0.352340622019205,0.45629185168595815,0.4251064827859322,0.41128377715615316,0.16984244701512918,0.24227484605743638,0.8524814572474247,0.1274528508440534,33.86109344806668
2025-04-14,latest,test:WF2,test:WF1,3,2,test,test,WF2,WF1,0.0305622101641836,0.03418802508192294,0.03310028060660113,0.018110187508019286,0.115390810352477,0.08620662349913968,0.22626940826736977,0.1940288917220803,0.20370104668566713,0.355071682255231,0.46465139763138236,0.4317774830185369,0.3699865118051965,0.19174087521213748,0.24521456619005516,0.8422319960416158,0.11930690410574082,33.44193798315521
2025-04-15,latest,test:WF2,test:WF1,3,2,test,test,WF2,WF1,0.025178739949018702,0.04954461430735879,0.042234851999856764,0.015914721332268573,0.11078521044144168,0.08232406370868975,0.19671717393788335,0.18222404933008005,0.186571986712421,0.4035937740133188,0.4706459946987957,0.45053032849315255,0.35859559076751063,0.18680013122232386,0.2383387690858799,0.8409644551799265,0.12455891570854652,33.51528969366909
2025-04-16,latest,test:WF2,test:WF1,3,2,test,test,WF2,WF1,0.0400643594121081,0.04606058499820029,0.04426171732237264,0.01884594092956839,0.10615238875146589,0.07996045440489666,0.21254179932244616,0.1897589568492247,0.19659380959119113,0.4358313841616913,0.48148006462779785,0.46778546048796593,0.29271651617418615,0.17654800477331123,0.2113985581935737,0.8348789044571163,0.12422217172726929,33.35641604597329
2025-04-17,latest,test:WF2,test:WF1,3,2,test,test,WF2,WF1,0.029237406390869875,0.03522146949659272,0.033426250564875866,0.03179662184011768,0.09985440669536574,0.07943707123879132,0.18477843724179496,0.18922385737519865,0.18789023133517754,0.3943038100024886,0.49238499964998594,0.4629606427557367,0.35988372452472894,0.18331526678285695,0.23628580410541852,0.8241085850984722,0.11286332180366718,32.859981063535145
2025-04-18,latest,test:WF2,test:WF1,3,2,test,test,WF2,WF1,0.029267431441631877,0.03713459455675848,0.0347744456222205,0.033244385382944476,0.10453298090524359,0.08314640224855385,0.19207360247242436,0.22310219768539674,0.21379361912150502,0.40670099636485807,0.48395634588436215,0.4607797410285109,0.3387135843381413,0.1512738809682391,0.20750579197920976,0.8305885267943555,0.11792084787077435,33.12313012727437
2025-04-21,latest,test:WF2,test:WF1,3,2,test,test,WF2,WF1,0.041286333155819296,0.030723782954753157,0.03389254801507299,0.026692592811623016,0.10145471876591051,0.07902608097962426,0.17013918216188878,0.2434971308221001,0.2214897462240367,0.4051353891603128,0.4766770462844751,0.45521454914722637,0.3567465027103562,0.1476473211727612,0.21037707563403968,0.8296943408254346,0.11291862899469725,33.00073110052981
2025-04-22,latest,test:WF2,test:WF1,3,2,test,test,WF2,WF1,0.0719275916825894,0.04502235691639757,0.05309392734625512,0.030571355779541228,0.10282563629463418,0.08114935214010628,0.17582984802128526,0.2248774758277202,0.21016318748578972,0.41250038393129757,0.47525339288267465,0.45642749019726153,0.3091708205852866,0.15202113807857343,0.19916604283058736,0.8492802720996881,0.1342432794863614,33.91687239221943
2025-04-23,latest,test:WF2,test:WF1,3,2,test,test,WF2,WF1,0.033809356089846296,0.06696861945959473,0.0570208404486702,0.029139627351402776,0.0978271212049221,0.0772208730488663,0.18841959808684813,0.22415392783634924,0.2134336289114989,0.3981815801049227,0.46442194000936843,0.44454983203803466,0.3504498383669801,0.14662839148976553,0.20777482555292992,0.8559507298069919,0.1342417134975365,34.08360251512553
2025-04-24,latest,test:WF2,test:WF1,3,2,test,test,WF2,WF1,0.07753564420908711,0.06392178552650013,0.06800594313127623,0.05424061575697387,0.09060111259795679,0.07969296354566191,0.18205948396314653,0.2728407541675259,0.24560637310621208,0.43036663919855184,0.44033630166584325,0.4373454029256558,0.25579761687224073,0.13230004604217396,0.16934931729119398,0.8646903284683244,0.14769890667693814,34.571236345246874
2025-04-25,latest,test:WF2,test:WF1,3,2,test,test,WF2,WF1,0.03354435090691611,0.08665451206846243,0.07072146371999853,0.04208409896519578,0.08437763046575661,0.07168957101558836,0.20893645991006973,0.238679762378465,0.2297567716379464,0.4571986259352224,0.44940170288671194,0.45174077980126504,0.25823646428259595,0.140886392200604,0.1760914138252016,0.8568119133238279,0.1424110347355869,34.26851852780744
2025-04-28,latest,test:WF2,test:WF1,3,2,test,test,WF2,WF1,0.0632448601605381,0.10363743898401201,0.09151966533696983,0.039873923852199795,0.09490569811229721,0.07839616583426798,0.21046849419465838,0.32360461197160256,0.2896637766385193,0.45769239276078316,0.38410755634265026,0.4061830072680901,0.2287203290318206,0.09374469458943796,0.13423738492215276,0.8778591577957947,0.16991583117123782,35.344795568319626
2025-04-29,latest,test:WF2,test:WF1,3,2,test,test,WF2,WF1,0.04227098795834139,0.10183335345082895,0.08396464380308269,0.050401055270549104,0.09329078667469105,0.08042386725344848,0.2358839791331139,0.3413456453867721,0.3097071455106747,0.4880983672817476,0.3784153866618015,0.4113202808477854,0.18334561035624808,0.08511482782590636,0.11458406258500889,0.862028387991892,0.16438851105653118,34.83847992092792
2025-04-30,latest,test:WF2,test:WF1,3,2,test,test,WF2,WF1,0.04673929500166092,0.10646011204053962,0.08854386692887602,0.07052614008694721,0.08934630813118023,0.08370025771791033,0.22057119223881239,0.34269161581997387,0.30605548874562544,0.48443483434163437,0.3827115927439711,0.4132285652232701,0.17772853833094515,0.07879037126433519,0.1084718213843182,0.8641378401182029,0.17224412464678635,35.0483284958908
2025-05-02,latest,test:WF2,test:WF1,3,2,test,test,WF2,WF1,0.03934519947833186,0.10735022827274712,0.08694871963442254,0.07409830894536594,0.09686418631634852,0.09003442310505375,0.2489205927457034,0.36077671103212294,0.327219875546197,0.5022419709849388,0.3622434107996161,0.404242978855213,0.13539392784565987,0.07276546357916534,0.0915540028591137,0.857258013948584,0.1769831427394763,34.971113203504125
2025-05-05,latest,test:WF2,test:WF1,3,2,test,test,WF2,WF1,0.06743868183771688,0.12938435021680067,0.11080064970307553,0.11769689485989113,0.17640433995595162,0.15879210642713346,0.3017749224219601,0.44422218418313275,0.40148800565478093,0.45097875506674545,0.21200604969173406,0.28369786130423746,0.062110745813686585,0.03798307595238093,0.045221376910772625,0.8697352793905521,0.269592756130209,37.135237107367985
2025-05-06,latest,test:WF2,test:WF1,3,2,test,test,WF2,WF1,0.041638002339756876,0.09882708519064769,0.08167036033538043,0.08319479038886775,0.11822321605258279,0.10771468835346827,0.3192792811176362,0.4275931623056317,0.3950989979492331,0.404352002423348,0.29689448608221064,0.32913174098455183,0.1515359237303912,0.0584620503689271,0.08638421237736632,0.862920552133845,0.1893850486888487,35.3607147771231
2025-05-07,latest,test:WF2,test:WF1,3,2,test,test,WF2,WF1,0.042893038715610475,0.09675169750872886,0.08059409987079334,0.12481436212802836,0.14227641325532933,0.13703779791713905,0.3850942091204312,0.43558333360414053,0.42043659625902774,0.31209492737092576,0.2565038997812852,0.27318120805817736,0.13510346266500406,0.0688846558505161,0.0887502978948625,0.875491594169825,0.2176318977879324,36.239927810004275
2025-05-08,latest,test:WF2,test:WF1,3,2,test,test,WF2,WF1,0.07398836052551756,0.11570588726153605,0.10319062924073051,0.07552374445519926,0.150267155150606,0.127844131941984,0.3832135909897864,0.44548247461744966,0.42680180952915076,0.3328469309615877,0.2365440419037529,0.26543490862110336,0.13442737306790917,0.052000441066655134,0.07672852066703134,0.8759547042949596,0.2310347611827145,36.519562831028274
2025-05-09,latest,test:WF2,test:WF1,3,2,test,test,WF2,WF1,0.1005026268894658,0.11610235644742989,0.11142243758004067,0.06991846267329262,0.15083002509938667,0.1265565563715585,0.4154512870740242,0.45656875655517426,0.44423351571082925,0.3485333637996111,0.22288387736094184,0.26057872329254267,0.0655942595636062,0.05361498453706731,0.057208767045028995,0.8578639523065722,0.23797899395159916,36.20617868669629
2025-05-12,latest,test:WF2,test:WF1,3,2,test,test,WF2,WF1,0.1136305105332927,0.09745671957146344,0.10230885686001222,0.08381811230146306,0.12333729020820013,0.11148153683617901,0.4661531106009839,0.4500291242952914,0.45486632018699913,0.31860331301969586,0.25891774438341003,0.27682341497429575,0.01779495354456459,0.07025912154163504,0.0545198711425139,0.8389848706226478,0.21379039369619124,35.25042963949002
2025-05-13,latest,test:WF2,test:WF1,3,2,test,test,WF2,WF1,0.10001720193245142,0.11135302932787436,0.10795228110924748,0.10618945718888231,0.10764106183014996,0.10720558043776968,0.4482892600923997,0.42252484169007665,0.4302541672107736,0.29120775508469426,0.2809561562859265,0.28403163592555686,0.05429632570157223,0.07752491086597253,0.07055633531665245,0.8618774296768806,0.21515786154701716,35.850092972862356
2025-05-14,latest,test:WF2,test:WF1,3,2,test,test,WF2,WF1,0.11472150462136918,0.13582112006667219,0.12949123543308128,0.09096136297800231,0.11653515809557878,0.10886301956030583,0.4299823059832343,0.4388344643197141,0.43617881681877013,0.2803254442192103,0.2658460053361422,0.27018983700106264,0.08400938219818405,0.04296325218189269,0.05527709118678009,0.8584654295517826,0.2383542549933871,36.228720838662305
2025-05-15,latest,test:WF2,test:WF1,3,2,test,test,WF2,WF1,0.1071092393861303,0.12298792439083432,0.11822431888942313,0.13291650456169796,0.12299096161092221,0.12596862449615495,0.47780979266407975,0.44602343224332297,0.45555934036955004,0.25402224460048556,0.2593846316722621,0.25777591555072915,0.02814221878760642,0.048613050082658385,0.042471800694142796,0.8420317400423789,0.24419294338557807,35.93465236877103
2025-05-16,latest,test:WF2,test:WF1,3,2,test,test,WF2,WF1,0.0798589334494596,0.11766842859529794,0.10632558005154644,0.1653917424884015,0.10879194885711711,0.12577188694650243,0.4805121534006602,0.43102074732939505,0.44586816915077454,0.24684159841160117,0.28650360186563345,0.27460500082942374,0.02739557224987751,0.05601527335255651,0.04742936302175281,0.8442075418137052,0.23209746699804887,35.74713788530361
2025-05-19,latest,test:WF2,test:WF1,3,2,test,test,WF2,WF1,0.08803907886001548,0.10280658618782026,0.09837633398947883,0.14237975637823408,0.10818785871383174,0.11844542801315244,0.4986528808032917,0.4225911000286283,0.4454096342610273,0.2586994841455245,0.2964509596638853,0.28512551700837707,0.012228799812934309,0.06996349540583444,0.052643086727964396,0.8411730922844283,0.21682176200263126,35.365762547163335
2025-05-20,latest,test:WF2,test:WF1,3,2,test,test,WF2,WF1,0.05215591425959687,0.10213757969793785,0.08714308006643555,0.1470846186742422,0.09933952462779182,0.11366305284172692,0.5010769622223094,0.4046115555821436,0.4335511775741933,0.27955397797628706,0.3179366039161243,0.30642181613417313,0.020128526867564715,0.07597473617600245,0.05922087338347112,0.8400247526957113,0.20080613290816246,35.01674147555603
2025-05-21,latest,test:WF2,test:WF1,3,2,test,test,WF2,WF1,0.036119963177323154,0.10922177833152712,0.08729123378526592,0.15101073064655351,0.10449410836754634,0.11844909505124848,0.46222201151571835,0.4113796835111932,0.4266323819125507,0.2606817350730124,0.3063419770351586,0.2926439044465147,0.08996555958739264,0.0685624527545747,0.07498338480442009,0.8591867334129226,0.20574032883651439,35.59447491205336
2025-05-22,latest,test:WF2,test:WF1,3,2,test,test,WF2,WF1,0.04105400028504077,0.0932392914676085,0.07758370411283819,0.187654507548402,0.10077445917654998,0.1268384736881056,0.4931401393828219,0.41341537783442606,0.43733280629894483,0.24385394502000363,0.31340464390117,0.2925394342368201,0.034297407763731726,0.07916622762024546,0.06570558166329134,0.8452650282075914,0.2044221778009438,35.220069261208664
2025-05-23,latest,test:WF2,test:WF1,3,2,test,test,WF2,WF1,0.05336828212356733,0.07974928515420728,0.07183498424501529,0.17244189591520176,0.09652077972813532,0.11929711458425524,0.4873349011447971,0.39519445646288104,0.42283658986745587,0.246886238041593,0.34437826434262,0.31513065645231186,0.03996868277484088,0.08415721431215643,0.07090065485096177,0.8439689892238109,0.1911320988292705,34.92186670718068
2025-05-26,latest,test:WF2,test:WF1,3,2,test,test,WF2,WF1,0.04249883849481554,0.08072735046347775,0.06925879687287909,0.16895625472097028,0.10173061610357029,0.12189830768879029,0.5030737420860014,0.4035058392025098,0.43337621006755733,0.2578280213849127,0.336291524034395,0.31275247323955024,0.027643143313300193,0.07774467019604724,0.06271421213122312,0.8332205142253056,0.19115710456166937,34.65365494686603
2025-05-27,latest,test:WF2,test:WF1,3,2,test,test,WF2,WF1,0.03551136824840509,0.07006696547905224,0.059700286309858096,0.17225302059340647,0.087904908299964,0.11320934198799674,0.44120738265432,0.3744945354121542,0.394508389584804,0.2451185581639637,0.37185969994014234,0.33383735740728876,0.10590967033990471,0.09567389086868722,0.09874462471005246,0.8553891456043551,0.17290962829785483,34.842921206065974
2025-05-28,latest,test:WF2,test:WF1,3,2,test,test,WF2,WF1,0.03007745342425538,0.07458046258834017,0.06122955983911473,0.18379725613185102,0.08978559127346206,0.11798909073097875,0.45735813012172843,0.3533782732920702,0.38457223034096766,0.23923788042911465,0.3867909789789554,0.3425250494140032,0.08952927989305041,0.09546469386717217,0.09368406967493564,0.8571332129538041,0.17921865057009348,35.01270333524697
2025-05-29,latest,test:WF2,test:WF1,3,2,test,test,WF2,WF1,0.03246713430453962,0.07204572409380905,0.060172147157028226,0.17620656445631672,0.07644502264798023,0.10637348519048119,0.4718356038256621,0.323405524580148,0.36793454835380224,0.25881584645407096,0.42203336971249156,0.37306811273496543,0.06067485095941071,0.10607035896557117,0.09245170656372305,0.8470873519725747,0.1665456323475094,34.50809644626455
2025-06-02,latest,test:WF2,test:WF1,3,2,test,test,WF2,WF1,0.03275663009233521,0.07268030685536603,0.06070320382645678,0.17883187858986727,0.08571947705209843,0.11365319751342909,0.49688017887637576,0.3224563150091732,0.374783474169334,0.2469843248647146,0.4283335320545538,0.37392876989760204,0.0445469875767071,0.09081036902880857,0.07693135459317813,0.8389190787352133,0.17435640133988586,34.46010499517805
2025-06-03,latest,test:WF2,test:WF1,3,2,test,test,WF2,WF1,0.024125242101181676,0.05890708103281729,0.048472529353326604,0.1383845740923292,0.07589618035506056,0.09464269847624115,0.4453245969248361,0.2798920733241371,0.3295218304043468,0.24919445210329833,0.4409099260890611,0.3833952838933322,0.14297113477835466,0.14439473919892395,0.14396765787275317,0.8588371447339024,0.14311522782956776,34.33323317493891
2025-06-04,latest,test:WF2,test:WF1,3,2,test,test,WF2,WF1,0.06067502604662596,0.058239980840105274,0.05897049440206148,0.17539928057856768,0.0721574859659505,0.10313002434973566,0.47739180235015743,0.2989470334512231,0.35248046412090345,0.22982677915297717,0.4389845556896822,0.3762372227286707,0.05670711187167177,0.1316709440530389,0.10918179439862875,0.8564251798947193,0.16210051875179715,34.652639872403924
2025-06-05,latest,test:WF2,test:WF1,3,2,test,test,WF2,WF1,0.028373796349777096,0.051390346644531223,0.044485381556104986,0.2093850579771191,0.07250730281616855,0.1135706293644537,0.4992476458334088,0.35337006023435585,0.39713333591407174,0.2478382064277993,0.4390206000589673,0.3816658819696169,0.015155293411895714,0.0837116902459771,0.06314477119575268,0.8042032732150453,0.15805601092055868,33.26620204878731
2025-06-06,latest,test:WF2,test:WF1,3,2,test,test,WF2,WF1,0.018824480595756924,0.043312435477421765,0.035966049012922316,0.17578762068819748,0.07480207921069976,0.10509774165394908,0.5165444266806348,0.36863985764377577,0.41301122835483356,0.2708017578068778,0.42330029630594646,0.3775507347562259,0.01804171422853291,0.08994533136215628,0.06837424622206928,0.7908148303145258,0.1410637906668714,32.59164657120057
2025-06-09,latest,test:WF2,test:WF1,3,2,test,test,WF2,WF1,0.04650666306770018,0.041332933320538064,0.042885052244686694,0.1847593350475469,0.07082983534513179,0.10500868525585633,0.5257397581311657,0.3495260767622668,0.40239018117293646,0.22773120397488406,0.4457121717440793,0.38031788141332074,0.015263039778703236,0.09259898282798408,0.06939819991319983,0.8020452151187517,0.14789373750054302,33.009005127979655
2025-06-10,latest,test:WF2,test:WF2,3,3,test,test,WF2,WF2,0.052925141850475206,0.04594424274280525,0.048038512475106224,0.2179455272700107,0.3121588420880923,0.28389484764266776,0.4895945445913914,0.2977796360631762,0.3553241086216407,0.22325209146963854,0.22569393044583938,0.22496137875297906,0.01628269481848424,0.11842334866008697,0.08778115250760612,0.8823758728646471,0.33193336011777397,38.69806402397166
2025-06-11,latest,test:WF2,test:WF2,3,3,test,test,WF2,WF2,0.028806937598503203,0.03981876692625239,0.036515218127927636,0.22451941460272673,0.09182945910846296,0.13163644575674208,0.5054279454225292,0.3068088566550036,0.3663945832852613,0.22626585124137813,0.43270611885776394,0.3707740385728482,0.014979851134862866,0.12883679845251714,0.09467971425722085,0.8367616016326513,0.1681516638846697,34.282073318509674
2025-06-12,latest,test:WF2,test:WF2,3,3,test,test,WF2,WF2,0.041555116513345654,0.040281300458007624,0.040663445274609036,0.19749440587458883,0.31794650898423404,0.28181087805134053,0.511552835441841,0.30264472022008265,0.3653171547866102,0.2294868839200745,0.21357715811105432,0.2183500758537604,0.019910758250149957,0.12555031222662127,0.09385844603367989,0.8756663838276592,0.32247432332594955,38.34114606221047
2025-06-13,latest,test:WF2,test:WF2,1,1,test,test,WF2,WF2,0.022920822223028728,0.04253790216206557,0.03665277818035453,0.17347966081004107,0.09284230164132545,0.11703350939194014,0.5357584650283471,0.27258280551892466,0.35153550337175143,0.24747203040823126,0.24112300505202047,0.24302771265888373,0.02036902153035186,0.3509139856256639,0.2517504963970703,0.8890009880392301,0.15368628757229466,35.298750452426646
2025-06-16,latest,test:WF2,test:WF2,1,1,test,test,WF2,WF2,0.016537516846284774,0.04095614470495063,0.033630556347350876,0.14410139677642847,0.09214331479946389,0.10773073939255326,0.5156667663073732,0.2945679051425486,0.360897563491996,0.2841745524361107,0.442732034011292,0.3951647895387376,0.03951976763380278,0.129600601341745,0.10257635122936234,0.8216586929198725,0.14136129573990414,33.36869323779489
2025-06-17,latest,test:WF2,test:WF2,1,1,test,test,WF2,WF2,0.022151272460805886,0.042619862770596616,0.036479285677659394,0.17848595094160158,0.09888364110604274,0.12276433405671039,0.5210248810689101,0.29107634654772946,0.36006090690408366,0.2541895690682409,0.45356713348810346,0.3937538641621447,0.024148326460441426,0.11385301608752775,0.08694160919940185,0.8235313010459309,0.1592436197343698,33.773154920835665
2025-06-18,latest,test:WF2,test:WF2,1,1,test,test,WF2,WF2,0.02109305132949455,0.04224899562275589,0.035902212334777486,0.1758759460727622,0.0990247983277531,0.12208014265125582,0.5196031614363046,0.2689791437245753,0.34416634903809407,0.25248784627309695,0.46941665354548673,0.4043380113637698,0.030939994888341867,0.12033040877942913,0.09351328461210294,0.8270036035083633,0.1579823549860333,33.83473718742975
2025-06-19,latest,test:WF2,test:WF2,1,1,test,test,WF2,WF2,0.04676272856335922,0.043125811296429624,0.044216886476508496,0.17587080196200444,0.101158560771453,0.12357223312861843,0.5158675581525286,0.23971576286167862,0.3225613014489336,0.2509210903395031,0.4913616916263724,0.4192295112403116,0.010577820982604576,0.1246381734440665,0.09042006770562791,0.8344533164597197,0.16778911960512694,34.21711530359553
2025-06-20,latest,test:WF2,test:WF2,1,1,test,test,WF2,WF2,0.054069265973140684,0.04550405253569051,0.04807361656692556,0.14193528260521812,0.09645571788886388,0.11009958730377015,0.5275368060839413,0.19663793541776392,0.2959075966176171,0.23134487042338464,0.5373376580551431,0.44553982176561563,0.04511377491431531,0.12406463610253847,0.10037937774607153,0.8326577177939501,0.15817320387069572,33.97990702226267
2025-06-23,latest,test:WF2,test:WF2,1,1,test,test,WF2,WF2,0.03532415826718773,0.04381611282403572,0.04126852645698133,0.147183798693144,0.3176779560175006,0.26652970882019367,0.537336922200932,0.23974124547041709,0.32901994848957156,0.2600642444374552,0.27501592994191193,0.27053042429057494,0.02009087640128106,0.12374875574613471,0.09265139194267863,0.8846676549926756,0.307798235277175,38.27265608036039
2025-06-24,latest,test:WF2,test:WF2,1,1,test,test,WF2,WF2,0.024752570165087598,0.26684193239709225,0.19421512372749083,0.1527472231736017,0.09980714420277176,0.11568916789402076,0.540454784681109,0.2479082046046206,0.33567217862756715,0.24711246530165526,0.2560390663506418,0.2533610860359458,0.03493295667854638,0.1294036524448737,0.10106244371497551,0.9405236277663519,0.30990429162151156,39.71117652658903
2025-06-25,latest,test:WF2,test:WF2,1,1,test,test,WF2,WF2,0.07510955922589396,0.0430975292090945,0.05270113821413434,0.16495781386166536,0.10380137212686621,0.12214830464730594,0.5169945930181636,0.24791302838154677,0.3286374977725318,0.2140249773957728,0.25263593149347524,0.2410526452641645,0.028913056498504338,0.35255213878901737,0.25546041410186343,0.9128724865910466,0.17484944286144027,36.31880102200497
2025-06-26,latest,test:WF2,test:WF2,1,1,test,test,WF2,WF2,0.03313157656271243,0.04219744647517309,0.0394776855014349,0.1905412665785657,0.09840432553476204,0.12604540784790316,0.5424421213259762,0.265397567820569,0.34851093387219123,0.21800224502414192,0.4530803729067515,0.3825569345419687,0.01588279050860356,0.14092028726274447,0.1034090382365022,0.8439215914112508,0.16552309334933807,34.40850165226803
2025-06-27,latest,test:WF2,test:WF2,1,1,test,test,WF2,WF2,0.04990736913920922,0.04303371025789503,0.04509580792228928,0.21071588092771668,0.09784052754005507,0.13170313355635355,0.5199113630676115,0.26837556317596734,0.3438363031434606,0.20369148021132477,0.44711412948588947,0.37408733470352,0.015773906654137845,0.14363606954019315,0.10527742067437654,0.8565965449302995,0.17679894147864283,34.950892452830345
2025-06-30,latest,test:WF2,test:WF2,1,1,test,test,WF2,WF2,0.05489295300898628,0.04499850394600894,0.04796683866490213,0.1867122921820498,0.10091291371515201,0.12665272725522134,0.5015952542271177,0.26818052482600424,0.33820494364633824,0.1972326456152898,0.21389721182999707,0.2088978419655849,0.05956685496655654,0.3720108456828378,0.27827764846795344,0.905353104935796,0.17461956592012345,36.126218941797376
2025-07-01,latest,test:WF2,test:WF2,1,1,test,test,WF2,WF2,0.053974091722273666,0.04324396844700676,0.04646300542958682,0.18087966997221117,0.32392994794030683,0.28101486454987806,0.5079887730432102,0.2601515251774547,0.3345026995371813,0.23176261302171874,0.2241325827372133,0.22642159182256485,0.025394852240586296,0.14854197569801858,0.11159783866078887,0.8988585412344551,0.3274778699794649,39.021020930450675
2025-07-02,latest,test:WF2,test:WF2,1,1,test,test,WF2,WF2,0.03953161489683067,0.04472312551279956,0.04316567232800889,0.2110635584867038,0.10439769291163073,0.13639745258415265,0.4871153217028637,0.4715982279586612,0.4762533560819219,0.20184752869420763,0.23313023042440892,0.22374541990534852,0.06044197621939425,0.14615072319249967,0.12043809910056805,0.8391728858835049,0.17956312491216153,34.570584645330854
2025-07-03,latest,test:WF2,test:WF2,1,1,test,test,WF2,WF2,0.06425054459302834,0.037239409427968224,0.04534274997748626,0.15162730563756527,0.09353648563737856,0.11096373163743456,0.5060279898050448,0.3027357931672358,0.3637234521585785,0.24087681788614093,0.3988060184743112,0.3514272582978601,0.03721734207822074,0.16768229329310627,0.1285428079286406,0.8594889334994662,0.15630648161492083,34.61335296978507
2025-07-04,latest,test:WF2,test:WF2,1,1,test,test,WF2,WF2,0.06903712522858614,0.0389860900584695,0.048001400609504495,0.13748171209583182,0.09836195048254817,0.11009787896653327,0.525120448469658,0.4825738432655554,0.4953378248267862,0.2361429571245494,0.2103670140842001,0.2180997969963049,0.03221775708137474,0.16971110210922674,0.12846309860087116,0.8278679114616492,0.15809927957603775,33.85868337806198
2025-07-07,latest,test:WF2,test:WF2,1,1,test,test,WF2,WF2,0.030931519115646414,0.030261001408492805,0.030462156720638886,0.12726951557161817,0.09467220687147579,0.10445139948151849,0.5154239539866824,0.20538485078960672,0.2983965817487294,0.2639983991414678,0.48736964338119704,0.42035827010927823,0.06237661218458514,0.18231229754922773,0.14633159193983494,0.8379979648560405,0.1349135562021574,33.64822024544416
2025-07-08,latest,test:WF2,test:WF2,1,1,test,test,WF2,WF2,0.014668646150459147,0.024292724337595478,0.02140550088145458,0.0921049929624295,0.10303701143980427,0.09975740589659186,0.5131729968692353,0.3903895269046865,0.42722456789405117,0.29372123578781617,0.2779125209232316,0.282655135382607,0.08633212823005985,0.20436821639468217,0.1689573899452955,0.8283175528045094,0.12116290677804645,33.131196955673666
2025-07-09,latest,test:WF2,test:WF2,1,1,test,test,WF2,WF2,0.018726292076189432,0.02406340594977125,0.02246227178769671,0.0780744837706837,0.10430398805321246,0.09643513676845385,0.50599269913818,0.16371520771655707,0.266398455143044,0.3122352968959686,0.2559482235132501,0.2728343455280657,0.08497122811897836,0.4519691747672091,0.3418697907727399,0.8602486784901665,0.11889740855615055,33.884165133377174
2025-07-10,latest,test:WF2,test:WF2,1,1,test,test,WF2,WF2,0.02751639535622835,0.022821630678898235,0.02423006008209727,0.07867030278137468,0.09850410952419454,0.09255396750134857,0.5170243552291295,0.4626550021943573,0.4789658081047889,0.3078620456108934,0.1789641493589043,0.21763351823450106,0.06892690102237412,0.23705510824364567,0.1866166460772642,0.8127966792177344,0.11678402758344585,32.655597532112274
2025-07-11,latest,test:WF3,test:WF2,2,1,test,test,WF3,WF2,0.04220917463153439,0.023412813675133672,0.029051721962053884,0.1366019145866744,0.10089283514923376,0.11160555898046595,0.5381511259731209,0.2564787970651512,0.3409804957375421,0.2597219396668889,0.1734772261444214,0.1993506402011616,0.023315845141781536,0.44573832796606006,0.3190115831187765,0.8701007640142061,0.14065728094251984,34.56566471920554
2025-07-14,latest,test:WF3,test:WF2,2,1,test,test,WF3,WF2,0.0448781101801751,0.023783996370398283,0.030112230513331326,0.13429958529580505,0.10258477772135705,0.11209921999369143,0.5329887227727569,0.26383813726575334,0.3445833129178544,0.26665596681220777,0.4078266488310083,0.36547544422536804,0.02117761493905536,0.20196643981148313,0.14772979234975478,0.8501750157799118,0.14221145050702277,34.09860440463825
2025-07-15,latest,test:WF3,test:WF2,2,1,test,test,WF3,WF2,0.054815068783328494,0.023188604527167044,0.03267654380401548,0.13460204355924,0.10169249529467805,0.11156535977404662,0.5227759826661267,0.21491300275889108,0.30727189673106176,0.2598211968629491,0.19592110038383911,0.2150911293275721,0.027985708128355817,0.4642847970354248,0.3333950703633041,0.879683279532679,0.1442419035780621,34.876920059878216
2025-07-16,latest,test:WF3,test:WF2,2,1,test,test,WF3,WF2,0.05021252087934011,0.02325220354304773,0.031340298743935444,0.13070457213852005,0.10080413354740057,0.10977426512473641,0.5207736560718809,0.44671799725545264,0.4689346949003811,0.27212057681124824,0.17071046819562277,0.2011335007803104,0.026188674099010732,0.2585151974584764,0.1888172404506367,0.8347656997164536,0.14111456386867186,33.69143377028478
2025-07-17,latest,test:WF3,test:WF2,2,1,test,test,WF3,WF2,0.05129308934964828,0.0238174712392618,0.03206015667237774,0.12071058631449567,0.09898904211785951,0.10550550537685036,0.5076505278503719,0.4527544109005769,0.46922324598551535,0.29268088071072923,0.16340186592439487,0.20218557036029516,0.02766491577475494,0.261037209817907,0.1910255216049614,0.8338589413061241,0.1375656620492281,33.597786773637665
2025-07-18,latest,test:WF3,test:WF2,2,1,test,test,WF3,WF2,0.045610847079997054,0.0226477224254766,0.029536659821832734,0.1268369599959268,0.09570151819890085,0.10504215073800864,0.5257022118199746,0.24297461727204653,0.3277928956364249,0.2774222372555285,0.388148150104557,0.3549303762498484,0.024427743848573047,0.2505279919990191,0.18269791755388526,0.860278842456749,0.1345788105598414,34.198547272615556
2025-07-21,latest,test:WF3,test:WF2,2,1,test,test,WF3,WF2,0.032363555516390606,0.023951916164702432,0.026475407970208885,0.11499381343763979,0.10033749785699411,0.10473439253118781,0.5215443757208148,0.21586196343655578,0.3075666871218335,0.3075895512574874,0.38589198687562964,0.3624012561901869,0.02350870406766737,0.2739566356661181,0.19882225618658286,0.8599940274945159,0.1312098005013967,34.12404669739083
2025-07-22,latest,test:WF3,test:WF2,2,1,test,test,WF3,WF2,0.03453345535530036,0.02656027784344283,0.02895223109700009,0.11323671036926804,0.3265569576264362,0.26256088344928574,0.5189045963584751,0.22232816453588597,0.3113010940826627,0.30601822189899935,0.1311710966288375,0.18362523420988605,0.027307016017957212,0.29338350336539754,0.21356055716116543,0.9058286929046758,0.2915131145462858,38.47597961354261
2025-07-23,latest,test:WF3,test:WF2,2,1,test,test,WF3,WF2,0.030751674654709387,0.02481431494334385,0.026595522856753512,0.11521022414529575,0.10797438559863332,0.11014513716263204,0.5197591951467492,0.4093639274813001,0.4424825077809348,0.30305330039363126,0.1434070809045223,0.19130094675125497,0.031225605659614516,0.3144402910722005,0.22947588544842468,0.8415301109168637,0.13674066001938556,33.7730659733093
2025-07-24,latest,test:WF3,test:WF2,2,1,test,test,WF3,WF2,0.02531881422113015,0.02619533646644556,0.025932379792850936,0.1210982591127311,0.10429469012265317,0.10933576081967655,0.5285635403049682,0.19075147073501525,0.2920950916060011,0.2960353728345884,0.3606651536018393,0.341276219371664,0.028984013526582152,0.3180933490740468,0.23136054840980738,0.8709478610144065,0.13526814061252748,34.479059337610714
2025-07-25,latest,test:WF3,test:WF2,2,1,test,test,WF3,WF2,0.03155682699129189,0.2460350708210033,0.18169159767208987,0.13307016775222077,0.10556985074127212,0.11381994584455671,0.5211667820768627,0.19537549001784282,0.29311287763554883,0.28915686728355644,0.1417654833195737,0.18598289850876853,0.025049355896068055,0.311254105100308,0.22539268033903598,0.9727468945696053,0.29551154351664655,40.22890323457307
2025-07-28,latest,test:WF3,test:WF2,2,1,test,test,WF3,WF2,0.0302249271716848,0.024816337515132268,0.026438914412098027,0.14671427053731204,0.10593798045948705,0.11817086748283454,0.5329072569178817,0.42662810369084764,0.4585118496589578,0.2660612116834062,0.1441855580422813,0.18074825413461876,0.024092333689715372,0.29843202029225185,0.2161301143114909,0.8364619492904449,0.14460978189493257,33.80374437015978
2025-07-29,latest,test:WF3,test:WF2,2,1,test,test,WF3,WF2,0.024815534306894566,0.025781090797511633,0.025491423850326513,0.1284167366921676,0.11370685322025195,0.11811981826182665,0.5321244558374431,0.4198162854871621,0.4535087365922464,0.2897112108340986,0.12793654471093216,0.17646894454788212,0.024932062329396144,0.31275922578414217,0.22641107674771835,0.8368595438672962,0.14361124211215315,33.793713438925465
2025-07-30,latest,test:WF3,test:WF2,2,1,test,test,WF3,WF2,0.023952122859201345,0.02314375238130595,0.023386263524674565,0.11747233475117891,0.11682955623436524,0.11702238978940933,0.5387818848568987,0.38057115794193946,0.42803437601642724,0.2909437390200235,0.14674167382683628,0.19000229338479244,0.028849918512697623,0.3327138596155531,0.24155467728469646,0.845515665168333,0.1404086533140839,33.94606469549
2025-07-31,latest,test:WF3,test:WF2,2,1,test,test,WF3,WF2,0.026197626986554902,0.02578905201413572,0.025911624505861465,0.1456446226056268,0.11911886013247157,0.1270765888744181,0.5005177579022906,0.17171563750806232,0.2703562736263308,0.304957658912773,0.3555136664314691,0.3403468641758602,0.022682333592754737,0.32786278391386137,0.2363086488175293,0.8811564357008531,0.15298821338027957,35.08867516012692
2025-08-01,latest,test:WF3,test:WF2,2,1,test,test,WF3,WF2,0.02313237000569174,0.025158594274395308,0.024550726993784237,0.15572246482587865,0.3299988300276383,0.2777159204671104,0.5183169619927062,0.22538347286987362,0.3132635196067234,0.27777171462594435,0.15015282221582948,0.18843848993886392,0.02505648854977901,0.26930628061226325,0.19603134299351796,0.897422485577434,0.30226664746089466,38.48089508865374
2025-08-04,latest,test:WF3,test:WF2,2,1,test,test,WF3,WF2,0.025386233516048747,0.023459885128532823,0.024037789644787595,0.113798428029547,0.10097790881667122,0.10482406458053395,0.5050981500624986,0.22109247765442408,0.30629417937684644,0.32805332433926354,0.4031000172878349,0.3805860094032635,0.0276638640526422,0.2513697111125371,0.18425795699456862,0.8498455299415302,0.12886185422532154,33.82337533304468
2025-08-05,latest,test:WF3,test:WF2,2,1,test,test,WF3,WF2,0.017389791515926296,0.02267473346912839,0.021089250883167765,0.12155696931139351,0.1089993428685586,0.11276663080140906,0.45626978762840736,0.41317373783417055,0.4261025527724416,0.37575490373233084,0.24630203320742805,0.2851378943648989,0.029028547811942106,0.2088501526207145,0.15490367117808276,0.8311351922322892,0.13385588168457682,33.455497439498764
2025-08-06,latest,test:WF3,test:WF2,2,1,test,test,WF3,WF2,0.0222217664388043,0.024519540561810833,0.023830208324908873,0.12388975485188478,0.10433666906930707,0.11020259480408037,0.47897756210344156,0.42900609252249283,0.4439975333967774,0.3516991530819299,0.218750401077665,0.25863502667894445,0.02321176352393955,0.22338729676872435,0.1633346367952889,0.8315373826655365,0.13403280312898924,33.469090629218194
2025-08-07,latest,test:WF3,test:WF2,2,1,test,test,WF3,WF2,0.018521942470398078,0.023552263022671882,0.02204316685698974,0.12722998653830384,0.322261008359243,0.26375170181296126,0.4639765532862452,0.19446432132492822,0.2753179909133233,0.36584970618540347,0.2210040346931795,0.26445773614084667,0.02442181151964943,0.23871837259997744,0.17442940427587905,0.8991086987564608,0.285794868669951,38.19361484231054
2025-08-08,latest,test:WF3,test:WF2,2,1,test,test,WF3,WF2,0.05346868467920418,0.24459382094154286,0.18725628006284128,0.11558961093081828,0.10111048014923821,0.10545421938371223,0.4215553804106668,0.2565260317779786,0.3060348363677851,0.3872757158214794,0.18173759481427862,0.24339903111643887,0.02211060815783127,0.21603207231696175,0.15785563306922262,0.9622207926618884,0.29271049944655353,39.90972980547828
2025-08-11,latest,test:WF3,test:WF2,2,1,test,test,WF3,WF2,0.04345105795770391,0.023728653558123775,0.029645374877997815,0.11843977930402054,0.09877237795683552,0.10467259836099102,0.43222350095659945,0.2384301891635643,0.29656818270147484,0.38434214319148485,0.4146347296388213,0.40554695370462035,0.021543518590191244,0.22443404968265518,0.16356689035491598,0.8469865827986883,0.13431797323898884,33.86102403474698
2025-08-12,latest,test:WF3,test:WF2,2,1,test,test,WF3,WF2,0.04595562814704074,0.023369300117822445,0.03014519852658793,0.11971835430394161,0.10097893270569114,0.10660075918516627,0.4236623966125027,0.24545171740310107,0.29891492116592155,0.3899403934824083,0.42617300078882203,0.4153032185968979,0.020723227454106635,0.20402704898456336,0.14903590252542634,0.841174677126602,0.1367459577117542,33.76428608240013
2025-08-13,latest,test:WF3,test:WF2,2,1,test,test,WF3,WF2,0.03755076182346276,0.023800415834809803,0.027925519631405687,0.12623746925386342,0.32152743036309456,0.2629404420303252,0.4624955218949368,0.25405700184309066,0.3165885578586445,0.35123750326104675,0.17452089137754973,0.22753587494259883,0.022478743766690183,0.2260942605814553,0.16500960553702576,0.9005957117023924,0.29086596166173084,38.332212025794426
2025-08-14,latest,test:WF3,test:WF2,2,1,test,test,WF3,WF2,0.041936330226557954,0.023685395508888332,0.029160675924189215,0.12556382844280006,0.1073306253309948,0.11280058626453637,0.4770487179572293,0.2518076896683139,0.3193799981549885,0.3389961250714214,0.18332649531407846,0.23002738424128133,0.016454998301991226,0.43384979417772457,0.3086313554150046,0.8789569874703738,0.1419612621887256,34.813149930533854
2025-08-15,latest,test:WF3,test:WF2,2,1,test,test,WF3,WF2,0.03460876605062994,0.022672179806304364,0.026253155679602035,0.14304530688115427,0.10171930680723729,0.11411710682941237,0.46373789101488366,0.48306452856507154,0.4772665373000151,0.33681212614740635,0.1867018545667936,0.23173493604097742,0.02179590990592581,0.2058421302545933,0.15062826414999303,0.8203137182153577,0.1403702625090144,33.31524820556423
2025-08-18,latest,test:WF3,test:WF2,2,1,test,test,WF3,WF2,0.028724390094357174,0.024952750412011983,0.026084242316715536,0.13311055116610176,0.10287313670155729,0.11194436104092062,0.4802054216426891,0.26035791593558283,0.32631216764771465,0.3337562396630394,0.1599730122920775,0.21210798050336607,0.024203397433812564,0.4518431846587705,0.3235512484912831,0.8696724502787624,0.13802860335763617,34.50238332412178
2025-08-19,latest,test:WF3,test:WF2,2,1,test,test,WF3,WF2,0.029379180742587496,0.023493926798639958,0.02525950298182422,0.14357028615943707,0.1039785366030441,0.11585606146996198,0.44926620078618135,0.25443194803391034,0.31288222385959163,0.353412393224027,0.17401719770370014,0.2278357563597982,0.024371939087767087,0.4440783908607054,0.31816645532882387,0.8745531008051971,0.1411155644517862,34.68613880916565
2025-08-20,latest,test:WF3,test:WF2,2,1,test,test,WF3,WF2,0.029099351064123397,0.024330539270387846,0.02576118280850851,0.12642587731204852,0.10274064263209763,0.10984621303608288,0.4790436301574711,0.218070093394133,0.2963621544231344,0.33992772976198915,0.44035804609184087,0.4102289511928854,0.025503411704367856,0.21450067861154068,0.15780149853938882,0.8414100044817678,0.1356073958445914,33.74739802893602
2025-08-21,latest,test:WF3,test:WF2,2,1,test,test,WF3,WF2,0.033262497126416435,0.024539597129262194,0.027156467128408465,0.09988088303138484,0.09942135026392546,0.09955921009416327,0.42623571805476457,0.17439011222254783,0.24994379397221284,0.4084578164303553,0.44440248830109796,0.4336190867398751,0.03216308535707892,0.25724645208316665,0.18972144206534033,0.8399498890398573,0.12671567722257174,33.53306077044787
2025-08-22,latest,test:WF3,test:WF2,2,1,test,test,WF3,WF2,0.055400379729042534,0.025247704673178814,0.03429350718993793,0.11078672915972505,0.1032741170170606,0.10552790065985992,0.4263225630705081,0.3840069807903218,0.39670165547437763,0.38390906227235727,0.2662714582247326,0.3015627394390199,0.02358126576836713,0.2211997392947063,0.16191419723680453,0.8549909090691016,0.13982140784979785,34.17120088372349
2025-08-25,latest,test:WF3,test:WF2,2,1,test,test,WF3,WF2,0.06302810597323147,0.02546038733932485,0.03673070292949684,0.13882075204540487,0.3272503603950255,0.27072147789013934,0.46674864595650317,0.21938209542551304,0.29359206058481013,0.30851663197095036,0.20971414478922676,0.23935489094374388,0.02288586405391012,0.21819301205090977,0.1596008676518099,0.9133830398941616,0.30745218081963616,38.98361961374676
2025-08-26,latest,test:WF3,test:WF2,2,1,test,test,WF3,WF2,0.042997843981934014,0.026220228865638844,0.03125351340052739,0.11432716836546003,0.11192257894527843,0.1126439557713329,0.4436913931338625,0.21574815814570117,0.28413112864214957,0.37637940360083627,0.19980249721284543,0.25277556912924265,0.02260419091790708,0.44630653683053617,0.3191958330567474,0.88474216575981,0.1438974691718603,34.99650352743246
2025-08-27,latest,test:WF3,test:WF2,2,1,test,test,WF3,WF2,0.03411998418514761,0.025293260481901312,0.0279412775928752,0.12089634916387508,0.10536258477674568,0.1100227140928845,0.4475239133769048,0.2397892152127632,0.30210962466200564,0.37405851556258934,0.1873222529469355,0.24334313173163163,0.023401237711483145,0.4422326865816545,0.3165832519206031,0.8776004473609998,0.1379639916857597,34.699291017740194
2025-08-28,latest,test:WF3,test:WF2,2,1,test,test,WF3,WF2,0.062360468283342955,0.023671524526273684,0.03527820765339446,0.1357000921812802,0.10365010844381872,0.11326510356505717,0.41794824735406744,0.22173354612967042,0.2805979564969895,0.36438772427110905,0.4372902128534253,0.4154194662787304,0.01960346791020035,0.21365460804681194,0.15543926600582847,0.854681633409607,0.14854331121845163,34.33790705960921
2025-08-29,latest,test:WF3,test:WF2,2,1,test,test,WF3,WF2,0.05328938906814655,0.023285243366019844,0.032286487076657856,0.14018327175862322,0.32327324755953585,0.26834625481926205,0.440227173946153,0.21834161606757052,0.28490728343114524,0.34372813764257076,0.22371378333788852,0.2597180896292932,0.022572027584506455,0.21138610966898533,0.15474188504364167,0.9074363609889587,0.30063274189591993,38.698563862642374
2025-09-01,latest,test:WF3,test:WF2,2,1,test,test,WF3,WF2,0.031711370046382935,0.024182448504137956,0.026441124966811447,0.16262180647442206,0.1132431566558445,0.12805675160141777,0.4550312580976468,0.18145464163269986,0.2635276265721839,0.32710121393714425,0.22523086149144603,0.2557919672251555,0.02353435144440401,0.4558888917158717,0.3261825296344314,0.885312006752506,0.15449787656822922,35.22275770017723
2025-09-02,latest,test:WF3,test:WF2,2,1,test,test,WF3,WF2,0.023827592154845315,0.02369403407333348,0.02373410149778702,0.14278817125181026,0.32493969209963297,0.2702942358452861,0.4716198412375219,0.18889861507089284,0.2737149829208815,0.3359617016885896,0.22200275385619822,0.2561904382059156,0.025802693667232958,0.24046490489994254,0.17606624153012962,0.9020152768112006,0.29402833734307315,38.43094866714148
2025-09-03,latest,test:WF3,test:WF2,2,1,test,test,WF3,WF2,0.0242743554387485,0.0242179197851328,0.02423485048121751,0.1306302889355179,0.10201488830538934,0.1105995084944279,0.4849713026430663,0.1661993510317996,0.26183093651517964,0.3317572854039864,0.4549703523486558,0.4180064322652549,0.02836676757868095,0.2525974885290225,0.18532827224392,0.845976863567938,0.1348343589756454,33.84610876871135
2025-09-04,latest,test:WF3,test:WF2,2,1,test,test,WF3,WF2,0.02444609662632743,0.02346856437799525,0.0237618240524949,0.12985468792905325,0.10584438457809411,0.11304747558338187,0.49178747491498204,0.17913248409523772,0.272928981341161,0.3293402484025471,0.4734665052055331,0.4302286281646373,0.024571492127090238,0.2180880617431398,0.16003309085832496,0.836205744524344,0.13680929963587676,33.64132960582614
2025-09-05,latest,test:WF3,test:WF3,2,2,test,test,WF3,WF3,0.015623978540339221,0.034984791803131174,0.02917654782429359,0.13954810431513429,0.18028959406256287,0.1680671471383343,0.5039005564171868,0.24648999311045144,0.32371316210247203,0.31329764794207543,0.2571514170183788,0.27399528629548775,0.027629712785264347,0.2810842040054757,0.20504785663941227,0.8994403059235031,0.1972436949626279,36.430881547340135
2025-09-08,latest,test:WF3,test:WF3,2,2,test,test,WF3,WF3,0.02062365506645665,0.028030252639648614,0.025808273367691023,0.15941121065834896,0.17380596673693718,0.1694875399133607,0.508044119902953,0.31129576087813704,0.37032026858558176,0.2880569735598726,0.26382279486780513,0.27109304847542537,0.023864040812368974,0.22304522487747203,0.1632908696579411,0.8778625712218858,0.19529581328105172,35.85248054616818
2025-09-09,latest,test:WF3,test:WF3,2,2,test,test,WF3,WF3,0.019099580299857075,0.03236719602439479,0.028386911307033476,0.14943581621478,0.1959282393710761,0.18198051242418722,0.5079992229807628,0.2694471874589911,0.34101279811552254,0.2998582890288253,0.28673077414761383,0.29066902861197724,0.02360709147577502,0.21552660299792425,0.15795074954127947,0.8876931549974423,0.2103674237312207,36.39967734956047
2025-09-10,latest,test:WF3,test:WF3,2,2,test,test,WF3,WF3,0.023654047623576018,0.029311379463228558,0.027614179911332793,0.19931914494757688,0.18331455918678144,0.18811593491502007,0.46006502306174174,0.3237650784692489,0.36465506184699675,0.2940436737080405,0.26323242272259234,0.2724757980182268,0.022918110659064867,0.20037656015814884,0.14713902530842363,0.8807531090591997,0.21573011482635288,36.33343002300705
2025-09-11,latest,test:WF3,test:WF3,2,2,test,test,WF3,WF3,0.037456888529128186,0.025393836609128195,0.02901275218512819,0.19124009158784958,0.16986810591044144,0.17627970161366388,0.43762246984170444,0.3249445560112069,0.35874793016035617,0.3126277947814842,0.2836320510922166,0.2923307741989969,0.02105275525983367,0.19616145037700683,0.14362884184185487,0.8789902994144098,0.20529245379879207,36.08060656133609
2025-09-12,latest,test:WF3,test:WF3,2,2,test,test,WF3,WF3,0.03635593833157126,0.02652112890421648,0.029471571732422916,0.17682867548355685,0.1588061571501078,0.1642129126501425,0.4677138999134998,0.359210246817677,0.3917613427464239,0.2987590468551102,0.2874690432636871,0.29085604434111406,0.020342439416262,0.16799342386431165,0.12369812852989676,0.8607711369887427,0.19368448438256541,35.39296811236988
2025-09-15,latest,test:WF3,test:WF3,2,2,test,test,WF3,WF3,0.04521114885579974,0.035652799474232645,0.03852030428870278,0.17735916440500726,0.17002290260122566,0.17222378114236014,0.4381150757152121,0.3561474748867639,0.3807377551352984,0.3236438846032793,0.27255207101134776,0.2878796150889273,0.01567072642070153,0.16562475202642996,0.12063854434471144,0.8758665779307183,0.21074408543106293,36.11154615688922
2025-09-16,latest,test:WF3,test:WF3,2,2,test,test,WF3,WF3,0.04169436414905913,0.03738487099443217,0.038677718940820255,0.2142410616254391,0.1725046941345138,0.1850256043817914,0.4480513493376068,0.3395711502025648,0.37211520994307734,0.280192765518711,0.2725634019493067,0.274852211020128,0.015820459369183963,0.17797588271918252,0.12932925571418294,0.885618170702601,0.22370332332261164,36.614520734017255
2025-09-17,latest,test:WF3,test:WF3,2,2,test,test,WF3,WF3,0.05747515732775276,0.034862041531452816,0.0416459762703428,0.2039022132400717,0.18005716561154264,0.18721067990010135,0.45932511859725195,0.33386585007351216,0.3715036306306341,0.26516061598194096,0.2715433509312462,0.26962853044645463,0.014136894852982695,0.17967159185224618,0.13001118275246712,0.8900971026925499,0.22885665617044415,36.82956069072263
2025-09-18,latest,test:WF3,test:WF3,2,2,test,test,WF3,WF3,0.03116695086678875,0.024629927894149542,0.026591034785941305,0.1995665601234658,0.16156649684196603,0.17296651582641595,0.4655041125630868,0.3079173349749165,0.3551933682513676,0.2827737762541113,0.27769571441846014,0.27921913296915546,0.020988600192547384,0.22819052587050784,0.16602994816711966,0.8835028491744221,0.19955755061235725,36.0787222416077
2025-09-19,latest,test:WF3,test:WF3,2,2,test,test,WF3,WF3,0.05072680444672931,0.03341993158310839,0.03861199344219466,0.18250761165879936,0.23896704818207604,0.22202921722509308,0.47539800499574963,0.29965098250055316,0.3523750892491121,0.2736703197688078,0.2594310409399551,0.26370282458861094,0.017697259129913937,0.1685309967943072,0.12328087549498924,0.8927971723085564,0.26064121066728774,37.53275352105967
2025-09-22,latest,test:WF3,test:WF3,2,2,test,test,WF3,WF3,0.04235678957739206,0.025950886063706047,0.030872657117811855,0.17982510549970074,0.20607363891819522,0.19819907889264693,0.4982608308684166,0.3255290633530884,0.3773485936076869,0.26309595126298563,0.2149224968973036,0.22937453320700824,0.016461322791504866,0.2275239147677067,0.16420513717484617,0.8886967640419233,0.22907173601045877,36.79885382125726
2025-09-23,latest,test:WF3,test:WF3,2,2,test,test,WF3,WF3,0.04820099371244368,0.030158893833255825,0.03557152379701218,0.23728807738920052,0.23495140386313917,0.23565240592095754,0.4678133829427145,0.2486033536402074,0.3143663624309595,0.23341448640973692,0.2092999630979945,0.21653432009151724,0.013283059545904448,0.27698638556540317,0.19787538775955354,0.9164375306889084,0.2712239297179697,38.335416861582104
2025-09-24,latest,test:WF3,test:WF3,2,2,test,test,WF3,WF3,0.06171994781898607,0.029126986451825588,0.038904874861973734,0.20475128720341107,0.18903905538806476,0.19375272493266865,0.476283564809291,0.34507260063472006,0.3844358898870913,0.24481486414327952,0.19821166736422266,0.21219262639793973,0.012430336025032409,0.23854969016116692,0.17071388392032655,0.8963005709793613,0.2326575997946424,37.060666270376885
2025-09-25,latest,test:WF3,test:WF3,2,2,test,test,WF3,WF3,0.039866098406736786,0.03075241261221687,0.03348651835057285,0.21298405773748963,0.16997512839274487,0.1828778071961683,0.4864768444057143,0.36084577194553136,0.39853509368358625,0.24770694119617198,0.2349745162184854,0.2387942437117914,0.0129660582538873,0.20345217083102146,0.1463063370578812,0.8787373574362772,0.21636432554674115,36.295720446841756
2025-09-26,latest,test:WF3,test:WF3,2,2,test,test,WF3,WF3,0.034545846934259855,0.03172762147544804,0.03257308911309159,0.20722932652568096,0.15176330479352745,0.1684031113131735,0.4831535641887918,0.3481232578643271,0.38863234976166655,0.2595257074644594,0.26153815446177847,0.2609344203625828,0.015545554886807953,0.20684766140491884,0.14945702944948558,0.878243198835109,0.2009762004262651,35.97560397940303
2025-09-30,latest,test:WF3,test:WF3,2,2,test,test,WF3,WF3,0.03210953002919968,0.031952909354879135,0.0319998955571753,0.15362062827102588,0.15420823723898786,0.15403195454859925,0.4713431739518685,0.3738777296701341,0.4031173629546544,0.3227241537751289,0.24098470311811448,0.2655065383152188,0.02020251397277701,0.19897642061788443,0.1453442486243522,0.8679611992542772,0.18603185010577455,35.41966698347242
2025-10-01,latest,test:WF3,test:WF3,2,2,test,test,WF3,WF3,0.03408683659465892,0.022350752618718644,0.025871577811500724,0.16686104037503632,0.1597243248205585,0.16186533948690185,0.45556109515212123,0.3903426937486894,0.40990821416971895,0.32538714664206286,0.23123240367902131,0.25947882656793375,0.018103881236120754,0.1963498251330121,0.1428760419639447,0.8592650403961227,0.18773691729840258,35.23636435587112
2025-10-02,latest,test:WF3,test:WF3,2,2,test,test,WF3,WF3,0.035625017144385936,0.02187571832110435,0.026000507968088823,0.14804925889367057,0.1709835637539309,0.16410327229585278,0.48158409372396677,0.31510833467076493,0.36505106238672547,0.31640210896207677,0.19796828518962536,0.23349843232136078,0.018339521275899946,0.29406409806457445,0.21134672502797208,0.8869351595834178,0.1901037802639416,35.975454594864274
2025-10-03,latest,test:WF3,test:WF3,2,2,test,test,WF3,WF3,0.0789550183293749,0.03113144396265853,0.045478516272673436,0.17263087829091217,0.2310628269882367,0.21353324237903928,0.453045643120016,0.2873736833739302,0.33707527129775594,0.2787569539805208,0.20034306193850682,0.22386722955111096,0.016611506279176153,0.2500889837366679,0.18004574049942032,0.9199177843908584,0.2590117586517127,38.178179782805714
2025-10-07,latest,test:WF3,test:WF3,2,2,test,test,WF3,WF3,0.11186066428604151,0.034864787563806926,0.0579635505804773,0.1740224087224393,0.22438420844204882,0.20927566852616594,0.45172932460051973,0.28068512344139734,0.33199838378913404,0.24986913921287582,0.20976154791610005,0.22179382530513278,0.012518463178123574,0.250304332636647,0.17896857179908995,0.932264469461673,0.2672392191066432,38.65139611867469
2025-10-08,latest,test:WF3,test:WF3,2,2,test,test,WF3,WF3,0.13473257257746363,0.04219756868754819,0.06995806985452283,0.17004569858546525,0.19145228831610311,0.18503031139691178,0.4492557830804671,0.3052247497627333,0.34843405975805347,0.23448753705615447,0.24889288289624698,0.24457127914421922,0.011478408700449557,0.21223251033736848,0.1520062798462928,0.929763242882985,0.25498838125143464,38.34384869710332
2025-10-09,latest,test:WF3,test:WF3,2,2,test,test,WF3,WF3,0.13904318520260983,0.03741499480106039,0.06790345192152522,0.17878619044044544,0.1490617222322186,0.15797906269468667,0.4319112418052717,0.4471848590651084,0.4426027738871574,0.238893727588086,0.2018739925953862,0.2129799130931961,0.011365654963587109,0.16446443130622646,0.11853479840343466,0.8804813713964651,0.2258825146162119,36.52968457723587
2025-10-13,latest,test:WF3,test:WF3,2,2,test,test,WF3,WF3,0.13474117502473357,0.030625562107378455,0.06186024598258498,0.15970389953880681,0.17073307607465119,0.16742432311389788,0.443784507163569,0.4092640539846491,0.41962018993832506,0.2515239875558037,0.21581548043307727,0.22652803256989518,0.010246430717086832,0.17356182740024406,0.12456720839529688,0.8895064008462107,0.22928456909648287,36.82335140308493
2025-10-14,latest,test:WF3,test:WF3,2,2,test,test,WF3,WF3,0.07413428795557923,0.025150878151859492,0.039845901092975415,0.16455088674860366,0.13719006631760886,0.1453983124469073,0.4763723172458413,0.4254014137467468,0.44069268479647505,0.26562721378838267,0.20837023733242255,0.2255473302692106,0.01931529426159323,0.2038874044513624,0.14851577139443164,0.8630391922159634,0.1852442135398827,35.280864076196735
2025-10-15,latest,test:WF3,test:WF3,2,2,test,test,WF3,WF3,0.05068559487110276,0.02445601341584235,0.03232488785242048,0.14485257366082482,0.15904360176814755,0.15478629333595076,0.4966213266140496,0.41463829251714035,0.43923320274621314,0.28691458250189383,0.2063934794162824,0.23054981034196584,0.020925922352128992,0.19546861288258738,0.14310580572344989,0.8559484764845814,0.18711118118837122,35.14093553588196
2025-10-16,latest,test:WF3,test:WF3,2,2,test,test,WF3,WF3,0.08533352254840748,0.02241603713356911,0.041291282758020624,0.1569974237456556,0.147605966568563,0.15042340372169077,0.45939904367720225,0.4054693226113455,0.4216482389311025,0.2819547866168494,0.2169841648125413,0.23647535135383374,0.01631522341188523,0.20752450887398116,0.15016172323535237,0.8738236719548538,0.1917146864797114,35.679885528465576
2025-10-17,latest,test:WF3,test:WF3,2,2,test,test,WF3,WF3,0.11330148005214176,0.02318158759318638,0.050217555330872986,0.14102181454607915,0.15403997974865036,0.15013453018787898,0.4510733017317416,0.37466547152068996,0.3975878205840054,0.28085505015357753,0.25039558132814105,0.25953342197577195,0.013748353516459958,0.19771737980933238,0.14252667192147062,0.8881180469254606,0.20035208551875197,36.20999288351155
2025-10-20,latest,test:WF3,test:WF3,2,2,test,test,WF3,WF3,0.08725495228574309,0.029304951697633193,0.04668995187406616,0.13787138378528443,0.14451825043775957,0.14252419044201703,0.4644773203756752,0.46549093370276656,0.4651868497046391,0.2900280557334601,0.19330618870303337,0.22232274881216135,0.020368287819837218,0.1673796754588074,0.12327625916711633,0.8506715579536489,0.1892141423160832,35.05107179516288
2025-10-21,latest,test:WF3,test:WF3,2,2,test,test,WF3,WF3,0.12447828847864573,0.03282276632108748,0.06031942296835494,0.1840475994885493,0.12886350596827584,0.14541873402435784,0.4112236064970361,0.46223986577438625,0.44693498799118114,0.2679313643873055,0.23682527025657754,0.24615709849579592,0.012319141148463452,0.13924859167967293,0.10116975652031009,0.861506236341967,0.20573815699271278,35.65241904840343
2025-10-22,latest,test:WF3,test:WF3,2,2,test,test,WF3,WF3,0.10151458427228116,0.028895167723889614,0.05068099268840707,0.1718305679937994,0.13066199371841777,0.14301256600103227,0.41485077500643014,0.44214224366390403,0.43395480306666184,0.2988857278263141,0.2517577381269654,0.26589613503677006,0.012918344901175298,0.1465428567668232,0.10645550320712883,0.8588275496078934,0.19369355868943933,35.34455991398612
2025-10-23,latest,test:WF3,test:WF3,2,2,test,test,WF3,WF3,0.09831971128821297,0.032139528585713874,0.05199358339646361,0.17769551396882946,0.12730794998271655,0.14242421917855044,0.42975507480368735,0.4461063724588707,0.4412009831623157,0.27671177154388904,0.23806109334354542,0.2496562968036485,0.01751792839538115,0.15638505562915345,0.11472491745902177,0.8618927679637818,0.19441780257501406,35.43567525059483
2025-10-27,latest,test:WF3,test:WF3,2,2,test,test,WF3,WF3,0.0731587661712557,0.023510844599222192,0.03840522107083225,0.20067818670349924,0.13565383298928246,0.1551611391035475,0.4427282730159556,0.42921721947745506,0.43327053553900524,0.2670013196623204,0.252090122041779,0.25656348132794143,0.01643345444696911,0.15952798089226117,0.11659962295867356,0.8551285224378704,0.19356636017437975,35.24954026443436
2025-10-28,latest,test:WF3,test:WF3,2,2,test,test,WF3,WF3,0.10481398015589867,0.030157148660995,0.0525541981094661,0.16606466123332128,0.19504475484444433,0.18635072676110742,0.4385725376647832,0.3890935892384715,0.40393727376636507,0.27585478796475166,0.23843589859071926,0.249661565402929,0.014694032981245218,0.1472686086653699,0.10749623596013252,0.8824641351492566,0.23890492487057352,36.83970187614288
2025-10-29,latest,test:WF3,test:WF3,2,2,test,test,WF3,WF3,0.06683267805504467,0.028366026721050385,0.03990602212124866,0.16558512417821963,0.2121637104993583,0.19819013460301668,0.45673966608340805,0.35282936494185874,0.3840024552843235,0.29770050039015483,0.24190692222953375,0.25864499567772004,0.013142031293172955,0.16473397560819894,0.11925639231369115,0.8824295365404302,0.23809615672426535,36.82266154799606
2025-10-30,latest,test:WF3,test:WF3,2,2,test,test,WF3,WF3,0.11150416292319348,0.03474361694768931,0.05777178074034056,0.17796512733907802,0.23596614563737683,0.21856584014788719,0.4086286894152145,0.35103315493936443,0.3683118152821194,0.289912581285397,0.24078142806661265,0.25552077403224793,0.011989439037116967,0.13747565440895676,0.09982978979740481,0.8969899938374619,0.2763376208882278,37.9515022637011
2025-10-31,latest,test:WF3,test:WF3,2,2,test,test,WF3,WF3,0.11931989246154605,0.025953828425597097,0.053963647636381784,0.17119033085639354,0.14400801524397583,0.15216270992770115,0.39039275592764133,0.4513444968887473,0.4330589746004155,0.3041659560385431,0.23324284557922742,0.25451977871702214,0.014931064715875944,0.14545081386245245,0.10629488911847951,0.8655186574227491,0.20612635756408293,35.76049358685039
2025-11-03,latest,test:WF3,test:WF3,2,2,test,test,WF3,WF3,0.12109148034847166,0.025799300951642932,0.05438695477069155,0.1643697411036643,0.18295170494415292,0.17737711579200632,0.4010591427849104,0.4165672593039652,0.4119148243482488,0.298534245380361,0.23003722649934888,0.2505863321636525,0.014945390382592707,0.14464450830089,0.10573477292540082,0.879085897964091,0.23176407056269788,36.61242886035623
2025-11-04,latest,test:WF3,test:WF3,2,2,test,test,WF3,WF3,0.10398253785928968,0.024203738919225823,0.04813737860124498,0.19748395057829052,0.17688620077098743,0.18306552571317836,0.3955788473181424,0.39522394410292766,0.39533041506749206,0.2876223917035044,0.2518228041371882,0.262562680407083,0.015332272540773068,0.15186331206967082,0.1109040002110015,0.8815170182050609,0.23120290431442334,36.66198354141499
2025-11-05,latest,test:WF3,test:WF3,2,2,test,test,WF3,WF3,0.05179830408887243,0.019055964784390013,0.02887866657573474,0.18469347929743743,0.12571014178315004,0.14340514303743626,0.44788850627557053,0.40963320562882505,0.42110979582284874,0.2960912232285449,0.2771479105381895,0.2828309043452962,0.01952848710957473,0.16845277726544539,0.12377549021868418,0.8455512766264157,0.172283809613171,34.58445810792381
2025-11-06,latest,test:WF3,test:WF3,2,2,test,test,WF3,WF3,0.03351346983966168,0.024947826463669585,0.027517519476467217,0.14942144288618908,0.11918155136874244,0.12825351882397645,0.43621429579416954,0.41151715788948173,0.4189262992608881,0.3574779407248722,0.24584285886735427,0.27933338342460967,0.02337285075510755,0.1985106054107519,0.14596927901405862,0.8474417343316365,0.15577103830044367,34.301464124299784
2025-11-07,latest,test:WF3,test:WF3,2,2,test,test,WF3,WF3,0.03228958279322956,0.020837599026960474,0.024273194156841198,0.13538297659644974,0.12896666506347695,0.13089155852336878,0.4628318734909817,0.331219653446995,0.37070331946019097,0.3486155363312012,0.2757523885162014,0.2976113328607013,0.02088003078813783,0.24322369394636623,0.1765205949988977,0.864349347743302,0.15516475268021,34.71202874718675
2025-11-10,latest,test:WF3,test:WF3,2,2,test,test,WF3,WF3,0.03154516142096585,0.02029106508767119,0.023667293987659585,0.13288068051452803,0.1329342819574034,0.13291820152454079,0.4431261427620505,0.3475781536305502,0.3762425503700003,0.36890133619286536,0.27140266480304664,0.30065226621999225,0.023546679109590265,0.22779383452132856,0.16651968789780705,0.8602093324400157,0.15658549551220036,34.6369432212444
2025-11-11,latest,test:WF3,test:WF3,2,2,test,test,WF3,WF3,0.03397281919180795,0.022303200414503597,0.025804086047694904,0.1363369417118029,0.13629822597071392,0.13630984069304064,0.4689273945358486,0.32360028873782587,0.36719842047723267,0.34071398913563966,0.2967463453156234,0.3099366384616283,0.020048855424900917,0.22105193956133323,0.16075101432040356,0.8641427740730991,0.16211392674073555,34.84584788664219
2025-11-12,latest,test:WF3,test:WF3,2,2,test,test,WF3,WF3,0.03181984903883287,0.023268045997979943,0.025833586910235823,0.16684300319760714,0.155307060024762,0.15876784297661553,0.4484628786367999,0.32654750200494936,0.36312211499450453,0.33386269005931685,0.2929101942397969,0.3051959429856529,0.019011579067443208,0.20196719773251187,0.14708051213299128,0.8690038935991433,0.18460142988685135,35.41712593771561
2025-11-13,latest,test:WF3,test:WF3,2,2,test,test,WF3,WF3,0.03506482502233524,0.022916763009553275,0.026561181613387864,0.1730113085781573,0.1692378538337098,0.17036989025704405,0.432512874425082,0.3203418170782314,0.3539931342822865,0.34054450468069164,0.29618524414488856,0.3094930223056295,0.01886648729373389,0.19131832193361703,0.13958277154165208,0.8719413480254409,0.1969310718704319,35.737155138044656
2025-11-14,latest,test:WF3,test:WF3,2,2,test,test,WF3,WF3,0.030037821496786767,0.019803300581840374,0.022873656856324292,0.12379177776535721,0.14936662637211098,0.14169417179008487,0.46525152654170443,0.31315832058922516,0.35878628237496896,0.3615300790993438,0.3038596481184276,0.3211607774127025,0.019388795096807836,0.21381210433839598,0.15548511156591954,0.8606907398793328,0.16456782864640915,34.8086250699115
2025-11-17,latest,test:WF3,test:WF3,2,2,test,test,WF3,WF3,0.0299593615129626,0.0228648469606442,0.02499320132633972,0.11798773642878846,0.17721041665095866,0.1594436125843076,0.410666892459601,0.2744752119001852,0.31533271606800994,0.4142347684902305,0.3050289389304046,0.33779068779835236,0.027151241108417462,0.22042058555780736,0.16243978222299038,0.8765335582090636,0.1844368139106473,35.602075233439535
2025-11-18,latest,test:WF3,test:WF3,2,2,test,test,WF3,WF3,0.031684857727284396,0.013493335527016757,0.01895079218709705,0.10310400557369573,0.18872337031510125,0.16303756089267962,0.431402443802846,0.18451748481384522,0.25858297251054546,0.4089885667317564,0.3996643269119212,0.40246159885787175,0.024820126164417596,0.21360148243211546,0.1569670755518061,0.8559358555499451,0.18198835307977668,35.03816345034416
2025-11-19,latest,test:WF3,test:WF3,2,2,test,test,WF3,WF3,0.03749423458856928,0.0115465354346426,0.0193308451808206,0.08321472876775891,0.17804678638222163,0.14959716909788282,0.3743380219753557,0.15841761531780163,0.22319373731506784,0.4595628849663026,0.3408083361599074,0.37643470080182595,0.045390129702013504,0.3111807267054268,0.2314435476044028,0.8709210209498788,0.1689280142787034,35.151585809321034
2025-11-20,latest,test:WF3,test:WF3,2,2,test,test,WF3,WF3,0.03464895182304963,0.014524885075475521,0.020562105099747756,0.0867146004473898,0.1818438604589706,0.15330508245549637,0.38546749183472834,0.1589203234763195,0.22688447398384215,0.44654596895622034,0.3092133252076551,0.3504131183322247,0.04662298693861202,0.3354976057815792,0.24883522012868908,0.880733818535912,0.17386718755524413,35.49568921450268
2025-11-21,latest,test:WF3,test:WF3,2,2,test,test,WF3,WF3,0.03822782430502739,0.015386567184449418,0.02223894432062281,0.1103884653827725,0.1648380421247726,0.14850316910217257,0.3868356495429783,0.16932113488334638,0.23457548928123595,0.435385072983763,0.39331872749084423,0.40593863113871986,0.029162987785458824,0.2571355283165874,0.18874376615724886,0.8628269426784532,0.17074211342279538,34.98551583541723
2025-11-24,latest,test:WF3,test:WF3,2,2,test,test,WF3,WF3,0.04276900955880484,0.013819095354238238,0.022504069615608215,0.10585177017728947,0.19786112876034667,0.1702583211854295,0.4006713652594711,0.15740599897735444,0.2303856088619894,0.3962181706860347,0.28355139043382777,0.31735142450948983,0.05448968431839996,0.34736238647423295,0.25950057582748304,0.8943022337458615,0.19276239080103771,36.21280365966729
2025-11-25,latest,test:WF3,test:WF3,2,2,test,test,WF3,WF3,0.05004325759478765,0.019280647352225594,0.028509430424994216,0.11028396853399787,0.19502659475716655,0.16960380689021595,0.39915974021226175,0.18760644492837397,0.2510724335135403,0.3897928652142566,0.26687408230754683,0.3037497171795598,0.050720168444696054,0.331212230654687,0.24706461199168978,0.9050927056732793,0.19811323731521016,36.589582388136186
2025-11-26,latest,test:WF3,test:WF3,2,2,test,test,WF3,WF3,0.04639724538270895,0.01908407142151427,0.02727802360987267,0.11962483415856459,0.16903371769931108,0.15421105263708712,0.38414474322883985,0.2099859050084338,0.2622335564745556,0.4170569275184477,0.3320666010918669,0.35756369901984114,0.03277624971143883,0.2698297047788739,0.1987136682586434,0.8862544577403445,0.18148907624695979,35.78614296844781
2025-11-27,latest,test:WF3,test:WF3,2,2,test,test,WF3,WF3,0.050046941861737075,0.02187082066822897,0.0303236570262814,0.11404556387602952,0.18726863515038358,0.16530171376807734,0.38893584023874794,0.2753613286577448,0.3094336821320457,0.4207304582416274,0.298408442407776,0.33510504715793143,0.026241195781858084,0.21709077311586678,0.15983589991566416,0.8860026257588364,0.19562537079435874,36.06257305985808
2025-11-28,latest,test:WF3,test:WF3,2,2,test,test,WF3,WF3,0.047775474544860884,0.02462902176764263,0.03157295760080811,0.10327239155916161,0.19017076453219828,0.16410125264028727,0.4161461495459398,0.26871296442470677,0.3129429199610767,0.4066021146659573,0.32629997430430285,0.3503906164127992,0.026203869684080387,0.1901872749711494,0.14099225338502872,0.8778834691435712,0.19567421024109538,35.86057093341119
2025-12-01,latest,test:WF3,test:WF3,2,2,test,test,WF3,WF3,0.04743927953000523,0.026005723491504328,0.0324357903030546,0.11936071444519435,0.18164998822191233,0.16296320608889694,0.3843038139441362,0.3700587523666221,0.37433227083987636,0.4270784663350744,0.25756980251801165,0.30842240166313045,0.021817725745589944,0.1647157334019496,0.1218463311050417,0.8661163180373576,0.19539899639195155,35.560887878772974
2025-12-02,latest,test:WF3,test:WF3,2,2,test,test,WF3,WF3,0.06930231511603228,0.025762124713402182,0.038824181834191215,0.1000516193558882,0.16318046180607235,0.1442418090710171,0.3826788820289591,0.3528442490284241,0.3617946389285846,0.41703968741143016,0.27176815730089854,0.31534961633405806,0.030927496087690336,0.18644500715120285,0.13978975383214912,0.8774720483638326,0.1830659909052083,35.59812102719998
2025-12-03,latest,test:WF3,test:WF3,2,2,test,test,WF3,WF3,0.04568250882489875,0.027026637682071978,0.03262339902492001,0.11100322041655362,0.15716726974888964,0.14331805494918884,0.3826184879533746,0.31197821276629706,0.3331702953224203,0.4368251852933623,0.28222462814052396,0.32860479528637543,0.02387059751181079,0.22160325166221742,0.1622834554170954,0.8804772122345988,0.17594145397410885,35.53075938534715
2025-12-04,latest,test:WF3,test:WF3,2,2,test,test,WF3,WF3,0.06944274765519091,0.02505983427802352,0.03837470829117374,0.11089372917557225,0.16017650069842373,0.1453916692415683,0.37507633056189066,0.34391403927810005,0.3532627266632372,0.4228354059655037,0.27942862163854526,0.32245065693663283,0.02175178664184254,0.19142100410690735,0.14052023886738793,0.8784255491699912,0.18376637753274203,35.63596627990462
2025-12-05,latest,test:WF3,test:WF3,2,2,test,test,WF3,WF3,0.05318541239087396,0.034256332052401986,0.03993505615394358,0.11790012789959038,0.17953842404080292,0.16104693519843916,0.406657804249585,0.32909470815316616,0.3523636369820918,0.39535503686920975,0.30032579623633654,0.3288345684261985,0.02690161859074086,0.15678473951729238,0.11781980323932692,0.874801664661335,0.20098199135238273,35.88968144358103
2025-12-08,latest,test:WF3,test:WF3,2,2,test,test,WF3,WF3,0.05199653081468537,0.03662265766559214,0.04123481961032011,0.13068195477984315,0.19968934601114577,0.178987128641755,0.4635618263319876,0.3311524132008481,0.37087523714018994,0.3345640865803092,0.27957929826756506,0.29607473476138835,0.019195601493174706,0.15295628485484897,0.1128280798463467,0.8784582934195465,0.2202219482520751,36.36589630053016
2025-12-09,latest,test:WF3,test:WF3,2,2,test,test,WF3,WF3,0.07200152443070844,0.03431536927009461,0.04562121581827876,0.11070755597331572,0.19934126432099422,0.17275115181669065,0.4353942608511009,0.31885738147579584,0.35381844528838735,0.3627265607460639,0.27805713957678857,0.3034579659275711,0.019170097998810996,0.16942884535632677,0.12435122114907203,0.8903090692960741,0.21837236763496942,36.62517408510124
2025-12-10,latest,test:WF3,test:WF3,2,2,test,test,WF3,WF3,0.06885626920467329,0.029936511409712478,0.04161243874820072,0.11189781854409511,0.18114824333722795,0.1603731158992881,0.43771555475302376,0.38143423349837113,0.3983186298747669,0.3606254477941017,0.23848987392747387,0.27513054608746224,0.02090490970410613,0.16899113782721448,0.12456526939028197,0.8742159461884885,0.20198555464748882,35.89510974766199
2025-12-11,latest,test:WF3,test:WF3,2,2,test,test,WF3,WF3,0.05845568997263277,0.02503543844422947,0.03506151390275047,0.10515711246183743,0.20087733613607003,0.17216126903380027,0.44274896610354003,0.3068631807882524,0.3476289163828387,0.3731446239780088,0.3014622903598654,0.32296699044530847,0.02049360748398099,0.16576175427158266,0.12218131023530215,0.875804131647305,0.20722278293655075,36.03955894991364
2025-12-12,latest,test:WF3,test:WF3,1,1,test,test,WF3,WF3,0.037975752598687344,0.028134808099334715,0.031087091449140503,0.12380241628288272,0.1542750093248607,0.14513323141226733,0.456347210124593,0.36941079584203557,0.39549172012680284,0.359779078117402,0.24532929637902667,0.2796642309005393,0.02209554287643498,0.20285009035474227,0.1486237261112501,0.8664875583347291,0.17622032286140785,35.186595415596386
2025-12-15,latest,test:WF3,test:WF3,1,1,test,test,WF3,WF3,0.04850724153052003,0.024934821648466925,0.03200654761308286,0.13612317750980538,0.16500247061646714,0.1563386826844686,0.43602739927831136,0.2742987835985129,0.32281736830245245,0.35703039236281653,0.3361390811434721,0.3424064745092754,0.022311789318546767,0.19962484299308098,0.1464309268907207,0.8783080513676311,0.18834523029755146,35.7246058901418
2025-12-16,latest,test:WF3,test:WF3,1,1,test,test,WF3,WF3,0.04835054211173107,0.026114673696788902,0.03278543422127155,0.13361409159364057,0.1923333357016698,0.17471756246926104,0.4075754350679899,0.2428825019566285,0.2922903818900369,0.3844482060466391,0.31211777294178344,0.3338169028732401,0.026011725179999466,0.2265517157031294,0.1663897185461904,0.8953688240345777,0.2075029966905326,36.53428053467509
2025-12-17,latest,test:WF3,test:WF3,1,1,test,test,WF3,WF3,0.07471982018489955,0.025048051472973117,0.03994958208655105,0.13533299815633426,0.1936599830624379,0.17616188759060683,0.38734317060829154,0.2922773990130547,0.3207971304916258,0.38038620241575205,0.26363335560487966,0.2986592096481414,0.022217808634722665,0.22538121084665474,0.16443219018307512,0.9052905933811098,0.21611146967715789,36.95449422807091
2025-12-18,latest,test:WF3,test:WF3,1,1,test,test,WF3,WF3,0.08968257724179744,0.021294482700706933,0.04181091106303409,0.14431672361297077,0.1647651889360295,0.1586306493391119,0.3907604551065163,0.22272863023874084,0.2731381776990735,0.35586975690276074,0.332363187723138,0.33941515847702486,0.0193704871359548,0.2588485104013847,0.18700510342175572,0.9068740858457498,0.20044156040214597,36.68068335418666
2025-12-19,latest,test:WF3,test:WF3,1,1,test,test,WF3,WF3,0.062101605926892026,0.03065925780021022,0.040091962238214755,0.12716980581635096,0.17486160627536806,0.1605540661376629,0.37885976273082145,0.19658977028886584,0.2512707680214525,0.40823861379765114,0.3253891091696038,0.35024396055801793,0.02363021172828455,0.27250025646595205,0.1978392430446518,0.9057214575639709,0.20064602837587767,36.65595700661682
2025-12-22,latest,test:WF3,test:WF3,1,1,test,test,WF3,WF3,0.04130041576927846,0.029147825565491517,0.0327936026266276,0.1664468387522677,0.1930891949774692,0.18509648810990875,0.42601985900993244,0.19044665452353746,0.261118615869456,0.34740889091026567,0.3678279820934103,0.3617022547384669,0.018823995558255778,0.21948834284009155,0.15928903865554084,0.891851642618614,0.21789009073653637,36.65409288019608
2025-12-23,latest,test:WF3,test:WF3,1,1,test,test,WF3,WF3,0.07092144867553198,0.030077146884187056,0.04233043742159053,0.19561017428103097,0.1940731726860072,0.19453427316451433,0.43103987123171134,0.21745910135205707,0.28153333231595334,0.28957188253474236,0.3573101659136891,0.336988680900005,0.012856623276983383,0.2010804131640595,0.14461327619793668,0.9042706441662988,0.23686471058610487,37.34406031587957
2025-12-24,latest,test:WF3,test:WF3,1,1,test,test,WF3,WF3,0.05880255566336529,0.03751549283482125,0.04390161168338446,0.22751694188025226,0.1927131894890617,0.20315431520641883,0.419230562689717,0.28997694819425135,0.32875303254289107,0.2822719081377108,0.29869006604058435,0.2937646186697223,0.012178031628954736,0.18110430344128134,0.13042642189758338,0.9023399785565349,0.2470559268898033,37.49961800170944
2025-12-26,latest,test:WF3,test:WF3,1,1,test,test,WF3,WF3,0.070227564274316,0.038394985384998935,0.04794475905179406,0.19694166314289813,0.17342503139727325,0.18048002092096072,0.43704940362685485,0.3013930174883987,0.34208993332993554,0.28315572242170733,0.3130809399933179,0.3041033747218347,0.012625646534223703,0.1737060257360112,0.12538191197547494,0.8971732193569282,0.2284247799727548,36.9978260833783
2025-12-29,latest,test:WF3,test:WF3,1,1,test,test,WF3,WF3,0.0578121330494972,0.03443108679637298,0.04144540067231024,0.20673563050383692,0.16916468063719853,0.18043596559719002,0.44217779941812785,0.3097732540178498,0.34949461763793316,0.2800250866196131,0.30473079514408313,0.2973190825867421,0.013249350408925045,0.18190018340449554,0.13130493350582437,0.8919486663680372,0.22188136626950028,36.73634398459094
2025-12-30,latest,test:WF3,test:WF3,1,1,test,test,WF3,WF3,0.062274250878213235,0.03135771549805511,0.04063267611210255,0.16131144949464615,0.19151362982280076,0.18245297572435437,0.4524669900334685,0.25788805933495895,0.3162617385445118,0.3078238459576904,0.33649893376943835,0.32789640742591397,0.016123463635981782,0.18274166157474686,0.13275620219311732,0.8936786328215457,0.22308565183645693,36.80367885726778
2025-12-31,latest,test:WF3,test:WF3,1,1,test,test,WF3,WF3,0.04951203474930236,0.03080721402736749,0.03641866024394795,0.20039346554643875,0.18357128206975246,0.18861793711275832,0.44329986188510184,0.25032685372198876,0.30821875617092265,0.29175873021138615,0.3515679908512861,0.3336252126593161,0.015035907607770913,0.18372665932960516,0.13311943381305488,0.8901802068771368,0.22503659735670628,36.75523711906255
2026-01-02,latest,test:WF3,test:WF3,1,1,test,test,WF3,WF3,0.051654417893986025,0.03481884834513981,0.039869519209793675,0.18289167119535465,0.17077108331279048,0.1744072596775597,0.4365828095887832,0.21778957176855235,0.2834275431146216,0.31150791289755414,0.4026499262572525,0.375307322249343,0.017363188424321913,0.17397057031626478,0.12698835574868192,0.8824536497949418,0.2142767788873534,36.34687682262061
2026-01-05,latest,test:WF3,test:WF3,1,1,test,test,WF3,WF3,0.059429973264512444,0.03969302582909892,0.04561411005972298,0.16029098890837803,0.17104053784710216,0.16781567316548496,0.4468441072139923,0.22693427985415565,0.29290722806210673,0.3159030813037244,0.39637498534952526,0.37223341413578503,0.0175318493093927,0.165957171120118,0.12142957457690043,0.8847229662023101,0.21342978322520795,36.38666981956191
2026-01-06,latest,test:WF3,test:WF3,1,1,test,test,WF3,WF3,0.13023281101450493,0.040261618463436954,0.06725297622875737,0.14098337753833354,0.17185771133607794,0.16259541119675464,0.43132345189717547,0.24348668957026237,0.29983771826833633,0.2828844793620609,0.39119708846598666,0.35870330573480896,0.014575880187925154,0.15319689216423601,0.11161058857134276,0.9012737890594842,0.229848387425512,37.128812474997346
2026-01-07,latest,test:WF3,test:WF3,1,1,test,test,WF3,WF3,0.16790166060169034,0.046528614378734755,0.08294052824562144,0.14234493715290905,0.16425926609581498,0.15768496741294322,0.4166599175098848,0.2242719391169464,0.2819883326348279,0.2617590550231705,0.4106914938089868,0.3660117621732419,0.011334429712345339,0.1542486865995171,0.11137440953336558,0.9115305740267907,0.24062549565856467,37.60077426384106
2026-01-08,latest,test:WF3,test:WF3,1,1,test,test,WF3,WF3,0.16900302814036341,0.04760324102953075,0.08402317716278054,0.14172520264980076,0.17135261293969048,0.16246438985272355,0.4063976119949944,0.2357158452840599,0.28692037529734027,0.26954374171193823,0.4006133614502063,0.36129247552872584,0.01333041550290324,0.14471493929651252,0.10529958215842973,0.9111388308226974,0.2464875670155041,37.708222110877514
2026-01-09,latest,test:WF3,test:WF3,1,1,test,test,WF3,WF3,0.18374729016399385,0.03390469590136619,0.0788574741801545,0.13995926677494094,0.16828933127086565,0.15979031192208826,0.3855581722224735,0.2395758996966677,0.28337058145440946,0.2767086143548751,0.3856072333538357,0.35293764765414753,0.01402665648371657,0.17262283977726484,0.12504398478920037,0.9184727922379143,0.23864778610224274,37.73477552799271
2026-01-12,latest,test:WF3,test:WF3,1,1,test,test,WF3,WF3,0.17399256429020846,0.033543203767965296,0.07567801192463824,0.13811167706949498,0.17523976626080895,0.16410133950341477,0.3995260587050224,0.2668314203785744,0.3066398118765088,0.2736030705208993,0.34851320499241123,0.32604016465095764,0.014766629414374918,0.17587240460024023,0.1275406720444806,0.9210952600793303,0.239779351428053,37.822968530544316
2026-01-13,latest,test:WF3,test:WF3,1,1,test,test,WF3,WF3,0.18389218703466892,0.03411725813600215,0.07904973680560216,0.12938080138528,0.17519127068780221,0.16144812989704554,0.39780628842466675,0.24960413911320334,0.2940647839066423,0.27506928680708753,0.36417994211950744,0.33744674552578147,0.013851436348296903,0.1769073899434849,0.1279906038649285,0.922461442915896,0.24049786670264772,37.87149340695035
2026-01-14,latest,test:WF3,test:WF3,1,1,test,test,WF3,WF3,0.19974363525883249,0.043718149447734306,0.09052579519106377,0.13151677267418355,0.15248268612432514,0.14619291208928267,0.3834060451660793,0.26910575304157375,0.30339584067892544,0.2714298527652607,0.3725201079886894,0.34219303142166085,0.013903694135643803,0.1621733033976775,0.11769242061906739,0.9190838096171103,0.23671870728034644,37.711469386034686
2026-01-15,latest,test:WF3,test:WF3,1,1,test,test,WF3,WF3,0.10642640728546697,0.03577312216574535,0.056969107701661845,0.1327115491868761,0.16775713176547657,0.15724345699189646,0.45878314014498633,0.3058236787218989,0.35171151714882515,0.28723770735089543,0.3211599161831056,0.3109832535334426,0.014841196031775191,0.16948615116377347,0.123092664624174,0.8964208175268441,0.21421256469355832,36.69477173204227
2026-01-16,latest,test:WF3,test:WF3,1,1,test,test,WF3,WF3,0.06370489947055187,0.051212309030586274,0.05496008616257596,0.15158752670473252,0.15847569255518557,0.15640924280004967,0.4433372655709229,0.24984594124492482,0.30789333854272427,0.3236811371299779,0.3706652387076515,0.3565700082343494,0.017689171123814757,0.1698008184616519,0.12416732426030076,0.894139178991093,0.2113693289626256,36.58086605402984
2026-01-19,latest,test:WF3,test:WF3,1,1,test,test,WF3,WF3,0.16947078025218934,0.03978096075784973,0.0786879066061516,0.1331181483238269,0.18594365758702094,0.17009600480806272,0.40705431730645014,0.3156719653421716,0.3430866709314552,0.2758796925893838,0.2962453047883291,0.2901356211286455,0.01447706152814983,0.1623581115246286,0.11799379652568495,0.9193022986922471,0.24878391141421433,37.95823569559047
2026-01-20,latest,test:WF3,test:WF3,1,1,test,test,WF3,WF3,0.16866924389091678,0.045259721051965615,0.08228257790365096,0.13441655721213935,0.18239574031704614,0.1680019853855741,0.4139500808488189,0.29017372495199645,0.3273066317210432,0.27068002908091,0.32972007821456834,0.31200806347447085,0.012284088967214963,0.1524507354644234,0.11040074151526086,0.9179784970958194,0.25028456328922505,37.95515369317998
2026-01-21,latest,test:WF3,test:WF3,1,1,test,test,WF3,WF3,0.13145793461093863,0.04175706143925627,0.06866732339076098,0.15772244448228992,0.14557237235867376,0.1492173939957586,0.4024058063431663,0.32009092313667953,0.3447853880986256,0.29595180001076965,0.3180118896518142,0.3113938627595008,0.012462014552835377,0.17456775341357636,0.12593603175535406,0.9066309533625914,0.21788471738651957,37.023468181795174
2026-01-22,latest,test:WF3,test:WF3,1,1,test,test,WF3,WF3,0.09029853305427787,0.03625119210640532,0.05246539439076709,0.16829639888858938,0.14554854419587362,0.15237290060368838,0.4299177802897731,0.30838047924792095,0.3448416695604766,0.2959786304067082,0.3157283154510261,0.30980340993773076,0.015508657360651308,0.19409146899877402,0.14051662550733723,0.8992299029325298,0.20483829499445547,36.57751347320235
2026-01-23,latest,test:WF3,test:WF3,1,1,test,test,WF3,WF3,0.138122526032114,0.04787622346249687,0.074950114233382,0.12606014155415426,0.1540554584249744,0.14565686336372835,0.4039486515783706,0.2897943267522613,0.3240406242000941,0.31726928575687807,0.3389649365164384,0.33245624128857026,0.014599395078483122,0.16930905484382913,0.12289615691422531,0.9094564623796692,0.22060697759711034,37.14855111143393
2026-01-26,latest,test:WF3,test:WF3,1,1,test,test,WF3,WF3,0.12686912491851174,0.035109515760915685,0.06263739850819451,0.17347119314374806,0.15490053829046932,0.16047173474645296,0.38190798883736105,0.2975552685641248,0.3228610846460957,0.3048836597026984,0.32869338167553763,0.3215504650836859,0.012868033397680856,0.18374129570895253,0.13247931701557106,0.9101041379065697,0.22310913325464748,37.214786112757196
2026-01-27,latest,test:WF3,test:WF3,1,1,test,test,WF3,WF3,0.11601551355518562,0.03124683413865717,0.0566774379636157,0.15171513099082268,0.17697406328318174,0.16939638359547401,0.4064194780448658,0.26910412753673973,0.3102987326891775,0.3128496779657019,0.33573664603660586,0.3288705556153347,0.013000199443423916,0.18693832900481552,0.13475689013639805,0.9086364881121646,0.22607382155908973,37.23738863398591
2026-01-28,latest,test:WF3,test:WF3,1,1,test,test,WF3,WF3,0.12107643746605391,0.03230047883341328,0.058933266423205476,0.1736472825722915,0.17352329640783865,0.17356049225717454,0.3931006911613172,0.2799078937285692,0.31386573295839365,0.29913918785800186,0.3277414461594668,0.3191607686690274,0.013036400942335616,0.18652688487071203,0.13447973969219912,0.9126307269750128,0.23249375868038002,37.465643347982926
2026-01-29,latest,test:WF3,test:WF3,1,1,test,test,WF3,WF3,0.11459038323227559,0.030461872397314578,0.05570042564780288,0.1144660107787559,0.15627855633562637,0.14373479266856523,0.4293274178409974,0.27205997149850253,0.319240205401251,0.32629940103913857,0.3669153102128602,0.3547305374607437,0.015316787108832587,0.17428428955569636,0.12659403882163722,0.8906581561168408,0.19943521831636812,36.25515826924838
2026-01-30,latest,test:WF3,test:WF3,1,1,test,test,WF3,WF3,0.1299519121071467,0.024164292003676285,0.05590057803471742,0.11381926701675865,0.13730167282653047,0.13025695108359894,0.4225843974208829,0.2653470395711647,0.31251824692608016,0.31693383605058767,0.39659067973831474,0.3726936266319966,0.01671058740462411,0.17659631586031388,0.12863059732360696,0.8834486623867929,0.18615752911831637,35.80936714203615
2026-02-02,latest,test:WF3,test:WF3,1,1,test,test,WF3,WF3,0.14696396798837202,0.023079137055469545,0.06024458633534029,0.129226998186872,0.14963879963758564,0.14351525920237157,0.4021173893602143,0.2643894665514522,0.30570784339408086,0.301220633855929,0.3570714328190594,0.3403161931301203,0.020471010608612717,0.2058211639364332,0.1502161179380871,0.9082299787797262,0.20375984553771187,36.78094638024739
2026-02-03,latest,test:WF3,test:WF3,1,1,test,test,WF3,WF3,0.08062120567158375,0.015181297885718576,0.03481327022147813,0.12819137320712778,0.21014999093554254,0.18556240561701812,0.4287570729708173,0.22964813418684912,0.28938081582203956,0.3395400450294607,0.2987570070487975,0.31099191844299645,0.022890303121010442,0.24626356994309223,0.1792515898964677,0.9069295988850485,0.22037567583849624,37.080753488896136
2026-02-04,latest,test:WF3,test:WF3,1,1,test,test,WF3,WF3,0.09133752772976603,0.01354447977045455,0.03688239415824799,0.13497273034776008,0.19253463924406272,0.17526606657517194,0.429123387058688,0.23642286079763694,0.29423301867595225,0.3228394029585129,0.3280654917437267,0.3264976651081625,0.021726951905272917,0.22943252844411915,0.16712085548246527,0.9017648480664221,0.21214846073341992,36.78709041632895
2026-02-05,latest,test:WF3,test:WF3,1,1,test,test,WF3,WF3,0.072438289699503,0.01626854204331251,0.033119466340169657,0.14865610619341013,0.16283387995629492,0.15858054782742947,0.46112155439533015,0.23023449898809306,0.2995006156102642,0.2956044840127749,0.3260472006942249,0.31691438568978986,0.02217956569898188,0.2646158783180747,0.19188498453234684,0.8990234217075209,0.19170001416759913,36.309585826040006
2026-02-06,latest,test:WF3,test:WF3,1,1,test,test,WF3,WF3,0.08391402508032393,0.01821151007675366,0.037922264577824744,0.12909357788527814,0.1694246944913357,0.15732535950951843,0.4195078340413561,0.18382094442351773,0.25452701130886923,0.34120909727785825,0.37696415902534675,0.3662376405011002,0.02627546571518353,0.2515786919830461,0.18398772410268732,0.8963882519809043,0.19524762408734317,36.31465878126947
2026-02-09,latest,test:WF3,test:WF3,1,1,test,test,WF3,WF3,0.0799546972691524,0.01723782646493005,0.03605288770619676,0.1238064006086507,0.1536736711762064,0.1447134900059397,0.42513102297515115,0.22403901830864176,0.28436661970859456,0.35155613222078924,0.34433105207559567,0.34649857611915375,0.019551746926256584,0.26071843197462624,0.1883684264601153,0.8939857339140186,0.18076637771213644,35.96497090209319
2026-02-10,latest,test:WF3,test:WF3,1,1,test,test,WF3,WF3,0.144311063266385,0.02287809897281061,0.059307988260882925,0.1436767810878575,0.1993358686601885,0.18263814238848922,0.40903280514086593,0.2792679509117816,0.31819740718050693,0.2861983535267801,0.2908629738618127,0.28946358776130293,0.016780996978111463,0.2076551075934066,0.1503928744088181,0.9234366172294644,0.24194613064937215,37.92483804372405
2026-02-11,latest,test:WF3,test:WF3,1,1,test,test,WF3,WF3,0.17268482161726592,0.0213483983146564,0.06674932530543926,0.13247640565140315,0.16760523586125026,0.15706658679829613,0.38922433490959424,0.35561858514293254,0.365700310072931,0.2913281729937825,0.2671149423114688,0.27437891151616295,0.014286264827954157,0.1883128383696921,0.1361048663071707,0.9106108636630185,0.2238159121037354,37.24158983365017
2026-02-23,latest,test:WF3,test:WF3,1,1,test,test,WF3,WF3,0.20937844109505657,0.025720601616468424,0.08081795346004488,0.12557870343420738,0.17044268711242788,0.15698349200896175,0.3682972187017118,0.38218804406042106,0.3780207964528083,0.2846769889433216,0.2546903418206632,0.26368633595746077,0.012068647825702711,0.16695832539001948,0.12049142212072445,0.9122375285763932,0.2378014454690066,37.561967123789955
2026-02-24,latest,test:WF3,test:WF3,1,1,test,test,WF3,WF3,0.21543727869919302,0.01571224328046955,0.07562975390608659,0.12866870920360665,0.21382211934080533,0.1882760962996457,0.364444214107921,0.3179103773452183,0.3318705283740291,0.27606021405746195,0.2540014833801553,0.2606191025833473,0.015389583931817493,0.19855377665335144,0.14360451883689127,0.9350239574986319,0.2639058502057323,38.653715941580444
2026-02-25,latest,test:WF3,test:WF3,1,1,test,test,WF3,WF3,0.16572654861661804,0.015895988459428214,0.06084515650658516,0.12900629562878324,0.20989072965834926,0.18562539944947948,0.4119766102147054,0.33067457853358667,0.35506518803792225,0.27882124099755384,0.27067002594910083,0.27311539046363675,0.01446930454233957,0.172868677399535,0.12534886554237637,0.9104761129234143,0.24647055595606465,37.691313942206655
2026-02-26,latest,test:WF3,test:WF3,1,1,test,test,WF3,WF3,0.1618772083356946,0.018867658346421918,0.06177052334320373,0.15352357602112643,0.16598993886579744,0.16225003001239616,0.38502754967555575,0.45231314183648164,0.43212746418820386,0.28796083027861086,0.2097913834056109,0.2332422174675109,0.011610835689012285,0.15303787754568812,0.11060976498868538,0.8777537942868956,0.2240205533555999,36.42425592428439
2026-03-02,latest,test:WF3,test:WF3,1,1,test,test,WF3,WF3,0.10723616963256317,0.016079936234182184,0.04342680625369648,0.12193169603285291,0.16194679791941616,0.14994226735344718,0.4535240435652725,0.34708804814611016,0.3790188467718588,0.3009956560488247,0.29029784739351316,0.2935071899901066,0.016312434720486668,0.18458737030677835,0.13410488963089084,0.8808515369504265,0.19336907360714367,35.88866989590353
2026-03-03,latest,test:WF3,test:WF3,1,1,test,test,WF3,WF3,0.10540749052392559,0.016178294996848933,0.042947053654971916,0.11641171893810151,0.18366654386564255,0.1634900963873802,0.44895029778970874,0.30341302145521803,0.34707420435556513,0.3091077954975173,0.27848490442516705,0.2876717717468721,0.020122697250746936,0.21825723525712357,0.15881687385521054,0.9004341740450288,0.20643715004235214,36.63959735197276
2026-03-04,latest,test:WF3,test:WF3,1,1,test,test,WF3,WF3,0.06865214942281422,0.012176608116538723,0.02911927050842137,0.12689615138859617,0.20156136300095415,0.17916179951724673,0.44629288752414537,0.2878529410152622,0.33538492496792716,0.3315611618168212,0.21541524475791657,0.25025901987558796,0.02659764984762305,0.28299384310932835,0.20607498513081676,0.9006938850936187,0.2082810700256681,36.68296852785383
2026-03-05,latest,test:WF3,test:WF3,1,1,test,test,WF3,WF3,0.07385979706686162,0.009156549207857962,0.028567523565559062,0.11625240734381784,0.22520787868961906,0.19252123728587872,0.38111764430924927,0.25941795264512757,0.29592786014436406,0.3886505639882671,0.16678737498708146,0.23334633168743715,0.040119587291804336,0.33943024447031384,0.249637047316761,0.9103172287595939,0.22108876085143778,37.17970593601861
2026-03-06,latest,test:WF3,test:WF3,1,1,test,test,WF3,WF3,0.06587586338095523,0.008596112233146866,0.025780037577489378,0.12314240677353121,0.23850433338677693,0.20389575540280325,0.4127696714080299,0.21156409434655465,0.27192576746499725,0.3715168396801956,0.210020041415822,0.25846908089513415,0.02669521875728807,0.3313154186176995,0.23992935865957604,0.9101446818011387,0.22967579298029261,37.34713290463432
2026-03-09,latest,test:WF3,test:WF3,1,1,test,test,WF3,WF3,0.07231270277836277,0.010685997844798026,0.029174009324867453,0.1304522045978208,0.24899186697213077,0.2134299682598378,0.43011353089631366,0.15892325626415868,0.24028033865380516,0.3388729863231466,0.24719545926542977,0.2746987173827448,0.02824857540435615,0.3342034196534828,0.24241696637874482,0.9157448468832993,0.24260397758470525,37.74570072377659
2026-03-10,latest,test:WF3,test:WF3,1,1,test,test,WF3,WF3,0.049738224644793716,0.011175170648109162,0.022744086847114528,0.10052477540072591,0.2395015209615782,0.1978084972933225,0.36205296574775414,0.19948087531573855,0.2482525024453432,0.4315149893471704,0.21123788582381073,0.2773210168808186,0.056169044859555844,0.33860454725076344,0.25387389653340114,0.9047941079819409,0.22055258414043705,37.030904382357264
2026-03-11,latest,test:WF3,test:WF3,1,1,test,test,WF3,WF3,0.05273404778726778,0.011930562210089158,0.024171607883242744,0.12424944063600916,0.25521140162052675,0.2159228133251715,0.42514336397752456,0.12704123112216717,0.2164718709787744,0.364497370993215,0.3163908544611021,0.330822809420736,0.03337577660598358,0.28942595058611476,0.21261089839207542,0.8992897441132,0.24009442120841423,37.28413202699828
2026-03-12,latest,test:WF3,test:WF3,1,1,test,test,WF3,WF3,0.08106415513624252,0.014247045569490505,0.03429217843951612,0.15970836425601764,0.27565468434630497,0.2408707883192188,0.41093258606708116,0.14680573100478347,0.2260437875234728,0.3286693203472419,0.3097613077336902,0.31543371151775573,0.019625574193416838,0.2535312313457308,0.18335953420003664,0.9131491346969176,0.2751629667587349,38.33198770259764
2026-03-13,latest,test:WF3,test:WF3,1,1,test,test,WF3,WF3,0.06931155649320897,0.015229612572013692,0.03145419574837228,0.14136801115651246,0.24135039466841443,0.2113556796148439,0.41032633346601605,0.14435135483643394,0.2241438484253086,0.35509553217234746,0.3180131138680221,0.32913783935931973,0.023898566711914992,0.28105552405511575,0.20390843685215557,0.9086986272332964,0.24280987536321616,37.57366318809674
2026-03-16,latest,test:WF3,test:WF3,1,1,test,test,WF3,WF3,0.06860217438251266,0.014193119768256192,0.03051583615253313,0.16259500376186534,0.2310857254498709,0.21053850894346923,0.40034500813514445,0.15356599799867526,0.22759970103961602,0.3389912976118109,0.314419221533968,0.32179084435732086,0.029466516108666574,0.28673593524922963,0.20955510950706072,0.9094839164806559,0.24105434509600238,37.55818481393644
2026-03-17,latest,test:WF3,test:WF3,1,1,test,test,WF3,WF3,0.08346842951603793,0.014448268582331295,0.03515431686244328,0.17252760406043258,0.23915119164324694,0.21916411536840263,0.37320417030931785,0.17669068270751298,0.23564472898805444,0.33692100753101556,0.31370183841523946,0.3206675891499723,0.033878788583196144,0.2560080186516693,0.1893692496311273,0.9138682025715985,0.25431843223084594,37.93307370890688
2026-03-18,latest,test:WF3,test:WF3,1,1,test,test,WF3,WF3,0.045317292945206186,0.019221072036575797,0.02704993830916491,0.176197121343696,0.27208034568528106,0.24331537838280554,0.40178385942940165,0.14932969424833836,0.22506594380265732,0.3531021936468378,0.33577316417441305,0.34097187301614046,0.02359953263485847,0.22359572385539175,0.16359686648923177,0.8948752826125581,0.27036531669197045,37.77918839915336
2026-03-19,latest,test:WF3,test:WF3,1,1,test,test,WF3,WF3,0.12250778755834685,0.020576537006609132,0.05115591217213044,0.14940813886109336,0.27552407671211276,0.23768929535680694,0.38274687397656265,0.1527124941215748,0.22172280807807115,0.3260657262706881,0.3209811883442117,0.3225065497221546,0.01927147333330907,0.23020570381549169,0.1669254346708369,0.9266384954266642,0.2888452075289374,38.94286653624535
2026-03-20,latest,test:WF3,test:WF3,1,1,test,test,WF3,WF3,0.0415598698571893,0.018699196658346427,0.025557398617999286,0.13272089353415398,0.24927845272566623,0.21431118496821253,0.39674643962998163,0.17527462216142495,0.24171616740199195,0.3953228127899772,0.27267182234773785,0.30946711948040967,0.033649984188697885,0.28407590610682465,0.2089481295313866,0.9053951240863458,0.23986858358621183,37.43224977388288
2026-03-23,latest,test:WF3,test:WF3,1,1,test,test,WF3,WF3,0.04948257798300211,0.016642749049013653,0.02649469772921019,0.12394661021658802,0.2745156678352339,0.2293449505496401,0.3853669041888351,0.14878856988516942,0.21976207017626911,0.40402275295839674,0.28607580123091897,0.32145988674916226,0.03718115465317808,0.27397721199966407,0.20293839479571826,0.9042758463111398,0.2558396482788503,37.7236891233555
2026-03-24,latest,test:WF3,test:WF3,1,1,test,test,WF3,WF3,0.028362364467809344,0.011739975643471167,0.01672669229077262,0.10054956451414884,0.2430942490949586,0.20033084372071566,0.38892742617946247,0.14109054994486617,0.21544161281524504,0.4176417027550684,0.23296555328172047,0.28836839812372483,0.06451894208351096,0.3711096720349836,0.27913245304954176,0.8922454665719671,0.21705753601148828,36.647287384528944
2026-03-25,latest,test:WF3,test:WF3,1,1,test,test,WF3,WF3,0.04179768285628558,0.013575654802850898,0.022042263218881305,0.10415423595384908,0.24110371835778338,0.20001887363660306,0.387163194528036,0.1273990365478903,0.20532828394193403,0.41919286876625494,0.20981184117683804,0.2726261494536631,0.04769201789557433,0.4081097491146373,0.2999844297489184,0.8987973567946809,0.22206113685548437,36.91115665697671
2024-11-27,earliest,validation:WF2,validation:WF2,3,3,validation,validation,WF2,WF2,0.002600064721287803,0.035075980384554235,0.025333205685574307,0.07201416949577955,0.09961784828880096,0.09133674465089453,0.40993017306680457,0.19899752635704884,0.26227732036997553,0.4404602395188233,0.47350179697954076,0.4635893297413255,0.0749953531973048,0.19280684799005532,0.15746339955223015,0.8140672372627369,0.11666995033646883,32.6850799382978
2024-11-28,earliest,validation:WF2,validation:WF2,3,3,validation,validation,WF2,WF2,0.0009831989948160507,0.039215930399199406,0.0277461109778844,0.07646600310238737,0.09841471832122843,0.09183010375557611,0.2682991030342688,0.18830981204426112,0.21230659934126342,0.4732226834154602,0.25517505517425737,0.3205893436466182,0.18102901145306763,0.4188844840610537,0.34752784227865785,0.857291035357931,0.11957621473346051,33.82380017861748
2024-11-29,earliest,validation:WF2,validation:WF2,3,3,validation,validation,WF2,WF2,0.00636707262646043,0.036991807739499886,0.02780438720558805,0.09520458810824,0.09710809227459041,0.09653704102468529,0.3938101695143975,0.40743719536059436,0.4033490876067353,0.4252813719553287,0.25964306018028105,0.3093345537127954,0.07933679779557336,0.19881984444503442,0.16297493045019612,0.8388856993923405,0.12434142823027333,33.458971049413975
2024-12-02,earliest,validation:WF2,validation:WF2,3,3,validation,validation,WF2,WF2,0.006645737324185899,0.0385106777933551,0.028951195652604338,0.09132255395967552,0.31838360455942694,0.2502652893795015,0.40455426128882116,0.18926411609234955,0.253851159651291,0.4454551044250384,0.24024250357711197,0.3018062838314899,0.05202234300227907,0.21359909797775653,0.1651260714851133,0.9047950701522958,0.27921648503210583,38.20420645444951
2024-12-03,earliest,validation:WF2,validation:WF2,3,3,validation,validation,WF2,WF2,0.009490661123466587,0.03626405266615494,0.02823203520334843,0.11471969050127585,0.10623342649753321,0.108779305698656,0.3920753571011971,0.2260996007707008,0.27589232766984967,0.4379402523256886,0.4157288052036466,0.42239223934025916,0.0457740389483719,0.21567411486196458,0.16470409208788678,0.8440202723611087,0.13701134090200442,33.840733627067806
2024-12-04,earliest,validation:WF2,validation:WF2,3,3,validation,validation,WF2,WF2,0.012399348697549344,0.028777843741132604,0.023864295228057622,0.11810869422357645,0.09363725184183955,0.10097868455636061,0.41353706748164293,0.3765960009573563,0.38767832091464227,0.4220569352800386,0.2416029643873917,0.29573915565518577,0.03389795431719275,0.2593859390722799,0.19173954364575374,0.8481217189025997,0.12484297978441823,33.69990256825336
2024-12-05,earliest,validation:WF2,validation:WF2,3,3,validation,validation,WF2,WF2,0.010989564550157094,0.026837582858843436,0.022083177366237532,0.1054560879991982,0.32166480662875463,0.2568021910398877,0.43205079611077446,0.14981348359129731,0.23448467734714046,0.41848115868406344,0.2552162471106647,0.3041957205826843,0.0330223926558068,0.24646787981043997,0.18243423366405,0.8983294553424508,0.27888536840612527,38.035943751683774
2024-12-06,earliest,validation:WF2,validation:WF2,3,3,validation,validation,WF2,WF2,0.010831474858054746,0.027547233735885225,0.02253250607253608,0.13059355610239665,0.09720948035364119,0.10722470307826781,0.40197518239860297,0.15244038984825833,0.22730082761336173,0.4184695789780092,0.5030576998963437,0.4776812636208434,0.03813020766293653,0.21974519616587151,0.16526069961499099,0.8152171081610697,0.12975720915080388,32.975571887042825
2024-12-09,earliest,validation:WF2,validation:WF2,3,3,validation,validation,WF2,WF2,0.003977992042068297,0.026896555786232117,0.020020986662982968,0.1437768493905245,0.09730583739849331,0.11124714099610267,0.41201290242449595,0.3678621885563784,0.3811074027168137,0.4061019883852639,0.2639056813954508,0.3065645734923947,0.03413026775764748,0.24402973686344545,0.18105989613170603,0.8463343369020306,0.13126812765908563,33.78372097573248
2024-12-10,earliest,validation:WF2,validation:WF2,3,3,validation,validation,WF2,WF2,0.006944798453637342,0.02902423516360795,0.022400404150616764,0.12360426807617256,0.09813259688045226,0.10577409823916833,0.4271445771851218,0.15281365809929556,0.23511293382504342,0.41191989533529444,0.4883396962292351,0.4654137559610529,0.030386460949774034,0.23168981362740923,0.17129880782411866,0.8209515667426865,0.1281745023897851,33.087279216362866
2024-12-11,earliest,validation:WF2,validation:WF2,3,3,validation,validation,WF2,WF2,0.006353899599894452,0.2483243874816931,0.1757332411171535,0.125005883325296,0.09515741432371966,0.10411195502419256,0.43635649004399696,0.1509578827764315,0.23657746495670112,0.3948114638173875,0.28218553672420466,0.3159733148521595,0.03747226321342512,0.22337477869395117,0.16760402404979333,0.9602817837170318,0.27984519614134606,39.60394851575272
2024-12-12,earliest,validation:WF2,validation:WF2,3,3,validation,validation,WF2,WF2,0.006738607148250787,0.24841077708467618,0.17590912610374856,0.11331686085088238,0.10317432327407916,0.10621708454712013,0.4385974617902353,0.15765175485967775,0.24193546693884502,0.403525088879688,0.2965246077465161,0.32862475208646774,0.037821981330943534,0.19423853703505087,0.1473135703238187,0.9537659352803716,0.2821262106508687,39.48667259502666
2024-12-13,earliest,validation:WF2,validation:WF2,3,3,validation,validation,WF2,WF2,0.00978506457814968,0.028401505956100116,0.022816573542714984,0.11313910537329805,0.09636431582014485,0.1013967526860908,0.4774066069746461,0.15547716974857406,0.2520560009163957,0.3767875492768119,0.3268566577029265,0.3418359251750921,0.02288167379709437,0.3929003507722546,0.2818947476797065,0.8633800306873481,0.12421332622880579,34.068767291759826
2024-12-16,earliest,validation:WF2,validation:WF2,3,3,validation,validation,WF2,WF2,0.007006098145545497,0.02574445390964888,0.02012294718041787,0.108732111740803,0.3144484810951826,0.2527335702888688,0.4732509122780596,0.1710132220183829,0.261684529096286,0.3809515907757164,0.27845506396133274,0.3092040220056479,0.03005928705987544,0.2103387790154528,0.15625493142877964,0.8885160126704602,0.27285651746928663,37.670030666147234
2024-12-17,earliest,validation:WF2,validation:WF2,3,3,validation,validation,WF2,WF2,0.005534967909651328,0.24782133658010297,0.1751354259789675,0.10286338007051633,0.09435981424777273,0.09691088399459583,0.48791012728566163,0.17674563258340312,0.27009498099408075,0.37415462231997826,0.2663230185986872,0.29867249971507454,0.02953690241419254,0.2147501979900339,0.1591862093172815,0.9558042236688261,0.2720463099735633,39.336031791191914
2024-12-18,earliest,validation:WF2,validation:WF2,3,3,validation,validation,WF2,WF2,0.006213367546607277,0.02652175537398329,0.020429239025770488,0.11429951219577,0.09515636001562387,0.10089930566966773,0.4852811029966122,0.18739277968533766,0.2767592766787201,0.37623509929131316,0.2731356633795276,0.30406549415306333,0.017970917969697235,0.4177934415455275,0.29784668447277846,0.8631443504039109,0.12132854469543822,34.00517965400653
2024-12-19,earliest,validation:WF2,validation:WF2,3,3,validation,validation,WF2,WF2,0.0011539254484692833,0.034797908897296115,0.024704713862648067,0.29423313590869604,0.10365273352618012,0.16082685424093493,0.43369728254996387,0.2215462808072545,0.28519158133006733,0.25499450932356854,0.289349051932558,0.2790426891498612,0.015921146769302345,0.35065402483671126,0.25023416141648863,0.8984233639201222,0.185531568103583,36.17121546007471
2024-12-20,earliest,validation:WF2,validation:WF2,3,3,validation,validation,WF2,WF2,0.012198303293835616,0.04099803523374977,0.03235811565177552,0.12777168876818298,0.10127623890099838,0.10922487386115376,0.4245630166800806,0.2270744504377778,0.28632102031046863,0.41806302900132253,0.28090953276933944,0.32205558163893433,0.017403962256578323,0.34974174265813474,0.2500404085376678,0.8838191528207859,0.14158298951292927,34.927138610778236
2024-12-23,earliest,validation:WF2,validation:WF2,3,3,validation,validation,WF2,WF2,0.004229542817850846,0.2602015530197223,0.18340994995916088,0.07819245437984981,0.10289439670861872,0.09548381400998804,0.35373056710602885,0.2008569706392047,0.24671904957925195,0.5107515496845879,0.27920716576448884,0.34867048094051856,0.05309588601168259,0.15683991386796559,0.12571670551108066,0.9374059043746628,0.2788937639691489,39.013022888749546
2024-12-24,earliest,validation:WF2,validation:WF2,3,3,validation,validation,WF2,WF2,0.008303187883423583,0.04446386886870024,0.033615664573117245,0.12353381699967879,0.10985215840324944,0.11395665598217825,0.4050450558740779,0.4814383837358593,0.45852038537732487,0.43776246975273814,0.22279869498405763,0.28728782741466174,0.02535546949008169,0.14144689400813354,0.10661946665271797,0.8177267264570933,0.14757232055529548,33.39461457253324
2024-12-25,earliest,validation:WF2,validation:WF2,3,3,validation,validation,WF2,WF2,0.00870281342773206,0.04149938261239598,0.0316604118569968,0.13556413054527314,0.10371586365154356,0.11327034371966244,0.4762399730483966,0.49386175412917366,0.48857521980494045,0.3655445219446836,0.23219555477783485,0.27220024492788947,0.01394856103391457,0.12872744482905202,0.09429377969051078,0.7970565092844156,0.14493075557665924,32.825027843643575
2024-12-26,earliest,validation:WF2,validation:WF2,3,3,validation,validation,WF2,WF2,0.014648112961815635,0.04058888612491395,0.032806654175984454,0.13750431951027992,0.09088453751206411,0.10487047211152885,0.4889458590741078,0.47444992207881953,0.478798703177406,0.3471964191319892,0.26392297867636527,0.2889050108130524,0.011705289321807519,0.13015367560783725,0.09461915972202833,0.7971955642566158,0.1376771262875133,32.683431632165664
2024-12-27,earliest,validation:WF2,validation:WF2,3,3,validation,validation,WF2,WF2,0.012087383205207178,0.04073946365795097,0.03214383952212783,0.14190909594923248,0.3149035873464363,0.26300523992727515,0.492841746968121,0.25366348015041795,0.32541696019572885,0.3415562582087515,0.2597661697639136,0.28430319629736495,0.011605515668687784,0.13092729908128137,0.09513076405750329,0.8751233150127651,0.295149079449403,37.781064464307185
2024-12-30,earliest,validation:WF2,validation:WF2,3,3,validation,validation,WF2,WF2,0.01752187616979747,0.044169108811914166,0.03617493901927916,0.16481853456524936,0.10090419743501969,0.12007849857408859,0.4940745867029013,0.24710624227080244,0.3211967456004321,0.3150377325300026,0.26838105457931655,0.28237805796452237,0.008547270032049244,0.3394393969029473,0.24017175884167785,0.8941211620772737,0.15625343759336774,35.4780978037992
2024-12-31,earliest,validation:WF2,validation:WF2,3,3,validation,validation,WF2,WF2,0.01964287873322588,0.04052847748671183,0.03426279786066605,0.18139110425286126,0.09407657612628134,0.12027093456425532,0.48295107037768,0.4594144644413394,0.4664754462222416,0.3067359105467863,0.25984309328966626,0.2739109384668023,0.009279036089446687,0.14613738865600107,0.10507988288603477,0.8186013561765754,0.15453373242492136,33.55570855291281
2025-01-02,earliest,validation:WF2,validation:WF2,3,3,validation,validation,WF2,WF2,0.02437317545808847,0.037281370578565245,0.03340891204242221,0.1449915880222794,0.09326301676580967,0.10878158814275059,0.4519722512440143,0.22544160150129203,0.2934007964241087,0.36246809945458036,0.4791728359647067,0.4441614150116688,0.016194885821037557,0.16484117518962646,0.12024728837904979,0.8262667675080876,0.1421905001851728,33.500479191405645
2025-01-03,earliest,validation:WF2,validation:WF2,3,3,validation,validation,WF2,WF2,0.009549054587229986,0.03231389894610266,0.025484445638440857,0.07912703036364309,0.08969060931067523,0.08652153562656557,0.3861443719536613,0.22816751173476504,0.2755605698004339,0.4346819324861953,0.4785515228047922,0.46539064570921307,0.0904976106092703,0.17127645720366497,0.14704280322534655,0.8066825420204264,0.11200598126500644,32.407183175810786
2025-01-06,earliest,validation:WF2,validation:WF2,3,3,validation,validation,WF2,WF2,0.008578856268567591,0.028260618069699067,0.02235608952935962,0.07319571281990443,0.09276604191422277,0.08689494318592726,0.4299480293311901,0.22906980303371582,0.2893332709229581,0.44852957978620783,0.47613162132524744,0.46785100886353553,0.039747821794130084,0.17377191565711494,0.13356468749821948,0.7955272184773572,0.10925103271528688,32.073201116239666
2025-01-07,earliest,validation:WF2,validation:WF2,3,3,validation,validation,WF2,WF2,0.006157272899262345,0.025992618828396118,0.020042015049655984,0.11158736436899615,0.09669709107695121,0.10116417306456468,0.5048406793623885,0.30097724579093865,0.3621362758623736,0.36229323718636874,0.425166225260727,0.4063043288384195,0.015121446182984366,0.15116681904298698,0.1103532071849862,0.7997391865301583,0.12120618811422067,32.417603425538374
2025-01-08,earliest,validation:WF2,validation:WF2,3,3,validation,validation,WF2,WF2,0.004774240108812196,0.027570861016823715,0.020731874744420262,0.08882095966590894,0.09839085906479494,0.09551988924512915,0.5200645323551318,0.27680120577202905,0.3497802037469599,0.3723305328371187,0.4479882825359629,0.42529095762630964,0.014009735033028443,0.14924879161038948,0.10867707463718118,0.7933932672976259,0.11625176398954941,32.15986696223163
2025-01-09,earliest,validation:WF2,validation:WF2,3,3,validation,validation,WF2,WF2,0.007046462808389182,0.027529257498404423,0.021384419091399848,0.07114088178461209,0.0930006430010134,0.086442714636093,0.5323145321163542,0.2710638473013992,0.3494390527458857,0.37254109972549,0.2283702837751917,0.2716215285602812,0.016957023565154508,0.3800359684239914,0.2711122849663403,0.8506996811718723,0.10782713372749285,33.424034703846665
2025-01-10,earliest,validation:WF2,validation:WF2,3,3,validation,validation,WF2,WF2,0.008996307385011587,0.02878892518098934,0.022851139842196014,0.06842361459261552,0.3163731097898979,0.24198826123071318,0.5216168327596036,0.23045911903224822,0.3178064331504548,0.3816224677511469,0.25893679125055896,0.2957424942007353,0.01934077751162232,0.16544205474630566,0.12161167157590065,0.8764070717953603,0.2648394010729092,37.20696481634219
2025-01-13,earliest,validation:WF2,validation:WF2,3,3,validation,validation,WF2,WF2,0.012341920910669213,0.030017573062920567,0.024714877417245165,0.058911788507711914,0.09846064593020576,0.08659598870345762,0.493542280156011,0.45081152438532424,0.4636307511165303,0.4103497870098713,0.23296458941390197,0.2861801486926928,0.024854223415736537,0.1877456672076473,0.1388782340700741,0.802706149676021,0.11131086612070279,32.29387106431459
2025-01-14,earliest,validation:WF2,validation:WF2,3,3,validation,validation,WF2,WF2,0.003933045466347206,0.03063714899779048,0.022625917938357498,0.04999901881679973,0.09262445685607101,0.07983682544428963,0.44443864304995057,0.18993879722140283,0.2662887509699672,0.4556769679928619,0.46547056577038437,0.4625324864371276,0.045952324674040625,0.22132903115435135,0.16871601921025814,0.8057125895868098,0.10246274338264713,32.192069607323184
2025-01-15,earliest,validation:WF2,validation:WF2,3,3,validation,validation,WF2,WF2,0.013533546998951443,0.25188612360927976,0.18038035062618124,0.039967176330649626,0.09573414935200451,0.07900405744559805,0.46228181689134007,0.19888869515259114,0.2779066316742158,0.4441458404535962,0.23871681143234788,0.30034552013872234,0.04007161932546269,0.2147742204537767,0.1623634401152825,0.9455129470021738,0.2593844080717793,38.82551183648993
2025-01-16,earliest,validation:WF2,validation:WF2,3,3,validation,validation,WF2,WF2,0.004435918998477942,0.03136637443565099,0.023287237804499074,0.05385559998603873,0.09155020192887504,0.08024182134602414,0.43884163803314696,0.195469222760965,0.2684809473426196,0.45676881210819426,0.47275907592504524,0.4679619967799899,0.04609803087414212,0.20885512494946376,0.16002799672686727,0.8025292581550124,0.10352905915052321,32.13381263688577
2025-01-17,earliest,validation:WF2,validation:WF2,3,3,validation,validation,WF2,WF2,0.0043243494663241806,0.033802069703667864,0.024958753632464765,0.05950543583542196,0.11253701846373634,0.09662754367524204,0.42401189684210383,0.22116069673123223,0.2820160567644937,0.4591482744973619,0.23329238667588417,0.3010491530223275,0.05301004335878815,0.39920782842547925,0.295348492905472,0.8676963537985083,0.1215862973077068,34.124134791116845
2025-01-20,earliest,validation:WF2,validation:WF2,3,3,validation,validation,WF2,WF2,0.006584805757644118,0.0342861781706533,0.025975766446750544,0.06979897957262313,0.11368668404021809,0.10052037269993962,0.4706489483479809,0.4411222127361193,0.4499802334196778,0.4161833754696276,0.24535589596190294,0.29660413981422035,0.03678389085212425,0.16554902909110644,0.1269194876194118,0.8124337809505062,0.12649613914669017,32.840767306696456
2025-01-21,earliest,validation:WF2,validation:WF2,3,3,validation,validation,WF2,WF2,0.010211781248764679,0.028321458533049647,0.022888555347764156,0.12221960509820715,0.11457315008059538,0.11686708658587891,0.5368498130252815,0.25895149066157536,0.34232098737068717,0.3172148969213603,0.45424213206891945,0.41313396152465165,0.01350390370638641,0.1439117686558603,0.10478940917101813,0.8113960275658323,0.13975564193364307,33.080013527818664
2025-01-22,earliest,validation:WF2,validation:WF2,3,3,validation,validation,WF2,WF2,0.009176510706007649,0.02928139215423711,0.02324992771976827,0.10036444120776858,0.10415762962249765,0.10301967309807893,0.519118939299022,0.43880119161216324,0.46289651591822084,0.3432316132220731,0.274233315442954,0.2949328047766897,0.028108495565128733,0.15352647116814805,0.11590107848724225,0.8002988386209257,0.1262696008178472,32.532862981880086
2025-02-03,earliest,validation:WF2,validation:WF2,3,3,validation,validation,WF2,WF2,0.006383031216230305,0.02660089556325112,0.020535536259144876,0.10753102879456748,0.12351758998872364,0.1187216216304768,0.5244598327091481,0.211883799527497,0.30565660948199236,0.34740271922906407,0.49054758900033807,0.44760412806895583,0.014223388050990103,0.1474501259201902,0.10748210455943016,0.8043891465252576,0.13925715788962167,32.894871820923875
2025-02-04,earliest,validation:WF2,validation:WF2,3,3,validation,validation,WF2,WF2,0.0035613127431395044,0.03643692236383357,0.02657423947762535,0.04310851607475809,0.09765488994803251,0.08129097778605018,0.4331404914858512,0.23121753373898232,0.291794421063043,0.47676244034733084,0.46401694143019323,0.4678405911053345,0.043427239348920406,0.17067371251895846,0.13249977056794704,0.7971843060767079,0.10786521726367554,32.08691199719121
2025-02-05,earliest,validation:WF2,validation:WF2,3,3,validation,validation,WF2,WF2,0.025239404669499983,0.03463858154697694,0.03181882848373385,0.06316022142011954,0.10266843019499032,0.09081596756252908,0.4410876775223382,0.2352858773198743,0.2970264173806134,0.43780425895665154,0.46862123954005086,0.459376145365031,0.03270843743139074,0.15878587139810768,0.1209626412080926,0.808344870555123,0.12263479604626293,32.661317684803336
2025-02-06,earliest,validation:WF2,validation:WF2,3,3,validation,validation,WF2,WF2,0.011395424817273797,0.03133603821742944,0.025353854197382748,0.05844144005908317,0.12356932176222776,0.10403095725128439,0.4089066049614929,0.2572742237540165,0.30276393811625946,0.4783538473145925,0.41225903292809923,0.4320874772440472,0.04290268284755765,0.175561383338227,0.1357637731910262,0.8226584036567949,0.12938481144866715,33.15415632039321
2025-02-07,earliest,validation:WF2,validation:WF2,3,3,validation,validation,WF2,WF2,0.01088064421458644,0.03185454565462556,0.025562375222613825,0.05817532282281418,0.11943038234484939,0.10105386448823882,0.3933283390411789,0.24807166153793203,0.29164866478890605,0.4870209457087339,0.23403956787967328,0.30993398122839144,0.05059474821268661,0.3666038425829198,0.2718011142718498,0.8710191326396645,0.12661623971085265,34.30780311020867
2025-02-10,earliest,validation:WF2,validation:WF2,3,3,validation,validation,WF2,WF2,0.014230377617805958,0.036089352866798145,0.029531660292100487,0.07790941396546963,0.11396156982202808,0.10314592306506054,0.45338294918690153,0.2620757217731437,0.31946788999727105,0.42445805352488464,0.21669336125396962,0.2790227689352441,0.030019205704938327,0.3711799942840605,0.2688317577103238,0.8774422754220709,0.13267758335716104,34.58960855269499
2025-02-11,earliest,validation:WF2,validation:WF2,3,3,validation,validation,WF2,WF2,0.01185706545858614,0.035459811337773164,0.028378987574017054,0.10593483373821516,0.10892181698644113,0.10802572201197333,0.4356503074403795,0.47556589533605836,0.46359121896735467,0.41832194294482283,0.2401410756144114,0.2935953358135348,0.02823585041799647,0.13991140072531605,0.10640873563312017,0.8053100638557288,0.13640470958599038,32.860845788113025
2025-02-12,earliest,validation:WF2,validation:WF2,3,3,validation,validation,WF2,WF2,0.013737218977851223,0.03982042674205072,0.031995464412790865,0.10947626593913024,0.10494610936770425,0.10630515633913204,0.42827316218703676,0.25488535702420206,0.3069016985730525,0.4237610335093531,0.45204486938557414,0.4435597186227078,0.02475231938662851,0.14830323748046886,0.11123796205231674,0.8175517789429207,0.1383006207519229,33.20480688861147
2025-02-13,earliest,validation:WF2,validation:WF2,3,3,validation,validation,WF2,WF2,0.013960238317315788,0.03793049372336521,0.030739417101550384,0.09061955000144395,0.3255860767721952,0.2550961187409698,0.4102560241845585,0.24563859051588244,0.29502382061648524,0.4469284944778574,0.22524035266012177,0.29174679520544244,0.038235693018824256,0.16560448632843547,0.1273938483355521,0.8932014593237175,0.2858355358425202,38.04674719994334
2025-02-14,earliest,validation:WF2,validation:WF2,3,3,validation,validation,WF2,WF2,0.010637979487178739,0.03719840279580539,0.0292302758032174,0.11718774935597501,0.3220978194038476,0.2606247983894858,0.37588713510201915,0.24398796741063827,0.28355771771805255,0.44340030699346095,0.2503387582028379,0.3082572228400249,0.052886829061366256,0.1463770521868707,0.11832998524921938,0.8862747974985409,0.28985507419270323,37.95397142131759
2025-02-17,earliest,validation:WF2,validation:WF2,3,3,validation,validation,WF2,WF2,0.004624676335633613,0.033313822598374294,0.02470707871955209,0.08448219858801025,0.10337275530885266,0.09770558829259993,0.3939607673771158,0.22209068813245814,0.2736517119058554,0.45846228657335664,0.4970750411864307,0.48549121480250845,0.05847007112588377,0.14414769277388423,0.11844440627948408,0.793316010255049,0.12241266701215202,32.28115359661927
2025-02-18,earliest,validation:WF2,validation:WF2,3,3,validation,validation,WF2,WF2,0.01137625864943774,0.02960708217633201,0.02413783511826373,0.10865369351034808,0.11370168568825656,0.11218728803488401,0.4251336611296326,0.24883480423958318,0.301724461306598,0.41678586357043385,0.4709047462237495,0.45466908142775475,0.03805052314014787,0.1369516816720788,0.10728133411249952,0.8044388278948461,0.13632512315314774,32.83747316043411
2025-02-19,earliest,validation:WF2,validation:WF2,3,3,validation,validation,WF2,WF2,0.012832699558411256,0.03335112105427142,0.027195594605513365,0.10922612214540896,0.33269780863194354,0.26565630268598317,0.4504066764811751,0.24836869999429464,0.30898009294035883,0.39671657561734236,0.24100946346946933,0.2877215971138312,0.030817926197662382,0.14457290685002117,0.11044641265431351,0.8790861219651265,0.2928518972914965,37.83419099495809
2025-02-20,earliest,validation:WF2,validation:WF2,3,3,validation,validation,WF2,WF2,0.01495324298484769,0.03138342137769022,0.026454367859837458,0.10752170474171344,0.1110337876675566,0.10998016278980366,0.4884946508165704,0.23765322891808857,0.31290565548763316,0.3685377923578099,0.47434551775942885,0.44260320013894316,0.020492609099058375,0.1455840442772358,0.10805661372378257,0.8099799508075302,0.13643453064964112,32.978189383181075
2025-02-21,earliest,validation:WF2,validation:WF2,3,3,validation,validation,WF2,WF2,0.00880813740494816,0.02797780205305686,0.02222690265862425,0.09357247557736184,0.10885610824602569,0.10427101844542654,0.49028485298257624,0.4479564539815942,0.4606549736818888,0.3877993398077072,0.2649078448073798,0.301775293307478,0.019535194227406613,0.1503017909119435,0.11107181190658244,0.7971924175937771,0.12649792110405078,32.45976886192545
2025-02-24,earliest,validation:WF2,validation:WF2,3,3,validation,validation,WF2,WF2,0.011937977314909063,0.029367850734880737,0.024138888708889236,0.09514966754757417,0.1288754082570321,0.11875768604419472,0.490754461205663,0.20596791830096833,0.29140388117237676,0.3846893403124634,0.4944738145882625,0.4615384723055228,0.017468553619390464,0.14131500811885636,0.1041610717690166,0.8044356672431742,0.14289657475308395,32.96882317614103
2025-02-25,earliest,validation:WF2,validation:WF2,3,3,validation,validation,WF2,WF2,0.007728949462531733,0.03390421614229119,0.02605163613836335,0.11852142078621827,0.11542458632698155,0.11635363666475258,0.39600104900040084,0.4258578674894935,0.4169008219427658,0.33630923055649475,0.28059614677030337,0.29731007190616077,0.14143935019435444,0.14421718327093025,0.1433838333479575,0.8382948701326626,0.14240527280311593,33.805477209378886
2025-02-26,earliest,validation:WF2,validation:WF2,3,3,validation,validation,WF2,WF2,0.0078135393506902,0.038460517752790545,0.029266424232160443,0.07013269635394677,0.10568446821536596,0.09501893665694022,0.41268026577144945,0.4240394133263706,0.4206316690598943,0.4586157629175036,0.28261991249637275,0.335418667622712,0.05075773560641005,0.14919568820910004,0.11966430242829305,0.8150158483991462,0.12428536088910067,32.86110342776067
2025-02-27,earliest,validation:WF2,validation:WF2,3,3,validation,validation,WF2,WF2,0.007710926053734592,0.032825971604541024,0.025291457939299097,0.0809634112510286,0.34714577460283214,0.2672910655972911,0.387345739612179,0.20603782984889996,0.2604302027778837,0.47086180681589573,0.2935260881509406,0.34672680375042714,0.05311811626716219,0.12046433579278634,0.10026046993509911,0.8660894887826905,0.2925825235365902,37.50388769029907
2025-03-03,earliest,validation:WF2,validation:WF2,3,3,validation,validation,WF2,WF2,0.0036328574092173004,0.05729574527462796,0.041196878915004766,0.09465373972160618,0.12119652143910228,0.11323368692385347,0.3855405872421169,0.41164945339347236,0.40381679354806577,0.4592781566935381,0.2842295691705908,0.336744145427475,0.0568946589335216,0.1256287107222065,0.10500849518560104,0.8371934988126856,0.15443056583885822,34.01844878709431
2025-03-04,earliest,validation:WF2,validation:WF2,3,3,validation,validation,WF2,WF2,0.0029053562813277506,0.05715748462324725,0.040881846120671396,0.08677127936073163,0.12465220012667765,0.11328792389689385,0.3506041579860426,0.406090720074581,0.3894447514480195,0.44456711120772713,0.27235890346201813,0.3240213657857308,0.11515209516417096,0.13974069171347606,0.1323641127486845,0.8558910616832645,0.15416977001756524,34.48067194243292
2025-03-05,earliest,validation:WF2,validation:WF2,3,3,validation,validation,WF2,WF2,0.005065803529617532,0.04115615972082613,0.03032905286346355,0.08639338033160111,0.34720187155969073,0.26895932419126384,0.35243069293309204,0.18417244623544676,0.23464992024474035,0.4767042591454255,0.2893743831527757,0.34557334595057065,0.07940586406026384,0.1380951393312606,0.12048835674996157,0.883255784942248,0.2992883770547274,38.06716216465075
2025-03-06,earliest,validation:WF2,validation:WF2,3,3,validation,validation,WF2,WF2,0.0032227714720868906,0.03945366373461859,0.028584396055859076,0.1011979697819271,0.3434540479979402,0.2707772245331363,0.42433063021794937,0.19310507973553903,0.2624727448802621,0.44079462391012636,0.24934930688721363,0.3067829019940874,0.030454004617910303,0.17463790164468868,0.13138273253665517,0.8919998934262283,0.29936162058899535,38.28722974743562
2025-03-07,earliest,validation:WF2,validation:WF2,3,3,validation,validation,WF2,WF2,0.003592469190652749,0.04288694216954395,0.03109860027587659,0.11462944250128247,0.14341163033249893,0.13477697398313399,0.37791818846369046,0.4241907319940106,0.41030896893491453,0.45322002650446336,0.25638772796166187,0.3154374175245023,0.050639873339911066,0.1331229675422847,0.1083780392815726,0.8377729017359961,0.16587557425901056,34.26183402858011
2025-03-10,earliest,validation:WF2,validation:WF2,3,3,validation,validation,WF2,WF2,0.004412059543761834,0.05130745398355862,0.037238835651619576,0.09265499809656962,0.13084431106384298,0.11938751717366097,0.38241264386332546,0.4199986962274342,0.4087228805182016,0.4628828110940833,0.2607363720907298,0.3213803037917359,0.057637487402259935,0.13711316663443432,0.11327046286478198,0.8409614752486144,0.15662635282528053,34.15656393772097
2025-03-11,earliest,validation:WF2,validation:WF2,3,3,validation,validation,WF2,WF2,0.00788956038391212,0.2652559966840467,0.18804606579400632,0.09743918521008917,0.16876448345881245,0.14736689398419545,0.36213865709860316,0.19549350419357794,0.24548705006508548,0.46645129683196007,0.21329990389280584,0.2892453217745521,0.06608130047543559,0.15718611177075711,0.12985466838216064,0.9724451887330943,0.33541295977820174,41.01938891389139
2025-03-12,earliest,validation:WF3,validation:WF3,2,2,validation,validation,WF3,WF3,0.03946851426584133,0.03785381575000682,0.03833822530475718,0.2036285212648326,0.1757149561710744,0.18408902569920188,0.3605105085071227,0.18418730045406007,0.23708426286997888,0.3094413120947703,0.26943815252807635,0.2814391003980846,0.08695114386743301,0.33280577509678233,0.2590493857279776,0.9223996604252558,0.22242725100395905,37.50853653071058
2025-03-13,earliest,validation:WF3,validation:WF3,2,2,validation,validation,WF3,WF3,0.03989930011655828,0.04894704427828295,0.04623272102976554,0.21447332884137874,0.17695231034908052,0.18820861589676996,0.36967627033832146,0.1680088657987513,0.22850908716062235,0.32164508794911467,0.30417119532783926,0.30941336311422185,0.054306012754626896,0.3019205842460459,0.22763621279862017,0.9280622314462075,0.23444133692653552,37.8903825246859
2025-03-14,earliest,validation:WF3,validation:WF3,2,2,validation,validation,WF3,WF3,0.039856274504808165,0.03851703660814946,0.03891880797714707,0.2228415232576402,0.19385108996511957,0.20254821995287575,0.3863587172149252,0.17079637175523843,0.23546507539314446,0.29103662566596317,0.283116722269767,0.2854926932886258,0.05990685935666314,0.31371877940172566,0.2375752033882069,0.9255589523402289,0.24146702793002284,37.96831436710618
2025-03-17,earliest,validation:WF3,validation:WF3,2,2,validation,validation,WF3,WF3,0.04258189837547144,0.05118265216769949,0.048602426030031065,0.24328041135032613,0.18916881931632495,0.20540229692652529,0.36491881760343226,0.1783961480228811,0.23435294889704644,0.25792338809202975,0.3004501985980224,0.2876921554462246,0.09129548457874036,0.28080218189507206,0.22395017270017253,0.9355088939796847,0.25400472295655635,38.46781680862324
2025-03-18,earliest,validation:WF3,validation:WF3,2,2,validation,validation,WF3,WF3,0.048766317626880766,0.057579423429264656,0.05493549168854949,0.23490391121834509,0.16478056799049232,0.18581757095884818,0.3641173826196048,0.17176531892114316,0.22947093803068166,0.31058758803661024,0.38741912053737937,0.36436966078714866,0.04162480049855915,0.21845556912172043,0.16540633853477205,0.91671297874391,0.24075306264739768,37.732885721545706
2025-03-19,earliest,validation:WF3,validation:WF3,2,2,validation,validation,WF3,WF3,0.04831875592137588,0.06651061290691483,0.06105305581125315,0.23021105637129632,0.16764797544785517,0.18641689972488754,0.37041961083931396,0.1623248165060229,0.22475325480601024,0.2976566602430481,0.39887071639583294,0.3685064995499975,0.053393916624965745,0.20464587874337414,0.15927029010785165,0.919467697367776,0.24746995553614068,37.93609154491721
2025-03-20,earliest,validation:WF3,validation:WF3,2,2,validation,validation,WF3,WF3,0.04415484771696763,0.07003692883410428,0.06227230449896329,0.24915699423094084,0.1571472826646319,0.1847501961345246,0.3809295460245779,0.17548902231022148,0.2371211794245284,0.27928431428626,0.3762721736899268,0.34717581586882673,0.04647429774125357,0.22105459250111553,0.16868050407315693,0.9280478100615437,0.24702250063348788,38.14164526420835
2025-03-21,earliest,validation:WF3,validation:WF3,2,2,validation,validation,WF3,WF3,0.06346615709270408,0.07021305422037191,0.06818898508207155,0.2444903924985234,0.17346762605776586,0.1947744559899931,0.3740305242948556,0.17372223830095102,0.23381472409912235,0.26562686871622243,0.3583701723882931,0.3305471812866719,0.05238605739769457,0.22422690903261808,0.172674653542141,0.9386715076496961,0.26296344107206465,38.7260565126837
2025-03-24,earliest,validation:WF3,validation:WF3,2,2,validation,validation,WF3,WF3,0.05466100843567767,0.055554439989468934,0.05528641052333156,0.20381616380394763,0.17752089167847163,0.18540947331611443,0.39582439752796467,0.2024100880869882,0.26043438091928117,0.29031503122965524,0.32145449279275723,0.3121126543238267,0.055383399002754886,0.24306008745231406,0.1867570809174463,0.9318134086481907,0.24069588383944598,38.10925289299369
2025-03-25,earliest,validation:WF3,validation:WF3,2,2,validation,validation,WF3,WF3,0.051375338222958915,0.07794033927114263,0.06997083895668753,0.23209044203445114,0.1635353117504642,0.1841018508356603,0.35983988364985103,0.16718704314026647,0.22498289529314186,0.3091727109222392,0.3616403101901616,0.3459000304097849,0.04752162517049974,0.22969699564796509,0.17504438450472548,0.9354353028122315,0.2540726897923478,38.46733636615274
2025-03-26,earliest,validation:WF3,validation:WF3,2,2,validation,validation,WF3,WF3,0.05264632728837869,0.06745791046330253,0.06301443551082539,0.18628103465843107,0.16301940311089183,0.1699978925751536,0.35750722364482357,0.15959700788158934,0.21897007261055962,0.3556903838289636,0.4513813971855962,0.4226740931786065,0.047875030579403115,0.15854428135862011,0.12534350612485504,0.8899328813325527,0.233012328085979,36.9085685950334
2025-03-27,earliest,validation:WF3,validation:WF3,2,2,validation,validation,WF3,WF3,0.060369346228311666,0.0607044684951607,0.06060393181510599,0.19761189438607457,0.1600895075193385,0.17134622357935936,0.39301609119846187,0.18763226926201845,0.2492474158429515,0.31826864826613915,0.3399202386604976,0.3334247615421901,0.03073401992101264,0.25165351606298464,0.18537766722039306,0.9301920321598435,0.23195015539446534,37.89380391188539
2025-03-28,earliest,validation:WF3,validation:WF3,2,2,validation,validation,WF3,WF3,0.0751775620730018,0.059452282871909984,0.06416986663223755,0.19779705210631443,0.1685752951927575,0.17734182226682457,0.3686071516746108,0.1903409284046639,0.243820795385648,0.32225910934282537,0.4026794194576915,0.3785533264232317,0.03615912480324751,0.1789520740729771,0.13611418929205826,0.9110332803228042,0.2415116888990621,37.606065786051346
2025-03-31,earliest,validation:WF3,validation:WF3,2,2,validation,validation,WF3,WF3,0.05379756543535628,0.04740650184489843,0.04932382092203579,0.19988019985741343,0.13642301742305013,0.15546017215335914,0.37850786025649114,0.20945500839882958,0.26017086395612804,0.3251611495159151,0.28575911920771496,0.29757972830017504,0.04265322493482417,0.3209563531255068,0.23746541466830207,0.9259130028805136,0.20478399307539494,37.24350493352074
2025-04-01,earliest,validation:WF3,validation:WF3,2,2,validation,validation,WF3,WF3,0.028658528097105625,0.023931828040016066,0.025349838057142936,0.15340627160367062,0.1655718030422313,0.16192214361066312,0.37311015911000117,0.23297118710252804,0.27501287870477004,0.3449445769281425,0.20285058483895155,0.24547878246570884,0.09988046426108008,0.37467459697627303,0.2922363571617152,0.899245230960068,0.18727198166780606,36.22657040735782
2025-04-02,earliest,validation:WF3,validation:WF3,2,2,validation,validation,WF3,WF3,0.03403007280107111,0.03422605157066669,0.03416725793978801,0.15911455764844445,0.1510745979304701,0.1534865858458624,0.38167102457570057,0.19378812069651208,0.2501529918602686,0.3601689992852026,0.23113945696415772,0.2698483196604712,0.06501534568958134,0.3897717728381934,0.2923448446936098,0.9088008580212521,0.1876538437856504,36.473098326244305
2025-04-07,earliest,validation:WF3,validation:WF3,2,2,validation,validation,WF3,WF3,0.03218851727674623,0.04127280774020344,0.038547520601166285,0.16386059602975694,0.14701823016157875,0.15207093992203222,0.37442663311286356,0.20448140778349766,0.25546497538230745,0.36291535689097937,0.24121131232930876,0.27772252569781,0.06660889668965397,0.36601624198541133,0.27619403839668416,0.9144232391400637,0.1906184605231985,36.67295018896556
2025-04-08,earliest,validation:WF3,validation:WF3,2,2,validation,validation,WF3,WF3,0.013089591211844363,0.02287079022037964,0.01993643051781906,0.04976467138463558,0.15596054259942732,0.12410178123498981,0.2521481608126542,0.19387480938006188,0.21135681480983956,0.30528523087835524,0.22927731240967275,0.2520796879502775,0.3797123457125107,0.39801654539045844,0.39252528548707416,0.857408053540734,0.14403821175280887,34.31596557357453
2025-04-09,earliest,validation:WF3,validation:WF3,2,2,validation,validation,WF3,WF3,0.014225480721711167,0.023669123586050913,0.020836030726748993,0.05203333425547771,0.14646626475001726,0.1181363856016554,0.2562264900115127,0.17995481914567588,0.20283632040542698,0.3337661998437525,0.26575313175681775,0.2861570521828982,0.3437484951675459,0.3841566607614382,0.3720342110832705,0.8589850754154156,0.1389724163284044,34.25407521195348
2025-04-10,earliest,validation:WF3,validation:WF3,2,2,validation,validation,WF3,WF3,0.014993547423972728,0.048499354361783355,0.03844761228044016,0.05680111055842435,0.1577034287401361,0.12743273328562257,0.2554808593755652,0.19220147573103863,0.21118529082439658,0.31646723514691877,0.23972978435857112,0.2627510195950754,0.356257247495119,0.3618659568084708,0.3601833440144652,0.8917322335937277,0.16588034556606274,35.61091275116445
2025-04-11,earliest,validation:WF3,validation:WF3,3,2,validation,validation,WF3,WF3,0.01945167085316663,0.0638442034634542,0.050526443680367926,0.051424083319009654,0.20798249324117427,0.16101497026452488,0.2532806361771752,0.0970276690456182,0.1439035591850853,0.3365575112063325,0.2738370804568202,0.29265320968167385,0.33928609844431606,0.3573085537929331,0.351901817188348,0.9015522980682652,0.21154141394489281,36.769635730604485
2025-04-14,earliest,validation:WF3,validation:WF3,3,2,validation,validation,WF3,WF3,0.02060726427013282,0.05071682799685361,0.04168395887883737,0.05777570505825614,0.1953530786133367,0.15407986654681252,0.2520562484064023,0.1413994310929284,0.17459647628697056,0.3492445644534543,0.2711037583066156,0.29454600015066723,0.32031621781175446,0.34142690399026565,0.33509369813671225,0.9020239910918401,0.1957638254256499,36.465876285809
2025-04-15,earliest,validation:WF3,validation:WF3,3,2,validation,validation,WF3,WF3,0.01962502433679855,0.07715315982741691,0.0598947191802314,0.0536234711133489,0.19748298576269574,0.15432513136789167,0.2651492861963013,0.15093033679138018,0.1851960216128565,0.37529509857231125,0.34374964669710023,0.35321328225966353,0.28630711978124007,0.23068387092140696,0.2473708455793569,0.9210860366083711,0.21421985054812306,37.31154792617174
2025-04-16,earliest,validation:WF3,validation:WF3,3,2,validation,validation,WF3,WF3,0.021540322299528875,0.07328533538770722,0.05776183146125372,0.06454691055455748,0.20303869030991364,0.1614911563833068,0.3193773976319043,0.12547720769194373,0.18364726467393191,0.32362561381317057,0.37219471407031024,0.35762398399316836,0.2709097557008388,0.22600405254012512,0.23947576348833924,0.9198266775867424,0.21925298784456052,37.38072669655977
2025-04-17,earliest,validation:WF3,validation:WF3,3,2,validation,validation,WF3,WF3,0.015487843542029988,0.04256470909088712,0.03444164942622998,0.05767334625951482,0.14590283478753507,0.11943398822912898,0.2634794901298441,0.15170917226779282,0.18524026762640822,0.3130202323247422,0.305207417133538,0.30755126169089925,0.35033908774386885,0.3546158667202471,0.3533328330273336,0.8775562097163274,0.15387563765535897,35.01641799601536
2025-04-18,earliest,validation:WF3,validation:WF3,3,2,validation,validation,WF3,WF3,0.016563565651817772,0.04729302042581122,0.03807418399361319,0.055810501470022485,0.17633443617165423,0.14017725576116472,0.3028959549355651,0.17467036791827048,0.21313804402345893,0.31560469065027297,0.3395649845649949,0.3323768963905784,0.30912528729232164,0.26213719091926907,0.2762336198311849,0.9014445239281701,0.17825143975477792,36.10114189329981
2025-04-21,earliest,validation:WF3,validation:WF3,3,2,validation,validation,WF3,WF3,0.016184191332601995,0.03403696617273599,0.028681133720695792,0.057197496927608005,0.19191300162369435,0.15149835021486846,0.31686731645712296,0.19318913198033477,0.23029258732337124,0.31102261666602177,0.3470341065302998,0.33623065957101644,0.2987283786166452,0.233826793692935,0.2532972691700481,0.8948663656745686,0.18017948393556427,35.975248820575494
2025-04-22,earliest,validation:WF3,validation:WF3,3,2,validation,validation,WF3,WF3,0.02168507412020793,0.060497200349671876,0.04885356248083269,0.05888927007603182,0.1743884799176511,0.13973871696516532,0.2869791772058678,0.16815541423656988,0.20380254312735924,0.3164134035261433,0.3050486970716414,0.308458109007992,0.3160330750717492,0.2919102084244658,0.2991470684186508,0.913656356581758,0.18859227944599802,36.61325450346391
2025-04-23,earliest,validation:WF3,validation:WF3,3,2,validation,validation,WF3,WF3,0.01525304446246558,0.09497701870020797,0.07105982642888525,0.059340236164050396,0.2070261403006784,0.16272036905968998,0.25347381242418404,0.1530955093104178,0.18320900024454767,0.3106188584182258,0.30265829910951786,0.3050464669021302,0.3613140485310743,0.24224303257917795,0.27796433736474685,0.9396628795240908,0.23378019548857523,38.167175897873776
2025-04-24,earliest,validation:WF3,validation:WF3,3,2,validation,validation,WF3,WF3,0.01926473876763862,0.08662805387830623,0.06641905934510595,0.06875014326165317,0.18718197186425287,0.15165242328347295,0.2968596869857406,0.1459172706855277,0.19119999557559159,0.340057720321929,0.3434277310099169,0.3424167278035205,0.2750677106630386,0.23684497256199633,0.24831179399230902,0.9291290868704216,0.2180714826285789,37.589656824332124
2025-04-25,earliest,validation:WF3,validation:WF3,3,2,validation,validation,WF3,WF3,0.020734004848754498,0.1332167847983375,0.09947195081346259,0.08949824015079096,0.18014590447258827,0.15295160517604905,0.26660251301658816,0.1352871369899824,0.17468174979796414,0.3580778992750655,0.320856187567434,0.3320227010797234,0.2650873427088009,0.23049398617165776,0.24087199313280067,0.9509471029720302,0.25242355598951166,38.822148694090984
2025-04-28,earliest,validation:WF3,validation:WF3,3,2,validation,validation,WF3,WF3,0.027701813653129417,0.14406535011612456,0.10915628917722603,0.06871680307111049,0.1451965669581379,0.12225263779202969,0.31613380008571124,0.17389524603950623,0.21656681225336774,0.357846831092142,0.38304725067211476,0.37548712479812296,0.22960075209790684,0.1537955862141165,0.1765371359792536,0.9344783584687106,0.23140892696925572,37.99013750110288
2025-04-29,earliest,validation:WF3,validation:WF3,3,2,validation,validation,WF3,WF3,0.032591984759522394,0.1256992817241189,0.09776709263473994,0.08275640436364276,0.1674457360422694,0.1420389365386814,0.3336531201406075,0.22018909039135098,0.2542282993161279,0.3749921618549854,0.34788690263121497,0.3560184803983461,0.17600632888124187,0.13877898921104587,0.14994719111210467,0.9350555587221544,0.23980602917342136,38.17250955152229
2025-04-30,earliest,validation:WF3,validation:WF3,3,2,validation,validation,WF3,WF3,0.031615174652167316,0.12321207264617394,0.09573300324797196,0.11287364512759689,0.13712902639590097,0.12985241201540973,0.3704552136351441,0.25936880258748096,0.2926947259017799,0.33848403100052343,0.352210397314482,0.3480924874202944,0.1465719355845683,0.12807970105596206,0.13362737141454392,0.9230455750317738,0.2255854152633817,37.58784768106197
2025-05-02,earliest,validation:WF3,validation:WF3,3,2,validation,validation,WF3,WF3,0.036447218118320475,0.1431284202022749,0.11112405957708857,0.12956791780220653,0.13222591214588927,0.13142851384278445,0.38420516979439345,0.22504715016151855,0.272794556051381,0.33246351305618715,0.3665775926977614,0.3563433688052891,0.11731618122889242,0.13302092479255592,0.12830950172345687,0.9297558272002443,0.24255257341987302,38.09494714840356
2025-05-05,earliest,validation:WF3,validation:WF3,3,2,validation,validation,WF3,WF3,0.060658765254694776,0.16293368062690758,0.13225120601524373,0.17991654325651954,0.11717367316820981,0.13599653419470273,0.48098883351631966,0.21853357002231794,0.2972701490705184,0.23674204121986184,0.4082501127772362,0.3567976913100239,0.041693816752604224,0.09310896340532845,0.07768441940951118,0.910694456542854,0.26824774020994646,38.13231621777028
2025-05-06,earliest,validation:WF3,validation:WF3,3,2,validation,validation,WF3,WF3,0.07072345430525942,0.08662579108590919,0.08185509005171428,0.13241256486670833,0.1633910525132438,0.15409750621928317,0.48584554528192725,0.256363321488201,0.3252079886263189,0.2657295745723956,0.3648944842925978,0.3351450113765371,0.0452888609737094,0.1287253506200481,0.10369440372614652,0.906987453994125,0.23595259627099746,37.39373827527307
2025-05-07,earliest,validation:WF3,validation:WF3,3,2,validation,validation,WF3,WF3,0.06468279193561383,0.07922308575896157,0.07486099761195726,0.13870440280472465,0.19256616148274597,0.17640763387933958,0.5005969636351496,0.1890074173574304,0.2824842812407462,0.24911220444764667,0.4182088210884004,0.3674798360961743,0.04690363717686514,0.12099451431246161,0.09876725117178269,0.90325356766273,0.25126863149129686,37.60671182139419
2025-05-08,earliest,validation:WF3,validation:WF3,3,2,validation,validation,WF3,WF3,0.05789356078999404,0.10758659118128414,0.09267868206389712,0.13086479556961852,0.1989169070898452,0.1785012736337772,0.4985659030937096,0.21637735600194416,0.3010339201294738,0.26049329763976914,0.363711759172294,0.33274622071253657,0.05218244290690876,0.11340738655463253,0.0950399034603154,0.9191111568941924,0.27117995569767434,38.4013780363083
2025-05-09,earliest,validation:WF3,validation:WF3,3,2,validation,validation,WF3,WF3,0.08697660356370289,0.09992556160392937,0.09604087419186143,0.1479179147974889,0.17532849191554006,0.16710531878012472,0.4946962100691284,0.154043715064415,0.25623946356582905,0.23714661747642377,0.44806448498239143,0.3847891247306011,0.0332626540932561,0.12263774643372417,0.09582521873158374,0.9103368756226297,0.26314619297198616,38.021345750005466
2025-05-12,earliest,validation:WF3,validation:WF3,3,2,validation,validation,WF3,WF3,0.07571133512792447,0.06576563990454509,0.06874934847155889,0.162477919096595,0.19144554243684347,0.1827552554347689,0.5098946337529124,0.17178227024440101,0.2732159792969544,0.22780028851652354,0.42737366746604233,0.3675016537811866,0.02411582350604466,0.1436328799481682,0.1077777630155311,0.9053743236415095,0.2515046039063278,37.66445016916429
2025-05-13,earliest,validation:WF3,validation:WF3,3,2,validation,validation,WF3,WF3,0.06762461190978353,0.09155678689359074,0.08437713439844859,0.19136089198921066,0.16485878192298997,0.17280941494285618,0.5181386229859677,0.13238295376480202,0.24810965453115172,0.19758122750168156,0.47823746364399494,0.39404059280130094,0.025294645613356617,0.13296401377462227,0.1006632033262426,0.9046165914962163,0.25718654934130475,37.759145774231506
2025-05-14,earliest,validation:WF3,validation:WF3,3,2,validation,validation,WF3,WF3,0.07454776963588365,0.15825512398170336,0.13314291767795747,0.18997922422499738,0.13782815938915322,0.15347347883990647,0.525895733923022,0.13122073547382646,0.2496232350085851,0.19038999365890263,0.47381360825908636,0.3887865238790313,0.019187278557194386,0.09888237289623046,0.07497384459451965,0.9096697987135173,0.28661639651786397,38.47407289819521
2025-05-15,earliest,validation:WF3,validation:WF3,3,2,validation,validation,WF3,WF3,0.08093358690819867,0.12466891355227225,0.11154831555905019,0.18266756055013583,0.14482083069414506,0.1561748496509423,0.5303946732714989,0.13919962663693097,0.25655814062730137,0.1887150188119455,0.48014829422370936,0.3927183116001803,0.017289160458221042,0.11116233489294237,0.08300038256252598,0.9054727398254147,0.2677231652099925,37.991281799835214
2025-05-16,earliest,validation:WF3,validation:WF3,3,2,validation,validation,WF3,WF3,0.07385486150407794,0.1211335106362238,0.10694991589658001,0.18132269394580017,0.14250815895464883,0.1541525194519942,0.5353630488319132,0.13698513200456336,0.2564985070527683,0.19150057947660887,0.4857051873144372,0.3974438049630886,0.017958816241599805,0.11366801109012697,0.0849552526355688,0.9024903359674036,0.26110243534857425,37.784307106156575
2025-05-19,earliest,validation:WF3,validation:WF3,3,2,validation,validation,WF3,WF3,0.07059782697164334,0.09433811817247323,0.08721603081222426,0.19766010985731156,0.13646401441181644,0.15482284304546495,0.5287230310708744,0.1457310535432448,0.26062864680153364,0.1895238445600727,0.4853877513579133,0.3966285793185611,0.013495187540098166,0.13807906251455232,0.10070390002221606,0.9009254882410803,0.2420388738576892,37.363914683180795
2025-05-20,earliest,validation:WF3,validation:WF3,3,2,validation,validation,WF3,WF3,0.05888273200225951,0.09078695596809089,0.08121568877834148,0.20851298050993128,0.13859758011307854,0.1595722002321344,0.5302067564298962,0.1403840331530402,0.2573308501360971,0.18284031138071274,0.4884115926284119,0.39674020825410217,0.01955721967720009,0.1418198381373785,0.10514105259932499,0.9007245735606908,0.24078788901047588,37.33387211922679
2025-05-21,earliest,validation:WF3,validation:WF3,3,2,validation,validation,WF3,WF3,0.0622680329647745,0.11861889157420899,0.10171363399137866,0.21988939298882812,0.14485813690932012,0.16736751373317252,0.5217223482442939,0.13876953228709513,0.2536553770742548,0.17647699198612435,0.4667576467509739,0.3796734503215191,0.019643233815979252,0.1309957924784017,0.09759002487967497,0.9160946934835492,0.26908114772455116,38.283990291579755
2025-05-22,earliest,validation:WF3,validation:WF3,3,2,validation,validation,WF3,WF3,0.07094086602940673,0.09018518931431767,0.0844118923288444,0.229655872578276,0.144962774246974,0.17037070374636462,0.5049301134618006,0.15815319324780086,0.26218626931200084,0.17509851675444302,0.4650267050188642,0.37804824853953783,0.01937463117607374,0.14167213817204324,0.1049828860732524,0.9105940300555068,0.25478259607520903,37.86050267289185
2025-05-23,earliest,validation:WF3,validation:WF3,3,2,validation,validation,WF3,WF3,0.0601157067501786,0.08226357833072628,0.07561921685656198,0.2337034539166182,0.1395740803539659,0.1678128924227616,0.5077257537647581,0.18141145053863,0.2793057415064684,0.17618477298209906,0.44968445311171085,0.3676345490728273,0.022270312586346017,0.14706643766496702,0.1096276001413807,0.9079267842786463,0.24343210927932357,37.56681179255263
2025-05-26,earliest,validation:WF3,validation:WF3,3,2,validation,validation,WF3,WF3,0.06342516589141575,0.07896863584488971,0.07430559485884752,0.23755529191982858,0.12332934064485793,0.1575971260273491,0.49833607386789136,0.18233351409189888,0.2771342820246966,0.17781399746839638,0.47087469159886003,0.38295648335972093,0.022869470852467877,0.1444938178194935,0.10800651372938581,0.8996558718917955,0.23190272088619662,37.12945121501882
2025-05-27,earliest,validation:WF3,validation:WF3,3,2,validation,validation,WF3,WF3,0.06238602029163169,0.05824462526081559,0.059487043770060415,0.21206339889320486,0.14784309742046414,0.16710918786228635,0.5092079419528849,0.14702042503440613,0.2556766801099497,0.19034159913573734,0.47583023185869694,0.39018364204180905,0.026001039726541376,0.1710616204256173,0.1275434462158945,0.8980884832866695,0.22659623163234677,36.98413671481367
2025-05-28,earliest,validation:WF3,validation:WF3,3,2,validation,validation,WF3,WF3,0.05079358938115101,0.06532420949662575,0.06096502346198332,0.22698845277119664,0.16055489686658,0.18048496363796496,0.509129636882739,0.14383811666730043,0.25342557273193195,0.18589311068377334,0.4726321480943683,0.38661043687118984,0.02719521028114007,0.15765062887512554,0.11851400329692989,0.8994433870691665,0.24144998709994828,37.31508441872813
2025-05-29,earliest,validation:WF3,validation:WF3,3,2,validation,validation,WF3,WF3,0.0487107070210511,0.05917914061626319,0.05603861053769956,0.22225462132840648,0.14720099063277628,0.16971707984146536,0.5191197368684011,0.17599466353943025,0.27893218553812155,0.1914444769132351,0.46332510163835655,0.38176091422082015,0.018470457868906307,0.15430010357317367,0.11355120986189347,0.8905529948648266,0.22575569037916493,36.77893867920397
2025-06-02,earliest,validation:WF3,validation:WF3,3,2,validation,validation,WF3,WF3,0.05970822753764638,0.06378508672043402,0.06256202896559773,0.2166182958218546,0.14620615282624183,0.16732979572492565,0.5157582825441592,0.20151099878662662,0.2957851839138864,0.18960083602762368,0.4400312461083024,0.36490212308409875,0.018314358068716126,0.14846651555839518,0.10942086831149146,0.8964721740118282,0.22989182469052338,37.00964084410617
2025-06-03,earliest,validation:WF3,validation:WF3,3,2,validation,validation,WF3,WF3,0.04550867700859221,0.056438510079184205,0.053159560158006616,0.1934825277164975,0.1496847811433182,0.162824105115272,0.5200727630067684,0.21428058777023457,0.30601824034119474,0.2108665199504625,0.4075346245841006,0.3485341931940092,0.030069512317679445,0.17206149642316232,0.12946390119151746,0.8984037318545322,0.2159836652732786,36.77976660182888
2025-06-04,earliest,validation:WF3,validation:WF3,3,2,validation,validation,WF3,WF3,0.05063356257431186,0.054275689300121735,0.053183051282378775,0.2142058221745313,0.12441943119645528,0.1513553484898781,0.5173294696392448,0.19802703980080097,0.2938177687523342,0.19495924233997577,0.4607533615986368,0.3810151258210385,0.02287190327193639,0.16252447810398513,0.1206287056543705,0.8850707114989882,0.20453839977225688,36.217535782919846
2025-06-05,earliest,validation:WF3,validation:WF3,3,2,validation,validation,WF3,WF3,0.04824362081590749,0.052599930506738654,0.051293037599489305,0.20277821573272206,0.13153682054677315,0.15290923910255783,0.5190050547525307,0.27719212168972546,0.349736001608567,0.21093814515287843,0.3862263940285596,0.33363991936585524,0.019034963545961302,0.15244473322820318,0.1124218023235306,0.881585254103177,0.20420227670204713,36.123676886620366
2025-06-06,earliest,validation:WF3,validation:WF3,3,2,validation,validation,WF3,WF3,0.04284225693068483,0.05291487339520392,0.04989308845584819,0.19518631390858798,0.1309419300917746,0.15021524523681862,0.519256696411764,0.2666595703533626,0.34243870817088295,0.22253814674641226,0.4014610102337227,0.3477841511875296,0.020176586002550914,0.14802261592593624,0.10966880694892064,0.8767241256455415,0.2001083336926668,35.920269814991876
2025-06-09,earliest,validation:WF3,validation:WF3,3,2,validation,validation,WF3,WF3,0.051045713486191135,0.05185150149480356,0.05160976509221984,0.21617364906199463,0.12073602500225379,0.14936731222017605,0.5086337376580048,0.3460719958052404,0.39484051836106976,0.2048040435988327,0.3570228115404015,0.31135718115793093,0.01934285619497667,0.1243176661573008,0.09282522316860356,0.8623088348690345,0.2009770773123959,35.577262417973785
2025-06-10,earliest,validation:WF3,validation:WF3,3,3,validation,validation,WF3,WF3,0.06652669325266973,0.06413659549966379,0.06485362482556557,0.20576470645871692,0.1191358190504059,0.14512448527289923,0.5003423794022481,0.33502131810421515,0.38461763649362507,0.2095770819995426,0.3577416350385845,0.31329226912687197,0.017789138886822552,0.12396463230713059,0.09211198428103819,0.8750323645389833,0.2099781100984648,36.075371315443874
2025-06-11,earliest,validation:WF3,validation:WF3,3,3,validation,validation,WF3,WF3,0.1291601956292311,0.059074739432004,0.08010037629117213,0.1848638453465624,0.11410623385565483,0.1353335173029271,0.457716600373475,0.38745872912248125,0.4085360904977794,0.21342841687668193,0.3184667531811332,0.2869552522897978,0.014830941774049625,0.12089354440872674,0.08907476361832359,0.8774755298606629,0.2154338935940992,36.24556611839856
2025-06-12,earliest,validation:WF3,validation:WF3,3,3,validation,validation,WF3,WF3,0.15633518464341473,0.0598270081520948,0.08877946109949078,0.2107367912323097,0.11902159608835595,0.14653615463154207,0.42102385364521144,0.3274558940798291,0.3555262819494438,0.19604039540861876,0.3537685510426421,0.3064501043524351,0.01586377507044545,0.1399269506370779,0.10270799796708817,0.9073145445673528,0.23531561573103285,37.38917592880448
2025-06-13,earliest,test:WF2,test:WF2,1,1,test,test,WF2,WF2,0.022920822223028728,0.04253790216206557,0.03665277818035453,0.17347966081004107,0.09284230164132545,0.11703350939194014,0.5357584650283471,0.27258280551892466,0.35153550337175143,0.24747203040823126,0.24112300505202047,0.24302771265888373,0.02036902153035186,0.3509139856256639,0.2517504963970703,0.8890009880392301,0.15368628757229466,35.298750452426646
2025-06-16,earliest,test:WF2,test:WF2,1,1,test,test,WF2,WF2,0.016537516846284774,0.04095614470495063,0.033630556347350876,0.14410139677642847,0.09214331479946389,0.10773073939255326,0.5156667663073732,0.2945679051425486,0.360897563491996,0.2841745524361107,0.442732034011292,0.3951647895387376,0.03951976763380278,0.129600601341745,0.10257635122936234,0.8216586929198725,0.14136129573990414,33.36869323779489
2025-06-17,earliest,test:WF2,test:WF2,1,1,test,test,WF2,WF2,0.022151272460805886,0.042619862770596616,0.036479285677659394,0.17848595094160158,0.09888364110604274,0.12276433405671039,0.5210248810689101,0.29107634654772946,0.36006090690408366,0.2541895690682409,0.45356713348810346,0.3937538641621447,0.024148326460441426,0.11385301608752775,0.08694160919940185,0.8235313010459309,0.1592436197343698,33.773154920835665
2025-06-18,earliest,test:WF2,test:WF2,1,1,test,test,WF2,WF2,0.02109305132949455,0.04224899562275589,0.035902212334777486,0.1758759460727622,0.0990247983277531,0.12208014265125582,0.5196031614363046,0.2689791437245753,0.34416634903809407,0.25248784627309695,0.46941665354548673,0.4043380113637698,0.030939994888341867,0.12033040877942913,0.09351328461210294,0.8270036035083633,0.1579823549860333,33.83473718742975
2025-06-19,earliest,test:WF2,test:WF2,1,1,test,test,WF2,WF2,0.04676272856335922,0.043125811296429624,0.044216886476508496,0.17587080196200444,0.101158560771453,0.12357223312861843,0.5158675581525286,0.23971576286167862,0.3225613014489336,0.2509210903395031,0.4913616916263724,0.4192295112403116,0.010577820982604576,0.1246381734440665,0.09042006770562791,0.8344533164597197,0.16778911960512694,34.21711530359553
2025-06-20,earliest,test:WF2,test:WF2,1,1,test,test,WF2,WF2,0.054069265973140684,0.04550405253569051,0.04807361656692556,0.14193528260521812,0.09645571788886388,0.11009958730377015,0.5275368060839413,0.19663793541776392,0.2959075966176171,0.23134487042338464,0.5373376580551431,0.44553982176561563,0.04511377491431531,0.12406463610253847,0.10037937774607153,0.8326577177939501,0.15817320387069572,33.97990702226267
2025-06-23,earliest,test:WF2,test:WF2,1,1,test,test,WF2,WF2,0.03532415826718773,0.04381611282403572,0.04126852645698133,0.147183798693144,0.3176779560175006,0.26652970882019367,0.537336922200932,0.23974124547041709,0.32901994848957156,0.2600642444374552,0.27501592994191193,0.27053042429057494,0.02009087640128106,0.12374875574613471,0.09265139194267863,0.8846676549926756,0.307798235277175,38.27265608036039
2025-06-24,earliest,test:WF2,test:WF2,1,1,test,test,WF2,WF2,0.024752570165087598,0.26684193239709225,0.19421512372749083,0.1527472231736017,0.09980714420277176,0.11568916789402076,0.540454784681109,0.2479082046046206,0.33567217862756715,0.24711246530165526,0.2560390663506418,0.2533610860359458,0.03493295667854638,0.1294036524448737,0.10106244371497551,0.9405236277663519,0.30990429162151156,39.71117652658903
2025-06-25,earliest,test:WF2,test:WF2,1,1,test,test,WF2,WF2,0.07510955922589396,0.0430975292090945,0.05270113821413434,0.16495781386166536,0.10380137212686621,0.12214830464730594,0.5169945930181636,0.24791302838154677,0.3286374977725318,0.2140249773957728,0.25263593149347524,0.2410526452641645,0.028913056498504338,0.35255213878901737,0.25546041410186343,0.9128724865910466,0.17484944286144027,36.31880102200497
2025-06-26,earliest,test:WF2,test:WF2,1,1,test,test,WF2,WF2,0.03313157656271243,0.04219744647517309,0.0394776855014349,0.1905412665785657,0.09840432553476204,0.12604540784790316,0.5424421213259762,0.265397567820569,0.34851093387219123,0.21800224502414192,0.4530803729067515,0.3825569345419687,0.01588279050860356,0.14092028726274447,0.1034090382365022,0.8439215914112508,0.16552309334933807,34.40850165226803
2025-06-27,earliest,test:WF2,test:WF2,1,1,test,test,WF2,WF2,0.04990736913920922,0.04303371025789503,0.04509580792228928,0.21071588092771668,0.09784052754005507,0.13170313355635355,0.5199113630676115,0.26837556317596734,0.3438363031434606,0.20369148021132477,0.44711412948588947,0.37408733470352,0.015773906654137845,0.14363606954019315,0.10527742067437654,0.8565965449302995,0.17679894147864283,34.950892452830345
2025-06-30,earliest,test:WF2,test:WF2,1,1,test,test,WF2,WF2,0.05489295300898628,0.04499850394600894,0.04796683866490213,0.1867122921820498,0.10091291371515201,0.12665272725522134,0.5015952542271177,0.26818052482600424,0.33820494364633824,0.1972326456152898,0.21389721182999707,0.2088978419655849,0.05956685496655654,0.3720108456828378,0.27827764846795344,0.905353104935796,0.17461956592012345,36.126218941797376
2025-07-01,earliest,test:WF2,test:WF2,1,1,test,test,WF2,WF2,0.053974091722273666,0.04324396844700676,0.04646300542958682,0.18087966997221117,0.32392994794030683,0.28101486454987806,0.5079887730432102,0.2601515251774547,0.3345026995371813,0.23176261302171874,0.2241325827372133,0.22642159182256485,0.025394852240586296,0.14854197569801858,0.11159783866078887,0.8988585412344551,0.3274778699794649,39.021020930450675
2025-07-02,earliest,test:WF2,test:WF2,1,1,test,test,WF2,WF2,0.03953161489683067,0.04472312551279956,0.04316567232800889,0.2110635584867038,0.10439769291163073,0.13639745258415265,0.4871153217028637,0.4715982279586612,0.4762533560819219,0.20184752869420763,0.23313023042440892,0.22374541990534852,0.06044197621939425,0.14615072319249967,0.12043809910056805,0.8391728858835049,0.17956312491216153,34.570584645330854
2025-07-03,earliest,test:WF2,test:WF2,1,1,test,test,WF2,WF2,0.06425054459302834,0.037239409427968224,0.04534274997748626,0.15162730563756527,0.09353648563737856,0.11096373163743456,0.5060279898050448,0.3027357931672358,0.3637234521585785,0.24087681788614093,0.3988060184743112,0.3514272582978601,0.03721734207822074,0.16768229329310627,0.1285428079286406,0.8594889334994662,0.15630648161492083,34.61335296978507
2025-07-04,earliest,test:WF2,test:WF2,1,1,test,test,WF2,WF2,0.06903712522858614,0.0389860900584695,0.048001400609504495,0.13748171209583182,0.09836195048254817,0.11009787896653327,0.525120448469658,0.4825738432655554,0.4953378248267862,0.2361429571245494,0.2103670140842001,0.2180997969963049,0.03221775708137474,0.16971110210922674,0.12846309860087116,0.8278679114616492,0.15809927957603775,33.85868337806198
2025-07-07,earliest,test:WF2,test:WF2,1,1,test,test,WF2,WF2,0.030931519115646414,0.030261001408492805,0.030462156720638886,0.12726951557161817,0.09467220687147579,0.10445139948151849,0.5154239539866824,0.20538485078960672,0.2983965817487294,0.2639983991414678,0.48736964338119704,0.42035827010927823,0.06237661218458514,0.18231229754922773,0.14633159193983494,0.8379979648560405,0.1349135562021574,33.64822024544416
2025-07-08,earliest,test:WF2,test:WF2,1,1,test,test,WF2,WF2,0.014668646150459147,0.024292724337595478,0.02140550088145458,0.0921049929624295,0.10303701143980427,0.09975740589659186,0.5131729968692353,0.3903895269046865,0.42722456789405117,0.29372123578781617,0.2779125209232316,0.282655135382607,0.08633212823005985,0.20436821639468217,0.1689573899452955,0.8283175528045094,0.12116290677804645,33.131196955673666
2025-07-09,earliest,test:WF2,test:WF2,1,1,test,test,WF2,WF2,0.018726292076189432,0.02406340594977125,0.02246227178769671,0.0780744837706837,0.10430398805321246,0.09643513676845385,0.50599269913818,0.16371520771655707,0.266398455143044,0.3122352968959686,0.2559482235132501,0.2728343455280657,0.08497122811897836,0.4519691747672091,0.3418697907727399,0.8602486784901665,0.11889740855615055,33.884165133377174
2025-07-10,earliest,test:WF2,test:WF2,1,1,test,test,WF2,WF2,0.02751639535622835,0.022821630678898235,0.02423006008209727,0.07867030278137468,0.09850410952419454,0.09255396750134857,0.5170243552291295,0.4626550021943573,0.4789658081047889,0.3078620456108934,0.1789641493589043,0.21763351823450106,0.06892690102237412,0.23705510824364567,0.1866166460772642,0.8127966792177344,0.11678402758344585,32.655597532112274
2025-07-11,earliest,test:WF2,test:WF2,2,1,test,test,WF2,WF2,0.014623506808945266,0.023412813675133672,0.02077602161527715,0.07904388746585933,0.10089283514923376,0.09433815084422144,0.5337426863877871,0.2564787970651512,0.33965796386194197,0.310383292818115,0.1734772261444214,0.2145490461465295,0.0622066265192933,0.44573832796606006,0.33067881753203004,0.8488322903864356,0.11511417245949859,33.52309070885086
2025-07-14,earliest,test:WF2,test:WF2,2,1,test,test,WF2,WF2,0.009833061606665784,0.023783996370398283,0.01959871594127853,0.07395002285622679,0.10258477772135705,0.09399435126181796,0.5210937794522328,0.26383813726575334,0.3410148299216972,0.32130900914306126,0.4078266488310083,0.38187135692462415,0.07381412694181344,0.20196643981148313,0.16352074595058222,0.826323110844169,0.11359306720309649,32.92993911516616
2025-07-15,earliest,test:WF2,test:WF2,2,1,test,test,WF2,WF2,0.012197318705005698,0.023188604527167044,0.01989121878051864,0.06937578977625669,0.10169249529467805,0.09199748363915164,0.5052329546012315,0.21491300275889108,0.30200898831159323,0.32428456733534977,0.19592110038383911,0.23443014046929234,0.08890936958215627,0.4642847970354248,0.35167216879944424,0.8491191944037226,0.11188870241967028,33.46575390848647
2025-07-16,earliest,test:WF2,test:WF2,2,1,test,test,WF2,WF2,0.010056256838271212,0.02325220354304773,0.019293419531614772,0.06619021227608557,0.10080413354740057,0.09041995716600607,0.5097815671480261,0.44671799725545264,0.4656370682232247,0.3552825202440767,0.17071046819562277,0.22608208381015893,0.05868944349354039,0.2585151974584764,0.1985674712689956,0.811802635382973,0.10971337669762084,32.48933341852674
2025-07-17,earliest,test:WF2,test:WF2,2,1,test,test,WF2,WF2,0.017931738892845463,0.0238174712392618,0.022051751535336898,0.06458582265247169,0.09898904211785951,0.08866807627824316,0.5140227660195111,0.4527544109005769,0.47113491743625713,0.35837490066070904,0.16340186592439487,0.22189377634528912,0.045084771774462636,0.261037209817907,0.1962514784048737,0.812187831849228,0.11071982781358006,32.519092352502305
2025-07-18,earliest,test:WF2,test:WF2,2,1,test,test,WF2,WF2,0.018627099631279793,0.0226477224254766,0.021441535587217557,0.0783321820058641,0.09570151819890085,0.09049071734098983,0.5307170858201014,0.24297461727204653,0.32929735783646297,0.33914263833065633,0.388148150104557,0.37344649657238677,0.033180994212098504,0.2505279919990191,0.1853238926629429,0.8361941252144937,0.11193225292820738,33.143498188926486
2025-07-21,earliest,test:WF2,test:WF2,2,1,test,test,WF2,WF2,0.012896205759038984,0.023951916164702432,0.020635203043003397,0.07177420255011886,0.10033749785699411,0.09176850926493153,0.5150629144521025,0.21586196343655578,0.3056222487412198,0.3533674755087348,0.38589198687562964,0.37613463346556114,0.04689920173000485,0.2739566356661181,0.20583940548528412,0.8417247304798408,0.11240371230793493,33.29119250815472
2025-07-22,earliest,test:WF2,test:WF2,2,1,test,test,WF2,WF2,0.008818949785492317,0.02656027784344283,0.02123787942605768,0.06738981054995209,0.3265569576264362,0.248806813503491,0.5103171597376027,0.22232816453588597,0.30872486309640107,0.35690204725049574,0.1311710966288375,0.198890381815335,0.05657203267645709,0.29338350336539754,0.22234006215871543,0.8986182815325258,0.2700446929295487,37.86635089690412
2025-07-23,earliest,test:WF2,test:WF2,2,1,test,test,WF2,WF2,0.004278832975528651,0.02481431494334385,0.01865367035299929,0.07267971233003022,0.10797438559863332,0.09738598361805238,0.5158346878771335,0.4093639274813001,0.4413051556000501,0.3357331707102405,0.1434070809045223,0.20110490784623775,0.0714735961070672,0.3144402910722005,0.24155028258266048,0.8250156483766458,0.11603965397105168,32.94618428883717
2025-07-24,earliest,test:WF2,test:WF2,2,1,test,test,WF2,WF2,0.022385754699979984,0.02619533646644556,0.025052461936505885,0.09084493883722906,0.10429469012265317,0.10025976473702594,0.5428264120629368,0.19075147073501525,0.2963739531333917,0.2991812807389112,0.3606651536018393,0.34221999174296086,0.04476161366094306,0.3180933490740468,0.23609382845011567,0.8643765191424222,0.1253122266735318,34.11565751203119
2025-07-25,earliest,test:WF2,test:WF2,2,1,test,test,WF2,WF2,0.024382710202243793,0.2460350708210033,0.17953936263537545,0.09828410102862108,0.10556985074127212,0.10338412582747683,0.5150292499904003,0.19537549001784282,0.29127161800961016,0.30261921639343714,0.1417654833195737,0.19002160324173278,0.05968472238529754,0.311254105100308,0.2357832902858049,0.9683194061410708,0.2829234884628523,39.86645492278382
2025-07-28,earliest,test:WF2,test:WF2,2,1,test,test,WF2,WF2,0.01890696688294154,0.024816337515132268,0.023043526325475048,0.11000022141679267,0.10593798045948705,0.10715665274667874,0.542103678945261,0.42662810369084764,0.4612707762671716,0.2888361637875058,0.1441855580422813,0.18758073976584866,0.040152968967498974,0.29843202029225185,0.22094830489482598,0.8267788320595337,0.13020017907215378,33.27347438293142
2025-07-29,earliest,test:WF2,test:WF2,2,1,test,test,WF2,WF2,0.011399498080993234,0.025781090797511633,0.021466612982556112,0.09749389903384147,0.11370685322025195,0.1088429669643288,0.5471512842818296,0.4198162854871621,0.4580167851255623,0.30819045736447065,0.12793654471093216,0.1820127185069937,0.035764861238865124,0.31275922578414217,0.22966091642055902,0.8260370547717788,0.1303095799468849,33.257117968232166
2025-07-30,earliest,test:WF2,test:WF2,2,1,test,test,WF2,WF2,0.012831825724277181,0.02314375238130595,0.020050174384197317,0.09644751248096159,0.11682955623436524,0.11071494310834414,0.5341719402058874,0.38057115794193946,0.42665139262112384,0.31731018224968355,0.14674167382683628,0.19791222635369043,0.03923853933919041,0.3327138596155531,0.2446712635326443,0.8391291773619943,0.13076511749254144,33.59353178390069
2025-07-31,earliest,test:WF2,test:WF2,2,1,test,test,WF2,WF2,0.02286060038321586,0.02578905201413572,0.02491051652485976,0.09752775747237659,0.11911886013247157,0.11264152933444307,0.5499449170779734,0.17171563750806232,0.28518442137903566,0.31361674138894485,0.3555136664314691,0.3429445889187118,0.0160499836774893,0.32786278391386137,0.23431894384294974,0.8715870288719278,0.13755204585930284,34.54071663898426
2025-08-01,earliest,test:WF2,test:WF2,2,1,test,test,WF2,WF2,0.015624546545987912,0.025158594274395308,0.022298379955873086,0.11122254439085702,0.3299988300276383,0.2643659443366039,0.5710674161036156,0.22538347286987362,0.3290886558399962,0.2907643120645721,0.15015282221582948,0.19233626917045227,0.011321180894967454,0.26930628061226325,0.1919107506970745,0.8923255757180072,0.28666432429247696,38.04142587879972
2025-08-04,earliest,test:WF2,test:WF2,2,1,test,test,WF2,WF2,0.023105997269459725,0.023459885128532823,0.02335371877081089,0.1296284825460938,0.10097790881667122,0.10957308093549799,0.5404705307943459,0.22109247765442408,0.31690589359640065,0.2992390906924716,0.4031000172878349,0.3719417393092259,0.0075558986976290475,0.2513697111125371,0.17822556738806467,0.8508809843714291,0.13292679970630888,33.930560603411905
2025-08-05,earliest,test:WF2,test:WF2,2,1,test,test,WF2,WF2,0.01722502196106109,0.02267473346912839,0.0210398200167082,0.10248722696578605,0.1089993428685586,0.10704570809772682,0.5292008245566147,0.41317373783417055,0.44798186385090377,0.33775315344943696,0.24630203320742805,0.2737373692800307,0.013333773067101368,0.2088501526207145,0.15019523875463053,0.8198883325794502,0.12808552811443502,33.05891887677495
2025-08-06,earliest,test:WF2,test:WF2,2,1,test,test,WF2,WF2,0.018027934088494,0.024519540561810833,0.022572058619815785,0.1052972868551805,0.10433666906930707,0.10462485440506909,0.5355049344317916,0.42900609252249283,0.4609557450952825,0.3307448043012419,0.218750401077665,0.2523487220447381,0.010425040323292018,0.22338729676872435,0.15949861983509467,0.819542295519836,0.12719691302488487,33.0324956484936
2025-08-07,earliest,test:WF2,test:WF2,2,1,test,test,WF2,WF2,0.012508083544661434,0.023552263022671882,0.020239009179268744,0.1075176261723137,0.322261008359243,0.2578379937031642,0.5441196632107791,0.19446432132492822,0.2993609238906835,0.3251272944251443,0.2210040346931795,0.25224101261276893,0.010727332647101465,0.23871837259997744,0.17032106061411464,0.8937188960638561,0.2780770028824329,37.90451245924506
2025-08-08,earliest,test:WF2,test:WF2,2,1,test,test,WF2,WF2,0.016730560359152803,0.24459382094154286,0.17623484276682583,0.09991673360787702,0.10111048014923821,0.10075235618682984,0.5059034057107987,0.2565260317779786,0.33133924395782466,0.36397783196035227,0.18173759481427862,0.23640966595810073,0.01347146836181907,0.21603207231696175,0.15526389113041894,0.9527030380978184,0.27698719895365564,39.357319931518575
2025-08-11,earliest,test:WF2,test:WF2,2,1,test,test,WF2,WF2,0.01600917861854169,0.023728653558123775,0.02141281107624915,0.10939817596136267,0.09877237795683552,0.10196011735819366,0.5230153096196858,0.2384301891635643,0.32380572530040075,0.33938445248613297,0.4146347296388213,0.3920596464930148,0.012192883314276894,0.22443404968265518,0.16076169977214166,0.8333173836570178,0.12337292843444281,33.300393160114304
2025-08-12,earliest,test:WF2,test:WF2,2,1,test,test,WF2,WF2,0.013841115644389125,0.023369300117822445,0.020510844775792448,0.10745342891954568,0.10097893270569114,0.1029212815698475,0.5028719503272517,0.24545171740310107,0.32267778728034624,0.36337294048009766,0.42617300078882203,0.4073329826962047,0.012460564628715759,0.20402704898456336,0.14655710367780908,0.8238897239409593,0.12343212634563995,33.06588562543678
2025-08-13,earliest,test:WF2,test:WF2,2,1,test,test,WF2,WF2,0.016913124510547127,0.023800415834809803,0.021734228437530995,0.11904393531226151,0.32152743036309456,0.2607823818478446,0.5314726608330074,0.25405700184309066,0.33728169954006565,0.32214455075807585,0.17452089137754973,0.21880798919170752,0.010425728586108159,0.2260942605814553,0.1613937009828511,0.8867422013372716,0.28251661028537556,37.8188872391393
2025-08-14,earliest,test:WF2,test:WF2,2,1,test,test,WF2,WF2,0.00839196673747164,0.023685395508888332,0.019097366877463322,0.1309707172803353,0.1073306253309948,0.11442265291579694,0.5155534272070068,0.2518076896683139,0.33093141092992173,0.33356057508777776,0.18332649531407846,0.22839671924618823,0.011523313687408509,0.43384979417772457,0.3071518500306298,0.863304259372698,0.13352001979326025,34.25300688018265
2025-08-15,earliest,test:WF2,test:WF2,2,1,test,test,WF2,WF2,0.009398872230842367,0.022672179806304364,0.018690187533665765,0.12438294455813173,0.10171930680723729,0.1085183981325056,0.5236974209877339,0.48306452856507154,0.4952543962918702,0.32951435829837905,0.1867018545667936,0.22954560568626922,0.01300640392491303,0.2058421302545933,0.1479914123556892,0.7977662606043496,0.12720858566617138,32.48832822843217
2025-08-18,earliest,test:WF2,test:WF2,2,1,test,test,WF2,WF2,0.01764943411099543,0.024952750412011983,0.022761755521707012,0.10605209849346288,0.10287313670155729,0.10382682523912896,0.5374115479866987,0.26035791593558283,0.34347400555091756,0.32716258630976675,0.1599730122920775,0.21012988449738426,0.011724333099076476,0.4518431846587705,0.31980752919086225,0.8578917598061808,0.12658858076083598,33.979065610371244
2025-08-19,earliest,test:WF2,test:WF2,2,1,test,test,WF2,WF2,0.02100815936365716,0.023493926798639958,0.02274819656814512,0.11856747986253069,0.1039785366030441,0.10835521958089007,0.528154223285075,0.25443194803391034,0.33654863060925977,0.3206544483741373,0.17401719770370014,0.2180083729048313,0.011615689114599845,0.4440783908607054,0.31433958033687376,0.863173964650265,0.1311034161490352,34.20141743923733
2025-08-20,earliest,test:WF2,test:WF2,2,1,test,test,WF2,WF2,0.016791264853834562,0.024330539270387846,0.02206875694542186,0.12561695914906726,0.10274064263209763,0.10960353758718852,0.5005817701094833,0.218070093394133,0.3028235964087381,0.34312279175997334,0.44035804609184087,0.4111874697922806,0.013887214127641425,0.21450067861154068,0.1543166392663709,0.8338566247751598,0.13167229453261037,33.4798615100312
2025-08-21,earliest,test:WF2,test:WF2,2,1,test,test,WF2,WF2,0.010446591064570345,0.024539597129262194,0.020311695309854636,0.07128520302880809,0.09942135026392546,0.09098050609339024,0.5051662345791573,0.17439011222254783,0.27362294892953065,0.3831711574141433,0.44440248830109796,0.4260330890350115,0.029930813913320992,0.25724645208316665,0.18905176063221293,0.8265433765020401,0.11129220140324488,32.8894284406159
2025-08-22,earliest,test:WF2,test:WF2,2,1,test,test,WF2,WF2,0.03193196821465825,0.025247704673178814,0.027252983735622648,0.06797442153948328,0.1032741170170606,0.09268420837378741,0.5120457520378786,0.3840069807903218,0.42241861216458887,0.3704861630934873,0.2662714582247326,0.297535869685359,0.01756169511449249,0.2211997392947063,0.16010832604064212,0.830501851448455,0.11993719210941006,33.16129012839958
2025-08-25,earliest,test:WF2,test:WF2,2,1,test,test,WF2,WF2,0.02225433516941772,0.02546038733932485,0.02449857168835271,0.10825291793449224,0.3272503603950255,0.2615511276568655,0.532443931409384,0.21938209542551304,0.31330064622067433,0.32290285643014766,0.20971414478922676,0.243670758281503,0.014145959056558485,0.21819301205090977,0.15697889615260438,0.8947052882861776,0.28604969934521823,38.088626194058804
2025-08-26,earliest,test:WF2,test:WF2,2,1,test,test,WF2,WF2,0.01757859173765048,0.026220228865638844,0.02362773772724233,0.0609440848155324,0.11192257894527843,0.09662903070635462,0.525531415047213,0.21574815814570117,0.3086831352161547,0.3778868551900756,0.19980249721284543,0.25322780460601446,0.018059053209528598,0.44630653683053617,0.3178322917442339,0.8631904390749067,0.12025676843359695,33.984896345544605
2025-08-27,earliest,test:WF2,test:WF2,2,1,test,test,WF2,WF2,0.016565804574416726,0.025293260481901312,0.022675023709655934,0.0670023420385794,0.10536258477674568,0.09385451195529579,0.5268793647700102,0.2397892152127632,0.32591626007993724,0.3733358853721162,0.1873222529469355,0.2431263426744897,0.016216603244877396,0.4422326865816545,0.31442786158062136,0.8580170512000486,0.11652953566495172,33.78101699330025
2025-08-28,earliest,test:WF2,test:WF2,2,1,test,test,WF2,WF2,0.02737389983857864,0.023671524526273684,0.02478223711996517,0.08123560577158595,0.10365010844381872,0.09692575764214889,0.5098337638346855,0.22173354612967042,0.30816361144117493,0.36628452162991526,0.4372902128534253,0.41598850548637223,0.015272208925234697,0.21365460804681194,0.15413988831033876,0.828659873951007,0.12170799476211405,33.15065674401745
2025-08-29,earliest,test:WF2,test:WF2,2,1,test,test,WF2,WF2,0.016173597086566207,0.023285243366019844,0.021151749482183752,0.07692969397251553,0.32327324755953585,0.24937018148342974,0.5319402933645191,0.21834161606757052,0.3124212192566551,0.34934392119691016,0.22371378333788852,0.261402824695595,0.025612494379489023,0.21138610966898533,0.15565402508213644,0.889515797269391,0.2705219309656135,37.648333551047045
2025-09-01,earliest,test:WF2,test:WF2,2,1,test,test,WF2,WF2,0.013274029797954648,0.024182448504137956,0.02090992289228296,0.07509107291008557,0.1132431566558445,0.10179753153211682,0.5159637970748677,0.18145464163269986,0.28180738826535023,0.37325957804275733,0.22523086149144603,0.2696394764568394,0.022411522174334817,0.4558888917158717,0.32584568085341065,0.8631341449056105,0.12270745442439979,34.03250271112826
2025-09-02,earliest,test:WF2,test:WF2,2,1,test,test,WF2,WF2,0.0073561525914020865,0.02369403407333348,0.01879266962875406,0.09625441584025905,0.32493969209963297,0.25633410922182076,0.5268576801912238,0.18889861507089284,0.29028633460699216,0.3448877767407397,0.22200275385619822,0.25886826072156066,0.02464397463637539,0.24046490489994254,0.1757186258208724,0.8935267501551912,0.2751267788505748,37.84070433089128
2025-09-03,earliest,test:WF2,test:WF2,2,1,test,test,WF2,WF2,0.020803655442194462,0.0242179197851328,0.0231936404822513,0.08497436535464817,0.10201488830538934,0.09690273142016699,0.5050935291010961,0.1661993510317996,0.26786760445258856,0.3576429123498391,0.4549703523486558,0.42577212034901074,0.03148553775222219,0.2525974885290225,0.18626390329598239,0.8343937167394573,0.12009637190241829,33.2617703565348
2025-09-04,earliest,test:WF2,test:WF2,2,1,test,test,WF2,WF2,0.01768622085039252,0.02346856437799525,0.02173386131971443,0.10174270383859199,0.10584438457809411,0.10461388035624347,0.5200830857679876,0.17913248409523772,0.28141766459706263,0.34438508049641,0.4734665052055331,0.4347420777927961,0.01610290904661813,0.2180880617431398,0.15749251593418329,0.8260279012581205,0.12634774167595791,33.177652364972175
2025-09-05,earliest,test:WF2,test:WF2,2,2,test,test,WF2,WF2,0.020235319621537882,0.024503057729627388,0.023222736297200536,0.10533380985037817,0.1090221930533321,0.10791567809244593,0.5057750530560278,0.16799763081260943,0.26933085748563496,0.3395730169729133,0.4271938350034335,0.4009075895942774,0.029082800499142827,0.2712832834009976,0.19862313853044117,0.8502580988189185,0.13113841438964646,33.87922075826589
2025-09-08,earliest,test:WF2,test:WF2,2,2,test,test,WF2,WF2,0.019759053977220074,0.024280677149778974,0.022924190198011302,0.13435158636841293,0.12098018709666386,0.12499160687818858,0.5112737646887828,0.1834523277349075,0.2817987588210701,0.3189502571209855,0.195014485680646,0.23219521711274785,0.01566533784459862,0.47627232233800376,0.3380902269899822,0.8755068669228994,0.1479157970761999,34.84598761459648
2025-09-09,earliest,test:WF2,test:WF2,2,2,test,test,WF2,WF2,0.012365700608780682,0.024695730748625952,0.02099672170667237,0.12272468180912267,0.11596010260142894,0.11798947636373705,0.5161503869089759,0.39281879678192244,0.42981827382003845,0.3193429904417229,0.22715055401641368,0.2548082849440064,0.029416240231397973,0.23937481585160902,0.17638724316554572,0.8392036693314416,0.1389861980704094,33.75981569469423
2025-09-10,earliest,test:WF2,test:WF2,2,2,test,test,WF2,WF2,0.00824631952934737,0.02584983416335257,0.02056877977315101,0.1660090875436001,0.3296702894119825,0.28057192885146776,0.5099379285240079,0.2215619637487354,0.30807475318131716,0.2922624288119172,0.17868014952552122,0.21275483331144002,0.0235442355911275,0.24423776315040835,0.1780297048826241,0.8920585756482892,0.3011407086246188,38.3242785636996
2025-09-11,earliest,test:WF2,test:WF2,2,2,test,test,WF2,WF2,0.007277373411320599,0.02559453298933418,0.020099385115930107,0.1423828191179657,0.1064222591676279,0.11721042715272922,0.5024263350046263,0.23366659146797455,0.31429451452897006,0.32781818110822614,0.37664565027784164,0.36199740952695697,0.020095291357861346,0.25767096609722184,0.18639826367541368,0.8540452070553933,0.13730981226865932,34.09732642175802
2025-09-12,earliest,test:WF2,test:WF2,2,2,test,test,WF2,WF2,0.004330652336341281,0.024265080101473293,0.01828475177193369,0.15200282587005196,0.10200736549631835,0.11700600360843842,0.5072696029016267,0.4689115567319401,0.4804189705828461,0.3164313893355347,0.1560157052282375,0.20414041046042664,0.019965529556445427,0.24880029244203083,0.18014986357635518,0.8136644679946775,0.1352907553803721,33.04742680747438
2025-09-15,earliest,test:WF2,test:WF2,2,2,test,test,WF2,WF2,0.009125472535386186,0.02402199015994056,0.019553034872574246,0.1311822619574893,0.3215952063645151,0.26447132304240734,0.5072535463247632,0.25437917204338767,0.3302414843278003,0.3373865520532907,0.17329147804314826,0.22252000024619098,0.015052167129070614,0.22671215338900844,0.16321415751102708,0.8852890800479513,0.2840243579149816,37.81271415949841
2025-09-16,earliest,test:WF2,test:WF2,2,2,test,test,WF2,WF2,0.01006844202651145,0.023362253973357654,0.019374110389303797,0.12663419630831668,0.1042042058093501,0.11093320295904008,0.5107170045280752,0.2752210081521065,0.3458698070648971,0.3364310176990786,0.37214708104552585,0.36143226204159173,0.01614933943801797,0.2250654510196598,0.16239061754516726,0.8391418126952063,0.1303073133483439,33.584691584347034
2025-09-17,earliest,test:WF2,test:WF2,2,2,test,test,WF2,WF2,0.009071263167589438,0.026263856196224,0.02110607828763363,0.12084649447503197,0.10982630706358221,0.11313236328701709,0.49225424790107136,0.5073216963471529,0.5028014618133283,0.3630986067853721,0.14454356480886524,0.21011007740181722,0.014729387670935214,0.21204457558417578,0.15285001921020358,0.8006340328702323,0.13423844157465073,32.70061965324882
2025-09-18,earliest,test:WF2,test:WF2,2,2,test,test,WF2,WF2,0.004504014884928337,0.025226003631658354,0.019009407007639343,0.1325065377664555,0.10443078389591176,0.11285351005707486,0.5119291071718717,0.25644218600156027,0.33308826235265365,0.3369184648730204,0.38360512717694173,0.36959912848576526,0.01414187530372406,0.230295899293928,0.16544969209686677,0.8408235130644774,0.1318629170647142,33.657846167906214
2025-09-19,earliest,test:WF2,test:WF2,2,2,test,test,WF2,WF2,0.01798835353708612,0.2474578549963708,0.17861700455858537,0.11659832420324973,0.10728108905766705,0.11007625960134185,0.5247872642054494,0.26492922382969797,0.3428866359424234,0.32639923467326937,0.17532680374772838,0.22064853302539067,0.014226823380945436,0.20500502836853587,0.14777156687225873,0.9528577781308385,0.28869326415992724,39.5953097364695
2025-09-22,earliest,test:WF2,test:WF2,2,2,test,test,WF2,WF2,0.006023395363480338,0.2447501664537894,0.1731321351266967,0.12773465431410014,0.10666754154533245,0.11298767537596277,0.5422076324190783,0.2670415946754284,0.3495914059985234,0.31422029787667716,0.12959050034596392,0.1849794396051779,0.009814020026664034,0.25195019697948573,0.17930934389363926,0.9554450308552805,0.28611981050265944,39.6085219814352
2025-09-23,earliest,test:WF2,test:WF2,2,2,test,test,WF2,WF2,0.01770895057560752,0.025206402540255635,0.022957166950861196,0.12313793818522556,0.10958869242149863,0.1136534661506167,0.5379803654727473,0.2633172596956721,0.3457161914287946,0.3118377802021357,0.13400658123919654,0.18735594092807828,0.009334965564283927,0.46788106410337715,0.3303172345416492,0.8578514196407956,0.1366106331014779,34.178498153049446
2025-09-24,earliest,test:WF2,test:WF2,2,2,test,test,WF2,WF2,0.013928999173592483,0.022937535899952413,0.020234974882044433,0.11128884055991199,0.32003248733970635,0.25740939330576806,0.5220040083524246,0.2616563345920747,0.33976063672017964,0.3420019313317703,0.14579928956815522,0.20466008209723974,0.010776220582300615,0.24957435260011138,0.17793491299476813,0.8865680212089149,0.2776443681878125,37.71708789397912
2025-09-25,earliest,test:WF2,test:WF2,2,2,test,test,WF2,WF2,0.011030319177455566,0.2436021773031017,0.17383061986540788,0.1253787998969287,0.09906064406985576,0.10695609081797765,0.5271334973956028,0.2769327315505933,0.3519929613040961,0.32564592552370414,0.1384507393459561,0.1946092951992805,0.01081145800630884,0.2419537077304933,0.17261103281323795,0.9522072562465836,0.2807867106833855,39.4209156198323
2025-09-26,earliest,test:WF2,test:WF2,2,2,test,test,WF2,WF2,0.012386272226890498,0.023723221412481767,0.020322136656804386,0.11587387861745606,0.10084164170952184,0.1053513127819021,0.5403090033900225,0.27639738422082094,0.35557086997158144,0.3186920515698584,0.13583417761575767,0.19069153980198789,0.012738794195772434,0.4632035750414179,0.3280641407877242,0.8484780326287097,0.12567344943870648,33.72541980449187
2025-09-30,earliest,test:WF2,test:WF2,2,2,test,test,WF2,WF2,0.006504875552192663,0.02415667313530794,0.018861133860373358,0.09672157425230148,0.09402044175828636,0.0948307815064909,0.5478598689238956,0.22833172888620162,0.3241901708975098,0.33477246061182303,0.18336621615803514,0.2287880894941715,0.0141412206597873,0.470124940062169,0.3333298242414544,0.8494350169173879,0.11369191536686425,33.50971373027198
2025-10-01,earliest,test:WF2,test:WF2,2,2,test,test,WF2,WF2,0.007919797591591003,0.02383809037885331,0.01906260254267462,0.08501451015667903,0.09629013112637715,0.09290744483546771,0.5561672108232819,0.25460934543848257,0.34507670505392235,0.3381110238065107,0.16474982596250803,0.21675818531570884,0.012787457621937334,0.460512607093779,0.3261950622522265,0.8451701168568011,0.11197004737814234,33.368653868982875
2025-10-02,earliest,test:WF2,test:WF2,2,2,test,test,WF2,WF2,0.007052496512831838,0.2434691753744709,0.17254417171597922,0.10812532902160811,0.09820289283906052,0.10117962369382481,0.5544968781317333,0.22215328235292847,0.32185636108657,0.31925222410837073,0.16129913197029735,0.2086850596117194,0.01107307222545586,0.2748755174632426,0.19573478389190663,0.9606306332387659,0.273723795409804,39.49024173916523
2025-10-03,earliest,test:WF2,test:WF2,2,2,test,test,WF2,WF2,0.008665546970772299,0.026654023454078465,0.021257480509086615,0.1029928426938029,0.10540370571087795,0.10468044680575544,0.5555949057569691,0.44529374601795946,0.4783840939396623,0.32161470357401306,0.13398603565403017,0.19027463603002504,0.011132001004442671,0.288662489163054,0.20540334271547056,0.8149874293117633,0.12593792731484205,32.89344427909092
2025-10-07,earliest,test:WF2,test:WF2,2,2,test,test,WF2,WF2,0.011304793152042565,0.024345318032942417,0.020433160568672455,0.11331650115693916,0.09713440974674087,0.10198903716980032,0.5503837740834264,0.41264672002709113,0.4539678362439916,0.3156274043415186,0.1436387012357661,0.1952353121674918,0.00936752726607331,0.3222348509574596,0.22837465385004363,0.8245247406276353,0.12242219773847277,33.06156247046034
2025-10-08,earliest,test:WF2,test:WF2,2,2,test,test,WF2,WF2,0.0267277787044779,0.024064309361454102,0.02486335016436124,0.12943502949858587,0.09536380017351752,0.10558516897103802,0.5162566301266026,0.4015152920219427,0.43593769345334066,0.31795309533838856,0.15765754853513733,0.20574621257611272,0.009627466331945266,0.3213990499079484,0.22786757483514747,0.8409745634576147,0.13044851913539926,33.63333446914835
2025-10-09,earliest,test:WF2,test:WF2,2,2,test,test,WF2,WF2,0.017422914066178408,0.022295783986697904,0.020833923010542054,0.11273718725169476,0.30766465483457883,0.2491864145597136,0.5308581934527766,0.2567355183090584,0.3389723208521739,0.3273619224368654,0.1670552062998119,0.21514722114092796,0.011619782792484726,0.24624883656985302,0.17586012043664254,0.8884084427805872,0.2700203375702557,37.61061782091979
2025-10-13,earliest,test:WF2,test:WF2,2,2,test,test,WF2,WF2,0.018031607784358514,0.023056254264954987,0.021548860320776044,0.10481436780031644,0.0937094267738887,0.09704090908181703,0.5208013045623691,0.2606017403283151,0.3386616095985313,0.3448621335460823,0.15923336706870625,0.21492199701191905,0.011490586306873678,0.4633992115641349,0.3278266239869565,0.8523428589502446,0.11858976940259308,33.680366861807975
2025-10-14,earliest,test:WF2,test:WF2,2,2,test,test,WF2,WF2,0.020606433120073885,0.023939868031932633,0.02293983755837501,0.08232603173414105,0.09378824843542799,0.09034958342504192,0.5303861776020633,0.44980194192718626,0.4739772126296494,0.35294058705244147,0.17970908183350245,0.23167853339918415,0.013740770491280294,0.25276085977195056,0.1810548329877495,0.8113973285894802,0.11328942098341693,32.55072163440535
2025-10-15,earliest,test:WF2,test:WF2,2,2,test,test,WF2,WF2,0.006073159191208589,0.02402478704886487,0.01863929869156798,0.07459814592386325,0.09555920419261506,0.08927088671198949,0.5265955198465561,0.21657197074304632,0.3095790354740992,0.3767188241788563,0.45409261744933577,0.43088047946819186,0.016014350859515875,0.2097514205661381,0.1516302996541514,0.8087924625643869,0.10791018540355747,32.378015272180825
2025-10-16,earliest,test:WF2,test:WF2,2,2,test,test,WF2,WF2,0.01301197435887777,0.025278292683361868,0.021598397186016634,0.0737257628668667,0.09828926391261147,0.09092021359888804,0.5170210858065092,0.23502141725460723,0.3196213178201778,0.38167451395304675,0.37149666252415225,0.3745500179528206,0.014566663014699652,0.2699143636252673,0.19331005344209698,0.839374666441962,0.11251861078490467,33.234738876747144
2025-10-17,earliest,test:WF2,test:WF2,2,2,test,test,WF2,WF2,0.0076317458527838744,0.02534889364130315,0.020033749304747366,0.07717340736000389,0.09801548527592421,0.09176286190114812,0.5119897475317443,0.22797278788311023,0.31317787577770045,0.38898160424057804,0.38362445902867054,0.38523160259224276,0.014223495014889802,0.2650383741709919,0.18979391042416127,0.8350693718176941,0.11179661120589549,33.112666519560264
2025-10-20,earliest,test:WF2,test:WF2,2,2,test,test,WF2,WF2,0.006536659667205692,0.022515520547710954,0.017721862283559375,0.06902638895865665,0.09251286412420835,0.08546692157454283,0.5365036925471335,0.24386766075450197,0.33165847029229145,0.369742678731732,0.4258296812412613,0.4090035804884025,0.01819058009527224,0.21527427333231736,0.15614916536120382,0.8098138298686681,0.1031887838581022,32.30912142387875
2025-10-21,earliest,test:WF2,test:WF2,2,2,test,test,WF2,WF2,0.016403024950158114,0.02354488135755537,0.021402324435336198,0.08537762344195506,0.09404987573411475,0.09144820004646685,0.5292384683694871,0.2406081098746752,0.3271972174231188,0.35477580340422216,0.4056765913077827,0.3904063549367146,0.014205079834177532,0.23612054172587196,0.16954590315836365,0.8292619285128603,0.11285052448180305,32.98855870245757
2025-10-22,earliest,test:WF2,test:WF2,2,2,test,test,WF2,WF2,0.008250062168157544,0.023347500018401083,0.01881826866332802,0.10463063617653558,0.09469088211759506,0.09767280833527721,0.5260728952808008,0.25228606187733416,0.3344221118983741,0.34682559743793234,0.17047057952530487,0.22337708489909308,0.014220808936573653,0.45920497646136493,0.3257097262039275,0.8502696306046503,0.11649107699860523,33.586562305088364
2025-10-23,earliest,test:WF2,test:WF2,2,2,test,test,WF2,WF2,0.009644697714512302,0.024196912511463275,0.019831248072377988,0.08521216756731756,0.31575731937002505,0.24659377382921283,0.5324620919310231,0.23858235362120175,0.32674627511414817,0.3547882342358672,0.18354056230225396,0.23491486388233793,0.017892808551279754,0.2379228521950561,0.1719138391019232,0.8894116815030941,0.2664250219015908,37.56379247560916
2025-10-27,earliest,test:WF2,test:WF2,2,2,test,test,WF2,WF2,0.01108900580427237,0.023294140891338418,0.019632600365218602,0.09194172367443049,0.09499062976152339,0.09407595793539551,0.5454614607423608,0.4556808582773693,0.48261503901686675,0.3351403190012396,0.19908842075820693,0.23990399023111672,0.016367490777696753,0.226945950311562,0.16377241245140242,0.8014656146104938,0.11370855830061412,32.31081153127463
2025-10-28,earliest,test:WF2,test:WF2,2,2,test,test,WF2,WF2,0.015615479654323246,0.025956820615971342,0.022854418327476915,0.0918064385949153,0.12128639566499927,0.11244240854397408,0.5159394993046881,0.1958011980523266,0.29184268842803507,0.35902923405239023,0.4214058601872955,0.4026928723468239,0.017609348393683156,0.2355497254794072,0.17016761235369,0.8444810290000214,0.135296826871451,33.81796226242955
2025-10-29,earliest,test:WF2,test:WF2,2,2,test,test,WF2,WF2,0.009700059444167084,0.2476417176415407,0.17625922018232856,0.07023199852150556,0.1044154354652228,0.0941604043821076,0.529878429287105,0.20529391086631707,0.30266926639255337,0.3729634369363813,0.21617483957258024,0.2632114187817205,0.01722607581084119,0.22647409645433927,0.16369969026128983,0.9554503521505734,0.27041962456443613,39.29465129505306
2025-10-30,earliest,test:WF2,test:WF2,2,2,test,test,WF2,WF2,0.026124430824597582,0.02559933182962785,0.025756861528118766,0.07230976448854583,0.10711644644854583,0.09667444186054583,0.5162338922103211,0.24783886468771946,0.32835737294449996,0.3693958949256137,0.43336018708636254,0.4141708994381379,0.015936017550921788,0.18608516994774432,0.13504042422869755,0.8209387428950724,0.12243130338866459,32.972094640150104
2025-10-31,earliest,test:WF2,test:WF2,2,2,test,test,WF2,WF2,0.01802384123705286,0.022989702949651317,0.02149994443587178,0.07394106541906174,0.09347023960941744,0.08761148735231074,0.5217228562151883,0.24969495864108018,0.33130332791331263,0.37070533704452946,0.18154093465029325,0.23829025536856407,0.015606900084167735,0.4523041641495579,0.32129498492994085,0.8502594981575093,0.10911143178818251,33.43871608970139
2025-11-03,earliest,test:WF2,test:WF2,2,2,test,test,WF2,WF2,0.0583296116555582,0.023598419572829998,0.03401777719764846,0.05508055508505917,0.09489228292850577,0.08294876457547178,0.488346728916701,0.4780366196303516,0.4811296524162564,0.3811861197788251,0.2097457670365817,0.2611778728592547,0.017056984563856483,0.1937269108317311,0.1407259329513687,0.8078082782382151,0.11696654177312024,32.53453779141778
2025-11-04,earliest,test:WF2,test:WF2,2,2,test,test,WF2,WF2,0.03301312345396854,0.02422102143491548,0.026858652040631398,0.06656171455321286,0.10180579640819179,0.09123257185169811,0.5061695298625568,0.2558357684408729,0.3309358968673781,0.3759084830605578,0.4262534206779765,0.4111499393927509,0.018347149069703927,0.19188399303804338,0.13982293984754154,0.8214463889264239,0.11809122389232951,32.89798420100718
2025-11-05,earliest,test:WF2,test:WF2,2,2,test,test,WF2,WF2,0.02583925598032899,0.025782923528217046,0.02579982326385063,0.060375707461756085,0.09374001150601907,0.08373072029274017,0.5180873612875518,0.44233786680415327,0.46506271514917286,0.37583999947738755,0.2115186703378027,0.26081506907967816,0.01985767579297537,0.22662052782380795,0.16459167221455817,0.8111901809315485,0.10953054355659081,32.470365394420526
2025-11-06,earliest,test:WF2,test:WF2,2,2,test,test,WF2,WF2,0.021185717225815057,0.02738154981807675,0.025522800040398242,0.06157728776914936,0.09665853312121256,0.0861341595155936,0.5037014581763779,0.2328816825443223,0.31412761523393895,0.39186190368993046,0.4391433079671686,0.4249588866839972,0.021673633138727312,0.2039349265492198,0.14925653852607204,0.8177509767071103,0.11165695955599184,32.67691360879759
2025-11-07,earliest,test:WF2,test:WF2,2,2,test,test,WF2,WF2,0.031301302150064284,0.025833593895600665,0.02747390637193975,0.060744259809279916,0.10050547009805062,0.08857710701141941,0.5116035822969554,0.2029052219647024,0.29551473006437823,0.378981181548139,0.437484906191571,0.4199337887985414,0.017369674195561534,0.2332708078500753,0.16850046775372118,0.8314248287397427,0.11605101338335916,33.10664098616075
2025-11-10,earliest,test:WF2,test:WF2,2,2,test,test,WF2,WF2,0.014019201222475249,0.030280370347771198,0.02540201961018241,0.07478290164202743,0.09711428288080053,0.09041486850916859,0.5023835766144854,0.20201302068543092,0.29212418746414726,0.38816940981738834,0.4406098577336686,0.4248777233587845,0.02064491070362373,0.22998246835232883,0.1671812010577173,0.8281077498234851,0.11581688811935101,33.01903150797415
2025-11-11,earliest,test:WF2,test:WF2,2,2,test,test,WF2,WF2,0.02173797761303443,0.026762779267739078,0.025255338771327684,0.06889405769366529,0.10531066635623496,0.09438568375746405,0.5134031885792599,0.1866208992503645,0.2846555860490331,0.37974381437640453,0.471614380877168,0.44405321092693895,0.016220961737635868,0.20969127424849351,0.1516501804952362,0.8200883691674509,0.11964102252879173,32.89502967976211
2025-11-12,earliest,test:WF2,test:WF2,2,2,test,test,WF2,WF2,0.010013070497263037,0.02589959959027959,0.021133640862374625,0.08463867368247946,0.10451385079995287,0.09855129766471084,0.5283567219235722,0.18053786500413843,0.28488352207996853,0.3614488088074261,0.25833170296600405,0.2892668347184306,0.015542725089259218,0.43071698163962513,0.30616470467451534,0.8629016910006995,0.11968493852708546,33.966241045559194
2025-11-13,earliest,test:WF2,test:WF2,2,2,test,test,WF2,WF2,0.022728983293584706,0.025138269437592137,0.024415483594389907,0.08935724395864514,0.10685604900502095,0.1016064074911082,0.5119239995200955,0.19457579284885848,0.28978025485022957,0.3596326751212494,0.2693036271854847,0.2964023415662141,0.01635709810642531,0.4041262615230438,0.2877955124980583,0.870365914851238,0.1260218910854981,34.27958569299092
2025-11-14,earliest,test:WF2,test:WF2,2,2,test,test,WF2,WF2,0.0129849173074059,0.026618406132854953,0.022528359485220233,0.0775613790720539,0.10215295899969071,0.09477548502139967,0.4999035708433571,0.39914456809417903,0.42937226891893243,0.39091643881994903,0.2538118377230854,0.2949432180521445,0.01863369395723397,0.21827222905018995,0.15838066852230312,0.8224875084378623,0.1173038445066199,32.908264601078955
2025-11-17,earliest,test:WF2,test:WF2,2,2,test,test,WF2,WF2,0.01774921352155721,0.026940748971635443,0.02418328833661197,0.05083848080485466,0.09986593917601844,0.0851577016646693,0.43919842342582804,0.1669754560253429,0.2486423462454884,0.46015072888366315,0.48090847097184364,0.47468114834538944,0.03206315336409706,0.2253093848551597,0.1673355154078409,0.8069078320101767,0.10934099000128127,32.35951560028004
2025-11-18,earliest,test:WF2,test:WF2,2,2,test,test,WF2,WF2,0.02849687654564868,0.024855419344412766,0.025947856504783536,0.052172285858353304,0.31672300035772893,0.23735778600791624,0.45258172780133743,0.1421222561828987,0.2352600976684303,0.4310079802096096,0.29678200619582423,0.33704979839995985,0.03574112958505104,0.21951731791913545,0.1643844614189101,0.8946650764017438,0.2633056425126998,37.63273976029759
2025-11-19,earliest,test:WF2,test:WF2,2,2,test,test,WF2,WF2,0.00925095563979721,0.030083020852401065,0.023833401288619913,0.039004650825362676,0.31545593931922455,0.232520552771066,0.4302108336361894,0.13714416415802688,0.22506416500147566,0.4843568246751747,0.243088911762777,0.31546928563649634,0.037176735223475955,0.2742279639075706,0.2031125953023422,0.9019436828497868,0.2563539540596859,37.67567115243839
2025-11-20,earliest,test:WF2,test:WF2,2,2,test,test,WF2,WF2,0.02399214484734019,0.03356244931691177,0.030691357976040296,0.031225030360064493,0.09520266738802793,0.0760093762796389,0.38665095499163216,0.1409289192371718,0.21464552996350994,0.500933835448471,0.4372902882889831,0.4563833524368295,0.05719803435249194,0.2930156757689054,0.22227038334398136,0.8234804373089971,0.10670073425567919,32.721025617838514
2025-11-21,earliest,test:WF2,test:WF2,2,2,test,test,WF2,WF2,0.028704056595105977,0.029660206263004883,0.029373361362635207,0.03883629505050434,0.09409275309395368,0.07751581568091886,0.4243750826390848,0.15508782061568335,0.2358739992227038,0.4768328495895992,0.5002410761308014,0.4932186081684407,0.031251716125705854,0.22091814389655667,0.1640182155653014,0.8000776522174697,0.10688917704355408,32.13972484630782
2025-11-24,earliest,test:WF2,test:WF2,2,2,test,test,WF2,WF2,0.018396096080180935,0.032901226459618405,0.02854968734578716,0.03418061309766283,0.31356083290242603,0.22974676696099708,0.36573369642303377,0.15400592877472113,0.2175242590692149,0.5192770737589792,0.22912891937055171,0.31617336568708,0.062412520640143306,0.2704030924926828,0.20800592093692094,0.90834474153943,0.2582964543067842,37.874547624621435
2025-11-25,earliest,test:WF2,test:WF2,2,2,test,test,WF2,WF2,0.03594756712897783,0.03398566949976414,0.03457423878852825,0.030421522047602286,0.09202864849911464,0.07354651056366095,0.34666102354491773,0.1571204315465413,0.21398260914605424,0.5166739443204519,0.4174801783231771,0.44723830812235954,0.0702959429580502,0.29938507213140275,0.230658333379397,0.830361960115264,0.1081207493521892,32.921463989925385
2025-11-26,earliest,test:WF2,test:WF2,2,2,test,test,WF2,WF2,0.022276574705285865,0.03126252167867659,0.02856673758665937,0.049733608974288045,0.09548269359104103,0.08175796820601512,0.38112292876618215,0.3780137777412187,0.3789465230487077,0.496287232346743,0.21782294393959378,0.3013622304617385,0.05057965520750107,0.27741806304947003,0.20936654069687932,0.8467874566636457,0.11032470579267449,33.37618053244463
2025-11-27,earliest,test:WF2,test:WF2,2,2,test,test,WF2,WF2,0.026099760539439656,0.031157005169119154,0.0296398317802153,0.04486019905783366,0.09714805618940413,0.08146169904993299,0.3770917429004273,0.21315471650403553,0.26233582442295306,0.49865472246579146,0.44900731571388147,0.4639015377394545,0.05329357503650793,0.2095329064235597,0.16266110700744416,0.8147737890473364,0.11110153083014829,32.59137534278637
2025-11-28,earliest,test:WF2,test:WF2,2,2,test,test,WF2,WF2,0.025208937626530793,0.025833076111595896,0.025645834566076366,0.036410620635775146,0.0948348605115247,0.07730758854879985,0.3998701994481929,0.4649471987251682,0.44542409894207563,0.48752129172626013,0.22304975204055927,0.30239121394626955,0.050988950563241035,0.19133511261115196,0.14923126399677872,0.8062618867515285,0.10295342311487621,32.21561563108573
2025-12-01,earliest,test:WF2,test:WF2,2,2,test,test,WF2,WF2,0.0350871548047211,0.026122039294231097,0.028811573947378093,0.06135097111684412,0.09130531125465331,0.08231900921331053,0.38426550217806876,0.4331525892793638,0.41848646314897525,0.47930625871491167,0.2775105498166537,0.338049262486131,0.03999011318545447,0.17190951035509827,0.13233369120420513,0.8118217063631017,0.11113058316068863,32.51815432229131
2025-12-02,earliest,test:WF2,test:WF2,2,2,test,test,WF2,WF2,0.01689087482677473,0.02632274196581153,0.02349318182410049,0.04676014447221288,0.30853113810224336,0.2299998400132342,0.37532004172705674,0.17235209793939904,0.23324248107569634,0.4782981770520748,0.31026165979451675,0.36067261497178416,0.08273076192188089,0.18253236219802937,0.15259188211518482,0.8825157873638575,0.2534930218373347,37.13275512084313
2025-12-03,earliest,test:WF2,test:WF2,2,2,test,test,WF2,WF2,0.026240290622283932,0.02817687559739062,0.027595900104858614,0.04177089920561857,0.09812703041540802,0.08122019105247118,0.3821809324255393,0.4110410731265919,0.4023830309162761,0.4983899091570758,0.252110890720676,0.32599459625159594,0.05141796858948247,0.2105441301399336,0.16280628167479824,0.8265097943173118,0.10881609115732979,32.83906668107939
2025-12-04,earliest,test:WF2,test:WF2,2,2,test,test,WF2,WF2,0.029095691034587246,0.02545100838094125,0.02654441317703505,0.05199250778420442,0.09653272280585075,0.08317065829935684,0.40212495572674656,0.4317548206798766,0.42286586119393754,0.47350873068681787,0.26161716051127337,0.32518463156393673,0.04327811476764405,0.18464428762205812,0.14223443576573389,0.8138365900450875,0.1097150714763919,32.54021618065502
2025-12-05,earliest,test:WF2,test:WF2,2,2,test,test,WF2,WF2,0.025065487584457452,0.025404087289383023,0.025302507377905348,0.04450782820476351,0.31911526099859233,0.23673303116044367,0.4382646662002752,0.19758190846157403,0.26978673578318435,0.45156186700813966,0.2876191546453945,0.33680196835421805,0.04060015100236416,0.17027958860505615,0.13137575732424855,0.882766846464958,0.26203553853834904,37.30988193239093
2025-12-08,earliest,test:WF2,test:WF2,2,2,test,test,WF2,WF2,0.023128387308102138,0.025926067569211515,0.025086763490878707,0.07090372276027629,0.3204622811169852,0.24559471360997254,0.48392767678888865,0.20552863673690977,0.28904834875250346,0.39359093531052985,0.2736453264472595,0.30962900910624064,0.028449277832202854,0.17443768812963406,0.1306411650404047,0.8853654032449705,0.2706814771008512,37.54776462314128
2025-12-09,earliest,test:WF2,test:WF2,2,2,test,test,WF2,WF2,0.02707065093829237,0.02822114973427411,0.027876000095479588,0.07001001952934774,0.10259424579799512,0.0928189779174009,0.452370410349604,0.403104663168257,0.4178843873226611,0.41687099405355965,0.29555423024867383,0.3319492593901396,0.033677925129196304,0.17052571105080008,0.12947137527431893,0.8175549005108649,0.12069497801288048,32.852772073029236
2025-12-10,earliest,test:WF2,test:WF2,2,2,test,test,WF2,WF2,0.014004095849566585,0.027357302410445386,0.02335134044218174,0.07660162555771186,0.09784115144315302,0.09146929367752067,0.48708165274870274,0.4045831624643391,0.4293327095496482,0.4004003217749443,0.29138178929424224,0.3240873490384528,0.02191230406907451,0.17883659438782035,0.1317593072921966,0.8088076846799576,0.11482063411970242,32.51660479939299
2025-12-11,earliest,test:WF2,test:WF2,2,2,test,test,WF2,WF2,0.02053072301267075,0.24749668824623747,0.17940689867616744,0.07576816904404,0.10249769261479703,0.09447883554356992,0.49426191028903577,0.2066719046167686,0.2929489063184488,0.3859317777246419,0.2694338863924279,0.3043832537920921,0.023507419929611376,0.17389982812976912,0.12878210566972179,0.9424597466254613,0.2738857342197374,39.03920835003128
2025-12-12,earliest,test:WF3,test:WF3,1,1,test,test,WF3,WF3,0.037975752598687344,0.028134808099334715,0.031087091449140503,0.12380241628288272,0.1542750093248607,0.14513323141226733,0.456347210124593,0.36941079584203557,0.39549172012680284,0.359779078117402,0.24532929637902667,0.2796642309005393,0.02209554287643498,0.20285009035474227,0.1486237261112501,0.8664875583347291,0.17622032286140785,35.186595415596386
2025-12-15,earliest,test:WF3,test:WF3,1,1,test,test,WF3,WF3,0.04850724153052003,0.024934821648466925,0.03200654761308286,0.13612317750980538,0.16500247061646714,0.1563386826844686,0.43602739927831136,0.2742987835985129,0.32281736830245245,0.35703039236281653,0.3361390811434721,0.3424064745092754,0.022311789318546767,0.19962484299308098,0.1464309268907207,0.8783080513676311,0.18834523029755146,35.7246058901418
2025-12-16,earliest,test:WF3,test:WF3,1,1,test,test,WF3,WF3,0.04835054211173107,0.026114673696788902,0.03278543422127155,0.13361409159364057,0.1923333357016698,0.17471756246926104,0.4075754350679899,0.2428825019566285,0.2922903818900369,0.3844482060466391,0.31211777294178344,0.3338169028732401,0.026011725179999466,0.2265517157031294,0.1663897185461904,0.8953688240345777,0.2075029966905326,36.53428053467509
2025-12-17,earliest,test:WF3,test:WF3,1,1,test,test,WF3,WF3,0.07471982018489955,0.025048051472973117,0.03994958208655105,0.13533299815633426,0.1936599830624379,0.17616188759060683,0.38734317060829154,0.2922773990130547,0.3207971304916258,0.38038620241575205,0.26363335560487966,0.2986592096481414,0.022217808634722665,0.22538121084665474,0.16443219018307512,0.9052905933811098,0.21611146967715789,36.95449422807091
2025-12-18,earliest,test:WF3,test:WF3,1,1,test,test,WF3,WF3,0.08968257724179744,0.021294482700706933,0.04181091106303409,0.14431672361297077,0.1647651889360295,0.1586306493391119,0.3907604551065163,0.22272863023874084,0.2731381776990735,0.35586975690276074,0.332363187723138,0.33941515847702486,0.0193704871359548,0.2588485104013847,0.18700510342175572,0.9068740858457498,0.20044156040214597,36.68068335418666
2025-12-19,earliest,test:WF3,test:WF3,1,1,test,test,WF3,WF3,0.062101605926892026,0.03065925780021022,0.040091962238214755,0.12716980581635096,0.17486160627536806,0.1605540661376629,0.37885976273082145,0.19658977028886584,0.2512707680214525,0.40823861379765114,0.3253891091696038,0.35024396055801793,0.02363021172828455,0.27250025646595205,0.1978392430446518,0.9057214575639709,0.20064602837587767,36.65595700661682
2025-12-22,earliest,test:WF3,test:WF3,1,1,test,test,WF3,WF3,0.04130041576927846,0.029147825565491517,0.0327936026266276,0.1664468387522677,0.1930891949774692,0.18509648810990875,0.42601985900993244,0.19044665452353746,0.261118615869456,0.34740889091026567,0.3678279820934103,0.3617022547384669,0.018823995558255778,0.21948834284009155,0.15928903865554084,0.891851642618614,0.21789009073653637,36.65409288019608
2025-12-23,earliest,test:WF3,test:WF3,1,1,test,test,WF3,WF3,0.07092144867553198,0.030077146884187056,0.04233043742159053,0.19561017428103097,0.1940731726860072,0.19453427316451433,0.43103987123171134,0.21745910135205707,0.28153333231595334,0.28957188253474236,0.3573101659136891,0.336988680900005,0.012856623276983383,0.2010804131640595,0.14461327619793668,0.9042706441662988,0.23686471058610487,37.34406031587957
2025-12-24,earliest,test:WF3,test:WF3,1,1,test,test,WF3,WF3,0.05880255566336529,0.03751549283482125,0.04390161168338446,0.22751694188025226,0.1927131894890617,0.20315431520641883,0.419230562689717,0.28997694819425135,0.32875303254289107,0.2822719081377108,0.29869006604058435,0.2937646186697223,0.012178031628954736,0.18110430344128134,0.13042642189758338,0.9023399785565349,0.2470559268898033,37.49961800170944
2025-12-26,earliest,test:WF3,test:WF3,1,1,test,test,WF3,WF3,0.070227564274316,0.038394985384998935,0.04794475905179406,0.19694166314289813,0.17342503139727325,0.18048002092096072,0.43704940362685485,0.3013930174883987,0.34208993332993554,0.28315572242170733,0.3130809399933179,0.3041033747218347,0.012625646534223703,0.1737060257360112,0.12538191197547494,0.8971732193569282,0.2284247799727548,36.9978260833783
2025-12-29,earliest,test:WF3,test:WF3,1,1,test,test,WF3,WF3,0.0578121330494972,0.03443108679637298,0.04144540067231024,0.20673563050383692,0.16916468063719853,0.18043596559719002,0.44217779941812785,0.3097732540178498,0.34949461763793316,0.2800250866196131,0.30473079514408313,0.2973190825867421,0.013249350408925045,0.18190018340449554,0.13130493350582437,0.8919486663680372,0.22188136626950028,36.73634398459094
2025-12-30,earliest,test:WF3,test:WF3,1,1,test,test,WF3,WF3,0.062274250878213235,0.03135771549805511,0.04063267611210255,0.16131144949464615,0.19151362982280076,0.18245297572435437,0.4524669900334685,0.25788805933495895,0.3162617385445118,0.3078238459576904,0.33649893376943835,0.32789640742591397,0.016123463635981782,0.18274166157474686,0.13275620219311732,0.8936786328215457,0.22308565183645693,36.80367885726778
2025-12-31,earliest,test:WF3,test:WF3,1,1,test,test,WF3,WF3,0.04951203474930236,0.03080721402736749,0.03641866024394795,0.20039346554643875,0.18357128206975246,0.18861793711275832,0.44329986188510184,0.25032685372198876,0.30821875617092265,0.29175873021138615,0.3515679908512861,0.3336252126593161,0.015035907607770913,0.18372665932960516,0.13311943381305488,0.8901802068771368,0.22503659735670628,36.75523711906255
2026-01-02,earliest,test:WF3,test:WF3,1,1,test,test,WF3,WF3,0.051654417893986025,0.03481884834513981,0.039869519209793675,0.18289167119535465,0.17077108331279048,0.1744072596775597,0.4365828095887832,0.21778957176855235,0.2834275431146216,0.31150791289755414,0.4026499262572525,0.375307322249343,0.017363188424321913,0.17397057031626478,0.12698835574868192,0.8824536497949418,0.2142767788873534,36.34687682262061
2026-01-05,earliest,test:WF3,test:WF3,1,1,test,test,WF3,WF3,0.059429973264512444,0.03969302582909892,0.04561411005972298,0.16029098890837803,0.17104053784710216,0.16781567316548496,0.4468441072139923,0.22693427985415565,0.29290722806210673,0.3159030813037244,0.39637498534952526,0.37223341413578503,0.0175318493093927,0.165957171120118,0.12142957457690043,0.8847229662023101,0.21342978322520795,36.38666981956191
2026-01-06,earliest,test:WF3,test:WF3,1,1,test,test,WF3,WF3,0.13023281101450493,0.040261618463436954,0.06725297622875737,0.14098337753833354,0.17185771133607794,0.16259541119675464,0.43132345189717547,0.24348668957026237,0.29983771826833633,0.2828844793620609,0.39119708846598666,0.35870330573480896,0.014575880187925154,0.15319689216423601,0.11161058857134276,0.9012737890594842,0.229848387425512,37.128812474997346
2026-01-07,earliest,test:WF3,test:WF3,1,1,test,test,WF3,WF3,0.16790166060169034,0.046528614378734755,0.08294052824562144,0.14234493715290905,0.16425926609581498,0.15768496741294322,0.4166599175098848,0.2242719391169464,0.2819883326348279,0.2617590550231705,0.4106914938089868,0.3660117621732419,0.011334429712345339,0.1542486865995171,0.11137440953336558,0.9115305740267907,0.24062549565856467,37.60077426384106
2026-01-08,earliest,test:WF3,test:WF3,1,1,test,test,WF3,WF3,0.16900302814036341,0.04760324102953075,0.08402317716278054,0.14172520264980076,0.17135261293969048,0.16246438985272355,0.4063976119949944,0.2357158452840599,0.28692037529734027,0.26954374171193823,0.4006133614502063,0.36129247552872584,0.01333041550290324,0.14471493929651252,0.10529958215842973,0.9111388308226974,0.2464875670155041,37.708222110877514
2026-01-09,earliest,test:WF3,test:WF3,1,1,test,test,WF3,WF3,0.18374729016399385,0.03390469590136619,0.0788574741801545,0.13995926677494094,0.16828933127086565,0.15979031192208826,0.3855581722224735,0.2395758996966677,0.28337058145440946,0.2767086143548751,0.3856072333538357,0.35293764765414753,0.01402665648371657,0.17262283977726484,0.12504398478920037,0.9184727922379143,0.23864778610224274,37.73477552799271
2026-01-12,earliest,test:WF3,test:WF3,1,1,test,test,WF3,WF3,0.17399256429020846,0.033543203767965296,0.07567801192463824,0.13811167706949498,0.17523976626080895,0.16410133950341477,0.3995260587050224,0.2668314203785744,0.3066398118765088,0.2736030705208993,0.34851320499241123,0.32604016465095764,0.014766629414374918,0.17587240460024023,0.1275406720444806,0.9210952600793303,0.239779351428053,37.822968530544316
2026-01-13,earliest,test:WF3,test:WF3,1,1,test,test,WF3,WF3,0.18389218703466892,0.03411725813600215,0.07904973680560216,0.12938080138528,0.17519127068780221,0.16144812989704554,0.39780628842466675,0.24960413911320334,0.2940647839066423,0.27506928680708753,0.36417994211950744,0.33744674552578147,0.013851436348296903,0.1769073899434849,0.1279906038649285,0.922461442915896,0.24049786670264772,37.87149340695035
2026-01-14,earliest,test:WF3,test:WF3,1,1,test,test,WF3,WF3,0.19974363525883249,0.043718149447734306,0.09052579519106377,0.13151677267418355,0.15248268612432514,0.14619291208928267,0.3834060451660793,0.26910575304157375,0.30339584067892544,0.2714298527652607,0.3725201079886894,0.34219303142166085,0.013903694135643803,0.1621733033976775,0.11769242061906739,0.9190838096171103,0.23671870728034644,37.711469386034686
2026-01-15,earliest,test:WF3,test:WF3,1,1,test,test,WF3,WF3,0.10642640728546697,0.03577312216574535,0.056969107701661845,0.1327115491868761,0.16775713176547657,0.15724345699189646,0.45878314014498633,0.3058236787218989,0.35171151714882515,0.28723770735089543,0.3211599161831056,0.3109832535334426,0.014841196031775191,0.16948615116377347,0.123092664624174,0.8964208175268441,0.21421256469355832,36.69477173204227
2026-01-16,earliest,test:WF3,test:WF3,1,1,test,test,WF3,WF3,0.06370489947055187,0.051212309030586274,0.05496008616257596,0.15158752670473252,0.15847569255518557,0.15640924280004967,0.4433372655709229,0.24984594124492482,0.30789333854272427,0.3236811371299779,0.3706652387076515,0.3565700082343494,0.017689171123814757,0.1698008184616519,0.12416732426030076,0.894139178991093,0.2113693289626256,36.58086605402984
2026-01-19,earliest,test:WF3,test:WF3,1,1,test,test,WF3,WF3,0.16947078025218934,0.03978096075784973,0.0786879066061516,0.1331181483238269,0.18594365758702094,0.17009600480806272,0.40705431730645014,0.3156719653421716,0.3430866709314552,0.2758796925893838,0.2962453047883291,0.2901356211286455,0.01447706152814983,0.1623581115246286,0.11799379652568495,0.9193022986922471,0.24878391141421433,37.95823569559047
2026-01-20,earliest,test:WF3,test:WF3,1,1,test,test,WF3,WF3,0.16866924389091678,0.045259721051965615,0.08228257790365096,0.13441655721213935,0.18239574031704614,0.1680019853855741,0.4139500808488189,0.29017372495199645,0.3273066317210432,0.27068002908091,0.32972007821456834,0.31200806347447085,0.012284088967214963,0.1524507354644234,0.11040074151526086,0.9179784970958194,0.25028456328922505,37.95515369317998
2026-01-21,earliest,test:WF3,test:WF3,1,1,test,test,WF3,WF3,0.13145793461093863,0.04175706143925627,0.06866732339076098,0.15772244448228992,0.14557237235867376,0.1492173939957586,0.4024058063431663,0.32009092313667953,0.3447853880986256,0.29595180001076965,0.3180118896518142,0.3113938627595008,0.012462014552835377,0.17456775341357636,0.12593603175535406,0.9066309533625914,0.21788471738651957,37.023468181795174
2026-01-22,earliest,test:WF3,test:WF3,1,1,test,test,WF3,WF3,0.09029853305427787,0.03625119210640532,0.05246539439076709,0.16829639888858938,0.14554854419587362,0.15237290060368838,0.4299177802897731,0.30838047924792095,0.3448416695604766,0.2959786304067082,0.3157283154510261,0.30980340993773076,0.015508657360651308,0.19409146899877402,0.14051662550733723,0.8992299029325298,0.20483829499445547,36.57751347320235
2026-01-23,earliest,test:WF3,test:WF3,1,1,test,test,WF3,WF3,0.138122526032114,0.04787622346249687,0.074950114233382,0.12606014155415426,0.1540554584249744,0.14565686336372835,0.4039486515783706,0.2897943267522613,0.3240406242000941,0.31726928575687807,0.3389649365164384,0.33245624128857026,0.014599395078483122,0.16930905484382913,0.12289615691422531,0.9094564623796692,0.22060697759711034,37.14855111143393
2026-01-26,earliest,test:WF3,test:WF3,1,1,test,test,WF3,WF3,0.12686912491851174,0.035109515760915685,0.06263739850819451,0.17347119314374806,0.15490053829046932,0.16047173474645296,0.38190798883736105,0.2975552685641248,0.3228610846460957,0.3048836597026984,0.32869338167553763,0.3215504650836859,0.012868033397680856,0.18374129570895253,0.13247931701557106,0.9101041379065697,0.22310913325464748,37.214786112757196
2026-01-27,earliest,test:WF3,test:WF3,1,1,test,test,WF3,WF3,0.11601551355518562,0.03124683413865717,0.0566774379636157,0.15171513099082268,0.17697406328318174,0.16939638359547401,0.4064194780448658,0.26910412753673973,0.3102987326891775,0.3128496779657019,0.33573664603660586,0.3288705556153347,0.013000199443423916,0.18693832900481552,0.13475689013639805,0.9086364881121646,0.22607382155908973,37.23738863398591
2026-01-28,earliest,test:WF3,test:WF3,1,1,test,test,WF3,WF3,0.12107643746605391,0.03230047883341328,0.058933266423205476,0.1736472825722915,0.17352329640783865,0.17356049225717454,0.3931006911613172,0.2799078937285692,0.31386573295839365,0.29913918785800186,0.3277414461594668,0.3191607686690274,0.013036400942335616,0.18652688487071203,0.13447973969219912,0.9126307269750128,0.23249375868038002,37.465643347982926
2026-01-29,earliest,test:WF3,test:WF3,1,1,test,test,WF3,WF3,0.11459038323227559,0.030461872397314578,0.05570042564780288,0.1144660107787559,0.15627855633562637,0.14373479266856523,0.4293274178409974,0.27205997149850253,0.319240205401251,0.32629940103913857,0.3669153102128602,0.3547305374607437,0.015316787108832587,0.17428428955569636,0.12659403882163722,0.8906581561168408,0.19943521831636812,36.25515826924838
2026-01-30,earliest,test:WF3,test:WF3,1,1,test,test,WF3,WF3,0.1299519121071467,0.024164292003676285,0.05590057803471742,0.11381926701675865,0.13730167282653047,0.13025695108359894,0.4225843974208829,0.2653470395711647,0.31251824692608016,0.31693383605058767,0.39659067973831474,0.3726936266319966,0.01671058740462411,0.17659631586031388,0.12863059732360696,0.8834486623867929,0.18615752911831637,35.80936714203615
2026-02-02,earliest,test:WF3,test:WF3,1,1,test,test,WF3,WF3,0.14696396798837202,0.023079137055469545,0.06024458633534029,0.129226998186872,0.14963879963758564,0.14351525920237157,0.4021173893602143,0.2643894665514522,0.30570784339408086,0.301220633855929,0.3570714328190594,0.3403161931301203,0.020471010608612717,0.2058211639364332,0.1502161179380871,0.9082299787797262,0.20375984553771187,36.78094638024739
2026-02-03,earliest,test:WF3,test:WF3,1,1,test,test,WF3,WF3,0.08062120567158375,0.015181297885718576,0.03481327022147813,0.12819137320712778,0.21014999093554254,0.18556240561701812,0.4287570729708173,0.22964813418684912,0.28938081582203956,0.3395400450294607,0.2987570070487975,0.31099191844299645,0.022890303121010442,0.24626356994309223,0.1792515898964677,0.9069295988850485,0.22037567583849624,37.080753488896136
2026-02-04,earliest,test:WF3,test:WF3,1,1,test,test,WF3,WF3,0.09133752772976603,0.01354447977045455,0.03688239415824799,0.13497273034776008,0.19253463924406272,0.17526606657517194,0.429123387058688,0.23642286079763694,0.29423301867595225,0.3228394029585129,0.3280654917437267,0.3264976651081625,0.021726951905272917,0.22943252844411915,0.16712085548246527,0.9017648480664221,0.21214846073341992,36.78709041632895
2026-02-05,earliest,test:WF3,test:WF3,1,1,test,test,WF3,WF3,0.072438289699503,0.01626854204331251,0.033119466340169657,0.14865610619341013,0.16283387995629492,0.15858054782742947,0.46112155439533015,0.23023449898809306,0.2995006156102642,0.2956044840127749,0.3260472006942249,0.31691438568978986,0.02217956569898188,0.2646158783180747,0.19188498453234684,0.8990234217075209,0.19170001416759913,36.309585826040006
2026-02-06,earliest,test:WF3,test:WF3,1,1,test,test,WF3,WF3,0.08391402508032393,0.01821151007675366,0.037922264577824744,0.12909357788527814,0.1694246944913357,0.15732535950951843,0.4195078340413561,0.18382094442351773,0.25452701130886923,0.34120909727785825,0.37696415902534675,0.3662376405011002,0.02627546571518353,0.2515786919830461,0.18398772410268732,0.8963882519809043,0.19524762408734317,36.31465878126947
2026-02-09,earliest,test:WF3,test:WF3,1,1,test,test,WF3,WF3,0.0799546972691524,0.01723782646493005,0.03605288770619676,0.1238064006086507,0.1536736711762064,0.1447134900059397,0.42513102297515115,0.22403901830864176,0.28436661970859456,0.35155613222078924,0.34433105207559567,0.34649857611915375,0.019551746926256584,0.26071843197462624,0.1883684264601153,0.8939857339140186,0.18076637771213644,35.96497090209319
2026-02-10,earliest,test:WF3,test:WF3,1,1,test,test,WF3,WF3,0.144311063266385,0.02287809897281061,0.059307988260882925,0.1436767810878575,0.1993358686601885,0.18263814238848922,0.40903280514086593,0.2792679509117816,0.31819740718050693,0.2861983535267801,0.2908629738618127,0.28946358776130293,0.016780996978111463,0.2076551075934066,0.1503928744088181,0.9234366172294644,0.24194613064937215,37.92483804372405
2026-02-11,earliest,test:WF3,test:WF3,1,1,test,test,WF3,WF3,0.17268482161726592,0.0213483983146564,0.06674932530543926,0.13247640565140315,0.16760523586125026,0.15706658679829613,0.38922433490959424,0.35561858514293254,0.365700310072931,0.2913281729937825,0.2671149423114688,0.27437891151616295,0.014286264827954157,0.1883128383696921,0.1361048663071707,0.9106108636630185,0.2238159121037354,37.24158983365017
2026-02-23,earliest,test:WF3,test:WF3,1,1,test,test,WF3,WF3,0.20937844109505657,0.025720601616468424,0.08081795346004488,0.12557870343420738,0.17044268711242788,0.15698349200896175,0.3682972187017118,0.38218804406042106,0.3780207964528083,0.2846769889433216,0.2546903418206632,0.26368633595746077,0.012068647825702711,0.16695832539001948,0.12049142212072445,0.9122375285763932,0.2378014454690066,37.561967123789955
2026-02-24,earliest,test:WF3,test:WF3,1,1,test,test,WF3,WF3,0.21543727869919302,0.01571224328046955,0.07562975390608659,0.12866870920360665,0.21382211934080533,0.1882760962996457,0.364444214107921,0.3179103773452183,0.3318705283740291,0.27606021405746195,0.2540014833801553,0.2606191025833473,0.015389583931817493,0.19855377665335144,0.14360451883689127,0.9350239574986319,0.2639058502057323,38.653715941580444
2026-02-25,earliest,test:WF3,test:WF3,1,1,test,test,WF3,WF3,0.16572654861661804,0.015895988459428214,0.06084515650658516,0.12900629562878324,0.20989072965834926,0.18562539944947948,0.4119766102147054,0.33067457853358667,0.35506518803792225,0.27882124099755384,0.27067002594910083,0.27311539046363675,0.01446930454233957,0.172868677399535,0.12534886554237637,0.9104761129234143,0.24647055595606465,37.691313942206655
2026-02-26,earliest,test:WF3,test:WF3,1,1,test,test,WF3,WF3,0.1618772083356946,0.018867658346421918,0.06177052334320373,0.15352357602112643,0.16598993886579744,0.16225003001239616,0.38502754967555575,0.45231314183648164,0.43212746418820386,0.28796083027861086,0.2097913834056109,0.2332422174675109,0.011610835689012285,0.15303787754568812,0.11060976498868538,0.8777537942868956,0.2240205533555999,36.42425592428439
2026-03-02,earliest,test:WF3,test:WF3,1,1,test,test,WF3,WF3,0.10723616963256317,0.016079936234182184,0.04342680625369648,0.12193169603285291,0.16194679791941616,0.14994226735344718,0.4535240435652725,0.34708804814611016,0.3790188467718588,0.3009956560488247,0.29029784739351316,0.2935071899901066,0.016312434720486668,0.18458737030677835,0.13410488963089084,0.8808515369504265,0.19336907360714367,35.88866989590353
2026-03-03,earliest,test:WF3,test:WF3,1,1,test,test,WF3,WF3,0.10540749052392559,0.016178294996848933,0.042947053654971916,0.11641171893810151,0.18366654386564255,0.1634900963873802,0.44895029778970874,0.30341302145521803,0.34707420435556513,0.3091077954975173,0.27848490442516705,0.2876717717468721,0.020122697250746936,0.21825723525712357,0.15881687385521054,0.9004341740450288,0.20643715004235214,36.63959735197276
2026-03-04,earliest,test:WF3,test:WF3,1,1,test,test,WF3,WF3,0.06865214942281422,0.012176608116538723,0.02911927050842137,0.12689615138859617,0.20156136300095415,0.17916179951724673,0.44629288752414537,0.2878529410152622,0.33538492496792716,0.3315611618168212,0.21541524475791657,0.25025901987558796,0.02659764984762305,0.28299384310932835,0.20607498513081676,0.9006938850936187,0.2082810700256681,36.68296852785383
2026-03-05,earliest,test:WF3,test:WF3,1,1,test,test,WF3,WF3,0.07385979706686162,0.009156549207857962,0.028567523565559062,0.11625240734381784,0.22520787868961906,0.19252123728587872,0.38111764430924927,0.25941795264512757,0.29592786014436406,0.3886505639882671,0.16678737498708146,0.23334633168743715,0.040119587291804336,0.33943024447031384,0.249637047316761,0.9103172287595939,0.22108876085143778,37.17970593601861
2026-03-06,earliest,test:WF3,test:WF3,1,1,test,test,WF3,WF3,0.06587586338095523,0.008596112233146866,0.025780037577489378,0.12314240677353121,0.23850433338677693,0.20389575540280325,0.4127696714080299,0.21156409434655465,0.27192576746499725,0.3715168396801956,0.210020041415822,0.25846908089513415,0.02669521875728807,0.3313154186176995,0.23992935865957604,0.9101446818011387,0.22967579298029261,37.34713290463432
2026-03-09,earliest,test:WF3,test:WF3,1,1,test,test,WF3,WF3,0.07231270277836277,0.010685997844798026,0.029174009324867453,0.1304522045978208,0.24899186697213077,0.2134299682598378,0.43011353089631366,0.15892325626415868,0.24028033865380516,0.3388729863231466,0.24719545926542977,0.2746987173827448,0.02824857540435615,0.3342034196534828,0.24241696637874482,0.9157448468832993,0.24260397758470525,37.74570072377659
2026-03-10,earliest,test:WF3,test:WF3,1,1,test,test,WF3,WF3,0.049738224644793716,0.011175170648109162,0.022744086847114528,0.10052477540072591,0.2395015209615782,0.1978084972933225,0.36205296574775414,0.19948087531573855,0.2482525024453432,0.4315149893471704,0.21123788582381073,0.2773210168808186,0.056169044859555844,0.33860454725076344,0.25387389653340114,0.9047941079819409,0.22055258414043705,37.030904382357264
2026-03-11,earliest,test:WF3,test:WF3,1,1,test,test,WF3,WF3,0.05273404778726778,0.011930562210089158,0.024171607883242744,0.12424944063600916,0.25521140162052675,0.2159228133251715,0.42514336397752456,0.12704123112216717,0.2164718709787744,0.364497370993215,0.3163908544611021,0.330822809420736,0.03337577660598358,0.28942595058611476,0.21261089839207542,0.8992897441132,0.24009442120841423,37.28413202699828
2026-03-12,earliest,test:WF3,test:WF3,1,1,test,test,WF3,WF3,0.08106415513624252,0.014247045569490505,0.03429217843951612,0.15970836425601764,0.27565468434630497,0.2408707883192188,0.41093258606708116,0.14680573100478347,0.2260437875234728,0.3286693203472419,0.3097613077336902,0.31543371151775573,0.019625574193416838,0.2535312313457308,0.18335953420003664,0.9131491346969176,0.2751629667587349,38.33198770259764
2026-03-13,earliest,test:WF3,test:WF3,1,1,test,test,WF3,WF3,0.06931155649320897,0.015229612572013692,0.03145419574837228,0.14136801115651246,0.24135039466841443,0.2113556796148439,0.41032633346601605,0.14435135483643394,0.2241438484253086,0.35509553217234746,0.3180131138680221,0.32913783935931973,0.023898566711914992,0.28105552405511575,0.20390843685215557,0.9086986272332964,0.24280987536321616,37.57366318809674
2026-03-16,earliest,test:WF3,test:WF3,1,1,test,test,WF3,WF3,0.06860217438251266,0.014193119768256192,0.03051583615253313,0.16259500376186534,0.2310857254498709,0.21053850894346923,0.40034500813514445,0.15356599799867526,0.22759970103961602,0.3389912976118109,0.314419221533968,0.32179084435732086,0.029466516108666574,0.28673593524922963,0.20955510950706072,0.9094839164806559,0.24105434509600238,37.55818481393644
2026-03-17,earliest,test:WF3,test:WF3,1,1,test,test,WF3,WF3,0.08346842951603793,0.014448268582331295,0.03515431686244328,0.17252760406043258,0.23915119164324694,0.21916411536840263,0.37320417030931785,0.17669068270751298,0.23564472898805444,0.33692100753101556,0.31370183841523946,0.3206675891499723,0.033878788583196144,0.2560080186516693,0.1893692496311273,0.9138682025715985,0.25431843223084594,37.93307370890688
2026-03-18,earliest,test:WF3,test:WF3,1,1,test,test,WF3,WF3,0.045317292945206186,0.019221072036575797,0.02704993830916491,0.176197121343696,0.27208034568528106,0.24331537838280554,0.40178385942940165,0.14932969424833836,0.22506594380265732,0.3531021936468378,0.33577316417441305,0.34097187301614046,0.02359953263485847,0.22359572385539175,0.16359686648923177,0.8948752826125581,0.27036531669197045,37.77918839915336
2026-03-19,earliest,test:WF3,test:WF3,1,1,test,test,WF3,WF3,0.12250778755834685,0.020576537006609132,0.05115591217213044,0.14940813886109336,0.27552407671211276,0.23768929535680694,0.38274687397656265,0.1527124941215748,0.22172280807807115,0.3260657262706881,0.3209811883442117,0.3225065497221546,0.01927147333330907,0.23020570381549169,0.1669254346708369,0.9266384954266642,0.2888452075289374,38.94286653624535
2026-03-20,earliest,test:WF3,test:WF3,1,1,test,test,WF3,WF3,0.0415598698571893,0.018699196658346427,0.025557398617999286,0.13272089353415398,0.24927845272566623,0.21431118496821253,0.39674643962998163,0.17527462216142495,0.24171616740199195,0.3953228127899772,0.27267182234773785,0.30946711948040967,0.033649984188697885,0.28407590610682465,0.2089481295313866,0.9053951240863458,0.23986858358621183,37.43224977388288
2026-03-23,earliest,test:WF3,test:WF3,1,1,test,test,WF3,WF3,0.04948257798300211,0.016642749049013653,0.02649469772921019,0.12394661021658802,0.2745156678352339,0.2293449505496401,0.3853669041888351,0.14878856988516942,0.21976207017626911,0.40402275295839674,0.28607580123091897,0.32145988674916226,0.03718115465317808,0.27397721199966407,0.20293839479571826,0.9042758463111398,0.2558396482788503,37.7236891233555
2026-03-24,earliest,test:WF3,test:WF3,1,1,test,test,WF3,WF3,0.028362364467809344,0.011739975643471167,0.01672669229077262,0.10054956451414884,0.2430942490949586,0.20033084372071566,0.38892742617946247,0.14109054994486617,0.21544161281524504,0.4176417027550684,0.23296555328172047,0.28836839812372483,0.06451894208351096,0.3711096720349836,0.27913245304954176,0.8922454665719671,0.21705753601148828,36.647287384528944
2026-03-25,earliest,test:WF3,test:WF3,1,1,test,test,WF3,WF3,0.04179768285628558,0.013575654802850898,0.022042263218881305,0.10415423595384908,0.24110371835778338,0.20001887363660306,0.387163194528036,0.1273990365478903,0.20532828394193403,0.41919286876625494,0.20981184117683804,0.2726261494536631,0.04769201789557433,0.4081097491146373,0.2999844297489184,0.8987973567946809,0.22206113685548437,36.91115665697671
2024-11-27,average,"splits={""test"": 1, ""validation"": 2}; folds={""WF1"": 1, ""WF2"": 1, ""WF3"": 1}","splits={""test"": 1, ""validation"": 2}; folds={""WF1"": 1, ""WF2"": 1, ""WF3"": 1}",3,3,average,average,average,average,0.03219672697147782,0.03188950827635497,0.03198167388489182,0.13394070224218402,0.11866400641382606,0.12324701516233344,0.37283975070842024,0.20519824288792296,0.25549069523407214,0.40659646856851156,0.4313592932600006,0.4239304458525539,0.05442635150940638,0.21288894916189546,0.16535016986614873,0.856292960870799,0.15522868904722525,34.51189780271448
2024-11-28,average,"splits={""test"": 1, ""validation"": 2}; folds={""WF1"": 1, ""WF2"": 1, ""WF3"": 1}","splits={""test"": 1, ""validation"": 2}; folds={""WF1"": 1, ""WF2"": 1, ""WF3"": 1}",3,3,average,average,average,average,0.03700625363270921,0.02401696655911051,0.027913752681190118,0.13541652331630702,0.09119669892745667,0.10446264624411178,0.2925716217377425,0.2572079567860531,0.26781705627155994,0.4277543811367196,0.3351608170260139,0.3629388862592256,0.10725122017652157,0.29241756070136576,0.2368676585439125,0.8684386207296756,0.1323763989253019,34.358493496747926
2024-11-29,average,"splits={""test"": 1, ""validation"": 2}; folds={""WF1"": 1, ""WF2"": 1, ""WF3"": 1}","splits={""test"": 1, ""validation"": 2}; folds={""WF1"": 1, ""WF2"": 1, ""WF3"": 1}",3,3,average,average,average,average,0.04125970384566677,0.035140854290476094,0.036976509157033294,0.14914326996207436,0.1186900483792933,0.12782601485412762,0.33577440372423584,0.25578138625370794,0.2797792914948663,0.4110680731500851,0.3568354390323929,0.3731052292677005,0.06275454931793804,0.23355227204412984,0.1823129552262723,0.8819183298212091,0.1648025240111609,35.34400872575344
2024-12-02,average,"splits={""test"": 1, ""validation"": 2}; folds={""WF1"": 1, ""WF2"": 1, ""WF3"": 1}","splits={""test"": 1, ""validation"": 2}; folds={""WF1"": 1, ""WF2"": 1, ""WF3"": 1}",3,3,average,average,average,average,0.04480417508747276,0.037241017306307155,0.039509964640656835,0.14972090517786527,0.18689714359185963,0.17574427206766133,0.34202590992618737,0.19100764165706918,0.23631312213780464,0.40725606446222257,0.3370877313087887,0.35813823125481886,0.05619294534625207,0.2477664661359754,0.19029440989905838,0.9056720846371094,0.21525423670831817,36.946886850094096
2024-12-03,average,"splits={""test"": 1, ""validation"": 2}; folds={""WF1"": 1, ""WF2"": 1, ""WF3"": 1}","splits={""test"": 1, ""validation"": 2}; folds={""WF1"": 1, ""WF2"": 1, ""WF3"": 1}",3,3,average,average,average,average,0.04349822667623752,0.03788739695254345,0.03957064586965167,0.16083603151688533,0.11603662275927795,0.12947644538656017,0.36552553848181885,0.24216795000542582,0.2791752265483437,0.3957043417776618,0.3831221797798276,0.3868968283791778,0.034435861547396494,0.2207858505029252,0.16488085381626658,0.878124155599767,0.16904709125621184,35.334045715118414
2024-12-04,average,"splits={""test"": 1, ""validation"": 2}; folds={""WF1"": 1, ""WF2"": 1, ""WF3"": 1}","splits={""test"": 1, ""validation"": 2}; folds={""WF1"": 1, ""WF2"": 1, ""WF3"": 1}",3,3,average,average,average,average,0.054658040656777325,0.03420627912104147,0.04034180758176222,0.15728958581613867,0.11555363416587483,0.12807441966095398,0.39481875199479055,0.30004639650837067,0.3284781031542966,0.36742872811448424,0.3228745586393163,0.3362408094818667,0.025804893417809296,0.22731913156539682,0.16686486012112056,0.8845788128724397,0.1684162272427162,35.482794866665316
2024-12-05,average,"splits={""test"": 1, ""validation"": 2}; folds={""WF1"": 1, ""WF2"": 1, ""WF3"": 1}","splits={""test"": 1, ""validation"": 2}; folds={""WF1"": 1, ""WF2"": 1, ""WF3"": 1}",3,3,average,average,average,average,0.045855763127759706,0.03574850951878449,0.03878068560147706,0.1496988495615564,0.20708667813616619,0.18987032956378325,0.40640098010278614,0.23081324982335186,0.28348956890718213,0.37200655265365096,0.33441956047696814,0.34569565812997294,0.026037854554246846,0.19193200204472935,0.14216375779758458,0.8968171603354965,0.22865101516526032,36.99344931169262
2024-12-06,average,"splits={""test"": 1, ""validation"": 2}; folds={""WF1"": 1, ""WF2"": 1, ""WF3"": 1}","splits={""test"": 1, ""validation"": 2}; folds={""WF1"": 1, ""WF2"": 1, ""WF3"": 1}",3,3,average,average,average,average,0.037346534166197425,0.030376219392196303,0.03246731382439664,0.1671675507387013,0.117869395273903,0.13265884191334248,0.38025180157725363,0.22595263352603734,0.2722423839414022,0.38810001925894727,0.42968760247922666,0.4172113275131428,0.02713409425890041,0.1961141493286367,0.14542013280771582,0.8565433721947521,0.16512615573773912,34.71610741962358
2024-12-09,average,"splits={""test"": 1, ""validation"": 2}; folds={""WF1"": 1, ""WF2"": 1, ""WF3"": 1}","splits={""test"": 1, ""validation"": 2}; folds={""WF1"": 1, ""WF2"": 1, ""WF3"": 1}",3,3,average,average,average,average,0.02798737612999452,0.0256307044819703,0.026337705976377565,0.18674718644068755,0.1275529146454368,0.145311196184012,0.3881020894841057,0.2878569876893438,0.31793051822777235,0.36964647813369544,0.3484259792240214,0.3547921288969236,0.027516869811516853,0.21053341395922776,0.15562845071491446,0.8683478231816709,0.17164890216038958,35.141673622749565
2024-12-10,average,"splits={""test"": 1, ""validation"": 2}; folds={""WF1"": 1, ""WF2"": 1, ""WF3"": 1}","splits={""test"": 1, ""validation"": 2}; folds={""WF1"": 1, ""WF2"": 1, ""WF3"": 1}",3,3,average,average,average,average,0.024155625558531835,0.029028756854713744,0.027566817465859175,0.17098141753912408,0.11662832135941764,0.13293425021332958,0.38715712769946437,0.20760550274199804,0.261470990229238,0.3891592508368625,0.41112218577004106,0.4045333052900875,0.028546578366017344,0.2356152332738295,0.17349463680148586,0.8624103614296976,0.16050106767918876,34.77028038932622
2024-12-11,average,"splits={""test"": 1, ""validation"": 2}; folds={""WF1"": 1, ""WF2"": 1, ""WF3"": 1}","splits={""test"": 1, ""validation"": 2}; folds={""WF1"": 1, ""WF2"": 1, ""WF3"": 1}",3,3,average,average,average,average,0.02433461598867111,0.10154590109368629,0.07838251556218173,0.16936456485850832,0.11707681895638561,0.13276314272702242,0.4121952470494804,0.17984775578461845,0.249552003164077,0.3656755002292457,0.35024630084193276,0.35487506065812663,0.028430071874094357,0.251283223323377,0.1844272778885922,0.9279445256218939,0.21114565828920415,37.42152630633143
2024-12-12,average,"splits={""test"": 1, ""validation"": 2}; folds={""WF1"": 1, ""WF2"": 1, ""WF3"": 1}","splits={""test"": 1, ""validation"": 2}; folds={""WF1"": 1, ""WF2"": 1, ""WF3"": 1}",3,3,average,average,average,average,0.027727985762038186,0.1039969871023971,0.08111628670028942,0.15826330540768105,0.1324406204493901,0.14018742593687739,0.4170880372186311,0.21359946627537385,0.27464603755835104,0.3676124469421401,0.35491939271523565,0.358727308983307,0.029308224669509445,0.19504353345760345,0.14532294082117522,0.92092457989272,0.2213037126371668,37.44918875006134
2024-12-13,average,"splits={""test"": 1, ""validation"": 2}; folds={""WF1"": 1, ""WF2"": 1, ""WF3"": 1}","splits={""test"": 1, ""validation"": 2}; folds={""WF1"": 1, ""WF2"": 1, ""WF3"": 1}",3,3,average,average,average,average,0.030214502502721386,0.032753029776757765,0.03199147159454686,0.15285178945449193,0.12212359114625043,0.1313420506387229,0.4374250506049635,0.19885502882993542,0.27042603536244386,0.35963333284440696,0.40536545445972916,0.39164581797513254,0.01987532459341627,0.24090289578732724,0.17459462442915397,0.8712599597401167,0.16333352223326975,35.048169438168316
2024-12-16,average,"splits={""test"": 1, ""validation"": 2}; folds={""WF1"": 1, ""WF2"": 1, ""WF3"": 1}","splits={""test"": 1, ""validation"": 2}; folds={""WF1"": 1, ""WF2"": 1, ""WF3"": 1}",3,3,average,average,average,average,0.023045723144505235,0.02927389204262092,0.027405441373186217,0.16303918302860274,0.20522734653176133,0.19257089748081377,0.4361176050896083,0.22577846788323588,0.2888802090451476,0.3533959387617114,0.3443995439785931,0.34709846241352865,0.02440154997557231,0.19532074956378873,0.14404498968732382,0.8828548215471033,0.21997633885399998,36.47089731575758
2024-12-17,average,"splits={""test"": 1, ""validation"": 2}; folds={""WF1"": 1, ""WF2"": 1, ""WF3"": 1}","splits={""test"": 1, ""validation"": 2}; folds={""WF1"": 1, ""WF2"": 1, ""WF3"": 1}",3,3,average,average,average,average,0.023446866610222647,0.10720243427509869,0.08207576397563587,0.15855120883272758,0.12498229941319344,0.1350529722390537,0.4422168971847539,0.24411176198704307,0.3035433025463563,0.35072048632001607,0.34193419847562706,0.34457008482894375,0.025064541052279954,0.1817693058490378,0.13475787641001044,0.9162808514524002,0.21712873621468956,37.249596010603796
2024-12-18,average,"splits={""test"": 1, ""validation"": 2}; folds={""WF1"": 1, ""WF2"": 1, ""WF3"": 1}","splits={""test"": 1, ""validation"": 2}; folds={""WF1"": 1, ""WF2"": 1, ""WF3"": 1}",3,3,average,average,average,average,0.022308576415229472,0.029091961297748114,0.027056945832992525,0.15340644036185389,0.13273477332876654,0.13893627343869278,0.44496994463826617,0.25483811366391185,0.31187766295621816,0.3600288835029346,0.3313831673963442,0.33997688222832134,0.019286155081715887,0.25195198431322924,0.18215223554377527,0.8774863470436565,0.1659932192716853,35.25702306152512
2024-12-19,average,"splits={""test"": 1, ""validation"": 2}; folds={""WF1"": 1, ""WF2"": 1, ""WF3"": 1}","splits={""test"": 1, ""validation"": 2}; folds={""WF1"": 1, ""WF2"": 1, ""WF3"": 1}",3,3,average,average,average,average,0.02581357850338737,0.05075536466259824,0.04327282881483496,0.21896531414087522,0.10454076379873119,0.1388681289013744,0.4080894854507478,0.2841767891555421,0.3213505980441038,0.32806294327895,0.3582121815796074,0.3491674100894101,0.019068678626039438,0.20231490080352116,0.1473410341502766,0.8850313083044511,0.18214095771620936,35.768601861935466
2024-12-20,average,"splits={""test"": 1, ""validation"": 2}; folds={""WF1"": 1, ""WF2"": 1, ""WF3"": 1}","splits={""test"": 1, ""validation"": 2}; folds={""WF1"": 1, ""WF2"": 1, ""WF3"": 1}",3,3,average,average,average,average,0.03935837136073716,0.04750775115333609,0.04506293721555641,0.1514316815418822,0.11682880748595105,0.12720966970273043,0.4074197744034329,0.2479874964321415,0.29581717982352895,0.38067512079672966,0.3532202832567443,0.36145673451873994,0.021115051897218115,0.23445566167182705,0.1704534787394444,0.8895601855121453,0.17227260691828683,35.68445677616937
2024-12-23,average,"splits={""test"": 1, ""validation"": 2}; folds={""WF1"": 1, ""WF2"": 1, ""WF3"": 1}","splits={""test"": 1, ""validation"": 2}; folds={""WF1"": 1, ""WF2"": 1, ""WF3"": 1}",3,3,average,average,average,average,0.028466196016323487,0.11812519388675309,0.09122749452562422,0.1258401925971508,0.12742451794889306,0.1269492203433704,0.3676747434013552,0.2287936726488328,0.2704579938745895,0.4413075589963028,0.3510187238535095,0.37810537439634756,0.036711308988867875,0.17463789166201146,0.1332599168600684,0.9136315541551842,0.2181767148689946,37.204323151259494
2024-12-24,average,"splits={""test"": 1, ""validation"": 2}; folds={""WF1"": 1, ""WF2"": 1, ""WF3"": 1}","splits={""test"": 1, ""validation"": 2}; folds={""WF1"": 1, ""WF2"": 1, ""WF3"": 1}",3,3,average,average,average,average,0.034574499019405215,0.04923121069700926,0.04483419719372805,0.1605060878935338,0.13175685002532464,0.1403816213857874,0.3885538682560778,0.3696513255850045,0.37532208838632647,0.39327776796912833,0.31923642981458084,0.34144883126094505,0.02308777686185494,0.13012418387808078,0.09801326177321303,0.8556939343328712,0.18521581857951544,35.09666472991209
2024-12-25,average,"splits={""test"": 1, ""validation"": 2}; folds={""WF1"": 1, ""WF2"": 1, ""WF3"": 1}","splits={""test"": 1, ""validation"": 2}; folds={""WF1"": 1, ""WF2"": 1, ""WF3"": 1}",3,3,average,average,average,average,0.032157368547545216,0.058814822443679804,0.05081758627483943,0.1665142865941316,0.13957734895281923,0.14765843024521294,0.433691509556886,0.37005518644107194,0.3891460833758162,0.34912578497938984,0.31976962203643167,0.32857647091931913,0.018511050322047393,0.11178302012599735,0.08380142918481237,0.8540914056600086,0.19847601652005237,35.321805471901264
2024-12-26,average,"splits={""test"": 1, ""validation"": 2}; folds={""WF1"": 1, ""WF2"": 1, ""WF3"": 1}","splits={""test"": 1, ""validation"": 2}; folds={""WF1"": 1, ""WF2"": 1, ""WF3"": 1}",3,3,average,average,average,average,0.030523127938826295,0.050223096273001554,0.044313105772748974,0.17841469262851983,0.12577113583090446,0.1415642028701891,0.4459993822782769,0.3845841493795918,0.40300871924919734,0.3325492479349703,0.3352965513753225,0.3344723603432168,0.012513549219406537,0.10412506714117979,0.07664161176464782,0.8352539618858124,0.18587730864293805,34.59889522000407
2024-12-27,average,"splits={""test"": 1, ""validation"": 2}; folds={""WF1"": 1, ""WF2"": 1, ""WF3"": 1}","splits={""test"": 1, ""validation"": 2}; folds={""WF1"": 1, ""WF2"": 1, ""WF3"": 1}",3,3,average,average,average,average,0.027050368187015353,0.0489978578465614,0.04241361094869758,0.18469721249425575,0.19570161394168423,0.1924002935074557,0.4539983611738523,0.3026287920786679,0.3480396628072232,0.3222154154487445,0.34304550087813274,0.3367964752493163,0.012038642696132225,0.10962623525495362,0.08034995748730721,0.8621659943463722,0.23481390445615327,36.25042794778237
2024-12-30,average,"splits={""test"": 1, ""validation"": 2}; folds={""WF1"": 1, ""WF2"": 1, ""WF3"": 1}","splits={""test"": 1, ""validation"": 2}; folds={""WF1"": 1, ""WF2"": 1, ""WF3"": 1}",3,3,average,average,average,average,0.03241253338755423,0.05136695375289033,0.0456806276432895,0.20112677784343447,0.1193621053828109,0.14389150712099796,0.4414379876190112,0.30259732373881626,0.3442495229028747,0.31325228172174424,0.3505277478051856,0.33934510798015316,0.011770419428255902,0.17614586932029694,0.12683323435268462,0.8796104633660745,0.18957213476428747,35.78170427943761
2024-12-31,average,"splits={""test"": 1, ""validation"": 2}; folds={""WF1"": 1, ""WF2"": 1, ""WF3"": 1}","splits={""test"": 1, ""validation"": 2}; folds={""WF1"": 1, ""WF2"": 1, ""WF3"": 1}",3,3,average,average,average,average,0.03002946896559334,0.0411514725872976,0.03781487150078632,0.1992423836708044,0.11145496569761519,0.13779119108957194,0.4406425678567054,0.3487730403362576,0.37633389859239197,0.31578432599580303,0.3809131624491651,0.36137451151315647,0.014301253511093825,0.11770735892966448,0.08668552730409328,0.835410515081,0.17560606259035827,34.397384128832165
2025-01-02,average,"splits={""test"": 1, ""validation"": 2}; folds={""WF1"": 1, ""WF2"": 1, ""WF3"": 1}","splits={""test"": 1, ""validation"": 2}; folds={""WF1"": 1, ""WF2"": 1, ""WF3"": 1}",3,3,average,average,average,average,0.03189337746168294,0.038062707685764925,0.03621190861854033,0.17508648882331881,0.11676160514330482,0.13425907024730904,0.42304073997864333,0.2667422404578607,0.3136317903140955,0.353991187623411,0.43139951579190566,0.40817701734135725,0.01598820611294407,0.14703393092116393,0.10772021347869798,0.8445150969500308,0.1704709788658494,34.522297001067756
2025-01-03,average,"splits={""test"": 1, ""validation"": 2}; folds={""WF1"": 1, ""WF2"": 1, ""WF3"": 1}","splits={""test"": 1, ""validation"": 2}; folds={""WF1"": 1, ""WF2"": 1, ""WF3"": 1}",3,3,average,average,average,average,0.023872362356362798,0.03291545264010149,0.030202525554979886,0.1262655747317388,0.10585340208061407,0.11197705387595148,0.3870950374783482,0.2796426106710695,0.31187833871325316,0.4181011948583788,0.42802835668820555,0.4250502081392576,0.04466583057517135,0.1535601779200094,0.12089187371655799,0.8284469979862507,0.14217957943093137,33.55476653827489
2025-01-06,average,"splits={""test"": 1, ""validation"": 2}; folds={""WF1"": 1, ""WF2"": 1, ""WF3"": 1}","splits={""test"": 1, ""validation"": 2}; folds={""WF1"": 1, ""WF2"": 1, ""WF3"": 1}",3,3,average,average,average,average,0.023249550997200517,0.03211647648683367,0.02945639883994372,0.13451860910727484,0.10681717117755862,0.11512760255647347,0.4094587920497629,0.29476191686131775,0.32917097941785123,0.40725249452353685,0.41378954515584815,0.4118284299661547,0.02552055332222504,0.15251489031844187,0.11441658921957681,0.8275357775344953,0.1445840013964172,33.580074466290725
2025-01-07,average,"splits={""test"": 1, ""validation"": 2}; folds={""WF1"": 1, ""WF2"": 1, ""WF3"": 1}","splits={""test"": 1, ""validation"": 2}; folds={""WF1"": 1, ""WF2"": 1, ""WF3"": 1}",3,3,average,average,average,average,0.0345499225490888,0.036499063379087905,0.03591432113008817,0.14936602674307162,0.11561234043123936,0.12573844632478903,0.4590328665680783,0.36258292303986384,0.39151790609832815,0.34073509498000637,0.3717948909686826,0.36247695217207976,0.016316089159754882,0.11351078218112633,0.08435237427471488,0.8224960012688557,0.1616527674548772,33.795455380818936
2025-01-08,average,"splits={""test"": 1, ""validation"": 2}; folds={""WF1"": 1, ""WF2"": 1, ""WF3"": 1}","splits={""test"": 1, ""validation"": 2}; folds={""WF1"": 1, ""WF2"": 1, ""WF3"": 1}",3,3,average,average,average,average,0.026586370577287105,0.034594887691342266,0.032192332557125725,0.14148015832573557,0.10786934078194639,0.11795258604508314,0.46051895285562927,0.34048691278635446,0.3764965248071369,0.3571460746005579,0.3945841263382875,0.38335271081696864,0.014268443640790147,0.12246473240206926,0.09000584577368553,0.8169282346674168,0.15014491860220885,33.42610423872959
2025-01-09,average,"splits={""test"": 1, ""validation"": 2}; folds={""WF1"": 1, ""WF2"": 1, ""WF3"": 1}","splits={""test"": 1, ""validation"": 2}; folds={""WF1"": 1, ""WF2"": 1, ""WF3"": 1}",3,3,average,average,average,average,0.02956285380464708,0.03159678551043823,0.030986605998700883,0.12899803163705337,0.10509052130067413,0.11226277440158788,0.46821825023600344,0.3224366924948905,0.36617115981722437,0.35761098928631285,0.3345572057118142,0.3414733407841638,0.015609875035983286,0.20631879498218297,0.14910611899832305,0.8522911439403965,0.14324938040028876,34.17226620651569
2025-01-10,average,"splits={""test"": 1, ""validation"": 2}; folds={""WF1"": 1, ""WF2"": 1, ""WF3"": 1}","splits={""test"": 1, ""validation"": 2}; folds={""WF1"": 1, ""WF2"": 1, ""WF3"": 1}",3,3,average,average,average,average,0.03250025326149568,0.032412756464427005,0.032439005503547606,0.12325993144653706,0.1805499684984169,0.16336295738285292,0.4613493267671779,0.2906293979508353,0.34184537659573805,0.3651170759735055,0.3497889681152467,0.35438740047272427,0.017773412551283774,0.14661890897107427,0.1079652600451371,0.8587352307695012,0.19580196288640053,35.38442002696554
2025-01-13,average,"splits={""test"": 1, ""validation"": 2}; folds={""WF1"": 1, ""WF2"": 1, ""WF3"": 1}","splits={""test"": 1, ""validation"": 2}; folds={""WF1"": 1, ""WF2"": 1, ""WF3"": 1}",3,3,average,average,average,average,0.03438295091536464,0.029408109562440724,0.03090056196831789,0.11603973686699895,0.10409010507217588,0.10767499461062277,0.43367945146766834,0.33754351453251863,0.3663842956130635,0.39332704302316335,0.3440146329496313,0.35880835597169086,0.022570817726804793,0.18494363788323356,0.1362317918363049,0.84167050638739,0.13857555657894066,33.81327379126356
2025-01-14,average,"splits={""test"": 1, ""validation"": 2}; folds={""WF1"": 1, ""WF2"": 1, ""WF3"": 1}","splits={""test"": 1, ""validation"": 2}; folds={""WF1"": 1, ""WF2"": 1, ""WF3"": 1}",3,3,average,average,average,average,0.04710266796359025,0.02743708266044224,0.03333675825138664,0.0890605335188545,0.09701588476901805,0.09462927939396898,0.3975485859482644,0.259294652746279,0.3007708327068746,0.4280359508874425,0.4214426953988486,0.42342067204542677,0.038252261681848414,0.19480968442541213,0.14784245760234302,0.8352887011384589,0.12796603764535563,33.44153828136858
2025-01-15,average,"splits={""test"": 1, ""validation"": 2}; folds={""WF1"": 1, ""WF2"": 1, ""WF3"": 1}","splits={""test"": 1, ""validation"": 2}; folds={""WF1"": 1, ""WF2"": 1, ""WF3"": 1}",3,3,average,average,average,average,0.05051336478662296,0.10382920189097182,0.08783445075966717,0.0885323288245796,0.0985587892108614,0.09555085109497688,0.3938412607759743,0.26025714054266097,0.300332376612655,0.42826093287985795,0.32678894369138406,0.35723054044792624,0.03885211273296497,0.2105659246641218,0.15905178108477475,0.9067802495153853,0.18338530185464405,36.33721227497751
2025-01-16,average,"splits={""test"": 1, ""validation"": 2}; folds={""WF1"": 1, ""WF2"": 1, ""WF3"": 1}","splits={""test"": 1, ""validation"": 2}; folds={""WF1"": 1, ""WF2"": 1, ""WF3"": 1}",3,3,average,average,average,average,0.03667583523199887,0.030629756893007936,0.03244358039470521,0.10790049676752837,0.09821302641125872,0.1011192675181396,0.37269711057081106,0.2561174261252139,0.29109133145889304,0.4354993319168323,0.42700628025165366,0.42955419575120724,0.047227225512829506,0.18803351031886592,0.145791624877055,0.8362457145712737,0.1335628479128448,33.57739982253874
2025-01-17,average,"splits={""test"": 1, ""validation"": 2}; folds={""WF1"": 1, ""WF2"": 1, ""WF3"": 1}","splits={""test"": 1, ""validation"": 2}; folds={""WF1"": 1, ""WF2"": 1, ""WF3"": 1}",3,3,average,average,average,average,0.029542942325321824,0.03770083960998185,0.03525347042458385,0.11589043995092539,0.11576993688058847,0.11580608780168955,0.3567689905192943,0.25254867001432724,0.2838147661658174,0.46221925012422244,0.34915828835406454,0.38307657688511193,0.035578377080236055,0.24482226514103786,0.18204909872279731,0.8715596683981747,0.1510595582262734,34.810182874479835
2025-01-20,average,"splits={""test"": 1, ""validation"": 2}; folds={""WF1"": 1, ""WF2"": 1, ""WF3"": 1}","splits={""test"": 1, ""validation"": 2}; folds={""WF1"": 1, ""WF2"": 1, ""WF3"": 1}",3,3,average,average,average,average,0.030837950599909462,0.04171592856933348,0.038452535178506275,0.1278749687048459,0.12257395979643042,0.12416426246895507,0.4250484868205842,0.3611626512893448,0.38032840194871664,0.3911790217851039,0.333425918908892,0.35075184977175555,0.025059572089556545,0.1411215414359993,0.10630295063206646,0.8436087616562101,0.16261679764746134,34.34255499435448
2025-01-21,average,"splits={""test"": 1, ""validation"": 2}; folds={""WF1"": 1, ""WF2"": 1, ""WF3"": 1}","splits={""test"": 1, ""validation"": 2}; folds={""WF1"": 1, ""WF2"": 1, ""WF3"": 1}",3,3,average,average,average,average,0.030526934639305975,0.03388759470826684,0.03287939668757858,0.17733466181606886,0.11038175928064227,0.13046763004127024,0.45419775745370444,0.3037391423717544,0.3488767268963394,0.3235894327400049,0.4257708759112737,0.395116442959893,0.01435121335091582,0.12622062772806283,0.09265980341491872,0.8280472460469012,0.16334702672884882,33.96812168574951
2025-01-22,average,"splits={""test"": 1, ""validation"": 2}; folds={""WF1"": 1, ""WF2"": 1, ""WF3"": 1}","splits={""test"": 1, ""validation"": 2}; folds={""WF1"": 1, ""WF2"": 1, ""WF3"": 1}",3,3,average,average,average,average,0.029401291281926336,0.03273943368433536,0.03173799096361265,0.1500583417358906,0.10207884407912164,0.11647269337615232,0.46113641938167954,0.35884793592264447,0.389534480960355,0.335877047933366,0.3764516117702617,0.364279242619193,0.023526899667137557,0.12988217454363685,0.09797559208068705,0.8218076475873304,0.14821068433976498,33.509404876478555
2025-02-03,average,"splits={""test"": 1, ""validation"": 2}; folds={""WF1"": 1, ""WF2"": 1, ""WF3"": 1}","splits={""test"": 1, ""validation"": 2}; folds={""WF1"": 1, ""WF2"": 1, ""WF3"": 1}",3,3,average,average,average,average,0.03863160711429842,0.03094386134898641,0.03325018507858002,0.14878309660790898,0.12257254408853402,0.13043570984434652,0.4715682327301629,0.29607449431860516,0.34872261584207254,0.32685524734241245,0.4232797004256645,0.3943523645006889,0.014161816205217295,0.12712939981820995,0.09323912473431216,0.8291052828320025,0.16368589492292654,34.00134996925859
2025-02-04,average,"splits={""test"": 1, ""validation"": 2}; folds={""WF1"": 1, ""WF2"": 1, ""WF3"": 1}","splits={""test"": 1, ""validation"": 2}; folds={""WF1"": 1, ""WF2"": 1, ""WF3"": 1}",3,3,average,average,average,average,0.04262017151473568,0.03272838794926173,0.03569592301890391,0.08877469630855118,0.10496670644723043,0.10010910340562665,0.37876694900368674,0.2450084675352462,0.2851360119757783,0.44721540444481206,0.438613624783397,0.44119415868182155,0.04262277872821433,0.17868281328486466,0.13786480291786957,0.8334233918028323,0.13580502642453057,33.551685323561415
2025-02-05,average,"splits={""test"": 1, ""validation"": 2}; folds={""WF1"": 1, ""WF2"": 1, ""WF3"": 1}","splits={""test"": 1, ""validation"": 2}; folds={""WF1"": 1, ""WF2"": 1, ""WF3"": 1}",3,3,average,average,average,average,0.05256041695696684,0.03234901901587591,0.038412438398203186,0.10293497164997185,0.1202482551006339,0.11505427006543528,0.4015506622833109,0.2600995933094991,0.3025349140016426,0.4050285053481086,0.42583081756122615,0.4195901238972909,0.03792544376164191,0.16147231501276496,0.12440825363742804,0.8446308136136439,0.15346670846363847,34.185104509613865
2025-02-06,average,"splits={""test"": 1, ""validation"": 2}; folds={""WF1"": 1, ""WF2"": 1, ""WF3"": 1}","splits={""test"": 1, ""validation"": 2}; folds={""WF1"": 1, ""WF2"": 1, ""WF3"": 1}",3,3,average,average,average,average,0.0508855056733881,0.03144643131370591,0.03727815362161056,0.10162559100875844,0.125298548612556,0.11819666133141671,0.3936287858319045,0.29143051599088005,0.3220899969431874,0.4206723734087756,0.38889479206324346,0.3984280664669031,0.033187744077173294,0.16292971201961468,0.12400712163688225,0.8483840487023953,0.15547481495302728,34.31909751662043
2025-02-07,average,"splits={""test"": 1, ""validation"": 2}; folds={""WF1"": 1, ""WF2"": 1, ""WF3"": 1}","splits={""test"": 1, ""validation"": 2}; folds={""WF1"": 1, ""WF2"": 1, ""WF3"": 1}",3,3,average,average,average,average,0.036778120005821736,0.035690264476747745,0.03601662113546994,0.11235489261721561,0.13063501147920517,0.1251509758206083,0.38987258898224403,0.29435709253440345,0.3230117414687556,0.4269090416178935,0.33529814340700526,0.3627814128702717,0.03408535677682518,0.2040194881026384,0.15303924870489444,0.8698297184850708,0.16116759695607824,34.96909490124834
2025-02-10,average,"splits={""test"": 1, ""validation"": 2}; folds={""WF1"": 1, ""WF2"": 1, ""WF3"": 1}","splits={""test"": 1, ""validation"": 2}; folds={""WF1"": 1, ""WF2"": 1, ""WF3"": 1}",3,3,average,average,average,average,0.038717501037272235,0.033626609635969903,0.03515387705636061,0.1189469163929399,0.13058971013490522,0.12709687201231565,0.4146664730063676,0.310927585165745,0.3420492515179318,0.4027767729225878,0.32311715407678365,0.3470150397305249,0.024892336640832482,0.20173894098659625,0.14868495968286716,0.8683040150348534,0.16225074906867626,34.95261535724486
2025-02-11,average,"splits={""test"": 1, ""validation"": 2}; folds={""WF1"": 1, ""WF2"": 1, ""WF3"": 1}","splits={""test"": 1, ""validation"": 2}; folds={""WF1"": 1, ""WF2"": 1, ""WF3"": 1}",3,3,average,average,average,average,0.03419155670482845,0.03636736743450878,0.03571462421560468,0.1372100460105445,0.12512523586044866,0.12875067890547742,0.42450323739347035,0.3585453555117595,0.3783327200762727,0.379958047472996,0.35542459841901786,0.36278463313521125,0.024137112418160685,0.12453744277426532,0.09441734366743393,0.833418499933213,0.1644653031210821,34.12476856075197
2025-02-12,average,"splits={""test"": 1, ""validation"": 2}; folds={""WF1"": 1, ""WF2"": 1, ""WF3"": 1}","splits={""test"": 1, ""validation"": 2}; folds={""WF1"": 1, ""WF2"": 1, ""WF3"": 1}",3,3,average,average,average,average,0.03444952000931893,0.03627535147698349,0.03572760203668412,0.14493883519741294,0.11655894659578521,0.12507291317627353,0.40969752572964163,0.3016666126201395,0.33407588655299014,0.3886479273802481,0.4166463841629724,0.40824684712815507,0.02226619168337847,0.12885270514411942,0.09687675110589714,0.8308529096226932,0.16080051521295766,33.987333044826485
2025-02-13,average,"splits={""test"": 1, ""validation"": 2}; folds={""WF1"": 1, ""WF2"": 1, ""WF3"": 1}","splits={""test"": 1, ""validation"": 2}; folds={""WF1"": 1, ""WF2"": 1, ""WF3"": 1}",3,3,average,average,average,average,0.03825892702993784,0.03408211016680413,0.03533515522574425,0.1333681750844379,0.18722957289988473,0.1710711535552507,0.3771130672330589,0.2746311777795016,0.3053757446155688,0.42032607286295764,0.36067563881708126,0.3785707690308442,0.03093375778960772,0.14338150033672833,0.10964717757259215,0.8652194661063636,0.20640630878099497,35.758612828278984
2025-02-14,average,"splits={""test"": 1, ""validation"": 2}; folds={""WF1"": 1, ""WF2"": 1, ""WF3"": 1}","splits={""test"": 1, ""validation"": 2}; folds={""WF1"": 1, ""WF2"": 1, ""WF3"": 1}",3,3,average,average,average,average,0.034091481109129684,0.033113699220474864,0.03340703378707131,0.16133902458993765,0.19073140641618716,0.1819136918683123,0.3517435772475612,0.27975887351496925,0.30135428463474684,0.4179801748229677,0.36476552008166296,0.3807299165040544,0.034845742230403806,0.1316305007667059,0.10259507320581528,0.8613563968862292,0.2153207256553836,35.840324435263405
2025-02-17,average,"splits={""test"": 1, ""validation"": 2}; folds={""WF1"": 1, ""WF2"": 1, ""WF3"": 1}","splits={""test"": 1, ""validation"": 2}; folds={""WF1"": 1, ""WF2"": 1, ""WF3"": 1}",3,3,average,average,average,average,0.026781525306004656,0.02941139096819581,0.028622431269538465,0.13381404702780395,0.12491692692622514,0.12758606295669878,0.384713192871521,0.2664098355035704,0.30190084271395556,0.4068087610003286,0.44168647914847997,0.4312231637040346,0.04788247379434177,0.13757536745352872,0.11066749935577264,0.8278038835714,0.15620849422623723,33.819266973809746
2025-02-18,average,"splits={""test"": 1, ""validation"": 2}; folds={""WF1"": 1, ""WF2"": 1, ""WF3"": 1}","splits={""test"": 1, ""validation"": 2}; folds={""WF1"": 1, ""WF2"": 1, ""WF3"": 1}",3,3,average,average,average,average,0.02904857691285029,0.029590550020831302,0.029427958088436994,0.16832659459175428,0.12666673197236666,0.13916469075818294,0.40386062382065663,0.28250163250481874,0.3189093298995701,0.36821566534295763,0.4418295236917581,0.41974536618711794,0.030548539331781217,0.11941156181022533,0.09275265506669207,0.8248852818414041,0.16859264884661992,33.99398502296749
2025-02-19,average,"splits={""test"": 1, ""validation"": 2}; folds={""WF1"": 1, ""WF2"": 1, ""WF3"": 1}","splits={""test"": 1, ""validation"": 2}; folds={""WF1"": 1, ""WF2"": 1, ""WF3"": 1}",3,3,average,average,average,average,0.02819744289878595,0.03570423158923975,0.03345219498210362,0.17201435551636965,0.1968359545138513,0.18938947481460683,0.4206633819845959,0.28998827186873594,0.329190804903494,0.35514550824652336,0.35129746994639865,0.3524518814364361,0.023979311353725146,0.1261740720817743,0.09551564386335958,0.8614369243324063,0.22284166979671044,35.99275650424437
2025-02-20,average,"splits={""test"": 1, ""validation"": 2}; folds={""WF1"": 1, ""WF2"": 1, ""WF3"": 1}","splits={""test"": 1, ""validation"": 2}; folds={""WF1"": 1, ""WF2"": 1, ""WF3"": 1}",3,3,average,average,average,average,0.030060250070623632,0.033747109952662176,0.03264105198805061,0.16417243031556356,0.11956686557214972,0.13294853499517387,0.4516076490944908,0.29046571036573904,0.3388082919843646,0.33429941788680534,0.43184720367687596,0.40258286793985476,0.019860252632516714,0.12437311043257317,0.09301925309255624,0.8287821104234863,0.16558958698322448,34.03134450025164
2025-02-21,average,"splits={""test"": 1, ""validation"": 2}; folds={""WF1"": 1, ""WF2"": 1, ""WF3"": 1}","splits={""test"": 1, ""validation"": 2}; folds={""WF1"": 1, ""WF2"": 1, ""WF3"": 1}",3,3,average,average,average,average,0.0254758156328167,0.028740768015616373,0.027761282300776475,0.15720435143030917,0.1202304474950131,0.13132261867560194,0.45160106151676366,0.36817980343853135,0.39320618086200104,0.34635366677349655,0.3504087212577759,0.34919220491249214,0.019365104646613937,0.13244025979306334,0.09851771324912853,0.8256532181955087,0.15908390097637842,33.82300847441529
2025-02-24,average,"splits={""test"": 1, ""validation"": 2}; folds={""WF1"": 1, ""WF2"": 1, ""WF3"": 1}","splits={""test"": 1, ""validation"": 2}; folds={""WF1"": 1, ""WF2"": 1, ""WF3"": 1}",3,3,average,average,average,average,0.03356338418835796,0.030451314691493096,0.03138493554055256,0.15321737703479024,0.12033415294351481,0.13019912017089744,0.44144998606515956,0.24576416734463108,0.3044699129607896,0.3502690883233577,0.4690563341474897,0.4334201604002501,0.02150016438833452,0.1343940308728714,0.10052587092751035,0.8260305222357399,0.16158405571145,33.8824441701225
2025-02-25,average,"splits={""test"": 1, ""validation"": 2}; folds={""WF1"": 1, ""WF2"": 1, ""WF3"": 1}","splits={""test"": 1, ""validation"": 2}; folds={""WF1"": 1, ""WF2"": 1, ""WF3"": 1}",3,3,average,average,average,average,0.022837115182169177,0.04142679355528987,0.03584989004335366,0.16631157673615796,0.07955101770263258,0.10557918541269018,0.4032381831720109,0.31154387467677597,0.3390521672253464,0.3229000438752452,0.41822334479579154,0.3896263545196276,0.08471308103441676,0.14925496926951,0.12989240279898204,0.8423943028667312,0.14142907545604383,33.888439080789155
2025-02-26,average,"splits={""test"": 1, ""validation"": 2}; folds={""WF1"": 1, ""WF2"": 1, ""WF3"": 1}","splits={""test"": 1, ""validation"": 2}; folds={""WF1"": 1, ""WF2"": 1, ""WF3"": 1}",3,3,average,average,average,average,0.0296260562325559,0.03151233175241437,0.030946449096456826,0.12770038007463191,0.11047865328500041,0.11564517132188985,0.39397815188988067,0.28590081722069627,0.31832401762145157,0.4085825248410557,0.4024549577365144,0.40429322786787675,0.04011288696187579,0.16965324000537468,0.130791134092325,0.841033663502141,0.14659162041834667,33.95767399592046
2025-02-27,average,"splits={""test"": 1, ""validation"": 2}; folds={""WF1"": 1, ""WF2"": 1, ""WF3"": 1}","splits={""test"": 1, ""validation"": 2}; folds={""WF1"": 1, ""WF2"": 1, ""WF3"": 1}",3,3,average,average,average,average,0.028977974521436432,0.027247548754015593,0.027766676484241845,0.1368216278757897,0.1825079195024034,0.1688020320144193,0.35735720644344426,0.22081951086828475,0.2617808195408326,0.4365244750644552,0.3972138193776116,0.40900701608366463,0.04031871609487428,0.17221120149768476,0.13264345587684162,0.860102615686728,0.19656870849866115,35.43393956214142
2025-03-03,average,"splits={""test"": 1, ""validation"": 2}; folds={""WF1"": 1, ""WF2"": 1, ""WF3"": 1}","splits={""test"": 1, ""validation"": 2}; folds={""WF1"": 1, ""WF2"": 1, ""WF3"": 1}",3,3,average,average,average,average,0.04316913299516064,0.038689729250653865,0.0400335503740059,0.14451069866778146,0.12194706743748118,0.12871615680657128,0.36266941721474205,0.30301667888703304,0.32091250038534574,0.40027491427151163,0.376329120671525,0.38351285875152097,0.04937583685080421,0.16001740375330697,0.12682493368255612,0.8617293892485308,0.1687497071805772,34.91822887482482
2025-03-04,average,"splits={""test"": 1, ""validation"": 2}; folds={""WF1"": 1, ""WF2"": 1, ""WF3"": 1}","splits={""test"": 1, ""validation"": 2}; folds={""WF1"": 1, ""WF2"": 1, ""WF3"": 1}",3,3,average,average,average,average,0.04893545113605675,0.037740899709542024,0.04109926513749644,0.14419104896042556,0.11892733480125484,0.12650644904900604,0.33527162096003166,0.3143422724166757,0.3206210769796825,0.3788644073843089,0.3452106442132168,0.3553067731645444,0.0927374715591771,0.18377884885931073,0.15646643566927065,0.8793910488161323,0.1676057141865025,35.33689050413336
2025-03-05,average,"splits={""test"": 1, ""validation"": 2}; folds={""WF1"": 1, ""WF2"": 1, ""WF3"": 1}","splits={""test"": 1, ""validation"": 2}; folds={""WF1"": 1, ""WF2"": 1, ""WF3"": 1}",3,3,average,average,average,average,0.04101728202278861,0.031766601578814765,0.03454180571200692,0.14955035746670187,0.19297523553797372,0.17994777211659216,0.32957470134333017,0.2243613331920901,0.2559253436374621,0.4165624177485305,0.3381767982162531,0.3616924840759363,0.06329524141864899,0.21272003147486837,0.16789259445800256,0.895401080317286,0.21448957782859907,36.674818564504136
2025-03-06,average,"splits={""test"": 1, ""validation"": 2}; folds={""WF1"": 1, ""WF2"": 1, ""WF3"": 1}","splits={""test"": 1, ""validation"": 2}; folds={""WF1"": 1, ""WF2"": 1, ""WF3"": 1}",3,3,average,average,average,average,0.03550248455722756,0.02986005895570712,0.03155278663616325,0.1607843367478153,0.1881724969710307,0.17995604890406605,0.35967886733394544,0.2276291351918416,0.2672440548344728,0.3991786780162964,0.3390916411423156,0.35711775220450986,0.04485563334471532,0.2152466677391051,0.16412935742078816,0.8914004954418894,0.2115088355402293,36.51518909685182
2025-03-07,average,"splits={""test"": 1, ""validation"": 2}; folds={""WF1"": 1, ""WF2"": 1, ""WF3"": 1}","splits={""test"": 1, ""validation"": 2}; folds={""WF1"": 1, ""WF2"": 1, ""WF3"": 1}",3,3,average,average,average,average,0.043072421207496894,0.03434426570140137,0.03696271235323003,0.16031932654499648,0.11770471127180611,0.13048909585376323,0.34022414039971904,0.30472387604945456,0.3153739553545339,0.3997324718370094,0.3429002698440861,0.3599499304419631,0.05665164001077808,0.2003268771332519,0.15722430599650974,0.8762347365444424,0.16745180820699326,35.25490457775093
2025-03-10,average,"splits={""test"": 1, ""validation"": 2}; folds={""WF1"": 1, ""WF2"": 1, ""WF3"": 1}","splits={""test"": 1, ""validation"": 2}; folds={""WF1"": 1, ""WF2"": 1, ""WF3"": 1}",3,3,average,average,average,average,0.04570296829873678,0.03823400772373277,0.04047469589623397,0.15325038831972757,0.1269168921679731,0.13481694101349945,0.32782985438394313,0.2990723316776356,0.30769958848952783,0.40506398032627,0.339384930051913,0.35908864513422006,0.0681528086713227,0.19639183837874563,0.15792012946651873,0.8834528330076732,0.17529163690973343,35.5921535633865
2025-03-11,average,"splits={""test"": 1, ""validation"": 2}; folds={""WF1"": 1, ""WF2"": 1, ""WF3"": 1}","splits={""test"": 1, ""validation"": 2}; folds={""WF1"": 1, ""WF2"": 1, ""WF3"": 1}",3,3,average,average,average,average,0.05555455862464279,0.1112765222401269,0.09455993315548168,0.16127634075216543,0.1379785411304756,0.14496788101698257,0.321369707784071,0.20699231524028475,0.24130553300342064,0.3861144952082047,0.3106904181638344,0.3333176412771455,0.0756848976309161,0.23306220322527835,0.1858490115469697,0.9475388523279976,0.23952781417246427,38.47902759164923
2025-03-12,average,"splits={""test"": 1, ""validation"": 1}; folds={""WF1"": 1, ""WF3"": 1}","splits={""test"": 1, ""validation"": 1}; folds={""WF1"": 1, ""WF3"": 1}",2,2,average,average,average,average,0.07444328194325284,0.03321885474333994,0.0455861829033138,0.21543627342662933,0.1284847240353986,0.1545701888527678,0.27556507996106433,0.19670375277947866,0.22036215093395434,0.3400070995465243,0.38015395503490623,0.36810989838839164,0.09454826512252926,0.26143871340687663,0.2113715789215724,0.9065587195831369,0.20015637175608159,36.66709542470006
2025-03-13,average,"splits={""test"": 1, ""validation"": 1}; folds={""WF1"": 1, ""WF3"": 1}","splits={""test"": 1, ""validation"": 1}; folds={""WF1"": 1, ""WF3"": 1}",2,2,average,average,average,average,0.08296422479852365,0.04053066085022617,0.05326073003471542,0.2160193084441272,0.13836958911364258,0.16166450491278797,0.272451909839724,0.24784501967699235,0.25522708672581185,0.34634578881344363,0.3595352973536237,0.35557844479156964,0.08221876810418159,0.21371943300551524,0.17426923353511514,0.9142728871602552,0.21492523494750337,37.15532687795645
2025-03-14,average,"splits={""test"": 1, ""validation"": 1}; folds={""WF1"": 1, ""WF3"": 1}","splits={""test"": 1, ""validation"": 1}; folds={""WF1"": 1, ""WF3"": 1}",2,2,average,average,average,average,0.07902693550314255,0.03332635278060999,0.04703652759736976,0.2321696410752307,0.14312407983776151,0.16983774820900227,0.2907529108161788,0.2270756923481548,0.24617885788856203,0.3208862013299454,0.3651965892182363,0.351903472851749,0.07716431127550245,0.2312772858152373,0.18504339345331686,0.9131662153561273,0.21687427580637203,37.16664090003062
2025-03-17,average,"splits={""test"": 1, ""validation"": 1}; folds={""WF1"": 1, ""WF3"": 1}","splits={""test"": 1, ""validation"": 1}; folds={""WF1"": 1, ""WF3"": 1}",2,2,average,average,average,average,0.08285991041964094,0.043125928632908934,0.05504612316892854,0.23530490563856343,0.14381746165605447,0.1712636948508072,0.27606815325893275,0.2626491127116588,0.266674824875841,0.3008098972194732,0.3472990176171904,0.33335228149787527,0.10495713346338967,0.2031084793821874,0.1736630756065481,0.9223793980641419,0.22630981801973574,37.585681311998265
2025-03-18,average,"splits={""test"": 1, ""validation"": 1}; folds={""WF1"": 1, ""WF3"": 1}","splits={""test"": 1, ""validation"": 1}; folds={""WF1"": 1, ""WF3"": 1}",2,2,average,average,average,average,0.09192011378332542,0.046278061259400614,0.05997067701657806,0.21664218117795916,0.1277532901033632,0.15441995742574197,0.2798902781446885,0.2579260608145733,0.26451532601360783,0.344960102648164,0.3991944343091366,0.3829241348108448,0.06658732424586314,0.1688481535135264,0.1381699047332274,0.9009599767018716,0.21439063444232004,36.81181210639319
2025-03-19,average,"splits={""test"": 1, ""validation"": 1}; folds={""WF1"": 1, ""WF3"": 1}","splits={""test"": 1, ""validation"": 1}; folds={""WF1"": 1, ""WF3"": 1}",2,2,average,average,average,average,0.09768690457291679,0.05443242521671913,0.06740876902357844,0.2037693716561646,0.13237148698348858,0.15379085238529142,0.29837292908180313,0.26354060906814814,0.27399030507224464,0.3389196970073103,0.39663785824186026,0.3793224098714953,0.0612510976818052,0.1530176204897839,0.1254876636473903,0.9025544705165414,0.22119962140886984,36.98785419109093
2025-03-20,average,"splits={""test"": 1, ""validation"": 1}; folds={""WF1"": 1, ""WF3"": 1}","splits={""test"": 1, ""validation"": 1}; folds={""WF1"": 1, ""WF3"": 1}",2,2,average,average,average,average,0.0875215986702986,0.05547825171905543,0.06509125580442837,0.2276512559597347,0.12928120319457012,0.1587922190241195,0.296528768282617,0.2690944400687172,0.27732473853288714,0.3139891681885194,0.38136287422585735,0.36115076241465593,0.07430920889883033,0.1647832307917999,0.13764102422390903,0.911182425975065,0.22388347482854787,37.25723014594758
2025-03-21,average,"splits={""test"": 1, ""validation"": 1}; folds={""WF1"": 1, ""WF3"": 1}","splits={""test"": 1, ""validation"": 1}; folds={""WF1"": 1, ""WF3"": 1}",2,2,average,average,average,average,0.1239447696018399,0.05759294439525085,0.07749849195722756,0.2057740318697957,0.1372305491904098,0.15779359399422557,0.30004891220831986,0.28753720142992734,0.2912907146634451,0.30386128858448835,0.3595278609320395,0.3428278892277741,0.06637099773555624,0.15811144405237249,0.1305893101573276,0.9206303664002425,0.23529208595145312,37.72160087903512
2025-03-24,average,"splits={""test"": 1, ""validation"": 1}; folds={""WF1"": 1, ""WF3"": 1}","splits={""test"": 1, ""validation"": 1}; folds={""WF1"": 1, ""WF3"": 1}",2,2,average,average,average,average,0.10942276526562544,0.047698161583421606,0.06621554268808275,0.18081234670899762,0.12978478458526632,0.14509305322238572,0.31413462766683276,0.25430953965747405,0.27225706606028166,0.3269771833281902,0.37950358744465085,0.3637456662097126,0.06865307703035385,0.18870392672918723,0.15268867181953721,0.9126604586916496,0.21130859591046847,37.04268338550061
2025-03-25,average,"splits={""test"": 1, ""validation"": 1}; folds={""WF1"": 1, ""WF3"": 1}","splits={""test"": 1, ""validation"": 1}; folds={""WF1"": 1, ""WF3"": 1}",2,2,average,average,average,average,0.10122899300914368,0.06419214166399992,0.07530319706754304,0.20795996694323177,0.12963774597129474,0.15313441226287583,0.26241419087370327,0.2676274521659796,0.2660634737782967,0.34523425681198794,0.37011547062119865,0.36265110647843546,0.08316259236193334,0.16842718957752711,0.14284781041284897,0.9196955688347378,0.22843760933041887,37.561141407476825
2025-03-26,average,"splits={""test"": 1, ""validation"": 1}; folds={""WF1"": 1, ""WF3"": 1}","splits={""test"": 1, ""validation"": 1}; folds={""WF1"": 1, ""WF3"": 1}",2,2,average,average,average,average,0.09859241467327198,0.05499551989648171,0.06807458832951879,0.1781507494512287,0.11950010473620955,0.1370952981507153,0.2965045677048221,0.22897494449419878,0.2492338314573858,0.3644794163111418,0.4512777825398752,0.4252382726712552,0.06227285185953535,0.14525164833323484,0.120358009391125,0.8823441627458084,0.2051698864802341,36.16200179824989
2025-03-27,average,"splits={""test"": 1, ""validation"": 1}; folds={""WF1"": 1, ""WF3"": 1}","splits={""test"": 1, ""validation"": 1}; folds={""WF1"": 1, ""WF3"": 1}",2,2,average,average,average,average,0.11506230923024045,0.053981839361115745,0.07230598032185316,0.17874929991656774,0.11812765544332708,0.13631414878529927,0.3176702100671719,0.24394620228945982,0.26606340462277345,0.34284822092347716,0.39198978031700155,0.3772473124989442,0.045669959862542756,0.1919545225890959,0.14806915377112992,0.9099081496322116,0.20862012910715244,36.92010632294834
2025-03-28,average,"splits={""test"": 1, ""validation"": 1}; folds={""WF1"": 1, ""WF3"": 1}","splits={""test"": 1, ""validation"": 1}; folds={""WF1"": 1, ""WF3"": 1}",2,2,average,average,average,average,0.1277228248108403,0.049456688171752326,0.07293652916347872,0.16862087418741,0.12469847065099288,0.137875191711918,0.2967543499102763,0.2237363947248296,0.2456417812804636,0.33725867256232356,0.42862448353177773,0.40121474024094145,0.06964327852914982,0.1734839629206475,0.1423317576031982,0.9027378526603522,0.21081172087539674,36.78468073401674
2025-03-31,average,"splits={""test"": 1, ""validation"": 1}; folds={""WF1"": 1, ""WF3"": 1}","splits={""test"": 1, ""validation"": 1}; folds={""WF1"": 1, ""WF3"": 1}",2,2,average,average,average,average,0.1015435401307478,0.04062457680710292,0.05890026580419638,0.18928637216066924,0.1035146805744685,0.12924618805032873,0.30120493050355174,0.1869409460303943,0.22122014137234153,0.33088857449590153,0.3716163275837434,0.35939800165739083,0.07707658270912979,0.29730346900429083,0.23123540311574253,0.9142061042254156,0.1881464538545251,36.618081682725894
2025-04-01,average,"splits={""test"": 1, ""validation"": 1}; folds={""WF1"": 1, ""WF3"": 1}","splits={""test"": 1, ""validation"": 1}; folds={""WF1"": 1, ""WF3"": 1}",2,2,average,average,average,average,0.06334793918008574,0.02315105302766137,0.03521011887338868,0.17010037419081325,0.1175290618774136,0.1333004555714335,0.30903495820511345,0.18526837975020377,0.22239835328667668,0.3216774042906304,0.3238903185956279,0.3232264443041286,0.1358393241333572,0.35016118674909336,0.2858646279643725,0.8970829327387304,0.16851057444482218,35.7972848073647
2025-04-02,average,"splits={""test"": 1, ""validation"": 1}; folds={""WF1"": 1, ""WF3"": 1}","splits={""test"": 1, ""validation"": 1}; folds={""WF1"": 1, ""WF3"": 1}",2,2,average,average,average,average,0.08131249794912221,0.03030374757150168,0.04560637268478784,0.15756126147825736,0.1084197056224688,0.12316217237920538,0.3132769589051662,0.17035601925153765,0.2132323011476262,0.3353722473392947,0.3452204419100686,0.3422659835388364,0.11247703432815949,0.3457000856444232,0.2757331702495441,0.901230632938035,0.16876854506399322,35.90613672473074
2025-04-07,average,"splits={""test"": 1, ""validation"": 1}; folds={""WF1"": 1, ""WF3"": 1}","splits={""test"": 1, ""validation"": 1}; folds={""WF1"": 1, ""WF3"": 1}",2,2,average,average,average,average,0.07481904230604318,0.035733785689950025,0.04745936267477798,0.16147022944568057,0.10641359563881408,0.12293058578087403,0.30743541432573634,0.17823393501889695,0.21699437881094877,0.34945541698174754,0.3465532015341863,0.34742386616845466,0.10681989694079237,0.3330654821181527,0.2651918065649446,0.9028999147932044,0.170389948455652,35.98029683894315
2025-04-08,average,"splits={""test"": 1, ""validation"": 1}; folds={""WF1"": 1, ""WF3"": 1}","splits={""test"": 1, ""validation"": 1}; folds={""WF1"": 1, ""WF3"": 1}",2,2,average,average,average,average,0.03075543741033368,0.025522258255976076,0.027092212002283355,0.0817186324351,0.12501247945621713,0.11202432534988199,0.21170005155922808,0.20661630487595226,0.208141428880935,0.24920228190721155,0.33723169561152033,0.3108228715002277,0.42662359668812677,0.3056172618003342,0.34191916226667196,0.8697580190873648,0.13911653735216534,34.52628122422743
2025-04-09,average,"splits={""test"": 1, ""validation"": 1}; folds={""WF1"": 1, ""WF3"": 1}","splits={""test"": 1, ""validation"": 1}; folds={""WF1"": 1, ""WF3"": 1}",2,2,average,average,average,average,0.029612315648842955,0.02201679431369389,0.02429545071423861,0.09060389993173094,0.12954413257339623,0.11786206278089664,0.2126600486894877,0.17609417378989212,0.1870639362597708,0.26753203349861476,0.3779339496716415,0.34481337481973345,0.3995917022313236,0.2944109496513763,0.3259651754253605,0.8626908015262683,0.14215751349513525,34.410420308059415
2025-04-10,average,"splits={""test"": 1, ""validation"": 1}; folds={""WF1"": 1, ""WF3"": 1}","splits={""test"": 1, ""validation"": 1}; folds={""WF1"": 1, ""WF3"": 1}",2,2,average,average,average,average,0.026647524811902093,0.04245582987481676,0.03771333835594236,0.08922967331430665,0.12721914557541153,0.11582230389708006,0.21311867874077256,0.19592025280203085,0.20107978058365333,0.252605094896581,0.3516902970225185,0.32196473638473727,0.41839902823643776,0.2827144747252223,0.32341984077858693,0.8858991851282365,0.1535356422530224,35.21819247326636
2025-04-11,average,"splits={""test"": 2, ""validation"": 1}; folds={""WF1"": 1, ""WF2"": 1, ""WF3"": 1}","splits={""test"": 1, ""validation"": 1}; folds={""WF1"": 1, ""WF3"": 1}",3,2,average,average,average,average,0.0492134486908607,0.04769745630882111,0.04815225402343299,0.0565986199247913,0.16471322147919829,0.1322788410128762,0.19095254000354214,0.1589493557365603,0.16855031101665488,0.29656174829159904,0.3650644660713892,0.3445136507374522,0.4066736430892067,0.2635755004040311,0.3065049432095838,0.8967857471225019,0.1804310950363092,36.028265578788734
2025-04-14,average,"splits={""test"": 2, ""validation"": 1}; folds={""WF1"": 1, ""WF2"": 1, ""WF3"": 1}","splits={""test"": 1, ""validation"": 1}; folds={""WF1"": 1, ""WF3"": 1}",3,2,average,average,average,average,0.04110119729424484,0.04245242653938827,0.04204705776584524,0.06006795274636736,0.15537194448290687,0.12678074696194502,0.2068846720723259,0.16771416140750434,0.17946531460695078,0.3007669197541055,0.367877577968999,0.34774438050453094,0.3911792581329565,0.26658388960120155,0.303962500160728,0.8901606573016422,0.16882780472779027,35.63057252709686
2025-04-15,average,"splits={""test"": 2, ""validation"": 1}; folds={""WF1"": 1, ""WF2"": 1, ""WF3"": 1}","splits={""test"": 1, ""validation"": 1}; folds={""WF1"": 1, ""WF3"": 1}",3,2,average,average,average,average,0.034852082360028874,0.06334888706738785,0.05479984565518015,0.06371597237394407,0.1541340981020687,0.12700866038363132,0.20411483498212293,0.1665771930607301,0.17783848563714794,0.3351891641632965,0.40719782069794797,0.3855952237375525,0.36212794612060767,0.2087420010718654,0.25475778458648807,0.8973049178165035,0.18180850603881146,36.06879306618882
2025-04-16,average,"splits={""test"": 2, ""validation"": 1}; folds={""WF1"": 1, ""WF2"": 1, ""WF3"": 1}","splits={""test"": 1, ""validation"": 1}; folds={""WF1"": 1, ""WF3"": 1}",3,2,average,average,average,average,0.045111725173307804,0.059672960192953754,0.055304589687059966,0.06589559107336206,0.15459553953068977,0.12798555499349146,0.22883503795640245,0.15761808227058421,0.17898316897632965,0.3243799618732978,0.426837389349054,0.3961001611063272,0.33577768392362994,0.20127602865671818,0.24162652523679168,0.8954515030964342,0.18329014468055144,36.052090471021884
2025-04-17,average,"splits={""test"": 2, ""validation"": 1}; folds={""WF1"": 1, ""WF2"": 1, ""WF3"": 1}","splits={""test"": 1, ""validation"": 1}; folds={""WF1"": 1, ""WF3"": 1}",3,2,average,average,average,average,0.03853964465325568,0.03889308929373992,0.03878705590159465,0.06567923893426482,0.12287862074145041,0.10571880619929472,0.1984476228743641,0.17046651482149572,0.17886084723735624,0.30663133119586994,0.398796208391762,0.37114674523299435,0.39070216234224553,0.26896556675155203,0.3054865454287601,0.870840815917396,0.14450586210088937,34.661137639952685
2025-04-18,average,"splits={""test"": 2, ""validation"": 1}; folds={""WF1"": 1, ""WF2"": 1, ""WF3"": 1}","splits={""test"": 1, ""validation"": 1}; folds={""WF1"": 1, ""WF3"": 1}",3,2,average,average,average,average,0.040113441770458995,0.04221380749128485,0.04158369777503709,0.06952383261017003,0.14043370853844891,0.11916074575996524,0.21276251423332615,0.19888628280183362,0.20304915223128137,0.30813675458195583,0.4117606652246785,0.3806734920318617,0.36946345680408904,0.20670553594375407,0.25553291220185453,0.8858738647338029,0.16074444353500233,35.36173548904512
2025-04-21,average,"splits={""test"": 2, ""validation"": 1}; folds={""WF1"": 1, ""WF2"": 1, ""WF3"": 1}","splits={""test"": 1, ""validation"": 1}; folds={""WF1"": 1, ""WF3"": 1}",3,2,average,average,average,average,0.04387808947101799,0.032380374563744575,0.0358296890359266,0.06845741870570918,0.14668386019480245,0.12321592774807448,0.204312711817925,0.21834313140121744,0.21413400552622971,0.2971487270930318,0.4118555764073875,0.3774435216130808,0.386203052912316,0.1907370574328481,0.24937685607668847,0.8831465004650104,0.1590456167840011,35.25957484730528
2025-04-22,average,"splits={""test"": 2, ""validation"": 1}; folds={""WF1"": 1, ""WF2"": 1, ""WF3"": 1}","splits={""test"": 1, ""validation"": 1}; folds={""WF1"": 1, ""WF3"": 1}",3,2,average,average,average,average,0.06426657269532765,0.05275977863303472,0.0562118168517226,0.06327184293391025,0.13860705810614266,0.11600649355447293,0.19522939154268862,0.19651644503214505,0.1961303289853081,0.30523609460470386,0.390151044977158,0.36467655986542175,0.37199609822336954,0.2219656732515196,0.2669748007430746,0.9019470620708563,0.17221831040619553,35.993042759895324
2025-04-23,average,"splits={""test"": 2, ""validation"": 1}; folds={""WF1"": 1, ""WF2"": 1, ""WF3"": 1}","splits={""test"": 1, ""validation"": 1}; folds={""WF1"": 1, ""WF3"": 1}",3,2,average,average,average,average,0.0418349417710178,0.08097281907990135,0.06923145588723628,0.06483257720027101,0.15242663075280025,0.12614841468704147,0.18746747438381076,0.18862471857338353,0.1882775453165117,0.2968028907254196,0.3835401195594431,0.357518950909236,0.4090621159194809,0.19443571203447174,0.2588236331999745,0.918324776604219,0.19537987057427775,36.865716826591026
2025-04-24,average,"splits={""test"": 2, ""validation"": 1}; folds={""WF1"": 1, ""WF2"": 1, ""WF3"": 1}","splits={""test"": 1, ""validation"": 1}; folds={""WF1"": 1, ""WF3"": 1}",3,2,average,average,average,average,0.06370118108633324,0.07527491970240319,0.0718027981175822,0.07638046125975881,0.13889154223110484,0.12013821793970103,0.20149088442811963,0.2093790124265268,0.20701257402700463,0.31902198797422676,0.3918820163378801,0.3700240078287841,0.3394054852515616,0.18457250930208513,0.2310224020869281,0.9171644684521896,0.19194101605728323,36.7679320324504
2025-04-25,average,"splits={""test"": 2, ""validation"": 1}; folds={""WF1"": 1, ""WF2"": 1, ""WF3"": 1}","splits={""test"": 1, ""validation"": 1}; folds={""WF1"": 1, ""WF3"": 1}",3,2,average,average,average,average,0.04429599420451976,0.10993564843339998,0.0902437521647359,0.08182958393004572,0.13226176746917245,0.11713211240743443,0.19915898758363035,0.1869834496842237,0.19063611105404568,0.3368297292196165,0.38512894522707297,0.370639180424836,0.33788570506218774,0.1856901891861309,0.23134884394894795,0.9262392580157618,0.20737586457217033,37.30349874183745
2025-04-28,average,"splits={""test"": 2, ""validation"": 1}; folds={""WF1"": 1, ""WF2"": 1, ""WF3"": 1}","splits={""test"": 1, ""validation"": 1}; folds={""WF1"": 1, ""WF3"": 1}",3,2,average,average,average,average,0.05927528546369287,0.12385139455006829,0.10447856182415566,0.0759152238483553,0.12005113253521756,0.10681035992915888,0.2200726520057494,0.2487499290055544,0.2401467459056129,0.33690803703523087,0.3835774035073825,0.36957659356573697,0.3078288016469716,0.12377014040177722,0.17898773877533553,0.9278267558922022,0.21128892175331454,37.42144733237134
2025-04-29,average,"splits={""test"": 2, ""validation"": 1}; folds={""WF1"": 1, ""WF2"": 1, ""WF3"": 1}","splits={""test"": 1, ""validation"": 1}; folds={""WF1"": 1, ""WF3"": 1}",3,2,average,average,average,average,0.053605052482700866,0.11376631758747392,0.095717938056042,0.08247634129744905,0.13036826135848023,0.11600068534017087,0.24129036323234146,0.28076736788906154,0.2689242664920455,0.39560997215547844,0.3631511446465082,0.3728887928991993,0.22701827083203016,0.11194690851847611,0.14646831721254233,0.917624718120383,0.2117186233962129,37.17499042093384
2025-04-30,average,"splits={""test"": 2, ""validation"": 1}; folds={""WF1"": 1, ""WF2"": 1, ""WF3"": 1}","splits={""test"": 1, ""validation"": 1}; folds={""WF1"": 1, ""WF3"": 1}",3,2,average,average,average,average,0.0562084597514208,0.11483609234335679,0.09724780256577598,0.10606400476145246,0.11323766726354059,0.11108556851291415,0.24889273819339394,0.3010302092037274,0.28538896790062734,0.38818084315982854,0.3674609950292266,0.3736769494684071,0.2006539541339043,0.10343503616014862,0.13260071155227532,0.9098411452281896,0.20833337107869013,36.91269605227854
2025-05-02,average,"splits={""test"": 2, ""validation"": 1}; folds={""WF1"": 1, ""WF2"": 1, ""WF3"": 1}","splits={""test"": 1, ""validation"": 1}; folds={""WF1"": 1, ""WF3"": 1}",3,2,average,average,average,average,0.058285922886908204,0.125239324237511,0.10515330383233017,0.11807426923181885,0.1145450492311189,0.11560381523132889,0.26176484467187927,0.29291193059682075,0.28356780481933835,0.3980095125385595,0.3644105017486887,0.37449020498565,0.16386545067083413,0.10289319418586063,0.12118487113135269,0.9116356504906785,0.22075711906365905,37.20603364354014
2025-05-05,average,"splits={""test"": 2, ""validation"": 1}; folds={""WF1"": 1, ""WF2"": 1, ""WF3"": 1}","splits={""test"": 1, ""validation"": 1}; folds={""WF1"": 1, ""WF3"": 1}",3,2,average,average,average,average,0.08791923048887618,0.1461590154218541,0.12868707994196074,0.14751229484712924,0.14678900656208071,0.1470059930475953,0.31779140083635665,0.33137787710272537,0.3273019342228148,0.361573760301143,0.31012808123448515,0.32556178495448257,0.08520331352649498,0.06554601967885469,0.07144320783314678,0.9103409205613873,0.27569307298955603,38.2723844738258
2025-05-06,average,"splits={""test"": 2, ""validation"": 1}; folds={""WF1"": 1, ""WF2"": 1, ""WF3"": 1}","splits={""test"": 1, ""validation"": 1}; folds={""WF1"": 1, ""WF3"": 1}",3,2,average,average,average,average,0.08718650628336123,0.09272643813827844,0.09106445858180327,0.11025333299167532,0.1408071342829133,0.1316409938955419,0.3323536200170965,0.3419782418969164,0.3390908553329704,0.350008124636834,0.3308944851874042,0.33662857702223314,0.12019841607103295,0.0935937004944876,0.10157511516745121,0.9013494933168712,0.2227054524773452,36.98784638246869
2025-05-07,average,"splits={""test"": 2, ""validation"": 1}; folds={""WF1"": 1, ""WF2"": 1, ""WF3"": 1}","splits={""test"": 1, ""validation"": 1}; folds={""WF1"": 1, ""WF3"": 1}",3,2,average,average,average,average,0.08081866196131107,0.08798739163384522,0.085836772732085,0.12969950477102635,0.16742128736903766,0.15610475258963427,0.39210397639909716,0.31229537548078545,0.336237955756279,0.2846283588622418,0.3373563604348428,0.3215379599630625,0.11274949800632357,0.09493958508148886,0.10028255895893927,0.9087716925652944,0.24194152532171925,37.558122820566744
2025-05-08,average,"splits={""test"": 2, ""validation"": 1}; folds={""WF1"": 1, ""WF2"": 1, ""WF3"": 1}","splits={""test"": 1, ""validation"": 1}; folds={""WF1"": 1, ""WF3"": 1}",3,2,average,average,average,average,0.091567791182617,0.11164623922141012,0.10562270480977218,0.1132322425114275,0.17459203112022562,0.15618409453758617,0.38728020072318947,0.33092991530969695,0.3478350009337447,0.2972589492463356,0.30012790053802346,0.2992672151505171,0.11066081633643048,0.08270391381064385,0.09109098456837983,0.9158642789909504,0.26180679934735834,38.13274296172092
2025-05-09,average,"splits={""test"": 2, ""validation"": 1}; folds={""WF1"": 1, ""WF2"": 1, ""WF3"": 1}","splits={""test"": 1, ""validation"": 1}; folds={""WF1"": 1, ""WF3"": 1}",3,2,average,average,average,average,0.1245284873935197,0.10801395902567963,0.11296831753603166,0.1174905955322832,0.16307925850746335,0.1494026596149093,0.38237378312263415,0.30530623580979466,0.32842650000364654,0.3014633089002869,0.3354741811716666,0.3252709194902527,0.07414382505127604,0.08812636548539574,0.08393160335515983,0.9129469919837468,0.262370977150941,38.07109434261249
2025-05-12,average,"splits={""test"": 2, ""validation"": 1}; folds={""WF1"": 1, ""WF2"": 1, ""WF3"": 1}","splits={""test"": 1, ""validation"": 1}; folds={""WF1"": 1, ""WF3"": 1}",3,2,average,average,average,average,0.12485147384476582,0.08161117973800427,0.09458326797003273,0.1304238582598932,0.1573914163225218,0.1493011489037332,0.4141365106675486,0.3109056972698462,0.34187494128915685,0.28499175127179655,0.34314570592472615,0.32569951952884724,0.04559640595599595,0.10694600074490163,0.08854112230822993,0.9033856070710125,0.24388441687376594,37.46232851425063
2025-05-13,average,"splits={""test"": 2, ""validation"": 1}; folds={""WF1"": 1, ""WF2"": 1, ""WF3"": 1}","splits={""test"": 1, ""validation"": 1}; folds={""WF1"": 1, ""WF3"": 1}",3,2,average,average,average,average,0.1141063698998581,0.10145490811073256,0.10525034664747021,0.15477900945729803,0.13624992187657,0.1418086481507884,0.42332171933089996,0.2774538977274394,0.32121424420847755,0.24969591047046066,0.37959680996496076,0.34062654011661064,0.058096990841483294,0.10524446232029742,0.09110022087665316,0.9095356131821939,0.2470589947982586,37.679570225520024
2025-05-14,average,"splits={""test"": 2, ""validation"": 1}; folds={""WF1"": 1, ""WF2"": 1, ""WF3"": 1}","splits={""test"": 1, ""validation"": 1}; folds={""WF1"": 1, ""WF3"": 1}",3,2,average,average,average,average,0.11960935436822502,0.14703812202418778,0.13880949172739895,0.1497769803876429,0.12718165874236603,0.1339602552359491,0.4400797424130903,0.28502759989677035,0.3315432426516663,0.23329558006162965,0.36982980679761435,0.32886953877681896,0.057238342769412136,0.07092281253906159,0.06681747160816676,0.9046262756032802,0.27276974696334805,38.07105182934897
2025-05-15,average,"splits={""test"": 2, ""validation"": 1}; folds={""WF1"": 1, ""WF2"": 1, ""WF3"": 1}","splits={""test"": 1, ""validation"": 1}; folds={""WF1"": 1, ""WF3"": 1}",3,2,average,average,average,average,0.12329356988283378,0.12382841897155328,0.12366796424493742,0.15546679482057738,0.13390589615253362,0.14037416575294673,0.46612986588409616,0.29261152944012697,0.3446670303733177,0.22288805208052417,0.36976646294798576,0.3257029396877473,0.032221717331968526,0.07988769248780038,0.06558789994105081,0.8980042978094254,0.2640421299978841,37.73095004519332
2025-05-16,average,"splits={""test"": 2, ""validation"": 1}; folds={""WF1"": 1, ""WF2"": 1, ""WF3"": 1}","splits={""test"": 1, ""validation"": 1}; folds={""WF1"": 1, ""WF3"": 1}",3,2,average,average,average,average,0.10340322517716198,0.11940096961576084,0.1146016462841812,0.17276861106187882,0.12565005390588294,0.13978562105268172,0.47816371477681646,0.28400293966697915,0.34225117219993034,0.213756373245799,0.3861043945900352,0.3343999881867644,0.031908075738343776,0.08484164222134173,0.06896157227644234,0.8953433659143456,0.2543872673368629,37.4713294945959
2025-05-19,average,"splits={""test"": 2, ""validation"": 1}; folds={""WF1"": 1, ""WF2"": 1, ""WF3"": 1}","splits={""test"": 1, ""validation"": 1}; folds={""WF1"": 1, ""WF3"": 1}",3,2,average,average,average,average,0.10138584400242272,0.09857235218014675,0.09941639972682953,0.17680824052749072,0.12232593656282409,0.13867062775222408,0.4824507050240566,0.28416107678593655,0.34364796525737257,0.21627713869175816,0.3909193555108993,0.33852669046515693,0.023078071754271658,0.10402127896019338,0.07973831679841686,0.8940137482230532,0.2380870274790536,37.112084255157406
2025-05-20,average,"splits={""test"": 2, ""validation"": 1}; folds={""WF1"": 1, ""WF2"": 1, ""WF3"": 1}","splits={""test"": 1, ""validation"": 1}; folds={""WF1"": 1, ""WF3"": 1}",3,2,average,average,average,average,0.07822115677338844,0.09646226783301437,0.09098993451512657,0.1824906701684534,0.11896855237043519,0.13802518770984065,0.48501073496643105,0.2724977943675919,0.33625167654724364,0.2221439547580605,0.40317409827226813,0.3488650552180058,0.03213348333366665,0.10889728715669048,0.08586814600978332,0.8922973691784427,0.22901512222496723,36.88773667396041
2025-05-21,average,"splits={""test"": 2, ""validation"": 1}; folds={""WF1"": 1, ""WF2"": 1, ""WF3"": 1}","splits={""test"": 1, ""validation"": 1}; folds={""WF1"": 1, ""WF3"": 1}",3,2,average,average,average,average,0.07340866707621065,0.11392033495286805,0.10176683458987085,0.19118369883452568,0.12467612263843322,0.144628395497261,0.4639291422479567,0.2750746078991442,0.331730968203788,0.20919828872118,0.38654981189306625,0.33334435494150044,0.062280203120127005,0.0997791226164882,0.08852944676757986,0.9065749488949613,0.24639523008713185,37.59227832411667
2025-05-22,average,"splits={""test"": 2, ""validation"": 1}; folds={""WF1"": 1, ""WF2"": 1, ""WF3"": 1}","splits={""test"": 1, ""validation"": 1}; folds={""WF1"": 1, ""WF3"": 1}",3,2,average,average,average,average,0.08428866136430734,0.0917122403909631,0.08948516668296637,0.20488759892478903,0.12286861671176201,0.1474743113756701,0.46314816117405355,0.2857842855411135,0.33899344823099553,0.2140986514748271,0.38921567446001715,0.3366805675644601,0.033576927062023004,0.11041918289614437,0.08736650614590795,0.8974995549327963,0.23695947805863649,37.176678434492636
2025-05-23,average,"splits={""test"": 2, ""validation"": 1}; folds={""WF1"": 1, ""WF2"": 1, ""WF3"": 1}","splits={""test"": 1, ""validation"": 1}; folds={""WF1"": 1, ""WF3"": 1}",3,2,average,average,average,average,0.08648804394446308,0.08100643174246677,0.08265091540306566,0.20149939709154413,0.11804743004105062,0.14308302015619867,0.46093070840602884,0.2883029535007555,0.34009127997233746,0.2129913913691151,0.39703135872716544,0.3418193685197503,0.03809045918884896,0.11561182598856173,0.09235541594864789,0.8934778913219985,0.22573393555926433,36.85162599423525
2025-05-26,average,"splits={""test"": 2, ""validation"": 1}; folds={""WF1"": 1, ""WF2"": 1, ""WF3"": 1}","splits={""test"": 1, ""validation"": 1}; folds={""WF1"": 1, ""WF3"": 1}",3,2,average,average,average,average,0.08341482395756926,0.07984799315418373,0.08091804239519938,0.20170509373425768,0.1125299783742141,0.13928251298222719,0.4596439877996268,0.29291967664720436,0.3429369699929311,0.22434614997239674,0.40358310781662754,0.34981202046335824,0.03088994453614961,0.11111924400777037,0.08705045416628414,0.8853838736742787,0.22020055537742655,36.538607949405495
2025-05-27,average,"splits={""test"": 2, ""validation"": 1}; folds={""WF1"": 1, ""WF2"": 1, ""WF3"": 1}","splits={""test"": 1, ""validation"": 1}; folds={""WF1"": 1, ""WF3"": 1}",3,2,average,average,average,average,0.07350174658996295,0.06415579536993392,0.06695958073594263,0.2053583811263787,0.11787400286021407,0.14411931634006347,0.4352717640459399,0.26075748022328016,0.3131117653700781,0.2247259571750765,0.42384496589941967,0.3641092632821167,0.06114215106264175,0.13336775564715225,0.1117000742717991,0.8925447625155225,0.2110788970760061,36.53519700440818
2025-05-28,average,"splits={""test"": 2, ""validation"": 1}; folds={""WF1"": 1, ""WF2"": 1, ""WF3"": 1}","splits={""test"": 1, ""validation"": 1}; folds={""WF1"": 1, ""WF3"": 1}",3,2,average,average,average,average,0.06630224162897218,0.06995233604248297,0.06885730771842972,0.21480641803688325,0.12517024407002103,0.1520610962600797,0.4415753810478879,0.24860819497968534,0.3064983508001461,0.21507533689351507,0.42971156353666184,0.36532069554371777,0.062240622392741606,0.12655766137114885,0.10726254967762666,0.8949862255760054,0.22091840397850943,36.793023718970325
2025-05-29,average,"splits={""test"": 2, ""validation"": 1}; folds={""WF1"": 1, ""WF2"": 1, ""WF3"": 1}","splits={""test"": 1, ""validation"": 1}; folds={""WF1"": 1, ""WF3"": 1}",3,2,average,average,average,average,0.06629307478319864,0.06561243235503614,0.06581662508348489,0.20559945778265196,0.11182300664037827,0.13995594198306036,0.45473717755231685,0.24970009405978913,0.3112112191075474,0.23516668205670085,0.4426792356754241,0.38042546958980716,0.03820360782513172,0.13018523126937245,0.10259074423610023,0.8815699210589577,0.20577256706654523,36.154699367804845
2025-06-02,average,"splits={""test"": 2, ""validation"": 1}; folds={""WF1"": 1, ""WF2"": 1, ""WF3"": 1}","splits={""test"": 1, ""validation"": 1}; folds={""WF1"": 1, ""WF3"": 1}",3,2,average,average,average,average,0.06812420491652398,0.06823269678790003,0.0682001492264872,0.20715357845074792,0.11596281493917013,0.14332004399264345,0.4640083126437215,0.26198365689789993,0.32259105362164636,0.22963412314056816,0.43418238908142814,0.3728179092991701,0.031079780848438505,0.11963844229360188,0.09307084386005285,0.8794162380012351,0.21152019321913065,36.21580981441349
2025-06-03,average,"splits={""test"": 2, ""validation"": 1}; folds={""WF1"": 1, ""WF2"": 1, ""WF3"": 1}","splits={""test"": 1, ""validation"": 1}; folds={""WF1"": 1, ""WF3"": 1}",3,2,average,average,average,average,0.06113733337851057,0.057672795556000744,0.0587121569027537,0.17650788976277088,0.11279048074918938,0.13190570345326383,0.4378706963994589,0.24708633054718585,0.3043216403028678,0.23580069968243944,0.42422227533658086,0.36769580264033846,0.08868338077682025,0.15822811781104312,0.13736469670077628,0.892397945918232,0.19061786035601752,36.12230585507615
2025-06-04,average,"splits={""test"": 2, ""validation"": 1}; folds={""WF1"": 1, ""WF2"": 1, ""WF3"": 1}","splits={""test"": 1, ""validation"": 1}; folds={""WF1"": 1, ""WF3"": 1}",3,2,average,average,average,average,0.07910244520664332,0.05625783507011351,0.06311121811107245,0.19615798074945726,0.0982884585812029,0.12764931523167922,0.4495820746170079,0.24848703662601204,0.3088155480233108,0.22951673466416947,0.44986895864415954,0.3837632914501625,0.04564076476272205,0.14709771107851202,0.11666062718377503,0.8811623919605053,0.19076053334275167,35.844270465867666
2025-06-05,average,"splits={""test"": 2, ""validation"": 1}; folds={""WF1"": 1, ""WF2"": 1, ""WF3"": 1}","splits={""test"": 1, ""validation"": 1}; folds={""WF1"": 1, ""WF3"": 1}",3,2,average,average,average,average,0.060628048915144506,0.05199513857563494,0.054585011677487805,0.20512113939830393,0.10202206168147085,0.13295178499652077,0.4748046212193334,0.31528109096204066,0.36313815003922845,0.2396812462805164,0.41262349704376344,0.36074082181478934,0.01976494418670184,0.11807821173709014,0.08858423147197364,0.8558068660111346,0.18753679667400858,35.145907583758536
2025-06-06,average,"splits={""test"": 2, ""validation"": 1}; folds={""WF1"": 1, ""WF2"": 1, ""WF3"": 1}","splits={""test"": 1, ""validation"": 1}; folds={""WF1"": 1, ""WF3"": 1}",3,2,average,average,average,average,0.05050488732458744,0.04811365443631284,0.04883102430279521,0.19371311000554262,0.10287200465123718,0.1301243362575288,0.48228571426682354,0.31764971399856917,0.3670405140790455,0.2520240447593541,0.4123806532698346,0.3642736707166904,0.02147224364369238,0.11898397364404625,0.08973045464394008,0.8480434348124699,0.17895536056032402,34.78019308151823
2025-06-09,average,"splits={""test"": 2, ""validation"": 1}; folds={""WF1"": 1, ""WF2"": 1, ""WF3"": 1}","splits={""test"": 1, ""validation"": 1}; folds={""WF1"": 1, ""WF3"": 1}",3,2,average,average,average,average,0.07085479363174911,0.04659221740767081,0.053870990274894295,0.19986997159041645,0.0957829301736928,0.12700904259870988,0.4818492046459676,0.34779903628375364,0.3880140867924178,0.22246510049380247,0.4013674916422404,0.34769677429770895,0.02496092963806443,0.10845832449264245,0.08340910603626904,0.8458172740563432,0.18088003287360416,34.76303250888066
2025-06-10,average,"splits={""test"": 2, ""validation"": 1}; folds={""WF1"": 1, ""WF2"": 1, ""WF3"": 1}","splits={""test"": 2, ""validation"": 1}; folds={""WF1"": 1, ""WF2"": 1, ""WF3"": 1}",3,3,average,average,average,average,0.07373680984618013,0.05274101775300045,0.05903975538095435,0.21665066690623055,0.16994362628767087,0.18395573847323876,0.46783738692708193,0.3358896294543707,0.375473956696184,0.21991145305204865,0.33673041935741727,0.30168472946580666,0.02186368326845879,0.10469530714754081,0.0798458199838162,0.8758703640272063,0.2429954938541931,36.75666897776402
2025-06-11,average,"splits={""test"": 2, ""validation"": 1}; folds={""WF1"": 1, ""WF2"": 1, ""WF3"": 1}","splits={""test"": 2, ""validation"": 1}; folds={""WF1"": 1, ""WF2"": 1, ""WF3"": 1}",3,3,average,average,average,average,0.08853105581568106,0.04889390736753998,0.0607850519019823,0.2107839713345794,0.09413449188198797,0.1291293357177654,0.4659746808023302,0.3712211347071483,0.39964719853570285,0.2164876625105772,0.3856967492919902,0.33493402325756627,0.01822262953683224,0.10005371675133361,0.0755043905869832,0.8465797160421126,0.1899143876197477,34.962780653447766
2025-06-12,average,"splits={""test"": 2, ""validation"": 1}; folds={""WF1"": 1, ""WF2"": 1, ""WF3"": 1}","splits={""test"": 2, ""validation"": 1}; folds={""WF1"": 1, ""WF2"": 1, ""WF3"": 1}",3,3,average,average,average,average,0.09650195422038528,0.04762428112776152,0.06228758305554866,0.2170806705972562,0.17160594947975363,0.18524836581500445,0.4554370783404838,0.34611044358674925,0.37890843401286967,0.21128756832476223,0.3242823627625517,0.2903839244312149,0.019692728517112488,0.11037696304318385,0.08317169268536247,0.8815966802101407,0.2475359488705531,36.99063598266458
2025-06-13,average,"splits={""test"": 1}; folds={""WF2"": 1}","splits={""test"": 1}; folds={""WF2"": 1}",1,1,average,average,average,average,0.022920822223028728,0.04253790216206557,0.03665277818035453,0.17347966081004107,0.09284230164132545,0.11703350939194014,0.5357584650283471,0.27258280551892466,0.35153550337175143,0.24747203040823126,0.24112300505202047,0.24302771265888373,0.02036902153035186,0.3509139856256639,0.2517504963970703,0.8890009880392301,0.15368628757229466,35.298750452426646
2025-06-16,average,"splits={""test"": 1}; folds={""WF2"": 1}","splits={""test"": 1}; folds={""WF2"": 1}",1,1,average,average,average,average,0.016537516846284777,0.04095614470495063,0.033630556347350876,0.1441013967764285,0.09214331479946389,0.10773073939255326,0.5156667663073733,0.2945679051425486,0.360897563491996,0.28417455243611073,0.442732034011292,0.39516478953873757,0.039519767633802785,0.129600601341745,0.10257635122936233,0.8216586929198725,0.14136129573990414,33.36869323779489
2025-06-17,average,"splits={""test"": 1}; folds={""WF2"": 1}","splits={""test"": 1}; folds={""WF2"": 1}",1,1,average,average,average,average,0.022151272460805886,0.042619862770596616,0.036479285677659394,0.17848595094160158,0.09888364110604274,0.12276433405671039,0.5210248810689101,0.29107634654772946,0.36006090690408366,0.2541895690682409,0.45356713348810346,0.3937538641621447,0.024148326460441426,0.11385301608752775,0.08694160919940185,0.8235313010459309,0.1592436197343698,33.773154920835665
2025-06-18,average,"splits={""test"": 1}; folds={""WF2"": 1}","splits={""test"": 1}; folds={""WF2"": 1}",1,1,average,average,average,average,0.02109305132949455,0.04224899562275589,0.035902212334777486,0.1758759460727622,0.0990247983277531,0.12208014265125582,0.5196031614363046,0.2689791437245753,0.34416634903809407,0.25248784627309695,0.46941665354548673,0.4043380113637698,0.030939994888341867,0.12033040877942913,0.09351328461210294,0.8270036035083633,0.1579823549860333,33.83473718742975
2025-06-19,average,"splits={""test"": 1}; folds={""WF2"": 1}","splits={""test"": 1}; folds={""WF2"": 1}",1,1,average,average,average,average,0.04676272856335922,0.043125811296429624,0.044216886476508496,0.17587080196200444,0.101158560771453,0.12357223312861843,0.5158675581525286,0.23971576286167862,0.3225613014489336,0.2509210903395031,0.4913616916263724,0.4192295112403116,0.010577820982604576,0.1246381734440665,0.09042006770562791,0.8344533164597197,0.16778911960512694,34.21711530359553
2025-06-20,average,"splits={""test"": 1}; folds={""WF2"": 1}","splits={""test"": 1}; folds={""WF2"": 1}",1,1,average,average,average,average,0.054069265973140684,0.045504052535690516,0.04807361656692556,0.14193528260521812,0.0964557178888639,0.11009958730377015,0.5275368060839413,0.19663793541776395,0.2959075966176171,0.23134487042338464,0.5373376580551432,0.44553982176561563,0.04511377491431531,0.12406463610253848,0.10037937774607153,0.8326577177939501,0.15817320387069572,33.97990702226267
2025-06-23,average,"splits={""test"": 1}; folds={""WF2"": 1}","splits={""test"": 1}; folds={""WF2"": 1}",1,1,average,average,average,average,0.03532415826718773,0.04381611282403572,0.04126852645698133,0.147183798693144,0.3176779560175006,0.26652970882019367,0.537336922200932,0.23974124547041709,0.32901994848957156,0.2600642444374552,0.27501592994191193,0.27053042429057494,0.02009087640128106,0.12374875574613471,0.09265139194267863,0.8846676549926756,0.307798235277175,38.27265608036039
2025-06-24,average,"splits={""test"": 1}; folds={""WF2"": 1}","splits={""test"": 1}; folds={""WF2"": 1}",1,1,average,average,average,average,0.024752570165087605,0.26684193239709225,0.19421512372749086,0.15274722317360173,0.09980714420277176,0.11568916789402076,0.5404547846811091,0.2479082046046206,0.3356721786275671,0.24711246530165532,0.2560390663506418,0.25336108603594587,0.03493295667854639,0.1294036524448737,0.10106244371497551,0.9405236277663521,0.3099042916215116,39.711176526589036
2025-06-25,average,"splits={""test"": 1}; folds={""WF2"": 1}","splits={""test"": 1}; folds={""WF2"": 1}",1,1,average,average,average,average,0.07510955922589396,0.0430975292090945,0.05270113821413434,0.16495781386166536,0.10380137212686621,0.12214830464730594,0.5169945930181636,0.24791302838154677,0.3286374977725318,0.2140249773957728,0.25263593149347524,0.2410526452641645,0.028913056498504338,0.35255213878901737,0.25546041410186343,0.9128724865910466,0.17484944286144027,36.31880102200497
2025-06-26,average,"splits={""test"": 1}; folds={""WF2"": 1}","splits={""test"": 1}; folds={""WF2"": 1}",1,1,average,average,average,average,0.033131576562712435,0.04219744647517309,0.0394776855014349,0.19054126657856577,0.09840432553476204,0.12604540784790316,0.5424421213259764,0.265397567820569,0.3485109338721912,0.21800224502414198,0.4530803729067515,0.38255693454196865,0.015882790508603563,0.14092028726274447,0.1034090382365022,0.8439215914112509,0.16552309334933807,34.408501652268036
2025-06-27,average,"splits={""test"": 1}; folds={""WF2"": 1}","splits={""test"": 1}; folds={""WF2"": 1}",1,1,average,average,average,average,0.04990736913920922,0.04303371025789503,0.04509580792228928,0.21071588092771668,0.09784052754005507,0.13170313355635355,0.5199113630676115,0.26837556317596734,0.3438363031434606,0.20369148021132477,0.44711412948588947,0.37408733470352,0.015773906654137845,0.14363606954019315,0.10527742067437654,0.8565965449302995,0.17679894147864283,34.950892452830345
2025-06-30,average,"splits={""test"": 1}; folds={""WF2"": 1}","splits={""test"": 1}; folds={""WF2"": 1}",1,1,average,average,average,average,0.05489295300898628,0.04499850394600894,0.04796683866490213,0.1867122921820498,0.10091291371515201,0.12665272725522134,0.5015952542271177,0.26818052482600424,0.33820494364633824,0.1972326456152898,0.21389721182999707,0.2088978419655849,0.05956685496655654,0.3720108456828378,0.27827764846795344,0.905353104935796,0.17461956592012345,36.126218941797376
2025-07-01,average,"splits={""test"": 1}; folds={""WF2"": 1}","splits={""test"": 1}; folds={""WF2"": 1}",1,1,average,average,average,average,0.053974091722273666,0.04324396844700676,0.04646300542958682,0.18087966997221117,0.32392994794030683,0.28101486454987806,0.5079887730432102,0.2601515251774547,0.3345026995371813,0.23176261302171874,0.2241325827372133,0.22642159182256485,0.025394852240586296,0.14854197569801858,0.11159783866078887,0.8988585412344551,0.3274778699794649,39.021020930450675
2025-07-02,average,"splits={""test"": 1}; folds={""WF2"": 1}","splits={""test"": 1}; folds={""WF2"": 1}",1,1,average,average,average,average,0.03953161489683067,0.04472312551279956,0.04316567232800889,0.2110635584867038,0.10439769291163073,0.13639745258415265,0.4871153217028637,0.4715982279586612,0.4762533560819219,0.20184752869420763,0.23313023042440892,0.22374541990534852,0.06044197621939425,0.14615072319249967,0.12043809910056805,0.8391728858835049,0.17956312491216153,34.570584645330854
2025-07-03,average,"splits={""test"": 1}; folds={""WF2"": 1}","splits={""test"": 1}; folds={""WF2"": 1}",1,1,average,average,average,average,0.06425054459302834,0.037239409427968224,0.04534274997748626,0.15162730563756527,0.09353648563737856,0.11096373163743456,0.5060279898050448,0.3027357931672358,0.3637234521585785,0.24087681788614093,0.3988060184743112,0.3514272582978601,0.03721734207822074,0.16768229329310627,0.1285428079286406,0.8594889334994662,0.15630648161492083,34.61335296978507
2025-07-04,average,"splits={""test"": 1}; folds={""WF2"": 1}","splits={""test"": 1}; folds={""WF2"": 1}",1,1,average,average,average,average,0.06903712522858614,0.0389860900584695,0.048001400609504495,0.13748171209583182,0.09836195048254817,0.11009787896653327,0.525120448469658,0.4825738432655554,0.4953378248267862,0.2361429571245494,0.2103670140842001,0.2180997969963049,0.03221775708137474,0.16971110210922674,0.12846309860087116,0.8278679114616492,0.15809927957603775,33.85868337806198
2025-07-07,average,"splits={""test"": 1}; folds={""WF2"": 1}","splits={""test"": 1}; folds={""WF2"": 1}",1,1,average,average,average,average,0.030931519115646417,0.030261001408492805,0.030462156720638886,0.1272695155716182,0.09467220687147579,0.10445139948151849,0.5154239539866825,0.20538485078960672,0.2983965817487294,0.26399839914146783,0.48736964338119704,0.42035827010927823,0.062376612184585144,0.18231229754922773,0.14633159193983494,0.8379979648560405,0.1349135562021574,33.64822024544416
2025-07-08,average,"splits={""test"": 1}; folds={""WF2"": 1}","splits={""test"": 1}; folds={""WF2"": 1}",1,1,average,average,average,average,0.014668646150459147,0.024292724337595478,0.02140550088145458,0.0921049929624295,0.10303701143980427,0.09975740589659186,0.5131729968692353,0.3903895269046865,0.42722456789405117,0.29372123578781617,0.2779125209232316,0.282655135382607,0.08633212823005985,0.20436821639468217,0.1689573899452955,0.8283175528045094,0.12116290677804645,33.131196955673666
2025-07-09,average,"splits={""test"": 1}; folds={""WF2"": 1}","splits={""test"": 1}; folds={""WF2"": 1}",1,1,average,average,average,average,0.018726292076189432,0.02406340594977125,0.02246227178769671,0.0780744837706837,0.10430398805321246,0.09643513676845385,0.50599269913818,0.16371520771655707,0.266398455143044,0.3122352968959686,0.2559482235132501,0.2728343455280657,0.08497122811897836,0.4519691747672091,0.3418697907727399,0.8602486784901665,0.11889740855615055,33.884165133377174
2025-07-10,average,"splits={""test"": 1}; folds={""WF2"": 1}","splits={""test"": 1}; folds={""WF2"": 1}",1,1,average,average,average,average,0.02751639535622835,0.022821630678898235,0.02423006008209727,0.07867030278137468,0.09850410952419454,0.09255396750134857,0.5170243552291295,0.4626550021943573,0.4789658081047889,0.3078620456108934,0.1789641493589043,0.21763351823450106,0.06892690102237412,0.23705510824364567,0.1866166460772642,0.8127966792177344,0.11678402758344585,32.655597532112274
2025-07-11,average,"splits={""test"": 2}; folds={""WF2"": 1, ""WF3"": 1}","splits={""test"": 1}; folds={""WF2"": 1}",2,1,average,average,average,average,0.028416340720239828,0.023412813675133672,0.02491387178866552,0.10782290102626686,0.10089283514923376,0.10297185491234369,0.535946906180454,0.2564787970651512,0.34031922979974205,0.28505261624250194,0.1734772261444214,0.20694984317384557,0.04276123583053742,0.44573832796606006,0.3248452003254032,0.8600258335651185,0.1278857267010092,34.05836037314815
2025-07-14,average,"splits={""test"": 2}; folds={""WF2"": 1, ""WF3"": 1}","splits={""test"": 1}; folds={""WF2"": 1}",2,1,average,average,average,average,0.027355585893420437,0.023783996370398283,0.024855473227304928,0.10412480407601589,0.10258477772135705,0.1030467856277547,0.5270412511124948,0.26383813726575334,0.34279907141977584,0.29398248797763443,0.4078266488310083,0.3736734005749961,0.047495870940434386,0.20196643981148313,0.1556252691501685,0.8390277093350854,0.12790225885505963,33.53373791047832
2025-07-15,average,"splits={""test"": 2}; folds={""WF2"": 1, ""WF3"": 1}","splits={""test"": 1}; folds={""WF2"": 1}",2,1,average,average,average,average,0.0335061937441671,0.023188604527167044,0.02628388129226706,0.10198891666774836,0.10169249529467805,0.10178142170659912,0.5140044686336792,0.21491300275889108,0.3046404425213275,0.2920528820991495,0.19592110038383911,0.2247606348984322,0.05844753885525605,0.4642847970354248,0.3425336195813741,0.8653938656966844,0.12806530299886618,34.19615270239443
2025-07-16,average,"splits={""test"": 2}; folds={""WF2"": 1, ""WF3"": 1}","splits={""test"": 1}; folds={""WF2"": 1}",2,1,average,average,average,average,0.030134388858805664,0.02325220354304773,0.025316859137775108,0.09844739220730281,0.10080413354740057,0.10009711114537125,0.5152776116099536,0.44671799725545264,0.4672858815618029,0.31370154852766247,0.17071046819562277,0.21360779229523466,0.04243905879627556,0.2585151974584764,0.19369235585981615,0.8242911641921995,0.12541397028314635,33.11555851046791
2025-07-17,average,"splits={""test"": 2}; folds={""WF2"": 1, ""WF3"": 1}","splits={""test"": 1}; folds={""WF2"": 1}",2,1,average,average,average,average,0.034612414121246875,0.0238174712392618,0.02705595410385732,0.09264820448348368,0.09898904211785951,0.09708679082754676,0.5108366469349415,0.4527544109005769,0.47017908171088624,0.32552789068571913,0.16340186592439487,0.21203967335279214,0.036374843774608784,0.261037209817907,0.19363850000491756,0.8236935477647273,0.12414274493140408,33.07519359274626
2025-07-18,average,"splits={""test"": 2}; folds={""WF2"": 1, ""WF3"": 1}","splits={""test"": 1}; folds={""WF2"": 1}",2,1,average,average,average,average,0.032118973355638424,0.0226477224254766,0.025489097704525145,0.10258457100089546,0.09570151819890085,0.09776643403949924,0.528209648820038,0.24297461727204653,0.3285451267364439,0.3082824377930924,0.388148150104557,0.3641884364111176,0.028804369030335775,0.2505279919990191,0.18401090510841409,0.8486819456117933,0.12325553174402439,33.68215927517532
2025-07-21,average,"splits={""test"": 2}; folds={""WF2"": 1, ""WF3"": 1}","splits={""test"": 1}; folds={""WF2"": 1}",2,1,average,average,average,average,0.022629880637714796,0.023951916164702432,0.02355530550660614,0.09338400799387933,0.10033749785699411,0.09825145089805967,0.5183036450864587,0.21586196343655578,0.30659446793152667,0.33047851338311107,0.38589198687562964,0.369267944827874,0.03520395289883611,0.2739566356661181,0.20233083083593348,0.851164650661186,0.12180675640466582,33.71525139462297
2025-07-22,average,"splits={""test"": 2}; folds={""WF2"": 1, ""WF3"": 1}","splits={""test"": 1}; folds={""WF2"": 1}",2,1,average,average,average,average,0.02167620257039634,0.02656027784344283,0.02509505526152888,0.09031326045961006,0.3265569576264362,0.25568384847638836,0.514610878048039,0.22232816453588597,0.31001297858953186,0.33146013457474754,0.1311710966288375,0.1912578080126105,0.04193952434720715,0.29338350336539754,0.21795030965994042,0.9025896568434165,0.28077890373791725,38.18031949584376
2025-07-23,average,"splits={""test"": 2}; folds={""WF2"": 1, ""WF3"": 1}","splits={""test"": 1}; folds={""WF2"": 1}",2,1,average,average,average,average,0.017515253815119015,0.02481431494334385,0.022624596604876403,0.09394496823766296,0.10797438559863332,0.10376556039034221,0.5177969415119412,0.4093639274813001,0.44189383169049246,0.31939323555193583,0.1434070809045223,0.1962029272987464,0.05134960088334085,0.3144402910722005,0.23551308401554258,0.8336988321754637,0.1263901569952186,33.370273944290965
2025-07-24,average,"splits={""test"": 2}; folds={""WF2"": 1, ""WF3"": 1}","splits={""test"": 1}; folds={""WF2"": 1}",2,1,average,average,average,average,0.023852284460555068,0.02619533646644556,0.02549242086467841,0.10597159897498008,0.10429469012265317,0.10479776277835123,0.5356949761839525,0.19075147073501525,0.2942345223696964,0.2976083267867498,0.3606651536018393,0.34174810555731244,0.036872813593762606,0.3180933490740468,0.2337271884299615,0.8677380964734502,0.13029018364302963,34.29925608469685
2025-07-25,average,"splits={""test"": 2}; folds={""WF2"": 1, ""WF3"": 1}","splits={""test"": 1}; folds={""WF2"": 1}",2,1,average,average,average,average,0.02796976859676785,0.2460350708210033,0.18061548015373263,0.11567713439042096,0.10556985074127212,0.10860203583601677,0.5180980160336316,0.19537549001784282,0.29219224782257947,0.2958880418384969,0.1417654833195737,0.18800225087525063,0.0423670391406828,0.311254105100308,0.23058798531242042,0.9706570642765049,0.28921751598974943,40.05077692670761
2025-07-28,average,"splits={""test"": 2}; folds={""WF2"": 1, ""WF3"": 1}","splits={""test"": 1}; folds={""WF2"": 1}",2,1,average,average,average,average,0.024565947027313163,0.024816337515132268,0.024741220368786537,0.1283572459770523,0.10593798045948705,0.11266376011475662,0.5375054679315713,0.42662810369084764,0.45989131296306474,0.27744868773545595,0.1441855580422813,0.1841644969502337,0.032122651328607164,0.29843202029225185,0.21853920960315842,0.8317694967111777,0.13740498048354316,33.5423370274503
2025-07-29,average,"splits={""test"": 2}; folds={""WF2"": 1, ""WF3"": 1}","splits={""test"": 1}; folds={""WF2"": 1}",2,1,average,average,average,average,0.018107516193943903,0.025781090797511633,0.023479018416441316,0.11295531786300454,0.11370685322025195,0.11348139261307773,0.5396378700596364,0.4198162854871621,0.4557627608589044,0.2989508340992847,0.12793654471093216,0.17924083152743794,0.03034846178413064,0.31275922578414217,0.2280359965841387,0.8315812445555884,0.13696041102951906,33.528739334480086
2025-07-30,average,"splits={""test"": 2}; folds={""WF2"": 1, ""WF3"": 1}","splits={""test"": 1}; folds={""WF2"": 1}",2,1,average,average,average,average,0.01839197429173926,0.02314375238130595,0.02171821895443594,0.10695992361607022,0.11682955623436524,0.11386866644887672,0.536476912531393,0.38057115794193946,0.42734288431877554,0.3041269606348535,0.14674167382683628,0.19395725986924145,0.034044228925944005,0.3327138596155531,0.24311297040867036,0.8424179061609195,0.13558688540331265,33.77218536208924
2025-07-31,average,"splits={""test"": 2}; folds={""WF2"": 1, ""WF3"": 1}","splits={""test"": 1}; folds={""WF2"": 1}",2,1,average,average,average,average,0.024529113684885383,0.02578905201413572,0.02541107051536061,0.1215861900390017,0.11911886013247157,0.11985905910443057,0.5252313374901321,0.17171563750806232,0.2777703475026832,0.3092872001508589,0.3555136664314691,0.341645726547286,0.01936615863512202,0.32786278391386137,0.2353137963302395,0.8765742252498541,0.1452701296197912,34.819758223642175
2025-08-01,average,"splits={""test"": 2}; folds={""WF2"": 1, ""WF3"": 1}","splits={""test"": 1}; folds={""WF2"": 1}",2,1,average,average,average,average,0.01937845827583983,0.025158594274395308,0.023424553474828663,0.13347250460836788,0.3299988300276383,0.27104093240185717,0.544692189048161,0.22538347286987362,0.3211760877233598,0.28426801334525825,0.15015282221582948,0.1903873795546581,0.018188834722373235,0.26930628061226325,0.19397104684529623,0.895015495073691,0.29446548587668586,38.264697094376
2025-08-04,average,"splits={""test"": 2}; folds={""WF2"": 1, ""WF3"": 1}","splits={""test"": 1}; folds={""WF2"": 1}",2,1,average,average,average,average,0.024246115392754237,0.023459885128532823,0.023695754207799243,0.1217134552878204,0.10097790881667122,0.10719857275801598,0.5227843404284223,0.22109247765442408,0.3116000364866235,0.3136462075158676,0.4031000172878349,0.37626387435624464,0.017609881375135625,0.2513697111125371,0.18124176219131666,0.850440220757703,0.1308943269658152,33.87889205825888
2025-08-05,average,"splits={""test"": 2}; folds={""WF2"": 1, ""WF3"": 1}","splits={""test"": 1}; folds={""WF2"": 1}",2,1,average,average,average,average,0.01730740673849369,0.02267473346912839,0.02106453544993798,0.11202209813858975,0.1089993428685586,0.10990616944956794,0.4927353060925109,0.41317373783417055,0.4370422083116726,0.35675402859088384,0.24630203320742805,0.2794376318224648,0.021181160439521732,0.2088501526207145,0.15254945496635663,0.8256673962975681,0.1309707048995059,33.26109900542932
2025-08-06,average,"splits={""test"": 2}; folds={""WF2"": 1, ""WF3"": 1}","splits={""test"": 1}; folds={""WF2"": 1}",2,1,average,average,average,average,0.02012485026364915,0.024519540561810833,0.023201133472362332,0.11459352085353264,0.10433666906930707,0.10741372460457474,0.5072412482676165,0.42900609252249283,0.45247663924602993,0.3412219786915859,0.218750401077665,0.2554918743618413,0.016818401923615785,0.22338729676872435,0.1614166283151918,0.8256360959278439,0.13061485807693707,33.25319955973484
2025-08-07,average,"splits={""test"": 2}; folds={""WF2"": 1, ""WF3"": 1}","splits={""test"": 1}; folds={""WF2"": 1}",2,1,average,average,average,average,0.015515013007529752,0.023552263022671882,0.021141088018129243,0.11737380635530874,0.322261008359243,0.2607948477580627,0.5040481082485121,0.19446432132492822,0.2873394574020034,0.34548850030527384,0.2210040346931795,0.2583493743768078,0.017574572083375446,0.23871837259997744,0.17237523244499683,0.8966449455178954,0.28193593577619197,38.05484235347122
2025-08-08,average,"splits={""test"": 2}; folds={""WF2"": 1, ""WF3"": 1}","splits={""test"": 1}; folds={""WF2"": 1}",2,1,average,average,average,average,0.03509962251917849,0.24459382094154286,0.18174556141483356,0.10775317226934765,0.10111048014923821,0.10310328778527103,0.4637293930607328,0.2565260317779786,0.31868704016280486,0.3756267738909158,0.18173759481427862,0.23990434853726977,0.01779103825982517,0.21603207231696175,0.15655976209982078,0.9577057268908076,0.28484884920010456,39.63962015627228
2025-08-11,average,"splits={""test"": 2}; folds={""WF2"": 1, ""WF3"": 1}","splits={""test"": 1}; folds={""WF2"": 1}",2,1,average,average,average,average,0.0297301182881228,0.023728653558123775,0.025529092977123486,0.1139189776326916,0.09877237795683552,0.10331635785959235,0.4776194052881426,0.2384301891635643,0.3101869540009378,0.3618632978388089,0.4146347296388213,0.3988033000988176,0.01686820095223407,0.22443404968265518,0.16216429506352886,0.8405896235894188,0.12884545083671584,33.59164960646979
2025-08-12,average,"splits={""test"": 2}; folds={""WF2"": 1, ""WF3"": 1}","splits={""test"": 1}; folds={""WF2"": 1}",2,1,average,average,average,average,0.029898371895714933,0.023369300117822445,0.02532802165119019,0.11358589161174365,0.10097893270569114,0.1047610203775069,0.4632671734698772,0.24545171740310107,0.3107963542231339,0.376656666981253,0.42617300078882203,0.41131810064655133,0.016591896041411196,0.20402704898456336,0.1477965031016177,0.8329849772324431,0.1300890420286971,33.42640527138502
2025-08-13,average,"splits={""test"": 2}; folds={""WF2"": 1, ""WF3"": 1}","splits={""test"": 1}; folds={""WF2"": 1}",2,1,average,average,average,average,0.027231943167004946,0.023800415834809803,0.024829874034468347,0.12264070228306248,0.32152743036309456,0.26186141193908496,0.49698409136397215,0.25405700184309066,0.3269351286993551,0.3366910270095614,0.17452089137754973,0.22317193206715322,0.016452236176399175,0.2260942605814553,0.16320165325993846,0.8939250278066546,0.2866912859735533,38.08195141463743
2025-08-14,average,"splits={""test"": 2}; folds={""WF2"": 1, ""WF3"": 1}","splits={""test"": 1}; folds={""WF2"": 1}",2,1,average,average,average,average,0.025164148482014797,0.023685395508888332,0.02412902140082627,0.1282672728615677,0.1073306253309948,0.11361161959016666,0.4963010725821181,0.2518076896683139,0.3251557045424551,0.3362783500795996,0.18332649531407846,0.2292120517437348,0.013989155994699867,0.43384979417772457,0.3078916027228172,0.8714941239526636,0.13774064099099292,34.54216591863645
2025-08-15,average,"splits={""test"": 2}; folds={""WF2"": 1, ""WF3"": 1}","splits={""test"": 1}; folds={""WF2"": 1}",2,1,average,average,average,average,0.022003819140736153,0.022672179806304364,0.0224716716066339,0.133714125719643,0.10171930680723729,0.11131775248095899,0.4937176560013088,0.48306452856507154,0.4862604667959427,0.33316324222289273,0.1867018545667936,0.23064027086362332,0.01740115691541942,0.2058421302545933,0.1493098382528411,0.8093174097018432,0.1337894240875929,32.90872372429794
2025-08-18,average,"splits={""test"": 2}; folds={""WF2"": 1, ""WF3"": 1}","splits={""test"": 1}; folds={""WF2"": 1}",2,1,average,average,average,average,0.023186912102676302,0.024952750412011983,0.024422998919211274,0.11958132482978232,0.10287313670155729,0.1078855931400248,0.5088084848146939,0.26035791593558283,0.33489308659931616,0.3304594129864031,0.1599730122920775,0.21111893250037517,0.01796386526644452,0.4518431846587705,0.32167938884107267,0.8639378219125857,0.13230859205923606,34.244617388999366
2025-08-19,average,"splits={""test"": 2}; folds={""WF2"": 1, ""WF3"": 1}","splits={""test"": 1}; folds={""WF2"": 1}",2,1,average,average,average,average,0.025193670053122327,0.023493926798639958,0.024003849774984667,0.13106888301098388,0.1039785366030441,0.11210564052542601,0.48871021203562814,0.25443194803391034,0.32471542723442565,0.33703342079908216,0.17401719770370014,0.22292206463231473,0.017993814101183468,0.4440783908607054,0.3162530178328488,0.8690941777780057,0.1361094903004107,34.44954425045836
2025-08-20,average,"splits={""test"": 2}; folds={""WF2"": 1, ""WF3"": 1}","splits={""test"": 1}; folds={""WF2"": 1}",2,1,average,average,average,average,0.022945307958978978,0.024330539270387846,0.023914969876965186,0.1260214182305579,0.10274064263209763,0.10972487531163572,0.4898127001334772,0.218070093394133,0.29959287541593627,0.3415252607609812,0.44035804609184087,0.410708210492583,0.01969531291600464,0.21450067861154068,0.15605906890287985,0.8376947199187403,0.1336398451886009,33.61516490174053
2025-08-21,average,"splits={""test"": 2}; folds={""WF2"": 1, ""WF3"": 1}","splits={""test"": 1}; folds={""WF2"": 1}",2,1,average,average,average,average,0.02185454409549339,0.024539597129262194,0.02373408121913155,0.08558304303009646,0.09942135026392546,0.09526985809377676,0.46570097631696095,0.17439011222254783,0.2617833714508717,0.3958144869222493,0.44440248830109796,0.4298260878874433,0.03104694963519996,0.25724645208316665,0.18938660134877663,0.8336374893647256,0.11900393931290831,33.22101602037631
2025-08-22,average,"splits={""test"": 2}; folds={""WF2"": 1, ""WF3"": 1}","splits={""test"": 1}; folds={""WF2"": 1}",2,1,average,average,average,average,0.043666173971850394,0.025247704673178814,0.030773245462780287,0.08938057534960417,0.1032741170170606,0.09910605451682367,0.46918415755419335,0.3840069807903218,0.40956013381948325,0.3771976126829223,0.2662714582247326,0.2995493045621895,0.020571480441429812,0.2211997392947063,0.16101126163872334,0.8431323401279808,0.12987929997960396,33.6758945027916
2025-08-25,average,"splits={""test"": 2}; folds={""WF2"": 1, ""WF3"": 1}","splits={""test"": 1}; folds={""WF2"": 1}",2,1,average,average,average,average,0.04264122057132459,0.02546038733932485,0.030614637308924768,0.12353683498994855,0.3272503603950255,0.26613630277350236,0.4995962886829436,0.21938209542551304,0.3034463534027422,0.315709744200549,0.20971414478922676,0.2415128246126234,0.018515911555234302,0.21819301205090977,0.15828988190220714,0.9045596584774043,0.29675094008242714,38.54901026358365
2025-08-26,average,"splits={""test"": 2}; folds={""WF2"": 1, ""WF3"": 1}","splits={""test"": 1}; folds={""WF2"": 1}",2,1,average,average,average,average,0.030288217859792247,0.026220228865638844,0.027440625563884862,0.08763562659049622,0.11192257894527843,0.10463649323884376,0.48461140409053777,0.21574815814570117,0.29640713192915213,0.37713312939545596,0.19980249721284543,0.2530016868676286,0.020331622063717837,0.44630653683053617,0.3185140624004907,0.8744804984466945,0.13207711880272863,34.503554837221934
2025-08-27,average,"splits={""test"": 2}; folds={""WF2"": 1, ""WF3"": 1}","splits={""test"": 1}; folds={""WF2"": 1}",2,1,average,average,average,average,0.02534289437978217,0.025293260481901312,0.025308150651265567,0.09394934560122724,0.10536258477674568,0.10193861302409014,0.4872016390734575,0.2397892152127632,0.31401294237097144,0.3736972004673528,0.1873222529469355,0.24323473720306069,0.01980892047818027,0.4422326865816545,0.3155055567506122,0.8682347625560899,0.1272467636753557,34.25080433740936
2025-08-28,average,"splits={""test"": 2}; folds={""WF2"": 1, ""WF3"": 1}","splits={""test"": 1}; folds={""WF2"": 1}",2,1,average,average,average,average,0.0448671840609608,0.023671524526273684,0.030030222386679815,0.10846784897643309,0.10365010844381872,0.10509543060360302,0.4638910055943765,0.22173354612967042,0.2943807839690822,0.3653361229505122,0.4372902128534253,0.4157039858825513,0.017437838417717528,0.21365460804681194,0.1547895771580836,0.8423560953902749,0.13512565299028284,33.76141544456253
2025-08-29,average,"splits={""test"": 2}; folds={""WF2"": 1, ""WF3"": 1}","splits={""test"": 1}; folds={""WF2"": 1}",2,1,average,average,average,average,0.03473149307735638,0.023285243366019844,0.026719118279420806,0.10855648286556938,0.32327324755953585,0.2588582181513459,0.4860837336553361,0.21834161606757052,0.2986642513439002,0.3465360294197405,0.22371378333788852,0.2605604571624441,0.024092260981997737,0.21138610966898533,0.15519795506288905,0.8991453810691048,0.2855773364307667,38.19018125534296
2025-09-01,average,"splits={""test"": 2}; folds={""WF2"": 1, ""WF3"": 1}","splits={""test"": 1}; folds={""WF2"": 1}",2,1,average,average,average,average,0.02249269992216879,0.024182448504137956,0.023675523929547203,0.11885643969225382,0.1132431566558445,0.1149271415667673,0.48549752758625725,0.18145464163269986,0.27266750741876705,0.35018039598995077,0.22523086149144603,0.26271572184099745,0.02297293680936941,0.4558888917158717,0.326014105243921,0.8749425971020083,0.1386026654963145,34.6456182374765
2025-09-02,average,"splits={""test"": 2}; folds={""WF2"": 1, ""WF3"": 1}","splits={""test"": 1}; folds={""WF2"": 1}",2,1,average,average,average,average,0.015591872373123702,0.02369403407333348,0.021263385563270544,0.11952129354603466,0.32493969209963297,0.2633141725335535,0.49923876071437284,0.18889861507089284,0.2820006587639368,0.34042473921466465,0.22200275385619822,0.2575293494637381,0.025223334151804173,0.24046490489994254,0.175892433675501,0.8979957517721633,0.28457755809682406,38.14144495624056
2025-09-03,average,"splits={""test"": 2}; folds={""WF2"": 1, ""WF3"": 1}","splits={""test"": 1}; folds={""WF2"": 1}",2,1,average,average,average,average,0.02253900544047148,0.0242179197851328,0.023714245481734404,0.10780232714508303,0.10201488830538934,0.10375111995729744,0.4950324158720812,0.1661993510317996,0.26484927048388407,0.3447000988769128,0.4549703523486558,0.42188927630713285,0.02992615266545157,0.2525974885290225,0.1857960877699512,0.8403515342627506,0.12746536543903184,33.5580956653494
2025-09-04,average,"splits={""test"": 2}; folds={""WF2"": 1, ""WF3"": 1}","splits={""test"": 1}; folds={""WF2"": 1}",2,1,average,average,average,average,0.021066158738359972,0.02346856437799525,0.022747842686104663,0.11579869588382259,0.10584438457809411,0.10883067796981266,0.5059352803414847,0.17913248409523772,0.2771733229691118,0.3368626644494785,0.4734665052055331,0.4324853529787167,0.02033720058685418,0.2180880617431398,0.1587628033962541,0.8312086485039023,0.13157852065591732,33.411786625715905
2025-09-05,average,"splits={""test"": 2}; folds={""WF2"": 1, ""WF3"": 1}","splits={""test"": 2}; folds={""WF2"": 1, ""WF3"": 1}",2,2,average,average,average,average,0.017929649080938553,0.02974392476637928,0.026199642060747066,0.12244095708275624,0.1446558935579475,0.13799141261539014,0.5048378047366073,0.20724381196153044,0.2965220097940536,0.32643533245749434,0.34217262601090614,0.33745143794488264,0.028356256642203585,0.2761837437032366,0.20183549758492672,0.8815282570851409,0.1641910546761372,35.32202752065126
2025-09-08,average,"splits={""test"": 2}; folds={""WF2"": 1, ""WF3"": 1}","splits={""test"": 2}; folds={""WF2"": 1, ""WF3"": 1}",2,2,average,average,average,average,0.020191354521838362,0.026155464894713792,0.02436623178285116,0.14688139851338095,0.14739307691680054,0.14723957339577465,0.509658942295868,0.24737404430652227,0.326059513703326,0.303503615340429,0.22941864027422557,0.2516441327940866,0.019764689328483798,0.3496587736077379,0.25069054832396165,0.8897673671874943,0.1716058051786258,35.67630028325987
2025-09-09,average,"splits={""test"": 2}; folds={""WF2"": 1, ""WF3"": 1}","splits={""test"": 2}; folds={""WF2"": 1, ""WF3"": 1}",2,2,average,average,average,average,0.015732640454318877,0.028531463386510372,0.024691816506852916,0.13608024901195132,0.15594417098625252,0.14998499439396212,0.5120748049448692,0.33113299212045677,0.38541553596778044,0.309600639735274,0.25694066408201377,0.2727386567779918,0.02651166585358649,0.22745070942476664,0.16716899635341256,0.8678749055788403,0.17467681090081505,35.190408857487306
2025-09-10,average,"splits={""test"": 2}; folds={""WF2"": 1, ""WF3"": 1}","splits={""test"": 2}; folds={""WF2"": 1, ""WF3"": 1}",2,2,average,average,average,average,0.015950183576461698,0.027580606813290557,0.024091479842241904,0.1826641162455885,0.2564924242993819,0.2343439318832439,0.48500147579287484,0.2726635211089921,0.33636490751415693,0.2931530512599789,0.2209562861240567,0.2426153156648334,0.023231173125096188,0.22230716165427855,0.16258436509552385,0.8917593854827335,0.2584354117254858,37.46269287157805
2025-09-11,average,"splits={""test"": 2}; folds={""WF2"": 1, ""WF3"": 1}","splits={""test"": 2}; folds={""WF2"": 1, ""WF3"": 1}",2,2,average,average,average,average,0.022367130970224393,0.025494184799231188,0.024556068650529148,0.16681145535290764,0.13814518253903468,0.14674506438319657,0.47002440242316534,0.27930557373959075,0.3365212223446631,0.32022298794485515,0.33013885068502913,0.3271640918629769,0.020574023308847507,0.22691620823711434,0.16501355275863427,0.8711039593472358,0.1713011330337257,35.20362164435541
2025-09-12,average,"splits={""test"": 2}; folds={""WF2"": 1, ""WF3"": 1}","splits={""test"": 2}; folds={""WF2"": 1, ""WF3"": 1}",2,2,average,average,average,average,0.02034329533395627,0.02539310450284488,0.023878161752178297,0.16441575067680442,0.13040676132321305,0.1406094581292905,0.4874917514075633,0.4140609017748085,0.43609015666463496,0.3075952180953224,0.22174237424596224,0.2474982274007703,0.020153984486353714,0.2083968581531712,0.15192399605312595,0.8442783328197132,0.1644876198814688,34.39671071812221
2025-09-15,average,"splits={""test"": 2}; folds={""WF2"": 1, ""WF3"": 1}","splits={""test"": 2}; folds={""WF2"": 1, ""WF3"": 1}",2,2,average,average,average,average,0.027168310695592966,0.029837394817086603,0.02903666958063851,0.1542707131812483,0.24580905448287038,0.21834755209238374,0.47268431101998765,0.3052633234650758,0.35548961973154936,0.330515218328285,0.222921774527248,0.2551998076675591,0.015361446774886071,0.1961684527077192,0.14192635092786926,0.8874647473744492,0.24738422167302226,37.13430311782167
2025-09-16,average,"splits={""test"": 2}; folds={""WF2"": 1, ""WF3"": 1}","splits={""test"": 2}; folds={""WF2"": 1, ""WF3"": 1}",2,2,average,average,average,average,0.025881403087785294,0.03037356248389491,0.029025914665062026,0.17043762896687792,0.13835444997193194,0.14797940367041576,0.4793841769328411,0.30739607917733563,0.3589925085039873,0.3083118916088949,0.3223552414974163,0.3181422365308599,0.015984899403600972,0.20152066686942116,0.1458599366296751,0.8688764567103764,0.17700531833547778,35.262017784468966
2025-09-17,average,"splits={""test"": 2}; folds={""WF2"": 1, ""WF3"": 1}","splits={""test"": 2}; folds={""WF2"": 1, ""WF3"": 1}",2,2,average,average,average,average,0.0332732102476711,0.03056294886383841,0.031376027278988215,0.16237435385755183,0.1449417363375624,0.15017152159355923,0.47578968324916165,0.42059377321033253,0.43715254622198124,0.3141296113836565,0.20804345787005574,0.23986930392413597,0.014433141261958955,0.19585808371821098,0.14143060098133536,0.8538081346821718,0.18154754887254745,34.97615434450525
2025-09-18,average,"splits={""test"": 2}; folds={""WF2"": 1, ""WF3"": 1}","splits={""test"": 2}; folds={""WF2"": 1, ""WF3"": 1}",2,2,average,average,average,average,0.017835482875858545,0.024927965762903948,0.022800220896790326,0.16603654894496064,0.13299864036893888,0.1429100129417454,0.4887166098674792,0.2821797604882384,0.3441408153020106,0.30984612056356586,0.3306504207977009,0.32440913072746036,0.01756523774813572,0.22924321258221791,0.16573982013199326,0.8664109564473854,0.16571023383853573,34.974478587955346
2025-09-19,average,"splits={""test"": 2}; folds={""WF2"": 1, ""WF3"": 1}","splits={""test"": 2}; folds={""WF2"": 1, ""WF3"": 1}",2,2,average,average,average,average,0.034357578991907715,0.1404388932897396,0.10861449900039002,0.14955296793102454,0.17312406861987154,0.16605273841321744,0.5000926346005995,0.2822901031651256,0.34763086259576775,0.30003477722103855,0.21737892234384176,0.2421756788070008,0.015962041255429688,0.18676801258142153,0.13552622118362395,0.9449625556568876,0.27466723741360743,39.11740863969434
2025-09-22,average,"splits={""test"": 2}; folds={""WF2"": 1, ""WF3"": 1}","splits={""test"": 2}; folds={""WF2"": 1, ""WF3"": 1}",2,2,average,average,average,average,0.024190092470436197,0.13535052625874772,0.10200239612225426,0.15377987990690045,0.15637059023176383,0.15559337713430482,0.5202342316437475,0.2962853290142584,0.3634699998031051,0.2886581245698314,0.17225649862163378,0.20717698640609306,0.01313767140908445,0.23973705587359623,0.17175724053424268,0.94374382107182,0.2575957732565591,38.74551099192668
2025-09-23,average,"splits={""test"": 2}; folds={""WF2"": 1, ""WF3"": 1}","splits={""test"": 2}; folds={""WF2"": 1, ""WF3"": 1}",2,2,average,average,average,average,0.032954972144025596,0.02768264818675573,0.029264345373936688,0.18021300778721305,0.1722700481423189,0.17465293603578713,0.5028968742077309,0.25596030666793973,0.33004127692987706,0.2726261333059363,0.17165327216859552,0.20194513050979773,0.011309012555094188,0.3724337248343902,0.2640963111506014,0.9001034492947625,0.20391728140972382,36.58093186056354
2025-09-24,average,"splits={""test"": 2}; folds={""WF2"": 1, ""WF3"": 1}","splits={""test"": 2}; folds={""WF2"": 1, ""WF3"": 1}",2,2,average,average,average,average,0.03782447349628928,0.026032261175889,0.02956992487200908,0.15802006388166154,0.25453577136388555,0.22558105911921833,0.4991437865808578,0.3033644676133974,0.3620982633036355,0.2934083977375249,0.17200547846618894,0.2084263542475897,0.011603278303666512,0.24406202138063915,0.17432439845754735,0.894238231241999,0.25515098399122743,37.45897546087453
2025-09-25,average,"splits={""test"": 2}; folds={""WF2"": 1, ""WF3"": 1}","splits={""test"": 2}; folds={""WF2"": 1, ""WF3"": 1}",2,2,average,average,average,average,0.025448208792096177,0.13717729495765926,0.10365856910799034,0.16918142881720916,0.1345178862313003,0.14491694900707297,0.5068051709006586,0.31888925174806226,0.37526402749384113,0.2866764333599381,0.18671262778222072,0.21670176945553596,0.01188875813009807,0.22270293928075732,0.15945868493555954,0.9362483220269785,0.24857551811506332,38.37771841297573
2025-09-26,average,"splits={""test"": 2}; folds={""WF2"": 1, ""WF3"": 1}","splits={""test"": 2}; folds={""WF2"": 1, ""WF3"": 1}",2,2,average,average,average,average,0.02346605958057518,0.027725421443964903,0.026447612884947982,0.16155160257156853,0.12630247325152466,0.1368772120475378,0.5117312837894072,0.312260321042574,0.37210160986662394,0.28910887951715897,0.19868616603876807,0.22581298008228534,0.014142174541290195,0.33502561822316834,0.23876058511860487,0.8786473131860277,0.1633248249324858,35.23267932830041
2025-09-30,average,"splits={""test"": 2}; folds={""WF2"": 1, ""WF3"": 1}","splits={""test"": 2}; folds={""WF2"": 1, ""WF3"": 1}",2,2,average,average,average,average,0.01930720279069617,0.02805479124509354,0.02543051470877433,0.12517110126166367,0.12411433949863711,0.12443136802754508,0.5096015214378821,0.3011047292781679,0.3636537669260821,0.328748307193476,0.21217545963807483,0.2471473139046952,0.017171867316282154,0.3345506803400267,0.23933703643290333,0.8749795098083841,0.1498618827363194,34.87172539993599
2025-10-01,average,"splits={""test"": 2}; folds={""WF2"": 1, ""WF3"": 1}","splits={""test"": 2}; folds={""WF2"": 1, ""WF3"": 1}",2,2,average,average,average,average,0.02100331709312496,0.023094421498785975,0.022467090177087673,0.12593777526585764,0.12800722797346784,0.1273863921611848,0.5058641529877015,0.32247601959358596,0.3774924596118207,0.33174908522428675,0.19799111482076467,0.23811850594182132,0.01544566942902904,0.32843121611339554,0.23453555210808563,0.8682068782747943,0.14985348233827248,34.7022416036353
2025-10-02,average,"splits={""test"": 2}; folds={""WF2"": 1, ""WF3"": 1}","splits={""test"": 2}; folds={""WF2"": 1, ""WF3"": 1}",2,2,average,average,average,average,0.021338756828608887,0.13267244684778762,0.099272339842034,0.12808729395763935,0.1345932282964957,0.13264144799483882,0.51804048592785,0.26863080851184673,0.34345371173664774,0.31782716653522375,0.17963370857996136,0.2210917459665401,0.014706296750677902,0.2844698077639085,0.20354075445993935,0.9456647698196605,0.23191378783687283,38.27989500222897
2025-10-03,average,"splits={""test"": 2}; folds={""WF2"": 1, ""WF3"": 1}","splits={""test"": 2}; folds={""WF2"": 1, ""WF3"": 1}",2,2,average,average,average,average,0.0438102826500736,0.0288927337083685,0.033367998390880026,0.13781186049235755,0.16823326634955732,0.15910684459239738,0.5043202744384926,0.36633371469594483,0.4077296826187091,0.30018582877726696,0.1671645487962685,0.207070932790568,0.013871753641809412,0.2693757364498609,0.19272454160744545,0.8792581629825984,0.1924748429832774,35.83095093423051
2025-10-07,average,"splits={""test"": 2}; folds={""WF2"": 1, ""WF3"": 1}","splits={""test"": 2}; folds={""WF2"": 1, ""WF3"": 1}",2,2,average,average,average,average,0.061582728719042044,0.02960505279837467,0.03919835557457488,0.14366945493968925,0.16075930909439484,0.15563235284798313,0.5010565493419732,0.34666592173424426,0.3929831100165629,0.28274827177719725,0.1767001245759331,0.2085145687363123,0.010942995222098443,0.28626959179705325,0.20367161282456678,0.8913149484666965,0.194830708422558,36.17948788011857
2025-10-08,average,"splits={""test"": 2}; folds={""WF2"": 1, ""WF3"": 1}","splits={""test"": 2}; folds={""WF2"": 1, ""WF3"": 1}",2,2,average,average,average,average,0.08073017564097076,0.03313093902450115,0.04741071000944203,0.14974036404202556,0.14340804424481032,0.1453077401839749,0.48275620660353485,0.353370020892338,0.39218587660569704,0.2762203161972715,0.20327521571569215,0.22515874586016596,0.010552937516197411,0.26681578012265844,0.18993692734072012,0.896664800547435,0.19271845019341693,36.270989017554214
2025-10-09,average,"splits={""test"": 2}; folds={""WF2"": 1, ""WF3"": 1}","splits={""test"": 2}; folds={""WF2"": 1, ""WF3"": 1}",2,2,average,average,average,average,0.07823304963439412,0.029855389393879148,0.04436868746603364,0.1457616888460701,0.2283631885333987,0.20358273862720014,0.48138471762902413,0.3519601886870834,0.39078754736966564,0.2831278250124757,0.18446459944759905,0.21406356711706206,0.011492718878035917,0.20535663393803974,0.1471974594200386,0.8956174000222216,0.24795142609323378,37.349463522420216
2025-10-13,average,"splits={""test"": 2}; folds={""WF2"": 1, ""WF3"": 1}","splits={""test"": 2}; folds={""WF2"": 1, ""WF3"": 1}",2,2,average,average,average,average,0.07638639140454603,0.02684090818616672,0.04170455315168052,0.13225913366956163,0.13222125142426994,0.13223261609785747,0.482292905862969,0.3349328971564821,0.3791408997684282,0.29819306055094297,0.18752442375089176,0.22072501479090714,0.010868508511980256,0.3184805194821895,0.22619691619112672,0.8931252101650989,0.173937169249538,35.80687363911823
2025-10-14,average,"splits={""test"": 2}; folds={""WF2"": 1, ""WF3"": 1}","splits={""test"": 2}; folds={""WF2"": 1, ""WF3"": 1}",2,2,average,average,average,average,0.04737036053782656,0.024545373091896062,0.03139286932567521,0.12343845924137235,0.11548915737651842,0.1178739479359746,0.5033792474239522,0.4376016778369665,0.45733494871306224,0.3092839004204121,0.1940396595829625,0.22861293183419734,0.016528032376436762,0.22832413211165647,0.16478530219109053,0.8406502291488928,0.1492668172616498,34.001592073955315
2025-10-15,average,"splits={""test"": 2}; folds={""WF2"": 1, ""WF3"": 1}","splits={""test"": 2}; folds={""WF2"": 1, ""WF3"": 1}",2,2,average,average,average,average,0.028379377031155666,0.02424040023235361,0.02548209327199423,0.10972535979234402,0.1273014029803813,0.12202859002397012,0.5116084232303028,0.31560513163009335,0.3744061191101562,0.331816703340375,0.33024304843280905,0.3307151449050788,0.01847013660582243,0.20261001672436274,0.14736805268880065,0.8488316704089528,0.14751068329596434,34.171005426143104
2025-10-16,average,"splits={""test"": 2}; folds={""WF2"": 1, ""WF3"": 1}","splits={""test"": 2}; folds={""WF2"": 1, ""WF3"": 1}",2,2,average,average,average,average,0.049172748453642626,0.023847164908465487,0.03144483997201863,0.11536159330626114,0.12294761524058724,0.12067180866028941,0.4882100647418557,0.32024536993297636,0.3706347783756402,0.33181465028494805,0.29424041366834675,0.30551268465332715,0.015440943213292441,0.23871943624962422,0.1717358883387247,0.8677969810010471,0.15211664863230803,34.73725749767234
2025-10-17,average,"splits={""test"": 2}; folds={""WF2"": 1, ""WF3"": 1}","splits={""test"": 2}; folds={""WF2"": 1, ""WF3"": 1}",2,2,average,average,average,average,0.06046661295246282,0.024265240617244756,0.035125652317810174,0.10909761095304152,0.12602773251228724,0.12094869604451353,0.481531524631743,0.30131912970190006,0.355382848180853,0.3349183271970778,0.31701002017840574,0.3223825122840074,0.01398592426567488,0.2313778769901621,0.16616029117281594,0.8723245733433906,0.1560743483623237,34.92960130083124
2025-10-20,average,"splits={""test"": 2}; folds={""WF2"": 1, ""WF3"": 1}","splits={""test"": 2}; folds={""WF2"": 1, ""WF3"": 1}",2,2,average,average,average,average,0.04689580597647438,0.025910236122672074,0.032205907078812775,0.10344888637197051,0.11851555728098395,0.11399555600827994,0.5004905064614042,0.3546792972286343,0.3984226599984653,0.329885367232596,0.30956793497214735,0.315663164650282,0.019279433957554725,0.19132697439556237,0.1397127122641601,0.8473809176637443,0.14620146308709273,34.108552203335464
2025-10-21,average,"splits={""test"": 2}; folds={""WF2"": 1, ""WF3"": 1}","splits={""test"": 2}; folds={""WF2"": 1, ""WF3"": 1}",2,2,average,average,average,average,0.07044065671440192,0.028183823839321425,0.04086087370184558,0.13471261146525218,0.11145669085119529,0.11843346703541237,0.47023103743326156,0.3514239878245307,0.38706610270715,0.31135358389576384,0.32125093078218014,0.31828172671625526,0.013262110491320492,0.18768456670277245,0.1353578298393369,0.8610322129412185,0.15929434073725796,34.71169213827562
2025-10-22,average,"splits={""test"": 2}; folds={""WF2"": 1, ""WF3"": 1}","splits={""test"": 2}; folds={""WF2"": 1, ""WF3"": 1}",2,2,average,average,average,average,0.05488232322021935,0.026121333871145347,0.034749630675867546,0.1382306020851675,0.11267643791800641,0.12034268716815473,0.4704618351436155,0.34721415277061907,0.38418845748251795,0.32285566263212323,0.21111415882613513,0.24463660996793157,0.013569576918874476,0.3028739166140941,0.21608261470552817,0.8789312971479017,0.15509231784402228,35.07512878557799
2025-10-23,average,"splits={""test"": 2}; folds={""WF2"": 1, ""WF3"": 1}","splits={""test"": 2}; folds={""WF2"": 1, ""WF3"": 1}",2,2,average,average,average,average,0.053982204501362645,0.028168220548588575,0.03591241573442079,0.13145384076807354,0.2215326346763708,0.1945089965038816,0.4811085833673553,0.34234436304003624,0.38397362913823196,0.31575000288987815,0.2108008278228997,0.2422855803429932,0.017705368473330454,0.19715395391210477,0.14331937828047248,0.8868706623090296,0.23042141223830237,36.780194802491785
2025-10-27,average,"splits={""test"": 2}; folds={""WF2"": 1, ""WF3"": 1}","splits={""test"": 2}; folds={""WF2"": 1, ""WF3"": 1}",2,2,average,average,average,average,0.042123885987764044,0.023402492745280307,0.029018910718025426,0.1463099551889649,0.11532223137540293,0.12461854851947152,0.4940948668791582,0.44244903887741216,0.4579427872779359,0.30107081933178004,0.22558927139999296,0.24823373577952906,0.016400472612332937,0.1932369656019116,0.14018601770503797,0.8333456032177079,0.15363745923749694,33.90638926519264
2025-10-28,average,"splits={""test"": 2}; folds={""WF2"": 1, ""WF3"": 1}","splits={""test"": 2}; folds={""WF2"": 1, ""WF3"": 1}",2,2,average,average,average,average,0.06021472990511096,0.02805698463848317,0.03770430821847151,0.1289355499141183,0.1581655752547218,0.14939656765254075,0.47725601848473564,0.29244739364539907,0.3478899810972001,0.31744201100857095,0.3299208793890074,0.3261772188748765,0.016151690687464186,0.19140916707238853,0.13883192415691123,0.8788715196142788,0.18710087587101226,35.71380550777721
2025-10-29,average,"splits={""test"": 2}; folds={""WF2"": 1, ""WF3"": 1}","splits={""test"": 2}; folds={""WF2"": 1, ""WF3"": 1}",2,2,average,average,average,average,0.03826636874960587,0.1380038721812955,0.10808262115178865,0.11790856134986258,0.15828957298229054,0.14617526949256218,0.4933090476852564,0.27906163790408783,0.3433358608384385,0.33533196866326803,0.22904088090105695,0.2609282072297204,0.015184053552007068,0.19560403603126905,0.14147804128749047,0.9418404349365327,0.25425789064435084,38.631168686300335
2025-10-30,average,"splits={""test"": 2}; folds={""WF2"": 1, ""WF3"": 1}","splits={""test"": 2}; folds={""WF2"": 1, ""WF3"": 1}",2,2,average,average,average,average,0.06881429687389555,0.030171474388658578,0.041764321134229676,0.12513744591381196,0.17154129604296134,0.15762014100421654,0.46243129081276785,0.29943600981354196,0.34833459411330975,0.32965423810550537,0.3370708075764876,0.33484583673519297,0.013962728294019379,0.16178041217835054,0.11743510701305121,0.8755085133653224,0.1993844621384462,35.875402076901985
2025-10-31,average,"splits={""test"": 2}; folds={""WF2"": 1, ""WF3"": 1}","splits={""test"": 2}; folds={""WF2"": 1, ""WF3"": 1}",2,2,average,average,average,average,0.06867186684929945,0.024471765687624207,0.03773179603612677,0.12256569813772764,0.11873912742669664,0.1198870986400059,0.45605780607141483,0.35051972776491375,0.3821811512568639,0.33743564654153624,0.20739189011476034,0.24640501704279305,0.015268982400021839,0.2988774890060052,0.21379493702421012,0.8826405354334267,0.1576188946761327,35.21839127935832
2025-11-03,average,"splits={""test"": 2}; folds={""WF2"": 1, ""WF3"": 1}","splits={""test"": 2}; folds={""WF2"": 1, ""WF3"": 1}",2,2,average,average,average,average,0.08971054600201495,0.024698860262236465,0.04420236598417,0.10972514809436175,0.13892199393632934,0.13016294018373906,0.4447029358508057,0.4473019394671584,0.4465222383822526,0.3398601825795931,0.2198914967679653,0.2558821025114536,0.0160011874732246,0.16918570956631057,0.12323035293838477,0.851268948954544,0.17436530616790907,34.76902984722179
2025-11-04,average,"splits={""test"": 2}; folds={""WF2"": 1, ""WF3"": 1}","splits={""test"": 2}; folds={""WF2"": 1, ""WF3"": 1}",2,2,average,average,average,average,0.06849783065662911,0.024212380177070652,0.03749801532093819,0.1320228325657517,0.13934599858958963,0.13714904878243825,0.4508741885903496,0.3255298562719003,0.36313315596743506,0.3317654373820311,0.33903811240758236,0.336856309899917,0.016839710805238498,0.17187365255385711,0.12536347002927153,0.8638415814836486,0.17464706410337644,35.08898081915874
2025-11-05,average,"splits={""test"": 2}; folds={""WF2"": 1, ""WF3"": 1}","splits={""test"": 2}; folds={""WF2"": 1, ""WF3"": 1}",2,2,average,average,average,average,0.038818780034600715,0.02241944415630353,0.027339244919792685,0.12253459337959677,0.10972507664458456,0.11356793166508822,0.48298793378156124,0.42598553621648916,0.44308625548601077,0.33596561135296626,0.2443332904379961,0.2718229867124871,0.019693081451275053,0.19753665254462666,0.14418358121662117,0.8322395280880839,0.1409071765848809,33.624131733899716
2025-11-06,average,"splits={""test"": 2}; folds={""WF2"": 1, ""WF3"": 1}","splits={""test"": 2}; folds={""WF2"": 1, ""WF3"": 1}",2,2,average,average,average,average,0.027349593532738366,0.026164688140873166,0.026520159758432728,0.10549936532766922,0.1079200422449775,0.10719383916978503,0.4699578769852737,0.322199420216902,0.3665269572474135,0.37466992220740136,0.3424930834172614,0.3521461350543034,0.022523241946917433,0.20122276597998584,0.14761290877006533,0.8409538348958585,0.13371399892821775,33.698125850960814
2025-11-07,average,"splits={""test"": 2}; folds={""WF2"": 1, ""WF3"": 1}","splits={""test"": 2}; folds={""WF2"": 1, ""WF3"": 1}",2,2,average,average,average,average,0.03179544247164692,0.02333559646128057,0.025873550264390473,0.09806361820286483,0.1147360675807638,0.1097343327673941,0.48721772789396856,0.2670624377058487,0.33310902476228466,0.36379835893967005,0.35661864735388615,0.35877256082962133,0.019124852491849684,0.23824725089822077,0.17251053137630945,0.8537980022845836,0.13560788303178456,34.057107717750284
2025-11-10,average,"splits={""test"": 2}; folds={""WF2"": 1, ""WF3"": 1}","splits={""test"": 2}; folds={""WF2"": 1, ""WF3"": 1}",2,2,average,average,average,average,0.022782181321720548,0.025285717717721194,0.024534656798921,0.10383179107827772,0.11502428241910195,0.11166653501685468,0.4727548596882679,0.2747955871579906,0.3341833689170738,0.37853537300512685,0.35600626126835766,0.3627649947893884,0.022095794906607,0.2288881514368287,0.16685044447776218,0.8504015947560826,0.13620119181577567,33.98406370521758
2025-11-11,average,"splits={""test"": 2}; folds={""WF2"": 1, ""WF3"": 1}","splits={""test"": 2}; folds={""WF2"": 1, ""WF3"": 1}",2,2,average,average,average,average,0.02785539840242119,0.024532989841121337,0.025529712409511296,0.10261549970273409,0.12080444616347444,0.11534776222525234,0.4911652915575543,0.2551105939940952,0.32592700326313295,0.36022890175602207,0.3841803630963957,0.37699492469428364,0.018134908581268393,0.21537160690491336,0.15620059740781989,0.8487011407875846,0.14087747463476363,34.035078012384886
2025-11-12,average,"splits={""test"": 2}; folds={""WF2"": 1, ""WF3"": 1}","splits={""test"": 2}; folds={""WF2"": 1, ""WF3"": 1}",2,2,average,average,average,average,0.020916459768047953,0.024583822794129767,0.02348361388630522,0.1257408384400433,0.12991045541235743,0.1286595703206632,0.48840980028018605,0.2535426835045439,0.32400281853723656,0.34765574943337146,0.2756209486029005,0.29723138885204176,0.01727715207835121,0.3163420896860685,0.22662260840375328,0.8786333581945438,0.1521431842069684,35.00869763900297
2025-11-13,average,"splits={""test"": 2}; folds={""WF2"": 1, ""WF3"": 1}","splits={""test"": 2}; folds={""WF2"": 1, ""WF3"": 1}",2,2,average,average,average,average,0.028896904157959973,0.024027516223572708,0.025488332603888886,0.13118427626840123,0.13804695141936538,0.13598814887407612,0.47221843697258875,0.25745880496354495,0.32188669456625807,0.3500885899009705,0.2827444356651866,0.30294768193592175,0.0176117927000796,0.2977222917283304,0.21368914201985517,0.8830905671745564,0.161476481477965,35.30679380892321
2025-11-14,average,"splits={""test"": 2}; folds={""WF2"": 1, ""WF3"": 1}","splits={""test"": 2}; folds={""WF2"": 1, ""WF3"": 1}",2,2,average,average,average,average,0.021511369402096338,0.023210853357347662,0.022701008170772263,0.10067657841870557,0.12575979268590085,0.11823482840574225,0.48257754869253083,0.3561514443417021,0.39407927564695067,0.3762232589596465,0.2788357429207565,0.3080519977324235,0.019011244527020906,0.21604216669429296,0.15693289004411135,0.8442059857826536,0.1409358365765145,33.923866376096626
2025-11-17,average,"splits={""test"": 2}; folds={""WF2"": 1, ""WF3"": 1}","splits={""test"": 2}; folds={""WF2"": 1, ""WF3"": 1}",2,2,average,average,average,average,0.023854287517259903,0.024902797966139822,0.024588244831475845,0.08441310861682155,0.13853817791348855,0.12230065712448844,0.4249326579427145,0.22072533396276406,0.2819875311567492,0.4371927486869468,0.3929687049511241,0.40623591807187087,0.029607197236257262,0.2228649852064835,0.16488764881541562,0.8501221227066753,0.1468889019559643,34.19083110678617
2025-11-18,average,"splits={""test"": 2}; folds={""WF2"": 1, ""WF3"": 1}","splits={""test"": 2}; folds={""WF2"": 1, ""WF3"": 1}",2,2,average,average,average,average,0.03009086713646654,0.019174377435714762,0.022449324345940297,0.07763814571602451,0.2527231853364151,0.2001976734502979,0.4419920858020917,0.16331987049837196,0.24692153508948786,0.41999827347068297,0.34822316655387275,0.3697556986289158,0.030280627874734317,0.21655940017562547,0.16067576848535814,0.8787235322558787,0.2226469977962382,36.421028262321734
2025-11-19,average,"splits={""test"": 2}; folds={""WF2"": 1, ""WF3"": 1}","splits={""test"": 2}; folds={""WF2"": 1, ""WF3"": 1}",2,2,average,average,average,average,0.023372595114183242,0.020814778143521832,0.021582123234720255,0.0611096897965608,0.24675136285072308,0.19105886093447438,0.40227442780577255,0.14778088973791426,0.22412895115827175,0.47195985482073866,0.2919486239613422,0.34595199321916115,0.041283432462744726,0.2927043453064987,0.2172780714533725,0.8904468982317113,0.21264098416919464,36.51399213917667
2025-11-20,average,"splits={""test"": 2}; folds={""WF2"": 1, ""WF3"": 1}","splits={""test"": 2}; folds={""WF2"": 1, ""WF3"": 1}",2,2,average,average,average,average,0.029320548335194912,0.024043667196193646,0.02562673153789403,0.058969815403727144,0.13852326392349928,0.11465722936756766,0.3860592234131802,0.14992462135674567,0.22076500197367607,0.4737399022023457,0.3732518067483191,0.4033982353845271,0.05191051064555198,0.3142566407752423,0.2355528017363352,0.859001437510801,0.1402839609054617,34.280715155879264
2025-11-21,average,"splits={""test"": 2}; folds={""WF2"": 1, ""WF3"": 1}","splits={""test"": 2}; folds={""WF2"": 1, ""WF3"": 1}",2,2,average,average,average,average,0.03346594045006668,0.02252338672372715,0.025806152841629012,0.07461238021663841,0.12946539760936315,0.11300949239154574,0.4056053660910314,0.16220447774951485,0.23522474425196985,0.456108961286681,0.44677990181082283,0.4495786196535803,0.030207351955582332,0.23902683610657205,0.17638099086127515,0.8367165952668464,0.13881564523317474,33.69422778633465
2025-11-24,average,"splits={""test"": 2}; folds={""WF2"": 1, ""WF3"": 1}","splits={""test"": 2}; folds={""WF2"": 1, ""WF3"": 1}",2,2,average,average,average,average,0.03058255281949289,0.023360160906928322,0.025526878480697693,0.07001619163747615,0.2557109808313863,0.20000254407321325,0.38320253084125244,0.1557059638760378,0.22395493396560218,0.457747622222507,0.25634015490218975,0.3167623950982849,0.058451102479271634,0.3088827394834579,0.23375324838220202,0.903754870576769,0.22552942255391095,37.10446021549744
2025-11-25,average,"splits={""test"": 2}; folds={""WF2"": 1, ""WF3"": 1}","splits={""test"": 2}; folds={""WF2"": 1, ""WF3"": 1}",2,2,average,average,average,average,0.04299541236188275,0.02663315842599487,0.03154183460676123,0.07035274529080009,0.1435276216281406,0.12157515872693844,0.37291038187858977,0.17236343823745764,0.23252752132979726,0.45323340476735435,0.34217713031536195,0.37549401265095966,0.06050805570137314,0.3152986513930449,0.23886147268554336,0.8787088037047971,0.15311699333369966,35.03005995929392
2025-11-26,average,"splits={""test"": 2}; folds={""WF2"": 1, ""WF3"": 1}","splits={""test"": 2}; folds={""WF2"": 1, ""WF3"": 1}",2,2,average,average,average,average,0.03433691004399741,0.02517329655009543,0.027922380598266024,0.08467922156642632,0.13225820564517604,0.11798451042155111,0.382633835997511,0.29399984137482627,0.3205900397616317,0.45667207993259534,0.27494477251573035,0.32946296474078984,0.04167795245946995,0.273623883914172,0.20404010447776136,0.8741448967589842,0.14590689101981713,34.77176023937095
2025-11-27,average,"splits={""test"": 2}; folds={""WF2"": 1, ""WF3"": 1}","splits={""test"": 2}; folds={""WF2"": 1, ""WF3"": 1}",2,2,average,average,average,average,0.038073351200588364,0.02651391291867406,0.029981744403248353,0.07945288146693158,0.14220834566989385,0.12338170640900517,0.3830137915695876,0.2442580225808902,0.28588475327749946,0.45969259035370946,0.3737078790608287,0.3995032924486929,0.03976738540918301,0.21331183976971324,0.16124850346155417,0.8587497000647875,0.15336345081225353,34.53601151786476
2025-11-28,average,"splits={""test"": 2}; folds={""WF2"": 1, ""WF3"": 1}","splits={""test"": 2}; folds={""WF2"": 1, ""WF3"": 1}",2,2,average,average,average,average,0.03649220608569584,0.025231048939619263,0.02860939608344224,0.06984150609746838,0.14250281252186148,0.12070442059454356,0.4080081744970664,0.36683008157493746,0.3791835094515762,0.4470617031961087,0.27467486317243106,0.3263909151795344,0.03859641012366071,0.1907611937911507,0.1451117586909037,0.851324173281,0.1493138166779858,34.26938066558471
2025-12-01,average,"splits={""test"": 2}; folds={""WF2"": 1, ""WF3"": 1}","splits={""test"": 2}; folds={""WF2"": 1, ""WF3"": 1}",2,2,average,average,average,average,0.041263217167363156,0.026063881392867715,0.030623682125216347,0.09035584278101923,0.13647764973828283,0.12264110765110375,0.38428465806110235,0.4016056708229929,0.39640936699442575,0.45319236252499295,0.26754017616733267,0.3232358320746308,0.0309039194655222,0.16831262187852392,0.1270900111546234,0.8438589032548598,0.1532647897763201,34.1617683768979
2025-12-02,average,"splits={""test"": 2}; folds={""WF2"": 1, ""WF3"": 1}","splits={""test"": 2}; folds={""WF2"": 1, ""WF3"": 1}",2,2,average,average,average,average,0.04309659497140351,0.026042433339606857,0.03115868182914585,0.07340588191405054,0.23585579995415784,0.18712082454212564,0.3789994618780079,0.26259817348391157,0.2975185600021405,0.44766893223175247,0.2910149085477076,0.3380111156529211,0.056829129004785615,0.1844886846746161,0.14619081797366695,0.888573345235549,0.2182795063712715,36.57992375831415
2025-12-03,average,"splits={""test"": 2}; folds={""WF2"": 1, ""WF3"": 1}","splits={""test"": 2}; folds={""WF2"": 1, ""WF3"": 1}",2,2,average,average,average,average,0.035961399723591345,0.027601756639731294,0.030109649564889304,0.0763870598110861,0.1276471500821488,0.11226912300082997,0.38239971018945695,0.36150964294644444,0.3677766631193482,0.467607547225219,0.26716775943059995,0.32729969576898565,0.037644283050646626,0.21607369090107545,0.1625448685459468,0.8572763975056419,0.1423787725657193,34.27948538895543
2025-12-04,average,"splits={""test"": 2}; folds={""WF2"": 1, ""WF3"": 1}","splits={""test"": 2}; folds={""WF2"": 1, ""WF3"": 1}",2,2,average,average,average,average,0.04926921934488908,0.025255421329482386,0.0324595607341044,0.08144311847988833,0.12835461175213725,0.11428116377046259,0.38860064314431864,0.3878344299789883,0.38806429392858743,0.44817206832616074,0.27052289107490934,0.3238176442502848,0.03251495070474329,0.18803264586448273,0.14137733731656094,0.8501067168905437,0.146740724504567,34.18748241235494
2025-12-05,average,"splits={""test"": 2}; folds={""WF2"": 1, ""WF3"": 1}","splits={""test"": 2}; folds={""WF2"": 1, ""WF3"": 1}",2,2,average,average,average,average,0.039125449987665706,0.029830209670892505,0.03261878176592447,0.08120397805217694,0.2493268425196976,0.19888998317944143,0.42246123522493007,0.2633383083073701,0.31107518638263815,0.4234584519386747,0.2939724754408655,0.3328182683902083,0.03375088479655251,0.16353216406117427,0.12459778028178774,0.8833860230154528,0.2315087649453659,36.71482587429364
2025-12-08,average,"splits={""test"": 2}; folds={""WF2"": 1, ""WF3"": 1}","splits={""test"": 2}; folds={""WF2"": 1, ""WF3"": 1}",2,2,average,average,average,average,0.03756245906139375,0.031274362617401824,0.0331607915505994,0.10079283877005972,0.2600758135640655,0.21229092112586376,0.47374475156043816,0.26834052496887895,0.3299617929463467,0.3640775109454195,0.27661231235741224,0.3028518719338144,0.02382243966268878,0.16369698649224151,0.12173462244337568,0.8859884458129895,0.24545171267646315,37.058745398854
2025-12-09,average,"splits={""test"": 2}; folds={""WF2"": 1, ""WF3"": 1}","splits={""test"": 2}; folds={""WF2"": 1, ""WF3"": 1}",2,2,average,average,average,average,0.049536087684500414,0.03126825950218436,0.036748607956879176,0.09035878775133174,0.15096775505949467,0.1327850648670458,0.4438823356003525,0.36098102232202645,0.3858514163055243,0.38979877739981184,0.2868056849127312,0.3177036126588554,0.026424011564003654,0.16997727820356343,0.1269112982116955,0.8594414304591428,0.16953367282392498,34.87670921795707
2025-12-10,average,"splits={""test"": 2}; folds={""WF2"": 1, ""WF3"": 1}","splits={""test"": 2}; folds={""WF2"": 1, ""WF3"": 1}",2,2,average,average,average,average,0.04143018252711995,0.028646906910078932,0.03248188959519123,0.0942497220509035,0.1394946973901905,0.12592120478840438,0.46239860375086334,0.3930086979813551,0.4138256697122075,0.38051288478452305,0.26493583161085804,0.29960894756295753,0.021408606886590322,0.1739138661075174,0.12816228834123927,0.8461199747373738,0.15840309438359562,34.321061256106255
2025-12-11,average,"splits={""test"": 2}; folds={""WF2"": 1, ""WF3"": 1}","splits={""test"": 2}; folds={""WF2"": 1, ""WF3"": 1}",2,2,average,average,average,average,0.03949320649265176,0.13626606334523347,0.10723420628945897,0.09046264075293872,0.15168751437543354,0.13332005228868513,0.46850543819628787,0.2567675427025105,0.32028891135064375,0.37953820085132534,0.28544808837614666,0.3136751221187003,0.022000513706796183,0.1698307912006759,0.125481707952512,0.930044492570318,0.2405542585781441,38.06219748582083
2025-12-12,average,"splits={""test"": 1}; folds={""WF3"": 1}","splits={""test"": 1}; folds={""WF3"": 1}",1,1,average,average,average,average,0.037975752598687344,0.028134808099334715,0.031087091449140503,0.12380241628288272,0.1542750093248607,0.14513323141226733,0.456347210124593,0.36941079584203557,0.39549172012680284,0.359779078117402,0.24532929637902667,0.2796642309005393,0.02209554287643498,0.20285009035474227,0.1486237261112501,0.8664875583347291,0.17622032286140785,35.186595415596386
2025-12-15,average,"splits={""test"": 1}; folds={""WF3"": 1}","splits={""test"": 1}; folds={""WF3"": 1}",1,1,average,average,average,average,0.04850724153052003,0.024934821648466925,0.03200654761308286,0.13612317750980538,0.16500247061646714,0.1563386826844686,0.43602739927831136,0.2742987835985129,0.32281736830245245,0.35703039236281653,0.3361390811434721,0.3424064745092754,0.022311789318546767,0.19962484299308098,0.1464309268907207,0.8783080513676311,0.18834523029755146,35.7246058901418
2025-12-16,average,"splits={""test"": 1}; folds={""WF3"": 1}","splits={""test"": 1}; folds={""WF3"": 1}",1,1,average,average,average,average,0.04835054211173107,0.026114673696788902,0.03278543422127155,0.13361409159364057,0.1923333357016698,0.17471756246926104,0.4075754350679899,0.2428825019566285,0.2922903818900369,0.3844482060466391,0.31211777294178344,0.3338169028732401,0.026011725179999466,0.2265517157031294,0.1663897185461904,0.8953688240345777,0.2075029966905326,36.53428053467509
2025-12-17,average,"splits={""test"": 1}; folds={""WF3"": 1}","splits={""test"": 1}; folds={""WF3"": 1}",1,1,average,average,average,average,0.07471982018489955,0.025048051472973117,0.03994958208655105,0.13533299815633426,0.1936599830624379,0.17616188759060683,0.38734317060829154,0.2922773990130547,0.3207971304916258,0.38038620241575205,0.26363335560487966,0.2986592096481414,0.022217808634722665,0.22538121084665474,0.16443219018307512,0.9052905933811098,0.21611146967715789,36.95449422807091
2025-12-18,average,"splits={""test"": 1}; folds={""WF3"": 1}","splits={""test"": 1}; folds={""WF3"": 1}",1,1,average,average,average,average,0.08968257724179744,0.021294482700706933,0.04181091106303409,0.14431672361297077,0.1647651889360295,0.1586306493391119,0.3907604551065163,0.22272863023874084,0.2731381776990735,0.35586975690276074,0.332363187723138,0.33941515847702486,0.0193704871359548,0.2588485104013847,0.18700510342175572,0.9068740858457498,0.20044156040214597,36.68068335418666
2025-12-19,average,"splits={""test"": 1}; folds={""WF3"": 1}","splits={""test"": 1}; folds={""WF3"": 1}",1,1,average,average,average,average,0.06210160592689201,0.03065925780021022,0.04009196223821476,0.12716980581635093,0.17486160627536806,0.16055406613766293,0.37885976273082134,0.19658977028886584,0.2512707680214525,0.40823861379765103,0.3253891091696038,0.350243960558018,0.023630211728284542,0.27250025646595205,0.1978392430446518,0.9057214575639709,0.2006460283758777,36.65595700661682
2025-12-22,average,"splits={""test"": 1}; folds={""WF3"": 1}","splits={""test"": 1}; folds={""WF3"": 1}",1,1,average,average,average,average,0.041300415769278453,0.029147825565491517,0.0327936026266276,0.16644683875226768,0.1930891949774692,0.18509648810990875,0.42601985900993233,0.19044665452353746,0.26111861586945595,0.3474088909102656,0.3678279820934103,0.3617022547384669,0.018823995558255775,0.21948834284009155,0.1592890386555408,0.891851642618614,0.21789009073653637,36.65409288019608
2025-12-23,average,"splits={""test"": 1}; folds={""WF3"": 1}","splits={""test"": 1}; folds={""WF3"": 1}",1,1,average,average,average,average,0.07092144867553198,0.030077146884187056,0.04233043742159053,0.19561017428103097,0.1940731726860072,0.19453427316451433,0.43103987123171134,0.21745910135205707,0.28153333231595334,0.28957188253474236,0.3573101659136891,0.336988680900005,0.012856623276983383,0.2010804131640595,0.14461327619793668,0.9042706441662988,0.23686471058610487,37.34406031587957
2025-12-24,average,"splits={""test"": 1}; folds={""WF3"": 1}","splits={""test"": 1}; folds={""WF3"": 1}",1,1,average,average,average,average,0.05880255566336528,0.03751549283482125,0.043901611683384474,0.2275169418802522,0.1927131894890617,0.20315431520641886,0.41923056268971687,0.28997694819425135,0.32875303254289107,0.28227190813771075,0.29869006604058435,0.2937646186697223,0.012178031628954733,0.18110430344128134,0.13042642189758338,0.9023399785565349,0.24705592688980332,37.49961800170944
2025-12-26,average,"splits={""test"": 1}; folds={""WF3"": 1}","splits={""test"": 1}; folds={""WF3"": 1}",1,1,average,average,average,average,0.070227564274316,0.038394985384998935,0.04794475905179406,0.19694166314289813,0.17342503139727325,0.18048002092096072,0.43704940362685485,0.3013930174883987,0.34208993332993554,0.28315572242170733,0.3130809399933179,0.3041033747218347,0.012625646534223703,0.1737060257360112,0.12538191197547494,0.8971732193569282,0.2284247799727548,36.9978260833783
2025-12-29,average,"splits={""test"": 1}; folds={""WF3"": 1}","splits={""test"": 1}; folds={""WF3"": 1}",1,1,average,average,average,average,0.0578121330494972,0.03443108679637298,0.04144540067231024,0.20673563050383692,0.16916468063719853,0.18043596559719002,0.44217779941812785,0.3097732540178498,0.34949461763793316,0.2800250866196131,0.30473079514408313,0.2973190825867421,0.013249350408925045,0.18190018340449554,0.13130493350582437,0.8919486663680372,0.22188136626950028,36.73634398459094
2025-12-30,average,"splits={""test"": 1}; folds={""WF3"": 1}","splits={""test"": 1}; folds={""WF3"": 1}",1,1,average,average,average,average,0.062274250878213235,0.03135771549805511,0.04063267611210255,0.16131144949464615,0.19151362982280076,0.18245297572435437,0.4524669900334685,0.25788805933495895,0.3162617385445118,0.3078238459576904,0.33649893376943835,0.32789640742591397,0.016123463635981782,0.18274166157474686,0.13275620219311732,0.8936786328215457,0.22308565183645693,36.80367885726778
2025-12-31,average,"splits={""test"": 1}; folds={""WF3"": 1}","splits={""test"": 1}; folds={""WF3"": 1}",1,1,average,average,average,average,0.04951203474930236,0.03080721402736749,0.03641866024394795,0.20039346554643875,0.18357128206975246,0.18861793711275832,0.44329986188510184,0.25032685372198876,0.30821875617092265,0.29175873021138615,0.3515679908512861,0.3336252126593161,0.015035907607770913,0.18372665932960516,0.13311943381305488,0.8901802068771368,0.22503659735670628,36.75523711906255
2026-01-02,average,"splits={""test"": 1}; folds={""WF3"": 1}","splits={""test"": 1}; folds={""WF3"": 1}",1,1,average,average,average,average,0.051654417893986025,0.03481884834513981,0.039869519209793675,0.18289167119535465,0.17077108331279048,0.1744072596775597,0.4365828095887832,0.21778957176855235,0.2834275431146216,0.31150791289755414,0.4026499262572525,0.375307322249343,0.017363188424321913,0.17397057031626478,0.12698835574868192,0.8824536497949418,0.2142767788873534,36.34687682262061
2026-01-05,average,"splits={""test"": 1}; folds={""WF3"": 1}","splits={""test"": 1}; folds={""WF3"": 1}",1,1,average,average,average,average,0.05942997326451245,0.03969302582909892,0.04561411005972298,0.16029098890837806,0.17104053784710216,0.16781567316548496,0.44684410721399237,0.22693427985415565,0.29290722806210673,0.31590308130372446,0.39637498534952526,0.37223341413578503,0.017531849309392705,0.165957171120118,0.12142957457690043,0.8847229662023101,0.21342978322520795,36.38666981956191
2026-01-06,average,"splits={""test"": 1}; folds={""WF3"": 1}","splits={""test"": 1}; folds={""WF3"": 1}",1,1,average,average,average,average,0.13023281101450496,0.040261618463436954,0.06725297622875735,0.14098337753833357,0.17185771133607794,0.16259541119675464,0.4313234518971755,0.24348668957026237,0.29983771826833633,0.28288447936206096,0.39119708846598666,0.35870330573480896,0.014575880187925156,0.15319689216423601,0.11161058857134276,0.9012737890594842,0.229848387425512,37.128812474997346
2026-01-07,average,"splits={""test"": 1}; folds={""WF3"": 1}","splits={""test"": 1}; folds={""WF3"": 1}",1,1,average,average,average,average,0.16790166060169032,0.046528614378734755,0.08294052824562144,0.14234493715290902,0.16425926609581498,0.15768496741294322,0.4166599175098847,0.2242719391169464,0.281988332634828,0.26175905502317043,0.4106914938089868,0.3660117621732419,0.011334429712345337,0.1542486865995171,0.11137440953336558,0.9115305740267907,0.24062549565856467,37.60077426384106
2026-01-08,average,"splits={""test"": 1}; folds={""WF3"": 1}","splits={""test"": 1}; folds={""WF3"": 1}",1,1,average,average,average,average,0.16900302814036341,0.04760324102953075,0.08402317716278054,0.14172520264980076,0.17135261293969048,0.16246438985272355,0.4063976119949944,0.2357158452840599,0.28692037529734027,0.26954374171193823,0.4006133614502063,0.36129247552872584,0.01333041550290324,0.14471493929651252,0.10529958215842973,0.9111388308226974,0.2464875670155041,37.708222110877514
2026-01-09,average,"splits={""test"": 1}; folds={""WF3"": 1}","splits={""test"": 1}; folds={""WF3"": 1}",1,1,average,average,average,average,0.18374729016399385,0.03390469590136619,0.0788574741801545,0.13995926677494094,0.16828933127086565,0.15979031192208826,0.3855581722224735,0.2395758996966677,0.28337058145440946,0.2767086143548751,0.3856072333538357,0.35293764765414753,0.01402665648371657,0.17262283977726484,0.12504398478920037,0.9184727922379143,0.23864778610224274,37.73477552799271
2026-01-12,average,"splits={""test"": 1}; folds={""WF3"": 1}","splits={""test"": 1}; folds={""WF3"": 1}",1,1,average,average,average,average,0.17399256429020846,0.033543203767965296,0.07567801192463824,0.13811167706949498,0.17523976626080895,0.16410133950341477,0.3995260587050224,0.2668314203785744,0.3066398118765088,0.2736030705208993,0.34851320499241123,0.32604016465095764,0.014766629414374918,0.17587240460024023,0.1275406720444806,0.9210952600793303,0.239779351428053,37.822968530544316
2026-01-13,average,"splits={""test"": 1}; folds={""WF3"": 1}","splits={""test"": 1}; folds={""WF3"": 1}",1,1,average,average,average,average,0.1838921870346689,0.03411725813600215,0.07904973680560218,0.12938080138527996,0.17519127068780221,0.16144812989704554,0.39780628842466664,0.24960413911320334,0.29406478390664237,0.2750692868070875,0.36417994211950744,0.33744674552578147,0.0138514363482969,0.1769073899434849,0.1279906038649285,0.922461442915896,0.24049786670264772,37.87149340695035
2026-01-14,average,"splits={""test"": 1}; folds={""WF3"": 1}","splits={""test"": 1}; folds={""WF3"": 1}",1,1,average,average,average,average,0.19974363525883249,0.043718149447734306,0.09052579519106377,0.13151677267418355,0.15248268612432514,0.14619291208928267,0.3834060451660793,0.26910575304157375,0.30339584067892544,0.2714298527652607,0.3725201079886894,0.34219303142166085,0.013903694135643803,0.1621733033976775,0.11769242061906739,0.9190838096171103,0.23671870728034644,37.711469386034686
2026-01-15,average,"splits={""test"": 1}; folds={""WF3"": 1}","splits={""test"": 1}; folds={""WF3"": 1}",1,1,average,average,average,average,0.10642640728546697,0.03577312216574535,0.056969107701661845,0.1327115491868761,0.16775713176547657,0.15724345699189646,0.45878314014498633,0.3058236787218989,0.35171151714882515,0.28723770735089543,0.3211599161831056,0.3109832535334426,0.014841196031775191,0.16948615116377347,0.123092664624174,0.8964208175268441,0.21421256469355832,36.69477173204227
2026-01-16,average,"splits={""test"": 1}; folds={""WF3"": 1}","splits={""test"": 1}; folds={""WF3"": 1}",1,1,average,average,average,average,0.06370489947055187,0.051212309030586274,0.05496008616257596,0.15158752670473252,0.15847569255518557,0.15640924280004967,0.4433372655709229,0.24984594124492482,0.30789333854272427,0.3236811371299779,0.3706652387076515,0.3565700082343494,0.017689171123814757,0.1698008184616519,0.12416732426030076,0.894139178991093,0.2113693289626256,36.58086605402984
2026-01-19,average,"splits={""test"": 1}; folds={""WF3"": 1}","splits={""test"": 1}; folds={""WF3"": 1}",1,1,average,average,average,average,0.16947078025218934,0.03978096075784973,0.0786879066061516,0.1331181483238269,0.18594365758702094,0.17009600480806272,0.40705431730645014,0.3156719653421716,0.3430866709314552,0.2758796925893838,0.2962453047883291,0.2901356211286455,0.01447706152814983,0.1623581115246286,0.11799379652568495,0.9193022986922471,0.24878391141421433,37.95823569559047
2026-01-20,average,"splits={""test"": 1}; folds={""WF3"": 1}","splits={""test"": 1}; folds={""WF3"": 1}",1,1,average,average,average,average,0.16866924389091678,0.045259721051965615,0.08228257790365096,0.13441655721213935,0.18239574031704614,0.1680019853855741,0.4139500808488189,0.29017372495199645,0.3273066317210432,0.27068002908091,0.32972007821456834,0.31200806347447085,0.012284088967214963,0.1524507354644234,0.11040074151526086,0.9179784970958194,0.25028456328922505,37.95515369317998
2026-01-21,average,"splits={""test"": 1}; folds={""WF3"": 1}","splits={""test"": 1}; folds={""WF3"": 1}",1,1,average,average,average,average,0.13145793461093863,0.04175706143925626,0.068667323390761,0.15772244448228992,0.14557237235867374,0.14921739399575865,0.4024058063431663,0.3200909231366795,0.3447853880986256,0.29595180001076965,0.31801188965181415,0.3113938627595009,0.012462014552835377,0.17456775341357633,0.1259360317553541,0.9066309533625915,0.21788471738651966,37.02346818179518
2026-01-22,average,"splits={""test"": 1}; folds={""WF3"": 1}","splits={""test"": 1}; folds={""WF3"": 1}",1,1,average,average,average,average,0.09029853305427787,0.03625119210640532,0.05246539439076709,0.16829639888858938,0.14554854419587362,0.15237290060368838,0.4299177802897731,0.30838047924792095,0.3448416695604766,0.2959786304067082,0.3157283154510261,0.30980340993773076,0.015508657360651308,0.19409146899877402,0.14051662550733723,0.8992299029325298,0.20483829499445547,36.57751347320235
2026-01-23,average,"splits={""test"": 1}; folds={""WF3"": 1}","splits={""test"": 1}; folds={""WF3"": 1}",1,1,average,average,average,average,0.13812252603211397,0.047876223462496856,0.07495011423338199,0.12606014155415424,0.15405545842497437,0.14565686336372835,0.4039486515783705,0.28979432675226124,0.32404062420009405,0.317269285756878,0.33896493651643833,0.33245624128857026,0.014599395078483119,0.1693090548438291,0.12289615691422533,0.9094564623796692,0.22060697759711034,37.14855111143393
2026-01-26,average,"splits={""test"": 1}; folds={""WF3"": 1}","splits={""test"": 1}; folds={""WF3"": 1}",1,1,average,average,average,average,0.12686912491851174,0.035109515760915685,0.06263739850819451,0.17347119314374806,0.15490053829046932,0.16047173474645296,0.38190798883736105,0.2975552685641248,0.3228610846460957,0.3048836597026984,0.32869338167553763,0.3215504650836859,0.012868033397680856,0.18374129570895253,0.13247931701557106,0.9101041379065697,0.22310913325464748,37.214786112757196
2026-01-27,average,"splits={""test"": 1}; folds={""WF3"": 1}","splits={""test"": 1}; folds={""WF3"": 1}",1,1,average,average,average,average,0.11601551355518562,0.03124683413865717,0.0566774379636157,0.15171513099082268,0.17697406328318174,0.16939638359547401,0.4064194780448658,0.26910412753673973,0.3102987326891775,0.3128496779657019,0.33573664603660586,0.3288705556153347,0.013000199443423916,0.18693832900481552,0.13475689013639805,0.9086364881121646,0.22607382155908973,37.23738863398591
2026-01-28,average,"splits={""test"": 1}; folds={""WF3"": 1}","splits={""test"": 1}; folds={""WF3"": 1}",1,1,average,average,average,average,0.12107643746605391,0.03230047883341328,0.058933266423205476,0.1736472825722915,0.17352329640783865,0.17356049225717454,0.3931006911613172,0.2799078937285692,0.31386573295839365,0.29913918785800186,0.3277414461594668,0.3191607686690274,0.013036400942335616,0.18652688487071203,0.13447973969219912,0.9126307269750128,0.23249375868038002,37.465643347982926
2026-01-29,average,"splits={""test"": 1}; folds={""WF3"": 1}","splits={""test"": 1}; folds={""WF3"": 1}",1,1,average,average,average,average,0.11459038323227559,0.030461872397314578,0.05570042564780288,0.1144660107787559,0.15627855633562637,0.14373479266856523,0.4293274178409974,0.27205997149850253,0.319240205401251,0.32629940103913857,0.3669153102128602,0.3547305374607437,0.015316787108832587,0.17428428955569636,0.12659403882163722,0.8906581561168408,0.19943521831636812,36.25515826924838
2026-01-30,average,"splits={""test"": 1}; folds={""WF3"": 1}","splits={""test"": 1}; folds={""WF3"": 1}",1,1,average,average,average,average,0.1299519121071467,0.024164292003676285,0.05590057803471742,0.11381926701675865,0.13730167282653047,0.13025695108359894,0.4225843974208829,0.2653470395711647,0.31251824692608016,0.31693383605058767,0.39659067973831474,0.3726936266319966,0.01671058740462411,0.17659631586031388,0.12863059732360696,0.8834486623867929,0.18615752911831637,35.80936714203615
2026-02-02,average,"splits={""test"": 1}; folds={""WF3"": 1}","splits={""test"": 1}; folds={""WF3"": 1}",1,1,average,average,average,average,0.14696396798837202,0.023079137055469545,0.06024458633534029,0.129226998186872,0.14963879963758564,0.14351525920237157,0.4021173893602143,0.2643894665514522,0.30570784339408086,0.301220633855929,0.3570714328190594,0.3403161931301203,0.020471010608612717,0.2058211639364332,0.1502161179380871,0.9082299787797262,0.20375984553771187,36.78094638024739
2026-02-03,average,"splits={""test"": 1}; folds={""WF3"": 1}","splits={""test"": 1}; folds={""WF3"": 1}",1,1,average,average,average,average,0.08062120567158375,0.015181297885718576,0.03481327022147813,0.12819137320712778,0.21014999093554254,0.18556240561701812,0.4287570729708173,0.22964813418684912,0.28938081582203956,0.3395400450294607,0.2987570070487975,0.31099191844299645,0.022890303121010442,0.24626356994309223,0.1792515898964677,0.9069295988850485,0.22037567583849624,37.080753488896136
2026-02-04,average,"splits={""test"": 1}; folds={""WF3"": 1}","splits={""test"": 1}; folds={""WF3"": 1}",1,1,average,average,average,average,0.09133752772976603,0.01354447977045455,0.03688239415824799,0.13497273034776008,0.19253463924406272,0.17526606657517194,0.429123387058688,0.23642286079763694,0.29423301867595225,0.3228394029585129,0.3280654917437267,0.3264976651081625,0.021726951905272917,0.22943252844411915,0.16712085548246527,0.9017648480664221,0.21214846073341992,36.78709041632895
2026-02-05,average,"splits={""test"": 1}; folds={""WF3"": 1}","splits={""test"": 1}; folds={""WF3"": 1}",1,1,average,average,average,average,0.072438289699503,0.01626854204331251,0.033119466340169657,0.14865610619341013,0.16283387995629492,0.15858054782742947,0.46112155439533015,0.23023449898809306,0.2995006156102642,0.2956044840127749,0.3260472006942249,0.31691438568978986,0.02217956569898188,0.2646158783180747,0.19188498453234684,0.8990234217075209,0.19170001416759913,36.309585826040006
2026-02-06,average,"splits={""test"": 1}; folds={""WF3"": 1}","splits={""test"": 1}; folds={""WF3"": 1}",1,1,average,average,average,average,0.08391402508032393,0.01821151007675366,0.037922264577824744,0.12909357788527814,0.1694246944913357,0.15732535950951843,0.4195078340413561,0.18382094442351773,0.25452701130886923,0.34120909727785825,0.37696415902534675,0.3662376405011002,0.02627546571518353,0.2515786919830461,0.18398772410268732,0.8963882519809043,0.19524762408734317,36.31465878126947
2026-02-09,average,"splits={""test"": 1}; folds={""WF3"": 1}","splits={""test"": 1}; folds={""WF3"": 1}",1,1,average,average,average,average,0.0799546972691524,0.017237826464930047,0.03605288770619676,0.1238064006086507,0.15367367117620637,0.14471349000593967,0.42513102297515115,0.2240390183086417,0.28436661970859456,0.35155613222078924,0.3443310520755956,0.3464985761191537,0.019551746926256584,0.2607184319746262,0.1883684264601153,0.8939857339140186,0.18076637771213644,35.96497090209319
2026-02-10,average,"splits={""test"": 1}; folds={""WF3"": 1}","splits={""test"": 1}; folds={""WF3"": 1}",1,1,average,average,average,average,0.144311063266385,0.02287809897281061,0.059307988260882925,0.1436767810878575,0.1993358686601885,0.18263814238848922,0.40903280514086593,0.2792679509117816,0.31819740718050693,0.2861983535267801,0.2908629738618127,0.28946358776130293,0.016780996978111463,0.2076551075934066,0.1503928744088181,0.9234366172294644,0.24194613064937215,37.92483804372405
2026-02-11,average,"splits={""test"": 1}; folds={""WF3"": 1}","splits={""test"": 1}; folds={""WF3"": 1}",1,1,average,average,average,average,0.17268482161726595,0.0213483983146564,0.06674932530543927,0.13247640565140317,0.16760523586125026,0.15706658679829613,0.3892243349095943,0.35561858514293254,0.3657003100729311,0.29132817299378255,0.2671149423114688,0.27437891151616295,0.014286264827954158,0.1883128383696921,0.13610486630717072,0.9106108636630185,0.22381591210373541,37.24158983365017
2026-02-23,average,"splits={""test"": 1}; folds={""WF3"": 1}","splits={""test"": 1}; folds={""WF3"": 1}",1,1,average,average,average,average,0.20937844109505657,0.025720601616468424,0.08081795346004488,0.12557870343420738,0.17044268711242788,0.15698349200896175,0.3682972187017118,0.38218804406042106,0.3780207964528083,0.2846769889433216,0.2546903418206632,0.26368633595746077,0.012068647825702711,0.16695832539001948,0.12049142212072445,0.9122375285763932,0.2378014454690066,37.561967123789955
2026-02-24,average,"splits={""test"": 1}; folds={""WF3"": 1}","splits={""test"": 1}; folds={""WF3"": 1}",1,1,average,average,average,average,0.21543727869919302,0.01571224328046955,0.07562975390608659,0.12866870920360665,0.21382211934080533,0.1882760962996457,0.364444214107921,0.3179103773452183,0.3318705283740291,0.27606021405746195,0.2540014833801553,0.2606191025833473,0.015389583931817493,0.19855377665335144,0.14360451883689127,0.9350239574986319,0.2639058502057323,38.653715941580444
2026-02-25,average,"splits={""test"": 1}; folds={""WF3"": 1}","splits={""test"": 1}; folds={""WF3"": 1}",1,1,average,average,average,average,0.165726548616618,0.015895988459428214,0.06084515650658517,0.1290062956287832,0.20989072965834926,0.18562539944947948,0.4119766102147053,0.33067457853358667,0.3550651880379223,0.2788212409975538,0.27067002594910083,0.27311539046363675,0.014469304542339566,0.172868677399535,0.12534886554237637,0.9104761129234143,0.24647055595606465,37.691313942206655
2026-02-26,average,"splits={""test"": 1}; folds={""WF3"": 1}","splits={""test"": 1}; folds={""WF3"": 1}",1,1,average,average,average,average,0.1618772083356946,0.018867658346421918,0.06177052334320373,0.15352357602112643,0.16598993886579744,0.16225003001239616,0.38502754967555575,0.45231314183648164,0.43212746418820386,0.28796083027861086,0.2097913834056109,0.2332422174675109,0.011610835689012285,0.15303787754568812,0.11060976498868538,0.8777537942868956,0.2240205533555999,36.42425592428439
2026-03-02,average,"splits={""test"": 1}; folds={""WF3"": 1}","splits={""test"": 1}; folds={""WF3"": 1}",1,1,average,average,average,average,0.10723616963256317,0.016079936234182184,0.04342680625369648,0.12193169603285291,0.16194679791941616,0.14994226735344718,0.4535240435652725,0.34708804814611016,0.3790188467718588,0.3009956560488247,0.29029784739351316,0.2935071899901066,0.016312434720486668,0.18458737030677835,0.13410488963089084,0.8808515369504265,0.19336907360714367,35.88866989590353
2026-03-03,average,"splits={""test"": 1}; folds={""WF3"": 1}","splits={""test"": 1}; folds={""WF3"": 1}",1,1,average,average,average,average,0.10540749052392556,0.01617829499684893,0.04294705365497192,0.11641171893810148,0.18366654386564252,0.16349009638738024,0.44895029778970863,0.303413021455218,0.34707420435556524,0.30910779549751727,0.278484904425167,0.2876717717468721,0.020122697250746932,0.2182572352571235,0.15881687385521057,0.9004341740450288,0.20643715004235216,36.63959735197276
2026-03-04,average,"splits={""test"": 1}; folds={""WF3"": 1}","splits={""test"": 1}; folds={""WF3"": 1}",1,1,average,average,average,average,0.06865214942281422,0.012176608116538723,0.02911927050842137,0.12689615138859617,0.20156136300095415,0.17916179951724673,0.44629288752414537,0.2878529410152622,0.33538492496792716,0.3315611618168212,0.21541524475791657,0.25025901987558796,0.02659764984762305,0.28299384310932835,0.20607498513081676,0.9006938850936187,0.2082810700256681,36.68296852785383
2026-03-05,average,"splits={""test"": 1}; folds={""WF3"": 1}","splits={""test"": 1}; folds={""WF3"": 1}",1,1,average,average,average,average,0.0738597970668616,0.009156549207857962,0.028567523565559062,0.11625240734381781,0.22520787868961906,0.19252123728587872,0.38111764430924916,0.25941795264512757,0.2959278601443641,0.388650563988267,0.16678737498708146,0.23334633168743715,0.04011958729180433,0.33943024447031384,0.24963704731676098,0.9103172287595939,0.22108876085143778,37.17970593601861
2026-03-06,average,"splits={""test"": 1}; folds={""WF3"": 1}","splits={""test"": 1}; folds={""WF3"": 1}",1,1,average,average,average,average,0.06587586338095523,0.008596112233146866,0.025780037577489378,0.12314240677353121,0.23850433338677693,0.20389575540280325,0.4127696714080299,0.21156409434655465,0.27192576746499725,0.3715168396801956,0.210020041415822,0.25846908089513415,0.02669521875728807,0.3313154186176995,0.23992935865957604,0.9101446818011387,0.22967579298029261,37.34713290463432
2026-03-09,average,"splits={""test"": 1}; folds={""WF3"": 1}","splits={""test"": 1}; folds={""WF3"": 1}",1,1,average,average,average,average,0.07231270277836278,0.010685997844798026,0.029174009324867446,0.13045220459782084,0.24899186697213077,0.21342996825983776,0.4301135308963137,0.15892325626415868,0.24028033865380516,0.33887298632314666,0.24719545926542977,0.2746987173827448,0.028248575404356154,0.3342034196534828,0.24241696637874482,0.9157448468832993,0.2426039775847052,37.74570072377658
2026-03-10,average,"splits={""test"": 1}; folds={""WF3"": 1}","splits={""test"": 1}; folds={""WF3"": 1}",1,1,average,average,average,average,0.049738224644793716,0.011175170648109162,0.022744086847114528,0.10052477540072591,0.2395015209615782,0.1978084972933225,0.36205296574775414,0.19948087531573855,0.2482525024453432,0.4315149893471704,0.21123788582381073,0.2773210168808186,0.056169044859555844,0.33860454725076344,0.25387389653340114,0.9047941079819409,0.22055258414043705,37.030904382357264
2026-03-11,average,"splits={""test"": 1}; folds={""WF3"": 1}","splits={""test"": 1}; folds={""WF3"": 1}",1,1,average,average,average,average,0.05273404778726778,0.011930562210089158,0.024171607883242744,0.12424944063600916,0.25521140162052675,0.2159228133251715,0.42514336397752456,0.12704123112216717,0.2164718709787744,0.364497370993215,0.3163908544611021,0.330822809420736,0.03337577660598358,0.28942595058611476,0.21261089839207542,0.8992897441132,0.24009442120841423,37.28413202699828
2026-03-12,average,"splits={""test"": 1}; folds={""WF3"": 1}","splits={""test"": 1}; folds={""WF3"": 1}",1,1,average,average,average,average,0.08106415513624252,0.014247045569490505,0.03429217843951612,0.15970836425601764,0.27565468434630497,0.2408707883192188,0.41093258606708116,0.14680573100478347,0.2260437875234728,0.3286693203472419,0.3097613077336902,0.31543371151775573,0.019625574193416838,0.2535312313457308,0.18335953420003664,0.9131491346969176,0.2751629667587349,38.33198770259764
2026-03-13,average,"splits={""test"": 1}; folds={""WF3"": 1}","splits={""test"": 1}; folds={""WF3"": 1}",1,1,average,average,average,average,0.06931155649320897,0.015229612572013692,0.03145419574837228,0.14136801115651246,0.24135039466841443,0.2113556796148439,0.41032633346601605,0.14435135483643394,0.2241438484253086,0.35509553217234746,0.3180131138680221,0.32913783935931973,0.023898566711914992,0.28105552405511575,0.20390843685215557,0.9086986272332964,0.24280987536321616,37.57366318809674
2026-03-16,average,"splits={""test"": 1}; folds={""WF3"": 1}","splits={""test"": 1}; folds={""WF3"": 1}",1,1,average,average,average,average,0.06860217438251266,0.014193119768256192,0.03051583615253313,0.16259500376186534,0.2310857254498709,0.21053850894346923,0.40034500813514445,0.15356599799867526,0.22759970103961602,0.3389912976118109,0.314419221533968,0.32179084435732086,0.029466516108666574,0.28673593524922963,0.20955510950706072,0.9094839164806559,0.24105434509600238,37.55818481393644
2026-03-17,average,"splits={""test"": 1}; folds={""WF3"": 1}","splits={""test"": 1}; folds={""WF3"": 1}",1,1,average,average,average,average,0.08346842951603793,0.014448268582331295,0.03515431686244328,0.17252760406043258,0.23915119164324694,0.21916411536840263,0.37320417030931785,0.17669068270751298,0.23564472898805444,0.33692100753101556,0.31370183841523946,0.3206675891499723,0.033878788583196144,0.2560080186516693,0.1893692496311273,0.9138682025715985,0.25431843223084594,37.93307370890688
2026-03-18,average,"splits={""test"": 1}; folds={""WF3"": 1}","splits={""test"": 1}; folds={""WF3"": 1}",1,1,average,average,average,average,0.045317292945206186,0.019221072036575797,0.02704993830916491,0.176197121343696,0.27208034568528106,0.24331537838280554,0.40178385942940165,0.14932969424833836,0.22506594380265732,0.3531021936468378,0.33577316417441305,0.34097187301614046,0.02359953263485847,0.22359572385539175,0.16359686648923177,0.8948752826125581,0.27036531669197045,37.77918839915336
2026-03-19,average,"splits={""test"": 1}; folds={""WF3"": 1}","splits={""test"": 1}; folds={""WF3"": 1}",1,1,average,average,average,average,0.12250778755834685,0.020576537006609132,0.05115591217213044,0.14940813886109336,0.27552407671211276,0.23768929535680694,0.38274687397656265,0.1527124941215748,0.22172280807807115,0.3260657262706881,0.3209811883442117,0.3225065497221546,0.01927147333330907,0.23020570381549169,0.1669254346708369,0.9266384954266642,0.2888452075289374,38.94286653624535
2026-03-20,average,"splits={""test"": 1}; folds={""WF3"": 1}","splits={""test"": 1}; folds={""WF3"": 1}",1,1,average,average,average,average,0.0415598698571893,0.018699196658346427,0.025557398617999286,0.13272089353415398,0.24927845272566623,0.21431118496821253,0.39674643962998163,0.17527462216142495,0.24171616740199195,0.3953228127899772,0.27267182234773785,0.30946711948040967,0.033649984188697885,0.28407590610682465,0.2089481295313866,0.9053951240863458,0.23986858358621183,37.43224977388288
2026-03-23,average,"splits={""test"": 1}; folds={""WF3"": 1}","splits={""test"": 1}; folds={""WF3"": 1}",1,1,average,average,average,average,0.04948257798300211,0.016642749049013653,0.02649469772921019,0.12394661021658802,0.2745156678352339,0.2293449505496401,0.3853669041888351,0.14878856988516942,0.21976207017626911,0.40402275295839674,0.28607580123091897,0.32145988674916226,0.03718115465317808,0.27397721199966407,0.20293839479571826,0.9042758463111398,0.2558396482788503,37.7236891233555
2026-03-24,average,"splits={""test"": 1}; folds={""WF3"": 1}","splits={""test"": 1}; folds={""WF3"": 1}",1,1,average,average,average,average,0.028362364467809344,0.011739975643471167,0.01672669229077262,0.10054956451414884,0.2430942490949586,0.20033084372071566,0.38892742617946247,0.14109054994486617,0.21544161281524504,0.4176417027550684,0.23296555328172047,0.28836839812372483,0.06451894208351096,0.3711096720349836,0.27913245304954176,0.8922454665719671,0.21705753601148828,36.647287384528944
2026-03-25,average,"splits={""test"": 1}; folds={""WF3"": 1}","splits={""test"": 1}; folds={""WF3"": 1}",1,1,average,average,average,average,0.04179768285628559,0.013575654802850898,0.022042263218881305,0.1041542359538491,0.24110371835778338,0.20001887363660312,0.38716319452803605,0.1273990365478903,0.20532828394193403,0.419192868766255,0.20981184117683804,0.2726261494536631,0.04769201789557434,0.4081097491146373,0.2999844297489185,0.8987973567946809,0.22206113685548443,36.91115665697671
